dataset,task_type,outer_fold,inner_fold,outer_split_type,inner_split_type,candidate_order,candidate,family,inner_utility,inner_roc_auc,inner_pr_auc,inner_brier,minority_label,minority_threshold,minority_recall,majority_recall,balanced_recall,minority_constraint_feasible,minority_recall_target,fit_seconds
bbbp,classification,1,1,stratified_scaffold_group,stratified_scaffold_group,1,logreg_l2_c0.1,linear,0.8278087294784731,0.8278087294784731,0.952476582223552,0.1382375509121377,0.0,0.651472441761487,0.8017241379310345,0.6692160611854685,0.7354700995582515,1.0,0.8,0.004220200004056
bbbp,classification,1,2,stratified_scaffold_group,stratified_scaffold_group,1,logreg_l2_c0.1,linear,0.8722192078133478,0.8722192078133478,0.9454805973510166,0.1327807809878067,0.0,0.5616265637335202,0.8,0.8213058419243986,0.8106529209621993,1.0,0.8,0.0047532999888062
bbbp,classification,1,3,stratified_scaffold_group,stratified_scaffold_group,1,logreg_l2_c0.1,linear,0.7911318332829961,0.7911318332829961,0.9241483627553776,0.1446836039837959,0.0,0.7725195683860036,0.8181818181818181,0.574750830564784,0.6964663243733011,1.0,0.8,0.005112899991218
bbbp,classification,1,1,stratified_scaffold_group,stratified_scaffold_group,2,logreg_l2_c1,linear,0.801369750115382,0.801369750115382,0.9440930335988204,0.1365922748310125,0.0,0.8663088729060384,0.8017241379310345,0.627151051625239,0.7144375947781367,1.0,0.8,0.0052261000382713
bbbp,classification,1,2,stratified_scaffold_group,stratified_scaffold_group,2,logreg_l2_c1,linear,0.8427382890215229,0.8427382890215229,0.9300127320172872,0.1419205952573835,0.0,0.7617422586140697,0.8,0.738831615120275,0.7694158075601375,1.0,0.8,0.007758299994748
bbbp,classification,1,3,stratified_scaffold_group,stratified_scaffold_group,2,logreg_l2_c1,linear,0.7892441860465118,0.7892441860465118,0.9223210826266292,0.1506200678490663,0.0,0.9471944695712388,0.8295454545454546,0.5514950166112956,0.690520235578375,1.0,0.8,0.0073269999702461
bbbp,classification,1,1,stratified_scaffold_group,stratified_scaffold_group,3,logreg_l2_c10,linear,0.7700187907958067,0.7700187907958067,0.9343213544933529,0.1617130158285345,0.0,0.9802034265586468,0.8103448275862069,0.5869980879541109,0.6986714577701589,1.0,0.8,0.0085289999842643
bbbp,classification,1,2,stratified_scaffold_group,stratified_scaffold_group,3,logreg_l2_c10,linear,0.8139084825465727,0.8139084825465727,0.9139544212296692,0.1656127945979809,0.0,0.971152080822982,0.8,0.6529209621993127,0.7264604810996564,1.0,0.8,0.0121293000411242
bbbp,classification,1,3,stratified_scaffold_group,stratified_scaffold_group,3,logreg_l2_c10,linear,0.7638742071881607,0.7638742071881607,0.9104737738134194,0.1773741144387935,0.0,0.9979613192319402,0.8068181818181819,0.4950166112956811,0.6509173965569315,1.0,0.8,0.0126507999957539
bbbp,classification,1,1,stratified_scaffold_group,stratified_scaffold_group,4,logreg_l1_c1,linear,0.7992104569130349,0.7992104569130349,0.9361435631840388,0.131786992064026,0.0,0.8580881883585925,0.8017241379310345,0.6195028680688337,0.7106135029999341,1.0,0.8,0.0098618000047281
bbbp,classification,1,2,stratified_scaffold_group,stratified_scaffold_group,4,logreg_l1_c1,linear,0.8322481461385421,0.8322481461385421,0.9184584232584834,0.1464197707584131,0.0,0.7217956095047805,0.8,0.7422680412371134,0.7711340206185567,1.0,0.8,0.0187380000133998
bbbp,classification,1,3,stratified_scaffold_group,stratified_scaffold_group,4,logreg_l1_c1,linear,0.7897727272727272,0.7897727272727272,0.9231077198634704,0.1540091816040775,0.0,0.9343596444872652,0.8181818181818181,0.5481727574750831,0.6831772878284506,1.0,0.8,0.0154331999947316
bbbp,classification,1,1,stratified_scaffold_group,stratified_scaffold_group,5,rf_60_sqrt,bagging,0.7894936375024725,0.7894936375024725,0.9286755477650364,0.1152822566173981,0.0,0.8021760272307319,0.8017241379310345,0.638623326959847,0.7201737324454407,1.0,0.8,0.1226628000149503
bbbp,classification,1,2,stratified_scaffold_group,stratified_scaffold_group,5,rf_60_sqrt,bagging,0.8752396455055163,0.8752396455055163,0.9455040073691277,0.1154207849461523,0.0,0.7833333333333333,0.8315789473684211,0.8281786941580757,0.8298788207632484,1.0,0.8,0.1072133000125177
bbbp,classification,1,3,stratified_scaffold_group,stratified_scaffold_group,5,rf_60_sqrt,bagging,0.825128360012081,0.825128360012081,0.9292145768046184,0.1243648703386022,0.0,0.8343533487297922,0.8295454545454546,0.6378737541528239,0.7337096043491392,1.0,0.8,0.1058678000117652
bbbp,classification,1,1,stratified_scaffold_group,stratified_scaffold_group,6,rf_90_d12,bagging,0.8283691567218303,0.8283691567218303,0.954371105104522,0.1198920374974374,0.0,0.7257626819118965,0.8017241379310345,0.6883365200764818,0.7450303290037581,1.0,0.8,0.1812612000503577
bbbp,classification,1,2,stratified_scaffold_group,stratified_scaffold_group,6,rf_90_d12,bagging,0.8845903418339662,0.8845903418339662,0.95287988192544,0.1295815052155529,0.0,0.6494172307488613,0.8105263157894737,0.8316151202749141,0.8210707180321939,1.0,0.8,0.1995198000222444
bbbp,classification,1,3,stratified_scaffold_group,stratified_scaffold_group,6,rf_90_d12,bagging,0.8084604349139233,0.8084604349139233,0.9234623598770952,0.1306745745758722,0.0,0.7689059929600508,0.8068181818181819,0.5714285714285714,0.6891233766233766,1.0,0.8,0.2072047999827191
bbbp,classification,1,1,stratified_scaffold_group,stratified_scaffold_group,7,rf_90_leaf2,bagging,0.8095289114524956,0.8095289114524956,0.9455503747459308,0.1193011998662713,0.0,0.7525827428980809,0.8017241379310345,0.6042065009560229,0.7029653194435287,1.0,0.8,0.2129121999605558
bbbp,classification,1,2,stratified_scaffold_group,stratified_scaffold_group,7,rf_90_leaf2,bagging,0.8845179960209804,0.8845179960209804,0.9500901431913668,0.1154676316735418,0.0,0.6695536234859708,0.8105263157894737,0.8591065292096219,0.8348164224995478,1.0,0.8,0.1989280999987386
bbbp,classification,1,3,stratified_scaffold_group,stratified_scaffold_group,7,rf_90_leaf2,bagging,0.827412413168227,0.827412413168227,0.9348068912998004,0.1235252573664167,0.0,0.7794813070782199,0.8295454545454546,0.654485049833887,0.7420152521896708,1.0,0.8,0.2062219000072218
bbbp,classification,1,1,stratified_scaffold_group,stratified_scaffold_group,8,rf_120_d20_leaf2,bagging,0.8061333816839191,0.8061333816839191,0.9452008166496928,0.118755908926886,0.0,0.76050369783324,0.8103448275862069,0.5869980879541109,0.6986714577701589,1.0,0.8,0.2568037000019103
bbbp,classification,1,2,stratified_scaffold_group,stratified_scaffold_group,8,rf_120_d20_leaf2,bagging,0.8804304575872671,0.8804304575872671,0.9466526644198412,0.1191040351752271,0.0,0.6821535510458924,0.8,0.8350515463917526,0.8175257731958763,1.0,0.8,0.1979287000140175
bbbp,classification,1,3,stratified_scaffold_group,stratified_scaffold_group,8,rf_120_d20_leaf2,bagging,0.8217117185140441,0.8217117185140441,0.9329258381767072,0.1260685666236187,0.0,0.7527939489401914,0.8068181818181819,0.7009966777408638,0.7539074297795229,1.0,0.8,0.2322835000231862
bbbp,classification,1,1,stratified_scaffold_group,stratified_scaffold_group,9,et_60_sqrt,bagging,0.8338745302301048,0.8338745302301048,0.945564955921702,0.1062169766329035,0.0,0.8187526881720429,0.8103448275862069,0.6500956022944551,0.730220214940331,1.0,0.8,0.0853820999618619
bbbp,classification,1,2,stratified_scaffold_group,stratified_scaffold_group,9,et_60_sqrt,bagging,0.8657623440043406,0.8657623440043406,0.9378535571117126,0.1153495902911374,0.0,0.7666666666666667,0.8,0.8178694158075601,0.8089347079037801,1.0,0.8,0.0748351000365801
bbbp,classification,1,3,stratified_scaffold_group,stratified_scaffold_group,9,et_60_sqrt,bagging,0.848063273935367,0.848063273935367,0.9392728356124648,0.1193088098272593,0.0,0.8235284552845528,0.8068181818181819,0.7275747508305648,0.7671964663243733,1.0,0.8,0.0807739000301808
bbbp,classification,1,1,stratified_scaffold_group,stratified_scaffold_group,10,et_90_d12,bagging,0.8363552449396716,0.8363552449396716,0.9509728302871132,0.1207355287913055,0.0,0.7128371127576452,0.8017241379310345,0.7036328871892925,0.7526785125601635,1.0,0.8,0.1103539000032469
bbbp,classification,1,2,stratified_scaffold_group,stratified_scaffold_group,10,et_90_d12,bagging,0.8688189546030023,0.8688189546030023,0.9443603481610156,0.1362069884328731,0.0,0.6254290813929096,0.8,0.8178694158075601,0.8089347079037801,1.0,0.8,0.1114488000166602
bbbp,classification,1,3,stratified_scaffold_group,stratified_scaffold_group,10,et_90_d12,bagging,0.8166528239202658,0.8166528239202658,0.9284106570462782,0.1312352371238197,0.0,0.7393690828952574,0.8068181818181819,0.627906976744186,0.717362579281184,1.0,0.8,0.0913534000283107
bbbp,classification,1,1,stratified_scaffold_group,stratified_scaffold_group,11,et_90_leaf2,bagging,0.830924045625371,0.830924045625371,0.948231852277515,0.1123065105538,0.0,0.7350583031199137,0.8017241379310345,0.7074569789674953,0.7545905584492649,1.0,0.8,0.0977856999961659
bbbp,classification,1,2,stratified_scaffold_group,stratified_scaffold_group,11,et_90_leaf2,bagging,0.8710616748055706,0.8710616748055706,0.940335381625128,0.1148283336530801,0.0,0.6840107664254295,0.8,0.8625429553264605,0.8312714776632303,1.0,0.8,0.1039133000303991
bbbp,classification,1,3,stratified_scaffold_group,stratified_scaffold_group,11,et_90_leaf2,bagging,0.8325468136514648,0.8325468136514648,0.936322071454375,0.1205979418973832,0.0,0.7715891044589331,0.8068181818181819,0.6843853820598007,0.7456017819389913,1.0,0.8,0.1053206999786198
bbbp,classification,1,1,stratified_scaffold_group,stratified_scaffold_group,12,et_120_d20_leaf2,bagging,0.8319624843410035,0.8319624843410035,0.9525773725825044,0.1130884912528102,0.0,0.7449525752573342,0.8017241379310345,0.6615678776290631,0.7316460077800488,1.0,0.8,0.1201001000008545
bbbp,classification,1,2,stratified_scaffold_group,stratified_scaffold_group,12,et_120_d20_leaf2,bagging,0.8857117019352504,0.8857117019352504,0.951707936285072,0.1181027896661005,0.0,0.6359032857646205,0.8105263157894737,0.8865979381443299,0.8485621269669017,1.0,0.8,0.1220198000082746
bbbp,classification,1,3,stratified_scaffold_group,stratified_scaffold_group,12,et_120_d20_leaf2,bagging,0.8183139534883721,0.8183139534883721,0.9332188880224414,0.1243953454825748,0.0,0.7647423052978781,0.8068181818181819,0.6777408637873754,0.7422795228027786,1.0,0.8,0.1318128000129945
bbbp,classification,1,1,stratified_scaffold_group,stratified_scaffold_group,13,histgb_lr0.05,boosting,0.8083256411946991,0.8083256411946991,0.9453594082675102,0.1148265243273151,0.0,0.899670624964158,0.8017241379310345,0.6673040152963671,0.7345140766137008,1.0,0.8,2.17093510000268
bbbp,classification,1,2,stratified_scaffold_group,stratified_scaffold_group,13,histgb_lr0.05,boosting,0.8799963827093507,0.8799963827093507,0.9480941121756216,0.1085432320055875,0.0,0.7653415275759007,0.8105263157894737,0.8797250859106529,0.8451257008500632,1.0,0.8,1.206258699996397
bbbp,classification,1,3,stratified_scaffold_group,stratified_scaffold_group,13,histgb_lr0.05,boosting,0.8180119299305346,0.8180119299305346,0.9274617235151466,0.1314818631385604,0.0,0.9284473033840152,0.8068181818181819,0.627906976744186,0.717362579281184,1.0,0.8,1.3896645000204444
bbbp,classification,1,1,stratified_scaffold_group,stratified_scaffold_group,14,histgb_lr0.1,boosting,0.8030839981538866,0.8030839981538866,0.946734792285921,0.1206999377830713,0.0,0.9343503567157384,0.8017241379310345,0.6367112810707457,0.71921770950089,1.0,0.8,1.234019299969077
bbbp,classification,1,2,stratified_scaffold_group,stratified_scaffold_group,14,histgb_lr0.1,boosting,0.875330077771749,0.875330077771749,0.9474583896283728,0.1097173988311779,0.0,0.840582616113442,0.8,0.8591065292096219,0.8295532646048109,1.0,0.8,1.189582500024699
bbbp,classification,1,3,stratified_scaffold_group,stratified_scaffold_group,14,histgb_lr0.1,boosting,0.8181251887647236,0.8181251887647236,0.9329035687188244,0.1328610490158207,0.0,0.9579632254395016,0.8068181818181819,0.6013289036544851,0.7040735427363335,1.0,0.8,1.074966799991671
bbbp,classification,1,1,stratified_scaffold_group,stratified_scaffold_group,15,gb_lr0.05_d2,boosting,0.7347201160414056,0.7347201160414056,0.92363035638186,0.127259265269724,0.0,0.849122482687935,0.8017241379310345,0.4837476099426386,0.6427358739368365,1.0,0.8,0.4282015999779105
bbbp,classification,1,2,stratified_scaffold_group,stratified_scaffold_group,15,gb_lr0.05_d2,boosting,0.8324470971242539,0.8324470971242539,0.9217894021619008,0.125425628225662,0.0,0.8249061657339325,0.8,0.6666666666666666,0.7333333333333334,1.0,0.8,0.5712923000101
bbbp,classification,1,3,stratified_scaffold_group,stratified_scaffold_group,15,gb_lr0.05_d2,boosting,0.7577393536695863,0.7577393536695863,0.8995147819650101,0.140508469902532,0.0,0.8631780603904093,0.8068181818181819,0.5913621262458472,0.6990901540320145,1.0,0.8,0.5493166000233032
bbbp,classification,1,1,stratified_scaffold_group,stratified_scaffold_group,16,gb_lr0.1_d3,boosting,0.7634832201490077,0.7634832201490077,0.9286772326196756,0.121935747538492,0.0,0.8998301655358354,0.8017241379310345,0.5678776290630975,0.684800883497066,1.0,0.8,0.6198196000186726
bbbp,classification,1,2,stratified_scaffold_group,stratified_scaffold_group,16,gb_lr0.1_d3,boosting,0.8592512208355942,0.8592512208355942,0.938447729160047,0.1186841024484047,0.0,0.8012661049988737,0.8,0.8075601374570447,0.8037800687285224,1.0,0.8,0.819436100020539
bbbp,classification,1,3,stratified_scaffold_group,stratified_scaffold_group,16,gb_lr0.1_d3,boosting,0.7719910903050438,0.7719910903050438,0.9156200058247446,0.1403447892596249,0.0,0.9191749714204372,0.8181818181818181,0.5415282392026578,0.679855028692238,1.0,0.8,0.8257715000072494
bbbp,classification,1,1,stratified_scaffold_group,stratified_scaffold_group,17,lgbm_60_l15,boosting,0.7930210325047802,0.7930210325047802,0.9419303008521374,0.1146072469801054,0.0,0.8876222551832148,0.8017241379310345,0.5965583173996176,0.699141227665326,1.0,0.8,0.0743764999788254
bbbp,classification,1,2,stratified_scaffold_group,stratified_scaffold_group,17,lgbm_60_l15,boosting,0.8745342738289021,0.8745342738289021,0.9442691766324144,0.1087220396271573,0.0,0.7899296154267837,0.8,0.845360824742268,0.822680412371134,1.0,0.8,0.0680651000002399
bbbp,classification,1,3,stratified_scaffold_group,stratified_scaffold_group,17,lgbm_60_l15,boosting,0.8063840229537903,0.8063840229537903,0.9254298052952712,0.1308784228550748,0.0,0.8844844606693111,0.8181818181818181,0.6644518272425249,0.7413168227121716,1.0,0.8,0.0927946000010706
bbbp,classification,1,1,stratified_scaffold_group,stratified_scaffold_group,18,lgbm_90_l31,boosting,0.7926419199578031,0.7926419199578031,0.9430809063631296,0.1193355739501188,0.0,0.9372371785552818,0.8017241379310345,0.609942638623327,0.7058333882771808,1.0,0.8,0.1030618000077083
bbbp,classification,1,2,stratified_scaffold_group,stratified_scaffold_group,18,lgbm_90_l31,boosting,0.8786579851691083,0.8786579851691083,0.9461743885127752,0.1014843914970018,0.0,0.7829769872629401,0.8,0.9003436426116839,0.850171821305842,1.0,0.8,0.1246156999841332
bbbp,classification,1,3,stratified_scaffold_group,stratified_scaffold_group,18,lgbm_90_l31,boosting,0.8170303533675627,0.8170303533675627,0.9260723480558274,0.1322174729425898,0.0,0.9453342520577184,0.8068181818181819,0.627906976744186,0.717362579281184,1.0,0.8,0.0817211000248789
bbbp,classification,1,1,stratified_scaffold_group,stratified_scaffold_group,19,lgbm_60_l63,boosting,0.7903754862530494,0.7903754862530494,0.9388372785679536,0.1185415557663923,0.0,0.9370865730052504,0.8017241379310345,0.5984703632887189,0.7000972506098767,1.0,0.8,0.0622342000133357
bbbp,classification,1,2,stratified_scaffold_group,stratified_scaffold_group,19,lgbm_60_l63,boosting,0.8832157713872311,0.8832157713872311,0.9505425666541822,0.1084671517157379,0.0,0.794037023317322,0.8,0.8831615120274914,0.8415807560137457,1.0,0.8,0.0869571999646723
bbbp,classification,1,3,stratified_scaffold_group,stratified_scaffold_group,19,lgbm_60_l63,boosting,0.8197485653881003,0.8197485653881003,0.9274017166641606,0.1316361977700664,0.0,0.9398970707484892,0.8068181818181819,0.6777408637873754,0.7422795228027786,1.0,0.8,0.0708322999998927
bbbp,classification,1,1,stratified_scaffold_group,stratified_scaffold_group,20,lgbm_100_leaf10,boosting,0.7890073844530889,0.7890073844530889,0.9404842529549184,0.1205497623418741,0.0,0.9718663915623348,0.8103448275862069,0.5239005736137667,0.6671227005999868,1.0,0.8,0.0910277999937534
bbbp,classification,1,2,stratified_scaffold_group,stratified_scaffold_group,20,lgbm_100_leaf10,boosting,0.8671188279978296,0.8671188279978296,0.9331997835249386,0.1105176001148698,0.0,0.8828173214648042,0.8,0.8384879725085911,0.8192439862542955,1.0,0.8,0.1053855000063777
bbbp,classification,1,3,stratified_scaffold_group,stratified_scaffold_group,20,lgbm_100_leaf10,boosting,0.7960774690425854,0.7960774690425854,0.9224988891057696,0.1398571850894634,0.0,0.9664543963651084,0.8068181818181819,0.6179401993355482,0.712379190576865,1.0,0.8,0.099722099956125
bbbp,classification,1,1,stratified_scaffold_group,stratified_scaffold_group,21,lgbm_100_leaf30,boosting,0.813385969539131,0.813385969539131,0.9491401782801536,0.1124531152519826,0.0,0.9061114957694992,0.8017241379310345,0.6080305927342257,0.7048773653326301,1.0,0.8,0.0648010999429971
bbbp,classification,1,2,stratified_scaffold_group,stratified_scaffold_group,21,lgbm_100_leaf30,boosting,0.8879182492313258,0.8879182492313258,0.951263868428603,0.0987250758049762,0.0,0.7549910551912955,0.8105263157894737,0.8762886597938144,0.843407487791644,1.0,0.8,0.0812483999761752
bbbp,classification,1,3,stratified_scaffold_group,stratified_scaffold_group,21,lgbm_100_leaf30,boosting,0.8324713077620055,0.8324713077620055,0.9397655344702563,0.1288926420701388,0.0,0.9143829983592447,0.8068181818181819,0.6843853820598007,0.7456017819389913,1.0,0.8,0.0749603000003844
bbbp,classification,1,1,stratified_scaffold_group,stratified_scaffold_group,22,lgbm_80_ff0.7,boosting,0.8046993472670931,0.8046993472670931,0.9451338264163688,0.1172183496815742,0.0,0.9393374679675636,0.8103448275862069,0.6252390057361377,0.7177919166611723,1.0,0.8,0.06527029996505
bbbp,classification,1,2,stratified_scaffold_group,stratified_scaffold_group,22,lgbm_80_ff0.7,boosting,0.8766323024054983,0.8766323024054983,0.9464127703406496,0.1066802531680268,0.0,0.8073863353175846,0.8105263157894737,0.8762886597938144,0.843407487791644,1.0,0.8,0.0735332000185735
bbbp,classification,1,3,stratified_scaffold_group,stratified_scaffold_group,22,lgbm_80_ff0.7,boosting,0.8273746602234975,0.8273746602234975,0.9349798559816348,0.131020535663494,0.0,0.9519183695125464,0.8068181818181819,0.6445182724252492,0.7256682271217155,1.0,0.8,0.0737432999885641
bbbp,classification,1,1,stratified_scaffold_group,stratified_scaffold_group,23,lgbm_80_bag0.8,boosting,0.7996225357684446,0.7996225357684446,0.942951273079882,0.1149462719466812,0.0,0.9373579736786584,0.8017241379310345,0.5927342256214149,0.6972291817762246,1.0,0.8,0.0658620999893173
bbbp,classification,1,2,stratified_scaffold_group,stratified_scaffold_group,23,lgbm_80_bag0.8,boosting,0.8869415807560138,0.8869415807560138,0.9515957399114052,0.1009641366977376,0.0,0.8142973424894897,0.8,0.8900343642611683,0.8450171821305842,1.0,0.8,0.0795702000032179
bbbp,classification,1,3,stratified_scaffold_group,stratified_scaffold_group,23,lgbm_80_bag0.8,boosting,0.812009211718514,0.812009211718514,0.9257777049487088,0.132619234527806,0.0,0.956808863810416,0.8068181818181819,0.627906976744186,0.717362579281184,1.0,0.8,0.0888755999621935
bbbp,classification,1,1,stratified_scaffold_group,stratified_scaffold_group,24,lgbm_120_l15,boosting,0.7974137931034482,0.7974137931034482,0.9456395565654628,0.116825291261543,0.0,0.915839473581254,0.8017241379310345,0.5889101338432122,0.6953171358871233,1.0,0.8,0.0639398000203073
bbbp,classification,1,2,stratified_scaffold_group,stratified_scaffold_group,24,lgbm_120_l15,boosting,0.8874118285404232,0.8874118285404232,0.951504755508917,0.103700941830471,0.0,0.7599185717755715,0.8,0.8934707903780069,0.8467353951890035,1.0,0.8,0.0697500999667681
bbbp,classification,1,3,stratified_scaffold_group,stratified_scaffold_group,24,lgbm_120_l15,boosting,0.806912564180006,0.806912564180006,0.9292472103954562,0.1325869745306762,0.0,0.9156647774844496,0.8068181818181819,0.6578073089700996,0.7323127453941407,1.0,0.8,0.069406800030265
bbbp,classification,1,1,stratified_scaffold_group,stratified_scaffold_group,25,xgb_60_d3,boosting,0.7906886661831609,0.7906886661831609,0.941712911300752,0.1190371329252046,0.0,0.861231803894043,0.8103448275862069,0.5946462715105163,0.7024955495483616,1.0,0.8,0.1731637000339105
bbbp,classification,1,2,stratified_scaffold_group,stratified_scaffold_group,25,xgb_60_d3,boosting,0.8655995659251221,0.8655995659251221,0.9402763531389564,0.1150289749638004,0.0,0.7763695120811462,0.8,0.8487972508591065,0.8243986254295532,1.0,0.8,0.0597516999696381
bbbp,classification,1,3,stratified_scaffold_group,stratified_scaffold_group,25,xgb_60_d3,boosting,0.7835623678646935,0.7835623678646935,0.9121636511835072,0.1333187053972885,0.0,0.8847773671150208,0.8068181818181819,0.5913621262458472,0.6990901540320145,1.0,0.8,0.0628800000413321
bbbp,classification,1,1,stratified_scaffold_group,stratified_scaffold_group,26,xgb_80_d5,boosting,0.8032323465418343,0.8032323465418343,0.9476438612436648,0.1168378757035412,0.0,0.8806938529014587,0.8017241379310345,0.6290630975143403,0.7153936177226874,1.0,0.8,0.08407929999521
bbbp,classification,1,2,stratified_scaffold_group,stratified_scaffold_group,26,xgb_80_d5,boosting,0.8686380900705372,0.8686380900705372,0.9339802178029332,0.1106171949355911,0.0,0.7569109201431274,0.8,0.872852233676976,0.836426116838488,1.0,0.8,0.1026095999986864
bbbp,classification,1,3,stratified_scaffold_group,stratified_scaffold_group,26,xgb_80_d5,boosting,0.8048927816369676,0.8048927816369676,0.9248026100035804,0.1290688932576568,0.0,0.8907430171966553,0.8068181818181819,0.6677740863787376,0.7372961340984597,1.0,0.8,0.0993287999881431
bbbp,classification,1,1,stratified_scaffold_group,stratified_scaffold_group,27,xgb_100_d3,boosting,0.7944550669216061,0.7944550669216061,0.9425795613047586,0.1163393871463789,0.0,0.8632850050926208,0.8017241379310345,0.609942638623327,0.7058333882771808,1.0,0.8,0.090314999979455
bbbp,classification,1,2,stratified_scaffold_group,stratified_scaffold_group,27,xgb_100_d3,boosting,0.868981732682221,0.868981732682221,0.9422437991513388,0.113602332154357,0.0,0.7798592448234558,0.8105263157894737,0.8350515463917526,0.8227889310906131,1.0,0.8,0.0887275999994017
bbbp,classification,1,3,stratified_scaffold_group,stratified_scaffold_group,27,xgb_100_d3,boosting,0.7911884627000905,0.7911884627000905,0.9192016920196444,0.1327114181124619,0.0,0.8846431374549866,0.8181818181818181,0.5946843853820598,0.706433101781939,1.0,0.8,0.0862094999756664
bbbp,classification,1,1,stratified_scaffold_group,stratified_scaffold_group,28,xgb_60_d6,boosting,0.8067267752357091,0.8067267752357091,0.9482444055716606,0.1138012550267105,0.0,0.897297739982605,0.8103448275862069,0.5965583173996176,0.7034515724929122,1.0,0.8,0.0757906999788247
bbbp,classification,1,2,stratified_scaffold_group,stratified_scaffold_group,28,xgb_60_d6,boosting,0.8726894555977572,0.8726894555977572,0.93860494715169,0.1059572465535423,0.0,0.774445652961731,0.8,0.872852233676976,0.836426116838488,1.0,0.8,0.0772754000499844
bbbp,classification,1,3,stratified_scaffold_group,stratified_scaffold_group,28,xgb_60_d6,boosting,0.8215607067351255,0.8215607067351255,0.9346011057595311,0.127996795371367,0.0,0.903287410736084,0.8068181818181819,0.6644518272425249,0.7356350045303535,1.0,0.8,0.079827599984128
bbbp,classification,1,1,stratified_scaffold_group,stratified_scaffold_group,29,cat_60_d4,boosting,0.7503461462385441,0.7503461462385441,0.9275355302300026,0.1200626947952632,0.0,0.850927859788342,0.8017241379310345,0.5239005736137667,0.6628123557724006,1.0,0.8,0.4380543999723159
bbbp,classification,1,2,stratified_scaffold_group,stratified_scaffold_group,29,cat_60_d4,boosting,0.8642973412913728,0.8642973412913728,0.9435570643807362,0.1207534519441838,0.0,0.8168722851225015,0.8,0.7422680412371134,0.7711340206185567,1.0,0.8,0.2479199999943375
bbbp,classification,1,3,stratified_scaffold_group,stratified_scaffold_group,29,cat_60_d4,boosting,0.7980783751132587,0.7980783751132587,0.9251673039460896,0.133343376969527,0.0,0.8663819900933827,0.8068181818181819,0.6013289036544851,0.7040735427363335,1.0,0.8,0.2581181999994442
bbbp,classification,1,1,stratified_scaffold_group,stratified_scaffold_group,30,cat_80_d6,boosting,0.7873096195688007,0.7873096195688007,0.9372115246181948,0.1154613832680242,0.0,0.8596502735230349,0.8017241379310345,0.5372848948374761,0.6695045163842552,1.0,0.8,0.8153117999900132
bbbp,classification,1,2,stratified_scaffold_group,stratified_scaffold_group,30,cat_80_d6,boosting,0.8848797250859106,0.8848797250859106,0.9553190399259224,0.1150647547905094,0.0,0.8151993609210971,0.8105263157894737,0.7972508591065293,0.8038885874480015,1.0,0.8,0.8603920999448746
bbbp,classification,1,3,stratified_scaffold_group,stratified_scaffold_group,30,cat_80_d6,boosting,0.7975875868317728,0.7975875868317728,0.9210830180495808,0.1318588478730066,0.0,0.872003985956757,0.8068181818181819,0.6212624584717608,0.7140403201449713,1.0,0.8,0.9834228999679908
bbbp,classification,1,1,stratified_scaffold_group,stratified_scaffold_group,31,cat_100_d4,boosting,0.7694501219753412,0.7694501219753412,0.9371435372412852,0.1184786368986745,0.0,0.8463082525037982,0.8017241379310345,0.5640535372848948,0.6828888376079647,1.0,0.8,0.5182216999819502
bbbp,classification,1,2,stratified_scaffold_group,stratified_scaffold_group,31,cat_100_d4,boosting,0.8751853861457768,0.8751853861457768,0.9478547427929938,0.1137784123585388,0.0,0.7999149164436746,0.8,0.8247422680412371,0.8123711340206186,1.0,0.8,0.5166487999958917
bbbp,classification,1,3,stratified_scaffold_group,stratified_scaffold_group,31,cat_100_d4,boosting,0.7785978556327393,0.7785978556327393,0.9165236070327082,0.1347415095259867,0.0,0.8732976886738412,0.8181818181818181,0.5813953488372093,0.6997885835095137,1.0,0.8,0.5171187999658287
bbbp,classification,1,1,stratified_scaffold_group,stratified_scaffold_group,32,cat_60_d8,boosting,0.8222539065075494,0.8222539065075494,0.9498564055459764,0.1125953987006479,0.0,0.8539301611392112,0.8017241379310345,0.6749521988527725,0.7383381683919035,1.0,0.8,2.5120650000171736
bbbp,classification,1,2,stratified_scaffold_group,stratified_scaffold_group,32,cat_60_d8,boosting,0.8846988605534455,0.8846988605534455,0.9507701955885188,0.1131622280228653,0.0,0.7817402812810992,0.8,0.8694158075601375,0.8347079037800688,1.0,0.8,2.385066299990285
bbbp,classification,1,3,stratified_scaffold_group,stratified_scaffold_group,32,cat_60_d8,boosting,0.7936990335246149,0.7936990335246149,0.921307541519801,0.1330394691519569,0.0,0.8933010345436873,0.8068181818181819,0.584717607973422,0.6957678948958019,1.0,0.8,2.420419999980368
bbbp,classification,2,1,stratified_scaffold_group,stratified_scaffold_group,1,logreg_l2_c0.1,linear,0.839482976040353,0.839482976040353,0.9151538501139636,0.1400918830334753,0.0,0.6785795148245861,0.8,0.7016393442622951,0.7508196721311475,1.0,0.8,0.0042629999807104
bbbp,classification,2,2,stratified_scaffold_group,stratified_scaffold_group,1,logreg_l2_c0.1,linear,0.8885495374620436,0.8885495374620436,0.9535496007644918,0.1147585961713765,0.0,0.6325207666457449,0.8061224489795918,0.7577854671280276,0.7819539580538097,1.0,0.8,0.0040548999677412
bbbp,classification,2,3,stratified_scaffold_group,stratified_scaffold_group,1,logreg_l2_c0.1,linear,0.814786942270386,0.814786942270386,0.9152723827992396,0.1349418755119715,0.0,0.7444079090989869,0.8080808080808081,0.6456953642384106,0.7268880861596093,1.0,0.8,0.0040410000365227
bbbp,classification,2,1,stratified_scaffold_group,stratified_scaffold_group,2,logreg_l2_c1,linear,0.8263934426229509,0.8263934426229509,0.905234823729012,0.1495670528531053,0.0,0.8772925855657147,0.8,0.6557377049180327,0.7278688524590164,1.0,0.8,0.0069704999914392
bbbp,classification,2,2,stratified_scaffold_group,stratified_scaffold_group,2,logreg_l2_c1,linear,0.8611150342489937,0.8611150342489937,0.9398432945466252,0.1285651294686295,0.0,0.8443748836338288,0.8061224489795918,0.698961937716263,0.7525421933479275,1.0,0.8,0.0063450000016018
bbbp,classification,2,3,stratified_scaffold_group,stratified_scaffold_group,2,logreg_l2_c1,linear,0.8100374606997124,0.8100374606997124,0.9180050770975026,0.1536881634908125,0.0,0.9174596603986236,0.8080808080808081,0.6390728476821192,0.7235768278814636,1.0,0.8,0.0057007999857887
bbbp,classification,2,1,stratified_scaffold_group,stratified_scaffold_group,3,logreg_l2_c10,linear,0.8038209331651955,0.8038209331651955,0.889457317732317,0.1808417125636129,0.0,0.979074092928426,0.8,0.6295081967213115,0.7147540983606557,1.0,0.8,0.0096496000187471
bbbp,classification,2,2,stratified_scaffold_group,stratified_scaffold_group,3,logreg_l2_c10,linear,0.838870842454629,0.838870842454629,0.9254101369036736,0.1601896041283138,0.0,0.9744188478578624,0.8061224489795918,0.6747404844290658,0.7404314667043288,1.0,0.8,0.0131419000099413
bbbp,classification,2,3,stratified_scaffold_group,stratified_scaffold_group,3,logreg_l2_c10,linear,0.8122115191651615,0.8122115191651615,0.917405742447806,0.1822249995349147,0.0,0.9760565874704764,0.8080808080808081,0.6986754966887417,0.7533781523847749,1.0,0.8,0.0080553999869152
bbbp,classification,2,1,stratified_scaffold_group,stratified_scaffold_group,4,logreg_l1_c1,linear,0.8253089533417403,0.8253089533417403,0.9083399418607564,0.1612757956843211,0.0,0.839555699063616,0.8,0.659016393442623,0.7295081967213115,1.0,0.8,0.0072999999974854
bbbp,classification,2,2,stratified_scaffold_group,stratified_scaffold_group,4,logreg_l1_c1,linear,0.8676117505825861,0.8676117505825861,0.9449755269912176,0.1296277186926633,0.0,0.7556064390841097,0.8061224489795918,0.7750865051903114,0.7906044770849516,1.0,0.8,0.0114777999697253
bbbp,classification,2,3,stratified_scaffold_group,stratified_scaffold_group,4,logreg_l1_c1,linear,0.8251555287979129,0.8251555287979129,0.9269648713723964,0.1502020802067192,0.0,0.8489969922819314,0.8181818181818181,0.6688741721854304,0.7435279951836242,1.0,0.8,0.0086953999707475
bbbp,classification,2,1,stratified_scaffold_group,stratified_scaffold_group,5,rf_60_sqrt,bagging,0.8743757881462799,0.8743757881462799,0.9277966727142872,0.1302952292187202,0.0,0.7705160744500846,0.8153846153846154,0.7442622950819672,0.7798234552332912,1.0,0.8,0.131800600036513
bbbp,classification,2,2,stratified_scaffold_group,stratified_scaffold_group,5,rf_60_sqrt,bagging,0.9000953322505474,0.9000953322505474,0.9529379102452038,0.0958264121410677,0.0,0.7210725677830941,0.8061224489795918,0.889273356401384,0.847697902690488,1.0,0.8,0.138802100031171
bbbp,classification,2,3,stratified_scaffold_group,stratified_scaffold_group,5,rf_60_sqrt,bagging,0.8497391129841461,0.8497391129841461,0.9352283042964128,0.1194467741610964,0.0,0.8208231954582319,0.8080808080808081,0.6556291390728477,0.7318549735768278,1.0,0.8,0.1380620999843813
bbbp,classification,2,1,stratified_scaffold_group,stratified_scaffold_group,6,rf_90_d12,bagging,0.8653341740226986,0.8653341740226986,0.9241692206973232,0.1350454531366723,0.0,0.7398882174113093,0.8,0.760655737704918,0.7803278688524591,1.0,0.8,0.2000804999843239
bbbp,classification,2,2,stratified_scaffold_group,stratified_scaffold_group,6,rf_90_d12,bagging,0.9133712308452792,0.9133712308452792,0.9647831836759164,0.1028904117704413,0.0,0.6984908009149802,0.8061224489795918,0.8823529411764706,0.8442376950780313,1.0,0.8,0.1915355999954044
bbbp,classification,2,3,stratified_scaffold_group,stratified_scaffold_group,6,rf_90_d12,bagging,0.85467255334805,0.85467255334805,0.9419747913043132,0.1212156997475786,0.0,0.7600850240266865,0.8181818181818181,0.7086092715231788,0.7633955448524985,1.0,0.8,0.1917287999531254
bbbp,classification,2,1,stratified_scaffold_group,stratified_scaffold_group,7,rf_90_leaf2,bagging,0.8680075662042875,0.8680075662042875,0.9235046462351524,0.1297768029417302,0.0,0.7023894590000327,0.8,0.7901639344262295,0.7950819672131147,1.0,0.8,0.2243068999960087
bbbp,classification,2,2,stratified_scaffold_group,stratified_scaffold_group,7,rf_90_leaf2,bagging,0.9081809194265942,0.9081809194265942,0.9583345589540602,0.0963973387693019,0.0,0.7125200526969417,0.826530612244898,0.8477508650519031,0.8371407386484006,1.0,0.8,0.2104402999975718
bbbp,classification,2,3,stratified_scaffold_group,stratified_scaffold_group,7,rf_90_leaf2,bagging,0.8607097464713357,0.8607097464713357,0.9446220488041954,0.1173296854829576,0.0,0.7763902661071934,0.8080808080808081,0.6721854304635762,0.740133119272192,1.0,0.8,0.1903267000452615
bbbp,classification,2,1,stratified_scaffold_group,stratified_scaffold_group,8,rf_120_d20_leaf2,bagging,0.8763556116015132,0.8763556116015132,0.9288300328793636,0.1288740416658906,0.0,0.7026548013828976,0.8,0.8098360655737705,0.8049180327868852,1.0,0.8,0.2802123000146821
bbbp,classification,2,2,stratified_scaffold_group,stratified_scaffold_group,8,rf_120_d20_leaf2,bagging,0.9032730739354564,0.9032730739354564,0.9557132246313256,0.0976917192995188,0.0,0.7062052436871884,0.8061224489795918,0.8581314878892734,0.8321269684344326,1.0,0.8,0.275475499976892
bbbp,classification,2,3,stratified_scaffold_group,stratified_scaffold_group,8,rf_120_d20_leaf2,bagging,0.857498829353134,0.857498829353134,0.9429855670188134,0.1192166573692614,0.0,0.7705387391343308,0.8080808080808081,0.6754966887417219,0.741788748411265,1.0,0.8,0.2754497000132687
bbbp,classification,2,1,stratified_scaffold_group,stratified_scaffold_group,9,et_60_sqrt,bagging,0.8795964691046659,0.8795964691046659,0.9271345367274316,0.1276540948275862,0.0,0.7541666666666667,0.8,0.7901639344262295,0.7950819672131147,1.0,0.8,0.0896866000257432
bbbp,classification,2,2,stratified_scaffold_group,stratified_scaffold_group,9,et_60_sqrt,bagging,0.9115352023162206,0.9115352023162206,0.9615560811496654,0.0943316200459425,0.0,0.7545653907496013,0.8163265306122449,0.8754325259515571,0.8458795282819009,1.0,0.8,0.0964506000163964
bbbp,classification,2,3,stratified_scaffold_group,stratified_scaffold_group,9,et_60_sqrt,bagging,0.8384507324904675,0.8384507324904675,0.9279282120599844,0.1213068745736194,0.0,0.8546228710462287,0.8282828282828283,0.6357615894039735,0.732022208843401,1.0,0.8,0.0833446999895386
bbbp,classification,2,1,stratified_scaffold_group,stratified_scaffold_group,10,et_90_d12,bagging,0.8831021437578814,0.8831021437578814,0.9376983837568226,0.1292938081119582,0.0,0.7087888181545491,0.8,0.8,0.8,1.0,0.8,0.1214906999957747
bbbp,classification,2,2,stratified_scaffold_group,stratified_scaffold_group,10,et_90_d12,bagging,0.9135477720499964,0.9135477720499964,0.9614212910310902,0.1017361594014018,0.0,0.6751136075024837,0.8061224489795918,0.8927335640138409,0.8494280064967163,1.0,0.8,0.0900408999877981
bbbp,classification,2,3,stratified_scaffold_group,stratified_scaffold_group,10,et_90_d12,bagging,0.8324469864204963,0.8324469864204963,0.9316806878993908,0.1243285608736036,0.0,0.7751140679310975,0.8080808080808081,0.6655629139072847,0.7368218609940465,1.0,0.8,0.0911824000068008
bbbp,classification,2,1,stratified_scaffold_group,stratified_scaffold_group,11,et_90_leaf2,bagging,0.8782093316519547,0.8782093316519547,0.9306210187405256,0.1264000461671045,0.0,0.7144777663856611,0.8153846153846154,0.8,0.8076923076923077,1.0,0.8,0.089164900011383
bbbp,classification,2,2,stratified_scaffold_group,stratified_scaffold_group,11,et_90_leaf2,bagging,0.9261528140668032,0.9261528140668032,0.968954776922893,0.0898792603961527,0.0,0.6598706762578294,0.8061224489795918,0.9307958477508652,0.8684591483652284,1.0,0.8,0.0929436000296846
bbbp,classification,2,3,stratified_scaffold_group,stratified_scaffold_group,11,et_90_leaf2,bagging,0.8524148772493144,0.8524148772493144,0.9422142407801452,0.1189389482397982,0.0,0.8006893743395881,0.8080808080808081,0.6423841059602649,0.7252324570205364,1.0,0.8,0.0930924999993294
bbbp,classification,2,1,stratified_scaffold_group,stratified_scaffold_group,12,et_120_d20_leaf2,bagging,0.8809962168978563,0.8809962168978563,0.9346147701431652,0.1268982272069495,0.0,0.7249702777966088,0.8,0.7770491803278688,0.7885245901639344,1.0,0.8,0.1167416999815031
bbbp,classification,2,2,stratified_scaffold_group,stratified_scaffold_group,12,et_120_d20_leaf2,bagging,0.9216333592260434,0.9216333592260434,0.9658543822000784,0.0921319829800751,0.0,0.6649617149164616,0.8061224489795918,0.9204152249134948,0.8632688369465433,1.0,0.8,0.1207241000374779
bbbp,classification,2,3,stratified_scaffold_group,stratified_scaffold_group,12,et_120_d20_leaf2,bagging,0.8548230650879658,0.8548230650879658,0.9419480690846588,0.1193647766667929,0.0,0.7878649063830176,0.8080808080808081,0.6622516556291391,0.7351662318549737,1.0,0.8,0.120067799987737
bbbp,classification,2,1,stratified_scaffold_group,stratified_scaffold_group,13,histgb_lr0.05,boosting,0.8454098360655738,0.8454098360655738,0.9223809755225753,0.1463301217085801,0.0,0.8942016263502851,0.8076923076923077,0.6786885245901639,0.7431904161412358,1.0,0.8,1.0181251000030898
bbbp,classification,2,2,stratified_scaffold_group,stratified_scaffold_group,13,histgb_lr0.05,boosting,0.8921862862792176,0.8921862862792176,0.9545076227426256,0.0955710223209675,0.0,0.861370650921293,0.8061224489795918,0.7612456747404844,0.7836840618600381,1.0,0.8,1.0477035000221804
bbbp,classification,2,3,stratified_scaffold_group,stratified_scaffold_group,13,histgb_lr0.05,boosting,0.8567295471268981,0.8567295471268981,0.9420495822884232,0.1175993548091986,0.0,0.8972696736072772,0.8080808080808081,0.7019867549668874,0.7550337815238477,1.0,0.8,1.1571566000347957
bbbp,classification,2,1,stratified_scaffold_group,stratified_scaffold_group,14,histgb_lr0.1,boosting,0.8446910466582598,0.8446910466582598,0.9199482601480032,0.1485868273001417,0.0,0.917988705750802,0.8,0.7081967213114754,0.7540983606557377,1.0,0.8,0.9406073999707588
bbbp,classification,2,2,stratified_scaffold_group,stratified_scaffold_group,14,histgb_lr0.1,boosting,0.8958230350963915,0.8958230350963915,0.9578667752920874,0.1004516279908296,0.0,0.8182877440008751,0.8061224489795918,0.8650519031141869,0.8355871760468894,1.0,0.8,0.8413477000431158
bbbp,classification,2,3,stratified_scaffold_group,stratified_scaffold_group,14,histgb_lr0.1,boosting,0.8540872299150444,0.8540872299150444,0.9408504406925856,0.1225741467369393,0.0,0.9370049147439674,0.8080808080808081,0.6754966887417219,0.741788748411265,1.0,0.8,0.8771623999928124
bbbp,classification,2,1,stratified_scaffold_group,stratified_scaffold_group,15,gb_lr0.05_d2,boosting,0.8081210592686002,0.8081210592686002,0.8922291642202458,0.1513918376684808,0.0,0.8339035394660479,0.8,0.6491803278688525,0.7245901639344263,1.0,0.8,0.3597390000359155
bbbp,classification,2,2,stratified_scaffold_group,stratified_scaffold_group,15,gb_lr0.05_d2,boosting,0.8748852482169338,0.8748852482169338,0.938657451485868,0.1032806161304544,0.0,0.8158831423667765,0.8061224489795918,0.7093425605536332,0.7577325047666126,1.0,0.8,0.5561539999907836
bbbp,classification,2,3,stratified_scaffold_group,stratified_scaffold_group,15,gb_lr0.05_d2,boosting,0.8236002408187839,0.8236002408187839,0.920618344543158,0.1253680057088664,0.0,0.8341168208499632,0.8181818181818181,0.6324503311258278,0.725316074653823,1.0,0.8,0.5662374999956228
bbbp,classification,2,1,stratified_scaffold_group,stratified_scaffold_group,16,gb_lr0.1_d3,boosting,0.8158385876418663,0.8158385876418663,0.8986240416944782,0.1513530260485622,0.0,0.8711128965213046,0.8,0.6754098360655738,0.7377049180327869,1.0,0.8,0.7437175000086427
bbbp,classification,2,2,stratified_scaffold_group,stratified_scaffold_group,16,gb_lr0.1_d3,boosting,0.8882847256549677,0.8882847256549677,0.947844149825304,0.0880092055083896,0.0,0.8058450666228792,0.8061224489795918,0.8685121107266436,0.8373172798531177,1.0,0.8,0.6384490999625996
bbbp,classification,2,3,stratified_scaffold_group,stratified_scaffold_group,16,gb_lr0.1_d3,boosting,0.8443206903471804,0.8443206903471804,0.937755066922794,0.120995468897771,0.0,0.888296117915722,0.8080808080808081,0.6258278145695364,0.7169543113251722,1.0,0.8,0.6545301000005566
bbbp,classification,2,1,stratified_scaffold_group,stratified_scaffold_group,17,lgbm_60_l15,boosting,0.8431147540983606,0.8431147540983606,0.92220093345376,0.1470423965700497,0.0,0.8503120140259828,0.8153846153846154,0.7114754098360656,0.7634300126103405,1.0,0.8,0.0694413000019267
bbbp,classification,2,2,stratified_scaffold_group,stratified_scaffold_group,17,lgbm_60_l15,boosting,0.8851246380905303,0.8851246380905303,0.9479321767041626,0.0945738915352062,0.0,0.8013077419182393,0.8061224489795918,0.8269896193771626,0.8165560341783773,1.0,0.8,0.0607372000231407
bbbp,classification,2,3,stratified_scaffold_group,stratified_scaffold_group,17,lgbm_60_l15,boosting,0.8510101010101011,0.8510101010101011,0.9411615190197636,0.1178725291897227,0.0,0.8618828621888861,0.8080808080808081,0.7086092715231788,0.7583450398019934,1.0,0.8,0.052472100011073
bbbp,classification,2,1,stratified_scaffold_group,stratified_scaffold_group,18,lgbm_90_l31,boosting,0.8319672131147541,0.8319672131147541,0.9092985575707933,0.153875943494551,0.0,0.8972848450735239,0.8076923076923077,0.7049180327868853,0.7563051702395964,1.0,0.8,0.094951500010211
bbbp,classification,2,2,stratified_scaffold_group,stratified_scaffold_group,18,lgbm_90_l31,boosting,0.8989301602994139,0.8989301602994139,0.9554794754638436,0.0936845578968968,0.0,0.8445670898676723,0.8163265306122449,0.8408304498269896,0.8285784902196173,1.0,0.8,0.089621499995701
bbbp,classification,2,3,stratified_scaffold_group,stratified_scaffold_group,18,lgbm_90_l31,boosting,0.8556592414208309,0.8556592414208309,0.9443895389125244,0.1198495021769118,0.0,0.9341444841454856,0.8080808080808081,0.6589403973509934,0.7335106027159007,1.0,0.8,0.1408700000029057
bbbp,classification,2,1,stratified_scaffold_group,stratified_scaffold_group,19,lgbm_60_l63,boosting,0.831185372005044,0.831185372005044,0.9136917156731944,0.1557134645500848,0.0,0.918356869971207,0.8,0.6721311475409836,0.7360655737704918,1.0,0.8,0.1390346999978646
bbbp,classification,2,2,stratified_scaffold_group,stratified_scaffold_group,19,lgbm_60_l63,boosting,0.8965645081562036,0.8965645081562036,0.9552132342806394,0.0941606726362768,0.0,0.8483913841631273,0.8061224489795918,0.8269896193771626,0.8165560341783773,1.0,0.8,0.1622190999914892
bbbp,classification,2,3,stratified_scaffold_group,stratified_scaffold_group,19,lgbm_60_l63,boosting,0.8493711953976855,0.8493711953976855,0.9380676516706992,0.1189963072808715,0.0,0.9412083875289632,0.8080808080808081,0.6721854304635762,0.740133119272192,1.0,0.8,0.1339628999703563
bbbp,classification,2,1,stratified_scaffold_group,stratified_scaffold_group,20,lgbm_100_leaf10,boosting,0.8329508196721311,0.8329508196721311,0.905584319168364,0.1588300632390282,0.0,0.9440108815231016,0.8,0.6983606557377049,0.7491803278688525,1.0,0.8,0.1751921999966725
bbbp,classification,2,2,stratified_scaffold_group,stratified_scaffold_group,20,lgbm_100_leaf10,boosting,0.8957171103735612,0.8957171103735612,0.9574506840890856,0.1011014540959466,0.0,0.8990829852958242,0.8061224489795918,0.8027681660899654,0.8044453075347786,1.0,0.8,0.1947112000198103
bbbp,classification,2,3,stratified_scaffold_group,stratified_scaffold_group,20,lgbm_100_leaf10,boosting,0.8343534684594288,0.8343534684594288,0.9335207493224792,0.1284337681692341,0.0,0.9568889332372166,0.8080808080808081,0.6754966887417219,0.741788748411265,1.0,0.8,0.155961699958425
bbbp,classification,2,1,stratified_scaffold_group,stratified_scaffold_group,21,lgbm_100_leaf30,boosting,0.8472005044136192,0.8472005044136192,0.9239392570896224,0.1430633697799476,0.0,0.8777914481823473,0.8,0.6819672131147541,0.740983606557377,1.0,0.8,0.0832119000260718
bbbp,classification,2,2,stratified_scaffold_group,stratified_scaffold_group,21,lgbm_100_leaf30,boosting,0.9012605042016808,0.9012605042016808,0.9580060217173548,0.0928797958607232,0.0,0.8207738925634926,0.8061224489795918,0.8477508650519031,0.8269366570157475,1.0,0.8,0.080355700047221
bbbp,classification,2,3,stratified_scaffold_group,stratified_scaffold_group,21,lgbm_100_leaf30,boosting,0.8621479697638638,0.8621479697638638,0.9462048507027494,0.1149258163615428,0.0,0.9149310702714394,0.8080808080808081,0.6854304635761589,0.7467556358284835,1.0,0.8,0.1698386000352911
bbbp,classification,2,1,stratified_scaffold_group,stratified_scaffold_group,22,lgbm_80_ff0.7,boosting,0.8435687263556116,0.8435687263556116,0.9184575592683052,0.1516447795748339,0.0,0.9215460967289886,0.8,0.6918032786885245,0.7459016393442623,1.0,0.8,0.1335134000401012
bbbp,classification,2,2,stratified_scaffold_group,stratified_scaffold_group,22,lgbm_80_ff0.7,boosting,0.8979768377939411,0.8979768377939411,0.9561740250974158,0.0959951023220513,0.0,0.8413474429119709,0.8061224489795918,0.8615916955017301,0.833857072240661,1.0,0.8,0.1557820999878458
bbbp,classification,2,3,stratified_scaffold_group,stratified_scaffold_group,22,lgbm_80_ff0.7,boosting,0.8490032778112249,0.8490032778112249,0.9391973544643144,0.1206877273344316,0.0,0.95084218821116,0.8080808080808081,0.6258278145695364,0.7169543113251722,1.0,0.8,0.1509425000404007
bbbp,classification,2,1,stratified_scaffold_group,stratified_scaffold_group,23,lgbm_80_bag0.8,boosting,0.8319924337957125,0.8319924337957125,0.9043601497578037,0.1464694945215818,0.0,0.9177628262590232,0.8,0.6721311475409836,0.7360655737704918,1.0,0.8,0.1714217999833636
bbbp,classification,2,2,stratified_scaffold_group,stratified_scaffold_group,23,lgbm_80_bag0.8,boosting,0.9082868441494244,0.9082868441494244,0.96222867649978,0.0887298077902924,0.0,0.8283229094417837,0.8061224489795918,0.8615916955017301,0.833857072240661,1.0,0.8,0.1346921999938786
bbbp,classification,2,3,stratified_scaffold_group,stratified_scaffold_group,23,lgbm_80_bag0.8,boosting,0.852615559569202,0.852615559569202,0.9360646093786408,0.1188790901630839,0.0,0.9471194635283676,0.8181818181818181,0.6390728476821192,0.7286273329319687,1.0,0.8,0.1312829999951645
bbbp,classification,2,1,stratified_scaffold_group,stratified_scaffold_group,24,lgbm_120_l15,boosting,0.8379445145018916,0.8379445145018916,0.9159844459867712,0.1495793723948598,0.0,0.8704466419342513,0.8,0.7245901639344262,0.7622950819672132,1.0,0.8,0.1140911999973468
bbbp,classification,2,2,stratified_scaffold_group,stratified_scaffold_group,24,lgbm_120_l15,boosting,0.895611185650731,0.895611185650731,0.9547596758744504,0.0924285501243631,0.0,0.8181130065620044,0.8061224489795918,0.8650519031141869,0.8355871760468894,1.0,0.8,0.0980186000233516
bbbp,classification,2,3,stratified_scaffold_group,stratified_scaffold_group,24,lgbm_120_l15,boosting,0.8607766405779652,0.8607766405779652,0.9475934302904688,0.1184115929311645,0.0,0.9056392663324208,0.8080808080808081,0.695364238410596,0.7517225232457021,1.0,0.8,0.1127208999823778
bbbp,classification,2,1,stratified_scaffold_group,stratified_scaffold_group,25,xgb_60_d3,boosting,0.8119672131147541,0.8119672131147541,0.9038380190075777,0.1497883548406477,0.0,0.8367803692817688,0.8,0.6459016393442623,0.7229508196721312,1.0,0.8,0.0732387999887578
bbbp,classification,2,2,stratified_scaffold_group,stratified_scaffold_group,25,xgb_60_d3,boosting,0.8990360850222442,0.8990360850222442,0.9544716231301488,0.0918101001339544,0.0,0.794524610042572,0.8061224489795918,0.8546712802768166,0.8303968646282043,1.0,0.8,0.0638262000284157
bbbp,classification,2,3,stratified_scaffold_group,stratified_scaffold_group,25,xgb_60_d3,boosting,0.840524449795973,0.840524449795973,0.931294421972754,0.1198322852404523,0.0,0.8651547431945801,0.8080808080808081,0.6390728476821192,0.7235768278814636,1.0,0.8,0.0956594999879598
bbbp,classification,2,1,stratified_scaffold_group,stratified_scaffold_group,26,xgb_80_d5,boosting,0.8441740226986127,0.8441740226986127,0.9195359543457858,0.1454088718535393,0.0,0.8605891466140747,0.8,0.6950819672131148,0.7475409836065574,1.0,0.8,0.1058013999718241
bbbp,classification,2,2,stratified_scaffold_group,stratified_scaffold_group,26,xgb_80_d5,boosting,0.9053209519101758,0.9053209519101758,0.957236903824483,0.0886774110035423,0.0,0.7974685430526733,0.8061224489795918,0.889273356401384,0.847697902690488,1.0,0.8,0.1452396000386215
bbbp,classification,2,3,stratified_scaffold_group,stratified_scaffold_group,26,xgb_80_d5,boosting,0.845240484313332,0.845240484313332,0.9390530706096758,0.119363907423163,0.0,0.8821504712104797,0.8080808080808081,0.6788079470198676,0.7434443775503379,1.0,0.8,0.1170731000020168
bbbp,classification,2,1,stratified_scaffold_group,stratified_scaffold_group,27,xgb_100_d3,boosting,0.8352459016393443,0.8352459016393443,0.9164036617628316,0.1455985775205807,0.0,0.8268808722496033,0.8,0.7081967213114754,0.7540983606557377,1.0,0.8,0.0883104999666102
bbbp,classification,2,2,stratified_scaffold_group,stratified_scaffold_group,27,xgb_100_d3,boosting,0.8968822823246946,0.8968822823246946,0.9503580808992872,0.0919882936569973,0.0,0.7946606874465942,0.8061224489795918,0.8546712802768166,0.8303968646282043,1.0,0.8,0.1234430000185966
bbbp,classification,2,3,stratified_scaffold_group,stratified_scaffold_group,27,xgb_100_d3,boosting,0.8401398086828551,0.8401398086828551,0.9360942772418488,0.1201822265066273,0.0,0.8664054870605469,0.8080808080808081,0.6390728476821192,0.7235768278814636,1.0,0.8,0.1671094000339508
bbbp,classification,2,1,stratified_scaffold_group,stratified_scaffold_group,28,xgb_60_d6,boosting,0.8490668348045398,0.8490668348045398,0.9189521356335726,0.1399519720904716,0.0,0.8395848870277405,0.8,0.7475409836065574,0.7737704918032787,1.0,0.8,0.1531744999811053
bbbp,classification,2,2,stratified_scaffold_group,stratified_scaffold_group,28,xgb_60_d6,boosting,0.904367629404703,0.904367629404703,0.9593812927981488,0.0897233530355657,0.0,0.8008689880371094,0.8061224489795918,0.8788927335640139,0.8425075912718029,1.0,0.8,0.1517357999691739
bbbp,classification,2,3,stratified_scaffold_group,stratified_scaffold_group,28,xgb_60_d6,boosting,0.8570305706067296,0.8570305706067296,0.9450657599102908,0.1166652171681008,0.0,0.890108048915863,0.8080808080808081,0.6920529801324503,0.7500668941066292,1.0,0.8,0.1282141999690793
bbbp,classification,2,1,stratified_scaffold_group,stratified_scaffold_group,29,cat_60_d4,boosting,0.8069356872635562,0.8069356872635562,0.8883963310393086,0.1468558204985848,0.0,0.8365868762867479,0.8,0.5967213114754099,0.6983606557377049,1.0,0.8,0.3645692999707535
bbbp,classification,2,2,stratified_scaffold_group,stratified_scaffold_group,29,cat_60_d4,boosting,0.8904208742320457,0.8904208742320457,0.9493453062423118,0.0965835860253759,0.0,0.7981919488836641,0.8061224489795918,0.8096885813148789,0.8079055151472354,1.0,0.8,0.4812482999986969
bbbp,classification,2,3,stratified_scaffold_group,stratified_scaffold_group,29,cat_60_d4,boosting,0.8373804267844003,0.8373804267844003,0.931051553548504,0.1201263297978641,0.0,0.8288159954517021,0.8080808080808081,0.7185430463576159,0.7633119272192119,1.0,0.8,0.3491734000272117
bbbp,classification,2,1,stratified_scaffold_group,stratified_scaffold_group,30,cat_80_d6,boosting,0.8475662042875157,0.8475662042875157,0.9117148066744604,0.1400336867334011,0.0,0.8219076246646558,0.8,0.7147540983606557,0.7573770491803279,1.0,0.8,1.2681393999955617
bbbp,classification,2,2,stratified_scaffold_group,stratified_scaffold_group,30,cat_80_d6,boosting,0.9075453710896124,0.9075453710896124,0.9551186873914664,0.094425027500205,0.0,0.7806150118856767,0.8163265306122449,0.8858131487889274,0.8510698397005861,1.0,0.8,1.2552154999575578
bbbp,classification,2,3,stratified_scaffold_group,stratified_scaffold_group,30,cat_80_d6,boosting,0.8277978460097666,0.8277978460097666,0.924652457728498,0.1212010711224255,0.0,0.8728215767352795,0.8181818181818181,0.6192052980132451,0.7186935580975315,1.0,0.8,1.1402359999483451
bbbp,classification,2,1,stratified_scaffold_group,stratified_scaffold_group,31,cat_100_d4,boosting,0.8292686002522068,0.8292686002522068,0.8981281332667997,0.1411952483020813,0.0,0.8322202332472386,0.8,0.6327868852459017,0.7163934426229508,1.0,0.8,0.5609859999967739
bbbp,classification,2,2,stratified_scaffold_group,stratified_scaffold_group,31,cat_100_d4,boosting,0.8867488171739284,0.8867488171739284,0.944317350845809,0.0961555696163684,0.0,0.7840251587172425,0.8061224489795918,0.8546712802768166,0.8303968646282043,1.0,0.8,0.5659184000105597
bbbp,classification,2,3,stratified_scaffold_group,stratified_scaffold_group,31,cat_100_d4,boosting,0.841912502508529,0.841912502508529,0.9341949519195576,0.1195501213444746,0.0,0.8472354269067192,0.8080808080808081,0.6655629139072847,0.7368218609940465,1.0,0.8,0.5518656999920495
bbbp,classification,2,1,stratified_scaffold_group,stratified_scaffold_group,32,cat_60_d8,boosting,0.8507061790668348,0.8507061790668348,0.924891957013272,0.1443075012950985,0.0,0.8423311901279992,0.8,0.7114754098360656,0.7557377049180328,1.0,0.8,2.659808799973689
bbbp,classification,2,2,stratified_scaffold_group,stratified_scaffold_group,32,cat_60_d8,boosting,0.8980121460348846,0.8980121460348846,0.9538878111008882,0.0942181459602715,0.0,0.8115283911459198,0.8061224489795918,0.8546712802768166,0.8303968646282043,1.0,0.8,2.376029799983371
bbbp,classification,2,3,stratified_scaffold_group,stratified_scaffold_group,32,cat_60_d8,boosting,0.8597063348718976,0.8597063348718976,0.9483272058074056,0.1199913779862754,0.0,0.880445373331089,0.8181818181818181,0.6357615894039735,0.7269717037928958,1.0,0.8,2.207879599998705
bbbp,classification,3,1,stratified_scaffold_group,stratified_scaffold_group,1,logreg_l2_c0.1,linear,0.8184855785096693,0.8184855785096693,0.9214970355624422,0.1401311314754824,0.0,0.6977017887344733,0.8057553956834532,0.6513761467889908,0.728565771236222,1.0,0.8,0.0055267999996431
bbbp,classification,3,2,stratified_scaffold_group,stratified_scaffold_group,1,logreg_l2_c0.1,linear,0.8241966457559852,0.8241966457559852,0.9276808139578474,0.1222850791895684,0.0,0.7437551184177155,0.8037383177570093,0.5945205479452055,0.6991294328511074,1.0,0.8,0.006323000008706
bbbp,classification,3,3,stratified_scaffold_group,stratified_scaffold_group,1,logreg_l2_c0.1,linear,0.8724894291754757,0.8724894291754757,0.9481508190367292,0.1166101719097885,0.0,0.6090719629864956,0.8023255813953488,0.788961038961039,0.7956433101781939,1.0,0.8,0.0055014999816194
bbbp,classification,3,1,stratified_scaffold_group,stratified_scaffold_group,2,logreg_l2_c1,linear,0.7819698369744571,0.7819698369744571,0.9016035433418156,0.1545073464702815,0.0,0.9031362813604208,0.8057553956834532,0.5756880733944955,0.6907217345389743,1.0,0.8,0.0066225999617017
bbbp,classification,3,2,stratified_scaffold_group,stratified_scaffold_group,2,logreg_l2_c1,linear,0.802534886698246,0.802534886698246,0.9112251187536824,0.1243327193860208,0.0,0.9363953648444944,0.8037383177570093,0.5835616438356165,0.6936499807963129,1.0,0.8,0.0075440999935381
bbbp,classification,3,3,stratified_scaffold_group,stratified_scaffold_group,2,logreg_l2_c1,linear,0.8446655089096949,0.8446655089096949,0.9358611513180248,0.1222941230507851,0.0,0.8586631607041768,0.8023255813953488,0.7305194805194806,0.7664225309574146,1.0,0.8,0.0084702000021934
bbbp,classification,3,1,stratified_scaffold_group,stratified_scaffold_group,3,logreg_l2_c10,linear,0.7568889842254636,0.7568889842254636,0.8900473868313432,0.1874704937674191,0.0,0.9909220691751182,0.8129496402877698,0.5458715596330275,0.6794105999603987,1.0,0.8,0.0105859000468626
bbbp,classification,3,2,stratified_scaffold_group,stratified_scaffold_group,3,logreg_l2_c10,linear,0.7758801689924466,0.7758801689924466,0.8915698829407473,0.1434760157331591,0.0,0.996922931017852,0.8130841121495327,0.5342465753424658,0.6736653437459992,1.0,0.8,0.0102918000193312
bbbp,classification,3,3,stratified_scaffold_group,stratified_scaffold_group,3,logreg_l2_c10,linear,0.8107256115977047,0.8107256115977047,0.9188408586260548,0.158006145082275,0.0,0.9887087684233076,0.813953488372093,0.6655844155844156,0.7397689519782543,1.0,0.8,0.0129234999767504
bbbp,classification,3,1,stratified_scaffold_group,stratified_scaffold_group,4,logreg_l1_c1,linear,0.7896095967262886,0.7896095967262886,0.9137325293215828,0.1581687076179902,0.0,0.8379068348211849,0.8057553956834532,0.6192660550458715,0.7125107253646623,1.0,0.8,0.0112309999531134
bbbp,classification,3,2,stratified_scaffold_group,stratified_scaffold_group,4,logreg_l1_c1,linear,0.798975803354244,0.798975803354244,0.9135030687831496,0.135430824140288,0.0,0.889575765296293,0.8037383177570093,0.6191780821917808,0.7114581999743951,1.0,0.8,0.0115729999961331
bbbp,classification,3,3,stratified_scaffold_group,stratified_scaffold_group,4,logreg_l1_c1,linear,0.8649765931742677,0.8649765931742677,0.944244789812216,0.1141884040740441,0.0,0.7999205595697286,0.8023255813953488,0.7792207792207793,0.790773180308064,1.0,0.8,0.0160155000048689
bbbp,classification,3,1,stratified_scaffold_group,stratified_scaffold_group,5,rf_60_sqrt,bagging,0.855851098937364,0.855851098937364,0.943172447599694,0.1201328961090476,0.0,0.8188424717145344,0.8129496402877698,0.6720183486238532,0.7424839944558115,1.0,0.8,0.1283754999749362
bbbp,classification,3,2,stratified_scaffold_group,stratified_scaffold_group,5,rf_60_sqrt,bagging,0.8758161567020868,0.8758161567020868,0.9463639153195872,0.1085191664533143,0.0,0.7612301874764493,0.8317757009345794,0.7424657534246575,0.7871207271796185,1.0,0.8,0.1296904000337235
bbbp,classification,3,3,stratified_scaffold_group,stratified_scaffold_group,5,rf_60_sqrt,bagging,0.8547644216248867,0.8547644216248867,0.942615853198594,0.1062481613353783,0.0,0.8016685772513056,0.813953488372093,0.6688311688311688,0.7413923286016308,1.0,0.8,0.124445800029207
bbbp,classification,3,1,stratified_scaffold_group,stratified_scaffold_group,6,rf_90_d12,bagging,0.8430714144280906,0.8430714144280906,0.9358311508998706,0.1267592758978412,0.0,0.7593177962269917,0.8057553956834532,0.6720183486238532,0.7388868721536532,1.0,0.8,0.1713269999600015
bbbp,classification,3,2,stratified_scaffold_group,stratified_scaffold_group,6,rf_90_d12,bagging,0.8810395595954423,0.8810395595954423,0.9501238551707852,0.1134104969660956,0.0,0.7128240035206614,0.822429906542056,0.7753424657534247,0.7988861861477403,1.0,0.8,0.1764902000431902
bbbp,classification,3,3,stratified_scaffold_group,stratified_scaffold_group,6,rf_90_d12,bagging,0.8478745092117184,0.8478745092117184,0.942273023017738,0.118992013053106,0.0,0.7191785569179429,0.8023255813953488,0.6428571428571429,0.7225913621262459,1.0,0.8,0.1627348999609239
bbbp,classification,3,1,stratified_scaffold_group,stratified_scaffold_group,7,rf_90_leaf2,bagging,0.8411655996303875,0.8411655996303875,0.930176195688579,0.122487409324145,0.0,0.7684371743783072,0.8129496402877698,0.6743119266055045,0.7436307834466371,1.0,0.8,0.1690898999804631
bbbp,classification,3,2,stratified_scaffold_group,stratified_scaffold_group,7,rf_90_leaf2,bagging,0.8780181794904622,0.8780181794904622,0.9520252990742664,0.1119141380267689,0.0,0.7092849285629186,0.8037383177570093,0.7863013698630137,0.7950198438100116,1.0,0.8,0.1725584999658167
bbbp,classification,3,3,stratified_scaffold_group,stratified_scaffold_group,7,rf_90_leaf2,bagging,0.8672040169133192,0.8672040169133192,0.948742047929218,0.1068687143714736,0.0,0.7370569264858495,0.8023255813953488,0.685064935064935,0.7436952582301419,1.0,0.8,0.1730192999821156
bbbp,classification,3,1,stratified_scaffold_group,stratified_scaffold_group,8,rf_120_d20_leaf2,bagging,0.842708402085671,0.842708402085671,0.933570216732492,0.1218432974791622,0.0,0.7722824795067456,0.8057553956834532,0.6788990825688074,0.7423272391261303,1.0,0.8,0.2240531999850645
bbbp,classification,3,2,stratified_scaffold_group,stratified_scaffold_group,8,rf_120_d20_leaf2,bagging,0.8782998335680451,0.8782998335680451,0.9525014027090664,0.1141757657937382,0.0,0.6977132866441835,0.8037383177570093,0.7753424657534247,0.7895403917552171,1.0,0.8,0.2396912000258453
bbbp,classification,3,3,stratified_scaffold_group,stratified_scaffold_group,8,rf_120_d20_leaf2,bagging,0.8667132286318333,0.8667132286318333,0.9473458551082904,0.1105223834673052,0.0,0.6966753261756381,0.8023255813953488,0.7597402597402597,0.7810329205678043,1.0,0.8,0.2180511999758891
bbbp,classification,3,1,stratified_scaffold_group,stratified_scaffold_group,9,et_60_sqrt,bagging,0.844845224737641,0.844845224737641,0.9333693389062016,0.116402193220599,0.0,0.8240954580446498,0.8057553956834532,0.6720183486238532,0.7388868721536532,1.0,0.8,0.0777674000128172
bbbp,classification,3,2,stratified_scaffold_group,stratified_scaffold_group,9,et_60_sqrt,bagging,0.8865190116502367,0.8865190116502367,0.9584052276913246,0.1025463521602736,0.0,0.8205366357069143,0.8130841121495327,0.7232876712328767,0.7681858916912048,1.0,0.8,0.079078099981416
bbbp,classification,3,3,stratified_scaffold_group,stratified_scaffold_group,9,et_60_sqrt,bagging,0.8714512231954092,0.8714512231954092,0.9502890340643684,0.1008634257968368,0.0,0.7705826170009551,0.8023255813953488,0.775974025974026,0.7891498036846873,1.0,0.8,0.0752854000311344
bbbp,classification,3,1,stratified_scaffold_group,stratified_scaffold_group,10,et_90_d12,bagging,0.8550590720084482,0.8550590720084482,0.9375845737256449,0.1222887978959546,0.0,0.7261191512303609,0.8129496402877698,0.7408256880733946,0.7768876641805822,1.0,0.8,0.0942737000295892
bbbp,classification,3,2,stratified_scaffold_group,stratified_scaffold_group,10,et_90_d12,bagging,0.8649084624247857,0.8649084624247857,0.9427527922215996,0.1143362691783436,0.0,0.7076403469849933,0.8130841121495327,0.7671232876712328,0.7901036999103828,1.0,0.8,0.1107805999927222
bbbp,classification,3,3,stratified_scaffold_group,stratified_scaffold_group,10,et_90_d12,bagging,0.8751698882512836,0.8751698882512836,0.9557104278289332,0.1181293833211544,0.0,0.6789197353048478,0.8023255813953488,0.7532467532467533,0.7777861673210511,1.0,0.8,0.1062292999704368
bbbp,classification,3,1,stratified_scaffold_group,stratified_scaffold_group,11,et_90_leaf2,bagging,0.8456537522275758,0.8456537522275758,0.937900508187414,0.1177140482134824,0.0,0.7905429351556537,0.8057553956834532,0.6307339449541285,0.7182446703187908,1.0,0.8,0.1116438999888487
bbbp,classification,3,2,stratified_scaffold_group,stratified_scaffold_group,11,et_90_leaf2,bagging,0.8776853155805915,0.8776853155805915,0.952520923724864,0.1061580390577886,0.0,0.7225460525051981,0.8037383177570093,0.7726027397260274,0.7881705287415184,1.0,0.8,0.0960512000019662
bbbp,classification,3,3,stratified_scaffold_group,stratified_scaffold_group,11,et_90_leaf2,bagging,0.8763024765931744,0.8763024765931744,0.94837823483045,0.1044788025420039,0.0,0.7155870613742489,0.8023255813953488,0.7532467532467533,0.7777861673210511,1.0,0.8,0.102630500041414
bbbp,classification,3,1,stratified_scaffold_group,stratified_scaffold_group,12,et_120_d20_leaf2,bagging,0.8489621147119002,0.8489621147119002,0.9380671757548128,0.1172844575493225,0.0,0.781702506751085,0.8057553956834532,0.6284403669724771,0.7170978813279651,1.0,0.8,0.1405694000422954
bbbp,classification,3,2,stratified_scaffold_group,stratified_scaffold_group,12,et_120_d20_leaf2,bagging,0.8654205607476636,0.8654205607476636,0.9452060628203888,0.1095384994634344,0.0,0.7288065765779702,0.8037383177570093,0.7534246575342466,0.778581487645628,1.0,0.8,0.1567071999888867
bbbp,classification,3,3,stratified_scaffold_group,stratified_scaffold_group,12,et_120_d20_leaf2,bagging,0.8692426759287225,0.8692426759287225,0.9492352260096268,0.1079853583942943,0.0,0.7041994677487053,0.8023255813953488,0.7337662337662337,0.7680459075807913,1.0,0.8,0.1358971000299789
bbbp,classification,3,1,stratified_scaffold_group,stratified_scaffold_group,13,histgb_lr0.05,boosting,0.8373704705960003,0.8373704705960003,0.9163529628837632,0.1153111049935872,0.0,0.8705034463626613,0.8057553956834532,0.7247706422018348,0.765263018942644,1.0,0.8,1.1411001999513246
bbbp,classification,3,2,stratified_scaffold_group,stratified_scaffold_group,13,histgb_lr0.05,boosting,0.8794264498783767,0.8794264498783767,0.9495443735262992,0.1028065975267598,0.0,0.8535714753473083,0.8037383177570093,0.8246575342465754,0.8141979260017924,1.0,0.8,1.2184503000462428
bbbp,classification,3,3,stratified_scaffold_group,stratified_scaffold_group,13,histgb_lr0.05,boosting,0.8704885231048022,0.8704885231048022,0.940499818049812,0.088913754054339,0.0,0.8709022601651949,0.8023255813953488,0.7175324675324676,0.7599290244639082,1.0,0.8,1.174646599974949
bbbp,classification,3,1,stratified_scaffold_group,stratified_scaffold_group,14,histgb_lr0.1,boosting,0.828121906144809,0.828121906144809,0.9215083684289662,0.1200448767701036,0.0,0.9121043769747053,0.8057553956834532,0.6605504587155964,0.7331529271995247,1.0,0.8,0.8983405000180937
bbbp,classification,3,2,stratified_scaffold_group,stratified_scaffold_group,14,histgb_lr0.1,boosting,0.8744590961464601,0.8744590961464601,0.949858053804674,0.1048079651138655,0.0,0.8976001170670848,0.8037383177570093,0.7945205479452054,0.7991294328511074,1.0,0.8,0.9228610999998637
bbbp,classification,3,3,stratified_scaffold_group,stratified_scaffold_group,14,histgb_lr0.1,boosting,0.8687141347025068,0.8687141347025068,0.9362301550534182,0.0893342302749223,0.0,0.8456962297736349,0.8023255813953488,0.7857142857142857,0.7940199335548173,1.0,0.8,0.961824300000444
bbbp,classification,3,1,stratified_scaffold_group,stratified_scaffold_group,15,gb_lr0.05_d2,boosting,0.7953600422414361,0.7953600422414361,0.8871244167073195,0.1326647782967784,0.0,0.8692509333264739,0.8057553956834532,0.5688073394495413,0.6872813675664973,1.0,0.8,0.3938754000118933
bbbp,classification,3,2,stratified_scaffold_group,stratified_scaffold_group,15,gb_lr0.05_d2,boosting,0.8038919472538728,0.8038919472538728,0.9126906611041092,0.1206907400354861,0.0,0.8440130648064184,0.8037383177570093,0.5561643835616439,0.6799513506593267,1.0,0.8,0.4723360000061802
bbbp,classification,3,3,stratified_scaffold_group,stratified_scaffold_group,15,gb_lr0.05_d2,boosting,0.840286167321051,0.840286167321051,0.9330385792925068,0.10639286708781,0.0,0.8220840024233733,0.8023255813953488,0.6623376623376623,0.7323316218665056,1.0,0.8,0.5257194999721833
bbbp,classification,3,1,stratified_scaffold_group,stratified_scaffold_group,16,gb_lr0.1_d3,boosting,0.8428651574153521,0.8428651574153521,0.9166563784834272,0.1191494598324092,0.0,0.8857877898043988,0.8057553956834532,0.7087155963302753,0.7572354960068642,1.0,0.8,0.6094954000436701
bbbp,classification,3,2,stratified_scaffold_group,stratified_scaffold_group,16,gb_lr0.1_d3,boosting,0.8697605940340546,0.8697605940340546,0.951602520864357,0.1029948273819791,0.0,0.8752216446788762,0.8037383177570093,0.7589041095890411,0.7813212136730252,1.0,0.8,0.7310406000469811
bbbp,classification,3,3,stratified_scaffold_group,stratified_scaffold_group,16,gb_lr0.1_d3,boosting,0.86163545756569,0.86163545756569,0.9460255599813616,0.092974840309155,0.0,0.8588159066719327,0.8023255813953488,0.6818181818181818,0.7420718816067653,1.0,0.8,0.8348816999932751
bbbp,classification,3,1,stratified_scaffold_group,stratified_scaffold_group,17,lgbm_60_l15,boosting,0.8329318196818691,0.8329318196818691,0.914938034438346,0.122772003172272,0.0,0.8712082194886389,0.8129496402877698,0.6834862385321101,0.74821793940994,1.0,0.8,0.1096076000249013
bbbp,classification,3,2,stratified_scaffold_group,stratified_scaffold_group,17,lgbm_60_l15,boosting,0.8818717193701191,0.8818717193701191,0.951485614049254,0.1062449407652332,0.0,0.8573170298937093,0.8037383177570093,0.7972602739726027,0.8004992958648061,1.0,0.8,0.0626737000420689
bbbp,classification,3,3,stratified_scaffold_group,stratified_scaffold_group,17,lgbm_60_l15,boosting,0.8780768649954697,0.8780768649954697,0.9494120526747848,0.0921255556583358,0.0,0.8524656106505424,0.8023255813953488,0.724025974025974,0.7631757777106614,1.0,0.8,0.0639439999940805
bbbp,classification,3,1,stratified_scaffold_group,stratified_scaffold_group,18,lgbm_90_l31,boosting,0.8393340373572702,0.8393340373572702,0.9197301249790444,0.1183532400353326,0.0,0.8837871845616534,0.8057553956834532,0.7522935779816514,0.7790244868325523,1.0,0.8,0.154234199959319
bbbp,classification,3,2,stratified_scaffold_group,stratified_scaffold_group,18,lgbm_90_l31,boosting,0.8898988605812315,0.8898988605812315,0.9558856670727643,0.102731676832736,0.0,0.8808603559183971,0.8037383177570093,0.8657534246575342,0.8347458712072717,1.0,0.8,0.2399796000099741
bbbp,classification,3,3,stratified_scaffold_group,stratified_scaffold_group,18,lgbm_90_l31,boosting,0.889062971911809,0.889062971911809,0.951876416300853,0.0846030253840413,0.0,0.8545045669509561,0.8023255813953488,0.7987012987012987,0.8005134400483238,1.0,0.8,0.2023309000069275
bbbp,classification,3,1,stratified_scaffold_group,stratified_scaffold_group,19,lgbm_60_l63,boosting,0.8298214639297735,0.8298214639297735,0.9142135368426664,0.121638689435518,0.0,0.913172719372657,0.8201438848920863,0.7018348623853211,0.7609893736387037,1.0,0.8,0.325652599975001
bbbp,classification,3,2,stratified_scaffold_group,stratified_scaffold_group,19,lgbm_60_l63,boosting,0.892587376776341,0.892587376776341,0.9535965816388878,0.1036709010910066,0.0,0.8701983812509471,0.8037383177570093,0.8849315068493151,0.8443349123031623,1.0,0.8,0.1019864999689161
bbbp,classification,3,3,stratified_scaffold_group,stratified_scaffold_group,19,lgbm_60_l63,boosting,0.8847968891573543,0.8847968891573543,0.9487466584087956,0.0853929758693028,0.0,0.86552137144403,0.8023255813953488,0.7857142857142857,0.7940199335548173,1.0,0.8,0.1662588999606669
bbbp,classification,3,1,stratified_scaffold_group,stratified_scaffold_group,20,lgbm_100_leaf10,boosting,0.8391525311860604,0.8391525311860604,0.9277845134322356,0.1180859970069256,0.0,0.9502737998376004,0.8057553956834532,0.6490825688073395,0.7274189822453964,1.0,0.8,0.2977493000216782
bbbp,classification,3,2,stratified_scaffold_group,stratified_scaffold_group,20,lgbm_100_leaf10,boosting,0.8692869030853925,0.8692869030853925,0.9425546919935396,0.1079836682263296,0.0,0.9318986560537617,0.8130841121495327,0.821917808219178,0.8175009601843554,1.0,0.8,0.2591879999963566
bbbp,classification,3,3,stratified_scaffold_group,stratified_scaffold_group,20,lgbm_100_leaf10,boosting,0.8727914527333133,0.8727914527333133,0.9382515113942074,0.091185669557981,0.0,0.9146973330701728,0.8023255813953488,0.7045454545454546,0.7534355179704018,1.0,0.8,0.1880294000147842
bbbp,classification,3,1,stratified_scaffold_group,stratified_scaffold_group,21,lgbm_100_leaf30,boosting,0.8345406243812289,0.8345406243812289,0.924600457256058,0.1190919477651565,0.0,0.9022609004132166,0.8057553956834532,0.658256880733945,0.7320061382086991,1.0,0.8,0.1792988000088371
bbbp,classification,3,2,stratified_scaffold_group,stratified_scaffold_group,21,lgbm_100_leaf30,boosting,0.870413519395724,0.870413519395724,0.9425219834662132,0.1035570273253828,0.0,0.8883844526252367,0.8037383177570093,0.7424657534246575,0.7731020355908333,1.0,0.8,0.0698130999808199
bbbp,classification,3,3,stratified_scaffold_group,stratified_scaffold_group,21,lgbm_100_leaf30,boosting,0.8763779824826337,0.8763779824826337,0.9488178735365392,0.0923441250952953,0.0,0.8173573310730489,0.8023255813953488,0.8181818181818182,0.8102536997885835,1.0,0.8,0.0760247999569401
bbbp,classification,3,1,stratified_scaffold_group,stratified_scaffold_group,22,lgbm_80_ff0.7,boosting,0.8272473764107979,0.8272473764107979,0.9127039424453536,0.120110335228682,0.0,0.9266994475738106,0.8057553956834532,0.6903669724770642,0.7480611840802587,1.0,0.8,0.0843516000313684
bbbp,classification,3,2,stratified_scaffold_group,stratified_scaffold_group,22,lgbm_80_ff0.7,boosting,0.8840353347842788,0.8840353347842788,0.9565846142169596,0.1042286195371717,0.0,0.9114739793524638,0.8037383177570093,0.8054794520547945,0.8046088849059019,1.0,0.8,0.103963500005193
bbbp,classification,3,3,stratified_scaffold_group,stratified_scaffold_group,22,lgbm_80_ff0.7,boosting,0.8936310782241015,0.8936310782241015,0.9438119547980384,0.0811551016441886,0.0,0.8342705867145468,0.8023255813953488,0.8538961038961039,0.8281108426457264,1.0,0.8,0.0923263999866321
bbbp,classification,3,1,stratified_scaffold_group,stratified_scaffold_group,23,lgbm_80_bag0.8,boosting,0.8396887994191802,0.8396887994191802,0.9207403226299204,0.1157489839349419,0.0,0.9258223276628876,0.8129496402877698,0.6559633027522935,0.7344564715200317,1.0,0.8,0.0908893000450916
bbbp,classification,3,2,stratified_scaffold_group,stratified_scaffold_group,23,lgbm_80_bag0.8,boosting,0.8842913839457177,0.8842913839457177,0.9525008603383304,0.1001580567495094,0.0,0.9016708780975397,0.8037383177570093,0.7808219178082192,0.7922801177826142,1.0,0.8,0.0812399000278674
bbbp,classification,3,3,stratified_scaffold_group,stratified_scaffold_group,23,lgbm_80_bag0.8,boosting,0.8949524312896405,0.8949524312896405,0.9554627174779612,0.0800225748958398,0.0,0.8531557818170128,0.8023255813953488,0.8603896103896104,0.8313575958924796,1.0,0.8,0.0889668999589048
bbbp,classification,3,1,stratified_scaffold_group,stratified_scaffold_group,24,lgbm_120_l15,boosting,0.8287571777440432,0.8287571777440432,0.9122924884129464,0.1189391179071807,0.0,0.8727297457675685,0.8129496402877698,0.7293577981651376,0.7711537192264537,1.0,0.8,0.0726630000281147
bbbp,classification,3,2,stratified_scaffold_group,stratified_scaffold_group,24,lgbm_120_l15,boosting,0.8847778773524516,0.8847778773524516,0.951547213581548,0.100870176352515,0.0,0.8646054819634988,0.8037383177570093,0.8164383561643835,0.8100883369606964,1.0,0.8,0.0815486999927088
bbbp,classification,3,3,stratified_scaffold_group,stratified_scaffold_group,24,lgbm_120_l15,boosting,0.8741128057988523,0.8741128057988523,0.9458930558182204,0.0885299252860048,0.0,0.8572395676623624,0.8023255813953488,0.7564935064935064,0.7794095439444276,1.0,0.8,0.0817412000033073
bbbp,classification,3,1,stratified_scaffold_group,stratified_scaffold_group,25,xgb_60_d3,boosting,0.8215876839812554,0.8215876839812554,0.9011774312461938,0.1269862419870163,0.0,0.8748685717582703,0.8057553956834532,0.6238532110091743,0.7148043033463138,1.0,0.8,0.0610328000038862
bbbp,classification,3,2,stratified_scaffold_group,stratified_scaffold_group,25,xgb_60_d3,boosting,0.8537959288183331,0.8537959288183331,0.9454006578766648,0.1111345549624308,0.0,0.8549588918685913,0.8037383177570093,0.6986301369863014,0.7511842273716554,1.0,0.8,0.0664941000286489
bbbp,classification,3,3,stratified_scaffold_group,stratified_scaffold_group,25,xgb_60_d3,boosting,0.860314104500151,0.860314104500151,0.9456791612948094,0.0984617506636779,0.0,0.8390886783599854,0.8023255813953488,0.6428571428571429,0.7225913621262459,1.0,0.8,0.0612273999722674
bbbp,classification,3,1,stratified_scaffold_group,stratified_scaffold_group,26,xgb_80_d5,boosting,0.8364134380568939,0.8364134380568939,0.9265749471389992,0.1204891096023303,0.0,0.8865646123886108,0.8057553956834532,0.6857798165137615,0.7457676060986074,1.0,0.8,0.0878186000045389
bbbp,classification,3,2,stratified_scaffold_group,stratified_scaffold_group,26,xgb_80_d5,boosting,0.8602227627704521,0.8602227627704521,0.9433432235455516,0.1067216176814833,0.0,0.8782103061676025,0.8037383177570093,0.7013698630136986,0.752554090385354,1.0,0.8,0.0982451000018045
bbbp,classification,3,3,stratified_scaffold_group,stratified_scaffold_group,26,xgb_80_d5,boosting,0.8652786167321052,0.8652786167321052,0.9491771718980504,0.0926354868992945,0.0,0.8573242425918579,0.8023255813953488,0.6948051948051948,0.7485653881002718,1.0,0.8,0.0988149000331759
bbbp,classification,3,1,stratified_scaffold_group,stratified_scaffold_group,27,xgb_100_d3,boosting,0.8281961586693947,0.8281961586693947,0.901942126306035,0.1239487780924733,0.0,0.8752855658531189,0.8057553956834532,0.6536697247706422,0.7297125602270478,1.0,0.8,0.0827381000271998
bbbp,classification,3,2,stratified_scaffold_group,stratified_scaffold_group,27,xgb_100_d3,boosting,0.8458456023556523,0.8458456023556523,0.9404825634265768,0.1087366151733717,0.0,0.830965518951416,0.8037383177570093,0.6767123287671233,0.7402253232620664,1.0,0.8,0.0799821999971754
bbbp,classification,3,3,stratified_scaffold_group,stratified_scaffold_group,27,xgb_100_d3,boosting,0.853650709755361,0.853650709755361,0.9414895646749576,0.0977952135644637,0.0,0.8327603340148926,0.8023255813953488,0.6525974025974026,0.7274614919963758,1.0,0.8,0.0819909999845549
bbbp,classification,3,1,stratified_scaffold_group,stratified_scaffold_group,28,xgb_60_d6,boosting,0.8329978219259454,0.8329978219259454,0.9249964658806912,0.1165604901540293,0.0,0.8859403729438782,0.8057553956834532,0.6559633027522935,0.7308593492178734,1.0,0.8,0.0768856999929994
bbbp,classification,3,2,stratified_scaffold_group,stratified_scaffold_group,28,xgb_60_d6,boosting,0.8699014210728461,0.8699014210728461,0.950098044576722,0.1039812411183396,0.0,0.8835604786872864,0.8037383177570093,0.7068493150684931,0.7552938164127512,1.0,0.8,0.0862429999979212
bbbp,classification,3,3,stratified_scaffold_group,stratified_scaffold_group,28,xgb_60_d6,boosting,0.860559498640894,0.860559498640894,0.942909598969092,0.0925300030915575,0.0,0.8575616478919983,0.8023255813953488,0.7175324675324676,0.7599290244639082,1.0,0.8,0.0758927999995648
bbbp,classification,3,1,stratified_scaffold_group,stratified_scaffold_group,29,cat_60_d4,boosting,0.8143439376938816,0.8143439376938816,0.9092497536900784,0.1313477075912121,0.0,0.8702522361878716,0.8057553956834532,0.5871559633027523,0.6964556794931027,1.0,0.8,0.2840965999639593
bbbp,classification,3,2,stratified_scaffold_group,stratified_scaffold_group,29,cat_60_d4,boosting,0.8168736397388299,0.8168736397388299,0.9285895404843024,0.1177461683013235,0.0,0.8331938094188475,0.8037383177570093,0.6,0.7018691588785047,1.0,0.8,0.3767478999798186
bbbp,classification,3,3,stratified_scaffold_group,stratified_scaffold_group,29,cat_60_d4,boosting,0.8423248263364542,0.8423248263364542,0.9360026474672686,0.1024128924449763,0.0,0.842845043518521,0.8023255813953488,0.6006493506493507,0.7014874660223498,1.0,0.8,0.3073953000130132
bbbp,classification,3,1,stratified_scaffold_group,stratified_scaffold_group,30,cat_80_d6,boosting,0.8214226783710646,0.8214226783710646,0.908284924559833,0.1262717434752652,0.0,0.8719701322751348,0.8057553956834532,0.6215596330275229,0.7136575143554881,1.0,0.8,1.1983559000073
bbbp,classification,3,2,stratified_scaffold_group,stratified_scaffold_group,30,cat_80_d6,boosting,0.8399436691844835,0.8399436691844835,0.9367215136602718,0.1131603396080535,0.0,0.831039258179572,0.8037383177570093,0.6438356164383562,0.7237869670976828,1.0,0.8,1.065667199960444
bbbp,classification,3,3,stratified_scaffold_group,stratified_scaffold_group,30,cat_80_d6,boosting,0.8492713681667171,0.8492713681667171,0.9342828527576126,0.0975472635318829,0.0,0.8405540659370163,0.8023255813953488,0.6590909090909091,0.7307082452431289,1.0,0.8,1.0317868999554776
bbbp,classification,3,1,stratified_scaffold_group,stratified_scaffold_group,31,cat_100_d4,boosting,0.825910830968253,0.825910830968253,0.92497162051792,0.1294390149984683,0.0,0.8597133990083262,0.8057553956834532,0.6399082568807339,0.7228318262820936,1.0,0.8,0.4932805999997072
bbbp,classification,3,2,stratified_scaffold_group,stratified_scaffold_group,31,cat_100_d4,boosting,0.823223658942517,0.823223658942517,0.928702455377715,0.1161092708145552,0.0,0.8322777849408382,0.8130841121495327,0.5863013698630137,0.6996927410062732,1.0,0.8,0.4751600999734364
bbbp,classification,3,3,stratified_scaffold_group,stratified_scaffold_group,31,cat_100_d4,boosting,0.8654673814557535,0.8654673814557535,0.9490140893573752,0.1005499160942737,0.0,0.8022939253403784,0.8023255813953488,0.7597402597402597,0.7810329205678043,1.0,0.8,0.5043886000057682
bbbp,classification,3,1,stratified_scaffold_group,stratified_scaffold_group,32,cat_60_d8,boosting,0.8283446637185665,0.8283446637185665,0.9191303790315328,0.1270313377657745,0.0,0.8742972049368013,0.8057553956834532,0.6422018348623854,0.7239786152729193,1.0,0.8,2.6281593999592587
bbbp,classification,3,2,stratified_scaffold_group,stratified_scaffold_group,32,cat_60_d8,boosting,0.8618870823198054,0.8618870823198054,0.9470571114020584,0.1100773113673138,0.0,0.835868965996718,0.8037383177570093,0.7068493150684931,0.7552938164127512,1.0,0.8,2.512842700001784
bbbp,classification,3,3,stratified_scaffold_group,stratified_scaffold_group,32,cat_60_d8,boosting,0.8542170039263062,0.8542170039263062,0.938837670350782,0.0980343336774911,0.0,0.8374768417594943,0.8023255813953488,0.7207792207792207,0.7615524010872847,1.0,0.8,2.9501356999971904
bace,classification,1,1,stratified_scaffold_group,stratified_scaffold_group,1,logreg_l2_c0.1,linear,0.8724114630947176,0.8724114630947176,0.8215707290938902,0.1460686274307721,1.0,0.4900818383254753,0.8201438848920863,0.8121546961325967,0.8161492905123415,1.0,0.8,0.0059479000046849
bace,classification,1,2,stratified_scaffold_group,stratified_scaffold_group,1,logreg_l2_c0.1,linear,0.8420846866353904,0.8420846866353904,0.7897626478975823,0.1647695317827004,1.0,0.5088254092430763,0.803680981595092,0.7598039215686274,0.7817424515818597,1.0,0.8,0.0053082999656908
bace,classification,1,3,stratified_scaffold_group,stratified_scaffold_group,1,logreg_l2_c0.1,linear,0.8504397130293914,0.8504397130293914,0.8075326034279492,0.1507484612333569,1.0,0.4536073826448667,0.8103448275862069,0.8523489932885906,0.8313469104373987,1.0,0.8,0.0058818999677896
bace,classification,1,1,stratified_scaffold_group,stratified_scaffold_group,2,logreg_l2_c1,linear,0.8612822449222942,0.8612822449222942,0.8169520672886641,0.1586344682978096,1.0,0.4339080694635217,0.8057553956834532,0.7569060773480663,0.7813307365157598,1.0,0.8,0.0081961999530904
bace,classification,1,2,stratified_scaffold_group,stratified_scaffold_group,2,logreg_l2_c1,linear,0.8273487309034043,0.8273487309034043,0.7705355389575816,0.1847979260625318,1.0,0.3803434510137145,0.8159509202453987,0.6911764705882353,0.753563695416817,1.0,0.8,0.007248600013554
bace,classification,1,3,stratified_scaffold_group,stratified_scaffold_group,2,logreg_l2_c1,linear,0.8500925711640824,0.8500925711640824,0.8220368147325047,0.1535465644712951,1.0,0.3629376955030955,0.8017241379310345,0.7718120805369127,0.7867681092339736,1.0,0.8,0.0093476000474765
bace,classification,1,1,stratified_scaffold_group,stratified_scaffold_group,3,logreg_l2_c10,linear,0.8465360308438332,0.8465360308438332,0.8020709070909535,0.1880473060353665,1.0,0.346596686649731,0.8057553956834532,0.7569060773480663,0.7813307365157598,1.0,0.8,0.0124308000085875
bace,classification,1,2,stratified_scaffold_group,stratified_scaffold_group,3,logreg_l2_c10,linear,0.8048237699987971,0.8048237699987971,0.7374938381438817,0.2210829802174914,1.0,0.3065651337108537,0.803680981595092,0.696078431372549,0.7498797064838205,1.0,0.8,0.013790400000289
bace,classification,1,3,stratified_scaffold_group,stratified_scaffold_group,3,logreg_l2_c10,linear,0.8273547789863458,0.8273547789863458,0.8133686271734825,0.1805189283989897,1.0,0.2597392105568935,0.8017241379310345,0.738255033557047,0.7699895857440407,1.0,0.8,0.0136697000125423
bace,classification,1,1,stratified_scaffold_group,stratified_scaffold_group,4,logreg_l1_c1,linear,0.8567113160300488,0.8567113160300488,0.8246082802796317,0.1560075067960492,1.0,0.4631823840903599,0.8129496402877698,0.7845303867403315,0.7987400135140507,1.0,0.8,0.0531183999846689
bace,classification,1,2,stratified_scaffold_group,stratified_scaffold_group,4,logreg_l1_c1,linear,0.8324311319619873,0.8324311319619873,0.7836888179501876,0.1732415298920651,1.0,0.3576516858368537,0.803680981595092,0.7009803921568627,0.7523306868759774,1.0,0.8,0.0383391000214032
bace,classification,1,3,stratified_scaffold_group,stratified_scaffold_group,4,logreg_l1_c1,linear,0.8390997454292987,0.8390997454292987,0.8168594246768597,0.1585537479586172,1.0,0.3881285420799271,0.8017241379310345,0.785234899328859,0.7934795186299468,1.0,0.8,0.0328256999491713
bace,classification,1,1,stratified_scaffold_group,stratified_scaffold_group,5,rf_60_sqrt,bagging,0.8891649111649906,0.8891649111649906,0.8464548689913736,0.1356832435818427,1.0,0.5166666666666667,0.8057553956834532,0.8232044198895028,0.8144799077864779,1.0,0.8,0.1477197000058367
bace,classification,1,2,stratified_scaffold_group,stratified_scaffold_group,5,rf_60_sqrt,bagging,0.8603693010946709,0.8603693010946709,0.8227646581080978,0.1518514885636402,1.0,0.3762962962962962,0.8098159509202454,0.6911764705882353,0.7504962107542403,1.0,0.8,0.1494383999961428
bace,classification,1,3,stratified_scaffold_group,stratified_scaffold_group,5,rf_60_sqrt,bagging,0.8686068039805601,0.8686068039805601,0.8160604923805673,0.1478356003395466,1.0,0.339173561396009,0.8103448275862069,0.8053691275167785,0.8078569775514927,1.0,0.8,0.1391392999794334
bace,classification,1,1,stratified_scaffold_group,stratified_scaffold_group,6,rf_90_d12,bagging,0.8931595055447353,0.8931595055447353,0.8606052794766023,0.1352936309051451,1.0,0.4778054451051494,0.8345323741007195,0.8342541436464088,0.8343932588735641,1.0,0.8,0.2022554000141099
bace,classification,1,2,stratified_scaffold_group,stratified_scaffold_group,6,rf_90_d12,bagging,0.8511067003488513,0.8511067003488513,0.8293153138534247,0.1574106126347733,1.0,0.3978106780430975,0.803680981595092,0.7156862745098039,0.7596836280524479,1.0,0.8,0.1947434999747201
bace,classification,1,3,stratified_scaffold_group,stratified_scaffold_group,6,rf_90_d12,bagging,0.8746817866234669,0.8746817866234669,0.8154834915145316,0.146148742907983,1.0,0.4172965717453782,0.8017241379310345,0.8389261744966443,0.8203251562138394,1.0,0.8,0.2099249000311829
bace,classification,1,1,stratified_scaffold_group,stratified_scaffold_group,7,rf_90_leaf2,bagging,0.8877141380817999,0.8877141380817999,0.8634787835647383,0.1376624222313819,1.0,0.500915068881015,0.8057553956834532,0.8287292817679558,0.8172423387257045,1.0,0.8,0.1675757999764755
bace,classification,1,2,stratified_scaffold_group,stratified_scaffold_group,7,rf_90_leaf2,bagging,0.8618428966678696,0.8618428966678696,0.8237487723459515,0.1528370276632674,1.0,0.4313872314291352,0.803680981595092,0.7401960784313726,0.7719385300132323,1.0,0.8,0.1686952000018209
bace,classification,1,3,stratified_scaffold_group,stratified_scaffold_group,7,rf_90_leaf2,bagging,0.8752024994214302,0.8752024994214302,0.8267121171338143,0.1457083872360302,1.0,0.423343111267144,0.8189655172413793,0.8187919463087249,0.8188787317750521,1.0,0.8,0.1656676999991759
bace,classification,1,1,stratified_scaffold_group,stratified_scaffold_group,8,rf_120_d20_leaf2,bagging,0.8883103461981796,0.8883103461981796,0.868091710156059,0.1376816710259988,1.0,0.4917592247200503,0.8057553956834532,0.8287292817679558,0.8172423387257045,1.0,0.8,0.2071974000427872
bace,classification,1,2,stratified_scaffold_group,stratified_scaffold_group,8,rf_120_d20_leaf2,bagging,0.8619331168050043,0.8619331168050043,0.826084991884113,0.1528023404438158,1.0,0.4243239663115635,0.803680981595092,0.75,0.776840490797546,1.0,0.8,0.2089828999596648
bace,classification,1,3,stratified_scaffold_group,stratified_scaffold_group,8,rf_120_d20_leaf2,bagging,0.8749710715112242,0.8749710715112242,0.8277587579168426,0.1457826121672567,1.0,0.4299539001904415,0.8017241379310345,0.8456375838926175,0.823680860911826,1.0,0.8,0.2279603999922983
bace,classification,1,1,stratified_scaffold_group,stratified_scaffold_group,9,et_60_sqrt,bagging,0.8899996025279223,0.8899996025279223,0.843908756268552,0.1349515481764226,1.0,0.45,0.8057553956834532,0.8011049723756907,0.8034301840295719,1.0,0.8,0.079607899999246
bace,classification,1,2,stratified_scaffold_group,stratified_scaffold_group,9,et_60_sqrt,bagging,0.8550012029351618,0.8550012029351618,0.8390969692493377,0.1560054832914483,1.0,0.4094017094017094,0.8098159509202454,0.7450980392156863,0.7774569950679658,1.0,0.8,0.0738187999813817
bace,classification,1,3,stratified_scaffold_group,stratified_scaffold_group,9,et_60_sqrt,bagging,0.8697060865540385,0.8697060865540385,0.8164430824647082,0.1459924446913366,1.0,0.3666666666666666,0.8017241379310345,0.8187919463087249,0.8102580421198797,1.0,0.8,0.0731722000055015
bace,classification,1,1,stratified_scaffold_group,stratified_scaffold_group,10,et_90_d12,bagging,0.8873961604197305,0.8873961604197305,0.8507014257857539,0.1358079904437414,1.0,0.4991016582816273,0.8057553956834532,0.8287292817679558,0.8172423387257045,1.0,0.8,0.1012152000330388
bace,classification,1,2,stratified_scaffold_group,stratified_scaffold_group,10,et_90_d12,bagging,0.8555876338265368,0.8555876338265368,0.8366936741437705,0.1557260413124211,1.0,0.398313431258102,0.803680981595092,0.7303921568627452,0.7670365692289186,1.0,0.8,0.1032199999899603
bace,classification,1,3,stratified_scaffold_group,stratified_scaffold_group,10,et_90_d12,bagging,0.8686646609581116,0.8686646609581116,0.8176748061756952,0.1458727007390534,1.0,0.428167783314904,0.8017241379310345,0.8322147651006712,0.8169694515158528,1.0,0.8,0.1025627999915741
bace,classification,1,1,stratified_scaffold_group,stratified_scaffold_group,11,et_90_leaf2,bagging,0.8877936324973171,0.8877936324973171,0.8576098518757951,0.1356476049947804,1.0,0.5047864634379018,0.8129496402877698,0.8176795580110497,0.8153145991494097,1.0,0.8,0.092099400004372
bace,classification,1,2,stratified_scaffold_group,stratified_scaffold_group,11,et_90_leaf2,bagging,0.8583543846986648,0.8583543846986648,0.8412582701152033,0.1529480085563877,1.0,0.4491872296189451,0.803680981595092,0.7647058823529411,0.7841934319740166,1.0,0.8,0.1033758000121451
bace,classification,1,3,stratified_scaffold_group,stratified_scaffold_group,11,et_90_leaf2,bagging,0.8743925017357093,0.8743925017357093,0.8315709450089339,0.1452159457217816,1.0,0.3884394302868222,0.8103448275862069,0.8120805369127517,0.8112126822494793,1.0,0.8,0.0933556000236421
bace,classification,1,1,stratified_scaffold_group,stratified_scaffold_group,12,et_120_d20_leaf2,bagging,0.8874756548352478,0.8874756548352478,0.8562071912148841,0.1366574875028529,1.0,0.4943541009313469,0.8129496402877698,0.8176795580110497,0.8153145991494097,1.0,0.8,0.1239935000194236
bace,classification,1,2,stratified_scaffold_group,stratified_scaffold_group,12,et_120_d20_leaf2,bagging,0.8603993744737157,0.8603993744737157,0.8375419804366386,0.1514733281663699,1.0,0.4187690544748789,0.8159509202453987,0.7549019607843137,0.7854264405148562,1.0,0.8,0.1236294999835081
bace,classification,1,3,stratified_scaffold_group,stratified_scaffold_group,12,et_120_d20_leaf2,bagging,0.8778060634112473,0.8778060634112473,0.8309538731434271,0.1441571225530628,1.0,0.4022043116446337,0.8103448275862069,0.825503355704698,0.8179240916454524,1.0,0.8,0.1223775999969802
bace,classification,1,1,stratified_scaffold_group,stratified_scaffold_group,13,histgb_lr0.05,boosting,0.8751540204300648,0.8751540204300648,0.852369353847719,0.1405815261922129,1.0,0.4359666801836089,0.8129496402877698,0.8011049723756907,0.8070273063317303,1.0,0.8,1.045797400001902
bace,classification,1,2,stratified_scaffold_group,stratified_scaffold_group,13,histgb_lr0.05,boosting,0.8496180680861302,0.8496180680861302,0.8361860587288763,0.1605034781772149,1.0,0.4529789295572272,0.803680981595092,0.7745098039215687,0.7890953927583304,1.0,0.8,0.9731946000247262
bace,classification,1,3,stratified_scaffold_group,stratified_scaffold_group,13,histgb_lr0.05,boosting,0.8533614903957417,0.8533614903957417,0.7985072480245341,0.1598163002743559,1.0,0.2958594912557856,0.8017241379310345,0.7919463087248322,0.7968352233279333,1.0,0.8,1.0716902000131086
bace,classification,1,1,stratified_scaffold_group,stratified_scaffold_group,14,histgb_lr0.1,boosting,0.880559640685242,0.880559640685242,0.8476329975046039,0.1413224329045102,1.0,0.4009546467530965,0.8129496402877698,0.7955801104972375,0.8042648753925037,1.0,0.8,0.8496914000133984
bace,classification,1,2,stratified_scaffold_group,stratified_scaffold_group,14,histgb_lr0.1,boosting,0.846054372669313,0.846054372669313,0.824280922093543,0.1698985211341379,1.0,0.3500676777873397,0.8098159509202454,0.7450980392156863,0.7774569950679658,1.0,0.8,0.7968575999839231
bace,classification,1,3,stratified_scaffold_group,stratified_scaffold_group,14,histgb_lr0.1,boosting,0.864267530664198,0.864267530664198,0.8185029810456123,0.1564610459837203,1.0,0.2819697332941707,0.8017241379310345,0.7986577181208054,0.80019092802592,1.0,0.8,0.842178100021556
bace,classification,1,1,stratified_scaffold_group,stratified_scaffold_group,15,gb_lr0.05_d2,boosting,0.8681783854684209,0.8681783854684209,0.8256711458284405,0.1639274167736996,1.0,0.4258063150371604,0.8057553956834532,0.7955801104972375,0.8006677530903454,1.0,0.8,0.306263999955263
bace,classification,1,2,stratified_scaffold_group,stratified_scaffold_group,15,gb_lr0.05_d2,boosting,0.8160110670034885,0.8160110670034885,0.7886721704123029,0.1744111959334906,1.0,0.3836608541862453,0.803680981595092,0.6764705882352942,0.7400757849151931,1.0,0.8,0.2774652000516653
bace,classification,1,3,stratified_scaffold_group,stratified_scaffold_group,15,gb_lr0.05_d2,boosting,0.8204697986577182,0.8204697986577182,0.774537167733069,0.1721428766441575,1.0,0.2675371041308316,0.8017241379310345,0.6644295302013423,0.7330768340661884,1.0,0.8,0.3313213000074029
bace,classification,1,1,stratified_scaffold_group,stratified_scaffold_group,16,gb_lr0.1_d3,boosting,0.8655948169641082,0.8655948169641082,0.8248388579161082,0.147739963860761,1.0,0.3941275185297357,0.841726618705036,0.7790055248618785,0.8103660717834572,1.0,0.8,0.4393023999873549
bace,classification,1,2,stratified_scaffold_group,stratified_scaffold_group,16,gb_lr0.1_d3,boosting,0.8350625526284134,0.8350625526284134,0.8021218991277057,0.1643047816265615,1.0,0.461954122246737,0.8098159509202454,0.7352941176470589,0.7725550342836521,1.0,0.8,0.4174396999878809
bace,classification,1,3,stratified_scaffold_group,stratified_scaffold_group,16,gb_lr0.1_d3,boosting,0.8474311501967137,0.8474311501967137,0.8048526929245716,0.1591758197743003,1.0,0.3390970842961771,0.8017241379310345,0.8120805369127517,0.8069023374218931,1.0,0.8,0.4782612000126391
bace,classification,1,1,stratified_scaffold_group,stratified_scaffold_group,17,lgbm_60_l15,boosting,0.8807981239317938,0.8807981239317938,0.855242211451038,0.1374790562057024,1.0,0.4773411725114175,0.8057553956834532,0.8121546961325967,0.808955045908025,1.0,0.8,0.0462715000030584
bace,classification,1,2,stratified_scaffold_group,stratified_scaffold_group,17,lgbm_60_l15,boosting,0.8548658727294598,0.8548658727294598,0.8353631265934708,0.153983468799396,1.0,0.4856391847964793,0.803680981595092,0.7696078431372549,0.7866444123661736,1.0,0.8,0.0449457000358961
bace,classification,1,3,stratified_scaffold_group,stratified_scaffold_group,17,lgbm_60_l15,boosting,0.8415586669752372,0.8415586669752372,0.7914170660569843,0.163420148264917,1.0,0.3202272626035695,0.8017241379310345,0.7986577181208054,0.80019092802592,1.0,0.8,0.0438152000424452
bace,classification,1,1,stratified_scaffold_group,stratified_scaffold_group,18,lgbm_90_l31,boosting,0.8784927858817919,0.8784927858817919,0.8509335531175719,0.1400266289568653,1.0,0.463013770118683,0.8129496402877698,0.8066298342541436,0.8097897372709567,1.0,0.8,0.0642400000360794
bace,classification,1,2,stratified_scaffold_group,stratified_scaffold_group,18,lgbm_90_l31,boosting,0.8602490075784915,0.8602490075784915,0.843232695273775,0.157174752335832,1.0,0.3978781564855838,0.8098159509202454,0.7401960784313726,0.775006014675809,1.0,0.8,0.061691700015217
bace,classification,1,3,stratified_scaffold_group,stratified_scaffold_group,18,lgbm_90_l31,boosting,0.8629657486692895,0.8629657486692895,0.8130709614978766,0.1560765057527088,1.0,0.2868588684301728,0.8189655172413793,0.8187919463087249,0.8188787317750521,1.0,0.8,0.0692114999983459
bace,classification,1,1,stratified_scaffold_group,stratified_scaffold_group,19,lgbm_60_l63,boosting,0.8846933502921419,0.8846933502921419,0.8648798124497662,0.1392444670925387,1.0,0.4097379367317046,0.8273381294964028,0.7900552486187845,0.8086966890575937,1.0,0.8,0.0520454000215977
bace,classification,1,2,stratified_scaffold_group,stratified_scaffold_group,19,lgbm_60_l63,boosting,0.8580235775291711,0.8580235775291711,0.8382122393423351,0.1585610574689295,1.0,0.4055509813617009,0.803680981595092,0.7549019607843137,0.7792914711897029,1.0,0.8,0.0466495000291615
bace,classification,1,3,stratified_scaffold_group,stratified_scaffold_group,19,lgbm_60_l63,boosting,0.8600728997917148,0.8600728997917148,0.8064061064235699,0.1611099218714107,1.0,0.2792294025736548,0.8017241379310345,0.8187919463087249,0.8102580421198797,1.0,0.8,0.0531119999941438
bace,classification,1,1,stratified_scaffold_group,stratified_scaffold_group,20,lgbm_100_leaf10,boosting,0.901943638459398,0.901943638459398,0.8637212200951256,0.1295928662429542,1.0,0.5636659885912969,0.8057553956834532,0.8287292817679558,0.8172423387257045,1.0,0.8,0.0965604999801144
bace,classification,1,2,stratified_scaffold_group,stratified_scaffold_group,20,lgbm_100_leaf10,boosting,0.8601738241308794,0.8601738241308794,0.8349868011948902,0.161553649560971,1.0,0.3623687998955109,0.803680981595092,0.75,0.776840490797546,1.0,0.8,0.0898194999899715
bace,classification,1,3,stratified_scaffold_group,stratified_scaffold_group,20,lgbm_100_leaf10,boosting,0.8788185605183986,0.8788185605183986,0.804616949112045,0.1521578984582353,1.0,0.2764214816076931,0.8017241379310345,0.8120805369127517,0.8069023374218931,1.0,0.8,0.116815100016538
bace,classification,1,1,stratified_scaffold_group,stratified_scaffold_group,21,lgbm_100_leaf30,boosting,0.8919670893119759,0.8919670893119759,0.8555657703301823,0.132462649533275,1.0,0.4438062428583261,0.8129496402877698,0.8011049723756907,0.8070273063317303,1.0,0.8,0.0510425000102259
bace,classification,1,2,stratified_scaffold_group,stratified_scaffold_group,21,lgbm_100_leaf30,boosting,0.8571063394683026,0.8571063394683026,0.8332385421797285,0.1550133555284904,1.0,0.484798477451916,0.8098159509202454,0.7647058823529411,0.7872609166365933,1.0,0.8,0.0460559999919496
bace,classification,1,3,stratified_scaffold_group,stratified_scaffold_group,21,lgbm_100_leaf30,boosting,0.8590314741957881,0.8590314741957881,0.7993360435814251,0.1569138304460931,1.0,0.3300221490772485,0.8017241379310345,0.8456375838926175,0.823680860911826,1.0,0.8,0.0578113999799825
bace,classification,1,1,stratified_scaffold_group,stratified_scaffold_group,22,lgbm_80_ff0.7,boosting,0.8857665249016258,0.8857665249016258,0.856809661835698,0.1369112740739635,1.0,0.4377850292787824,0.8057553956834532,0.8287292817679558,0.8172423387257045,1.0,0.8,0.0939052000176161
bace,classification,1,2,stratified_scaffold_group,stratified_scaffold_group,22,lgbm_80_ff0.7,boosting,0.8637976663057861,0.8637976663057861,0.83555940487649,0.1542728454661141,1.0,0.4196840942377058,0.803680981595092,0.7549019607843137,0.7792914711897029,1.0,0.8,0.0596106000011786
bace,classification,1,3,stratified_scaffold_group,stratified_scaffold_group,22,lgbm_80_ff0.7,boosting,0.8738139319601943,0.8738139319601943,0.8179553566411536,0.151097516325917,1.0,0.2715893968325962,0.8017241379310345,0.8322147651006712,0.8169694515158528,1.0,0.8,0.0628474000259302
bace,classification,1,1,stratified_scaffold_group,stratified_scaffold_group,23,lgbm_80_bag0.8,boosting,0.8920068365197346,0.8920068365197346,0.8600212234628497,0.1307648459981363,1.0,0.4662197076418922,0.8129496402877698,0.8232044198895028,0.8180770300886363,1.0,0.8,0.0571775999851524
bace,classification,1,2,stratified_scaffold_group,stratified_scaffold_group,23,lgbm_80_bag0.8,boosting,0.864729941056177,0.864729941056177,0.8413226645638343,0.1568364437934994,1.0,0.4298337279728355,0.803680981595092,0.75,0.776840490797546,1.0,0.8,0.0512142000370658
bace,classification,1,3,stratified_scaffold_group,stratified_scaffold_group,23,lgbm_80_bag0.8,boosting,0.871007868548947,0.871007868548947,0.8122777353264925,0.1529604712453658,1.0,0.325421822824635,0.8017241379310345,0.8456375838926175,0.823680860911826,1.0,0.8,0.0559052000171504
bace,classification,1,1,stratified_scaffold_group,stratified_scaffold_group,24,lgbm_120_l15,boosting,0.883421439643865,0.883421439643865,0.8577519826581455,0.1373157085263652,1.0,0.4781849966490399,0.8129496402877698,0.8066298342541436,0.8097897372709567,1.0,0.8,0.0632201000116765
bace,classification,1,2,stratified_scaffold_group,stratified_scaffold_group,24,lgbm_120_l15,boosting,0.8538584145314567,0.8538584145314567,0.8346909834152596,0.1588545945058204,1.0,0.4126396802007703,0.803680981595092,0.7450980392156863,0.7743895104053892,1.0,0.8,0.0608827999676577
bace,classification,1,3,stratified_scaffold_group,stratified_scaffold_group,24,lgbm_120_l15,boosting,0.8633707475121499,0.8633707475121499,0.8105694660873817,0.1565854083167071,1.0,0.3067153721769589,0.8017241379310345,0.8322147651006712,0.8169694515158528,1.0,0.8,0.0810897999908775
bace,classification,1,1,stratified_scaffold_group,stratified_scaffold_group,25,xgb_60_d3,boosting,0.8794665924718789,0.8794665924718789,0.8382557413130296,0.1493595319969617,1.0,0.4213875830173492,0.8057553956834532,0.8011049723756907,0.8034301840295719,1.0,0.8,0.056942600000184
bace,classification,1,2,stratified_scaffold_group,stratified_scaffold_group,25,xgb_60_d3,boosting,0.8433327318657524,0.8433327318657524,0.8239221721729472,0.1592640752180626,1.0,0.4262579083442688,0.8098159509202454,0.7107843137254901,0.7603001323228677,1.0,0.8,0.0516725999768823
bace,classification,1,3,stratified_scaffold_group,stratified_scaffold_group,25,xgb_60_d3,boosting,0.8501214996528582,0.8501214996528582,0.7946535673788778,0.1610866534533442,1.0,0.3118678629398346,0.8103448275862069,0.8053691275167785,0.8078569775514927,1.0,0.8,0.0536292000324465
bace,classification,1,1,stratified_scaffold_group,stratified_scaffold_group,26,xgb_80_d5,boosting,0.8847927183115385,0.8847927183115385,0.8423572352138421,0.1389657878917218,1.0,0.452514111995697,0.8129496402877698,0.8066298342541436,0.8097897372709567,1.0,0.8,0.0804313000408001
bace,classification,1,2,stratified_scaffold_group,stratified_scaffold_group,26,xgb_80_d5,boosting,0.8471370143149284,0.8471370143149284,0.8286722634262945,0.1606554771917587,1.0,0.4291194081306457,0.8098159509202454,0.7254901960784313,0.7676530734993383,1.0,0.8,0.0766094999853521
bace,classification,1,3,stratified_scaffold_group,stratified_scaffold_group,26,xgb_80_d5,boosting,0.8507868548947003,0.8507868548947003,0.7847115934740396,0.1607274214412235,1.0,0.3145260810852051,0.8017241379310345,0.7919463087248322,0.7968352233279333,1.0,0.8,0.0786318999598734
bace,classification,1,1,stratified_scaffold_group,stratified_scaffold_group,27,xgb_100_d3,boosting,0.8786120275050678,0.8786120275050678,0.840227899864562,0.1448564867361693,1.0,0.4775794744491577,0.8129496402877698,0.8287292817679558,0.8208394610278629,1.0,0.8,0.0883052999852225
bace,classification,1,2,stratified_scaffold_group,stratified_scaffold_group,27,xgb_100_d3,boosting,0.8465806568025983,0.8465806568025983,0.8248532122880938,0.1577283634042583,1.0,0.4019204676151275,0.803680981595092,0.7156862745098039,0.7596836280524479,1.0,0.8,0.070968099986203
bace,classification,1,3,stratified_scaffold_group,stratified_scaffold_group,27,xgb_100_d3,boosting,0.8528407775977782,0.8528407775977782,0.7944877317248359,0.1576276858182876,1.0,0.3607800602912903,0.8017241379310345,0.8456375838926175,0.823680860911826,1.0,0.8,0.0778645000536926
bace,classification,1,1,stratified_scaffold_group,stratified_scaffold_group,28,xgb_60_d6,boosting,0.8836996700981756,0.8836996700981756,0.8422748574303858,0.1380399783245533,1.0,0.4063950479030609,0.8345323741007195,0.8066298342541436,0.8205811041774316,1.0,0.8,0.066446500015445
bace,classification,1,2,stratified_scaffold_group,stratified_scaffold_group,28,xgb_60_d6,boosting,0.856219174786479,0.856219174786479,0.8156656721595984,0.1555812927451415,1.0,0.4089187383651733,0.8220858895705522,0.7303921568627452,0.7762390232166487,1.0,0.8,0.0707476999959908
bace,classification,1,3,stratified_scaffold_group,stratified_scaffold_group,28,xgb_60_d6,boosting,0.8635732469335802,0.8635732469335802,0.8223688693517899,0.1545402831335366,1.0,0.3166918456554413,0.8275862068965517,0.7919463087248322,0.8097662578106919,1.0,0.8,0.0717017999850213
bace,classification,1,1,stratified_scaffold_group,stratified_scaffold_group,29,cat_60_d4,boosting,0.8728486823800629,0.8728486823800629,0.8306253941468051,0.1532109969897019,1.0,0.446294495000117,0.8057553956834532,0.8121546961325967,0.808955045908025,1.0,0.8,0.2276947000063955
bace,classification,1,2,stratified_scaffold_group,stratified_scaffold_group,29,cat_60_d4,boosting,0.8402351738241308,0.8402351738241308,0.8170910043414713,0.1613788974335122,1.0,0.3939137450908086,0.803680981595092,0.75,0.776840490797546,1.0,0.8,0.2151810000068508
bace,classification,1,3,stratified_scaffold_group,stratified_scaffold_group,29,cat_60_d4,boosting,0.8557336264753529,0.8557336264753529,0.7991307286741514,0.1626731726118895,1.0,0.3708788709190542,0.8103448275862069,0.8322147651006712,0.8212797963434391,1.0,0.8,0.2539488999755122
bace,classification,1,1,stratified_scaffold_group,stratified_scaffold_group,30,cat_80_d6,boosting,0.8714177829007512,0.8714177829007512,0.8345088697362534,0.146770557715769,1.0,0.4255934249777561,0.8273381294964028,0.8011049723756907,0.8142215509360468,1.0,0.8,0.7431379000190645
bace,classification,1,2,stratified_scaffold_group,stratified_scaffold_group,30,cat_80_d6,boosting,0.8502646457355948,0.8502646457355948,0.8235414404698366,0.1566037777899688,1.0,0.3893093993780324,0.803680981595092,0.7205882352941176,0.7621346084446048,1.0,0.8,0.6929122000001371
bace,classification,1,3,stratified_scaffold_group,stratified_scaffold_group,30,cat_80_d6,boosting,0.8656560981254339,0.8656560981254339,0.8035845367854677,0.1543632427897614,1.0,0.3900066135938997,0.8017241379310345,0.8456375838926175,0.823680860911826,1.0,0.8,0.7573533999966457
bace,classification,1,1,stratified_scaffold_group,stratified_scaffold_group,31,cat_100_d4,boosting,0.8722922214714415,0.8722922214714415,0.8364361699367395,0.1491889358862041,1.0,0.4774027070153079,0.8057553956834532,0.8342541436464088,0.8200047696649311,1.0,0.8,0.364574899955187
bace,classification,1,2,stratified_scaffold_group,stratified_scaffold_group,31,cat_100_d4,boosting,0.8453626849512812,0.8453626849512812,0.8196572303192403,0.1600268119115944,1.0,0.379185980687781,0.803680981595092,0.7401960784313726,0.7719385300132323,1.0,0.8,0.3359891999862157
bace,classification,1,3,stratified_scaffold_group,stratified_scaffold_group,31,cat_100_d4,boosting,0.8525225642212452,0.8525225642212452,0.7985192401124219,0.1621001125015782,1.0,0.3617399862461151,0.8275862068965517,0.825503355704698,0.8265447813006248,1.0,0.8,0.3833343000151217
bace,classification,1,1,stratified_scaffold_group,stratified_scaffold_group,32,cat_60_d8,boosting,0.886879446718868,0.886879446718868,0.8488743584175238,0.1381432476558449,1.0,0.4165602106792138,0.8057553956834532,0.8011049723756907,0.8034301840295719,1.0,0.8,2.3214100999757648
bace,classification,1,2,stratified_scaffold_group,stratified_scaffold_group,32,cat_60_d8,boosting,0.8479790689281849,0.8479790689281849,0.8283978989278885,0.1579792672795753,1.0,0.3368499248391768,0.8282208588957055,0.7352941176470589,0.7817574882713823,1.0,0.8,1.9261838999809695
bace,classification,1,3,stratified_scaffold_group,stratified_scaffold_group,32,cat_60_d8,boosting,0.864614672529507,0.864614672529507,0.8129677637305159,0.1534174738579871,1.0,0.3228916857378117,0.8103448275862069,0.825503355704698,0.8179240916454524,1.0,0.8,1.815399399958551
bace,classification,2,1,stratified_scaffold_group,stratified_scaffold_group,1,logreg_l2_c0.1,linear,0.8426376920194829,0.8426376920194829,0.8214817898756734,0.1654698931002748,1.0,0.3545843809754661,0.8343949044585988,0.7254901960784313,0.7799425502685151,1.0,0.8,0.0060456000501289
bace,classification,2,2,stratified_scaffold_group,stratified_scaffold_group,1,logreg_l2_c0.1,linear,0.8139156310169788,0.8139156310169788,0.7629066811199918,0.1712950668384442,1.0,0.4014441549502353,0.8,0.7614213197969544,0.7807106598984772,1.0,0.8,0.005209399969317
bace,classification,2,3,stratified_scaffold_group,stratified_scaffold_group,1,logreg_l2_c0.1,linear,0.8308474698102357,0.8308474698102357,0.7576111932868639,0.1709918808982028,1.0,0.5309930052706596,0.8378378378378378,0.7074468085106382,0.7726423231742381,1.0,0.8,0.0043620000360533
bace,classification,2,1,stratified_scaffold_group,stratified_scaffold_group,2,logreg_l2_c1,linear,0.8305649223596019,0.8305649223596019,0.80591565974799,0.1793813391578399,1.0,0.2753227835755198,0.802547770700637,0.7450980392156863,0.7738229049581616,1.0,0.8,0.0097031000186689
bace,classification,2,2,stratified_scaffold_group,stratified_scaffold_group,2,logreg_l2_c1,linear,0.798092070715911,0.798092070715911,0.7429379037977092,0.1924757613031017,1.0,0.3108561820667704,0.8,0.6903553299492386,0.7451776649746193,1.0,0.8,0.0083714999491348
bace,classification,2,3,stratified_scaffold_group,stratified_scaffold_group,2,logreg_l2_c1,linear,0.8151056641748131,0.8151056641748131,0.7458078246012158,0.186448995785436,1.0,0.4610131323879035,0.8040540540540541,0.675531914893617,0.7397929844738356,1.0,0.8,0.0066958999959751
bace,classification,2,1,stratified_scaffold_group,stratified_scaffold_group,3,logreg_l2_c10,linear,0.8047958036717872,0.8047958036717872,0.7817636818263409,0.2223981543446605,1.0,0.0956892932036634,0.802547770700637,0.6535947712418301,0.7280712709712336,1.0,0.8,0.0115218000137247
bace,classification,2,2,stratified_scaffold_group,stratified_scaffold_group,3,logreg_l2_c10,linear,0.7724312970418343,0.7724312970418343,0.72447687593189,0.2396509890863057,1.0,0.0789277844715832,0.8068965517241379,0.5685279187817258,0.6877122352529319,1.0,0.8,0.011173199978657
bace,classification,2,3,stratified_scaffold_group,stratified_scaffold_group,3,logreg_l2_c10,linear,0.7897678263369753,0.7897678263369753,0.7250587477104542,0.2340628025892618,1.0,0.1771268035619682,0.8108108108108109,0.5957446808510638,0.7032777458309374,1.0,0.8,0.0126662999973632
bace,classification,2,1,stratified_scaffold_group,stratified_scaffold_group,4,logreg_l1_c1,linear,0.8320011656467258,0.8320011656467258,0.8022778254398177,0.1753218869777143,1.0,0.3599114329866434,0.802547770700637,0.7647058823529411,0.783626826526789,1.0,0.8,0.0229782999958843
bace,classification,2,2,stratified_scaffold_group,stratified_scaffold_group,4,logreg_l1_c1,linear,0.8115350953964642,0.8115350953964642,0.7528415719248966,0.1790467755326481,1.0,0.4068041474410817,0.8,0.7309644670050761,0.7654822335025381,1.0,0.8,0.0355685999966226
bace,classification,2,3,stratified_scaffold_group,stratified_scaffold_group,4,logreg_l1_c1,linear,0.8004959746981022,0.8004959746981022,0.7266309290473588,0.1934472388123693,1.0,0.4259479061093074,0.8108108108108109,0.675531914893617,0.7431713628522139,1.0,0.8,0.0321666999952867
bace,classification,2,1,stratified_scaffold_group,stratified_scaffold_group,5,rf_60_sqrt,bagging,0.8251113608925522,0.8251113608925522,0.807104621396515,0.1747413457955901,1.0,0.3,0.802547770700637,0.6993464052287581,0.7509470879646976,1.0,0.8,0.1116973000462167
bace,classification,2,2,stratified_scaffold_group,stratified_scaffold_group,5,rf_60_sqrt,bagging,0.8468930509364607,0.8468930509364607,0.79002568419187,0.1592324889618224,1.0,0.4,0.8,0.8020304568527918,0.8010152284263959,1.0,0.8,0.0984974000020884
bace,classification,2,3,stratified_scaffold_group,stratified_scaffold_group,5,rf_60_sqrt,bagging,0.8794745543415757,0.8794745543415757,0.824014874736389,0.1449211458557103,1.0,0.5419478527607363,0.8108108108108109,0.8031914893617021,0.8070011500862565,1.0,0.8,0.1076787000056356
bace,classification,2,1,stratified_scaffold_group,stratified_scaffold_group,6,rf_90_d12,bagging,0.8372257607926397,0.8372257607926397,0.8438282224067298,0.1728904856085307,1.0,0.3146289214526691,0.8089171974522293,0.7189542483660131,0.7639357229091213,1.0,0.8,0.1693408000282943
bace,classification,2,2,stratified_scaffold_group,stratified_scaffold_group,6,rf_90_d12,bagging,0.845667775249431,0.845667775249431,0.7971206712116894,0.1611790992529179,1.0,0.4147363114226867,0.8,0.8071065989847716,0.8035532994923857,1.0,0.8,0.1683772000251338
bace,classification,2,3,stratified_scaffold_group,stratified_scaffold_group,6,rf_90_d12,bagging,0.8838233179988499,0.8838233179988499,0.8311721185101005,0.148625354691273,1.0,0.5767974617233209,0.8040540540540541,0.8457446808510638,0.8248993674525589,1.0,0.8,0.1601736000156961
bace,classification,2,1,stratified_scaffold_group,stratified_scaffold_group,7,rf_90_leaf2,bagging,0.8418467174555597,0.8418467174555597,0.8287231419231984,0.1648956015520867,1.0,0.3645245908929519,0.802547770700637,0.7516339869281046,0.7770908788143708,1.0,0.8,0.1594874000293202
bace,classification,2,2,stratified_scaffold_group,stratified_scaffold_group,7,rf_90_leaf2,bagging,0.8400315070890951,0.8400315070890951,0.7892471295989864,0.1620519153662805,1.0,0.3936224750451108,0.8,0.7766497461928934,0.7883248730964467,1.0,0.8,0.1678410000167787
bace,classification,2,3,stratified_scaffold_group,stratified_scaffold_group,7,rf_90_leaf2,bagging,0.8846140023001725,0.8846140023001725,0.8053443712540995,0.149371909816999,1.0,0.552119214792177,0.8243243243243243,0.8404255319148937,0.832374928119609,1.0,0.8,0.1663353000185452
bace,classification,2,1,stratified_scaffold_group,stratified_scaffold_group,8,rf_120_d20_leaf2,bagging,0.846842346280338,0.846842346280338,0.8374622934978257,0.1648678364310117,1.0,0.3587244058113316,0.802547770700637,0.7516339869281046,0.7770908788143708,1.0,0.8,0.2351813000277616
bace,classification,2,2,stratified_scaffold_group,stratified_scaffold_group,8,rf_120_d20_leaf2,bagging,0.8447225625765798,0.8447225625765798,0.7984396256289642,0.160996916466576,1.0,0.4148868090938445,0.8,0.7868020304568528,0.7934010152284264,1.0,0.8,0.2344949999824166
bace,classification,2,3,stratified_scaffold_group,stratified_scaffold_group,8,rf_120_d20_leaf2,bagging,0.8877048591144336,0.8877048591144336,0.8143549036747649,0.1483633549520985,1.0,0.5441092094206724,0.8783783783783784,0.824468085106383,0.8514232317423807,1.0,0.8,0.202130899997428
bace,classification,2,1,stratified_scaffold_group,stratified_scaffold_group,9,et_60_sqrt,bagging,0.8310020398817701,0.8310020398817701,0.8171720438202644,0.1701306960685537,1.0,0.3333333333333333,0.8089171974522293,0.7254901960784313,0.7672036967653304,1.0,0.8,0.0650583999813534
bace,classification,2,2,stratified_scaffold_group,stratified_scaffold_group,9,et_60_sqrt,bagging,0.8323297741991947,0.8323297741991947,0.784997954501254,0.1649797515505835,1.0,0.3833333333333333,0.8,0.7461928934010152,0.7730964467005077,1.0,0.8,0.0751517000026069
bace,classification,2,3,stratified_scaffold_group,stratified_scaffold_group,9,et_60_sqrt,bagging,0.8741554054054054,0.8741554054054054,0.7981189534466426,0.1474961547955748,1.0,0.5678936605316973,0.8445945945945946,0.8351063829787234,0.839850488786659,1.0,0.8,0.0724820999894291
bace,classification,2,1,stratified_scaffold_group,stratified_scaffold_group,10,et_90_d12,bagging,0.8496315723741726,0.8496315723741726,0.8504822755032817,0.1642066256234274,1.0,0.3682604338543534,0.802547770700637,0.7647058823529411,0.783626826526789,1.0,0.8,0.0944086000090465
bace,classification,2,2,stratified_scaffold_group,stratified_scaffold_group,10,et_90_d12,bagging,0.8459128303868371,0.8459128303868371,0.796863736398677,0.1605410845047178,1.0,0.4110045239736946,0.8,0.7918781725888324,0.7959390862944162,1.0,0.8,0.0985723999910987
bace,classification,2,3,stratified_scaffold_group,stratified_scaffold_group,10,et_90_d12,bagging,0.8843444508338125,0.8843444508338125,0.8291450837043794,0.1450303948056797,1.0,0.6033161177880006,0.8243243243243243,0.8617021276595744,0.8430132259919494,1.0,0.8,0.0959124999935738
bace,classification,2,1,stratified_scaffold_group,stratified_scaffold_group,11,et_90_leaf2,bagging,0.8472170184421964,0.8472170184421964,0.8372735887393261,0.1619811747099449,1.0,0.3809049089484888,0.802547770700637,0.7581699346405228,0.7803588526705799,1.0,0.8,0.1078271000296808
bace,classification,2,2,stratified_scaffold_group,stratified_scaffold_group,11,et_90_leaf2,bagging,0.8516541221774899,0.8516541221774899,0.7987221498608005,0.1567947218633341,1.0,0.414115258748943,0.8,0.766497461928934,0.783248730964467,1.0,0.8,0.0921228000079281
bace,classification,2,3,stratified_scaffold_group,stratified_scaffold_group,11,et_90_leaf2,bagging,0.8952523001725129,0.8952523001725129,0.8419418279875235,0.1419626095998445,1.0,0.5865479480777132,0.8040540540540541,0.8670212765957447,0.8355376653248994,1.0,0.8,0.0923545000259764
bace,classification,2,1,stratified_scaffold_group,stratified_scaffold_group,12,et_120_d20_leaf2,bagging,0.8448024645102202,0.8448024645102202,0.8225553058802902,0.1638167428390195,1.0,0.3833295994834019,0.802547770700637,0.7516339869281046,0.7770908788143708,1.0,0.8,0.1283521999721415
bace,classification,2,2,stratified_scaffold_group,stratified_scaffold_group,12,et_120_d20_leaf2,bagging,0.8512340276562226,0.8512340276562226,0.79429493718406,0.1561032052258141,1.0,0.4038474386328362,0.8,0.7766497461928934,0.7883248730964467,1.0,0.8,0.1272634999477304
bace,classification,2,3,stratified_scaffold_group,stratified_scaffold_group,12,et_120_d20_leaf2,bagging,0.8960429844738355,0.8960429844738355,0.8392530162849874,0.141429672179407,1.0,0.6032802666610378,0.8243243243243243,0.8563829787234043,0.8403536515238643,1.0,0.8,0.1223626999999396
bace,classification,2,1,stratified_scaffold_group,stratified_scaffold_group,13,histgb_lr0.05,boosting,0.8344365346988053,0.8344365346988053,0.8330577801066774,0.1727909205249933,1.0,0.2747923746691822,0.821656050955414,0.6993464052287581,0.7605012280920861,1.0,0.8,1.0499228000408038
bace,classification,2,2,stratified_scaffold_group,stratified_scaffold_group,13,histgb_lr0.05,boosting,0.8315245930334323,0.8315245930334323,0.78678421219642,0.1617189124546904,1.0,0.3485021323146189,0.8,0.7817258883248731,0.7908629441624366,1.0,0.8,1.0555059000034817
bace,classification,2,3,stratified_scaffold_group,stratified_scaffold_group,13,histgb_lr0.05,boosting,0.8634991374353077,0.8634991374353077,0.7707617704678547,0.1481584347168118,1.0,0.5188390041235218,0.8513513513513513,0.7765957446808511,0.8139735480161012,1.0,0.8,1.183983900002204
bace,classification,2,1,stratified_scaffold_group,stratified_scaffold_group,14,histgb_lr0.1,boosting,0.8400982473668873,0.8400982473668873,0.8311474065736671,0.1736542298756063,1.0,0.2691842804832099,0.802547770700637,0.7320261437908497,0.7672869572457434,1.0,0.8,1.0743924000416882
bace,classification,2,2,stratified_scaffold_group,stratified_scaffold_group,14,histgb_lr0.1,boosting,0.8196919306844039,0.8196919306844039,0.7709245547529184,0.1704883591953616,1.0,0.3364462006672526,0.8,0.766497461928934,0.783248730964467,1.0,0.8,1.088162400003057
bace,classification,2,3,stratified_scaffold_group,stratified_scaffold_group,14,histgb_lr0.1,boosting,0.8507223979298447,0.8507223979298447,0.7555667285638465,0.1558336369085659,1.0,0.5036330238915712,0.8040540540540541,0.7340425531914894,0.7690483036227718,1.0,0.8,1.124444700020831
bace,classification,2,1,stratified_scaffold_group,stratified_scaffold_group,15,gb_lr0.05_d2,boosting,0.8107489280213147,0.8107489280213147,0.8034763492159048,0.1994018411542296,1.0,0.3422565041010067,0.8089171974522293,0.673202614379085,0.7410599059156572,1.0,0.8,0.4092358000343665
bace,classification,2,2,stratified_scaffold_group,stratified_scaffold_group,15,gb_lr0.05_d2,boosting,0.7890250306318922,0.7890250306318922,0.7608825502420606,0.1859924028313241,1.0,0.3778048193543127,0.8,0.6598984771573604,0.7299492385786802,1.0,0.8,0.3704382000141777
bace,classification,2,3,stratified_scaffold_group,stratified_scaffold_group,15,gb_lr0.05_d2,boosting,0.830595888441633,0.830595888441633,0.722354594153121,0.1832255029826145,1.0,0.4717730067867601,0.8716216216216216,0.6968085106382979,0.7842150661299597,1.0,0.8,0.3934191999724135
bace,classification,2,1,stratified_scaffold_group,stratified_scaffold_group,16,gb_lr0.1_d3,boosting,0.8484867407684943,0.8484867407684943,0.8423266405917477,0.1665815755338873,1.0,0.3570565199038741,0.802547770700637,0.7581699346405228,0.7803588526705799,1.0,0.8,0.5633682000334375
bace,classification,2,2,stratified_scaffold_group,stratified_scaffold_group,16,gb_lr0.1_d3,boosting,0.836705758795729,0.836705758795729,0.7940386191046241,0.1612125652530486,1.0,0.3813981185640814,0.8,0.7868020304568528,0.7934010152284264,1.0,0.8,0.456930199987255
bace,classification,2,3,stratified_scaffold_group,stratified_scaffold_group,16,gb_lr0.1_d3,boosting,0.8459423519263943,0.8459423519263943,0.766779522409214,0.1617618022001291,1.0,0.4950960559533439,0.8040540540540541,0.7819148936170213,0.7929844738355376,1.0,0.8,0.4349679999868385
bace,classification,2,1,stratified_scaffold_group,stratified_scaffold_group,17,lgbm_60_l15,boosting,0.8336663752549853,0.8336663752549853,0.8196385309098586,0.1733744530295404,1.0,0.3793177414778106,0.802547770700637,0.7647058823529411,0.783626826526789,1.0,0.8,0.0441755999927409
bace,classification,2,2,stratified_scaffold_group,stratified_scaffold_group,17,lgbm_60_l15,boosting,0.8444249956240153,0.8444249956240153,0.7965245158113674,0.1546091904778658,1.0,0.3775306730315236,0.8,0.7969543147208122,0.7984771573604061,1.0,0.8,0.0382699000183492
bace,classification,2,3,stratified_scaffold_group,stratified_scaffold_group,17,lgbm_60_l15,boosting,0.8701480736055204,0.8701480736055204,0.7751498430990189,0.1469833240253801,1.0,0.5435947880283902,0.8108108108108109,0.7978723404255319,0.8043415756181713,1.0,0.8,0.0421170000336132
bace,classification,2,1,stratified_scaffold_group,stratified_scaffold_group,18,lgbm_90_l31,boosting,0.8442196411473295,0.8442196411473295,0.8360335772071757,0.1704240087460225,1.0,0.3169619699522375,0.802547770700637,0.7712418300653595,0.7868948003829983,1.0,0.8,0.068064899998717
bace,classification,2,2,stratified_scaffold_group,stratified_scaffold_group,18,lgbm_90_l31,boosting,0.842201995448976,0.842201995448976,0.7900422148972249,0.1566092537967096,1.0,0.3828826239130654,0.8,0.7868020304568528,0.7934010152284264,1.0,0.8,0.0645576000097207
bace,classification,2,3,stratified_scaffold_group,stratified_scaffold_group,18,lgbm_90_l31,boosting,0.8769228004600346,0.8769228004600346,0.7873826559851026,0.1395879400705943,1.0,0.5190568684950039,0.8040540540540541,0.8138297872340425,0.8089419206440482,1.0,0.8,0.0742003999766893
bace,classification,2,1,stratified_scaffold_group,stratified_scaffold_group,19,lgbm_60_l63,boosting,0.8355605511843803,0.8355605511843803,0.8331112372622892,0.1757810236216362,1.0,0.274170402944882,0.8089171974522293,0.7320261437908497,0.7704716706215395,1.0,0.8,0.07304029999068
bace,classification,2,2,stratified_scaffold_group,stratified_scaffold_group,19,lgbm_60_l63,boosting,0.8417118851741643,0.8417118851741643,0.7914973840799939,0.1596365739394479,1.0,0.3405386334733185,0.8,0.7309644670050761,0.7654822335025381,1.0,0.8,0.0754907999653369
bace,classification,2,3,stratified_scaffold_group,stratified_scaffold_group,19,lgbm_60_l63,boosting,0.8726638872915469,0.8726638872915469,0.7744066700117354,0.1406867625809323,1.0,0.5571965023467406,0.8040540540540541,0.7978723404255319,0.800963197239793,1.0,0.8,0.106155999994371
bace,classification,2,1,stratified_scaffold_group,stratified_scaffold_group,20,lgbm_100_leaf10,boosting,0.8391407518421382,0.8391407518421382,0.8297123388680849,0.1716322110030364,1.0,0.2680124648795885,0.8089171974522293,0.7320261437908497,0.7704716706215395,1.0,0.8,0.1505615999922156
bace,classification,2,2,stratified_scaffold_group,stratified_scaffold_group,20,lgbm_100_leaf10,boosting,0.8409067040084018,0.8409067040084018,0.8019941953426446,0.1623138139105507,1.0,0.3284494944656069,0.8,0.7563451776649746,0.7781725888324873,1.0,0.8,0.1555709000094793
bace,classification,2,3,stratified_scaffold_group,stratified_scaffold_group,20,lgbm_100_leaf10,boosting,0.8661048016101208,0.8661048016101208,0.7849655003949193,0.1443504031851561,1.0,0.5122901655448686,0.8783783783783784,0.7819148936170213,0.8301466359976999,1.0,0.8,0.1636071999673731
bace,classification,2,1,stratified_scaffold_group,stratified_scaffold_group,21,lgbm_100_leaf30,boosting,0.8472378335622998,0.8472378335622998,0.8309640973320909,0.1716926705293836,1.0,0.3074734899035332,0.8089171974522293,0.7843137254901961,0.7966154614712126,1.0,0.8,0.0772308000014163
bace,classification,2,2,stratified_scaffold_group,stratified_scaffold_group,21,lgbm_100_leaf30,boosting,0.8421669875722037,0.8421669875722037,0.7915403398194887,0.1560988584020953,1.0,0.3496462111141134,0.8,0.7868020304568528,0.7934010152284264,1.0,0.8,0.0792654000106267
bace,classification,2,3,stratified_scaffold_group,stratified_scaffold_group,21,lgbm_100_leaf30,boosting,0.8669673663024727,0.8669673663024727,0.7747978670835233,0.1457659651943681,1.0,0.5125733593653397,0.831081081081081,0.7872340425531915,0.8091575618171363,1.0,0.8,0.0747460999991744
bace,classification,2,1,stratified_scaffold_group,stratified_scaffold_group,22,lgbm_80_ff0.7,boosting,0.8448440947504268,0.8448440947504268,0.8303428426587696,0.171732114036933,1.0,0.2933276283223151,0.802547770700637,0.7712418300653595,0.7868948003829983,1.0,0.8,0.0939619000419043
bace,classification,2,2,stratified_scaffold_group,stratified_scaffold_group,22,lgbm_80_ff0.7,boosting,0.8430071766147383,0.8430071766147383,0.7989711036501288,0.1593112143674535,1.0,0.3680738979368594,0.8,0.8020304568527918,0.8010152284263959,1.0,0.8,0.1120859999791719
bace,classification,2,3,stratified_scaffold_group,stratified_scaffold_group,22,lgbm_80_ff0.7,boosting,0.874083525014376,0.874083525014376,0.7760509560553085,0.1403142323655041,1.0,0.5258504964832301,0.8108108108108109,0.7819148936170213,0.7963628522139161,1.0,0.8,0.1121996999718248
bace,classification,2,1,stratified_scaffold_group,stratified_scaffold_group,23,lgbm_80_bag0.8,boosting,0.8435535573040257,0.8435535573040257,0.8361479387564943,0.1688670791156334,1.0,0.3120874660068754,0.802547770700637,0.7516339869281046,0.7770908788143708,1.0,0.8,0.1636398000409826
bace,classification,2,2,stratified_scaffold_group,stratified_scaffold_group,23,lgbm_80_bag0.8,boosting,0.8416768772973919,0.8416768772973919,0.7958934986266837,0.1564601726911849,1.0,0.3560952830606008,0.8068965517241379,0.7969543147208122,0.801925433222475,1.0,0.8,0.080415999982506
bace,classification,2,3,stratified_scaffold_group,stratified_scaffold_group,23,lgbm_80_bag0.8,boosting,0.8753594019551465,0.8753594019551465,0.7774745971532927,0.1416291787496213,1.0,0.5921564913121052,0.8175675675675675,0.824468085106383,0.8210178263369753,1.0,0.8,0.1036151999724097
bace,classification,2,1,stratified_scaffold_group,stratified_scaffold_group,24,lgbm_120_l15,boosting,0.8412638940926689,0.8412638940926689,0.8298362745649853,0.1706524904104412,1.0,0.3336791294337248,0.802547770700637,0.7516339869281046,0.7770908788143708,1.0,0.8,0.106273700017482
bace,classification,2,2,stratified_scaffold_group,stratified_scaffold_group,24,lgbm_120_l15,boosting,0.8434272711360057,0.8434272711360057,0.7965897594283213,0.1544494244645207,1.0,0.3823420399219552,0.8,0.8071065989847716,0.8035532994923857,1.0,0.8,0.1219693999737501
bace,classification,2,3,stratified_scaffold_group,stratified_scaffold_group,24,lgbm_120_l15,boosting,0.8631936457734329,0.8631936457734329,0.7661315564882875,0.1488916146223581,1.0,0.5317580360757748,0.8108108108108109,0.7765957446808511,0.793703277745831,1.0,0.8,0.0863221999607048
bace,classification,2,1,stratified_scaffold_group,stratified_scaffold_group,25,xgb_60_d3,boosting,0.8325215436493069,0.8325215436493069,0.8270507966261182,0.1800599174332131,1.0,0.3912991285324096,0.802547770700637,0.7516339869281046,0.7770908788143708,1.0,0.8,0.0592396999709308
bace,classification,2,2,stratified_scaffold_group,stratified_scaffold_group,25,xgb_60_d3,boosting,0.8185016628741466,0.8185016628741466,0.7820563465327701,0.1707933025340536,1.0,0.4072973728179931,0.8,0.7157360406091371,0.7578680203045686,1.0,0.8,0.0510370000265538
bace,classification,2,3,stratified_scaffold_group,stratified_scaffold_group,25,xgb_60_d3,boosting,0.8542445370902817,0.8542445370902817,0.7564443697536672,0.1607427482968727,1.0,0.5123836994171143,0.8108108108108109,0.7606382978723404,0.7857245543415756,1.0,0.8,0.0595483999932184
bace,classification,2,1,stratified_scaffold_group,stratified_scaffold_group,26,xgb_80_d5,boosting,0.8389950460014154,0.8389950460014154,0.832363730132167,0.1683417427979217,1.0,0.3528441190719604,0.8089171974522293,0.7320261437908497,0.7704716706215395,1.0,0.8,0.0759060999844223
bace,classification,2,2,stratified_scaffold_group,stratified_scaffold_group,26,xgb_80_d5,boosting,0.84118676702258,0.84118676702258,0.7974524242574783,0.156456320786186,1.0,0.3673857152462005,0.8,0.7614213197969544,0.7807106598984772,1.0,0.8,0.0818974999710917
bace,classification,2,3,stratified_scaffold_group,stratified_scaffold_group,26,xgb_80_d5,boosting,0.8640741805635422,0.8640741805635422,0.7723434754433963,0.1508145690684117,1.0,0.4797888994216919,0.8108108108108109,0.7659574468085106,0.7883841288096607,1.0,0.8,0.0871138999937102
bace,classification,2,1,stratified_scaffold_group,stratified_scaffold_group,27,xgb_100_d3,boosting,0.8365388618292329,0.8365388618292329,0.8333167169229563,0.1800313431577692,1.0,0.3467116951942444,0.802547770700637,0.7647058823529411,0.783626826526789,1.0,0.8,0.0772171000135131
bace,classification,2,2,stratified_scaffold_group,stratified_scaffold_group,27,xgb_100_d3,boosting,0.8298442149483635,0.8298442149483635,0.7903007896562128,0.1670492724529678,1.0,0.3838042318820953,0.8,0.7208121827411167,0.7604060913705584,1.0,0.8,0.0770108000142499
bace,classification,2,3,stratified_scaffold_group,stratified_scaffold_group,27,xgb_100_d3,boosting,0.8614505462909717,0.8614505462909717,0.7580490053650785,0.1577555202537401,1.0,0.5394136309623718,0.8040540540540541,0.8031914893617021,0.8036227717078781,1.0,0.8,0.0909852000186219
bace,classification,2,1,stratified_scaffold_group,stratified_scaffold_group,28,xgb_60_d6,boosting,0.8414304150534949,0.8414304150534949,0.8237436462071501,0.168283159688298,1.0,0.3584345877170563,0.802547770700637,0.7712418300653595,0.7868948003829983,1.0,0.8,0.069329900026787
bace,classification,2,2,stratified_scaffold_group,stratified_scaffold_group,28,xgb_60_d6,boosting,0.8461228776474706,0.8461228776474706,0.7930484021999062,0.1564548686745283,1.0,0.389954149723053,0.8,0.7614213197969544,0.7807106598984772,1.0,0.8,0.0725477000232786
bace,classification,2,3,stratified_scaffold_group,stratified_scaffold_group,28,xgb_60_d6,boosting,0.8651523864289822,0.8651523864289822,0.7771438330637509,0.1455604755309392,1.0,0.5443993806838989,0.8108108108108109,0.7819148936170213,0.7963628522139161,1.0,0.8,0.0690375000122003
bace,classification,2,1,stratified_scaffold_group,stratified_scaffold_group,29,cat_60_d4,boosting,0.8202406227883935,0.8202406227883935,0.8159586880341279,0.1853319755070201,1.0,0.32274780370861,0.8089171974522293,0.6797385620915033,0.7443278797718663,1.0,0.8,0.2302043999661691
bace,classification,2,2,stratified_scaffold_group,stratified_scaffold_group,29,cat_60_d4,boosting,0.812130229301593,0.812130229301593,0.7842929478989151,0.1757494014912366,1.0,0.3686932079212411,0.8068965517241379,0.6903553299492386,0.7486259408366882,1.0,0.8,0.2373187000048346
bace,classification,2,3,stratified_scaffold_group,stratified_scaffold_group,29,cat_60_d4,boosting,0.8537234042553192,0.8537234042553192,0.7765582751590934,0.1694035038114088,1.0,0.4891175985737521,0.8175675675675675,0.7606382978723404,0.7891029327199539,1.0,0.8,0.2462870000163093
bace,classification,2,1,stratified_scaffold_group,stratified_scaffold_group,30,cat_80_d6,boosting,0.8440947504267099,0.8440947504267099,0.8247726168678544,0.1710641713230891,1.0,0.3424403563918828,0.802547770700637,0.7647058823529411,0.783626826526789,1.0,0.8,0.7103287999634631
bace,classification,2,2,stratified_scaffold_group,stratified_scaffold_group,30,cat_80_d6,boosting,0.8356555224925608,0.8356555224925608,0.7924741179472388,0.1631892431312016,1.0,0.3921018525034355,0.8,0.7817258883248731,0.7908629441624366,1.0,0.8,0.6075407000025734
bace,classification,2,3,stratified_scaffold_group,stratified_scaffold_group,30,cat_80_d6,boosting,0.8633374065554917,0.8633374065554917,0.777341824379079,0.1596914314678941,1.0,0.5411068050349119,0.8040540540540541,0.8031914893617021,0.8036227717078781,1.0,0.8,0.6498231999576092
bace,classification,2,1,stratified_scaffold_group,stratified_scaffold_group,31,cat_100_d4,boosting,0.8251738062528621,0.8251738062528621,0.8209715191886312,0.1848921634755056,1.0,0.3577511834387514,0.802547770700637,0.7058823529411764,0.7542150618209067,1.0,0.8,0.3759722999529913
bace,classification,2,2,stratified_scaffold_group,stratified_scaffold_group,31,cat_100_d4,boosting,0.840154034657798,0.840154034657798,0.8081140053741146,0.16512435745737,1.0,0.4095858078901583,0.8,0.7715736040609137,0.7857868020304568,1.0,0.8,0.3271929000038653
bace,classification,2,3,stratified_scaffold_group,stratified_scaffold_group,31,cat_100_d4,boosting,0.8535976135710178,0.8535976135710178,0.7690252153209363,0.1680946993643468,1.0,0.4967178351418034,0.8378378378378378,0.7659574468085106,0.8018976423231743,1.0,0.8,0.3318952000117861
bace,classification,2,1,stratified_scaffold_group,stratified_scaffold_group,32,cat_60_d8,boosting,0.8574580575329919,0.8574580575329919,0.8472162777516629,0.1693044424785357,1.0,0.3510359275600117,0.802547770700637,0.7647058823529411,0.783626826526789,1.0,0.8,1.8756827000179328
bace,classification,2,2,stratified_scaffold_group,stratified_scaffold_group,32,cat_60_d8,boosting,0.8368107824260459,0.8368107824260459,0.7894882020125011,0.1621413566139254,1.0,0.3783821800208104,0.8,0.7715736040609137,0.7857868020304568,1.0,0.8,1.5046371999778785
bace,classification,2,3,stratified_scaffold_group,stratified_scaffold_group,32,cat_60_d8,boosting,0.8773181426106959,0.8773181426106959,0.8210491588343833,0.148601603443192,1.0,0.532209977255774,0.8175675675675675,0.8297872340425532,0.8236774008050604,1.0,0.8,1.7559646000154316
bace,classification,3,1,stratified_scaffold_group,stratified_scaffold_group,1,logreg_l2_c0.1,linear,0.7388150232919255,0.7388150232919255,0.7010217450493497,0.2095527589640074,1.0,0.2247004311780934,0.8046875,0.4968944099378882,0.6507909549689441,1.0,0.8,0.0076143000042065
bace,classification,3,2,stratified_scaffold_group,stratified_scaffold_group,1,logreg_l2_c0.1,linear,0.8322123753758506,0.8322123753758506,0.7798993353017023,0.1686136615973408,1.0,0.4570835240315516,0.8146067415730337,0.7089201877934272,0.7617634646832305,1.0,0.8,0.0070558000006712
bace,classification,3,3,stratified_scaffold_group,stratified_scaffold_group,1,logreg_l2_c0.1,linear,0.8346688034188035,0.8346688034188035,0.8085450231850997,0.1653940441964843,1.0,0.5468433067277475,0.8125,0.7727272727272727,0.7926136363636364,1.0,0.8,0.0062662999844178
bace,classification,3,1,stratified_scaffold_group,stratified_scaffold_group,2,logreg_l2_c1,linear,0.7477921195652173,0.7477921195652173,0.7232274009879868,0.2263523228249223,1.0,0.0609112897541351,0.8046875,0.4596273291925465,0.6321574145962733,1.0,0.8,0.0115931999753229
bace,classification,3,2,stratified_scaffold_group,stratified_scaffold_group,2,logreg_l2_c1,linear,0.8293374479084242,0.8293374479084242,0.7740549793165206,0.1759221446388614,1.0,0.4626691598370034,0.8033707865168539,0.7136150234741784,0.7584929049955161,1.0,0.8,0.0105424000066705
bace,classification,3,3,stratified_scaffold_group,stratified_scaffold_group,2,logreg_l2_c1,linear,0.7870046620046621,0.7870046620046621,0.7739577262044457,0.199458843967455,1.0,0.4000978919390749,0.8028846153846154,0.6363636363636364,0.7196241258741258,1.0,0.8,0.0089637000346556
bace,classification,3,1,stratified_scaffold_group,stratified_scaffold_group,3,logreg_l2_c10,linear,0.7496360636645963,0.7496360636645963,0.7277165894774349,0.2505067128367726,1.0,0.0064896237438137,0.8125,0.4968944099378882,0.6546972049689441,1.0,0.8,0.021490899962373
bace,classification,3,2,stratified_scaffold_group,stratified_scaffold_group,3,logreg_l2_c10,linear,0.7918051379437674,0.7918051379437674,0.7266685356539888,0.2279959940424372,1.0,0.1575667850798718,0.8033707865168539,0.6338028169014085,0.7185868017091313,1.0,0.8,0.0188646000460721
bace,classification,3,3,stratified_scaffold_group,stratified_scaffold_group,3,logreg_l2_c10,linear,0.7360868298368298,0.7360868298368298,0.7360978537898446,0.2619651101861085,1.0,0.103854426877795,0.8076923076923077,0.5151515151515151,0.6614219114219114,1.0,0.8,0.0191116000059992
bace,classification,3,1,stratified_scaffold_group,stratified_scaffold_group,4,logreg_l1_c1,linear,0.746481948757764,0.746481948757764,0.7138462260101326,0.222022763474971,1.0,0.1426386710073598,0.8046875,0.4968944099378882,0.6507909549689441,1.0,0.8,0.0918945000157691
bace,classification,3,2,stratified_scaffold_group,stratified_scaffold_group,4,logreg_l1_c1,linear,0.8219391253890382,0.8219391253890382,0.760115172326409,0.1771317313352327,1.0,0.5012073895859984,0.8089887640449438,0.7323943661971831,0.7706915651210635,1.0,0.8,0.0265350999543443
bace,classification,3,3,stratified_scaffold_group,stratified_scaffold_group,4,logreg_l1_c1,linear,0.7856934731934733,0.7856934731934733,0.7716800205070442,0.1979026421972666,1.0,0.4402449342303461,0.8028846153846154,0.6363636363636364,0.7196241258741258,1.0,0.8,0.0292915999889373
bace,classification,3,1,stratified_scaffold_group,stratified_scaffold_group,5,rf_60_sqrt,bagging,0.7947641692546583,0.7947641692546583,0.7460132825704056,0.1938165711218759,1.0,0.2333333333333333,0.8125,0.577639751552795,0.6950698757763976,1.0,0.8,0.1587613999727182
bace,classification,3,2,stratified_scaffold_group,stratified_scaffold_group,5,rf_60_sqrt,bagging,0.8544469061560374,0.8544469061560374,0.7671484743745445,0.1569736108757322,1.0,0.5442834138486312,0.8146067415730337,0.7981220657276995,0.8063644036503665,1.0,0.8,0.1543812999734655
bace,classification,3,3,stratified_scaffold_group,stratified_scaffold_group,5,rf_60_sqrt,bagging,0.8567890442890443,0.8567890442890443,0.859696099253198,0.157074218851156,1.0,0.4666666666666667,0.8076923076923077,0.7575757575757576,0.7826340326340326,1.0,0.8,0.1590198999620042
bace,classification,3,1,stratified_scaffold_group,stratified_scaffold_group,6,rf_90_d12,bagging,0.7962684394409938,0.7962684394409938,0.7404214186946732,0.1951414228238672,1.0,0.284703506535291,0.8125,0.670807453416149,0.7416537267080745,1.0,0.8,0.2185753000085242
bace,classification,3,2,stratified_scaffold_group,stratified_scaffold_group,6,rf_90_d12,bagging,0.8519807986495753,0.8519807986495753,0.7863826582925688,0.1615881098600357,1.0,0.5062307316030704,0.8146067415730337,0.7605633802816901,0.7875850609273619,1.0,0.8,0.2158278999850154
bace,classification,3,3,stratified_scaffold_group,stratified_scaffold_group,6,rf_90_d12,bagging,0.8654817404817405,0.8654817404817405,0.8758494016719274,0.1567494749561244,1.0,0.4852469255315291,0.8028846153846154,0.7828282828282829,0.7928564491064491,1.0,0.8,0.2091809000121429
bace,classification,3,1,stratified_scaffold_group,stratified_scaffold_group,7,rf_90_leaf2,bagging,0.791415954968944,0.791415954968944,0.738308490658663,0.195539070472345,1.0,0.2764927710218803,0.8125,0.6086956521739131,0.7105978260869565,1.0,0.8,0.2276489000068977
bace,classification,3,2,stratified_scaffold_group,stratified_scaffold_group,7,rf_90_leaf2,bagging,0.8556865537796065,0.8556865537796065,0.7827562320087177,0.1582771865101011,1.0,0.5076549066695263,0.8089887640449438,0.784037558685446,0.7965131613651949,1.0,0.8,0.1972035999642685
bace,classification,3,3,stratified_scaffold_group,stratified_scaffold_group,7,rf_90_leaf2,bagging,0.8599213286713286,0.8599213286713286,0.8749107975454138,0.1575969209435727,1.0,0.5146511133949402,0.8028846153846154,0.7727272727272727,0.7878059440559441,1.0,0.8,0.2108287999872118
bace,classification,3,1,stratified_scaffold_group,stratified_scaffold_group,8,rf_120_d20_leaf2,bagging,0.7911733307453416,0.7911733307453416,0.7384209018621645,0.1937354369214897,1.0,0.2730522485199383,0.8125,0.5962732919254659,0.7043866459627329,1.0,0.8,0.2616260999930091
bace,classification,3,2,stratified_scaffold_group,stratified_scaffold_group,8,rf_120_d20_leaf2,bagging,0.8608297726433507,0.8608297726433507,0.7884129968422745,0.1565092921981629,1.0,0.5138174377480488,0.8370786516853933,0.7934272300469484,0.8152529408661708,1.0,0.8,0.2403148999437689
bace,classification,3,3,stratified_scaffold_group,stratified_scaffold_group,8,rf_120_d20_leaf2,bagging,0.8597756410256411,0.8597756410256411,0.870635891740631,0.1577045332762404,1.0,0.5084469977506767,0.8028846153846154,0.7727272727272727,0.7878059440559441,1.0,0.8,0.1993976999656297
bace,classification,3,1,stratified_scaffold_group,stratified_scaffold_group,9,et_60_sqrt,bagging,0.7851805124223603,0.7851805124223603,0.732924467608857,0.2017031075435994,1.0,0.2171894604767879,0.8046875,0.6273291925465838,0.7160083462732919,1.0,0.8,0.0712767000077292
bace,classification,3,2,stratified_scaffold_group,stratified_scaffold_group,9,et_60_sqrt,bagging,0.8586537954317667,0.8586537954317667,0.7834943165192713,0.1532665406580695,1.0,0.5177697841726618,0.8146067415730337,0.7605633802816901,0.7875850609273619,1.0,0.8,0.0636295999865979
bace,classification,3,3,stratified_scaffold_group,stratified_scaffold_group,9,et_60_sqrt,bagging,0.8441385003885005,0.8441385003885005,0.8426208117872963,0.1625963025798278,1.0,0.45,0.8028846153846154,0.7777777777777778,0.7903311965811965,1.0,0.8,0.0767654000082984
bace,classification,3,1,stratified_scaffold_group,stratified_scaffold_group,10,et_90_d12,bagging,0.7806677018633541,0.7806677018633541,0.7234151116557397,0.2012020979908312,1.0,0.2551107518961825,0.828125,0.6086956521739131,0.7184103260869565,1.0,0.8,0.0943983999895863
bace,classification,3,2,stratified_scaffold_group,stratified_scaffold_group,10,et_90_d12,bagging,0.8667378804663185,0.8667378804663185,0.7960678200341151,0.1515945711067205,1.0,0.513242961697344,0.8202247191011236,0.8028169014084507,0.8115208102547872,1.0,0.8,0.0991969999740831
bace,classification,3,3,stratified_scaffold_group,stratified_scaffold_group,10,et_90_d12,bagging,0.8509129759129759,0.8509129759129759,0.863988964271327,0.1582910705235159,1.0,0.462672547231929,0.8317307692307693,0.7272727272727273,0.7795017482517483,1.0,0.8,0.1149183000088669
bace,classification,3,1,stratified_scaffold_group,stratified_scaffold_group,11,et_90_leaf2,bagging,0.786029697204969,0.786029697204969,0.7340156466105039,0.1960398139363527,1.0,0.264825548035933,0.8125,0.6832298136645962,0.7478649068322981,1.0,0.8,0.1079232000047341
bace,classification,3,2,stratified_scaffold_group,stratified_scaffold_group,11,et_90_leaf2,bagging,0.8624914279685604,0.8624914279685604,0.7806539742965857,0.1503047614795872,1.0,0.5359489291803489,0.8033707865168539,0.812206572769953,0.8077886796434035,1.0,0.8,0.1078434999799355
bace,classification,3,3,stratified_scaffold_group,stratified_scaffold_group,11,et_90_leaf2,bagging,0.8563762626262625,0.8563762626262625,0.8622611932309001,0.1550751585864774,1.0,0.4989535760821563,0.8028846153846154,0.7424242424242424,0.7726544289044289,1.0,0.8,0.0941029000096023
bace,classification,3,1,stratified_scaffold_group,stratified_scaffold_group,12,et_120_d20_leaf2,bagging,0.7881647903726708,0.7881647903726708,0.7382455495713331,0.1985684472814534,1.0,0.2522488992180077,0.8046875,0.68944099378882,0.74706424689441,1.0,0.8,0.159791000012774
bace,classification,3,2,stratified_scaffold_group,stratified_scaffold_group,12,et_120_d20_leaf2,bagging,0.8664741256527932,0.8664741256527932,0.7905438001772822,0.1490967489877663,1.0,0.5183748572439991,0.8089887640449438,0.7981220657276995,0.8035554148863217,1.0,0.8,0.158021799987182
bace,classification,3,3,stratified_scaffold_group,stratified_scaffold_group,12,et_120_d20_leaf2,bagging,0.8570075757575758,0.8570075757575758,0.8579816966282107,0.1542934230847791,1.0,0.4777944319711929,0.8365384615384616,0.7323232323232323,0.784430846930847,1.0,0.8,0.1602137999725528
bace,classification,3,1,stratified_scaffold_group,stratified_scaffold_group,13,histgb_lr0.05,boosting,0.7926533385093167,0.7926533385093167,0.7419070168029982,0.2025249773985953,1.0,0.2359518699597741,0.8046875,0.7204968944099379,0.762592197204969,1.0,0.8,1.2886235999758355
bace,classification,3,2,stratified_scaffold_group,stratified_scaffold_group,13,histgb_lr0.05,boosting,0.8526533734240649,0.8526533734240649,0.788434079735484,0.1560659280441227,1.0,0.4548435806609527,0.8202247191011236,0.755868544600939,0.7880466318510313,1.0,0.8,1.0228913000319153
bace,classification,3,3,stratified_scaffold_group,stratified_scaffold_group,13,histgb_lr0.05,boosting,0.8447455322455322,0.8447455322455322,0.8523857409541945,0.1604868373755139,1.0,0.4668058098895186,0.8076923076923077,0.7373737373737373,0.7725330225330225,1.0,0.8,1.04785410000477
bace,classification,3,1,stratified_scaffold_group,stratified_scaffold_group,14,histgb_lr0.1,boosting,0.7750145574534161,0.7750145574534161,0.7355789471066638,0.215999738490562,1.0,0.1439773809483572,0.8046875,0.6024844720496895,0.7035859860248448,1.0,0.8,0.9239359000348486
bace,classification,3,2,stratified_scaffold_group,stratified_scaffold_group,14,histgb_lr0.1,boosting,0.849646568549876,0.849646568549876,0.7860460992013493,0.1589168040124749,1.0,0.4295341860896607,0.8258426966292135,0.755868544600939,0.7908556206150763,1.0,0.8,0.8628323000157252
bace,classification,3,3,stratified_scaffold_group,stratified_scaffold_group,14,histgb_lr0.1,boosting,0.8488490675990675,0.8488490675990675,0.8465232853588793,0.1591940863495876,1.0,0.4906705051618008,0.8028846153846154,0.7626262626262627,0.782755439005439,1.0,0.8,0.8350106999860145
bace,classification,3,1,stratified_scaffold_group,stratified_scaffold_group,15,gb_lr0.05_d2,boosting,0.7405861801242235,0.7405861801242235,0.6960267798397113,0.2090038819018547,1.0,0.2790001622300599,0.8203125,0.4782608695652174,0.6492866847826086,1.0,0.8,0.4607293999870308
bace,classification,3,2,stratified_scaffold_group,stratified_scaffold_group,15,gb_lr0.05_d2,boosting,0.8240755393785937,0.8240755393785937,0.7492106823053183,0.1813961538695838,1.0,0.4566163081290181,0.8033707865168539,0.7089201877934272,0.7561454871551405,1.0,0.8,0.3561965000117197
bace,classification,3,3,stratified_scaffold_group,stratified_scaffold_group,15,gb_lr0.05_d2,boosting,0.8336247086247086,0.8336247086247086,0.848719742745855,0.1807267917801842,1.0,0.4366029952071145,0.8269230769230769,0.7171717171717171,0.772047397047397,1.0,0.8,0.3576921999920159
bace,classification,3,1,stratified_scaffold_group,stratified_scaffold_group,16,gb_lr0.1_d3,boosting,0.7321428571428571,0.7321428571428571,0.6781787920402624,0.2211047892291146,1.0,0.1967714201602121,0.8046875,0.5093167701863355,0.6570021350931677,1.0,0.8,0.556965499999933
bace,classification,3,2,stratified_scaffold_group,stratified_scaffold_group,16,gb_lr0.1_d3,boosting,0.8445824761301893,0.8445824761301893,0.7723042906531513,0.1606958222679174,1.0,0.5218422167457029,0.8089887640449438,0.784037558685446,0.7965131613651949,1.0,0.8,0.4755869000218808
bace,classification,3,3,stratified_scaffold_group,stratified_scaffold_group,16,gb_lr0.1_d3,boosting,0.8401442307692307,0.8401442307692307,0.8268616023318742,0.1635113840652095,1.0,0.4433236618480465,0.8076923076923077,0.7474747474747474,0.7775835275835276,1.0,0.8,0.4758869999786839
bace,classification,3,1,stratified_scaffold_group,stratified_scaffold_group,17,lgbm_60_l15,boosting,0.7926048136645962,0.7926048136645962,0.7395526819100423,0.1995325870964408,1.0,0.2441095524070183,0.8125,0.6211180124223603,0.7168090062111802,1.0,0.8,0.0563507000333629
bace,classification,3,2,stratified_scaffold_group,stratified_scaffold_group,17,lgbm_60_l15,boosting,0.8474442158569394,0.8474442158569394,0.7580481985789116,0.1551673996330149,1.0,0.4841645004472202,0.8146067415730337,0.7887323943661972,0.8016695679696155,1.0,0.8,0.0505644000368192
bace,classification,3,3,stratified_scaffold_group,stratified_scaffold_group,17,lgbm_60_l15,boosting,0.8553321678321679,0.8553321678321679,0.8725873393833721,0.1560587033784677,1.0,0.4385204698420809,0.8076923076923077,0.7424242424242424,0.7750582750582751,1.0,0.8,0.0456505000474862
bace,classification,3,1,stratified_scaffold_group,stratified_scaffold_group,18,lgbm_90_l31,boosting,0.8100009704968945,0.8100009704968945,0.7551466862090318,0.2027387836259542,1.0,0.1977967667773061,0.8125,0.6832298136645962,0.7478649068322981,1.0,0.8,0.0830887999618426
bace,classification,3,2,stratified_scaffold_group,stratified_scaffold_group,18,lgbm_90_l31,boosting,0.8527588753494751,0.8527588753494751,0.7701420733599279,0.1545344082515851,1.0,0.4392663326052181,0.8146067415730337,0.7746478873239436,0.7946273144484887,1.0,0.8,0.0812726000440307
bace,classification,3,3,stratified_scaffold_group,stratified_scaffold_group,18,lgbm_90_l31,boosting,0.8457410644910645,0.8457410644910645,0.8371580187084999,0.1589540190882069,1.0,0.4539536787425606,0.8076923076923077,0.7373737373737373,0.7725330225330225,1.0,0.8,0.1001443000277504
bace,classification,3,1,stratified_scaffold_group,stratified_scaffold_group,19,lgbm_60_l63,boosting,0.808302600931677,0.808302600931677,0.7564853954885342,0.2047423693801447,1.0,0.1823029151842506,0.8046875,0.68944099378882,0.74706424689441,1.0,0.8,0.0843499000184238
bace,classification,3,2,stratified_scaffold_group,stratified_scaffold_group,19,lgbm_60_l63,boosting,0.8518093580207838,0.8518093580207838,0.7756247917091873,0.1556703168026523,1.0,0.4251401559557278,0.8202247191011236,0.7699530516431925,0.795088885372158,1.0,0.8,0.0601855000131763
bace,classification,3,3,stratified_scaffold_group,stratified_scaffold_group,19,lgbm_60_l63,boosting,0.8432765151515151,0.8432765151515151,0.8355962508283314,0.1611728608837577,1.0,0.4091662250962737,0.8317307692307693,0.7121212121212122,0.7719259906759908,1.0,0.8,0.0524738000240176
bace,classification,3,1,stratified_scaffold_group,stratified_scaffold_group,20,lgbm_100_leaf10,boosting,0.7867575698757764,0.7867575698757764,0.7405714982810885,0.2184116656881918,1.0,0.1196858874573755,0.8046875,0.5652173913043479,0.684952445652174,1.0,0.8,0.1049566000001505
bace,classification,3,2,stratified_scaffold_group,stratified_scaffold_group,20,lgbm_100_leaf10,boosting,0.8555810518541964,0.8555810518541964,0.7804030946368145,0.1584449235339241,1.0,0.4865092921354809,0.8089887640449438,0.7699530516431925,0.7894709078440681,1.0,0.8,0.1124646000098437
bace,classification,3,3,stratified_scaffold_group,stratified_scaffold_group,20,lgbm_100_leaf10,boosting,0.8441992035742036,0.8441992035742036,0.8484925154389087,0.1607233848382556,1.0,0.4797842539700571,0.8028846153846154,0.7474747474747474,0.7751796814296814,1.0,0.8,0.1173423000145703
bace,classification,3,1,stratified_scaffold_group,stratified_scaffold_group,21,lgbm_100_leaf30,boosting,0.7897418478260869,0.7897418478260869,0.7382119159298798,0.2063940263377008,1.0,0.2008299924706274,0.8046875,0.6335403726708074,0.7191139363354038,1.0,0.8,0.0608858999912627
bace,classification,3,2,stratified_scaffold_group,stratified_scaffold_group,21,lgbm_100_leaf30,boosting,0.8525346837579786,0.8525346837579786,0.7758298231363407,0.1524786496387107,1.0,0.5028606942525272,0.8033707865168539,0.8028169014084507,0.8030938439626523,1.0,0.8,0.064458500011824
bace,classification,3,3,stratified_scaffold_group,stratified_scaffold_group,21,lgbm_100_leaf30,boosting,0.8478413947163947,0.8478413947163947,0.8580616056704085,0.1582025638644652,1.0,0.4756461528133228,0.8028846153846154,0.7525252525252525,0.777704933954934,1.0,0.8,0.0619700000388547
bace,classification,3,1,stratified_scaffold_group,stratified_scaffold_group,22,lgbm_80_ff0.7,boosting,0.8098068711180124,0.8098068711180124,0.7401496911880585,0.2056854344136397,1.0,0.1797509948945204,0.8125,0.6832298136645962,0.7478649068322981,1.0,0.8,0.1192963999928906
bace,classification,3,2,stratified_scaffold_group,stratified_scaffold_group,22,lgbm_80_ff0.7,boosting,0.8489871815160627,0.8489871815160627,0.7805219745598124,0.1564466720897219,1.0,0.4677939735735649,0.8033707865168539,0.8075117370892019,0.8054412618030279,1.0,0.8,0.0915930999908596
bace,classification,3,3,stratified_scaffold_group,stratified_scaffold_group,22,lgbm_80_ff0.7,boosting,0.8444298756798757,0.8444298756798757,0.8489726262138482,0.1613706765859659,1.0,0.4567232084055319,0.8076923076923077,0.7525252525252525,0.78010878010878,1.0,0.8,0.079720499983523
bace,classification,3,1,stratified_scaffold_group,stratified_scaffold_group,23,lgbm_80_bag0.8,boosting,0.8036927406832299,0.8036927406832299,0.7488100582444978,0.2009045135569912,1.0,0.205432910605386,0.8046875,0.7453416149068324,0.7750145574534162,1.0,0.8,0.0646277999621816
bace,classification,3,2,stratified_scaffold_group,stratified_scaffold_group,23,lgbm_80_bag0.8,boosting,0.8595373740570765,0.8595373740570765,0.796298664640363,0.1486309218471739,1.0,0.4828319144126872,0.8202247191011236,0.7934272300469484,0.806825974574036,1.0,0.8,0.0621726000099442
bace,classification,3,3,stratified_scaffold_group,stratified_scaffold_group,23,lgbm_80_bag0.8,boosting,0.8488247863247863,0.8488247863247863,0.8417224668222638,0.1577183312097681,1.0,0.4617693417780243,0.8028846153846154,0.7474747474747474,0.7751796814296814,1.0,0.8,0.0578494000365026
bace,classification,3,1,stratified_scaffold_group,stratified_scaffold_group,24,lgbm_120_l15,boosting,0.8059248835403727,0.8059248835403727,0.7461439665888849,0.2030373352425844,1.0,0.2350881157724038,0.8046875,0.7142857142857143,0.7594866071428572,1.0,0.8,0.0763916000141762
bace,classification,3,2,stratified_scaffold_group,stratified_scaffold_group,24,lgbm_120_l15,boosting,0.8479321622619612,0.8479321622619612,0.7734771760178478,0.1546930200154666,1.0,0.5000667310946387,0.8089887640449438,0.8075117370892019,0.8082502505670728,1.0,0.8,0.2230930000077933
bace,classification,3,3,stratified_scaffold_group,stratified_scaffold_group,24,lgbm_120_l15,boosting,0.853923853923854,0.853923853923854,0.8673699788915431,0.1550240440566303,1.0,0.4604176929428146,0.8076923076923077,0.7323232323232323,0.77000777000777,1.0,0.8,0.1354950999957509
bace,classification,3,1,stratified_scaffold_group,stratified_scaffold_group,25,xgb_60_d3,boosting,0.7433763586956522,0.7433763586956522,0.6939117869422607,0.2100567773394794,1.0,0.2694002687931061,0.8046875,0.5403726708074534,0.6725300854037267,1.0,0.8,0.0813670000061392
bace,classification,3,2,stratified_scaffold_group,stratified_scaffold_group,25,xgb_60_d3,boosting,0.8284802447644669,0.8284802447644669,0.7524469472490765,0.1718516653837068,1.0,0.4726445078849792,0.8146067415730337,0.7323943661971831,0.7735005538851084,1.0,0.8,0.0740277000004425
bace,classification,3,3,stratified_scaffold_group,stratified_scaffold_group,25,xgb_60_d3,boosting,0.8524912587412588,0.8524912587412588,0.8603589420166393,0.1619712875662254,1.0,0.4582280218601227,0.8125,0.7828282828282829,0.7976641414141414,1.0,0.8,0.0706148000317625
bace,classification,3,1,stratified_scaffold_group,stratified_scaffold_group,26,xgb_80_d5,boosting,0.759680706521739,0.759680706521739,0.7079745239213819,0.2141321890021726,1.0,0.2094497382640838,0.8046875,0.577639751552795,0.6911636257763976,1.0,0.8,0.113402200047858
bace,classification,3,2,stratified_scaffold_group,stratified_scaffold_group,26,xgb_80_d5,boosting,0.8521786147597195,0.8521786147597195,0.7813599186109526,0.1568369489650851,1.0,0.5118454098701477,0.8033707865168539,0.8028169014084507,0.8030938439626523,1.0,0.8,0.1057579000480473
bace,classification,3,3,stratified_scaffold_group,stratified_scaffold_group,26,xgb_80_d5,boosting,0.851386460761461,0.851386460761461,0.8514409103873255,0.1572841270436349,1.0,0.4578737616539001,0.8028846153846154,0.7474747474747474,0.7751796814296814,1.0,0.8,0.1034931999747641
bace,classification,3,1,stratified_scaffold_group,stratified_scaffold_group,27,xgb_100_d3,boosting,0.7479862189440993,0.7479862189440993,0.6948919564751549,0.2094573910500342,1.0,0.2481806129217147,0.8046875,0.5217391304347826,0.6632133152173914,1.0,0.8,0.1031752999988384
bace,classification,3,2,stratified_scaffold_group,stratified_scaffold_group,27,xgb_100_d3,boosting,0.8409822229255685,0.8409822229255685,0.7627729392102447,0.1659854003478179,1.0,0.4810474812984466,0.8202247191011236,0.7652582159624413,0.7927414675317824,1.0,0.8,0.1188321000081487
bace,classification,3,3,stratified_scaffold_group,stratified_scaffold_group,27,xgb_100_d3,boosting,0.8525641025641026,0.8525641025641026,0.8693231387983867,0.1623027011273472,1.0,0.4506331980228424,0.8076923076923077,0.7828282828282829,0.7952602952602953,1.0,0.8,0.1126723000197671
bace,classification,3,1,stratified_scaffold_group,stratified_scaffold_group,28,xgb_60_d6,boosting,0.7515527950310559,0.7515527950310559,0.7031565619685245,0.2147948444410431,1.0,0.1948862820863723,0.8046875,0.5279503105590062,0.6663189052795031,1.0,0.8,0.1160792000009678
bace,classification,3,2,stratified_scaffold_group,stratified_scaffold_group,28,xgb_60_d6,boosting,0.8488948673313288,0.8488948673313288,0.7735859721056676,0.1567445533063292,1.0,0.5115059018135071,0.8033707865168539,0.7793427230046949,0.7913567547607744,1.0,0.8,0.0944001000025309
bace,classification,3,3,stratified_scaffold_group,stratified_scaffold_group,28,xgb_60_d6,boosting,0.8557085275835276,0.8557085275835276,0.8662058108856615,0.1558840160126013,1.0,0.4391913414001465,0.8076923076923077,0.7373737373737373,0.7725330225330225,1.0,0.8,0.0837303000153042
bace,classification,3,1,stratified_scaffold_group,stratified_scaffold_group,29,cat_60_d4,boosting,0.7727096273291926,0.7727096273291926,0.7261776864495657,0.1997631373896647,1.0,0.266970487603196,0.8203125,0.5590062111801242,0.6896593555900621,1.0,0.8,0.2827933999942615
bace,classification,3,2,stratified_scaffold_group,stratified_scaffold_group,29,cat_60_d4,boosting,0.8330827662604842,0.8330827662604842,0.7747060932920575,0.1688124299782492,1.0,0.4715513899974167,0.8033707865168539,0.7511737089201878,0.7772722477185208,1.0,0.8,0.2099756000097841
bace,classification,3,3,stratified_scaffold_group,stratified_scaffold_group,29,cat_60_d4,boosting,0.8579909673659674,0.8579909673659674,0.8673340046953488,0.1639427374247406,1.0,0.4605928822410455,0.8028846153846154,0.7424242424242424,0.7726544289044289,1.0,0.8,0.2088267999934032
bace,classification,3,1,stratified_scaffold_group,stratified_scaffold_group,30,cat_80_d6,boosting,0.7691915760869565,0.7691915760869565,0.7216968749720187,0.2029286889815263,1.0,0.2477283573098649,0.8046875,0.6149068322981366,0.7097971661490683,1.0,0.8,0.8278483999893069
bace,classification,3,2,stratified_scaffold_group,stratified_scaffold_group,30,cat_80_d6,boosting,0.8435010813947355,0.8435010813947355,0.7669042449664827,0.162593504113281,1.0,0.4840126931820683,0.8033707865168539,0.7793427230046949,0.7913567547607744,1.0,0.8,0.7693271999596618
bace,classification,3,3,stratified_scaffold_group,stratified_scaffold_group,30,cat_80_d6,boosting,0.8534625097125097,0.8534625097125097,0.8401222781816091,0.1607236995789326,1.0,0.4616646888986783,0.8221153846153846,0.7777777777777778,0.7999465811965811,1.0,0.8,0.5990247000008821
bace,classification,3,1,stratified_scaffold_group,stratified_scaffold_group,31,cat_100_d4,boosting,0.7676873059006211,0.7676873059006211,0.7233357791174317,0.2022391117697892,1.0,0.2725503160154623,0.8125,0.5838509316770186,0.6981754658385093,1.0,0.8,0.3650217000395059
bace,classification,3,2,stratified_scaffold_group,stratified_scaffold_group,31,cat_100_d4,boosting,0.8445297251674844,0.8445297251674844,0.7847419971420849,0.1668644956404929,1.0,0.4914447808306376,0.8089887640449438,0.7605633802816901,0.784776072163317,1.0,0.8,0.3661245999974198
bace,classification,3,3,stratified_scaffold_group,stratified_scaffold_group,31,cat_100_d4,boosting,0.8538024475524476,0.8538024475524476,0.8612503220148866,0.1652295685210185,1.0,0.4509106368535506,0.8028846153846154,0.7575757575757576,0.7802301864801865,1.0,0.8,0.2911637999932281
bace,classification,3,1,stratified_scaffold_group,stratified_scaffold_group,32,cat_60_d8,boosting,0.7534210015527949,0.7534210015527949,0.7239404709034946,0.206067219620994,1.0,0.2110346179800988,0.8046875,0.5465838509316769,0.6756356754658385,1.0,0.8,1.8093069999595173
bace,classification,3,2,stratified_scaffold_group,stratified_scaffold_group,32,cat_60_d8,boosting,0.8652212902885478,0.8652212902885478,0.7849934914973702,0.1524480943090719,1.0,0.4923641476339471,0.8258426966292135,0.7699530516431925,0.7978978741362031,1.0,0.8,1.6716213999898173
bace,classification,3,3,stratified_scaffold_group,stratified_scaffold_group,32,cat_60_d8,boosting,0.8465180652680653,0.8465180652680653,0.847909048134212,0.1617198399715559,1.0,0.4452872212995431,0.8028846153846154,0.7525252525252525,0.777704933954934,1.0,0.8,1.4539715999853795
clintox,classification,1,1,stratified_scaffold_group,stratified_scaffold_group,1,logreg_l2_c0.1,linear,0.7669350715746421,0.7669350715746421,0.3510500051665939,0.0959468182533918,1.0,0.1045645802651787,0.8333333333333334,0.4079754601226993,0.6206543967280164,1.0,0.8,0.0043383999727666
clintox,classification,1,2,stratified_scaffold_group,stratified_scaffold_group,1,logreg_l2_c0.1,linear,0.7503510619624364,0.7503510619624364,0.1808872414799869,0.0783861515812632,1.0,0.1484406362569242,0.8148148148148148,0.523696682464455,0.6692557486396349,1.0,0.8,0.0048527000471949
clintox,classification,1,3,stratified_scaffold_group,stratified_scaffold_group,1,logreg_l2_c0.1,linear,0.802608543417367,0.802608543417367,0.4399446375945502,0.1005708945661994,1.0,0.2291256962693134,0.8333333333333334,0.6134453781512605,0.723389355742297,1.0,0.8,0.0063590999925509
clintox,classification,1,1,stratified_scaffold_group,stratified_scaffold_group,2,logreg_l2_c1,linear,0.7609279141104294,0.7609279141104294,0.353811692302914,0.0780081670835597,1.0,0.0272227396545843,0.8333333333333334,0.5306748466257669,0.6820040899795501,1.0,0.8,0.0053165999706834
clintox,classification,1,2,stratified_scaffold_group,stratified_scaffold_group,2,logreg_l2_c1,linear,0.7398192030893453,0.7398192030893453,0.1741090302159247,0.0659082415328212,1.0,0.0179752671796662,0.8148148148148148,0.471563981042654,0.6431893979287344,1.0,0.8,0.0046952000120654
clintox,classification,1,3,stratified_scaffold_group,stratified_scaffold_group,2,logreg_l2_c1,linear,0.7768732492997199,0.7768732492997199,0.4098067274232028,0.0823686167847057,1.0,0.0443044372796601,0.8333333333333334,0.592436974789916,0.7128851540616247,1.0,0.8,0.0059192000189796
clintox,classification,1,1,stratified_scaffold_group,stratified_scaffold_group,3,logreg_l2_c10,linear,0.7505751533742331,0.7505751533742331,0.3332267817193883,0.08305928376771,1.0,0.0009320467320327,0.8333333333333334,0.4570552147239264,0.6451942740286298,1.0,0.8,0.0078018000349402
clintox,classification,1,2,stratified_scaffold_group,stratified_scaffold_group,3,logreg_l2_c10,linear,0.7308671230472178,0.7308671230472178,0.1697994179943157,0.067812640850884,1.0,0.0009627709148833,0.8148148148148148,0.4454976303317536,0.6301562225732842,1.0,0.8,0.0075665999902412
clintox,classification,1,3,stratified_scaffold_group,stratified_scaffold_group,3,logreg_l2_c10,linear,0.7635679271708684,0.7635679271708684,0.3807825619229066,0.0841849017259332,1.0,0.0041008149385166,0.8333333333333334,0.5756302521008403,0.7044817927170868,1.0,0.8,0.0094013000489212
clintox,classification,1,1,stratified_scaffold_group,stratified_scaffold_group,4,logreg_l1_c1,linear,0.7825920245398773,0.7825920245398773,0.4068480077075023,0.1007289449496378,1.0,0.0300918311324701,0.8333333333333334,0.5337423312883436,0.6835378323108385,1.0,0.8,0.0079844999709166
clintox,classification,1,2,stratified_scaffold_group,stratified_scaffold_group,4,logreg_l1_c1,linear,0.7247235387045814,0.7247235387045814,0.1567305067986777,0.0747805785844308,1.0,0.0108012726499157,0.8148148148148148,0.3909952606635071,0.6029050377391609,1.0,0.8,0.0081071000313386
clintox,classification,1,3,stratified_scaffold_group,stratified_scaffold_group,4,logreg_l1_c1,linear,0.7872023809523809,0.7872023809523809,0.3265974751015155,0.1125044607103075,1.0,0.0556916953871077,0.8333333333333334,0.5798319327731092,0.7065826330532212,1.0,0.8,0.0120188000146299
clintox,classification,1,1,stratified_scaffold_group,stratified_scaffold_group,5,rf_60_sqrt,bagging,0.7591385480572597,0.7591385480572597,0.269483743037911,0.0579058455852368,1.0,0.063802407638024,0.8333333333333334,0.4723926380368098,0.6528629856850716,1.0,0.8,0.1223985999822616
clintox,classification,1,2,stratified_scaffold_group,stratified_scaffold_group,5,rf_60_sqrt,bagging,0.6832543443917851,0.6832543443917851,0.1320764986186942,0.0555474960623287,1.0,0.0485294117647058,0.8148148148148148,0.409952606635071,0.6123837107249429,1.0,0.8,0.1239436999894678
clintox,classification,1,3,stratified_scaffold_group,stratified_scaffold_group,5,rf_60_sqrt,bagging,0.759453781512605,0.759453781512605,0.3354984303557072,0.0747724610920027,1.0,0.05,0.8333333333333334,0.4117647058823529,0.6225490196078431,1.0,0.8,0.1224685999914072
clintox,classification,1,1,stratified_scaffold_group,stratified_scaffold_group,6,rf_90_d12,bagging,0.7847009202453988,0.7847009202453988,0.319364554491171,0.0623709744407692,1.0,0.1397179719338682,0.8333333333333334,0.598159509202454,0.7157464212678937,1.0,0.8,0.1585002999636344
clintox,classification,1,2,stratified_scaffold_group,stratified_scaffold_group,6,rf_90_d12,bagging,0.7916008425487099,0.7916008425487099,0.1973501245798731,0.0549220558675843,1.0,0.0996577757625767,0.8148148148148148,0.5734597156398105,0.6941372652273126,1.0,0.8,0.1455617000465281
clintox,classification,1,3,stratified_scaffold_group,stratified_scaffold_group,6,rf_90_d12,bagging,0.799282212885154,0.799282212885154,0.3951992391836668,0.0745841493658933,1.0,0.1269337756714376,0.8333333333333334,0.5588235294117647,0.696078431372549,1.0,0.8,0.1526879000011831
clintox,classification,1,1,stratified_scaffold_group,stratified_scaffold_group,7,rf_90_leaf2,bagging,0.7721753578732107,0.7721753578732107,0.3700753830052467,0.0605080992511691,1.0,0.1254669387662378,0.8333333333333334,0.5644171779141105,0.6988752556237219,1.0,0.8,0.1561880999943241
clintox,classification,1,2,stratified_scaffold_group,stratified_scaffold_group,7,rf_90_leaf2,bagging,0.7076092680358084,0.7076092680358084,0.1714873750762593,0.0570840182049168,1.0,0.0711379649387215,0.8148148148148148,0.3554502369668246,0.5851325258908198,1.0,0.8,0.1671434000018052
clintox,classification,1,3,stratified_scaffold_group,stratified_scaffold_group,7,rf_90_leaf2,bagging,0.791579131652661,0.791579131652661,0.3724508412979608,0.0748793047104139,1.0,0.1252131809566505,0.8333333333333334,0.6092436974789917,0.7212885154061626,1.0,0.8,0.1473524000030011
clintox,classification,1,1,stratified_scaffold_group,stratified_scaffold_group,8,rf_120_d20_leaf2,bagging,0.7774156441717791,0.7774156441717791,0.322384662251831,0.0614368971492238,1.0,0.1512251745637787,0.8333333333333334,0.696319018404908,0.7648261758691206,1.0,0.8,0.2022523000487126
clintox,classification,1,2,stratified_scaffold_group,stratified_scaffold_group,8,rf_120_d20_leaf2,bagging,0.7455239599789363,0.7455239599789363,0.1776280067622529,0.0569097515448878,1.0,0.0886673199699223,0.8148148148148148,0.4454976303317536,0.6301562225732842,1.0,0.8,0.2078727000043727
clintox,classification,1,3,stratified_scaffold_group,stratified_scaffold_group,8,rf_120_d20_leaf2,bagging,0.8031337535014006,0.8031337535014006,0.3739551511845925,0.0745693230451569,1.0,0.1415846342531847,0.8333333333333334,0.6512605042016807,0.742296918767507,1.0,0.8,0.1978851000312715
clintox,classification,1,1,stratified_scaffold_group,stratified_scaffold_group,9,et_60_sqrt,bagging,0.7611196319018405,0.7611196319018405,0.2771816137834835,0.0583448959164335,1.0,0.0797468354430379,0.8333333333333334,0.6012269938650308,0.7172801635991821,1.0,0.8,0.0639344999799504
clintox,classification,1,2,stratified_scaffold_group,stratified_scaffold_group,9,et_60_sqrt,bagging,0.7648323679129366,0.7648323679129366,0.1643960524503165,0.0540757421455075,1.0,0.065359477124183,0.8148148148148148,0.5781990521327014,0.6965069334737581,1.0,0.8,0.077671899984125
clintox,classification,1,3,stratified_scaffold_group,stratified_scaffold_group,9,et_60_sqrt,bagging,0.8117997198879552,0.8117997198879552,0.3474327102053,0.0719796774587421,1.0,0.0822695035460992,0.8333333333333334,0.6512605042016807,0.742296918767507,1.0,0.8,0.0802599999587982
clintox,classification,1,1,stratified_scaffold_group,stratified_scaffold_group,10,et_90_d12,bagging,0.7610557259713701,0.7610557259713701,0.3261581388562315,0.0733163554228531,1.0,0.1941820246716539,0.8333333333333334,0.6226993865030674,0.7280163599182004,1.0,0.8,0.099944100016728
clintox,classification,1,2,stratified_scaffold_group,stratified_scaffold_group,10,et_90_d12,bagging,0.7852817272248551,0.7852817272248551,0.191669597672714,0.0577553036690621,1.0,0.1288328542555946,0.8148148148148148,0.6540284360189573,0.734421625416886,1.0,0.8,0.0936497999937273
clintox,classification,1,3,stratified_scaffold_group,stratified_scaffold_group,10,et_90_d12,bagging,0.8194152661064426,0.8194152661064426,0.3733265731234628,0.0800099138763846,1.0,0.1775008694548449,0.8333333333333334,0.6008403361344538,0.7170868347338936,1.0,0.8,0.0941395999980159
clintox,classification,1,1,stratified_scaffold_group,stratified_scaffold_group,11,et_90_leaf2,bagging,0.7519810838445808,0.7519810838445808,0.2827194915362847,0.0638872385892634,1.0,0.1393403402540335,0.8333333333333334,0.647239263803681,0.7402862985685073,1.0,0.8,0.097149699984584
clintox,classification,1,2,stratified_scaffold_group,stratified_scaffold_group,11,et_90_leaf2,bagging,0.7425838160435317,0.7425838160435317,0.1777865621341448,0.0562451221018024,1.0,0.0766371152199414,0.8148148148148148,0.5047393364928909,0.6597770756538528,1.0,0.8,0.0925487999920733
clintox,classification,1,3,stratified_scaffold_group,stratified_scaffold_group,11,et_90_leaf2,bagging,0.7851015406162465,0.7851015406162465,0.3906644415872902,0.0729991077145651,1.0,0.0902592159613436,0.875,0.4621848739495798,0.66859243697479,1.0,0.8,0.1288071000017225
clintox,classification,1,1,stratified_scaffold_group,stratified_scaffold_group,12,et_120_d20_leaf2,bagging,0.7618225971370143,0.7618225971370143,0.3024726769868034,0.0636604906660506,1.0,0.1324436575130009,0.8333333333333334,0.5920245398773006,0.712678936605317,1.0,0.8,0.1515373999718576
clintox,classification,1,2,stratified_scaffold_group,stratified_scaffold_group,12,et_120_d20_leaf2,bagging,0.7455239599789363,0.7455239599789363,0.1757164804837519,0.0564750416328006,1.0,0.102796518603599,0.8148148148148148,0.6090047393364929,0.7119097770756538,1.0,0.8,0.1513630999834276
clintox,classification,1,3,stratified_scaffold_group,stratified_scaffold_group,12,et_120_d20_leaf2,bagging,0.7919292717086834,0.7919292717086834,0.3937285030516181,0.0739080634915015,1.0,0.1120253474253567,0.8333333333333334,0.5630252100840336,0.6981792717086834,1.0,0.8,0.1553947000065818
clintox,classification,1,1,stratified_scaffold_group,stratified_scaffold_group,13,histgb_lr0.05,boosting,0.7933282208588956,0.7933282208588956,0.3163704011834572,0.0564928215616317,1.0,0.0089562986833063,0.8333333333333334,0.5153374233128835,0.6743353783231084,1.0,0.8,1.2432176999864168
clintox,classification,1,2,stratified_scaffold_group,stratified_scaffold_group,13,histgb_lr0.05,boosting,0.8105581885202738,0.8105581885202738,0.2629870841126972,0.0536715973969642,1.0,0.0108629501780965,0.8148148148148148,0.6753554502369667,0.7450851325258907,1.0,0.8,0.9704008999979123
clintox,classification,1,3,stratified_scaffold_group,stratified_scaffold_group,13,histgb_lr0.05,boosting,0.8374474789915967,0.8374474789915967,0.3737237211849643,0.0756305779919145,1.0,0.0219703267415338,0.8333333333333334,0.6638655462184874,0.7485994397759104,1.0,0.8,1.0476525999838486
clintox,classification,1,1,stratified_scaffold_group,stratified_scaffold_group,14,histgb_lr0.1,boosting,0.7540899795501023,0.7540899795501023,0.2516090796575661,0.0619180199461619,1.0,0.0039945551588464,0.8333333333333334,0.5521472392638036,0.6927402862985685,1.0,0.8,0.8204004000290297
clintox,classification,1,2,stratified_scaffold_group,stratified_scaffold_group,14,histgb_lr0.1,boosting,0.7758908197296823,0.7758908197296823,0.2274617783738478,0.055144582050219,1.0,0.0024164963552471,0.8148148148148148,0.542654028436019,0.6787344216254169,1.0,0.8,0.8187778000137769
clintox,classification,1,3,stratified_scaffold_group,stratified_scaffold_group,14,histgb_lr0.1,boosting,0.8241421568627451,0.8241421568627451,0.3761334634555411,0.0754690998801556,1.0,0.0078278330649129,0.8333333333333334,0.6218487394957983,0.7275910364145659,1.0,0.8,0.9141971999779344
clintox,classification,1,1,stratified_scaffold_group,stratified_scaffold_group,15,gb_lr0.05_d2,boosting,0.7853399795501023,0.7853399795501023,0.3203289105391605,0.0555109582416971,1.0,0.0559655633776495,0.8333333333333334,0.6533742331288344,0.7433537832310839,1.0,0.8,0.3150140999932773
clintox,classification,1,2,stratified_scaffold_group,stratified_scaffold_group,15,gb_lr0.05_d2,boosting,0.7905476566614007,0.7905476566614007,0.2320530498150814,0.0526097996164758,1.0,0.0537203894416233,0.8148148148148148,0.6303317535545023,0.7225732841846586,1.0,0.8,0.2790200000163167
clintox,classification,1,3,stratified_scaffold_group,stratified_scaffold_group,15,gb_lr0.05_d2,boosting,0.7028186274509804,0.7028186274509804,0.1928954941346937,0.082635675989848,1.0,0.0362133891468618,0.8333333333333334,0.3907563025210084,0.6120448179271709,1.0,0.8,0.3444885999779217
clintox,classification,1,1,stratified_scaffold_group,stratified_scaffold_group,16,gb_lr0.1_d3,boosting,0.7694274028629857,0.7694274028629857,0.3195536969024939,0.0569445733734398,1.0,0.0177796474948261,0.8333333333333334,0.4693251533742331,0.6513292433537832,1.0,0.8,0.4651631999877281
clintox,classification,1,2,stratified_scaffold_group,stratified_scaffold_group,16,gb_lr0.1_d3,boosting,0.7262155520449359,0.7262155520449359,0.1804052397952019,0.0547165772230624,1.0,0.0159865286663379,0.8518518518518519,0.5023696682464456,0.6771107600491487,1.0,0.8,0.3997743999934755
clintox,classification,1,3,stratified_scaffold_group,stratified_scaffold_group,16,gb_lr0.1_d3,boosting,0.742296918767507,0.742296918767507,0.2595285048173682,0.0833129385924715,1.0,0.0200199097317276,0.8333333333333334,0.5294117647058824,0.6813725490196079,1.0,0.8,0.5156203000224195
clintox,classification,1,1,stratified_scaffold_group,stratified_scaffold_group,17,lgbm_60_l15,boosting,0.7803553169734152,0.7803553169734152,0.3510537785720737,0.0547430681866626,1.0,0.0194237236783538,0.8333333333333334,0.4969325153374233,0.6651329243353783,1.0,0.8,0.0437146000331267
clintox,classification,1,2,stratified_scaffold_group,stratified_scaffold_group,17,lgbm_60_l15,boosting,0.7791381428822186,0.7791381428822186,0.2456075951835484,0.0526941822002815,1.0,0.024364250999707,0.8148148148148148,0.6966824644549763,0.7557486396348956,1.0,0.8,0.0419443999999202
clintox,classification,1,3,stratified_scaffold_group,stratified_scaffold_group,17,lgbm_60_l15,boosting,0.8390231092436974,0.8390231092436974,0.3810626835664487,0.0727910945850331,1.0,0.0465087325059067,0.8333333333333334,0.7394957983193278,0.7864145658263306,1.0,0.8,0.0468366999994032
clintox,classification,1,1,stratified_scaffold_group,stratified_scaffold_group,18,lgbm_90_l31,boosting,0.7797162576687117,0.7797162576687117,0.3402027804232547,0.055827054086392,1.0,0.0064268988912162,0.8333333333333334,0.4386503067484663,0.6359918200408998,1.0,0.8,0.0763171999715268
clintox,classification,1,2,stratified_scaffold_group,stratified_scaffold_group,18,lgbm_90_l31,boosting,0.7655344918378094,0.7655344918378094,0.2374763607865267,0.0539851514429234,1.0,0.0064887610164838,0.8148148148148148,0.5829383886255924,0.6988766017202036,1.0,0.8,0.0657446999684907
clintox,classification,1,3,stratified_scaffold_group,stratified_scaffold_group,18,lgbm_90_l31,boosting,0.8481267507002801,0.8481267507002801,0.3963821096408608,0.0746179073125237,1.0,0.0199238543801447,0.8333333333333334,0.7184873949579832,0.7759103641456583,1.0,0.8,0.0788436000002548
clintox,classification,1,1,stratified_scaffold_group,stratified_scaffold_group,19,lgbm_60_l63,boosting,0.7835506134969326,0.7835506134969326,0.3776915796250825,0.0536057948816251,1.0,0.007837751188991,0.8333333333333334,0.5306748466257669,0.6820040899795501,1.0,0.8,0.056001599994488
clintox,classification,1,2,stratified_scaffold_group,stratified_scaffold_group,19,lgbm_60_l63,boosting,0.7616728102510093,0.7616728102510093,0.2417161294788804,0.0544443745510109,1.0,0.0042939234260185,0.8148148148148148,0.54739336492891,0.6811040898718623,1.0,0.8,0.0518519000033848
clintox,classification,1,3,stratified_scaffold_group,stratified_scaffold_group,19,lgbm_60_l63,boosting,0.8216911764705882,0.8216911764705882,0.3906421533402432,0.0729007088835865,1.0,0.011380959144796,0.8333333333333334,0.6176470588235294,0.7254901960784315,1.0,0.8,0.0645756999729201
clintox,classification,1,1,stratified_scaffold_group,stratified_scaffold_group,20,lgbm_100_leaf10,boosting,0.782911554192229,0.782911554192229,0.2858922680831124,0.0599619097156,1.0,0.0050355275056791,0.8333333333333334,0.5736196319018405,0.703476482617587,1.0,0.8,0.0888960000011138
clintox,classification,1,2,stratified_scaffold_group,stratified_scaffold_group,20,lgbm_100_leaf10,boosting,0.7749253993329822,0.7749253993329822,0.2643279146938657,0.0549835196672408,1.0,0.0020128771470181,0.8148148148148148,0.5071090047393365,0.6609619097770756,1.0,0.8,0.0998888000031001
clintox,classification,1,3,stratified_scaffold_group,stratified_scaffold_group,20,lgbm_100_leaf10,boosting,0.8645833333333334,0.8645833333333334,0.4024265896687311,0.0767502056368232,1.0,0.0101773053353431,0.8333333333333334,0.8025210084033614,0.8179271708683473,1.0,0.8,0.1220441999612376
clintox,classification,1,1,stratified_scaffold_group,stratified_scaffold_group,21,lgbm_100_leaf30,boosting,0.8160787321063394,0.8160787321063394,0.3669101747546843,0.0542987602696757,1.0,0.0114603110730324,0.8333333333333334,0.5276073619631902,0.6804703476482619,1.0,0.8,0.0591474000248126
clintox,classification,1,2,stratified_scaffold_group,stratified_scaffold_group,21,lgbm_100_leaf30,boosting,0.7885290503773916,0.7885290503773916,0.2524314021971542,0.0533372651469088,1.0,0.0096891753568726,0.8148148148148148,0.580568720379147,0.6976917675969809,1.0,0.8,0.0487259999499656
clintox,classification,1,3,stratified_scaffold_group,stratified_scaffold_group,21,lgbm_100_leaf30,boosting,0.8297443977591037,0.8297443977591037,0.3735951527504779,0.0734916700317889,1.0,0.0208845430209196,0.8333333333333334,0.6512605042016807,0.742296918767507,1.0,0.8,0.0658043000148609
clintox,classification,1,1,stratified_scaffold_group,stratified_scaffold_group,22,lgbm_80_ff0.7,boosting,0.8017638036809815,0.8017638036809815,0.3466933896076559,0.0552144324488969,1.0,0.006434703512756,0.8333333333333334,0.5337423312883436,0.6835378323108385,1.0,0.8,0.0663613000069744
clintox,classification,1,2,stratified_scaffold_group,stratified_scaffold_group,22,lgbm_80_ff0.7,boosting,0.7514920133403545,0.7514920133403545,0.2404026105045902,0.0540596017057875,1.0,0.0050978041963693,0.8148148148148148,0.6090047393364929,0.7119097770756538,1.0,0.8,0.0587541999993845
clintox,classification,1,3,stratified_scaffold_group,stratified_scaffold_group,22,lgbm_80_ff0.7,boosting,0.831845238095238,0.831845238095238,0.3663041680324227,0.0761955758137375,1.0,0.0083502137197857,0.8333333333333334,0.6008403361344538,0.7170868347338936,1.0,0.8,0.0698124000336974
clintox,classification,1,1,stratified_scaffold_group,stratified_scaffold_group,23,lgbm_80_bag0.8,boosting,0.7992714723926381,0.7992714723926381,0.335619977490342,0.0569057432494912,1.0,0.0067178980782961,0.8333333333333334,0.5337423312883436,0.6835378323108385,1.0,0.8,0.0632983000250533
clintox,classification,1,2,stratified_scaffold_group,stratified_scaffold_group,23,lgbm_80_bag0.8,boosting,0.773784447955064,0.773784447955064,0.1989178014115243,0.0558550137286432,1.0,0.0080806875102888,0.8148148148148148,0.6374407582938388,0.7261277865543267,1.0,0.8,0.054839999997057
clintox,classification,1,3,stratified_scaffold_group,stratified_scaffold_group,23,lgbm_80_bag0.8,boosting,0.836046918767507,0.836046918767507,0.4180132449436339,0.0723653415894819,1.0,0.0091410850667639,0.875,0.6302521008403361,0.7526260504201681,1.0,0.8,0.0727016000309959
clintox,classification,1,1,stratified_scaffold_group,stratified_scaffold_group,24,lgbm_120_l15,boosting,0.7928808793456033,0.7928808793456033,0.3292516287452562,0.0558284680661566,1.0,0.014185052900486,0.8333333333333334,0.598159509202454,0.7157464212678937,1.0,0.8,0.0855473999981768
clintox,classification,1,2,stratified_scaffold_group,stratified_scaffold_group,24,lgbm_120_l15,boosting,0.7714147797086186,0.7714147797086186,0.2343050900131802,0.0547491978985529,1.0,0.0065422217544976,0.8148148148148148,0.5710900473933649,0.6929524311040898,1.0,0.8,0.1039388999924995
clintox,classification,1,3,stratified_scaffold_group,stratified_scaffold_group,24,lgbm_120_l15,boosting,0.851453081232493,0.851453081232493,0.3598550985284874,0.0754130141925614,1.0,0.0253267526301052,0.8333333333333334,0.7563025210084033,0.7948179271708684,1.0,0.8,0.3198459999985061
clintox,classification,1,1,stratified_scaffold_group,stratified_scaffold_group,25,xgb_60_d3,boosting,0.7965235173824131,0.7965235173824131,0.3598485200559194,0.0541375251546811,1.0,0.0473374351859092,0.8333333333333334,0.6257668711656441,0.7295501022494888,1.0,0.8,0.0534253000514581
clintox,classification,1,2,stratified_scaffold_group,stratified_scaffold_group,25,xgb_60_d3,boosting,0.8052044935931192,0.8052044935931192,0.2692120112809836,0.051338748242733,1.0,0.0402368009090423,0.8518518518518519,0.6966824644549763,0.7742671581534141,1.0,0.8,0.0568316999706439
clintox,classification,1,3,stratified_scaffold_group,stratified_scaffold_group,25,xgb_60_d3,boosting,0.8321953781512605,0.8321953781512605,0.3689586451837089,0.0715637227303213,1.0,0.0595395825803279,0.8333333333333334,0.7521008403361344,0.792717086834734,1.0,0.8,0.0590882999822497
clintox,classification,1,1,stratified_scaffold_group,stratified_scaffold_group,26,xgb_80_d5,boosting,0.7852760736196319,0.7852760736196319,0.3529764957911948,0.0549376749775167,1.0,0.0281725823879241,0.8333333333333334,0.5521472392638036,0.6927402862985685,1.0,0.8,0.0798996999510563
clintox,classification,1,2,stratified_scaffold_group,stratified_scaffold_group,26,xgb_80_d5,boosting,0.8014305774969283,0.8014305774969283,0.2467342065084233,0.0522530705935852,1.0,0.024566626176238,0.8148148148148148,0.6350710900473934,0.7249429524311041,1.0,0.8,0.0884193999809213
clintox,classification,1,3,stratified_scaffold_group,stratified_scaffold_group,26,xgb_80_d5,boosting,0.8190651260504203,0.8190651260504203,0.3761829097426116,0.0704621038944652,1.0,0.0324189029633998,0.8333333333333334,0.6302521008403361,0.7317927170868348,1.0,0.8,0.0859290999942459
clintox,classification,1,1,stratified_scaffold_group,stratified_scaffold_group,27,xgb_100_d3,boosting,0.7949897750511248,0.7949897750511248,0.3693372092769496,0.0546381404960794,1.0,0.0405021868646144,0.8333333333333334,0.6165644171779141,0.7249488752556237,1.0,0.8,0.0660625000018626
clintox,classification,1,2,stratified_scaffold_group,stratified_scaffold_group,27,xgb_100_d3,boosting,0.808890644198701,0.808890644198701,0.2353487846987108,0.0520365216650885,1.0,0.0397357307374477,0.8148148148148148,0.7037914691943128,0.7593031420045637,1.0,0.8,0.0659310999908484
clintox,classification,1,3,stratified_scaffold_group,stratified_scaffold_group,27,xgb_100_d3,boosting,0.8089985994397759,0.8089985994397759,0.3759903991315226,0.0712582904575462,1.0,0.0466453023254871,0.8333333333333334,0.6470588235294117,0.7401960784313726,1.0,0.8,0.0743112000054679
clintox,classification,1,1,stratified_scaffold_group,stratified_scaffold_group,28,xgb_60_d6,boosting,0.7891104294478527,0.7891104294478527,0.3895848724179646,0.0533804480163993,1.0,0.0236059427261352,0.8333333333333334,0.5337423312883436,0.6835378323108385,1.0,0.8,0.0711143999942578
clintox,classification,1,2,stratified_scaffold_group,stratified_scaffold_group,28,xgb_60_d6,boosting,0.787037037037037,0.787037037037037,0.2599016824670957,0.0517522582743632,1.0,0.0262897815555334,0.8148148148148148,0.6563981042654028,0.7356064595401088,1.0,0.8,0.0653963999939151
clintox,classification,1,3,stratified_scaffold_group,stratified_scaffold_group,28,xgb_60_d6,boosting,0.8246673669467787,0.8246673669467787,0.3740552554485313,0.0717909407455535,1.0,0.0361564829945564,0.875,0.6554621848739496,0.7652310924369747,1.0,0.8,0.0769457000424154
clintox,classification,1,1,stratified_scaffold_group,stratified_scaffold_group,29,cat_60_d4,boosting,0.7361324130879346,0.7361324130879346,0.2334921411924079,0.0593379449124508,1.0,0.0454064302370879,0.8333333333333334,0.5214723926380368,0.6774028629856851,1.0,0.8,0.2860071000177413
clintox,classification,1,2,stratified_scaffold_group,stratified_scaffold_group,29,cat_60_d4,boosting,0.7892311743022643,0.7892311743022643,0.2178259903661594,0.0531813894724283,1.0,0.0607376444034632,0.8148148148148148,0.7227488151658767,0.7687818149903458,1.0,0.8,0.2554374000173993
clintox,classification,1,3,stratified_scaffold_group,stratified_scaffold_group,29,cat_60_d4,boosting,0.7462359943977591,0.7462359943977591,0.2580415758930185,0.0799277576479239,1.0,0.0457097598187408,0.8333333333333334,0.5504201680672269,0.6918767507002801,1.0,0.8,0.3107532000285573
clintox,classification,1,1,stratified_scaffold_group,stratified_scaffold_group,30,cat_80_d6,boosting,0.7775434560327198,0.7775434560327198,0.2642407204989009,0.05875622131749,1.0,0.0474443746317243,0.8333333333333334,0.6349693251533742,0.7341513292433538,1.0,0.8,0.9928846000111662
clintox,classification,1,2,stratified_scaffold_group,stratified_scaffold_group,30,cat_80_d6,boosting,0.7301649991223451,0.7301649991223451,0.2141993423488634,0.0538486929485309,1.0,0.0398492263469722,0.8148148148148148,0.4834123222748815,0.6491135685448481,1.0,0.8,0.9378711999743246
clintox,classification,1,3,stratified_scaffold_group,stratified_scaffold_group,30,cat_80_d6,boosting,0.761467086834734,0.761467086834734,0.2915444184515941,0.0793598321704469,1.0,0.0416731688030962,0.8333333333333334,0.6008403361344538,0.7170868347338936,1.0,0.8,1.071392800018657
clintox,classification,1,1,stratified_scaffold_group,stratified_scaffold_group,31,cat_100_d4,boosting,0.7586273006134969,0.7586273006134969,0.2147313201258679,0.0598069427076684,1.0,0.0507164907252299,0.8333333333333334,0.6380368098159509,0.7356850715746421,1.0,0.8,0.4572526999982074
clintox,classification,1,2,stratified_scaffold_group,stratified_scaffold_group,31,cat_100_d4,boosting,0.8240740740740741,0.8240740740740741,0.275006158499075,0.0523205731889969,1.0,0.0618477976009015,0.8148148148148148,0.7630331753554502,0.7889239950851326,1.0,0.8,0.4446833000401966
clintox,classification,1,3,stratified_scaffold_group,stratified_scaffold_group,31,cat_100_d4,boosting,0.7408088235294118,0.7408088235294118,0.2355856290806765,0.0813131360954982,1.0,0.0457589649601138,0.8333333333333334,0.546218487394958,0.6897759103641457,1.0,0.8,0.4827439999789931
clintox,classification,1,1,stratified_scaffold_group,stratified_scaffold_group,32,cat_60_d8,boosting,0.7340874233128836,0.7340874233128836,0.2585024105659,0.0586096145202039,1.0,0.0347515985959613,0.8333333333333334,0.4171779141104295,0.6252556237218814,1.0,0.8,2.450926099962089
clintox,classification,1,2,stratified_scaffold_group,stratified_scaffold_group,32,cat_60_d8,boosting,0.7265666140073723,0.7265666140073723,0.1558349372207164,0.0549091867118333,1.0,0.0388312289190676,0.8148148148148148,0.5900473933649288,0.7024311040898719,1.0,0.8,2.9144790999707766
clintox,classification,1,3,stratified_scaffold_group,stratified_scaffold_group,32,cat_60_d8,boosting,0.7183998599439776,0.7183998599439776,0.2612649108321952,0.0798220001560841,1.0,0.0315151077227094,0.8333333333333334,0.4453781512605042,0.6393557422969187,1.0,0.8,3.2211382999666966
clintox,classification,2,1,stratified_scaffold_group,stratified_scaffold_group,1,logreg_l2_c0.1,linear,0.6434705561613958,0.6434705561613958,0.283258035788258,0.0998150628930308,1.0,0.0612686724126949,0.8214285714285714,0.2519083969465648,0.5366684841875682,1.0,0.8,0.0052205999963916
clintox,classification,2,2,stratified_scaffold_group,stratified_scaffold_group,1,logreg_l2_c0.1,linear,0.6909010600706714,0.6909010600706714,0.1412230401960408,0.0986203070380195,1.0,0.1495331255859354,0.8,0.469964664310954,0.6349823321554771,1.0,0.8,0.0045848999870941
clintox,classification,2,3,stratified_scaffold_group,stratified_scaffold_group,1,logreg_l2_c0.1,linear,0.8214102564102563,0.8214102564102563,0.1887326619013094,0.0851754843527982,1.0,0.2220939084067199,0.8,0.6846153846153846,0.7423076923076923,1.0,0.8,0.0046571000129915
clintox,classification,2,1,stratified_scaffold_group,stratified_scaffold_group,2,logreg_l2_c1,linear,0.654375681570338,0.654375681570338,0.2792226354183111,0.0870177473952012,1.0,0.006204388306131,0.8214285714285714,0.2900763358778626,0.555752453653217,1.0,0.8,0.0055942999897524
clintox,classification,2,2,stratified_scaffold_group,stratified_scaffold_group,2,logreg_l2_c1,linear,0.667756183745583,0.667756183745583,0.1475506430363151,0.0770003305054992,1.0,0.0079106610893187,0.8,0.3003533568904594,0.5501766784452298,1.0,0.8,0.0060689999954774
clintox,classification,2,3,stratified_scaffold_group,stratified_scaffold_group,2,logreg_l2_c1,linear,0.7824358974358975,0.7824358974358975,0.1810869409970483,0.0678413220021773,1.0,0.0425623361677398,0.8,0.6538461538461539,0.726923076923077,1.0,0.8,0.0063998000114224
clintox,classification,2,1,stratified_scaffold_group,stratified_scaffold_group,3,logreg_l2_c10,linear,0.6558751363140675,0.6558751363140675,0.2566930662779617,0.0905932802633299,1.0,0.0003078211051579,0.8214285714285714,0.2748091603053435,0.5481188658669575,1.0,0.8,0.0077023999765515
clintox,classification,2,2,stratified_scaffold_group,stratified_scaffold_group,3,logreg_l2_c10,linear,0.6552120141342757,0.6552120141342757,0.1673401460012554,0.0750685231203809,1.0,0.0001557738488659,0.8,0.2579505300353356,0.5289752650176678,1.0,0.8,0.0087517999927513
clintox,classification,2,3,stratified_scaffold_group,stratified_scaffold_group,3,logreg_l2_c10,linear,0.7573076923076922,0.7573076923076922,0.1583519416386689,0.0749849644875985,1.0,0.0030787690350127,0.8,0.6307692307692307,0.7153846153846154,1.0,0.8,0.0096576999640092
clintox,classification,2,1,stratified_scaffold_group,stratified_scaffold_group,4,logreg_l1_c1,linear,0.6941112322791712,0.6941112322791712,0.2666548564337908,0.1001089016811425,1.0,0.0128467893202427,0.8214285714285714,0.4541984732824428,0.637813522355507,1.0,0.8,0.008567499986384
clintox,classification,2,2,stratified_scaffold_group,stratified_scaffold_group,4,logreg_l1_c1,linear,0.7533568904593639,0.7533568904593639,0.2897380484676358,0.0999050506258515,1.0,0.0593314507025091,0.8,0.6113074204946997,0.7056537102473499,1.0,0.8,0.0071466999943368
clintox,classification,2,3,stratified_scaffold_group,stratified_scaffold_group,4,logreg_l1_c1,linear,0.716025641025641,0.716025641025641,0.2012380378010776,0.0925205545779874,1.0,0.0207109920802271,0.8,0.4538461538461539,0.6269230769230769,1.0,0.8,0.0091390999732539
clintox,classification,2,1,stratified_scaffold_group,stratified_scaffold_group,5,rf_60_sqrt,bagging,0.6901581243184296,0.6901581243184296,0.341654956030099,0.0819451334125909,1.0,0.0333333333333333,0.8214285714285714,0.3893129770992366,0.6053707742639041,1.0,0.8,0.1395223999861627
clintox,classification,2,2,stratified_scaffold_group,stratified_scaffold_group,5,rf_60_sqrt,bagging,0.756095406360424,0.756095406360424,0.1662498366433029,0.0591505689399548,1.0,0.1,0.8,0.6925795053003534,0.7462897526501767,1.0,0.8,0.1264967999886721
clintox,classification,2,3,stratified_scaffold_group,stratified_scaffold_group,5,rf_60_sqrt,bagging,0.7737179487179487,0.7737179487179487,0.17443411645924,0.049517555135156,1.0,0.0833333333333333,0.8,0.5423076923076924,0.6711538461538462,1.0,0.8,0.1389911000151187
clintox,classification,2,1,stratified_scaffold_group,stratified_scaffold_group,6,rf_90_d12,bagging,0.6717557251908397,0.6717557251908397,0.3175303874433138,0.0810015394893896,1.0,0.0373392807513277,0.8214285714285714,0.2633587786259542,0.5423936750272629,1.0,0.8,0.1842333999811671
clintox,classification,2,2,stratified_scaffold_group,stratified_scaffold_group,6,rf_90_d12,bagging,0.7873674911660777,0.7873674911660777,0.1993762134832775,0.0595095300396035,1.0,0.1095616640968775,0.8,0.6042402826855124,0.7021201413427562,1.0,0.8,0.1898149999906309
clintox,classification,2,3,stratified_scaffold_group,stratified_scaffold_group,6,rf_90_d12,bagging,0.8937179487179487,0.8937179487179487,0.3465701420363011,0.0480972548567875,1.0,0.149649359302194,0.8,0.7923076923076923,0.7961538461538462,1.0,0.8,0.1757340999902226
clintox,classification,2,1,stratified_scaffold_group,stratified_scaffold_group,7,rf_90_leaf2,bagging,0.6834105779716467,0.6834105779716467,0.2834610363781507,0.081482799931051,1.0,0.0593003098660486,0.8214285714285714,0.3435114503816794,0.5824700109051254,1.0,0.8,0.1791732999845408
clintox,classification,2,2,stratified_scaffold_group,stratified_scaffold_group,7,rf_90_leaf2,bagging,0.7346289752650176,0.7346289752650176,0.1618391369233904,0.0636242863473869,1.0,0.1473088097651997,0.8,0.7031802120141343,0.7515901060070671,1.0,0.8,0.2088277000002563
clintox,classification,2,3,stratified_scaffold_group,stratified_scaffold_group,7,rf_90_leaf2,bagging,0.7765384615384616,0.7765384615384616,0.2699725450719463,0.0544077123557651,1.0,0.1397258869340283,0.8,0.6269230769230769,0.7134615384615385,1.0,0.8,0.164898200018797
clintox,classification,2,1,stratified_scaffold_group,stratified_scaffold_group,8,rf_120_d20_leaf2,bagging,0.680139040348964,0.680139040348964,0.3200129477181749,0.0812891677785241,1.0,0.060874041923346,0.8214285714285714,0.3740458015267175,0.5977371864776444,1.0,0.8,0.2006969000212848
clintox,classification,2,2,stratified_scaffold_group,stratified_scaffold_group,8,rf_120_d20_leaf2,bagging,0.7632508833922261,0.7632508833922261,0.1984743494000097,0.0617150704080921,1.0,0.1387892840583218,0.8,0.6819787985865724,0.7409893992932862,1.0,0.8,0.2222023999784141
clintox,classification,2,3,stratified_scaffold_group,stratified_scaffold_group,8,rf_120_d20_leaf2,bagging,0.7896153846153846,0.7896153846153846,0.2612547375400008,0.0542919301332113,1.0,0.1461027287053688,0.8,0.6346153846153846,0.7173076923076923,1.0,0.8,0.2048734999843873
clintox,classification,2,1,stratified_scaffold_group,stratified_scaffold_group,9,et_60_sqrt,bagging,0.7424345692475464,0.7424345692475464,0.3458863118053756,0.0796589650251312,1.0,0.0313148788927335,0.8214285714285714,0.3969465648854962,0.6091875681570338,1.0,0.8,0.062685800017789
clintox,classification,2,2,stratified_scaffold_group,stratified_scaffold_group,9,et_60_sqrt,bagging,0.8249999999999998,0.8249999999999998,0.1939349272589763,0.0592024108913619,1.0,0.1153982300884955,0.85,0.7950530035335689,0.8225265017667844,1.0,0.8,0.0741829000180587
clintox,classification,2,3,stratified_scaffold_group,stratified_scaffold_group,9,et_60_sqrt,bagging,0.815128205128205,0.815128205128205,0.2019691372352531,0.048989546328207,1.0,0.0833333333333333,0.8666666666666667,0.6730769230769231,0.7698717948717949,1.0,0.8,0.0749433999881148
clintox,classification,2,1,stratified_scaffold_group,stratified_scaffold_group,10,et_90_d12,bagging,0.7093102508178843,0.7093102508178843,0.3544956906428117,0.0789532343770944,1.0,0.0563413588060044,0.8214285714285714,0.3969465648854962,0.6091875681570338,1.0,0.8,0.1033434000564739
clintox,classification,2,2,stratified_scaffold_group,stratified_scaffold_group,10,et_90_d12,bagging,0.8148409893992933,0.8148409893992933,0.2152774874300408,0.0630009425493023,1.0,0.1530664450715502,0.8,0.7067137809187279,0.7533568904593639,1.0,0.8,0.1023582000052556
clintox,classification,2,3,stratified_scaffold_group,stratified_scaffold_group,10,et_90_d12,bagging,0.8219230769230769,0.8219230769230769,0.239167864352723,0.0541969602916428,1.0,0.1456831947523773,0.8,0.6653846153846155,0.7326923076923078,1.0,0.8,0.1026142999762669
clintox,classification,2,1,stratified_scaffold_group,stratified_scaffold_group,11,et_90_leaf2,bagging,0.6930207197382768,0.6930207197382768,0.3020998772074753,0.0802120976696133,1.0,0.0418300026404701,0.8214285714285714,0.3282442748091603,0.5748364231188658,1.0,0.8,0.1002551999990828
clintox,classification,2,2,stratified_scaffold_group,stratified_scaffold_group,11,et_90_leaf2,bagging,0.7743816254416961,0.7743816254416961,0.2085870324808656,0.0623387369486145,1.0,0.1612297507196068,0.8,0.7526501766784452,0.7763250883392226,1.0,0.8,0.0931660000351257
clintox,classification,2,3,stratified_scaffold_group,stratified_scaffold_group,11,et_90_leaf2,bagging,0.8073076923076923,0.8073076923076923,0.2892289105994763,0.0521135854370898,1.0,0.1409835353518945,0.8,0.6961538461538461,0.7480769230769231,1.0,0.8,0.1165128999855369
clintox,classification,2,1,stratified_scaffold_group,stratified_scaffold_group,12,et_120_d20_leaf2,bagging,0.707129225736096,0.707129225736096,0.3172438690154652,0.0797105957733564,1.0,0.0388601402818606,0.8214285714285714,0.3206106870229007,0.5710196292257361,1.0,0.8,0.1276150999474339
clintox,classification,2,2,stratified_scaffold_group,stratified_scaffold_group,12,et_120_d20_leaf2,bagging,0.7757950530035336,0.7757950530035336,0.1900899614022397,0.0631302934343967,1.0,0.1559039999980696,0.8,0.7526501766784452,0.7763250883392226,1.0,0.8,0.1212906999862752
clintox,classification,2,3,stratified_scaffold_group,stratified_scaffold_group,12,et_120_d20_leaf2,bagging,0.8321794871794872,0.8321794871794872,0.3005248285059141,0.0514910862835065,1.0,0.1643426584057583,0.8,0.7653846153846153,0.7826923076923077,1.0,0.8,0.1183963000075891
clintox,classification,2,1,stratified_scaffold_group,stratified_scaffold_group,13,histgb_lr0.05,boosting,0.7357551799345692,0.7357551799345692,0.4061097006877774,0.0828522999399677,1.0,0.0046781908535024,0.8214285714285714,0.5610687022900763,0.6912486368593238,1.0,0.8,1.0129441000171937
clintox,classification,2,2,stratified_scaffold_group,stratified_scaffold_group,13,histgb_lr0.05,boosting,0.7378091872791519,0.7378091872791519,0.2458981573430431,0.0577989319255688,1.0,0.0118543953016199,0.8,0.5441696113074205,0.6720848056537103,1.0,0.8,1.286344799969811
clintox,classification,2,3,stratified_scaffold_group,stratified_scaffold_group,13,histgb_lr0.05,boosting,0.8175641025641026,0.8175641025641026,0.2147033033933514,0.0480543899441798,1.0,0.0366642265338184,0.8,0.8076923076923077,0.8038461538461539,1.0,0.8,1.2794684000546113
clintox,classification,2,1,stratified_scaffold_group,stratified_scaffold_group,14,histgb_lr0.1,boosting,0.7262813522355507,0.7262813522355507,0.3722472943598861,0.0849410683066909,1.0,0.0007009524839557,0.8214285714285714,0.4809160305343511,0.6511723009814613,1.0,0.8,1.2559705000021495
clintox,classification,2,2,stratified_scaffold_group,stratified_scaffold_group,14,histgb_lr0.1,boosting,0.7869257950530035,0.7869257950530035,0.2510237058887855,0.0582798957943972,1.0,0.0044321745040501,0.8,0.4982332155477031,0.6491166077738516,1.0,0.8,1.3119705999852158
clintox,classification,2,3,stratified_scaffold_group,stratified_scaffold_group,14,histgb_lr0.1,boosting,0.8034615384615386,0.8034615384615386,0.2367494653567426,0.048576628715433,1.0,0.0130972280135183,0.8,0.7576923076923077,0.7788461538461539,1.0,0.8,1.1048630999866873
clintox,classification,2,1,stratified_scaffold_group,stratified_scaffold_group,15,gb_lr0.05_d2,boosting,0.7136041439476554,0.7136041439476554,0.2785079585853242,0.0823425441852855,1.0,0.0237705228082556,0.8214285714285714,0.3396946564885496,0.5805616139585605,1.0,0.8,0.3668152000172995
clintox,classification,2,2,stratified_scaffold_group,stratified_scaffold_group,15,gb_lr0.05_d2,boosting,0.7271201413427563,0.7271201413427563,0.2167609951294199,0.0586389104075539,1.0,0.0450266560353385,0.8,0.5795053003533569,0.6897526501766784,1.0,0.8,0.3569485999760218
clintox,classification,2,3,stratified_scaffold_group,stratified_scaffold_group,15,gb_lr0.05_d2,boosting,0.763076923076923,0.763076923076923,0.1901212863666972,0.0515172093218796,1.0,0.0614116523274185,0.8,0.6384615384615384,0.7192307692307692,1.0,0.8,0.2582853999920189
clintox,classification,2,1,stratified_scaffold_group,stratified_scaffold_group,16,gb_lr0.1_d3,boosting,0.6926117775354416,0.6926117775354416,0.2385160489574447,0.0899045369171328,1.0,0.0066809844091821,0.8214285714285714,0.4618320610687023,0.6416303162486369,1.0,0.8,0.3743856000364758
clintox,classification,2,2,stratified_scaffold_group,stratified_scaffold_group,16,gb_lr0.1_d3,boosting,0.7637809187279152,0.7637809187279152,0.2188340613504273,0.0623297495467659,1.0,0.0176044169137068,0.8,0.5971731448763251,0.6985865724381626,1.0,0.8,0.359901100047864
clintox,classification,2,3,stratified_scaffold_group,stratified_scaffold_group,16,gb_lr0.1_d3,boosting,0.7512820512820513,0.7512820512820513,0.1966579731418204,0.0502278776297142,1.0,0.0216152318065695,0.8,0.5461538461538462,0.6730769230769231,1.0,0.8,0.3824681999976747
clintox,classification,2,1,stratified_scaffold_group,stratified_scaffold_group,17,lgbm_60_l15,boosting,0.7318020719738277,0.7318020719738277,0.3507666842051506,0.0836970618101875,1.0,0.0112212933350277,0.8214285714285714,0.5076335877862596,0.6645310796074155,1.0,0.8,0.0583387000369839
clintox,classification,2,2,stratified_scaffold_group,stratified_scaffold_group,17,lgbm_60_l15,boosting,0.7445229681978798,0.7445229681978798,0.2154757843181569,0.0591302120443955,1.0,0.0248483948597512,0.8,0.5936395759717314,0.6968197879858657,1.0,0.8,0.0562798000173643
clintox,classification,2,3,stratified_scaffold_group,stratified_scaffold_group,17,lgbm_60_l15,boosting,0.773974358974359,0.773974358974359,0.2055365832194962,0.0477575343570984,1.0,0.0241490305272994,0.8,0.5576923076923077,0.6788461538461539,1.0,0.8,0.0514611000544391
clintox,classification,2,1,stratified_scaffold_group,stratified_scaffold_group,18,lgbm_90_l31,boosting,0.7157170119956379,0.7157170119956379,0.3587112597483765,0.0854836903539963,1.0,0.0035468392032394,0.8214285714285714,0.4465648854961832,0.6339967284623773,1.0,0.8,0.10595519997878
clintox,classification,2,2,stratified_scaffold_group,stratified_scaffold_group,18,lgbm_90_l31,boosting,0.7381625441696114,0.7381625441696114,0.226602098042717,0.0583675951873122,1.0,0.0089788972547956,0.85,0.4770318021201413,0.6635159010600706,1.0,0.8,0.0929754999815486
clintox,classification,2,3,stratified_scaffold_group,stratified_scaffold_group,18,lgbm_90_l31,boosting,0.7834615384615385,0.7834615384615385,0.2675828807630278,0.0478247588326409,1.0,0.014792065802533,0.8,0.6230769230769231,0.7115384615384616,1.0,0.8,0.1082104000379331
clintox,classification,2,1,stratified_scaffold_group,stratified_scaffold_group,19,lgbm_60_l63,boosting,0.7279852780806979,0.7279852780806979,0.384620952750033,0.084459252148889,1.0,0.0032972787145638,0.8214285714285714,0.5152671755725191,0.6683478735005453,1.0,0.8,0.0832777000032365
clintox,classification,2,2,stratified_scaffold_group,stratified_scaffold_group,19,lgbm_60_l63,boosting,0.7496466431095407,0.7496466431095407,0.224794077479848,0.0583334940837485,1.0,0.0097959292385724,0.8,0.5477031802120141,0.6738515901060071,1.0,0.8,0.0837723999866284
clintox,classification,2,3,stratified_scaffold_group,stratified_scaffold_group,19,lgbm_60_l63,boosting,0.7675641025641026,0.7675641025641026,0.3113412489009812,0.0456331022065848,1.0,0.0118605598608344,0.8,0.6192307692307693,0.7096153846153846,1.0,0.8,0.0859329000231809
clintox,classification,2,1,stratified_scaffold_group,stratified_scaffold_group,20,lgbm_100_leaf10,boosting,0.7142175572519084,0.7142175572519084,0.3918512274903262,0.0873927784144829,1.0,0.0014529733475186,0.8214285714285714,0.4961832061068703,0.6588058887677208,1.0,0.8,0.1564365000231191
clintox,classification,2,2,stratified_scaffold_group,stratified_scaffold_group,20,lgbm_100_leaf10,boosting,0.8329505300353357,0.8329505300353357,0.2153235819172362,0.0666060906971593,1.0,0.009604327204649,0.8,0.7809187279151943,0.7904593639575972,1.0,0.8,0.1408057000371627
clintox,classification,2,3,stratified_scaffold_group,stratified_scaffold_group,20,lgbm_100_leaf10,boosting,0.7978205128205128,0.7978205128205128,0.1994212253812091,0.0515968044874048,1.0,0.0042373644244462,0.8,0.6346153846153846,0.7173076923076923,1.0,0.8,0.1571223000064492
clintox,classification,2,1,stratified_scaffold_group,stratified_scaffold_group,21,lgbm_100_leaf30,boosting,0.7200790621592148,0.7200790621592148,0.3672787309234063,0.0828580546468005,1.0,0.0032239705907948,0.8214285714285714,0.4465648854961832,0.6339967284623773,1.0,0.8,0.0886226000147871
clintox,classification,2,2,stratified_scaffold_group,stratified_scaffold_group,21,lgbm_100_leaf30,boosting,0.7325088339222615,0.7325088339222615,0.2403182877130507,0.0591481102882653,1.0,0.0113076825635562,0.8,0.4876325088339223,0.6438162544169612,1.0,0.8,0.0866196000133641
clintox,classification,2,3,stratified_scaffold_group,stratified_scaffold_group,21,lgbm_100_leaf30,boosting,0.829102564102564,0.829102564102564,0.3080867722607987,0.0456366930175734,1.0,0.0261075871286849,0.8,0.6846153846153846,0.7423076923076923,1.0,0.8,0.0783214999828487
clintox,classification,2,1,stratified_scaffold_group,stratified_scaffold_group,22,lgbm_80_ff0.7,boosting,0.6990866957470011,0.6990866957470011,0.346626044907083,0.0861522782388608,1.0,0.0016315475445277,0.8214285714285714,0.3702290076335878,0.5958287895310797,1.0,0.8,0.0739548000274226
clintox,classification,2,2,stratified_scaffold_group,stratified_scaffold_group,22,lgbm_80_ff0.7,boosting,0.7461130742049469,0.7461130742049469,0.1945295962173961,0.0617584085873301,1.0,0.0065006382591913,0.8,0.558303886925795,0.6791519434628975,1.0,0.8,0.0639529000036418
clintox,classification,2,3,stratified_scaffold_group,stratified_scaffold_group,22,lgbm_80_ff0.7,boosting,0.802948717948718,0.802948717948718,0.2914908344070404,0.0473469837959566,1.0,0.0136295522314729,0.8,0.7,0.75,1.0,0.8,0.0662949999677948
clintox,classification,2,1,stratified_scaffold_group,stratified_scaffold_group,23,lgbm_80_bag0.8,boosting,0.6994956379498365,0.6994956379498365,0.3646461768067286,0.0841840820844679,1.0,0.0020277753555431,0.8214285714285714,0.4503816793893129,0.6359051254089422,1.0,0.8,0.0610317999962717
clintox,classification,2,2,stratified_scaffold_group,stratified_scaffold_group,23,lgbm_80_bag0.8,boosting,0.7731448763250883,0.7731448763250883,0.2135616492966045,0.0587642982737736,1.0,0.0113629771330661,0.85,0.5971731448763251,0.7235865724381625,1.0,0.8,0.0589004000066779
clintox,classification,2,3,stratified_scaffold_group,stratified_scaffold_group,23,lgbm_80_bag0.8,boosting,0.8319230769230769,0.8319230769230769,0.2918501343945754,0.0463404373945625,1.0,0.0152802666415077,0.8,0.7076923076923076,0.7538461538461538,1.0,0.8,0.0583044000086374
clintox,classification,2,1,stratified_scaffold_group,stratified_scaffold_group,24,lgbm_120_l15,boosting,0.710809705561614,0.710809705561614,0.333873328194774,0.0869532414636978,1.0,0.0030594722277338,0.8214285714285714,0.4618320610687023,0.6416303162486369,1.0,0.8,0.0679261999903246
clintox,classification,2,2,stratified_scaffold_group,stratified_scaffold_group,24,lgbm_120_l15,boosting,0.745053003533569,0.745053003533569,0.1687003292855059,0.0616043485857529,1.0,0.0133778709417907,0.8,0.6289752650176679,0.714487632508834,1.0,0.8,0.0689108000369742
clintox,classification,2,3,stratified_scaffold_group,stratified_scaffold_group,24,lgbm_120_l15,boosting,0.7844871794871794,0.7844871794871794,0.2881890453922025,0.046359400641073,1.0,0.0114345323528299,0.8,0.5769230769230769,0.6884615384615385,1.0,0.8,0.0744474999955855
clintox,classification,2,1,stratified_scaffold_group,stratified_scaffold_group,25,xgb_60_d3,boosting,0.7240321701199565,0.7240321701199565,0.3589200582411018,0.0814684656373639,1.0,0.0154788633808493,0.8214285714285714,0.4923664122137404,0.6568974918211559,1.0,0.8,0.0597050000214949
clintox,classification,2,2,stratified_scaffold_group,stratified_scaffold_group,25,xgb_60_d3,boosting,0.7712014134275618,0.7712014134275618,0.2395884408758074,0.0571059759255349,1.0,0.0350043848156929,0.8,0.6148409893992932,0.7074204946996466,1.0,0.8,0.059922499989625
clintox,classification,2,3,stratified_scaffold_group,stratified_scaffold_group,25,xgb_60_d3,boosting,0.8593589743589745,0.8593589743589745,0.2233361753836298,0.0476053711314004,1.0,0.0724193155765533,0.8,0.7846153846153846,0.7923076923076924,1.0,0.8,0.0468327000271528
clintox,classification,2,1,stratified_scaffold_group,stratified_scaffold_group,26,xgb_80_d5,boosting,0.706447655398037,0.706447655398037,0.3475424636631677,0.0834903215400497,1.0,0.0063549592159688,0.8214285714285714,0.3396946564885496,0.5805616139585605,1.0,0.8,0.0717005999758839
clintox,classification,2,2,stratified_scaffold_group,stratified_scaffold_group,26,xgb_80_d5,boosting,0.7756183745583038,0.7756183745583038,0.2045845957067429,0.0587432906619909,1.0,0.0324684754014015,0.8,0.667844522968198,0.733922261484099,1.0,0.8,0.0732385999872349
clintox,classification,2,3,stratified_scaffold_group,stratified_scaffold_group,26,xgb_80_d5,boosting,0.8006410256410257,0.8006410256410257,0.2232456007982425,0.0491556223748539,1.0,0.0433588288724422,0.8,0.7153846153846154,0.7576923076923077,1.0,0.8,0.0750540000153705
clintox,classification,2,1,stratified_scaffold_group,stratified_scaffold_group,27,xgb_100_d3,boosting,0.6999727371864777,0.6999727371864777,0.3428360309629803,0.0817301912177305,1.0,0.0130560109391808,0.8214285714285714,0.4351145038167938,0.6282715376226826,1.0,0.8,0.0654352999990806
clintox,classification,2,2,stratified_scaffold_group,stratified_scaffold_group,27,xgb_100_d3,boosting,0.7722614840989399,0.7722614840989399,0.2683913080125977,0.0573463209323702,1.0,0.0356288515031337,0.8,0.6148409893992932,0.7074204946996466,1.0,0.8,0.0742273000068962
clintox,classification,2,3,stratified_scaffold_group,stratified_scaffold_group,27,xgb_100_d3,boosting,0.8552564102564102,0.8552564102564102,0.3032249518341251,0.0463486632517516,1.0,0.0665150508284568,0.8666666666666667,0.7769230769230769,0.8217948717948718,1.0,0.8,0.0660879000206478
clintox,classification,2,1,stratified_scaffold_group,stratified_scaffold_group,28,xgb_60_d6,boosting,0.7029034896401308,0.7029034896401308,0.33122065841051,0.0827786886011351,1.0,0.0086126327514648,0.8214285714285714,0.4083969465648854,0.6149127589967285,1.0,0.8,0.0564459000015631
clintox,classification,2,2,stratified_scaffold_group,stratified_scaffold_group,28,xgb_60_d6,boosting,0.7941696113074206,0.7941696113074206,0.2577819863985457,0.0562724069591181,1.0,0.0300834197551012,0.8,0.6607773851590106,0.7303886925795053,1.0,0.8,0.0662723999703303
clintox,classification,2,3,stratified_scaffold_group,stratified_scaffold_group,28,xgb_60_d6,boosting,0.8503846153846154,0.8503846153846154,0.2244021147806636,0.0486159291121055,1.0,0.0444337502121925,0.8,0.7692307692307692,0.7846153846153846,1.0,0.8,0.0602779000182636
clintox,classification,2,1,stratified_scaffold_group,stratified_scaffold_group,29,cat_60_d4,boosting,0.7009269356597602,0.7009269356597602,0.3252680840565768,0.0850105781991248,1.0,0.0257148081587706,0.8214285714285714,0.3435114503816794,0.5824700109051254,1.0,0.8,0.2668826999724842
clintox,classification,2,2,stratified_scaffold_group,stratified_scaffold_group,29,cat_60_d4,boosting,0.694434628975265,0.694434628975265,0.1261576449475939,0.0615200992426881,1.0,0.0422432825068966,0.8,0.5159010600706714,0.6579505300353357,1.0,0.8,0.2840797999524511
clintox,classification,2,3,stratified_scaffold_group,stratified_scaffold_group,29,cat_60_d4,boosting,0.7421794871794872,0.7421794871794872,0.1315416141550979,0.0504645181937005,1.0,0.0570296822620095,0.8,0.5807692307692307,0.6903846153846154,1.0,0.8,0.3287648999830708
clintox,classification,2,1,stratified_scaffold_group,stratified_scaffold_group,30,cat_80_d6,boosting,0.6545119956379498,0.6545119956379498,0.2723367043891708,0.0868035674667343,1.0,0.0201116339306728,0.8214285714285714,0.1793893129770992,0.5004089422028353,1.0,0.8,0.9089035000069998
clintox,classification,2,2,stratified_scaffold_group,stratified_scaffold_group,30,cat_80_d6,boosting,0.7886042402826855,0.7886042402826855,0.1610932601505503,0.059495464702319,1.0,0.0495276069934642,0.8,0.6961130742049471,0.7480565371024736,1.0,0.8,0.8945900999824516
clintox,classification,2,3,stratified_scaffold_group,stratified_scaffold_group,30,cat_80_d6,boosting,0.7585897435897436,0.7585897435897436,0.1484035677659685,0.0505099292924974,1.0,0.050500888640344,0.8,0.6153846153846154,0.7076923076923077,1.0,0.8,0.9286252000019886
clintox,classification,2,1,stratified_scaffold_group,stratified_scaffold_group,31,cat_100_d4,boosting,0.6748227917121047,0.6748227917121047,0.2931194579801749,0.0859594165932854,1.0,0.0250870223228538,0.8214285714285714,0.316793893129771,0.5691112322791712,1.0,0.8,0.592751300020609
clintox,classification,2,2,stratified_scaffold_group,stratified_scaffold_group,31,cat_100_d4,boosting,0.7410777385159011,0.7410777385159011,0.1518152960363234,0.0601229085848543,1.0,0.04699402779112,0.8,0.5901060070671378,0.6950530035335689,1.0,0.8,0.5853014999884181
clintox,classification,2,3,stratified_scaffold_group,stratified_scaffold_group,31,cat_100_d4,boosting,0.7947435897435897,0.7947435897435897,0.1835108618050015,0.0489876495030532,1.0,0.0639199449128748,0.8666666666666667,0.6692307692307693,0.767948717948718,1.0,0.8,0.5454846000066027
clintox,classification,2,1,stratified_scaffold_group,stratified_scaffold_group,32,cat_60_d8,boosting,0.7427071973827698,0.7427071973827698,0.3145095790923855,0.0855483213649793,1.0,0.021375953623825,0.8214285714285714,0.4847328244274809,0.6530806979280261,1.0,0.8,2.4622586999903437
clintox,classification,2,2,stratified_scaffold_group,stratified_scaffold_group,32,cat_60_d8,boosting,0.7680212014134276,0.7680212014134276,0.1741132569831178,0.0597857955544804,1.0,0.043792250337878,0.8,0.657243816254417,0.7286219081272085,1.0,0.8,2.094044500030577
clintox,classification,2,3,stratified_scaffold_group,stratified_scaffold_group,32,cat_60_d8,boosting,0.7216666666666667,0.7216666666666667,0.1393162314183212,0.0499623576855436,1.0,0.0399595753506354,0.8,0.5269230769230769,0.6634615384615385,1.0,0.8,2.4512696999590844
clintox,classification,3,1,stratified_scaffold_group,stratified_scaffold_group,1,logreg_l2_c0.1,linear,0.7840142428785607,0.7840142428785607,0.3577143220725989,0.0892606318824415,1.0,0.1866181787185624,0.8275862068965517,0.5434782608695652,0.6855322338830585,1.0,0.8,0.0038295999984256
clintox,classification,3,2,stratified_scaffold_group,stratified_scaffold_group,1,logreg_l2_c0.1,linear,0.7734149054505005,0.7734149054505005,0.3102883892402231,0.0856897967964168,1.0,0.1411387256862815,0.8275862068965517,0.4935483870967742,0.660567296996663,1.0,0.8,0.0037626000121235
clintox,classification,3,3,stratified_scaffold_group,stratified_scaffold_group,1,logreg_l2_c0.1,linear,0.7637774210807919,0.7637774210807919,0.4589587398832734,0.1032576994879312,1.0,0.1884099198331679,0.8214285714285714,0.5692883895131087,0.69535848047084,1.0,0.8,0.0044133000192232
clintox,classification,3,1,stratified_scaffold_group,stratified_scaffold_group,2,logreg_l2_c1,linear,0.7864505247376312,0.7864505247376312,0.3428808271289457,0.0634541856852396,1.0,0.0649067818884768,0.8275862068965517,0.6793478260869565,0.7534670164917541,1.0,0.8,0.0058105999487452
clintox,classification,3,2,stratified_scaffold_group,stratified_scaffold_group,2,logreg_l2_c1,linear,0.7660734149054506,0.7660734149054506,0.2988953232066542,0.0756165599551433,1.0,0.0171084780788468,0.8275862068965517,0.5096774193548388,0.6686318131256952,1.0,0.8,0.0050424999790266
clintox,classification,3,3,stratified_scaffold_group,stratified_scaffold_group,2,logreg_l2_c1,linear,0.7489299090422685,0.7489299090422685,0.4245930475723468,0.0823836213454469,1.0,0.0248346549645088,0.8214285714285714,0.5280898876404494,0.6747592295345104,1.0,0.8,0.0055952999973669
clintox,classification,3,1,stratified_scaffold_group,stratified_scaffold_group,3,logreg_l2_c10,linear,0.7920727136431783,0.7920727136431783,0.3602369833980157,0.0624922706814494,1.0,0.0070999071355273,0.8275862068965517,0.6657608695652174,0.7466735382308846,1.0,0.8,0.0104707000427879
clintox,classification,3,2,stratified_scaffold_group,stratified_scaffold_group,3,logreg_l2_c10,linear,0.7619577308120133,0.7619577308120133,0.312296806621168,0.0770356668727307,1.0,0.0008996573422761,0.8275862068965517,0.5096774193548388,0.6686318131256952,1.0,0.8,0.0071342000155709
clintox,classification,3,3,stratified_scaffold_group,stratified_scaffold_group,3,logreg_l2_c10,linear,0.7453183520599251,0.7453183520599251,0.4014145508899011,0.0807291310117188,1.0,0.0015028815850566,0.8214285714285714,0.5243445692883895,0.6728865703584804,1.0,0.8,0.0087281999876722
clintox,classification,3,1,stratified_scaffold_group,stratified_scaffold_group,4,logreg_l1_c1,linear,0.766726011994003,0.766726011994003,0.2616582221027489,0.0836461973263607,1.0,0.0357577984300171,0.8275862068965517,0.5923913043478262,0.7099887556221889,1.0,0.8,0.0076516999979503
clintox,classification,3,2,stratified_scaffold_group,stratified_scaffold_group,4,logreg_l1_c1,linear,0.7568409343715239,0.7568409343715239,0.2582254714990269,0.0928116909576389,1.0,0.020969858896973,0.8275862068965517,0.5290322580645161,0.678309232480534,1.0,0.8,0.0085771000012755
clintox,classification,3,3,stratified_scaffold_group,stratified_scaffold_group,4,logreg_l1_c1,linear,0.7714018191546281,0.7714018191546281,0.4892125059924325,0.077238322228402,1.0,0.0257953414267407,0.8214285714285714,0.5468164794007491,0.6841225254146602,1.0,0.8,0.0098607999971136
clintox,classification,3,1,stratified_scaffold_group,stratified_scaffold_group,5,rf_60_sqrt,bagging,0.7863099700149926,0.7863099700149926,0.3591869877964257,0.0593107451736926,1.0,0.0666666666666666,0.8275862068965517,0.5217391304347826,0.6746626686656672,1.0,0.8,0.1170363000128418
clintox,classification,3,2,stratified_scaffold_group,stratified_scaffold_group,5,rf_60_sqrt,bagging,0.7567853170189099,0.7567853170189099,0.275611347914833,0.07133632347397,1.0,0.0666666666666666,0.8620689655172413,0.4483870967741935,0.6552280311457175,1.0,0.8,0.1223336000111885
clintox,classification,3,3,stratified_scaffold_group,stratified_scaffold_group,5,rf_60_sqrt,bagging,0.8039727126805779,0.8039727126805779,0.4444993854803672,0.0716190949069283,1.0,0.0949301901596972,0.8214285714285714,0.5955056179775281,0.7084670947030498,1.0,0.8,0.1162457000464201
clintox,classification,3,1,stratified_scaffold_group,stratified_scaffold_group,6,rf_90_d12,bagging,0.7945558470764618,0.7945558470764618,0.3087401330136293,0.0620232211729315,1.0,0.1098187304614723,0.8275862068965517,0.6032608695652174,0.7154235382308846,1.0,0.8,0.1471237000077963
clintox,classification,3,2,stratified_scaffold_group,stratified_scaffold_group,6,rf_90_d12,bagging,0.7551724137931034,0.7551724137931034,0.2606324085831085,0.0725324210120924,1.0,0.0935358329892664,0.8275862068965517,0.464516129032258,0.6460511679644049,1.0,0.8,0.1582650999771431
clintox,classification,3,3,stratified_scaffold_group,stratified_scaffold_group,6,rf_90_d12,bagging,0.7966827180310326,0.7966827180310326,0.3795918223445647,0.0781960340767677,1.0,0.1449118245343105,0.8214285714285714,0.5355805243445693,0.6785045478865703,1.0,0.8,0.1983828999800607
clintox,classification,3,1,stratified_scaffold_group,stratified_scaffold_group,7,rf_90_leaf2,bagging,0.7540760869565218,0.7540760869565218,0.3053691285837934,0.0633427660282704,1.0,0.1047113551508204,0.8275862068965517,0.5570652173913043,0.692325712143928,1.0,0.8,0.2071522999904118
clintox,classification,3,2,stratified_scaffold_group,stratified_scaffold_group,7,rf_90_leaf2,bagging,0.7101223581757508,0.7101223581757508,0.247666979182769,0.0751356734842134,1.0,0.077914160122874,0.8620689655172413,0.2806451612903226,0.5713570634037819,1.0,0.8,0.2091922999825328
clintox,classification,3,3,stratified_scaffold_group,stratified_scaffold_group,7,rf_90_leaf2,bagging,0.8333333333333333,0.8333333333333333,0.4472881216016171,0.0742977381470832,1.0,0.1645666502254523,0.8214285714285714,0.6853932584269663,0.7534109149277688,1.0,0.8,0.2046157000004314
clintox,classification,3,1,stratified_scaffold_group,stratified_scaffold_group,8,rf_120_d20_leaf2,bagging,0.7467203898050975,0.7467203898050975,0.3070732487384992,0.064165965453107,1.0,0.1097442524528888,0.8275862068965517,0.5597826086956521,0.693684407796102,1.0,0.8,0.2590845000231638
clintox,classification,3,2,stratified_scaffold_group,stratified_scaffold_group,8,rf_120_d20_leaf2,bagging,0.7279199110122359,0.7279199110122359,0.2649713434544439,0.0742524156401019,1.0,0.10222009738639,0.8275862068965517,0.396774193548387,0.6121802002224694,1.0,0.8,0.2738291999557987
clintox,classification,3,3,stratified_scaffold_group,stratified_scaffold_group,8,rf_120_d20_leaf2,bagging,0.8120652755484217,0.8120652755484217,0.4378401972674399,0.0751004496719108,1.0,0.1469804472212827,0.8571428571428571,0.5730337078651686,0.7150882825040128,1.0,0.8,0.2470116000040434
clintox,classification,3,1,stratified_scaffold_group,stratified_scaffold_group,9,et_60_sqrt,bagging,0.7506090704647677,0.7506090704647677,0.2510121504916333,0.0621556627257975,1.0,0.0651682439537329,0.8275862068965517,0.5244565217391304,0.676021364317841,1.0,0.8,0.0629859000327996
clintox,classification,3,2,stratified_scaffold_group,stratified_scaffold_group,9,et_60_sqrt,bagging,0.6937152391546163,0.6937152391546163,0.2311424056547164,0.0740278372518801,1.0,0.05,0.8275862068965517,0.3580645161290322,0.592825361512792,1.0,0.8,0.0648207000340335
clintox,classification,3,3,stratified_scaffold_group,stratified_scaffold_group,9,et_60_sqrt,bagging,0.7516720171214555,0.7516720171214555,0.3800380027446452,0.0734902740703731,1.0,0.0653532608695652,0.8214285714285714,0.3932584269662921,0.6073434991974318,1.0,0.8,0.0644541999790817
clintox,classification,3,1,stratified_scaffold_group,stratified_scaffold_group,10,et_90_d12,bagging,0.7709426536731634,0.7709426536731634,0.317723956108629,0.0683794124495432,1.0,0.1507500340448632,0.8275862068965517,0.6086956521739131,0.7181409295352323,1.0,0.8,0.0917103999527171
clintox,classification,3,2,stratified_scaffold_group,stratified_scaffold_group,10,et_90_d12,bagging,0.7411568409343715,0.7411568409343715,0.2365053617539088,0.0775791050515975,1.0,0.1319350727450733,0.8275862068965517,0.5064516129032258,0.6670189098998888,1.0,0.8,0.0954781000036746
clintox,classification,3,3,stratified_scaffold_group,stratified_scaffold_group,10,et_90_d12,bagging,0.7869181380417336,0.7869181380417336,0.3665862829063298,0.0827201388371904,1.0,0.1730872253171606,0.8214285714285714,0.5617977528089888,0.6916131621187801,1.0,0.8,0.1012549999868497
clintox,classification,3,1,stratified_scaffold_group,stratified_scaffold_group,11,et_90_leaf2,bagging,0.7610101199400299,0.7610101199400299,0.3164946507442824,0.0625908769289428,1.0,0.0792006127010505,0.8275862068965517,0.4510869565217391,0.6393365817091454,1.0,0.8,0.1291301000164821
clintox,classification,3,2,stratified_scaffold_group,stratified_scaffold_group,11,et_90_leaf2,bagging,0.7674082313681868,0.7674082313681868,0.2830262443596339,0.0735332588942306,1.0,0.120699100805509,0.8275862068965517,0.5548387096774193,0.6912124582869855,1.0,0.8,0.1249585000332444
clintox,classification,3,3,stratified_scaffold_group,stratified_scaffold_group,11,et_90_leaf2,bagging,0.7969502407704656,0.7969502407704656,0.4085551236325649,0.0723783942893093,1.0,0.1219573702308357,0.8214285714285714,0.6254681647940075,0.7234483681112894,1.0,0.8,0.114133600029163
clintox,classification,3,1,stratified_scaffold_group,stratified_scaffold_group,12,et_120_d20_leaf2,bagging,0.756606071964018,0.756606071964018,0.3123292254366993,0.0633590373301071,1.0,0.0913586630173307,0.8275862068965517,0.4646739130434782,0.646130059970015,1.0,0.8,0.1353161999722942
clintox,classification,3,2,stratified_scaffold_group,stratified_scaffold_group,12,et_120_d20_leaf2,bagging,0.7473859844271413,0.7473859844271413,0.2683629891600072,0.0744409282081493,1.0,0.1092116269429435,0.8275862068965517,0.4870967741935483,0.6573414905450501,1.0,0.8,0.1391811000066809
clintox,classification,3,3,stratified_scaffold_group,stratified_scaffold_group,12,et_120_d20_leaf2,bagging,0.8065810593900481,0.8065810593900481,0.4110234330125019,0.0727029466463417,1.0,0.1309936182331147,0.8214285714285714,0.6067415730337078,0.7140850722311396,1.0,0.8,0.1247063999762758
clintox,classification,3,1,stratified_scaffold_group,stratified_scaffold_group,13,histgb_lr0.05,boosting,0.7868721889055472,0.7868721889055472,0.2908693076882204,0.0614025918218964,1.0,0.0137267734500456,0.8275862068965517,0.5869565217391304,0.707271364317841,1.0,0.8,0.9468412999995052
clintox,classification,3,2,stratified_scaffold_group,stratified_scaffold_group,13,histgb_lr0.05,boosting,0.7170189098998888,0.7170189098998888,0.2774018390581196,0.0738304706466615,1.0,0.0082660996557188,0.8275862068965517,0.3903225806451613,0.6089543937708566,1.0,0.8,0.930215500004124
clintox,classification,3,3,stratified_scaffold_group,stratified_scaffold_group,13,histgb_lr0.05,boosting,0.8008293204922419,0.8008293204922419,0.4758287536977696,0.0710376694102671,1.0,0.0095908626984788,0.8214285714285714,0.50187265917603,0.6616506153023007,1.0,0.8,1.148671299975831
clintox,classification,3,1,stratified_scaffold_group,stratified_scaffold_group,14,histgb_lr0.1,boosting,0.7854666416791602,0.7854666416791602,0.3058245614092778,0.0626603448475523,1.0,0.0092645895715917,0.8275862068965517,0.6657608695652174,0.7466735382308846,1.0,0.8,0.9331277000019328
clintox,classification,3,2,stratified_scaffold_group,stratified_scaffold_group,14,histgb_lr0.1,boosting,0.7592880978865405,0.7592880978865405,0.3190924721943174,0.0726066911855455,1.0,0.0028778325931668,0.8275862068965517,0.4290322580645161,0.6283092324805339,1.0,0.8,0.8610244000446983
clintox,classification,3,3,stratified_scaffold_group,stratified_scaffold_group,14,histgb_lr0.1,boosting,0.7795612627073302,0.7795612627073302,0.4502120708410128,0.0731500622458683,1.0,0.0044896640643639,0.8214285714285714,0.5468164794007491,0.6841225254146602,1.0,0.8,0.985019099956844
clintox,classification,3,1,stratified_scaffold_group,stratified_scaffold_group,15,gb_lr0.05_d2,boosting,0.6768646926536731,0.6768646926536731,0.2081215611628875,0.0644193554605354,1.0,0.037914024620964,0.8275862068965517,0.3342391304347826,0.5809126686656672,1.0,0.8,0.3772264000144787
clintox,classification,3,2,stratified_scaffold_group,stratified_scaffold_group,15,gb_lr0.05_d2,boosting,0.6745272525027808,0.6745272525027808,0.1919419837229119,0.0795326185980966,1.0,0.0442415734993278,0.8275862068965517,0.3161290322580645,0.5718576195773082,1.0,0.8,0.3909529999946244
clintox,classification,3,3,stratified_scaffold_group,stratified_scaffold_group,15,gb_lr0.05_d2,boosting,0.7905965757089353,0.7905965757089353,0.4411337121009475,0.0706933366369758,1.0,0.0585823953903437,0.8571428571428571,0.5730337078651686,0.7150882825040128,1.0,0.8,0.4614833000232465
clintox,classification,3,1,stratified_scaffold_group,stratified_scaffold_group,16,gb_lr0.1_d3,boosting,0.7120033733133434,0.7120033733133434,0.1760892935739237,0.0710148620505987,1.0,0.0137219455033882,0.8275862068965517,0.3288043478260869,0.5781952773613193,1.0,0.8,0.5402608999866061
clintox,classification,3,2,stratified_scaffold_group,stratified_scaffold_group,16,gb_lr0.1_d3,boosting,0.7221913236929922,0.7221913236929922,0.179520319301343,0.0867107545475056,1.0,0.0228006391325042,0.8620689655172413,0.5225806451612903,0.6923248053392659,1.0,0.8,0.5983978000003844
clintox,classification,3,3,stratified_scaffold_group,stratified_scaffold_group,16,gb_lr0.1_d3,boosting,0.786115569823435,0.786115569823435,0.3945085519266616,0.0703299131249121,1.0,0.0241107292646522,0.8571428571428571,0.4606741573033708,0.658908507223114,1.0,0.8,0.5823588999919593
clintox,classification,3,1,stratified_scaffold_group,stratified_scaffold_group,17,lgbm_60_l15,boosting,0.7846233133433284,0.7846233133433284,0.302089518500566,0.0605787592963227,1.0,0.0249378853479295,0.8275862068965517,0.5760869565217391,0.7018365817091454,1.0,0.8,0.0443937000236474
clintox,classification,3,2,stratified_scaffold_group,stratified_scaffold_group,17,lgbm_60_l15,boosting,0.7351501668520578,0.7351501668520578,0.2628477237484485,0.0744782837832736,1.0,0.0202648295393385,0.8275862068965517,0.4612903225806452,0.6444382647385984,1.0,0.8,0.0425249999971129
clintox,classification,3,3,stratified_scaffold_group,stratified_scaffold_group,17,lgbm_60_l15,boosting,0.8430979133226324,0.8430979133226324,0.5228890034576803,0.0685521868653457,1.0,0.0409661962953765,0.8214285714285714,0.7340823970037453,0.7777554842161584,1.0,0.8,0.0460501000052318
clintox,classification,3,1,stratified_scaffold_group,stratified_scaffold_group,18,lgbm_90_l31,boosting,0.7953991754122939,0.7953991754122939,0.3393715955178827,0.061905222305427,1.0,0.0092841497173245,0.8620689655172413,0.5652173913043479,0.7136431784107946,1.0,0.8,0.096606699982658
clintox,classification,3,2,stratified_scaffold_group,stratified_scaffold_group,18,lgbm_90_l31,boosting,0.7650723025583982,0.7650723025583982,0.30552315621213,0.0742298887779705,1.0,0.0115510152211264,0.8275862068965517,0.5419354838709678,0.6847608453837597,1.0,0.8,0.0784857999533414
clintox,classification,3,3,stratified_scaffold_group,stratified_scaffold_group,18,lgbm_90_l31,boosting,0.8186195826645265,0.8186195826645265,0.490355446881541,0.0729490696176135,1.0,0.010597728366658,0.8571428571428571,0.5580524344569289,0.7075976457998929,1.0,0.8,0.0826696000294759
clintox,classification,3,1,stratified_scaffold_group,stratified_scaffold_group,19,lgbm_60_l63,boosting,0.7951180659670165,0.7951180659670165,0.3329685858329779,0.0610279305686646,1.0,0.0114227377551699,0.8275862068965517,0.6114130434782609,0.7194996251874063,1.0,0.8,0.0549041999620385
clintox,classification,3,2,stratified_scaffold_group,stratified_scaffold_group,19,lgbm_60_l63,boosting,0.7588431590656285,0.7588431590656285,0.2992723538683153,0.0755822035566317,1.0,0.006613080872303,0.8275862068965517,0.4387096774193548,0.6331479421579533,1.0,0.8,0.065826800011564
clintox,classification,3,3,stratified_scaffold_group,stratified_scaffold_group,19,lgbm_60_l63,boosting,0.7928036383092563,0.7928036383092563,0.4693843053907359,0.0718105370900248,1.0,0.0076802709326844,0.8214285714285714,0.5318352059925093,0.6766318887105404,1.0,0.8,0.0585558000020682
clintox,classification,3,1,stratified_scaffold_group,stratified_scaffold_group,20,lgbm_100_leaf10,boosting,0.7562312593703149,0.7562312593703149,0.2596895035966945,0.0654531832957993,1.0,0.0031950585008924,0.8275862068965517,0.4864130434782608,0.6569996251874063,1.0,0.8,0.0958648999803699
clintox,classification,3,2,stratified_scaffold_group,stratified_scaffold_group,20,lgbm_100_leaf10,boosting,0.743047830923248,0.743047830923248,0.2888173375135845,0.0769607139301882,1.0,0.0033965784863303,0.8275862068965517,0.5225806451612903,0.675083426028921,1.0,0.8,0.1007847000146284
clintox,classification,3,3,stratified_scaffold_group,stratified_scaffold_group,20,lgbm_100_leaf10,boosting,0.7814339218833601,0.7814339218833601,0.4774179929159392,0.0721122667755814,1.0,0.0024334733247821,0.8214285714285714,0.4868913857677902,0.6541599785981809,1.0,0.8,0.162382600014098
clintox,classification,3,1,stratified_scaffold_group,stratified_scaffold_group,21,lgbm_100_leaf30,boosting,0.7985850824587706,0.7985850824587706,0.3327338943678207,0.0592300376605497,1.0,0.0171937992274542,0.8275862068965517,0.6413043478260869,0.7344452773613193,1.0,0.8,0.1037891000160016
clintox,classification,3,2,stratified_scaffold_group,stratified_scaffold_group,21,lgbm_100_leaf30,boosting,0.7383759733036707,0.7383759733036707,0.2870491014150803,0.0742423724574971,1.0,0.0108610231918603,0.8620689655172413,0.4096774193548387,0.63587319243604,1.0,0.8,0.0909133999957703
clintox,classification,3,3,stratified_scaffold_group,stratified_scaffold_group,21,lgbm_100_leaf30,boosting,0.7953451043338684,0.7953451043338684,0.5027923077297927,0.0673752654762775,1.0,0.0121500842547118,0.8214285714285714,0.5056179775280899,0.6635232744783306,1.0,0.8,0.0977465999894775
clintox,classification,3,1,stratified_scaffold_group,stratified_scaffold_group,22,lgbm_80_ff0.7,boosting,0.7804535232383809,0.7804535232383809,0.2926111772517445,0.0627168891498098,1.0,0.0066109018427449,0.8275862068965517,0.5570652173913043,0.692325712143928,1.0,0.8,0.1098626999882981
clintox,classification,3,2,stratified_scaffold_group,stratified_scaffold_group,22,lgbm_80_ff0.7,boosting,0.74293659621802,0.74293659621802,0.2982616743281371,0.0751414888675054,1.0,0.0061788716491645,0.8275862068965517,0.4709677419354838,0.6492769744160178,1.0,0.8,0.1097345000016503
clintox,classification,3,3,stratified_scaffold_group,stratified_scaffold_group,22,lgbm_80_ff0.7,boosting,0.7969502407704656,0.7969502407704656,0.535612432492602,0.0688529801455915,1.0,0.006071619694501,0.8214285714285714,0.5318352059925093,0.6766318887105404,1.0,0.8,0.1297821999760344
clintox,classification,3,1,stratified_scaffold_group,stratified_scaffold_group,23,lgbm_80_bag0.8,boosting,0.8025206146926537,0.8025206146926537,0.3393080510469247,0.0609314904343333,1.0,0.0107095382883523,0.8275862068965517,0.6657608695652174,0.7466735382308846,1.0,0.8,0.1087736000190489
clintox,classification,3,2,stratified_scaffold_group,stratified_scaffold_group,23,lgbm_80_bag0.8,boosting,0.7552836484983315,0.7552836484983315,0.2792286972638115,0.0754378927166646,1.0,0.0081692818459343,0.8275862068965517,0.5225806451612903,0.675083426028921,1.0,0.8,0.1201125999796204
clintox,classification,3,3,stratified_scaffold_group,stratified_scaffold_group,23,lgbm_80_bag0.8,boosting,0.7829052969502408,0.7829052969502408,0.547660631897407,0.0660267258320573,1.0,0.0048315901542592,0.8214285714285714,0.3745318352059925,0.597980203317282,1.0,0.8,0.1093328000279143
clintox,classification,3,1,stratified_scaffold_group,stratified_scaffold_group,24,lgbm_120_l15,boosting,0.7998969265367316,0.7998969265367316,0.3182806791404506,0.0617647113666373,1.0,0.0119140851934923,0.8275862068965517,0.5788043478260869,0.7031952773613193,1.0,0.8,0.0681190000032074
clintox,classification,3,2,stratified_scaffold_group,stratified_scaffold_group,24,lgbm_120_l15,boosting,0.7470522803114571,0.7470522803114571,0.2732599069587539,0.0752475027308328,1.0,0.0118479774130849,0.8275862068965517,0.4935483870967742,0.660567296996663,1.0,0.8,0.0694451000308618
clintox,classification,3,3,stratified_scaffold_group,stratified_scaffold_group,24,lgbm_120_l15,boosting,0.8115302300695559,0.8115302300695559,0.5145821538179554,0.0702722623128384,1.0,0.0123222337509789,0.8214285714285714,0.5468164794007491,0.6841225254146602,1.0,0.8,0.0764556000358425
clintox,classification,3,1,stratified_scaffold_group,stratified_scaffold_group,25,xgb_60_d3,boosting,0.7873407046476762,0.7873407046476762,0.3325790420296903,0.0599350573155438,1.0,0.0413436591625213,0.8275862068965517,0.5788043478260869,0.7031952773613193,1.0,0.8,0.0556355000007897
clintox,classification,3,2,stratified_scaffold_group,stratified_scaffold_group,25,xgb_60_d3,boosting,0.746496106785317,0.746496106785317,0.2774442599116473,0.0718231265987216,1.0,0.0382173843681812,0.8275862068965517,0.5129032258064516,0.6702447163515017,1.0,0.8,0.0561867000069469
clintox,classification,3,3,stratified_scaffold_group,stratified_scaffold_group,25,xgb_60_d3,boosting,0.8261771000535044,0.8261771000535044,0.5055826402964866,0.067808624711648,1.0,0.0461144521832466,0.8571428571428571,0.5880149812734082,0.7225789192081327,1.0,0.8,0.0529784999671392
clintox,classification,3,1,stratified_scaffold_group,stratified_scaffold_group,26,xgb_80_d5,boosting,0.7649456521739131,0.7649456521739131,0.2973970573319018,0.0600309663907567,1.0,0.0243237782269716,0.8275862068965517,0.5326086956521738,0.6800974512743627,1.0,0.8,0.0763205000548623
clintox,classification,3,2,stratified_scaffold_group,stratified_scaffold_group,26,xgb_80_d5,boosting,0.7611790878754171,0.7611790878754171,0.2652423777784324,0.0728524283299264,1.0,0.0284811742603778,0.8275862068965517,0.5129032258064516,0.6702447163515017,1.0,0.8,0.0706032000016421
clintox,classification,3,3,stratified_scaffold_group,stratified_scaffold_group,26,xgb_80_d5,boosting,0.8426966292134831,0.8426966292134831,0.5135168193407756,0.0670620537591163,1.0,0.0444625280797481,0.8214285714285714,0.7153558052434457,0.7683921883360085,1.0,0.8,0.080847300007008
clintox,classification,3,1,stratified_scaffold_group,stratified_scaffold_group,27,xgb_100_d3,boosting,0.7903860569715142,0.7903860569715142,0.3422770238922034,0.060482035165372,1.0,0.038963284343481,0.8275862068965517,0.5869565217391304,0.707271364317841,1.0,0.8,0.0716407000436447
clintox,classification,3,2,stratified_scaffold_group,stratified_scaffold_group,27,xgb_100_d3,boosting,0.7452725250278087,0.7452725250278087,0.2589995126814124,0.0723151296511371,1.0,0.0380215980112552,0.8275862068965517,0.5258064516129033,0.6766963292547274,1.0,0.8,0.0800877999863587
clintox,classification,3,3,stratified_scaffold_group,stratified_scaffold_group,27,xgb_100_d3,boosting,0.8092562867843767,0.8092562867843767,0.5324536660097127,0.0674876680396721,1.0,0.04106430336833,0.8214285714285714,0.5730337078651686,0.69723113964687,1.0,0.8,0.0792427000124007
clintox,classification,3,1,stratified_scaffold_group,stratified_scaffold_group,28,xgb_60_d6,boosting,0.7834988755622189,0.7834988755622189,0.3095488442696521,0.0607142204089304,1.0,0.0240364503115415,0.8275862068965517,0.5380434782608696,0.6828148425787106,1.0,0.8,0.063948499970138
clintox,classification,3,2,stratified_scaffold_group,stratified_scaffold_group,28,xgb_60_d6,boosting,0.7756395995550611,0.7756395995550611,0.2711543412591769,0.0719211690191334,1.0,0.0299381799995899,0.8275862068965517,0.5806451612903225,0.704115684093437,1.0,0.8,0.0650143999955616
clintox,classification,3,3,stratified_scaffold_group,stratified_scaffold_group,28,xgb_60_d6,boosting,0.8139379347244516,0.8139379347244516,0.4732931067973108,0.0695757533202597,1.0,0.0379598289728164,0.8214285714285714,0.6254681647940075,0.7234483681112894,1.0,0.8,0.0670526000321842
clintox,classification,3,1,stratified_scaffold_group,stratified_scaffold_group,29,cat_60_d4,boosting,0.70773988005997,0.70773988005997,0.2809771083419403,0.0628693413626778,1.0,0.0492243010248965,0.8275862068965517,0.4375,0.6325431034482758,1.0,0.8,0.2849815000081435
clintox,classification,3,2,stratified_scaffold_group,stratified_scaffold_group,29,cat_60_d4,boosting,0.6896551724137931,0.6896551724137931,0.2346863791173407,0.0744354790277932,1.0,0.0430469723836431,0.8275862068965517,0.3032258064516129,0.5654060066740823,1.0,0.8,0.2923124000080861
clintox,classification,3,3,stratified_scaffold_group,stratified_scaffold_group,29,cat_60_d4,boosting,0.7473247726056714,0.7473247726056714,0.4478893654636592,0.0756856638663927,1.0,0.0550127546298067,0.8214285714285714,0.5093632958801498,0.6653959336543607,1.0,0.8,0.2540494999848306
clintox,classification,3,1,stratified_scaffold_group,stratified_scaffold_group,30,cat_80_d6,boosting,0.774222263868066,0.774222263868066,0.3321150548777644,0.0610129135281805,1.0,0.0413302459831475,0.8275862068965517,0.5135869565217391,0.6705865817091454,1.0,0.8,1.0410709999850951
clintox,classification,3,2,stratified_scaffold_group,stratified_scaffold_group,30,cat_80_d6,boosting,0.7175750834260289,0.7175750834260289,0.2330229387262107,0.0750652254240711,1.0,0.039417894251297,0.8275862068965517,0.467741935483871,0.6476640711902113,1.0,0.8,1.1170390999759547
clintox,classification,3,3,stratified_scaffold_group,stratified_scaffold_group,30,cat_80_d6,boosting,0.7869181380417335,0.7869181380417335,0.4463424656010254,0.072808744450392,1.0,0.0450535327250576,0.8214285714285714,0.49812734082397,0.6597779561262707,1.0,0.8,1.310451400000602
clintox,classification,3,1,stratified_scaffold_group,stratified_scaffold_group,31,cat_100_d4,boosting,0.7384745127436282,0.7384745127436282,0.3237716878759745,0.0619072021672244,1.0,0.0489315748329904,0.8275862068965517,0.4728260869565217,0.6502061469265368,1.0,0.8,0.5601093000150286
clintox,classification,3,2,stratified_scaffold_group,stratified_scaffold_group,31,cat_100_d4,boosting,0.7212458286985538,0.7212458286985538,0.2569213211540249,0.0736712884202166,1.0,0.0513785583989553,0.8275862068965517,0.5225806451612903,0.675083426028921,1.0,0.8,0.4862046999623999
clintox,classification,3,3,stratified_scaffold_group,stratified_scaffold_group,31,cat_100_d4,boosting,0.7586944890315677,0.7586944890315677,0.4444308851481526,0.0736771575784692,1.0,0.0523687592458779,0.8214285714285714,0.4531835205992509,0.6373060460139112,1.0,0.8,0.4379757000133395
clintox,classification,3,1,stratified_scaffold_group,stratified_scaffold_group,32,cat_60_d8,boosting,0.7329928785607197,0.7329928785607197,0.2522746505469949,0.0629799103904532,1.0,0.0377940601991787,0.8275862068965517,0.467391304347826,0.6474887556221889,1.0,0.8,2.546725999971386
clintox,classification,3,2,stratified_scaffold_group,stratified_scaffold_group,32,cat_60_d8,boosting,0.6783092324805339,0.6783092324805339,0.2414525754340815,0.0748595482516063,1.0,0.0340732048024932,0.8275862068965517,0.3870967741935484,0.60734149054505,1.0,0.8,2.825870700005908
clintox,classification,3,3,stratified_scaffold_group,stratified_scaffold_group,32,cat_60_d8,boosting,0.7536115569823434,0.7536115569823434,0.4408291865386752,0.0748942651845098,1.0,0.0517621049618377,0.8214285714285714,0.5955056179775281,0.7084670947030498,1.0,0.8,2.7205870000179857
esol,regression,1,1,seeded_scaffold_group_balanced,seeded_scaffold_group_balanced,1,ridge_a0.1,linear,-2.9776219563055606,,,,,,,,,,,0.0072112999623641
esol,regression,1,2,seeded_scaffold_group_balanced,seeded_scaffold_group_balanced,1,ridge_a0.1,linear,-3.0438504959431336,,,,,,,,,,,0.0073317000060342
esol,regression,1,3,seeded_scaffold_group_balanced,seeded_scaffold_group_balanced,1,ridge_a0.1,linear,-3.0683177353298703,,,,,,,,,,,0.0067540000309236
esol,regression,1,1,seeded_scaffold_group_balanced,seeded_scaffold_group_balanced,2,ridge_a1,linear,-1.906938448265881,,,,,,,,,,,0.006578000029549
esol,regression,1,2,seeded_scaffold_group_balanced,seeded_scaffold_group_balanced,2,ridge_a1,linear,-1.8668373407834131,,,,,,,,,,,0.0069063999690115
esol,regression,1,3,seeded_scaffold_group_balanced,seeded_scaffold_group_balanced,2,ridge_a1,linear,-1.9898073781582877,,,,,,,,,,,0.0059752999804914
esol,regression,1,1,seeded_scaffold_group_balanced,seeded_scaffold_group_balanced,3,ridge_a10,linear,-1.7955544858458232,,,,,,,,,,,0.0061275999760255
esol,regression,1,2,seeded_scaffold_group_balanced,seeded_scaffold_group_balanced,3,ridge_a10,linear,-1.5192027437719908,,,,,,,,,,,0.0073979999870061
esol,regression,1,3,seeded_scaffold_group_balanced,seeded_scaffold_group_balanced,3,ridge_a10,linear,-1.6029369915204237,,,,,,,,,,,0.0062524999957531
esol,regression,1,1,seeded_scaffold_group_balanced,seeded_scaffold_group_balanced,4,elasticnet_a0.001,linear,-2.067717411395967,,,,,,,,,,,0.068969800020568
esol,regression,1,2,seeded_scaffold_group_balanced,seeded_scaffold_group_balanced,4,elasticnet_a0.001,linear,-2.113542517457652,,,,,,,,,,,0.0498586000176146
esol,regression,1,3,seeded_scaffold_group_balanced,seeded_scaffold_group_balanced,4,elasticnet_a0.001,linear,-2.1900709269936702,,,,,,,,,,,0.0961654999991878
esol,regression,1,1,seeded_scaffold_group_balanced,seeded_scaffold_group_balanced,5,rf_60_sqrt,bagging,-1.8621455961626976,,,,,,,,,,,0.0838741000043228
esol,regression,1,2,seeded_scaffold_group_balanced,seeded_scaffold_group_balanced,5,rf_60_sqrt,bagging,-1.39651840092873,,,,,,,,,,,0.0831575999618507
esol,regression,1,3,seeded_scaffold_group_balanced,seeded_scaffold_group_balanced,5,rf_60_sqrt,bagging,-1.57377571190711,,,,,,,,,,,0.084983899956569
esol,regression,1,1,seeded_scaffold_group_balanced,seeded_scaffold_group_balanced,6,rf_90_d12,bagging,-1.9400364297119272,,,,,,,,,,,0.1269485999946482
esol,regression,1,2,seeded_scaffold_group_balanced,seeded_scaffold_group_balanced,6,rf_90_d12,bagging,-1.5257710531472304,,,,,,,,,,,0.1213609999977052
esol,regression,1,3,seeded_scaffold_group_balanced,seeded_scaffold_group_balanced,6,rf_90_d12,bagging,-1.633913981407817,,,,,,,,,,,0.1304074999643489
esol,regression,1,1,seeded_scaffold_group_balanced,seeded_scaffold_group_balanced,7,rf_90_leaf2,bagging,-1.9066205444023847,,,,,,,,,,,0.1158236000337638
esol,regression,1,2,seeded_scaffold_group_balanced,seeded_scaffold_group_balanced,7,rf_90_leaf2,bagging,-1.4772318045231931,,,,,,,,,,,0.1066379999974742
esol,regression,1,3,seeded_scaffold_group_balanced,seeded_scaffold_group_balanced,7,rf_90_leaf2,bagging,-1.572921485240409,,,,,,,,,,,0.1018880000337958
esol,regression,1,1,seeded_scaffold_group_balanced,seeded_scaffold_group_balanced,8,rf_120_d20_leaf2,bagging,-1.90617614892828,,,,,,,,,,,0.1142237000167369
esol,regression,1,2,seeded_scaffold_group_balanced,seeded_scaffold_group_balanced,8,rf_120_d20_leaf2,bagging,-1.514364029288446,,,,,,,,,,,0.1106703000259585
esol,regression,1,3,seeded_scaffold_group_balanced,seeded_scaffold_group_balanced,8,rf_120_d20_leaf2,bagging,-1.5761384587379352,,,,,,,,,,,0.1217362000024877
esol,regression,1,1,seeded_scaffold_group_balanced,seeded_scaffold_group_balanced,9,et_60_sqrt,bagging,-1.7677709502752392,,,,,,,,,,,0.0606874999939464
esol,regression,1,2,seeded_scaffold_group_balanced,seeded_scaffold_group_balanced,9,et_60_sqrt,bagging,-1.3315958444181195,,,,,,,,,,,0.0512223999830894
esol,regression,1,3,seeded_scaffold_group_balanced,seeded_scaffold_group_balanced,9,et_60_sqrt,bagging,-1.5649175329017175,,,,,,,,,,,0.0712501999805681
esol,regression,1,1,seeded_scaffold_group_balanced,seeded_scaffold_group_balanced,10,et_90_d12,bagging,-1.9723082989840892,,,,,,,,,,,0.0922615999588742
esol,regression,1,2,seeded_scaffold_group_balanced,seeded_scaffold_group_balanced,10,et_90_d12,bagging,-1.515667389765042,,,,,,,,,,,0.0855248000007122
esol,regression,1,3,seeded_scaffold_group_balanced,seeded_scaffold_group_balanced,10,et_90_d12,bagging,-1.625828553619453,,,,,,,,,,,0.0929894999717362
esol,regression,1,1,seeded_scaffold_group_balanced,seeded_scaffold_group_balanced,11,et_90_leaf2,bagging,-1.8724967301309687,,,,,,,,,,,0.0903832000331021
esol,regression,1,2,seeded_scaffold_group_balanced,seeded_scaffold_group_balanced,11,et_90_leaf2,bagging,-1.4185410349846352,,,,,,,,,,,0.0808735999744385
esol,regression,1,3,seeded_scaffold_group_balanced,seeded_scaffold_group_balanced,11,et_90_leaf2,bagging,-1.5462565559755874,,,,,,,,,,,0.0732192000141367
esol,regression,1,1,seeded_scaffold_group_balanced,seeded_scaffold_group_balanced,12,et_120_d20_leaf2,bagging,-1.8872449466976688,,,,,,,,,,,0.095047099981457
esol,regression,1,2,seeded_scaffold_group_balanced,seeded_scaffold_group_balanced,12,et_120_d20_leaf2,bagging,-1.4370543932828326,,,,,,,,,,,0.0971702000242658
esol,regression,1,3,seeded_scaffold_group_balanced,seeded_scaffold_group_balanced,12,et_120_d20_leaf2,bagging,-1.545927124053637,,,,,,,,,,,0.0743961000116542
esol,regression,1,1,seeded_scaffold_group_balanced,seeded_scaffold_group_balanced,13,histgb_lr0.05,boosting,-1.739951272770741,,,,,,,,,,,0.8826490999781527
esol,regression,1,2,seeded_scaffold_group_balanced,seeded_scaffold_group_balanced,13,histgb_lr0.05,boosting,-1.4065712319707235,,,,,,,,,,,0.9287657999666408
esol,regression,1,3,seeded_scaffold_group_balanced,seeded_scaffold_group_balanced,13,histgb_lr0.05,boosting,-1.6280306762396588,,,,,,,,,,,0.929293500026688
esol,regression,1,1,seeded_scaffold_group_balanced,seeded_scaffold_group_balanced,14,histgb_lr0.1,boosting,-1.7064428987480758,,,,,,,,,,,0.7997743000159971
esol,regression,1,2,seeded_scaffold_group_balanced,seeded_scaffold_group_balanced,14,histgb_lr0.1,boosting,-1.375414306795631,,,,,,,,,,,0.8277514000074007
esol,regression,1,3,seeded_scaffold_group_balanced,seeded_scaffold_group_balanced,14,histgb_lr0.1,boosting,-1.6430744371535928,,,,,,,,,,,1.0267716000089422
esol,regression,1,1,seeded_scaffold_group_balanced,seeded_scaffold_group_balanced,15,gb_lr0.05_d2,boosting,-2.0333960722716755,,,,,,,,,,,0.2488939999602735
esol,regression,1,2,seeded_scaffold_group_balanced,seeded_scaffold_group_balanced,15,gb_lr0.05_d2,boosting,-1.725816731562508,,,,,,,,,,,0.2868217999930493
esol,regression,1,3,seeded_scaffold_group_balanced,seeded_scaffold_group_balanced,15,gb_lr0.05_d2,boosting,-1.7719602320947336,,,,,,,,,,,0.279266599973198
esol,regression,1,1,seeded_scaffold_group_balanced,seeded_scaffold_group_balanced,16,gb_lr0.1_d3,boosting,-1.8898174048510743,,,,,,,,,,,0.2902518000337295
esol,regression,1,2,seeded_scaffold_group_balanced,seeded_scaffold_group_balanced,16,gb_lr0.1_d3,boosting,-1.5038544159312253,,,,,,,,,,,0.3311569000361487
esol,regression,1,3,seeded_scaffold_group_balanced,seeded_scaffold_group_balanced,16,gb_lr0.1_d3,boosting,-1.6923170420935725,,,,,,,,,,,0.315834199951496
esol,regression,1,1,seeded_scaffold_group_balanced,seeded_scaffold_group_balanced,17,lgbm_60_l15,boosting,-1.7877533362556035,,,,,,,,,,,0.0306515999836847
esol,regression,1,2,seeded_scaffold_group_balanced,seeded_scaffold_group_balanced,17,lgbm_60_l15,boosting,-1.493535712153756,,,,,,,,,,,0.0251609999686479
esol,regression,1,3,seeded_scaffold_group_balanced,seeded_scaffold_group_balanced,17,lgbm_60_l15,boosting,-1.6352115463615002,,,,,,,,,,,0.0271166000165976
esol,regression,1,1,seeded_scaffold_group_balanced,seeded_scaffold_group_balanced,18,lgbm_90_l31,boosting,-1.7450821589233685,,,,,,,,,,,0.0368582000373862
esol,regression,1,2,seeded_scaffold_group_balanced,seeded_scaffold_group_balanced,18,lgbm_90_l31,boosting,-1.42007587890076,,,,,,,,,,,0.0376667999662458
esol,regression,1,3,seeded_scaffold_group_balanced,seeded_scaffold_group_balanced,18,lgbm_90_l31,boosting,-1.626779385486369,,,,,,,,,,,0.0354630000074394
esol,regression,1,1,seeded_scaffold_group_balanced,seeded_scaffold_group_balanced,19,lgbm_60_l63,boosting,-1.7451147766410904,,,,,,,,,,,0.0289738000137731
esol,regression,1,2,seeded_scaffold_group_balanced,seeded_scaffold_group_balanced,19,lgbm_60_l63,boosting,-1.3987149239196417,,,,,,,,,,,0.0289455999736674
esol,regression,1,3,seeded_scaffold_group_balanced,seeded_scaffold_group_balanced,19,lgbm_60_l63,boosting,-1.6018172207813914,,,,,,,,,,,0.0416156999999657
esol,regression,1,1,seeded_scaffold_group_balanced,seeded_scaffold_group_balanced,20,lgbm_100_leaf10,boosting,-1.7299938884563058,,,,,,,,,,,0.1059583999449387
esol,regression,1,2,seeded_scaffold_group_balanced,seeded_scaffold_group_balanced,20,lgbm_100_leaf10,boosting,-1.346178514583107,,,,,,,,,,,0.0748554000165313
esol,regression,1,3,seeded_scaffold_group_balanced,seeded_scaffold_group_balanced,20,lgbm_100_leaf10,boosting,-1.6470478947749057,,,,,,,,,,,0.0782133999746292
esol,regression,1,1,seeded_scaffold_group_balanced,seeded_scaffold_group_balanced,21,lgbm_100_leaf30,boosting,-1.756242506608158,,,,,,,,,,,0.0379594999831169
esol,regression,1,2,seeded_scaffold_group_balanced,seeded_scaffold_group_balanced,21,lgbm_100_leaf30,boosting,-1.4300162691391607,,,,,,,,,,,0.0318647000240162
esol,regression,1,3,seeded_scaffold_group_balanced,seeded_scaffold_group_balanced,21,lgbm_100_leaf30,boosting,-1.677420424362585,,,,,,,,,,,0.0360150999622419
esol,regression,1,1,seeded_scaffold_group_balanced,seeded_scaffold_group_balanced,22,lgbm_80_ff0.7,boosting,-1.7393788492000737,,,,,,,,,,,0.0790272000012919
esol,regression,1,2,seeded_scaffold_group_balanced,seeded_scaffold_group_balanced,22,lgbm_80_ff0.7,boosting,-1.396959040450429,,,,,,,,,,,0.0438044000184163
esol,regression,1,3,seeded_scaffold_group_balanced,seeded_scaffold_group_balanced,22,lgbm_80_ff0.7,boosting,-1.6004797770280283,,,,,,,,,,,0.0425063000293448
esol,regression,1,1,seeded_scaffold_group_balanced,seeded_scaffold_group_balanced,23,lgbm_80_bag0.8,boosting,-1.6636930310602338,,,,,,,,,,,0.0340328000020235
esol,regression,1,2,seeded_scaffold_group_balanced,seeded_scaffold_group_balanced,23,lgbm_80_bag0.8,boosting,-1.369896657891432,,,,,,,,,,,0.0311084000277332
esol,regression,1,3,seeded_scaffold_group_balanced,seeded_scaffold_group_balanced,23,lgbm_80_bag0.8,boosting,-1.583324835260482,,,,,,,,,,,0.0317566000157967
esol,regression,1,1,seeded_scaffold_group_balanced,seeded_scaffold_group_balanced,24,lgbm_120_l15,boosting,-1.7600441063014312,,,,,,,,,,,0.0425166000495664
esol,regression,1,2,seeded_scaffold_group_balanced,seeded_scaffold_group_balanced,24,lgbm_120_l15,boosting,-1.4204302439994647,,,,,,,,,,,0.041368699981831
esol,regression,1,3,seeded_scaffold_group_balanced,seeded_scaffold_group_balanced,24,lgbm_120_l15,boosting,-1.639424273841379,,,,,,,,,,,0.0381879000342451
esol,regression,1,1,seeded_scaffold_group_balanced,seeded_scaffold_group_balanced,25,xgb_60_d3,boosting,-1.955243989733339,,,,,,,,,,,0.0490845000022091
esol,regression,1,2,seeded_scaffold_group_balanced,seeded_scaffold_group_balanced,25,xgb_60_d3,boosting,-1.533935744247429,,,,,,,,,,,0.0479336999705992
esol,regression,1,3,seeded_scaffold_group_balanced,seeded_scaffold_group_balanced,25,xgb_60_d3,boosting,-1.6352933040261315,,,,,,,,,,,0.0483490999904461
esol,regression,1,1,seeded_scaffold_group_balanced,seeded_scaffold_group_balanced,26,xgb_80_d5,boosting,-1.7509204701590542,,,,,,,,,,,0.0854745000251568
esol,regression,1,2,seeded_scaffold_group_balanced,seeded_scaffold_group_balanced,26,xgb_80_d5,boosting,-1.3812620451158617,,,,,,,,,,,0.0781596999731846
esol,regression,1,3,seeded_scaffold_group_balanced,seeded_scaffold_group_balanced,26,xgb_80_d5,boosting,-1.624533766004875,,,,,,,,,,,0.0811719999765046
esol,regression,1,1,seeded_scaffold_group_balanced,seeded_scaffold_group_balanced,27,xgb_100_d3,boosting,-1.9153839204133511,,,,,,,,,,,0.0630612999666482
esol,regression,1,2,seeded_scaffold_group_balanced,seeded_scaffold_group_balanced,27,xgb_100_d3,boosting,-1.5166551613555976,,,,,,,,,,,0.0619213999598287
esol,regression,1,3,seeded_scaffold_group_balanced,seeded_scaffold_group_balanced,27,xgb_100_d3,boosting,-1.6418505922954418,,,,,,,,,,,0.0604321000282652
esol,regression,1,1,seeded_scaffold_group_balanced,seeded_scaffold_group_balanced,28,xgb_60_d6,boosting,-1.7742457763853157,,,,,,,,,,,0.0670309999841265
esol,regression,1,2,seeded_scaffold_group_balanced,seeded_scaffold_group_balanced,28,xgb_60_d6,boosting,-1.3906599735183411,,,,,,,,,,,0.0787393999635241
esol,regression,1,3,seeded_scaffold_group_balanced,seeded_scaffold_group_balanced,28,xgb_60_d6,boosting,-1.6266048881025568,,,,,,,,,,,0.0681681999703869
esol,regression,1,1,seeded_scaffold_group_balanced,seeded_scaffold_group_balanced,29,cat_60_d4,boosting,-1.9511388898292208,,,,,,,,,,,0.1083652999950572
esol,regression,1,2,seeded_scaffold_group_balanced,seeded_scaffold_group_balanced,29,cat_60_d4,boosting,-1.6626369178002556,,,,,,,,,,,0.1160838999785482
esol,regression,1,3,seeded_scaffold_group_balanced,seeded_scaffold_group_balanced,29,cat_60_d4,boosting,-1.6617672173842593,,,,,,,,,,,0.1415472999797202
esol,regression,1,1,seeded_scaffold_group_balanced,seeded_scaffold_group_balanced,30,cat_80_d6,boosting,-1.9263221788559504,,,,,,,,,,,0.2376859000069089
esol,regression,1,2,seeded_scaffold_group_balanced,seeded_scaffold_group_balanced,30,cat_80_d6,boosting,-1.5635655636760688,,,,,,,,,,,0.3006491999840364
esol,regression,1,3,seeded_scaffold_group_balanced,seeded_scaffold_group_balanced,30,cat_80_d6,boosting,-1.6683280836453058,,,,,,,,,,,0.2866261000162922
esol,regression,1,1,seeded_scaffold_group_balanced,seeded_scaffold_group_balanced,31,cat_100_d4,boosting,-1.9501179192428184,,,,,,,,,,,0.2275504999561235
esol,regression,1,2,seeded_scaffold_group_balanced,seeded_scaffold_group_balanced,31,cat_100_d4,boosting,-1.6475847239258363,,,,,,,,,,,0.2545511000207625
esol,regression,1,3,seeded_scaffold_group_balanced,seeded_scaffold_group_balanced,31,cat_100_d4,boosting,-1.7055400654336796,,,,,,,,,,,0.1894146999693475
esol,regression,1,1,seeded_scaffold_group_balanced,seeded_scaffold_group_balanced,32,cat_60_d8,boosting,-1.8885934548657293,,,,,,,,,,,0.3743582000024616
esol,regression,1,2,seeded_scaffold_group_balanced,seeded_scaffold_group_balanced,32,cat_60_d8,boosting,-1.535288815144869,,,,,,,,,,,0.4417581000016071
esol,regression,1,3,seeded_scaffold_group_balanced,seeded_scaffold_group_balanced,32,cat_60_d8,boosting,-1.6483975605238377,,,,,,,,,,,0.5026069000014104
esol,regression,2,1,seeded_scaffold_group_balanced,seeded_scaffold_group_balanced,1,ridge_a0.1,linear,-3.132371649824284,,,,,,,,,,,0.0063419999787583
esol,regression,2,2,seeded_scaffold_group_balanced,seeded_scaffold_group_balanced,1,ridge_a0.1,linear,-2.905050929650161,,,,,,,,,,,0.0057902999687939
esol,regression,2,3,seeded_scaffold_group_balanced,seeded_scaffold_group_balanced,1,ridge_a0.1,linear,-2.775524690247769,,,,,,,,,,,0.0063254999695345
esol,regression,2,1,seeded_scaffold_group_balanced,seeded_scaffold_group_balanced,2,ridge_a1,linear,-1.8175640570704104,,,,,,,,,,,0.0051003000116907
esol,regression,2,2,seeded_scaffold_group_balanced,seeded_scaffold_group_balanced,2,ridge_a1,linear,-2.0000017244464017,,,,,,,,,,,0.0051805999828502
esol,regression,2,3,seeded_scaffold_group_balanced,seeded_scaffold_group_balanced,2,ridge_a1,linear,-1.719015942853542,,,,,,,,,,,0.0055300000240094
esol,regression,2,1,seeded_scaffold_group_balanced,seeded_scaffold_group_balanced,3,ridge_a10,linear,-1.4279966343259989,,,,,,,,,,,0.0059262000140734
esol,regression,2,2,seeded_scaffold_group_balanced,seeded_scaffold_group_balanced,3,ridge_a10,linear,-1.5929622738127318,,,,,,,,,,,0.0050574999768286
esol,regression,2,3,seeded_scaffold_group_balanced,seeded_scaffold_group_balanced,3,ridge_a10,linear,-1.4563790657786977,,,,,,,,,,,0.0052101000328548
esol,regression,2,1,seeded_scaffold_group_balanced,seeded_scaffold_group_balanced,4,elasticnet_a0.001,linear,-2.092709159469226,,,,,,,,,,,0.0476411000126972
esol,regression,2,2,seeded_scaffold_group_balanced,seeded_scaffold_group_balanced,4,elasticnet_a0.001,linear,-2.1645681196746183,,,,,,,,,,,0.0381252000224776
esol,regression,2,3,seeded_scaffold_group_balanced,seeded_scaffold_group_balanced,4,elasticnet_a0.001,linear,-1.919610506116884,,,,,,,,,,,0.0417847000062465
esol,regression,2,1,seeded_scaffold_group_balanced,seeded_scaffold_group_balanced,5,rf_60_sqrt,bagging,-1.7498790501232666,,,,,,,,,,,0.0844011000008322
esol,regression,2,2,seeded_scaffold_group_balanced,seeded_scaffold_group_balanced,5,rf_60_sqrt,bagging,-1.5708440618833577,,,,,,,,,,,0.080624499998521
esol,regression,2,3,seeded_scaffold_group_balanced,seeded_scaffold_group_balanced,5,rf_60_sqrt,bagging,-1.4214492589359884,,,,,,,,,,,0.0867679999792017
esol,regression,2,1,seeded_scaffold_group_balanced,seeded_scaffold_group_balanced,6,rf_90_d12,bagging,-1.6169276849831564,,,,,,,,,,,0.1115763999987393
esol,regression,2,2,seeded_scaffold_group_balanced,seeded_scaffold_group_balanced,6,rf_90_d12,bagging,-1.640174972173712,,,,,,,,,,,0.1137503999634645
esol,regression,2,3,seeded_scaffold_group_balanced,seeded_scaffold_group_balanced,6,rf_90_d12,bagging,-1.5690463052997248,,,,,,,,,,,0.1233245999901555
esol,regression,2,1,seeded_scaffold_group_balanced,seeded_scaffold_group_balanced,7,rf_90_leaf2,bagging,-1.6699564963067617,,,,,,,,,,,0.0872762000071816
esol,regression,2,2,seeded_scaffold_group_balanced,seeded_scaffold_group_balanced,7,rf_90_leaf2,bagging,-1.6135789212475249,,,,,,,,,,,0.0916055000270716
esol,regression,2,3,seeded_scaffold_group_balanced,seeded_scaffold_group_balanced,7,rf_90_leaf2,bagging,-1.5720099241599723,,,,,,,,,,,0.0854940999997779
esol,regression,2,1,seeded_scaffold_group_balanced,seeded_scaffold_group_balanced,8,rf_120_d20_leaf2,bagging,-1.6173894571723622,,,,,,,,,,,0.111627199978102
esol,regression,2,2,seeded_scaffold_group_balanced,seeded_scaffold_group_balanced,8,rf_120_d20_leaf2,bagging,-1.6292151511487096,,,,,,,,,,,0.1204206999973394
esol,regression,2,3,seeded_scaffold_group_balanced,seeded_scaffold_group_balanced,8,rf_120_d20_leaf2,bagging,-1.588577806886607,,,,,,,,,,,0.1087421999545767
esol,regression,2,1,seeded_scaffold_group_balanced,seeded_scaffold_group_balanced,9,et_60_sqrt,bagging,-1.780987321541234,,,,,,,,,,,0.0510372999706305
esol,regression,2,2,seeded_scaffold_group_balanced,seeded_scaffold_group_balanced,9,et_60_sqrt,bagging,-1.5194883484580182,,,,,,,,,,,0.0539029999636113
esol,regression,2,3,seeded_scaffold_group_balanced,seeded_scaffold_group_balanced,9,et_60_sqrt,bagging,-1.3895840545234324,,,,,,,,,,,0.051929100009147
esol,regression,2,1,seeded_scaffold_group_balanced,seeded_scaffold_group_balanced,10,et_90_d12,bagging,-1.627193210658247,,,,,,,,,,,0.0673905999865382
esol,regression,2,2,seeded_scaffold_group_balanced,seeded_scaffold_group_balanced,10,et_90_d12,bagging,-1.6008529591165714,,,,,,,,,,,0.061157300020568
esol,regression,2,3,seeded_scaffold_group_balanced,seeded_scaffold_group_balanced,10,et_90_d12,bagging,-1.5283805788444822,,,,,,,,,,,0.0710504000307992
esol,regression,2,1,seeded_scaffold_group_balanced,seeded_scaffold_group_balanced,11,et_90_leaf2,bagging,-1.7065995985152425,,,,,,,,,,,0.061537200002931
esol,regression,2,2,seeded_scaffold_group_balanced,seeded_scaffold_group_balanced,11,et_90_leaf2,bagging,-1.5510355156476836,,,,,,,,,,,0.0656307999743148
esol,regression,2,3,seeded_scaffold_group_balanced,seeded_scaffold_group_balanced,11,et_90_leaf2,bagging,-1.5103277349285011,,,,,,,,,,,0.0664725999813526
esol,regression,2,1,seeded_scaffold_group_balanced,seeded_scaffold_group_balanced,12,et_120_d20_leaf2,bagging,-1.6982527300818042,,,,,,,,,,,0.0799610000103712
esol,regression,2,2,seeded_scaffold_group_balanced,seeded_scaffold_group_balanced,12,et_120_d20_leaf2,bagging,-1.576910665142436,,,,,,,,,,,0.0736659999820403
esol,regression,2,3,seeded_scaffold_group_balanced,seeded_scaffold_group_balanced,12,et_120_d20_leaf2,bagging,-1.5177394975202108,,,,,,,,,,,0.0793222000356763
esol,regression,2,1,seeded_scaffold_group_balanced,seeded_scaffold_group_balanced,13,histgb_lr0.05,boosting,-1.7795054213875643,,,,,,,,,,,0.8594409999786876
esol,regression,2,2,seeded_scaffold_group_balanced,seeded_scaffold_group_balanced,13,histgb_lr0.05,boosting,-1.7429393542203158,,,,,,,,,,,0.8794684000313282
esol,regression,2,3,seeded_scaffold_group_balanced,seeded_scaffold_group_balanced,13,histgb_lr0.05,boosting,-1.5313350332252111,,,,,,,,,,,0.90652310004225
esol,regression,2,1,seeded_scaffold_group_balanced,seeded_scaffold_group_balanced,14,histgb_lr0.1,boosting,-1.810070807416548,,,,,,,,,,,0.7359646999975666
esol,regression,2,2,seeded_scaffold_group_balanced,seeded_scaffold_group_balanced,14,histgb_lr0.1,boosting,-1.737943593497845,,,,,,,,,,,0.9038312999764456
esol,regression,2,3,seeded_scaffold_group_balanced,seeded_scaffold_group_balanced,14,histgb_lr0.1,boosting,-1.511932024485391,,,,,,,,,,,0.8712444999837317
esol,regression,2,1,seeded_scaffold_group_balanced,seeded_scaffold_group_balanced,15,gb_lr0.05_d2,boosting,-1.6811312070894768,,,,,,,,,,,0.2733062999905087
esol,regression,2,2,seeded_scaffold_group_balanced,seeded_scaffold_group_balanced,15,gb_lr0.05_d2,boosting,-1.7623180608696492,,,,,,,,,,,0.2455599000095389
esol,regression,2,3,seeded_scaffold_group_balanced,seeded_scaffold_group_balanced,15,gb_lr0.05_d2,boosting,-1.6992634028708722,,,,,,,,,,,0.2642098999931477
esol,regression,2,1,seeded_scaffold_group_balanced,seeded_scaffold_group_balanced,16,gb_lr0.1_d3,boosting,-1.6759528030770063,,,,,,,,,,,0.3713801000267267
esol,regression,2,2,seeded_scaffold_group_balanced,seeded_scaffold_group_balanced,16,gb_lr0.1_d3,boosting,-1.6680603433834418,,,,,,,,,,,0.3607742000021972
esol,regression,2,3,seeded_scaffold_group_balanced,seeded_scaffold_group_balanced,16,gb_lr0.1_d3,boosting,-1.509798986708384,,,,,,,,,,,0.3528393000015057
esol,regression,2,1,seeded_scaffold_group_balanced,seeded_scaffold_group_balanced,17,lgbm_60_l15,boosting,-1.8044196224961329,,,,,,,,,,,0.0462114000110887
esol,regression,2,2,seeded_scaffold_group_balanced,seeded_scaffold_group_balanced,17,lgbm_60_l15,boosting,-1.7438142756055788,,,,,,,,,,,0.0993529999977909
esol,regression,2,3,seeded_scaffold_group_balanced,seeded_scaffold_group_balanced,17,lgbm_60_l15,boosting,-1.5904367559871695,,,,,,,,,,,0.0597430000198073
esol,regression,2,1,seeded_scaffold_group_balanced,seeded_scaffold_group_balanced,18,lgbm_90_l31,boosting,-1.8402869255801912,,,,,,,,,,,0.0768175999983213
esol,regression,2,2,seeded_scaffold_group_balanced,seeded_scaffold_group_balanced,18,lgbm_90_l31,boosting,-1.744137225705324,,,,,,,,,,,0.0822131999884732
esol,regression,2,3,seeded_scaffold_group_balanced,seeded_scaffold_group_balanced,18,lgbm_90_l31,boosting,-1.5455544317171193,,,,,,,,,,,0.1213218999910168
esol,regression,2,1,seeded_scaffold_group_balanced,seeded_scaffold_group_balanced,19,lgbm_60_l63,boosting,-1.7918981898654012,,,,,,,,,,,0.1238546000095084
esol,regression,2,2,seeded_scaffold_group_balanced,seeded_scaffold_group_balanced,19,lgbm_60_l63,boosting,-1.741761353629339,,,,,,,,,,,0.0633242999901995
esol,regression,2,3,seeded_scaffold_group_balanced,seeded_scaffold_group_balanced,19,lgbm_60_l63,boosting,-1.5467979585776483,,,,,,,,,,,0.0505393000203184
esol,regression,2,1,seeded_scaffold_group_balanced,seeded_scaffold_group_balanced,20,lgbm_100_leaf10,boosting,-1.8661366147770169,,,,,,,,,,,0.1875961999758146
esol,regression,2,2,seeded_scaffold_group_balanced,seeded_scaffold_group_balanced,20,lgbm_100_leaf10,boosting,-1.6436022989649277,,,,,,,,,,,0.1305452000233344
esol,regression,2,3,seeded_scaffold_group_balanced,seeded_scaffold_group_balanced,20,lgbm_100_leaf10,boosting,-1.5877715316472356,,,,,,,,,,,0.1441036000032909
esol,regression,2,1,seeded_scaffold_group_balanced,seeded_scaffold_group_balanced,21,lgbm_100_leaf30,boosting,-1.712024139115596,,,,,,,,,,,0.0347042999928817
esol,regression,2,2,seeded_scaffold_group_balanced,seeded_scaffold_group_balanced,21,lgbm_100_leaf30,boosting,-1.6723513833949262,,,,,,,,,,,0.0313021999900229
esol,regression,2,3,seeded_scaffold_group_balanced,seeded_scaffold_group_balanced,21,lgbm_100_leaf30,boosting,-1.598853012115396,,,,,,,,,,,0.0398945999913848
esol,regression,2,1,seeded_scaffold_group_balanced,seeded_scaffold_group_balanced,22,lgbm_80_ff0.7,boosting,-1.738891259226282,,,,,,,,,,,0.035552599991206
esol,regression,2,2,seeded_scaffold_group_balanced,seeded_scaffold_group_balanced,22,lgbm_80_ff0.7,boosting,-1.7186312505277774,,,,,,,,,,,0.0352817000239156
esol,regression,2,3,seeded_scaffold_group_balanced,seeded_scaffold_group_balanced,22,lgbm_80_ff0.7,boosting,-1.5158898236033678,,,,,,,,,,,0.0357734000426717
esol,regression,2,1,seeded_scaffold_group_balanced,seeded_scaffold_group_balanced,23,lgbm_80_bag0.8,boosting,-1.7939224567266934,,,,,,,,,,,0.0300546000362373
esol,regression,2,2,seeded_scaffold_group_balanced,seeded_scaffold_group_balanced,23,lgbm_80_bag0.8,boosting,-1.657355898985526,,,,,,,,,,,0.0295048999832943
esol,regression,2,3,seeded_scaffold_group_balanced,seeded_scaffold_group_balanced,23,lgbm_80_bag0.8,boosting,-1.5295828446537845,,,,,,,,,,,0.0296842000097967
esol,regression,2,1,seeded_scaffold_group_balanced,seeded_scaffold_group_balanced,24,lgbm_120_l15,boosting,-1.7922987830774049,,,,,,,,,,,0.0454106000252068
esol,regression,2,2,seeded_scaffold_group_balanced,seeded_scaffold_group_balanced,24,lgbm_120_l15,boosting,-1.7407756056100911,,,,,,,,,,,0.0439964999677613
esol,regression,2,3,seeded_scaffold_group_balanced,seeded_scaffold_group_balanced,24,lgbm_120_l15,boosting,-1.5313821268191157,,,,,,,,,,,0.0423164999810978
esol,regression,2,1,seeded_scaffold_group_balanced,seeded_scaffold_group_balanced,25,xgb_60_d3,boosting,-1.7129196786776644,,,,,,,,,,,0.0457076999591663
esol,regression,2,2,seeded_scaffold_group_balanced,seeded_scaffold_group_balanced,25,xgb_60_d3,boosting,-1.7022254675621933,,,,,,,,,,,0.049455200030934
esol,regression,2,3,seeded_scaffold_group_balanced,seeded_scaffold_group_balanced,25,xgb_60_d3,boosting,-1.577766814800734,,,,,,,,,,,0.0540906999958679
esol,regression,2,1,seeded_scaffold_group_balanced,seeded_scaffold_group_balanced,26,xgb_80_d5,boosting,-1.8541112342455808,,,,,,,,,,,0.084601099952124
esol,regression,2,2,seeded_scaffold_group_balanced,seeded_scaffold_group_balanced,26,xgb_80_d5,boosting,-1.6607645780757074,,,,,,,,,,,0.0791078999754972
esol,regression,2,3,seeded_scaffold_group_balanced,seeded_scaffold_group_balanced,26,xgb_80_d5,boosting,-1.4982990951096065,,,,,,,,,,,0.081796399957966
esol,regression,2,1,seeded_scaffold_group_balanced,seeded_scaffold_group_balanced,27,xgb_100_d3,boosting,-1.753473675962094,,,,,,,,,,,0.0742209000163711
esol,regression,2,2,seeded_scaffold_group_balanced,seeded_scaffold_group_balanced,27,xgb_100_d3,boosting,-1.6849589542170584,,,,,,,,,,,0.067658600048162
esol,regression,2,3,seeded_scaffold_group_balanced,seeded_scaffold_group_balanced,27,xgb_100_d3,boosting,-1.560132349780534,,,,,,,,,,,0.0771210999810136
esol,regression,2,1,seeded_scaffold_group_balanced,seeded_scaffold_group_balanced,28,xgb_60_d6,boosting,-1.8336160506316697,,,,,,,,,,,0.072418900032062
esol,regression,2,2,seeded_scaffold_group_balanced,seeded_scaffold_group_balanced,28,xgb_60_d6,boosting,-1.6467992235735227,,,,,,,,,,,0.0782798999571241
esol,regression,2,3,seeded_scaffold_group_balanced,seeded_scaffold_group_balanced,28,xgb_60_d6,boosting,-1.4632208454257722,,,,,,,,,,,0.0714383000158704
esol,regression,2,1,seeded_scaffold_group_balanced,seeded_scaffold_group_balanced,29,cat_60_d4,boosting,-1.6809149346333263,,,,,,,,,,,0.1549704999779351
esol,regression,2,2,seeded_scaffold_group_balanced,seeded_scaffold_group_balanced,29,cat_60_d4,boosting,-1.7510292646968697,,,,,,,,,,,0.1104642999707721
esol,regression,2,3,seeded_scaffold_group_balanced,seeded_scaffold_group_balanced,29,cat_60_d4,boosting,-1.6327691647805758,,,,,,,,,,,0.1250564000220038
esol,regression,2,1,seeded_scaffold_group_balanced,seeded_scaffold_group_balanced,30,cat_80_d6,boosting,-1.6732747658069311,,,,,,,,,,,0.2499098000116646
esol,regression,2,2,seeded_scaffold_group_balanced,seeded_scaffold_group_balanced,30,cat_80_d6,boosting,-1.6763813278775932,,,,,,,,,,,0.2869632999645546
esol,regression,2,3,seeded_scaffold_group_balanced,seeded_scaffold_group_balanced,30,cat_80_d6,boosting,-1.606111562180284,,,,,,,,,,,0.2556821000180207
esol,regression,2,1,seeded_scaffold_group_balanced,seeded_scaffold_group_balanced,31,cat_100_d4,boosting,-1.6425961364696295,,,,,,,,,,,0.1835373999783769
esol,regression,2,2,seeded_scaffold_group_balanced,seeded_scaffold_group_balanced,31,cat_100_d4,boosting,-1.732157327290749,,,,,,,,,,,0.2553459000191651
esol,regression,2,3,seeded_scaffold_group_balanced,seeded_scaffold_group_balanced,31,cat_100_d4,boosting,-1.6388185940396318,,,,,,,,,,,0.183955899963621
esol,regression,2,1,seeded_scaffold_group_balanced,seeded_scaffold_group_balanced,32,cat_60_d8,boosting,-1.668101634908718,,,,,,,,,,,0.3516828999854624
esol,regression,2,2,seeded_scaffold_group_balanced,seeded_scaffold_group_balanced,32,cat_60_d8,boosting,-1.6719781347857057,,,,,,,,,,,0.4034342000377364
esol,regression,2,3,seeded_scaffold_group_balanced,seeded_scaffold_group_balanced,32,cat_60_d8,boosting,-1.5743284745459982,,,,,,,,,,,0.5061591000412591
esol,regression,3,1,seeded_scaffold_group_balanced,seeded_scaffold_group_balanced,1,ridge_a0.1,linear,-3.4764145007599394,,,,,,,,,,,0.0055263999965973
esol,regression,3,2,seeded_scaffold_group_balanced,seeded_scaffold_group_balanced,1,ridge_a0.1,linear,-2.43606173085675,,,,,,,,,,,0.0047003999934531
esol,regression,3,3,seeded_scaffold_group_balanced,seeded_scaffold_group_balanced,1,ridge_a0.1,linear,-3.1011979505672995,,,,,,,,,,,0.0044744000188075
esol,regression,3,1,seeded_scaffold_group_balanced,seeded_scaffold_group_balanced,2,ridge_a1,linear,-2.082543636697981,,,,,,,,,,,0.0048382999957539
esol,regression,3,2,seeded_scaffold_group_balanced,seeded_scaffold_group_balanced,2,ridge_a1,linear,-1.9404367776179272,,,,,,,,,,,0.0061896999832242
esol,regression,3,3,seeded_scaffold_group_balanced,seeded_scaffold_group_balanced,2,ridge_a1,linear,-2.359764268711967,,,,,,,,,,,0.0043833999661728
esol,regression,3,1,seeded_scaffold_group_balanced,seeded_scaffold_group_balanced,3,ridge_a10,linear,-1.6395682947111263,,,,,,,,,,,0.0051822999957948
esol,regression,3,2,seeded_scaffold_group_balanced,seeded_scaffold_group_balanced,3,ridge_a10,linear,-1.8856999303298123,,,,,,,,,,,0.0044589000171981
esol,regression,3,3,seeded_scaffold_group_balanced,seeded_scaffold_group_balanced,3,ridge_a10,linear,-1.896981583358715,,,,,,,,,,,0.00449409999419
esol,regression,3,1,seeded_scaffold_group_balanced,seeded_scaffold_group_balanced,4,elasticnet_a0.001,linear,-2.317828107906182,,,,,,,,,,,0.0278278000187128
esol,regression,3,2,seeded_scaffold_group_balanced,seeded_scaffold_group_balanced,4,elasticnet_a0.001,linear,-2.0310542852762867,,,,,,,,,,,0.0854090999928303
esol,regression,3,3,seeded_scaffold_group_balanced,seeded_scaffold_group_balanced,4,elasticnet_a0.001,linear,-2.528106978194596,,,,,,,,,,,0.0540806999779306
esol,regression,3,1,seeded_scaffold_group_balanced,seeded_scaffold_group_balanced,5,rf_60_sqrt,bagging,-1.6556289329731004,,,,,,,,,,,0.072521099995356
esol,regression,3,2,seeded_scaffold_group_balanced,seeded_scaffold_group_balanced,5,rf_60_sqrt,bagging,-1.9096355755572636,,,,,,,,,,,0.0655301999649964
esol,regression,3,3,seeded_scaffold_group_balanced,seeded_scaffold_group_balanced,5,rf_60_sqrt,bagging,-2.0320750477349634,,,,,,,,,,,0.068199299974367
esol,regression,3,1,seeded_scaffold_group_balanced,seeded_scaffold_group_balanced,6,rf_90_d12,bagging,-1.730435159071768,,,,,,,,,,,0.0888213999569416
esol,regression,3,2,seeded_scaffold_group_balanced,seeded_scaffold_group_balanced,6,rf_90_d12,bagging,-2.1690613766159403,,,,,,,,,,,0.0936606000177562
esol,regression,3,3,seeded_scaffold_group_balanced,seeded_scaffold_group_balanced,6,rf_90_d12,bagging,-1.825805127466017,,,,,,,,,,,0.1011564999935217
esol,regression,3,1,seeded_scaffold_group_balanced,seeded_scaffold_group_balanced,7,rf_90_leaf2,bagging,-1.7245335183483976,,,,,,,,,,,0.0983863000292331
esol,regression,3,2,seeded_scaffold_group_balanced,seeded_scaffold_group_balanced,7,rf_90_leaf2,bagging,-2.096909899802077,,,,,,,,,,,0.096092999971006
esol,regression,3,3,seeded_scaffold_group_balanced,seeded_scaffold_group_balanced,7,rf_90_leaf2,bagging,-1.8080093113342564,,,,,,,,,,,0.0915254999999888
esol,regression,3,1,seeded_scaffold_group_balanced,seeded_scaffold_group_balanced,8,rf_120_d20_leaf2,bagging,-1.7240461587248663,,,,,,,,,,,0.1222488000057637
esol,regression,3,2,seeded_scaffold_group_balanced,seeded_scaffold_group_balanced,8,rf_120_d20_leaf2,bagging,-2.118195462509147,,,,,,,,,,,0.1389363000052981
esol,regression,3,3,seeded_scaffold_group_balanced,seeded_scaffold_group_balanced,8,rf_120_d20_leaf2,bagging,-1.8644194318162344,,,,,,,,,,,0.1507044999743811
esol,regression,3,1,seeded_scaffold_group_balanced,seeded_scaffold_group_balanced,9,et_60_sqrt,bagging,-1.61910346289882,,,,,,,,,,,0.0693023999920114
esol,regression,3,2,seeded_scaffold_group_balanced,seeded_scaffold_group_balanced,9,et_60_sqrt,bagging,-1.8821051573488423,,,,,,,,,,,0.0608320999890565
esol,regression,3,3,seeded_scaffold_group_balanced,seeded_scaffold_group_balanced,9,et_60_sqrt,bagging,-2.110720819928888,,,,,,,,,,,0.0680285999551415
esol,regression,3,1,seeded_scaffold_group_balanced,seeded_scaffold_group_balanced,10,et_90_d12,bagging,-1.715687729279878,,,,,,,,,,,0.0760313000064343
esol,regression,3,2,seeded_scaffold_group_balanced,seeded_scaffold_group_balanced,10,et_90_d12,bagging,-2.163225647923821,,,,,,,,,,,0.0758409000118263
esol,regression,3,3,seeded_scaffold_group_balanced,seeded_scaffold_group_balanced,10,et_90_d12,bagging,-1.8789968789404528,,,,,,,,,,,0.0709900999790988
esol,regression,3,1,seeded_scaffold_group_balanced,seeded_scaffold_group_balanced,11,et_90_leaf2,bagging,-1.6526560617030674,,,,,,,,,,,0.0801133000059053
esol,regression,3,2,seeded_scaffold_group_balanced,seeded_scaffold_group_balanced,11,et_90_leaf2,bagging,-2.033920509599525,,,,,,,,,,,0.0818449999787844
esol,regression,3,3,seeded_scaffold_group_balanced,seeded_scaffold_group_balanced,11,et_90_leaf2,bagging,-1.9142490413194495,,,,,,,,,,,0.0847155000083148
esol,regression,3,1,seeded_scaffold_group_balanced,seeded_scaffold_group_balanced,12,et_120_d20_leaf2,bagging,-1.696512567945863,,,,,,,,,,,0.109401500027161
esol,regression,3,2,seeded_scaffold_group_balanced,seeded_scaffold_group_balanced,12,et_120_d20_leaf2,bagging,-2.0734764850211693,,,,,,,,,,,0.0941792000085115
esol,regression,3,3,seeded_scaffold_group_balanced,seeded_scaffold_group_balanced,12,et_120_d20_leaf2,bagging,-1.951720832709791,,,,,,,,,,,0.0933032000320963
esol,regression,3,1,seeded_scaffold_group_balanced,seeded_scaffold_group_balanced,13,histgb_lr0.05,boosting,-1.764336309864185,,,,,,,,,,,1.113043999997899
esol,regression,3,2,seeded_scaffold_group_balanced,seeded_scaffold_group_balanced,13,histgb_lr0.05,boosting,-2.026930539713962,,,,,,,,,,,1.072790200007148
esol,regression,3,3,seeded_scaffold_group_balanced,seeded_scaffold_group_balanced,13,histgb_lr0.05,boosting,-2.280774142775299,,,,,,,,,,,1.0893760000471957
esol,regression,3,1,seeded_scaffold_group_balanced,seeded_scaffold_group_balanced,14,histgb_lr0.1,boosting,-1.6998829184026554,,,,,,,,,,,0.8733640999998897
esol,regression,3,2,seeded_scaffold_group_balanced,seeded_scaffold_group_balanced,14,histgb_lr0.1,boosting,-2.001245462148466,,,,,,,,,,,0.8585578000056557
esol,regression,3,3,seeded_scaffold_group_balanced,seeded_scaffold_group_balanced,14,histgb_lr0.1,boosting,-2.2672952729536666,,,,,,,,,,,0.996986200043466
esol,regression,3,1,seeded_scaffold_group_balanced,seeded_scaffold_group_balanced,15,gb_lr0.05_d2,boosting,-1.8956866279126297,,,,,,,,,,,0.2670277999714017
esol,regression,3,2,seeded_scaffold_group_balanced,seeded_scaffold_group_balanced,15,gb_lr0.05_d2,boosting,-2.2333723946241477,,,,,,,,,,,0.2803309999871999
esol,regression,3,3,seeded_scaffold_group_balanced,seeded_scaffold_group_balanced,15,gb_lr0.05_d2,boosting,-1.9820943820585823,,,,,,,,,,,0.2627566999872215
esol,regression,3,1,seeded_scaffold_group_balanced,seeded_scaffold_group_balanced,16,gb_lr0.1_d3,boosting,-1.7342072035789209,,,,,,,,,,,0.3658251999877393
esol,regression,3,2,seeded_scaffold_group_balanced,seeded_scaffold_group_balanced,16,gb_lr0.1_d3,boosting,-2.090173767294196,,,,,,,,,,,0.3931153999874368
esol,regression,3,3,seeded_scaffold_group_balanced,seeded_scaffold_group_balanced,16,gb_lr0.1_d3,boosting,-2.074078163159632,,,,,,,,,,,0.400603299960494
esol,regression,3,1,seeded_scaffold_group_balanced,seeded_scaffold_group_balanced,17,lgbm_60_l15,boosting,-1.832233971265135,,,,,,,,,,,0.0382572000380605
esol,regression,3,2,seeded_scaffold_group_balanced,seeded_scaffold_group_balanced,17,lgbm_60_l15,boosting,-2.098519885447268,,,,,,,,,,,0.0397177000413648
esol,regression,3,3,seeded_scaffold_group_balanced,seeded_scaffold_group_balanced,17,lgbm_60_l15,boosting,-2.246576189236244,,,,,,,,,,,0.0377239999943412
esol,regression,3,1,seeded_scaffold_group_balanced,seeded_scaffold_group_balanced,18,lgbm_90_l31,boosting,-1.7522584708181126,,,,,,,,,,,0.0567520000040531
esol,regression,3,2,seeded_scaffold_group_balanced,seeded_scaffold_group_balanced,18,lgbm_90_l31,boosting,-2.037968849360261,,,,,,,,,,,0.0887296000146307
esol,regression,3,3,seeded_scaffold_group_balanced,seeded_scaffold_group_balanced,18,lgbm_90_l31,boosting,-2.261985088334846,,,,,,,,,,,0.0516983000561594
esol,regression,3,1,seeded_scaffold_group_balanced,seeded_scaffold_group_balanced,19,lgbm_60_l63,boosting,-1.7376230380296387,,,,,,,,,,,0.0377723000128753
esol,regression,3,2,seeded_scaffold_group_balanced,seeded_scaffold_group_balanced,19,lgbm_60_l63,boosting,-2.0374403629718967,,,,,,,,,,,0.0510876000043936
esol,regression,3,3,seeded_scaffold_group_balanced,seeded_scaffold_group_balanced,19,lgbm_60_l63,boosting,-2.323284533627381,,,,,,,,,,,0.0457040999899618
esol,regression,3,1,seeded_scaffold_group_balanced,seeded_scaffold_group_balanced,20,lgbm_100_leaf10,boosting,-1.565286532745469,,,,,,,,,,,0.1784035000018775
esol,regression,3,2,seeded_scaffold_group_balanced,seeded_scaffold_group_balanced,20,lgbm_100_leaf10,boosting,-1.975283917191922,,,,,,,,,,,0.2655273000127636
esol,regression,3,3,seeded_scaffold_group_balanced,seeded_scaffold_group_balanced,20,lgbm_100_leaf10,boosting,-2.171494991488834,,,,,,,,,,,0.1730143000022508
esol,regression,3,1,seeded_scaffold_group_balanced,seeded_scaffold_group_balanced,21,lgbm_100_leaf30,boosting,-1.8045547698523297,,,,,,,,,,,0.0547476999927312
esol,regression,3,2,seeded_scaffold_group_balanced,seeded_scaffold_group_balanced,21,lgbm_100_leaf30,boosting,-2.1319908980774875,,,,,,,,,,,0.0563912999932654
esol,regression,3,3,seeded_scaffold_group_balanced,seeded_scaffold_group_balanced,21,lgbm_100_leaf30,boosting,-2.367903073526969,,,,,,,,,,,0.0303635000018402
esol,regression,3,1,seeded_scaffold_group_balanced,seeded_scaffold_group_balanced,22,lgbm_80_ff0.7,boosting,-1.756345996954427,,,,,,,,,,,0.032974399975501
esol,regression,3,2,seeded_scaffold_group_balanced,seeded_scaffold_group_balanced,22,lgbm_80_ff0.7,boosting,-2.011717915306862,,,,,,,,,,,0.0350975000183098
esol,regression,3,3,seeded_scaffold_group_balanced,seeded_scaffold_group_balanced,22,lgbm_80_ff0.7,boosting,-2.250339569665992,,,,,,,,,,,0.0438819999690167
esol,regression,3,1,seeded_scaffold_group_balanced,seeded_scaffold_group_balanced,23,lgbm_80_bag0.8,boosting,-1.71950971055157,,,,,,,,,,,0.0349255999899469
esol,regression,3,2,seeded_scaffold_group_balanced,seeded_scaffold_group_balanced,23,lgbm_80_bag0.8,boosting,-2.060144582769262,,,,,,,,,,,0.0307960000354796
esol,regression,3,3,seeded_scaffold_group_balanced,seeded_scaffold_group_balanced,23,lgbm_80_bag0.8,boosting,-2.3657755466327446,,,,,,,,,,,0.0309333999757654
esol,regression,3,1,seeded_scaffold_group_balanced,seeded_scaffold_group_balanced,24,lgbm_120_l15,boosting,-1.7641697963467209,,,,,,,,,,,0.0427694999962113
esol,regression,3,2,seeded_scaffold_group_balanced,seeded_scaffold_group_balanced,24,lgbm_120_l15,boosting,-2.046335719493488,,,,,,,,,,,0.0481454000109806
esol,regression,3,3,seeded_scaffold_group_balanced,seeded_scaffold_group_balanced,24,lgbm_120_l15,boosting,-2.2487034161089205,,,,,,,,,,,0.043453500024043
esol,regression,3,1,seeded_scaffold_group_balanced,seeded_scaffold_group_balanced,25,xgb_60_d3,boosting,-1.7604545194914485,,,,,,,,,,,0.0614585000439547
esol,regression,3,2,seeded_scaffold_group_balanced,seeded_scaffold_group_balanced,25,xgb_60_d3,boosting,-2.1229730036264263,,,,,,,,,,,0.0529006999568082
esol,regression,3,3,seeded_scaffold_group_balanced,seeded_scaffold_group_balanced,25,xgb_60_d3,boosting,-2.09780035871438,,,,,,,,,,,0.0460510000120848
esol,regression,3,1,seeded_scaffold_group_balanced,seeded_scaffold_group_balanced,26,xgb_80_d5,boosting,-1.6752134851593123,,,,,,,,,,,0.0738531000097282
esol,regression,3,2,seeded_scaffold_group_balanced,seeded_scaffold_group_balanced,26,xgb_80_d5,boosting,-2.036415580752616,,,,,,,,,,,0.068428800033871
esol,regression,3,3,seeded_scaffold_group_balanced,seeded_scaffold_group_balanced,26,xgb_80_d5,boosting,-2.2720646423836985,,,,,,,,,,,0.0690545999677851
esol,regression,3,1,seeded_scaffold_group_balanced,seeded_scaffold_group_balanced,27,xgb_100_d3,boosting,-1.743330252300868,,,,,,,,,,,0.0648057999787852
esol,regression,3,2,seeded_scaffold_group_balanced,seeded_scaffold_group_balanced,27,xgb_100_d3,boosting,-2.115680730725669,,,,,,,,,,,0.0694661999586969
esol,regression,3,3,seeded_scaffold_group_balanced,seeded_scaffold_group_balanced,27,xgb_100_d3,boosting,-2.1172377788020618,,,,,,,,,,,0.0684233999927528
esol,regression,3,1,seeded_scaffold_group_balanced,seeded_scaffold_group_balanced,28,xgb_60_d6,boosting,-1.674432218057733,,,,,,,,,,,0.0674794999649748
esol,regression,3,2,seeded_scaffold_group_balanced,seeded_scaffold_group_balanced,28,xgb_60_d6,boosting,-1.9706288461689203,,,,,,,,,,,0.0721879999618977
esol,regression,3,3,seeded_scaffold_group_balanced,seeded_scaffold_group_balanced,28,xgb_60_d6,boosting,-2.3279995174521204,,,,,,,,,,,0.0632917999755591
esol,regression,3,1,seeded_scaffold_group_balanced,seeded_scaffold_group_balanced,29,cat_60_d4,boosting,-1.8062863697650635,,,,,,,,,,,0.110450199979823
esol,regression,3,2,seeded_scaffold_group_balanced,seeded_scaffold_group_balanced,29,cat_60_d4,boosting,-2.241798122466302,,,,,,,,,,,0.099390699993819
esol,regression,3,3,seeded_scaffold_group_balanced,seeded_scaffold_group_balanced,29,cat_60_d4,boosting,-1.880746420188314,,,,,,,,,,,0.121073400019668
esol,regression,3,1,seeded_scaffold_group_balanced,seeded_scaffold_group_balanced,30,cat_80_d6,boosting,-1.7855569874513768,,,,,,,,,,,0.2802755000302568
esol,regression,3,2,seeded_scaffold_group_balanced,seeded_scaffold_group_balanced,30,cat_80_d6,boosting,-2.162783440169247,,,,,,,,,,,0.2170681999996304
esol,regression,3,3,seeded_scaffold_group_balanced,seeded_scaffold_group_balanced,30,cat_80_d6,boosting,-1.966973736396899,,,,,,,,,,,0.2602570000453852
esol,regression,3,1,seeded_scaffold_group_balanced,seeded_scaffold_group_balanced,31,cat_100_d4,boosting,-1.7959123843697362,,,,,,,,,,,0.1800752999843098
esol,regression,3,2,seeded_scaffold_group_balanced,seeded_scaffold_group_balanced,31,cat_100_d4,boosting,-2.218706285206564,,,,,,,,,,,0.1699181000003591
esol,regression,3,3,seeded_scaffold_group_balanced,seeded_scaffold_group_balanced,31,cat_100_d4,boosting,-1.8716753266648207,,,,,,,,,,,0.2194594999891705
esol,regression,3,1,seeded_scaffold_group_balanced,seeded_scaffold_group_balanced,32,cat_60_d8,boosting,-1.7755712173874487,,,,,,,,,,,0.7463437999831513
esol,regression,3,2,seeded_scaffold_group_balanced,seeded_scaffold_group_balanced,32,cat_60_d8,boosting,-2.1369609502027527,,,,,,,,,,,0.4358883999520913
esol,regression,3,3,seeded_scaffold_group_balanced,seeded_scaffold_group_balanced,32,cat_60_d8,boosting,-1.9881769683707928,,,,,,,,,,,0.5689928000210784
freesolv,regression,1,1,seeded_scaffold_group_balanced,seeded_scaffold_group_balanced,1,ridge_a0.1,linear,-3.5551843100011564,,,,,,,,,,,0.0023718000156804
freesolv,regression,1,2,seeded_scaffold_group_balanced,seeded_scaffold_group_balanced,1,ridge_a0.1,linear,-3.6397134027664464,,,,,,,,,,,0.0018195000011473
freesolv,regression,1,3,seeded_scaffold_group_balanced,seeded_scaffold_group_balanced,1,ridge_a0.1,linear,-3.4608804803066597,,,,,,,,,,,0.0022102000075392
freesolv,regression,1,1,seeded_scaffold_group_balanced,seeded_scaffold_group_balanced,2,ridge_a1,linear,-3.852821318472913,,,,,,,,,,,0.0019456000300124
freesolv,regression,1,2,seeded_scaffold_group_balanced,seeded_scaffold_group_balanced,2,ridge_a1,linear,-2.650146462591681,,,,,,,,,,,0.0022952999570406
freesolv,regression,1,3,seeded_scaffold_group_balanced,seeded_scaffold_group_balanced,2,ridge_a1,linear,-2.4445201738429096,,,,,,,,,,,0.0023084999993443
freesolv,regression,1,1,seeded_scaffold_group_balanced,seeded_scaffold_group_balanced,3,ridge_a10,linear,-4.100154302355413,,,,,,,,,,,0.0018106000497937
freesolv,regression,1,2,seeded_scaffold_group_balanced,seeded_scaffold_group_balanced,3,ridge_a10,linear,-2.2335535613171693,,,,,,,,,,,0.0015922999591566
freesolv,regression,1,3,seeded_scaffold_group_balanced,seeded_scaffold_group_balanced,3,ridge_a10,linear,-2.15251482719264,,,,,,,,,,,0.0016907000099308
freesolv,regression,1,1,seeded_scaffold_group_balanced,seeded_scaffold_group_balanced,4,elasticnet_a0.001,linear,-3.712144019502187,,,,,,,,,,,0.0206730000209063
freesolv,regression,1,2,seeded_scaffold_group_balanced,seeded_scaffold_group_balanced,4,elasticnet_a0.001,linear,-3.2100219999717727,,,,,,,,,,,0.0332978999940678
freesolv,regression,1,3,seeded_scaffold_group_balanced,seeded_scaffold_group_balanced,4,elasticnet_a0.001,linear,-2.8652085815479738,,,,,,,,,,,0.0155897000222466
freesolv,regression,1,1,seeded_scaffold_group_balanced,seeded_scaffold_group_balanced,5,rf_60_sqrt,bagging,-4.30815887511239,,,,,,,,,,,0.0562221999862231
freesolv,regression,1,2,seeded_scaffold_group_balanced,seeded_scaffold_group_balanced,5,rf_60_sqrt,bagging,-2.598035836179778,,,,,,,,,,,0.0781598000321537
freesolv,regression,1,3,seeded_scaffold_group_balanced,seeded_scaffold_group_balanced,5,rf_60_sqrt,bagging,-2.1499155134731893,,,,,,,,,,,0.0684524999815039
freesolv,regression,1,1,seeded_scaffold_group_balanced,seeded_scaffold_group_balanced,6,rf_90_d12,bagging,-4.39386939811987,,,,,,,,,,,0.1164611999993212
freesolv,regression,1,2,seeded_scaffold_group_balanced,seeded_scaffold_group_balanced,6,rf_90_d12,bagging,-2.601198838709412,,,,,,,,,,,0.1052513999748043
freesolv,regression,1,3,seeded_scaffold_group_balanced,seeded_scaffold_group_balanced,6,rf_90_d12,bagging,-2.267798858195778,,,,,,,,,,,0.1080664999899454
freesolv,regression,1,1,seeded_scaffold_group_balanced,seeded_scaffold_group_balanced,7,rf_90_leaf2,bagging,-4.343742133651847,,,,,,,,,,,0.0919777000090107
freesolv,regression,1,2,seeded_scaffold_group_balanced,seeded_scaffold_group_balanced,7,rf_90_leaf2,bagging,-2.693828257156168,,,,,,,,,,,0.0869148999918252
freesolv,regression,1,3,seeded_scaffold_group_balanced,seeded_scaffold_group_balanced,7,rf_90_leaf2,bagging,-2.230827249745615,,,,,,,,,,,0.0913713999907486
freesolv,regression,1,1,seeded_scaffold_group_balanced,seeded_scaffold_group_balanced,8,rf_120_d20_leaf2,bagging,-4.328832982416314,,,,,,,,,,,0.1358751999796368
freesolv,regression,1,2,seeded_scaffold_group_balanced,seeded_scaffold_group_balanced,8,rf_120_d20_leaf2,bagging,-2.730694048969548,,,,,,,,,,,0.1375363999977708
freesolv,regression,1,3,seeded_scaffold_group_balanced,seeded_scaffold_group_balanced,8,rf_120_d20_leaf2,bagging,-2.213008381561446,,,,,,,,,,,0.1292000999674201
freesolv,regression,1,1,seeded_scaffold_group_balanced,seeded_scaffold_group_balanced,9,et_60_sqrt,bagging,-4.212362356921166,,,,,,,,,,,0.0574624000000767
freesolv,regression,1,2,seeded_scaffold_group_balanced,seeded_scaffold_group_balanced,9,et_60_sqrt,bagging,-2.559976796486876,,,,,,,,,,,0.0511259000049904
freesolv,regression,1,3,seeded_scaffold_group_balanced,seeded_scaffold_group_balanced,9,et_60_sqrt,bagging,-2.193635482614591,,,,,,,,,,,0.0540333000244572
freesolv,regression,1,1,seeded_scaffold_group_balanced,seeded_scaffold_group_balanced,10,et_90_d12,bagging,-4.344430058559582,,,,,,,,,,,0.0570336999953724
freesolv,regression,1,2,seeded_scaffold_group_balanced,seeded_scaffold_group_balanced,10,et_90_d12,bagging,-2.6015503228975483,,,,,,,,,,,0.0761156000080518
freesolv,regression,1,3,seeded_scaffold_group_balanced,seeded_scaffold_group_balanced,10,et_90_d12,bagging,-2.2688800731412444,,,,,,,,,,,0.1306192000047303
freesolv,regression,1,1,seeded_scaffold_group_balanced,seeded_scaffold_group_balanced,11,et_90_leaf2,bagging,-4.22187853013676,,,,,,,,,,,0.0989505000179633
freesolv,regression,1,2,seeded_scaffold_group_balanced,seeded_scaffold_group_balanced,11,et_90_leaf2,bagging,-2.6459935473437453,,,,,,,,,,,0.0762527000042609
freesolv,regression,1,3,seeded_scaffold_group_balanced,seeded_scaffold_group_balanced,11,et_90_leaf2,bagging,-2.191516701164389,,,,,,,,,,,0.0903652000124566
freesolv,regression,1,1,seeded_scaffold_group_balanced,seeded_scaffold_group_balanced,12,et_120_d20_leaf2,bagging,-4.247757350954624,,,,,,,,,,,0.09682380000595
freesolv,regression,1,2,seeded_scaffold_group_balanced,seeded_scaffold_group_balanced,12,et_120_d20_leaf2,bagging,-2.711542615698247,,,,,,,,,,,0.1104949000291526
freesolv,regression,1,3,seeded_scaffold_group_balanced,seeded_scaffold_group_balanced,12,et_120_d20_leaf2,bagging,-2.18556753577948,,,,,,,,,,,0.1103899999870918
freesolv,regression,1,1,seeded_scaffold_group_balanced,seeded_scaffold_group_balanced,13,histgb_lr0.05,boosting,-4.27041786749877,,,,,,,,,,,0.9005448999814689
freesolv,regression,1,2,seeded_scaffold_group_balanced,seeded_scaffold_group_balanced,13,histgb_lr0.05,boosting,-2.155064845500189,,,,,,,,,,,0.892888700007461
freesolv,regression,1,3,seeded_scaffold_group_balanced,seeded_scaffold_group_balanced,13,histgb_lr0.05,boosting,-2.449304514730212,,,,,,,,,,,0.835112200002186
freesolv,regression,1,1,seeded_scaffold_group_balanced,seeded_scaffold_group_balanced,14,histgb_lr0.1,boosting,-4.255745137416538,,,,,,,,,,,0.7566282000043429
freesolv,regression,1,2,seeded_scaffold_group_balanced,seeded_scaffold_group_balanced,14,histgb_lr0.1,boosting,-2.130991178801329,,,,,,,,,,,0.6904009999707341
freesolv,regression,1,3,seeded_scaffold_group_balanced,seeded_scaffold_group_balanced,14,histgb_lr0.1,boosting,-2.4807281314347174,,,,,,,,,,,0.7163589999545366
freesolv,regression,1,1,seeded_scaffold_group_balanced,seeded_scaffold_group_balanced,15,gb_lr0.05_d2,boosting,-4.196806951514631,,,,,,,,,,,0.1664988999837078
freesolv,regression,1,2,seeded_scaffold_group_balanced,seeded_scaffold_group_balanced,15,gb_lr0.05_d2,boosting,-2.647176107594904,,,,,,,,,,,0.1599006000324152
freesolv,regression,1,3,seeded_scaffold_group_balanced,seeded_scaffold_group_balanced,15,gb_lr0.05_d2,boosting,-2.50116685548458,,,,,,,,,,,0.155715600005351
freesolv,regression,1,1,seeded_scaffold_group_balanced,seeded_scaffold_group_balanced,16,gb_lr0.1_d3,boosting,-3.9987474848234967,,,,,,,,,,,0.1910980999819003
freesolv,regression,1,2,seeded_scaffold_group_balanced,seeded_scaffold_group_balanced,16,gb_lr0.1_d3,boosting,-2.621336626068151,,,,,,,,,,,0.2035660999827087
freesolv,regression,1,3,seeded_scaffold_group_balanced,seeded_scaffold_group_balanced,16,gb_lr0.1_d3,boosting,-2.372310924142869,,,,,,,,,,,0.2157115999725647
freesolv,regression,1,1,seeded_scaffold_group_balanced,seeded_scaffold_group_balanced,17,lgbm_60_l15,boosting,-4.265502943674561,,,,,,,,,,,0.0350639999960549
freesolv,regression,1,2,seeded_scaffold_group_balanced,seeded_scaffold_group_balanced,17,lgbm_60_l15,boosting,-2.321129422222837,,,,,,,,,,,0.0301757999695837
freesolv,regression,1,3,seeded_scaffold_group_balanced,seeded_scaffold_group_balanced,17,lgbm_60_l15,boosting,-2.448721793947476,,,,,,,,,,,0.0370595999993383
freesolv,regression,1,1,seeded_scaffold_group_balanced,seeded_scaffold_group_balanced,18,lgbm_90_l31,boosting,-4.267926539546759,,,,,,,,,,,0.0577441999921575
freesolv,regression,1,2,seeded_scaffold_group_balanced,seeded_scaffold_group_balanced,18,lgbm_90_l31,boosting,-2.20560410772624,,,,,,,,,,,0.0451299000415019
freesolv,regression,1,3,seeded_scaffold_group_balanced,seeded_scaffold_group_balanced,18,lgbm_90_l31,boosting,-2.4607951299859057,,,,,,,,,,,0.0790534000261686
freesolv,regression,1,1,seeded_scaffold_group_balanced,seeded_scaffold_group_balanced,19,lgbm_60_l63,boosting,-4.268716650944579,,,,,,,,,,,0.0221857000142335
freesolv,regression,1,2,seeded_scaffold_group_balanced,seeded_scaffold_group_balanced,19,lgbm_60_l63,boosting,-2.229031941214763,,,,,,,,,,,0.0297576999873854
freesolv,regression,1,3,seeded_scaffold_group_balanced,seeded_scaffold_group_balanced,19,lgbm_60_l63,boosting,-2.455876452807064,,,,,,,,,,,0.0281653999700211
freesolv,regression,1,1,seeded_scaffold_group_balanced,seeded_scaffold_group_balanced,20,lgbm_100_leaf10,boosting,-3.9861491425624576,,,,,,,,,,,0.1119472000282257
freesolv,regression,1,2,seeded_scaffold_group_balanced,seeded_scaffold_group_balanced,20,lgbm_100_leaf10,boosting,-2.8304491186499208,,,,,,,,,,,0.0854020999977365
freesolv,regression,1,3,seeded_scaffold_group_balanced,seeded_scaffold_group_balanced,20,lgbm_100_leaf10,boosting,-2.440724476228353,,,,,,,,,,,0.0868899999768473
freesolv,regression,1,1,seeded_scaffold_group_balanced,seeded_scaffold_group_balanced,21,lgbm_100_leaf30,boosting,-4.14332312477068,,,,,,,,,,,0.0273085000226274
freesolv,regression,1,2,seeded_scaffold_group_balanced,seeded_scaffold_group_balanced,21,lgbm_100_leaf30,boosting,-2.9931870996949104,,,,,,,,,,,0.0370357999927364
freesolv,regression,1,3,seeded_scaffold_group_balanced,seeded_scaffold_group_balanced,21,lgbm_100_leaf30,boosting,-2.59160788974008,,,,,,,,,,,0.041825299966149
freesolv,regression,1,1,seeded_scaffold_group_balanced,seeded_scaffold_group_balanced,22,lgbm_80_ff0.7,boosting,-4.260648754944746,,,,,,,,,,,0.045541499974206
freesolv,regression,1,2,seeded_scaffold_group_balanced,seeded_scaffold_group_balanced,22,lgbm_80_ff0.7,boosting,-2.2111973790820536,,,,,,,,,,,0.0286227000178769
freesolv,regression,1,3,seeded_scaffold_group_balanced,seeded_scaffold_group_balanced,22,lgbm_80_ff0.7,boosting,-2.458449443802796,,,,,,,,,,,0.0310187000432051
freesolv,regression,1,1,seeded_scaffold_group_balanced,seeded_scaffold_group_balanced,23,lgbm_80_bag0.8,boosting,-4.241767100442451,,,,,,,,,,,0.0443330000271089
freesolv,regression,1,2,seeded_scaffold_group_balanced,seeded_scaffold_group_balanced,23,lgbm_80_bag0.8,boosting,-2.619029229165687,,,,,,,,,,,0.043346400023438
freesolv,regression,1,3,seeded_scaffold_group_balanced,seeded_scaffold_group_balanced,23,lgbm_80_bag0.8,boosting,-2.421098695759914,,,,,,,,,,,0.0694184000021778
freesolv,regression,1,1,seeded_scaffold_group_balanced,seeded_scaffold_group_balanced,24,lgbm_120_l15,boosting,-4.26928365580438,,,,,,,,,,,0.066132900014054
freesolv,regression,1,2,seeded_scaffold_group_balanced,seeded_scaffold_group_balanced,24,lgbm_120_l15,boosting,-2.174642615800628,,,,,,,,,,,0.0580934999743476
freesolv,regression,1,3,seeded_scaffold_group_balanced,seeded_scaffold_group_balanced,24,lgbm_120_l15,boosting,-2.451545028050878,,,,,,,,,,,0.0602996000088751
freesolv,regression,1,1,seeded_scaffold_group_balanced,seeded_scaffold_group_balanced,25,xgb_60_d3,boosting,-4.093602243804001,,,,,,,,,,,0.0718269000062719
freesolv,regression,1,2,seeded_scaffold_group_balanced,seeded_scaffold_group_balanced,25,xgb_60_d3,boosting,-2.591189616163176,,,,,,,,,,,0.0644836999708786
freesolv,regression,1,3,seeded_scaffold_group_balanced,seeded_scaffold_group_balanced,25,xgb_60_d3,boosting,-2.293774773435368,,,,,,,,,,,0.0586884999647736
freesolv,regression,1,1,seeded_scaffold_group_balanced,seeded_scaffold_group_balanced,26,xgb_80_d5,boosting,-3.995171391361268,,,,,,,,,,,0.0834815999842248
freesolv,regression,1,2,seeded_scaffold_group_balanced,seeded_scaffold_group_balanced,26,xgb_80_d5,boosting,-2.6393022164821924,,,,,,,,,,,0.0885528000071644
freesolv,regression,1,3,seeded_scaffold_group_balanced,seeded_scaffold_group_balanced,26,xgb_80_d5,boosting,-2.2545361093624408,,,,,,,,,,,0.0955639000167138
freesolv,regression,1,1,seeded_scaffold_group_balanced,seeded_scaffold_group_balanced,27,xgb_100_d3,boosting,-4.120725048991182,,,,,,,,,,,0.0710715999593958
freesolv,regression,1,2,seeded_scaffold_group_balanced,seeded_scaffold_group_balanced,27,xgb_100_d3,boosting,-2.657418851235197,,,,,,,,,,,0.0676753000007011
freesolv,regression,1,3,seeded_scaffold_group_balanced,seeded_scaffold_group_balanced,27,xgb_100_d3,boosting,-2.312421110388501,,,,,,,,,,,0.0707385000423528
freesolv,regression,1,1,seeded_scaffold_group_balanced,seeded_scaffold_group_balanced,28,xgb_60_d6,boosting,-3.975573515947384,,,,,,,,,,,0.074423799989745
freesolv,regression,1,2,seeded_scaffold_group_balanced,seeded_scaffold_group_balanced,28,xgb_60_d6,boosting,-2.5210515705927525,,,,,,,,,,,0.0645527000306174
freesolv,regression,1,3,seeded_scaffold_group_balanced,seeded_scaffold_group_balanced,28,xgb_60_d6,boosting,-2.1794728903333533,,,,,,,,,,,0.0695565000060014
freesolv,regression,1,1,seeded_scaffold_group_balanced,seeded_scaffold_group_balanced,29,cat_60_d4,boosting,-4.132459210170281,,,,,,,,,,,0.1382666999706998
freesolv,regression,1,2,seeded_scaffold_group_balanced,seeded_scaffold_group_balanced,29,cat_60_d4,boosting,-2.6772751374174093,,,,,,,,,,,0.1374761000042781
freesolv,regression,1,3,seeded_scaffold_group_balanced,seeded_scaffold_group_balanced,29,cat_60_d4,boosting,-2.397996627456267,,,,,,,,,,,0.0970709000248462
freesolv,regression,1,1,seeded_scaffold_group_balanced,seeded_scaffold_group_balanced,30,cat_80_d6,boosting,-4.154526902236101,,,,,,,,,,,0.2056855999981053
freesolv,regression,1,2,seeded_scaffold_group_balanced,seeded_scaffold_group_balanced,30,cat_80_d6,boosting,-2.55796245346681,,,,,,,,,,,0.2098599000019021
freesolv,regression,1,3,seeded_scaffold_group_balanced,seeded_scaffold_group_balanced,30,cat_80_d6,boosting,-2.3413540095124508,,,,,,,,,,,0.1895235999836586
freesolv,regression,1,1,seeded_scaffold_group_balanced,seeded_scaffold_group_balanced,31,cat_100_d4,boosting,-4.167962899359357,,,,,,,,,,,0.1526167999836616
freesolv,regression,1,2,seeded_scaffold_group_balanced,seeded_scaffold_group_balanced,31,cat_100_d4,boosting,-2.702845377265956,,,,,,,,,,,0.1393256000010296
freesolv,regression,1,3,seeded_scaffold_group_balanced,seeded_scaffold_group_balanced,31,cat_100_d4,boosting,-2.3875624920178184,,,,,,,,,,,0.1221230000373907
freesolv,regression,1,1,seeded_scaffold_group_balanced,seeded_scaffold_group_balanced,32,cat_60_d8,boosting,-4.128989238105061,,,,,,,,,,,0.2616573999985121
freesolv,regression,1,2,seeded_scaffold_group_balanced,seeded_scaffold_group_balanced,32,cat_60_d8,boosting,-2.6518430144265523,,,,,,,,,,,0.309169199957978
freesolv,regression,1,3,seeded_scaffold_group_balanced,seeded_scaffold_group_balanced,32,cat_60_d8,boosting,-2.284379380827785,,,,,,,,,,,0.3057999000302516
freesolv,regression,2,1,seeded_scaffold_group_balanced,seeded_scaffold_group_balanced,1,ridge_a0.1,linear,-3.5839283040798238,,,,,,,,,,,0.0026795999729074
freesolv,regression,2,2,seeded_scaffold_group_balanced,seeded_scaffold_group_balanced,1,ridge_a0.1,linear,-3.2284330570977087,,,,,,,,,,,0.002465299970936
freesolv,regression,2,3,seeded_scaffold_group_balanced,seeded_scaffold_group_balanced,1,ridge_a0.1,linear,-3.498858106472679,,,,,,,,,,,0.0021948000066913
freesolv,regression,2,1,seeded_scaffold_group_balanced,seeded_scaffold_group_balanced,2,ridge_a1,linear,-2.428529683096668,,,,,,,,,,,0.0020898000220768
freesolv,regression,2,2,seeded_scaffold_group_balanced,seeded_scaffold_group_balanced,2,ridge_a1,linear,-2.9045031718485808,,,,,,,,,,,0.0023767999955452
freesolv,regression,2,3,seeded_scaffold_group_balanced,seeded_scaffold_group_balanced,2,ridge_a1,linear,-3.10707998783136,,,,,,,,,,,0.0021887000184506
freesolv,regression,2,1,seeded_scaffold_group_balanced,seeded_scaffold_group_balanced,3,ridge_a10,linear,-1.91455555170273,,,,,,,,,,,0.0021224999800324
freesolv,regression,2,2,seeded_scaffold_group_balanced,seeded_scaffold_group_balanced,3,ridge_a10,linear,-2.7685662330340537,,,,,,,,,,,0.0020866999984718
freesolv,regression,2,3,seeded_scaffold_group_balanced,seeded_scaffold_group_balanced,3,ridge_a10,linear,-3.22018172214141,,,,,,,,,,,0.0020933999912813
freesolv,regression,2,1,seeded_scaffold_group_balanced,seeded_scaffold_group_balanced,4,elasticnet_a0.001,linear,-3.1177742395552546,,,,,,,,,,,0.0406460999511182
freesolv,regression,2,2,seeded_scaffold_group_balanced,seeded_scaffold_group_balanced,4,elasticnet_a0.001,linear,-3.0532172006746867,,,,,,,,,,,0.0213789000408723
freesolv,regression,2,3,seeded_scaffold_group_balanced,seeded_scaffold_group_balanced,4,elasticnet_a0.001,linear,-3.276242990632922,,,,,,,,,,,0.0322586999973282
freesolv,regression,2,1,seeded_scaffold_group_balanced,seeded_scaffold_group_balanced,5,rf_60_sqrt,bagging,-2.0666266166548426,,,,,,,,,,,0.0874649999896064
freesolv,regression,2,2,seeded_scaffold_group_balanced,seeded_scaffold_group_balanced,5,rf_60_sqrt,bagging,-2.6758190178957,,,,,,,,,,,0.0896518999943509
freesolv,regression,2,3,seeded_scaffold_group_balanced,seeded_scaffold_group_balanced,5,rf_60_sqrt,bagging,-3.283070429269688,,,,,,,,,,,0.08776789996773
freesolv,regression,2,1,seeded_scaffold_group_balanced,seeded_scaffold_group_balanced,6,rf_90_d12,bagging,-2.3466183824109184,,,,,,,,,,,0.1234104000031948
freesolv,regression,2,2,seeded_scaffold_group_balanced,seeded_scaffold_group_balanced,6,rf_90_d12,bagging,-2.928327179697292,,,,,,,,,,,0.115929200022947
freesolv,regression,2,3,seeded_scaffold_group_balanced,seeded_scaffold_group_balanced,6,rf_90_d12,bagging,-3.4737520134091646,,,,,,,,,,,0.121380099968519
freesolv,regression,2,1,seeded_scaffold_group_balanced,seeded_scaffold_group_balanced,7,rf_90_leaf2,bagging,-2.262411867018176,,,,,,,,,,,0.1208707999903708
freesolv,regression,2,2,seeded_scaffold_group_balanced,seeded_scaffold_group_balanced,7,rf_90_leaf2,bagging,-2.877546771714732,,,,,,,,,,,0.1239558999659493
freesolv,regression,2,3,seeded_scaffold_group_balanced,seeded_scaffold_group_balanced,7,rf_90_leaf2,bagging,-3.495224227982757,,,,,,,,,,,0.1247895000269636
freesolv,regression,2,1,seeded_scaffold_group_balanced,seeded_scaffold_group_balanced,8,rf_120_d20_leaf2,bagging,-2.251470327913391,,,,,,,,,,,0.1513385999714955
freesolv,regression,2,2,seeded_scaffold_group_balanced,seeded_scaffold_group_balanced,8,rf_120_d20_leaf2,bagging,-2.909472646327413,,,,,,,,,,,0.1451546000316739
freesolv,regression,2,3,seeded_scaffold_group_balanced,seeded_scaffold_group_balanced,8,rf_120_d20_leaf2,bagging,-3.5072105176864783,,,,,,,,,,,0.1500295000150799
freesolv,regression,2,1,seeded_scaffold_group_balanced,seeded_scaffold_group_balanced,9,et_60_sqrt,bagging,-2.180537511758604,,,,,,,,,,,0.0612213999847881
freesolv,regression,2,2,seeded_scaffold_group_balanced,seeded_scaffold_group_balanced,9,et_60_sqrt,bagging,-2.6842286096220955,,,,,,,,,,,0.065831399988383
freesolv,regression,2,3,seeded_scaffold_group_balanced,seeded_scaffold_group_balanced,9,et_60_sqrt,bagging,-3.151341763338971,,,,,,,,,,,0.0585680999793112
freesolv,regression,2,1,seeded_scaffold_group_balanced,seeded_scaffold_group_balanced,10,et_90_d12,bagging,-2.3117431950246043,,,,,,,,,,,0.0899819000042043
freesolv,regression,2,2,seeded_scaffold_group_balanced,seeded_scaffold_group_balanced,10,et_90_d12,bagging,-2.945062718626513,,,,,,,,,,,0.0831144000403583
freesolv,regression,2,3,seeded_scaffold_group_balanced,seeded_scaffold_group_balanced,10,et_90_d12,bagging,-3.4083284073599103,,,,,,,,,,,0.0804199000122025
freesolv,regression,2,1,seeded_scaffold_group_balanced,seeded_scaffold_group_balanced,11,et_90_leaf2,bagging,-2.3117169017365877,,,,,,,,,,,0.0788641000399366
freesolv,regression,2,2,seeded_scaffold_group_balanced,seeded_scaffold_group_balanced,11,et_90_leaf2,bagging,-2.847056767289492,,,,,,,,,,,0.0677123999921605
freesolv,regression,2,3,seeded_scaffold_group_balanced,seeded_scaffold_group_balanced,11,et_90_leaf2,bagging,-3.379338152084559,,,,,,,,,,,0.0578923000139184
freesolv,regression,2,1,seeded_scaffold_group_balanced,seeded_scaffold_group_balanced,12,et_120_d20_leaf2,bagging,-2.3108856533488806,,,,,,,,,,,0.0760497000301256
freesolv,regression,2,2,seeded_scaffold_group_balanced,seeded_scaffold_group_balanced,12,et_120_d20_leaf2,bagging,-2.8600662338298424,,,,,,,,,,,0.0875722999917343
freesolv,regression,2,3,seeded_scaffold_group_balanced,seeded_scaffold_group_balanced,12,et_120_d20_leaf2,bagging,-3.373917290096553,,,,,,,,,,,0.0772383000003174
freesolv,regression,2,1,seeded_scaffold_group_balanced,seeded_scaffold_group_balanced,13,histgb_lr0.05,boosting,-2.377857465505844,,,,,,,,,,,0.575080499984324
freesolv,regression,2,2,seeded_scaffold_group_balanced,seeded_scaffold_group_balanced,13,histgb_lr0.05,boosting,-3.023955579088092,,,,,,,,,,,0.5630624999757856
freesolv,regression,2,3,seeded_scaffold_group_balanced,seeded_scaffold_group_balanced,13,histgb_lr0.05,boosting,-3.4668617990987545,,,,,,,,,,,0.6213465000037104
freesolv,regression,2,1,seeded_scaffold_group_balanced,seeded_scaffold_group_balanced,14,histgb_lr0.1,boosting,-2.2718643657170525,,,,,,,,,,,0.4515351000009104
freesolv,regression,2,2,seeded_scaffold_group_balanced,seeded_scaffold_group_balanced,14,histgb_lr0.1,boosting,-3.006641003200844,,,,,,,,,,,0.5323432000004686
freesolv,regression,2,3,seeded_scaffold_group_balanced,seeded_scaffold_group_balanced,14,histgb_lr0.1,boosting,-3.4129847728928726,,,,,,,,,,,0.5167444000253454
freesolv,regression,2,1,seeded_scaffold_group_balanced,seeded_scaffold_group_balanced,15,gb_lr0.05_d2,boosting,-2.424231300509096,,,,,,,,,,,0.1184748000232502
freesolv,regression,2,2,seeded_scaffold_group_balanced,seeded_scaffold_group_balanced,15,gb_lr0.05_d2,boosting,-3.000493476653718,,,,,,,,,,,0.117836499994155
freesolv,regression,2,3,seeded_scaffold_group_balanced,seeded_scaffold_group_balanced,15,gb_lr0.05_d2,boosting,-3.506429714842232,,,,,,,,,,,0.1182842000271193
freesolv,regression,2,1,seeded_scaffold_group_balanced,seeded_scaffold_group_balanced,16,gb_lr0.1_d3,boosting,-2.196126216792522,,,,,,,,,,,0.1547279000515118
freesolv,regression,2,2,seeded_scaffold_group_balanced,seeded_scaffold_group_balanced,16,gb_lr0.1_d3,boosting,-2.7619500190833985,,,,,,,,,,,0.1771313000353984
freesolv,regression,2,3,seeded_scaffold_group_balanced,seeded_scaffold_group_balanced,16,gb_lr0.1_d3,boosting,-3.172588626923616,,,,,,,,,,,0.1566325000021606
freesolv,regression,2,1,seeded_scaffold_group_balanced,seeded_scaffold_group_balanced,17,lgbm_60_l15,boosting,-2.4654684455740075,,,,,,,,,,,0.0166479999898001
freesolv,regression,2,2,seeded_scaffold_group_balanced,seeded_scaffold_group_balanced,17,lgbm_60_l15,boosting,-3.057942632439357,,,,,,,,,,,0.0151188999880105
freesolv,regression,2,3,seeded_scaffold_group_balanced,seeded_scaffold_group_balanced,17,lgbm_60_l15,boosting,-3.5476804559581407,,,,,,,,,,,0.0145035000168718
freesolv,regression,2,1,seeded_scaffold_group_balanced,seeded_scaffold_group_balanced,18,lgbm_90_l31,boosting,-2.392771010024477,,,,,,,,,,,0.0190561000490561
freesolv,regression,2,2,seeded_scaffold_group_balanced,seeded_scaffold_group_balanced,18,lgbm_90_l31,boosting,-3.024660229844388,,,,,,,,,,,0.0213567000464536
freesolv,regression,2,3,seeded_scaffold_group_balanced,seeded_scaffold_group_balanced,18,lgbm_90_l31,boosting,-3.479610452655244,,,,,,,,,,,0.0216553999925963
freesolv,regression,2,1,seeded_scaffold_group_balanced,seeded_scaffold_group_balanced,19,lgbm_60_l63,boosting,-2.387026290618305,,,,,,,,,,,0.0151293000089935
freesolv,regression,2,2,seeded_scaffold_group_balanced,seeded_scaffold_group_balanced,19,lgbm_60_l63,boosting,-3.0351310785234,,,,,,,,,,,0.0166478000464849
freesolv,regression,2,3,seeded_scaffold_group_balanced,seeded_scaffold_group_balanced,19,lgbm_60_l63,boosting,-3.438931556780718,,,,,,,,,,,0.0152027999865822
freesolv,regression,2,1,seeded_scaffold_group_balanced,seeded_scaffold_group_balanced,20,lgbm_100_leaf10,boosting,-2.3597098320826086,,,,,,,,,,,0.0356901000486686
freesolv,regression,2,2,seeded_scaffold_group_balanced,seeded_scaffold_group_balanced,20,lgbm_100_leaf10,boosting,-2.7145976716143294,,,,,,,,,,,0.0388832000317052
freesolv,regression,2,3,seeded_scaffold_group_balanced,seeded_scaffold_group_balanced,20,lgbm_100_leaf10,boosting,-3.1424581404035625,,,,,,,,,,,0.0426427000202238
freesolv,regression,2,1,seeded_scaffold_group_balanced,seeded_scaffold_group_balanced,21,lgbm_100_leaf30,boosting,-2.760777756921885,,,,,,,,,,,0.0174015000229701
freesolv,regression,2,2,seeded_scaffold_group_balanced,seeded_scaffold_group_balanced,21,lgbm_100_leaf30,boosting,-3.0869418055124656,,,,,,,,,,,0.0172610000008717
freesolv,regression,2,3,seeded_scaffold_group_balanced,seeded_scaffold_group_balanced,21,lgbm_100_leaf30,boosting,-3.629002016389833,,,,,,,,,,,0.0196537000010721
freesolv,regression,2,1,seeded_scaffold_group_balanced,seeded_scaffold_group_balanced,22,lgbm_80_ff0.7,boosting,-2.2367636042405405,,,,,,,,,,,0.022760100022424
freesolv,regression,2,2,seeded_scaffold_group_balanced,seeded_scaffold_group_balanced,22,lgbm_80_ff0.7,boosting,-3.003758361189641,,,,,,,,,,,0.0188696999684907
freesolv,regression,2,3,seeded_scaffold_group_balanced,seeded_scaffold_group_balanced,22,lgbm_80_ff0.7,boosting,-3.458702727501036,,,,,,,,,,,0.0186263000359758
freesolv,regression,2,1,seeded_scaffold_group_balanced,seeded_scaffold_group_balanced,23,lgbm_80_bag0.8,boosting,-2.3283742145869595,,,,,,,,,,,0.0164132000063546
freesolv,regression,2,2,seeded_scaffold_group_balanced,seeded_scaffold_group_balanced,23,lgbm_80_bag0.8,boosting,-3.0524959433962398,,,,,,,,,,,0.0180294999736361
freesolv,regression,2,3,seeded_scaffold_group_balanced,seeded_scaffold_group_balanced,23,lgbm_80_bag0.8,boosting,-3.5208557411095214,,,,,,,,,,,0.0202293000183999
freesolv,regression,2,1,seeded_scaffold_group_balanced,seeded_scaffold_group_balanced,24,lgbm_120_l15,boosting,-2.395473441442934,,,,,,,,,,,0.0344349999795667
freesolv,regression,2,2,seeded_scaffold_group_balanced,seeded_scaffold_group_balanced,24,lgbm_120_l15,boosting,-3.031489445918326,,,,,,,,,,,0.039645799959544
freesolv,regression,2,3,seeded_scaffold_group_balanced,seeded_scaffold_group_balanced,24,lgbm_120_l15,boosting,-3.4628864183051205,,,,,,,,,,,0.0302997999824583
freesolv,regression,2,1,seeded_scaffold_group_balanced,seeded_scaffold_group_balanced,25,xgb_60_d3,boosting,-2.1182025918127465,,,,,,,,,,,0.0373707999824546
freesolv,regression,2,2,seeded_scaffold_group_balanced,seeded_scaffold_group_balanced,25,xgb_60_d3,boosting,-2.9110161832618857,,,,,,,,,,,0.0354034000192768
freesolv,regression,2,3,seeded_scaffold_group_balanced,seeded_scaffold_group_balanced,25,xgb_60_d3,boosting,-3.31305402761912,,,,,,,,,,,0.0415572999627329
freesolv,regression,2,1,seeded_scaffold_group_balanced,seeded_scaffold_group_balanced,26,xgb_80_d5,boosting,-1.9934540111363197,,,,,,,,,,,0.060388799989596
freesolv,regression,2,2,seeded_scaffold_group_balanced,seeded_scaffold_group_balanced,26,xgb_80_d5,boosting,-2.710911134534309,,,,,,,,,,,0.0627855000202544
freesolv,regression,2,3,seeded_scaffold_group_balanced,seeded_scaffold_group_balanced,26,xgb_80_d5,boosting,-3.1767225927472023,,,,,,,,,,,0.0633493000059388
freesolv,regression,2,1,seeded_scaffold_group_balanced,seeded_scaffold_group_balanced,27,xgb_100_d3,boosting,-2.1626399129805933,,,,,,,,,,,0.0464373999857343
freesolv,regression,2,2,seeded_scaffold_group_balanced,seeded_scaffold_group_balanced,27,xgb_100_d3,boosting,-2.8522871732353208,,,,,,,,,,,0.0507040999946184
freesolv,regression,2,3,seeded_scaffold_group_balanced,seeded_scaffold_group_balanced,27,xgb_100_d3,boosting,-3.2528854334959902,,,,,,,,,,,0.0523834000341594
freesolv,regression,2,1,seeded_scaffold_group_balanced,seeded_scaffold_group_balanced,28,xgb_60_d6,boosting,-1.984890959064802,,,,,,,,,,,0.0543681000126525
freesolv,regression,2,2,seeded_scaffold_group_balanced,seeded_scaffold_group_balanced,28,xgb_60_d6,boosting,-2.6020603620029994,,,,,,,,,,,0.0494665000005625
freesolv,regression,2,3,seeded_scaffold_group_balanced,seeded_scaffold_group_balanced,28,xgb_60_d6,boosting,-3.105922389192573,,,,,,,,,,,0.0579730999888852
freesolv,regression,2,1,seeded_scaffold_group_balanced,seeded_scaffold_group_balanced,29,cat_60_d4,boosting,-2.393713339887052,,,,,,,,,,,0.1292211000109091
freesolv,regression,2,2,seeded_scaffold_group_balanced,seeded_scaffold_group_balanced,29,cat_60_d4,boosting,-3.058926452817346,,,,,,,,,,,0.0882021999568678
freesolv,regression,2,3,seeded_scaffold_group_balanced,seeded_scaffold_group_balanced,29,cat_60_d4,boosting,-3.502187047364268,,,,,,,,,,,0.083043499966152
freesolv,regression,2,1,seeded_scaffold_group_balanced,seeded_scaffold_group_balanced,30,cat_80_d6,boosting,-2.38716083167791,,,,,,,,,,,0.1897667000303045
freesolv,regression,2,2,seeded_scaffold_group_balanced,seeded_scaffold_group_balanced,30,cat_80_d6,boosting,-2.981504822554393,,,,,,,,,,,0.1716604999965056
freesolv,regression,2,3,seeded_scaffold_group_balanced,seeded_scaffold_group_balanced,30,cat_80_d6,boosting,-3.3858272370290385,,,,,,,,,,,0.1674609000328928
freesolv,regression,2,1,seeded_scaffold_group_balanced,seeded_scaffold_group_balanced,31,cat_100_d4,boosting,-2.462799586487174,,,,,,,,,,,0.1231774999760091
freesolv,regression,2,2,seeded_scaffold_group_balanced,seeded_scaffold_group_balanced,31,cat_100_d4,boosting,-3.0433639636079723,,,,,,,,,,,0.1180650999885983
freesolv,regression,2,3,seeded_scaffold_group_balanced,seeded_scaffold_group_balanced,31,cat_100_d4,boosting,-3.4783696987831703,,,,,,,,,,,0.1309265999589115
freesolv,regression,2,1,seeded_scaffold_group_balanced,seeded_scaffold_group_balanced,32,cat_60_d8,boosting,-2.3051673911945407,,,,,,,,,,,0.272024700010661
freesolv,regression,2,2,seeded_scaffold_group_balanced,seeded_scaffold_group_balanced,32,cat_60_d8,boosting,-2.9589318470539943,,,,,,,,,,,0.2216186000150628
freesolv,regression,2,3,seeded_scaffold_group_balanced,seeded_scaffold_group_balanced,32,cat_60_d8,boosting,-3.3754222835495926,,,,,,,,,,,0.2162139000138268
freesolv,regression,3,1,seeded_scaffold_group_balanced,seeded_scaffold_group_balanced,1,ridge_a0.1,linear,-2.4038395787328737,,,,,,,,,,,0.0021840999834239
freesolv,regression,3,2,seeded_scaffold_group_balanced,seeded_scaffold_group_balanced,1,ridge_a0.1,linear,-3.314654030661396,,,,,,,,,,,0.0020583000150509
freesolv,regression,3,3,seeded_scaffold_group_balanced,seeded_scaffold_group_balanced,1,ridge_a0.1,linear,-4.258554430271096,,,,,,,,,,,0.0021431999630294
freesolv,regression,3,1,seeded_scaffold_group_balanced,seeded_scaffold_group_balanced,2,ridge_a1,linear,-1.9963340823350813,,,,,,,,,,,0.0020934999920427
freesolv,regression,3,2,seeded_scaffold_group_balanced,seeded_scaffold_group_balanced,2,ridge_a1,linear,-2.427476276841213,,,,,,,,,,,0.0018355000065639
freesolv,regression,3,3,seeded_scaffold_group_balanced,seeded_scaffold_group_balanced,2,ridge_a1,linear,-3.782889199167149,,,,,,,,,,,0.0017324999789707
freesolv,regression,3,1,seeded_scaffold_group_balanced,seeded_scaffold_group_balanced,3,ridge_a10,linear,-2.053868068032118,,,,,,,,,,,0.0017956999945454
freesolv,regression,3,2,seeded_scaffold_group_balanced,seeded_scaffold_group_balanced,3,ridge_a10,linear,-2.2768333086969026,,,,,,,,,,,0.0020627999911084
freesolv,regression,3,3,seeded_scaffold_group_balanced,seeded_scaffold_group_balanced,3,ridge_a10,linear,-3.997258386739111,,,,,,,,,,,0.001722700020764
freesolv,regression,3,1,seeded_scaffold_group_balanced,seeded_scaffold_group_balanced,4,elasticnet_a0.001,linear,-2.2461691083254247,,,,,,,,,,,0.0341259000124409
freesolv,regression,3,2,seeded_scaffold_group_balanced,seeded_scaffold_group_balanced,4,elasticnet_a0.001,linear,-2.848803877786026,,,,,,,,,,,0.0385484999860636
freesolv,regression,3,3,seeded_scaffold_group_balanced,seeded_scaffold_group_balanced,4,elasticnet_a0.001,linear,-4.001821806713329,,,,,,,,,,,0.0464900999795645
freesolv,regression,3,1,seeded_scaffold_group_balanced,seeded_scaffold_group_balanced,5,rf_60_sqrt,bagging,-2.131499926506255,,,,,,,,,,,0.0677834999514743
freesolv,regression,3,2,seeded_scaffold_group_balanced,seeded_scaffold_group_balanced,5,rf_60_sqrt,bagging,-2.25849337273444,,,,,,,,,,,0.059015900013037
freesolv,regression,3,3,seeded_scaffold_group_balanced,seeded_scaffold_group_balanced,5,rf_60_sqrt,bagging,-4.2836148312054645,,,,,,,,,,,0.0664364999975077
freesolv,regression,3,1,seeded_scaffold_group_balanced,seeded_scaffold_group_balanced,6,rf_90_d12,bagging,-2.4212435935641103,,,,,,,,,,,0.095061199972406
freesolv,regression,3,2,seeded_scaffold_group_balanced,seeded_scaffold_group_balanced,6,rf_90_d12,bagging,-2.5739980535178115,,,,,,,,,,,0.0818104000063613
freesolv,regression,3,3,seeded_scaffold_group_balanced,seeded_scaffold_group_balanced,6,rf_90_d12,bagging,-4.491044048508052,,,,,,,,,,,0.0800809999927878
freesolv,regression,3,1,seeded_scaffold_group_balanced,seeded_scaffold_group_balanced,7,rf_90_leaf2,bagging,-2.3691314669474397,,,,,,,,,,,0.0971837999531999
freesolv,regression,3,2,seeded_scaffold_group_balanced,seeded_scaffold_group_balanced,7,rf_90_leaf2,bagging,-2.477499693207124,,,,,,,,,,,0.0845696000033058
freesolv,regression,3,3,seeded_scaffold_group_balanced,seeded_scaffold_group_balanced,7,rf_90_leaf2,bagging,-4.367283667580257,,,,,,,,,,,0.0831668000319041
freesolv,regression,3,1,seeded_scaffold_group_balanced,seeded_scaffold_group_balanced,8,rf_120_d20_leaf2,bagging,-2.41899773773133,,,,,,,,,,,0.1130810999893583
freesolv,regression,3,2,seeded_scaffold_group_balanced,seeded_scaffold_group_balanced,8,rf_120_d20_leaf2,bagging,-2.473026432750185,,,,,,,,,,,0.1062639000010676
freesolv,regression,3,3,seeded_scaffold_group_balanced,seeded_scaffold_group_balanced,8,rf_120_d20_leaf2,bagging,-4.416507324401652,,,,,,,,,,,0.126120799977798
freesolv,regression,3,1,seeded_scaffold_group_balanced,seeded_scaffold_group_balanced,9,et_60_sqrt,bagging,-2.1391330338615893,,,,,,,,,,,0.0476466999971307
freesolv,regression,3,2,seeded_scaffold_group_balanced,seeded_scaffold_group_balanced,9,et_60_sqrt,bagging,-2.1652753196354046,,,,,,,,,,,0.0513049000292085
freesolv,regression,3,3,seeded_scaffold_group_balanced,seeded_scaffold_group_balanced,9,et_60_sqrt,bagging,-4.251304623454818,,,,,,,,,,,0.0514855999499559
freesolv,regression,3,1,seeded_scaffold_group_balanced,seeded_scaffold_group_balanced,10,et_90_d12,bagging,-2.48064239279063,,,,,,,,,,,0.0577718000276945
freesolv,regression,3,2,seeded_scaffold_group_balanced,seeded_scaffold_group_balanced,10,et_90_d12,bagging,-2.491092713090984,,,,,,,,,,,0.0581354000023566
freesolv,regression,3,3,seeded_scaffold_group_balanced,seeded_scaffold_group_balanced,10,et_90_d12,bagging,-4.452786291698705,,,,,,,,,,,0.059429100016132
freesolv,regression,3,1,seeded_scaffold_group_balanced,seeded_scaffold_group_balanced,11,et_90_leaf2,bagging,-2.30918069349888,,,,,,,,,,,0.062743299989961
freesolv,regression,3,2,seeded_scaffold_group_balanced,seeded_scaffold_group_balanced,11,et_90_leaf2,bagging,-2.44366688056639,,,,,,,,,,,0.0680374999647028
freesolv,regression,3,3,seeded_scaffold_group_balanced,seeded_scaffold_group_balanced,11,et_90_leaf2,bagging,-4.291897703191018,,,,,,,,,,,0.0701594999991357
freesolv,regression,3,1,seeded_scaffold_group_balanced,seeded_scaffold_group_balanced,12,et_120_d20_leaf2,bagging,-2.3270398067202773,,,,,,,,,,,0.0838962999987416
freesolv,regression,3,2,seeded_scaffold_group_balanced,seeded_scaffold_group_balanced,12,et_120_d20_leaf2,bagging,-2.46440949278474,,,,,,,,,,,0.0861994999577291
freesolv,regression,3,3,seeded_scaffold_group_balanced,seeded_scaffold_group_balanced,12,et_120_d20_leaf2,bagging,-4.33172636663319,,,,,,,,,,,0.0770847999956458
freesolv,regression,3,1,seeded_scaffold_group_balanced,seeded_scaffold_group_balanced,13,histgb_lr0.05,boosting,-2.303683291196432,,,,,,,,,,,0.6483453999971971
freesolv,regression,3,2,seeded_scaffold_group_balanced,seeded_scaffold_group_balanced,13,histgb_lr0.05,boosting,-2.5614710188002654,,,,,,,,,,,0.6437435999978334
freesolv,regression,3,3,seeded_scaffold_group_balanced,seeded_scaffold_group_balanced,13,histgb_lr0.05,boosting,-4.003015390208968,,,,,,,,,,,0.670952100015711
freesolv,regression,3,1,seeded_scaffold_group_balanced,seeded_scaffold_group_balanced,14,histgb_lr0.1,boosting,-2.215121245126876,,,,,,,,,,,0.513216299994383
freesolv,regression,3,2,seeded_scaffold_group_balanced,seeded_scaffold_group_balanced,14,histgb_lr0.1,boosting,-2.5449848921828035,,,,,,,,,,,0.5224677000078373
freesolv,regression,3,3,seeded_scaffold_group_balanced,seeded_scaffold_group_balanced,14,histgb_lr0.1,boosting,-3.9368320727861055,,,,,,,,,,,0.6179741999949329
freesolv,regression,3,1,seeded_scaffold_group_balanced,seeded_scaffold_group_balanced,15,gb_lr0.05_d2,boosting,-2.5530833844704466,,,,,,,,,,,0.145986300020013
freesolv,regression,3,2,seeded_scaffold_group_balanced,seeded_scaffold_group_balanced,15,gb_lr0.05_d2,boosting,-2.6089550084938478,,,,,,,,,,,0.1647817000048235
freesolv,regression,3,3,seeded_scaffold_group_balanced,seeded_scaffold_group_balanced,15,gb_lr0.05_d2,boosting,-4.181091715569954,,,,,,,,,,,0.1419813000247813
freesolv,regression,3,1,seeded_scaffold_group_balanced,seeded_scaffold_group_balanced,16,gb_lr0.1_d3,boosting,-2.3808331969875534,,,,,,,,,,,0.2376251999521628
freesolv,regression,3,2,seeded_scaffold_group_balanced,seeded_scaffold_group_balanced,16,gb_lr0.1_d3,boosting,-2.3993601074985955,,,,,,,,,,,0.1753618000075221
freesolv,regression,3,3,seeded_scaffold_group_balanced,seeded_scaffold_group_balanced,16,gb_lr0.1_d3,boosting,-3.805402613812576,,,,,,,,,,,0.2088532000198029
freesolv,regression,3,1,seeded_scaffold_group_balanced,seeded_scaffold_group_balanced,17,lgbm_60_l15,boosting,-2.4322582346228807,,,,,,,,,,,0.0243825999787077
freesolv,regression,3,2,seeded_scaffold_group_balanced,seeded_scaffold_group_balanced,17,lgbm_60_l15,boosting,-2.542765132214907,,,,,,,,,,,0.0230109000112861
freesolv,regression,3,3,seeded_scaffold_group_balanced,seeded_scaffold_group_balanced,17,lgbm_60_l15,boosting,-4.118525678346917,,,,,,,,,,,0.0263063999591395
freesolv,regression,3,1,seeded_scaffold_group_balanced,seeded_scaffold_group_balanced,18,lgbm_90_l31,boosting,-2.3166646677727347,,,,,,,,,,,0.0338534000329673
freesolv,regression,3,2,seeded_scaffold_group_balanced,seeded_scaffold_group_balanced,18,lgbm_90_l31,boosting,-2.562820357209652,,,,,,,,,,,0.0397450999589636
freesolv,regression,3,3,seeded_scaffold_group_balanced,seeded_scaffold_group_balanced,18,lgbm_90_l31,boosting,-4.021781347470752,,,,,,,,,,,0.0290183999459259
freesolv,regression,3,1,seeded_scaffold_group_balanced,seeded_scaffold_group_balanced,19,lgbm_60_l63,boosting,-2.319741352056311,,,,,,,,,,,0.0206282000290229
freesolv,regression,3,2,seeded_scaffold_group_balanced,seeded_scaffold_group_balanced,19,lgbm_60_l63,boosting,-2.570637218044915,,,,,,,,,,,0.0209162000101059
freesolv,regression,3,3,seeded_scaffold_group_balanced,seeded_scaffold_group_balanced,19,lgbm_60_l63,boosting,-4.036646401204206,,,,,,,,,,,0.0209917000029236
freesolv,regression,3,1,seeded_scaffold_group_balanced,seeded_scaffold_group_balanced,20,lgbm_100_leaf10,boosting,-2.5772372963342,,,,,,,,,,,0.056018800009042
freesolv,regression,3,2,seeded_scaffold_group_balanced,seeded_scaffold_group_balanced,20,lgbm_100_leaf10,boosting,-2.451002478026262,,,,,,,,,,,0.0869518000399693
freesolv,regression,3,3,seeded_scaffold_group_balanced,seeded_scaffold_group_balanced,20,lgbm_100_leaf10,boosting,-3.554965784482312,,,,,,,,,,,0.0789122999995015
freesolv,regression,3,1,seeded_scaffold_group_balanced,seeded_scaffold_group_balanced,21,lgbm_100_leaf30,boosting,-2.630100969581509,,,,,,,,,,,0.0523702999926172
freesolv,regression,3,2,seeded_scaffold_group_balanced,seeded_scaffold_group_balanced,21,lgbm_100_leaf30,boosting,-2.5886313119529296,,,,,,,,,,,0.0382526000030338
freesolv,regression,3,3,seeded_scaffold_group_balanced,seeded_scaffold_group_balanced,21,lgbm_100_leaf30,boosting,-4.372231068520192,,,,,,,,,,,0.024263700004667
freesolv,regression,3,1,seeded_scaffold_group_balanced,seeded_scaffold_group_balanced,22,lgbm_80_ff0.7,boosting,-2.2431388042945377,,,,,,,,,,,0.0321392000187188
freesolv,regression,3,2,seeded_scaffold_group_balanced,seeded_scaffold_group_balanced,22,lgbm_80_ff0.7,boosting,-2.4347064174851405,,,,,,,,,,,0.0344215000513941
freesolv,regression,3,3,seeded_scaffold_group_balanced,seeded_scaffold_group_balanced,22,lgbm_80_ff0.7,boosting,-4.021235156647373,,,,,,,,,,,0.0358449000050313
freesolv,regression,3,1,seeded_scaffold_group_balanced,seeded_scaffold_group_balanced,23,lgbm_80_bag0.8,boosting,-2.355075585503214,,,,,,,,,,,0.0443663999903947
freesolv,regression,3,2,seeded_scaffold_group_balanced,seeded_scaffold_group_balanced,23,lgbm_80_bag0.8,boosting,-2.473610368304441,,,,,,,,,,,0.0259334999718703
freesolv,regression,3,3,seeded_scaffold_group_balanced,seeded_scaffold_group_balanced,23,lgbm_80_bag0.8,boosting,-4.103872053923554,,,,,,,,,,,0.0248668999993242
freesolv,regression,3,1,seeded_scaffold_group_balanced,seeded_scaffold_group_balanced,24,lgbm_120_l15,boosting,-2.3112161456489257,,,,,,,,,,,0.0366082999971695
freesolv,regression,3,2,seeded_scaffold_group_balanced,seeded_scaffold_group_balanced,24,lgbm_120_l15,boosting,-2.5601864737149524,,,,,,,,,,,0.0365899000316858
freesolv,regression,3,3,seeded_scaffold_group_balanced,seeded_scaffold_group_balanced,24,lgbm_120_l15,boosting,-4.02457763587715,,,,,,,,,,,0.035701299959328
freesolv,regression,3,1,seeded_scaffold_group_balanced,seeded_scaffold_group_balanced,25,xgb_60_d3,boosting,-2.356183206615845,,,,,,,,,,,0.0471976000117138
freesolv,regression,3,2,seeded_scaffold_group_balanced,seeded_scaffold_group_balanced,25,xgb_60_d3,boosting,-2.450823495441443,,,,,,,,,,,0.047009700036142
freesolv,regression,3,3,seeded_scaffold_group_balanced,seeded_scaffold_group_balanced,25,xgb_60_d3,boosting,-3.917293377134874,,,,,,,,,,,0.0454438999877311
freesolv,regression,3,1,seeded_scaffold_group_balanced,seeded_scaffold_group_balanced,26,xgb_80_d5,boosting,-2.1324250972657217,,,,,,,,,,,0.0717046000063419
freesolv,regression,3,2,seeded_scaffold_group_balanced,seeded_scaffold_group_balanced,26,xgb_80_d5,boosting,-2.370232332868924,,,,,,,,,,,0.0699803999741561
freesolv,regression,3,3,seeded_scaffold_group_balanced,seeded_scaffold_group_balanced,26,xgb_80_d5,boosting,-3.754873617729381,,,,,,,,,,,0.0699833999969996
freesolv,regression,3,1,seeded_scaffold_group_balanced,seeded_scaffold_group_balanced,27,xgb_100_d3,boosting,-2.458624391253049,,,,,,,,,,,0.0638971000444144
freesolv,regression,3,2,seeded_scaffold_group_balanced,seeded_scaffold_group_balanced,27,xgb_100_d3,boosting,-2.4811188695015653,,,,,,,,,,,0.0620797000010497
freesolv,regression,3,3,seeded_scaffold_group_balanced,seeded_scaffold_group_balanced,27,xgb_100_d3,boosting,-3.967495691701777,,,,,,,,,,,0.0629467999679036
freesolv,regression,3,1,seeded_scaffold_group_balanced,seeded_scaffold_group_balanced,28,xgb_60_d6,boosting,-2.3890781851756424,,,,,,,,,,,0.0645499000092968
freesolv,regression,3,2,seeded_scaffold_group_balanced,seeded_scaffold_group_balanced,28,xgb_60_d6,boosting,-2.3736832491910564,,,,,,,,,,,0.0634943000040948
freesolv,regression,3,3,seeded_scaffold_group_balanced,seeded_scaffold_group_balanced,28,xgb_60_d6,boosting,-3.7803636885357386,,,,,,,,,,,0.0653562999796122
freesolv,regression,3,1,seeded_scaffold_group_balanced,seeded_scaffold_group_balanced,29,cat_60_d4,boosting,-2.600841833266174,,,,,,,,,,,0.1373170999577269
freesolv,regression,3,2,seeded_scaffold_group_balanced,seeded_scaffold_group_balanced,29,cat_60_d4,boosting,-2.6123158965403417,,,,,,,,,,,0.1427569999941624
freesolv,regression,3,3,seeded_scaffold_group_balanced,seeded_scaffold_group_balanced,29,cat_60_d4,boosting,-4.401042719214821,,,,,,,,,,,0.1790447999956086
freesolv,regression,3,1,seeded_scaffold_group_balanced,seeded_scaffold_group_balanced,30,cat_80_d6,boosting,-2.4837103890441368,,,,,,,,,,,0.2108806999749504
freesolv,regression,3,2,seeded_scaffold_group_balanced,seeded_scaffold_group_balanced,30,cat_80_d6,boosting,-2.589825045411046,,,,,,,,,,,0.2697797000291757
freesolv,regression,3,3,seeded_scaffold_group_balanced,seeded_scaffold_group_balanced,30,cat_80_d6,boosting,-4.258850274573257,,,,,,,,,,,0.1838564000208862
freesolv,regression,3,1,seeded_scaffold_group_balanced,seeded_scaffold_group_balanced,31,cat_100_d4,boosting,-2.509651487484058,,,,,,,,,,,0.1273024000111036
freesolv,regression,3,2,seeded_scaffold_group_balanced,seeded_scaffold_group_balanced,31,cat_100_d4,boosting,-2.6374843178074148,,,,,,,,,,,0.1319091999903321
freesolv,regression,3,3,seeded_scaffold_group_balanced,seeded_scaffold_group_balanced,31,cat_100_d4,boosting,-4.366395922025949,,,,,,,,,,,0.1350463000126183
freesolv,regression,3,1,seeded_scaffold_group_balanced,seeded_scaffold_group_balanced,32,cat_60_d8,boosting,-2.386356987507483,,,,,,,,,,,0.2813141000224277
freesolv,regression,3,2,seeded_scaffold_group_balanced,seeded_scaffold_group_balanced,32,cat_60_d8,boosting,-2.5431614457097607,,,,,,,,,,,0.2684235000051558
freesolv,regression,3,3,seeded_scaffold_group_balanced,seeded_scaffold_group_balanced,32,cat_60_d8,boosting,-4.144956665020774,,,,,,,,,,,0.280091300024651
lipo,regression,1,1,seeded_scaffold_group_balanced,seeded_scaffold_group_balanced,1,ridge_a0.1,linear,-1.115912956275687,,,,,,,,,,,0.0121511999750509
lipo,regression,1,2,seeded_scaffold_group_balanced,seeded_scaffold_group_balanced,1,ridge_a0.1,linear,-1.2162933315004307,,,,,,,,,,,0.0115925999707542
lipo,regression,1,3,seeded_scaffold_group_balanced,seeded_scaffold_group_balanced,1,ridge_a0.1,linear,-1.201279112631288,,,,,,,,,,,0.0094608999788761
lipo,regression,1,1,seeded_scaffold_group_balanced,seeded_scaffold_group_balanced,2,ridge_a1,linear,-1.0962469595681494,,,,,,,,,,,0.0101068999501876
lipo,regression,1,2,seeded_scaffold_group_balanced,seeded_scaffold_group_balanced,2,ridge_a1,linear,-1.2011229501854852,,,,,,,,,,,0.010517599992454
lipo,regression,1,3,seeded_scaffold_group_balanced,seeded_scaffold_group_balanced,2,ridge_a1,linear,-1.187519799901696,,,,,,,,,,,0.0110860000131651
lipo,regression,1,1,seeded_scaffold_group_balanced,seeded_scaffold_group_balanced,3,ridge_a10,linear,-1.0134184292392827,,,,,,,,,,,0.0096925999969244
lipo,regression,1,2,seeded_scaffold_group_balanced,seeded_scaffold_group_balanced,3,ridge_a10,linear,-1.1308602887725148,,,,,,,,,,,0.0101396000245586
lipo,regression,1,3,seeded_scaffold_group_balanced,seeded_scaffold_group_balanced,3,ridge_a10,linear,-1.1247779046449586,,,,,,,,,,,0.0116957999998703
lipo,regression,1,1,seeded_scaffold_group_balanced,seeded_scaffold_group_balanced,4,elasticnet_a0.001,linear,-1.0659409558094477,,,,,,,,,,,0.0232012000051327
lipo,regression,1,2,seeded_scaffold_group_balanced,seeded_scaffold_group_balanced,4,elasticnet_a0.001,linear,-1.1747155652350236,,,,,,,,,,,0.0274355000001378
lipo,regression,1,3,seeded_scaffold_group_balanced,seeded_scaffold_group_balanced,4,elasticnet_a0.001,linear,-1.164286139046751,,,,,,,,,,,0.0241656000143848
lipo,regression,1,1,seeded_scaffold_group_balanced,seeded_scaffold_group_balanced,5,rf_60_sqrt,bagging,-0.9593788038936024,,,,,,,,,,,0.096815199998673
lipo,regression,1,2,seeded_scaffold_group_balanced,seeded_scaffold_group_balanced,5,rf_60_sqrt,bagging,-1.0855529914322244,,,,,,,,,,,0.1038050999632105
lipo,regression,1,3,seeded_scaffold_group_balanced,seeded_scaffold_group_balanced,5,rf_60_sqrt,bagging,-1.0889876258795983,,,,,,,,,,,0.0918314000009559
lipo,regression,1,1,seeded_scaffold_group_balanced,seeded_scaffold_group_balanced,6,rf_90_d12,bagging,-1.0157011282670054,,,,,,,,,,,0.1121708999853581
lipo,regression,1,2,seeded_scaffold_group_balanced,seeded_scaffold_group_balanced,6,rf_90_d12,bagging,-1.1434731956399944,,,,,,,,,,,0.1113155000493861
lipo,regression,1,3,seeded_scaffold_group_balanced,seeded_scaffold_group_balanced,6,rf_90_d12,bagging,-1.1078458170091086,,,,,,,,,,,0.10863099998096
lipo,regression,1,1,seeded_scaffold_group_balanced,seeded_scaffold_group_balanced,7,rf_90_leaf2,bagging,-0.9806418641193864,,,,,,,,,,,0.1203109000343829
lipo,regression,1,2,seeded_scaffold_group_balanced,seeded_scaffold_group_balanced,7,rf_90_leaf2,bagging,-1.106651903227677,,,,,,,,,,,0.1159618999809026
lipo,regression,1,3,seeded_scaffold_group_balanced,seeded_scaffold_group_balanced,7,rf_90_leaf2,bagging,-1.0839283563397402,,,,,,,,,,,0.1195992999710142
lipo,regression,1,1,seeded_scaffold_group_balanced,seeded_scaffold_group_balanced,8,rf_120_d20_leaf2,bagging,-0.9890027024365142,,,,,,,,,,,0.1416618000366725
lipo,regression,1,2,seeded_scaffold_group_balanced,seeded_scaffold_group_balanced,8,rf_120_d20_leaf2,bagging,-1.1118972727396816,,,,,,,,,,,0.1394093999988399
lipo,regression,1,3,seeded_scaffold_group_balanced,seeded_scaffold_group_balanced,8,rf_120_d20_leaf2,bagging,-1.086712202645192,,,,,,,,,,,0.1563878000015393
lipo,regression,1,1,seeded_scaffold_group_balanced,seeded_scaffold_group_balanced,9,et_60_sqrt,bagging,-0.9414949810257656,,,,,,,,,,,0.0928643000079318
lipo,regression,1,2,seeded_scaffold_group_balanced,seeded_scaffold_group_balanced,9,et_60_sqrt,bagging,-1.077450779412897,,,,,,,,,,,0.096702600014396
lipo,regression,1,3,seeded_scaffold_group_balanced,seeded_scaffold_group_balanced,9,et_60_sqrt,bagging,-1.0616750864575095,,,,,,,,,,,0.1006183000281453
lipo,regression,1,1,seeded_scaffold_group_balanced,seeded_scaffold_group_balanced,10,et_90_d12,bagging,-1.0042184423610614,,,,,,,,,,,0.0891529999789781
lipo,regression,1,2,seeded_scaffold_group_balanced,seeded_scaffold_group_balanced,10,et_90_d12,bagging,-1.1356660029125134,,,,,,,,,,,0.0744276999612338
lipo,regression,1,3,seeded_scaffold_group_balanced,seeded_scaffold_group_balanced,10,et_90_d12,bagging,-1.089342189925059,,,,,,,,,,,0.0815209999564103
lipo,regression,1,1,seeded_scaffold_group_balanced,seeded_scaffold_group_balanced,11,et_90_leaf2,bagging,-0.9493704560069488,,,,,,,,,,,0.1083374999579973
lipo,regression,1,2,seeded_scaffold_group_balanced,seeded_scaffold_group_balanced,11,et_90_leaf2,bagging,-1.0819561425548316,,,,,,,,,,,0.1280764000257477
lipo,regression,1,3,seeded_scaffold_group_balanced,seeded_scaffold_group_balanced,11,et_90_leaf2,bagging,-1.0638912496347168,,,,,,,,,,,0.124869099992793
lipo,regression,1,1,seeded_scaffold_group_balanced,seeded_scaffold_group_balanced,12,et_120_d20_leaf2,bagging,-0.959679533847662,,,,,,,,,,,0.1263633000198751
lipo,regression,1,2,seeded_scaffold_group_balanced,seeded_scaffold_group_balanced,12,et_120_d20_leaf2,bagging,-1.093914087782948,,,,,,,,,,,0.1243117999983951
lipo,regression,1,3,seeded_scaffold_group_balanced,seeded_scaffold_group_balanced,12,et_120_d20_leaf2,bagging,-1.0692350874250012,,,,,,,,,,,0.1290632999734953
lipo,regression,1,1,seeded_scaffold_group_balanced,seeded_scaffold_group_balanced,13,histgb_lr0.05,boosting,-0.947553391138292,,,,,,,,,,,1.3073945999494754
lipo,regression,1,2,seeded_scaffold_group_balanced,seeded_scaffold_group_balanced,13,histgb_lr0.05,boosting,-1.057484093997944,,,,,,,,,,,1.7576708999695256
lipo,regression,1,3,seeded_scaffold_group_balanced,seeded_scaffold_group_balanced,13,histgb_lr0.05,boosting,-1.048675984491194,,,,,,,,,,,1.7773219000082463
lipo,regression,1,1,seeded_scaffold_group_balanced,seeded_scaffold_group_balanced,14,histgb_lr0.1,boosting,-0.9143029828305794,,,,,,,,,,,1.4241406999644823
lipo,regression,1,2,seeded_scaffold_group_balanced,seeded_scaffold_group_balanced,14,histgb_lr0.1,boosting,-1.0406166607057488,,,,,,,,,,,1.3787876999704167
lipo,regression,1,3,seeded_scaffold_group_balanced,seeded_scaffold_group_balanced,14,histgb_lr0.1,boosting,-1.0212982193541449,,,,,,,,,,,1.4033273000386544
lipo,regression,1,1,seeded_scaffold_group_balanced,seeded_scaffold_group_balanced,15,gb_lr0.05_d2,boosting,-1.0641755794475751,,,,,,,,,,,0.9402841000119224
lipo,regression,1,2,seeded_scaffold_group_balanced,seeded_scaffold_group_balanced,15,gb_lr0.05_d2,boosting,-1.1807293801212433,,,,,,,,,,,0.9479511000099592
lipo,regression,1,3,seeded_scaffold_group_balanced,seeded_scaffold_group_balanced,15,gb_lr0.05_d2,boosting,-1.1205413850203017,,,,,,,,,,,0.8876650999882258
lipo,regression,1,1,seeded_scaffold_group_balanced,seeded_scaffold_group_balanced,16,gb_lr0.1_d3,boosting,-0.9922581874167428,,,,,,,,,,,1.1656261999742128
lipo,regression,1,2,seeded_scaffold_group_balanced,seeded_scaffold_group_balanced,16,gb_lr0.1_d3,boosting,-1.1063403508706957,,,,,,,,,,,1.077588900050614
lipo,regression,1,3,seeded_scaffold_group_balanced,seeded_scaffold_group_balanced,16,gb_lr0.1_d3,boosting,-1.0650065199520655,,,,,,,,,,,1.0929107999545522
lipo,regression,1,1,seeded_scaffold_group_balanced,seeded_scaffold_group_balanced,17,lgbm_60_l15,boosting,-0.9963168272478086,,,,,,,,,,,0.0586136999772861
lipo,regression,1,2,seeded_scaffold_group_balanced,seeded_scaffold_group_balanced,17,lgbm_60_l15,boosting,-1.1026474166705384,,,,,,,,,,,0.0579570999834686
lipo,regression,1,3,seeded_scaffold_group_balanced,seeded_scaffold_group_balanced,17,lgbm_60_l15,boosting,-1.0720233566026371,,,,,,,,,,,0.0605892000021413
lipo,regression,1,1,seeded_scaffold_group_balanced,seeded_scaffold_group_balanced,18,lgbm_90_l31,boosting,-0.9223321680347116,,,,,,,,,,,0.1141733999829739
lipo,regression,1,2,seeded_scaffold_group_balanced,seeded_scaffold_group_balanced,18,lgbm_90_l31,boosting,-1.0495678976456206,,,,,,,,,,,0.1028609999921172
lipo,regression,1,3,seeded_scaffold_group_balanced,seeded_scaffold_group_balanced,18,lgbm_90_l31,boosting,-1.0290432885778351,,,,,,,,,,,0.100349600019399
lipo,regression,1,1,seeded_scaffold_group_balanced,seeded_scaffold_group_balanced,19,lgbm_60_l63,boosting,-0.9173728915648808,,,,,,,,,,,0.1179071000078693
lipo,regression,1,2,seeded_scaffold_group_balanced,seeded_scaffold_group_balanced,19,lgbm_60_l63,boosting,-1.0419451144843617,,,,,,,,,,,0.1167494999826885
lipo,regression,1,3,seeded_scaffold_group_balanced,seeded_scaffold_group_balanced,19,lgbm_60_l63,boosting,-1.0341562030370457,,,,,,,,,,,0.1072814000071957
lipo,regression,1,1,seeded_scaffold_group_balanced,seeded_scaffold_group_balanced,20,lgbm_100_leaf10,boosting,-0.9182866038284052,,,,,,,,,,,0.1129697000142186
lipo,regression,1,2,seeded_scaffold_group_balanced,seeded_scaffold_group_balanced,20,lgbm_100_leaf10,boosting,-1.0448059973747506,,,,,,,,,,,0.1333709000027738
lipo,regression,1,3,seeded_scaffold_group_balanced,seeded_scaffold_group_balanced,20,lgbm_100_leaf10,boosting,-1.0256326588577571,,,,,,,,,,,0.1127267000265419
lipo,regression,1,1,seeded_scaffold_group_balanced,seeded_scaffold_group_balanced,21,lgbm_100_leaf30,boosting,-0.9149876609435148,,,,,,,,,,,0.1103447999921627
lipo,regression,1,2,seeded_scaffold_group_balanced,seeded_scaffold_group_balanced,21,lgbm_100_leaf30,boosting,-1.0407368813504447,,,,,,,,,,,0.1112526999786496
lipo,regression,1,3,seeded_scaffold_group_balanced,seeded_scaffold_group_balanced,21,lgbm_100_leaf30,boosting,-1.0065065163873268,,,,,,,,,,,0.1028118000249378
lipo,regression,1,1,seeded_scaffold_group_balanced,seeded_scaffold_group_balanced,22,lgbm_80_ff0.7,boosting,-0.9118977588899142,,,,,,,,,,,0.0910386000177823
lipo,regression,1,2,seeded_scaffold_group_balanced,seeded_scaffold_group_balanced,22,lgbm_80_ff0.7,boosting,-1.0381500047990782,,,,,,,,,,,0.0969370999955572
lipo,regression,1,3,seeded_scaffold_group_balanced,seeded_scaffold_group_balanced,22,lgbm_80_ff0.7,boosting,-1.0219638626245775,,,,,,,,,,,0.0995048999902792
lipo,regression,1,1,seeded_scaffold_group_balanced,seeded_scaffold_group_balanced,23,lgbm_80_bag0.8,boosting,-0.9227497742910268,,,,,,,,,,,0.1093668999965302
lipo,regression,1,2,seeded_scaffold_group_balanced,seeded_scaffold_group_balanced,23,lgbm_80_bag0.8,boosting,-1.01401666035907,,,,,,,,,,,0.0955054999794811
lipo,regression,1,3,seeded_scaffold_group_balanced,seeded_scaffold_group_balanced,23,lgbm_80_bag0.8,boosting,-1.0157111276581905,,,,,,,,,,,0.0963131999596953
lipo,regression,1,1,seeded_scaffold_group_balanced,seeded_scaffold_group_balanced,24,lgbm_120_l15,boosting,-0.9459078419163052,,,,,,,,,,,0.1210601000348106
lipo,regression,1,2,seeded_scaffold_group_balanced,seeded_scaffold_group_balanced,24,lgbm_120_l15,boosting,-1.058491668974073,,,,,,,,,,,0.1162321000010706
lipo,regression,1,3,seeded_scaffold_group_balanced,seeded_scaffold_group_balanced,24,lgbm_120_l15,boosting,-1.0521092674057673,,,,,,,,,,,0.1380829999689012
lipo,regression,1,1,seeded_scaffold_group_balanced,seeded_scaffold_group_balanced,25,xgb_60_d3,boosting,-1.0176910911645354,,,,,,,,,,,0.1294123000116087
lipo,regression,1,2,seeded_scaffold_group_balanced,seeded_scaffold_group_balanced,25,xgb_60_d3,boosting,-1.1364604331936066,,,,,,,,,,,0.1221832999726757
lipo,regression,1,3,seeded_scaffold_group_balanced,seeded_scaffold_group_balanced,25,xgb_60_d3,boosting,-1.0974600620238883,,,,,,,,,,,0.1277518999995663
lipo,regression,1,1,seeded_scaffold_group_balanced,seeded_scaffold_group_balanced,26,xgb_80_d5,boosting,-0.9554059539370056,,,,,,,,,,,0.1874582999735139
lipo,regression,1,2,seeded_scaffold_group_balanced,seeded_scaffold_group_balanced,26,xgb_80_d5,boosting,-1.0845984814071004,,,,,,,,,,,0.1862349000293761
lipo,regression,1,3,seeded_scaffold_group_balanced,seeded_scaffold_group_balanced,26,xgb_80_d5,boosting,-1.0567580073475562,,,,,,,,,,,0.1932948000030592
lipo,regression,1,1,seeded_scaffold_group_balanced,seeded_scaffold_group_balanced,27,xgb_100_d3,boosting,-1.007364706030941,,,,,,,,,,,0.1738690999918617
lipo,regression,1,2,seeded_scaffold_group_balanced,seeded_scaffold_group_balanced,27,xgb_100_d3,boosting,-1.1219545220486236,,,,,,,,,,,0.1640625
lipo,regression,1,3,seeded_scaffold_group_balanced,seeded_scaffold_group_balanced,27,xgb_100_d3,boosting,-1.0747939630622163,,,,,,,,,,,0.1634824000066146
lipo,regression,1,1,seeded_scaffold_group_balanced,seeded_scaffold_group_balanced,28,xgb_60_d6,boosting,-0.9434156347090268,,,,,,,,,,,0.1726898999768309
lipo,regression,1,2,seeded_scaffold_group_balanced,seeded_scaffold_group_balanced,28,xgb_60_d6,boosting,-1.0788351578866255,,,,,,,,,,,0.1681038999813608
lipo,regression,1,3,seeded_scaffold_group_balanced,seeded_scaffold_group_balanced,28,xgb_60_d6,boosting,-1.0523176782307968,,,,,,,,,,,0.1749223000369966
lipo,regression,1,1,seeded_scaffold_group_balanced,seeded_scaffold_group_balanced,29,cat_60_d4,boosting,-1.0447336783736012,,,,,,,,,,,0.3708299999707378
lipo,regression,1,2,seeded_scaffold_group_balanced,seeded_scaffold_group_balanced,29,cat_60_d4,boosting,-1.1541367225948471,,,,,,,,,,,0.3190200000535697
lipo,regression,1,3,seeded_scaffold_group_balanced,seeded_scaffold_group_balanced,29,cat_60_d4,boosting,-1.117996535271947,,,,,,,,,,,0.3661103000049479
lipo,regression,1,1,seeded_scaffold_group_balanced,seeded_scaffold_group_balanced,30,cat_80_d6,boosting,-1.0201645274297657,,,,,,,,,,,1.1898478000075556
lipo,regression,1,2,seeded_scaffold_group_balanced,seeded_scaffold_group_balanced,30,cat_80_d6,boosting,-1.1326305235105711,,,,,,,,,,,1.1477503000060096
lipo,regression,1,3,seeded_scaffold_group_balanced,seeded_scaffold_group_balanced,30,cat_80_d6,boosting,-1.0975528207015304,,,,,,,,,,,1.194628700031899
lipo,regression,1,1,seeded_scaffold_group_balanced,seeded_scaffold_group_balanced,31,cat_100_d4,boosting,-1.0406357273424378,,,,,,,,,,,0.5157316999975592
lipo,regression,1,2,seeded_scaffold_group_balanced,seeded_scaffold_group_balanced,31,cat_100_d4,boosting,-1.1555584841851867,,,,,,,,,,,0.4810920999734662
lipo,regression,1,3,seeded_scaffold_group_balanced,seeded_scaffold_group_balanced,31,cat_100_d4,boosting,-1.1120782043109902,,,,,,,,,,,0.4922646000050008
lipo,regression,1,1,seeded_scaffold_group_balanced,seeded_scaffold_group_balanced,32,cat_60_d8,boosting,-0.9952816544682994,,,,,,,,,,,3.06885969999712
lipo,regression,1,2,seeded_scaffold_group_balanced,seeded_scaffold_group_balanced,32,cat_60_d8,boosting,-1.116610175239103,,,,,,,,,,,3.1756599999498576
lipo,regression,1,3,seeded_scaffold_group_balanced,seeded_scaffold_group_balanced,32,cat_60_d8,boosting,-1.0715889764887427,,,,,,,,,,,3.3264881999930367
lipo,regression,2,1,seeded_scaffold_group_balanced,seeded_scaffold_group_balanced,1,ridge_a0.1,linear,-1.1177395397304497,,,,,,,,,,,0.0115575999952852
lipo,regression,2,2,seeded_scaffold_group_balanced,seeded_scaffold_group_balanced,1,ridge_a0.1,linear,-1.147227188658411,,,,,,,,,,,0.0120084000518545
lipo,regression,2,3,seeded_scaffold_group_balanced,seeded_scaffold_group_balanced,1,ridge_a0.1,linear,-1.2281591345693688,,,,,,,,,,,0.01009289996
lipo,regression,2,1,seeded_scaffold_group_balanced,seeded_scaffold_group_balanced,2,ridge_a1,linear,-1.099289188345119,,,,,,,,,,,0.010046900017187
lipo,regression,2,2,seeded_scaffold_group_balanced,seeded_scaffold_group_balanced,2,ridge_a1,linear,-1.1320217941591568,,,,,,,,,,,0.0110722999670542
lipo,regression,2,3,seeded_scaffold_group_balanced,seeded_scaffold_group_balanced,2,ridge_a1,linear,-1.2080487117762218,,,,,,,,,,,0.0109930000035092
lipo,regression,2,1,seeded_scaffold_group_balanced,seeded_scaffold_group_balanced,3,ridge_a10,linear,-1.0115306989154509,,,,,,,,,,,0.0099136999924667
lipo,regression,2,2,seeded_scaffold_group_balanced,seeded_scaffold_group_balanced,3,ridge_a10,linear,-1.0608178324159008,,,,,,,,,,,0.0122178999590687
lipo,regression,2,3,seeded_scaffold_group_balanced,seeded_scaffold_group_balanced,3,ridge_a10,linear,-1.1258400962770212,,,,,,,,,,,0.0102435000007972
lipo,regression,2,1,seeded_scaffold_group_balanced,seeded_scaffold_group_balanced,4,elasticnet_a0.001,linear,-1.068634149212006,,,,,,,,,,,0.0232682999921962
lipo,regression,2,2,seeded_scaffold_group_balanced,seeded_scaffold_group_balanced,4,elasticnet_a0.001,linear,-1.106959333142942,,,,,,,,,,,0.0311660000006668
lipo,regression,2,3,seeded_scaffold_group_balanced,seeded_scaffold_group_balanced,4,elasticnet_a0.001,linear,-1.176080864565206,,,,,,,,,,,0.0314693999825976
lipo,regression,2,1,seeded_scaffold_group_balanced,seeded_scaffold_group_balanced,5,rf_60_sqrt,bagging,-0.9387259938251612,,,,,,,,,,,0.0874182999832555
lipo,regression,2,2,seeded_scaffold_group_balanced,seeded_scaffold_group_balanced,5,rf_60_sqrt,bagging,-0.9853480400589368,,,,,,,,,,,0.0880111000151373
lipo,regression,2,3,seeded_scaffold_group_balanced,seeded_scaffold_group_balanced,5,rf_60_sqrt,bagging,-1.0975003569016035,,,,,,,,,,,0.0975357000133954
lipo,regression,2,1,seeded_scaffold_group_balanced,seeded_scaffold_group_balanced,6,rf_90_d12,bagging,-0.9927251685768288,,,,,,,,,,,0.1073130999575369
lipo,regression,2,2,seeded_scaffold_group_balanced,seeded_scaffold_group_balanced,6,rf_90_d12,bagging,-1.0166894653145306,,,,,,,,,,,0.108950600028038
lipo,regression,2,3,seeded_scaffold_group_balanced,seeded_scaffold_group_balanced,6,rf_90_d12,bagging,-1.1459822444529764,,,,,,,,,,,0.1145172000396996
lipo,regression,2,1,seeded_scaffold_group_balanced,seeded_scaffold_group_balanced,7,rf_90_leaf2,bagging,-0.94814842308138,,,,,,,,,,,0.1161971999681554
lipo,regression,2,2,seeded_scaffold_group_balanced,seeded_scaffold_group_balanced,7,rf_90_leaf2,bagging,-0.9954287837089938,,,,,,,,,,,0.1153317000134848
lipo,regression,2,3,seeded_scaffold_group_balanced,seeded_scaffold_group_balanced,7,rf_90_leaf2,bagging,-1.1063420887068725,,,,,,,,,,,0.1172057000221684
lipo,regression,2,1,seeded_scaffold_group_balanced,seeded_scaffold_group_balanced,8,rf_120_d20_leaf2,bagging,-0.9601448585775854,,,,,,,,,,,0.1371283999760635
lipo,regression,2,2,seeded_scaffold_group_balanced,seeded_scaffold_group_balanced,8,rf_120_d20_leaf2,bagging,-1.0049127910447329,,,,,,,,,,,0.1331989000318572
lipo,regression,2,3,seeded_scaffold_group_balanced,seeded_scaffold_group_balanced,8,rf_120_d20_leaf2,bagging,-1.1201967283752434,,,,,,,,,,,0.1341213999548927
lipo,regression,2,1,seeded_scaffold_group_balanced,seeded_scaffold_group_balanced,9,et_60_sqrt,bagging,-0.93972292848763,,,,,,,,,,,0.0911196999950334
lipo,regression,2,2,seeded_scaffold_group_balanced,seeded_scaffold_group_balanced,9,et_60_sqrt,bagging,-0.9853842119387052,,,,,,,,,,,0.0890170000493526
lipo,regression,2,3,seeded_scaffold_group_balanced,seeded_scaffold_group_balanced,9,et_60_sqrt,bagging,-1.0819142661660968,,,,,,,,,,,0.0854394999914802
lipo,regression,2,1,seeded_scaffold_group_balanced,seeded_scaffold_group_balanced,10,et_90_d12,bagging,-0.9776168307613072,,,,,,,,,,,0.0803225999698042
lipo,regression,2,2,seeded_scaffold_group_balanced,seeded_scaffold_group_balanced,10,et_90_d12,bagging,-1.005645813628694,,,,,,,,,,,0.0810752999968826
lipo,regression,2,3,seeded_scaffold_group_balanced,seeded_scaffold_group_balanced,10,et_90_d12,bagging,-1.134568607831952,,,,,,,,,,,0.0805667000240646
lipo,regression,2,1,seeded_scaffold_group_balanced,seeded_scaffold_group_balanced,11,et_90_leaf2,bagging,-0.9335623356644804,,,,,,,,,,,0.0950865999911911
lipo,regression,2,2,seeded_scaffold_group_balanced,seeded_scaffold_group_balanced,11,et_90_leaf2,bagging,-0.9672577712750724,,,,,,,,,,,0.0966839999891817
lipo,regression,2,3,seeded_scaffold_group_balanced,seeded_scaffold_group_balanced,11,et_90_leaf2,bagging,-1.0817957419022628,,,,,,,,,,,0.091502399998717
lipo,regression,2,1,seeded_scaffold_group_balanced,seeded_scaffold_group_balanced,12,et_120_d20_leaf2,bagging,-0.9392278162586312,,,,,,,,,,,0.1054523000493645
lipo,regression,2,2,seeded_scaffold_group_balanced,seeded_scaffold_group_balanced,12,et_120_d20_leaf2,bagging,-0.9778042916954732,,,,,,,,,,,0.1064721000147983
lipo,regression,2,3,seeded_scaffold_group_balanced,seeded_scaffold_group_balanced,12,et_120_d20_leaf2,bagging,-1.0932724470409951,,,,,,,,,,,0.1031086999573744
lipo,regression,2,1,seeded_scaffold_group_balanced,seeded_scaffold_group_balanced,13,histgb_lr0.05,boosting,-0.9491296590307062,,,,,,,,,,,1.1514223999693058
lipo,regression,2,2,seeded_scaffold_group_balanced,seeded_scaffold_group_balanced,13,histgb_lr0.05,boosting,-0.98835650554831,,,,,,,,,,,1.1579188999603502
lipo,regression,2,3,seeded_scaffold_group_balanced,seeded_scaffold_group_balanced,13,histgb_lr0.05,boosting,-1.0819343046099263,,,,,,,,,,,1.1652426000218838
lipo,regression,2,1,seeded_scaffold_group_balanced,seeded_scaffold_group_balanced,14,histgb_lr0.1,boosting,-0.9295922165784152,,,,,,,,,,,0.9666402000002564
lipo,regression,2,2,seeded_scaffold_group_balanced,seeded_scaffold_group_balanced,14,histgb_lr0.1,boosting,-0.9864093636053534,,,,,,,,,,,1.0195594999822788
lipo,regression,2,3,seeded_scaffold_group_balanced,seeded_scaffold_group_balanced,14,histgb_lr0.1,boosting,-1.0475790706124928,,,,,,,,,,,1.161715499998536
lipo,regression,2,1,seeded_scaffold_group_balanced,seeded_scaffold_group_balanced,15,gb_lr0.05_d2,boosting,-1.058378436253944,,,,,,,,,,,0.9745165000203996
lipo,regression,2,2,seeded_scaffold_group_balanced,seeded_scaffold_group_balanced,15,gb_lr0.05_d2,boosting,-1.064597397030004,,,,,,,,,,,0.9267610000097192
lipo,regression,2,3,seeded_scaffold_group_balanced,seeded_scaffold_group_balanced,15,gb_lr0.05_d2,boosting,-1.1989437518399475,,,,,,,,,,,0.917651699972339
lipo,regression,2,1,seeded_scaffold_group_balanced,seeded_scaffold_group_balanced,16,gb_lr0.1_d3,boosting,-0.9839791445689416,,,,,,,,,,,1.1690538999973796
lipo,regression,2,2,seeded_scaffold_group_balanced,seeded_scaffold_group_balanced,16,gb_lr0.1_d3,boosting,-1.0163478705520317,,,,,,,,,,,1.2183024000260048
lipo,regression,2,3,seeded_scaffold_group_balanced,seeded_scaffold_group_balanced,16,gb_lr0.1_d3,boosting,-1.1173000142947325,,,,,,,,,,,1.1621674000052735
lipo,regression,2,1,seeded_scaffold_group_balanced,seeded_scaffold_group_balanced,17,lgbm_60_l15,boosting,-0.9754714387142984,,,,,,,,,,,0.0683791000046767
lipo,regression,2,2,seeded_scaffold_group_balanced,seeded_scaffold_group_balanced,17,lgbm_60_l15,boosting,-1.0085536496167211,,,,,,,,,,,0.0628672000020742
lipo,regression,2,3,seeded_scaffold_group_balanced,seeded_scaffold_group_balanced,17,lgbm_60_l15,boosting,-1.117054896150793,,,,,,,,,,,0.0608873000019229
lipo,regression,2,1,seeded_scaffold_group_balanced,seeded_scaffold_group_balanced,18,lgbm_90_l31,boosting,-0.9373845594933682,,,,,,,,,,,0.1353349999990314
lipo,regression,2,2,seeded_scaffold_group_balanced,seeded_scaffold_group_balanced,18,lgbm_90_l31,boosting,-0.9691639500663384,,,,,,,,,,,0.1228192000417038
lipo,regression,2,3,seeded_scaffold_group_balanced,seeded_scaffold_group_balanced,18,lgbm_90_l31,boosting,-1.0475197042102082,,,,,,,,,,,0.1106746000004932
lipo,regression,2,1,seeded_scaffold_group_balanced,seeded_scaffold_group_balanced,19,lgbm_60_l63,boosting,-0.9279390640336156,,,,,,,,,,,0.11709819996031
lipo,regression,2,2,seeded_scaffold_group_balanced,seeded_scaffold_group_balanced,19,lgbm_60_l63,boosting,-0.9685914586407692,,,,,,,,,,,0.1257875000010244
lipo,regression,2,3,seeded_scaffold_group_balanced,seeded_scaffold_group_balanced,19,lgbm_60_l63,boosting,-1.02943425716337,,,,,,,,,,,0.1172240999876521
lipo,regression,2,1,seeded_scaffold_group_balanced,seeded_scaffold_group_balanced,20,lgbm_100_leaf10,boosting,-0.9386032226234756,,,,,,,,,,,0.1243767000269144
lipo,regression,2,2,seeded_scaffold_group_balanced,seeded_scaffold_group_balanced,20,lgbm_100_leaf10,boosting,-0.9656977387955072,,,,,,,,,,,0.1507495999685488
lipo,regression,2,3,seeded_scaffold_group_balanced,seeded_scaffold_group_balanced,20,lgbm_100_leaf10,boosting,-1.0540179416722912,,,,,,,,,,,0.117448599950876
lipo,regression,2,1,seeded_scaffold_group_balanced,seeded_scaffold_group_balanced,21,lgbm_100_leaf30,boosting,-0.9336590712758002,,,,,,,,,,,0.10968369996408
lipo,regression,2,2,seeded_scaffold_group_balanced,seeded_scaffold_group_balanced,21,lgbm_100_leaf30,boosting,-0.949712751423971,,,,,,,,,,,0.1179706999682821
lipo,regression,2,3,seeded_scaffold_group_balanced,seeded_scaffold_group_balanced,21,lgbm_100_leaf30,boosting,-1.04604681281849,,,,,,,,,,,0.1102837999933399
lipo,regression,2,1,seeded_scaffold_group_balanced,seeded_scaffold_group_balanced,22,lgbm_80_ff0.7,boosting,-0.9180371346869056,,,,,,,,,,,0.1033905000076629
lipo,regression,2,2,seeded_scaffold_group_balanced,seeded_scaffold_group_balanced,22,lgbm_80_ff0.7,boosting,-0.955029180733063,,,,,,,,,,,0.1061493000015616
lipo,regression,2,3,seeded_scaffold_group_balanced,seeded_scaffold_group_balanced,22,lgbm_80_ff0.7,boosting,-1.0405061699960745,,,,,,,,,,,0.1178106000297702
lipo,regression,2,1,seeded_scaffold_group_balanced,seeded_scaffold_group_balanced,23,lgbm_80_bag0.8,boosting,-0.915672139554764,,,,,,,,,,,0.1109491999959573
lipo,regression,2,2,seeded_scaffold_group_balanced,seeded_scaffold_group_balanced,23,lgbm_80_bag0.8,boosting,-0.958777860315415,,,,,,,,,,,0.1134963000076823
lipo,regression,2,3,seeded_scaffold_group_balanced,seeded_scaffold_group_balanced,23,lgbm_80_bag0.8,boosting,-1.0307087279254972,,,,,,,,,,,0.100606299994979
lipo,regression,2,1,seeded_scaffold_group_balanced,seeded_scaffold_group_balanced,24,lgbm_120_l15,boosting,-0.9489865134897736,,,,,,,,,,,0.0881194000248797
lipo,regression,2,2,seeded_scaffold_group_balanced,seeded_scaffold_group_balanced,24,lgbm_120_l15,boosting,-0.9916728118182456,,,,,,,,,,,0.0892453000415116
lipo,regression,2,3,seeded_scaffold_group_balanced,seeded_scaffold_group_balanced,24,lgbm_120_l15,boosting,-1.0783296215624467,,,,,,,,,,,0.1334584000287577
lipo,regression,2,1,seeded_scaffold_group_balanced,seeded_scaffold_group_balanced,25,xgb_60_d3,boosting,-1.0123401704700763,,,,,,,,,,,0.0969165999558754
lipo,regression,2,2,seeded_scaffold_group_balanced,seeded_scaffold_group_balanced,25,xgb_60_d3,boosting,-1.036291598936884,,,,,,,,,,,0.0974424000014551
lipo,regression,2,3,seeded_scaffold_group_balanced,seeded_scaffold_group_balanced,25,xgb_60_d3,boosting,-1.149197095800632,,,,,,,,,,,0.1022058999515138
lipo,regression,2,1,seeded_scaffold_group_balanced,seeded_scaffold_group_balanced,26,xgb_80_d5,boosting,-0.9614310330186824,,,,,,,,,,,0.1499154000193812
lipo,regression,2,2,seeded_scaffold_group_balanced,seeded_scaffold_group_balanced,26,xgb_80_d5,boosting,-0.9844830324664152,,,,,,,,,,,0.1521999000106006
lipo,regression,2,3,seeded_scaffold_group_balanced,seeded_scaffold_group_balanced,26,xgb_80_d5,boosting,-1.1094834000788945,,,,,,,,,,,0.1471357000409625
lipo,regression,2,1,seeded_scaffold_group_balanced,seeded_scaffold_group_balanced,27,xgb_100_d3,boosting,-1.0029379403402952,,,,,,,,,,,0.1305013999808579
lipo,regression,2,2,seeded_scaffold_group_balanced,seeded_scaffold_group_balanced,27,xgb_100_d3,boosting,-1.0258665892154195,,,,,,,,,,,0.1160378999775275
lipo,regression,2,3,seeded_scaffold_group_balanced,seeded_scaffold_group_balanced,27,xgb_100_d3,boosting,-1.1360989238484267,,,,,,,,,,,0.1155571000417694
lipo,regression,2,1,seeded_scaffold_group_balanced,seeded_scaffold_group_balanced,28,xgb_60_d6,boosting,-0.9444390665428238,,,,,,,,,,,0.1301807000418193
lipo,regression,2,2,seeded_scaffold_group_balanced,seeded_scaffold_group_balanced,28,xgb_60_d6,boosting,-0.9846745137534676,,,,,,,,,,,0.1329163999762386
lipo,regression,2,3,seeded_scaffold_group_balanced,seeded_scaffold_group_balanced,28,xgb_60_d6,boosting,-1.0882031121292317,,,,,,,,,,,0.146173000044655
lipo,regression,2,1,seeded_scaffold_group_balanced,seeded_scaffold_group_balanced,29,cat_60_d4,boosting,-1.025457058635941,,,,,,,,,,,0.3076325999572873
lipo,regression,2,2,seeded_scaffold_group_balanced,seeded_scaffold_group_balanced,29,cat_60_d4,boosting,-1.0385338092422292,,,,,,,,,,,0.3290622999775223
lipo,regression,2,3,seeded_scaffold_group_balanced,seeded_scaffold_group_balanced,29,cat_60_d4,boosting,-1.1746380887260552,,,,,,,,,,,0.3433449000003747
lipo,regression,2,1,seeded_scaffold_group_balanced,seeded_scaffold_group_balanced,30,cat_80_d6,boosting,-1.0057248653544328,,,,,,,,,,,1.2243703000131063
lipo,regression,2,2,seeded_scaffold_group_balanced,seeded_scaffold_group_balanced,30,cat_80_d6,boosting,-1.025949982744732,,,,,,,,,,,1.274607900006231
lipo,regression,2,3,seeded_scaffold_group_balanced,seeded_scaffold_group_balanced,30,cat_80_d6,boosting,-1.1527133767459357,,,,,,,,,,,1.461839499999769
lipo,regression,2,1,seeded_scaffold_group_balanced,seeded_scaffold_group_balanced,31,cat_100_d4,boosting,-1.0233071785873875,,,,,,,,,,,0.6451195999979973
lipo,regression,2,2,seeded_scaffold_group_balanced,seeded_scaffold_group_balanced,31,cat_100_d4,boosting,-1.0402058586678964,,,,,,,,,,,0.5629187999875285
lipo,regression,2,3,seeded_scaffold_group_balanced,seeded_scaffold_group_balanced,31,cat_100_d4,boosting,-1.180250693203029,,,,,,,,,,,0.4987052999786101
lipo,regression,2,1,seeded_scaffold_group_balanced,seeded_scaffold_group_balanced,32,cat_60_d8,boosting,-0.9862658979689088,,,,,,,,,,,3.3170547999907285
lipo,regression,2,2,seeded_scaffold_group_balanced,seeded_scaffold_group_balanced,32,cat_60_d8,boosting,-1.0174528587511298,,,,,,,,,,,3.225010199996177
lipo,regression,2,3,seeded_scaffold_group_balanced,seeded_scaffold_group_balanced,32,cat_60_d8,boosting,-1.1494885564806618,,,,,,,,,,,3.581211599987
lipo,regression,3,1,seeded_scaffold_group_balanced,seeded_scaffold_group_balanced,1,ridge_a0.1,linear,-1.13668220874027,,,,,,,,,,,0.0139090999728068
lipo,regression,3,2,seeded_scaffold_group_balanced,seeded_scaffold_group_balanced,1,ridge_a0.1,linear,-1.213214056638619,,,,,,,,,,,0.0159599999897182
lipo,regression,3,3,seeded_scaffold_group_balanced,seeded_scaffold_group_balanced,1,ridge_a0.1,linear,-1.1570846883365886,,,,,,,,,,,0.0124969000462442
lipo,regression,3,1,seeded_scaffold_group_balanced,seeded_scaffold_group_balanced,2,ridge_a1,linear,-1.119511001144566,,,,,,,,,,,0.0119071999797597
lipo,regression,3,2,seeded_scaffold_group_balanced,seeded_scaffold_group_balanced,2,ridge_a1,linear,-1.1981748268913452,,,,,,,,,,,0.0150424999883398
lipo,regression,3,3,seeded_scaffold_group_balanced,seeded_scaffold_group_balanced,2,ridge_a1,linear,-1.1430336061934638,,,,,,,,,,,0.0152169999782927
lipo,regression,3,1,seeded_scaffold_group_balanced,seeded_scaffold_group_balanced,3,ridge_a10,linear,-1.0428358033510534,,,,,,,,,,,0.0141261999960988
lipo,regression,3,2,seeded_scaffold_group_balanced,seeded_scaffold_group_balanced,3,ridge_a10,linear,-1.1271249788656343,,,,,,,,,,,0.013895499985665
lipo,regression,3,3,seeded_scaffold_group_balanced,seeded_scaffold_group_balanced,3,ridge_a10,linear,-1.0859394762935524,,,,,,,,,,,0.0133475000038743
lipo,regression,3,1,seeded_scaffold_group_balanced,seeded_scaffold_group_balanced,4,elasticnet_a0.001,linear,-1.0909194453993394,,,,,,,,,,,0.0333664999925531
lipo,regression,3,2,seeded_scaffold_group_balanced,seeded_scaffold_group_balanced,4,elasticnet_a0.001,linear,-1.174106200126159,,,,,,,,,,,0.0347819000016897
lipo,regression,3,3,seeded_scaffold_group_balanced,seeded_scaffold_group_balanced,4,elasticnet_a0.001,linear,-1.120672833429321,,,,,,,,,,,0.0268615999957546
lipo,regression,3,1,seeded_scaffold_group_balanced,seeded_scaffold_group_balanced,5,rf_60_sqrt,bagging,-0.9660464906734576,,,,,,,,,,,0.1038401999976486
lipo,regression,3,2,seeded_scaffold_group_balanced,seeded_scaffold_group_balanced,5,rf_60_sqrt,bagging,-1.0660297105613925,,,,,,,,,,,0.1027441999758593
lipo,regression,3,3,seeded_scaffold_group_balanced,seeded_scaffold_group_balanced,5,rf_60_sqrt,bagging,-1.0902176104420198,,,,,,,,,,,0.1059276000014506
lipo,regression,3,1,seeded_scaffold_group_balanced,seeded_scaffold_group_balanced,6,rf_90_d12,bagging,-1.009421411850363,,,,,,,,,,,0.1397335000219755
lipo,regression,3,2,seeded_scaffold_group_balanced,seeded_scaffold_group_balanced,6,rf_90_d12,bagging,-1.0984901580170976,,,,,,,,,,,0.1400423999875784
lipo,regression,3,3,seeded_scaffold_group_balanced,seeded_scaffold_group_balanced,6,rf_90_d12,bagging,-1.1415919829077033,,,,,,,,,,,0.1441455999738536
lipo,regression,3,1,seeded_scaffold_group_balanced,seeded_scaffold_group_balanced,7,rf_90_leaf2,bagging,-0.9716094269907888,,,,,,,,,,,0.1067017000168562
lipo,regression,3,2,seeded_scaffold_group_balanced,seeded_scaffold_group_balanced,7,rf_90_leaf2,bagging,-1.0601268723679809,,,,,,,,,,,0.1093338000355288
lipo,regression,3,3,seeded_scaffold_group_balanced,seeded_scaffold_group_balanced,7,rf_90_leaf2,bagging,-1.0973420312122013,,,,,,,,,,,0.1049682999728247
lipo,regression,3,1,seeded_scaffold_group_balanced,seeded_scaffold_group_balanced,8,rf_120_d20_leaf2,bagging,-0.9841722766952014,,,,,,,,,,,0.1310702000046149
lipo,regression,3,2,seeded_scaffold_group_balanced,seeded_scaffold_group_balanced,8,rf_120_d20_leaf2,bagging,-1.0724249710674822,,,,,,,,,,,0.1408972999779507
lipo,regression,3,3,seeded_scaffold_group_balanced,seeded_scaffold_group_balanced,8,rf_120_d20_leaf2,bagging,-1.1107807181828484,,,,,,,,,,,0.1659190999926068
lipo,regression,3,1,seeded_scaffold_group_balanced,seeded_scaffold_group_balanced,9,et_60_sqrt,bagging,-0.9563164857847885,,,,,,,,,,,0.0960347999935038
lipo,regression,3,2,seeded_scaffold_group_balanced,seeded_scaffold_group_balanced,9,et_60_sqrt,bagging,-1.0499467937699505,,,,,,,,,,,0.0882024000165984
lipo,regression,3,3,seeded_scaffold_group_balanced,seeded_scaffold_group_balanced,9,et_60_sqrt,bagging,-1.063674802492529,,,,,,,,,,,0.097693599993363
lipo,regression,3,1,seeded_scaffold_group_balanced,seeded_scaffold_group_balanced,10,et_90_d12,bagging,-0.9957701090359315,,,,,,,,,,,0.0951247000484727
lipo,regression,3,2,seeded_scaffold_group_balanced,seeded_scaffold_group_balanced,10,et_90_d12,bagging,-1.0857077274586455,,,,,,,,,,,0.0910053999978117
lipo,regression,3,3,seeded_scaffold_group_balanced,seeded_scaffold_group_balanced,10,et_90_d12,bagging,-1.127004944328708,,,,,,,,,,,0.0826399999787099
lipo,regression,3,1,seeded_scaffold_group_balanced,seeded_scaffold_group_balanced,11,et_90_leaf2,bagging,-0.9543569257367364,,,,,,,,,,,0.0899562000413425
lipo,regression,3,2,seeded_scaffold_group_balanced,seeded_scaffold_group_balanced,11,et_90_leaf2,bagging,-1.0444943511689004,,,,,,,,,,,0.1006300000008195
lipo,regression,3,3,seeded_scaffold_group_balanced,seeded_scaffold_group_balanced,11,et_90_leaf2,bagging,-1.071944924664602,,,,,,,,,,,0.0985549999750219
lipo,regression,3,1,seeded_scaffold_group_balanced,seeded_scaffold_group_balanced,12,et_120_d20_leaf2,bagging,-0.9645368799423442,,,,,,,,,,,0.1106733999913558
lipo,regression,3,2,seeded_scaffold_group_balanced,seeded_scaffold_group_balanced,12,et_120_d20_leaf2,bagging,-1.0626776860471756,,,,,,,,,,,0.1173260000068694
lipo,regression,3,3,seeded_scaffold_group_balanced,seeded_scaffold_group_balanced,12,et_120_d20_leaf2,bagging,-1.084995129194355,,,,,,,,,,,0.1154040999826975
lipo,regression,3,1,seeded_scaffold_group_balanced,seeded_scaffold_group_balanced,13,histgb_lr0.05,boosting,-0.9610311951039088,,,,,,,,,,,1.1968484000535682
lipo,regression,3,2,seeded_scaffold_group_balanced,seeded_scaffold_group_balanced,13,histgb_lr0.05,boosting,-1.0520498058324887,,,,,,,,,,,1.2603151999646798
lipo,regression,3,3,seeded_scaffold_group_balanced,seeded_scaffold_group_balanced,13,histgb_lr0.05,boosting,-1.0783987965794248,,,,,,,,,,,1.1594518999918364
lipo,regression,3,1,seeded_scaffold_group_balanced,seeded_scaffold_group_balanced,14,histgb_lr0.1,boosting,-0.9515303432398872,,,,,,,,,,,1.1592258000164293
lipo,regression,3,2,seeded_scaffold_group_balanced,seeded_scaffold_group_balanced,14,histgb_lr0.1,boosting,-1.0234955780558952,,,,,,,,,,,1.0709407000103963
lipo,regression,3,3,seeded_scaffold_group_balanced,seeded_scaffold_group_balanced,14,histgb_lr0.1,boosting,-1.038689054319282,,,,,,,,,,,1.0800346999894828
lipo,regression,3,1,seeded_scaffold_group_balanced,seeded_scaffold_group_balanced,15,gb_lr0.05_d2,boosting,-1.0482432997405149,,,,,,,,,,,0.9367309999652208
lipo,regression,3,2,seeded_scaffold_group_balanced,seeded_scaffold_group_balanced,15,gb_lr0.05_d2,boosting,-1.1168327273480592,,,,,,,,,,,1.0177536999690346
lipo,regression,3,3,seeded_scaffold_group_balanced,seeded_scaffold_group_balanced,15,gb_lr0.05_d2,boosting,-1.2024764804820276,,,,,,,,,,,0.9757572999806144
lipo,regression,3,1,seeded_scaffold_group_balanced,seeded_scaffold_group_balanced,16,gb_lr0.1_d3,boosting,-0.9888374954892314,,,,,,,,,,,1.4317081000190228
lipo,regression,3,2,seeded_scaffold_group_balanced,seeded_scaffold_group_balanced,16,gb_lr0.1_d3,boosting,-1.0662111548786029,,,,,,,,,,,1.1119328999775462
lipo,regression,3,3,seeded_scaffold_group_balanced,seeded_scaffold_group_balanced,16,gb_lr0.1_d3,boosting,-1.1253735513206204,,,,,,,,,,,1.2781795000191778
lipo,regression,3,1,seeded_scaffold_group_balanced,seeded_scaffold_group_balanced,17,lgbm_60_l15,boosting,-0.9910113944499672,,,,,,,,,,,0.0866627999930642
lipo,regression,3,2,seeded_scaffold_group_balanced,seeded_scaffold_group_balanced,17,lgbm_60_l15,boosting,-1.06106514129394,,,,,,,,,,,0.0660514999763108
lipo,regression,3,3,seeded_scaffold_group_balanced,seeded_scaffold_group_balanced,17,lgbm_60_l15,boosting,-1.121884659960024,,,,,,,,,,,0.0620564999990165
lipo,regression,3,1,seeded_scaffold_group_balanced,seeded_scaffold_group_balanced,18,lgbm_90_l31,boosting,-0.94937971822153,,,,,,,,,,,0.1123466999852098
lipo,regression,3,2,seeded_scaffold_group_balanced,seeded_scaffold_group_balanced,18,lgbm_90_l31,boosting,-0.9980995508520606,,,,,,,,,,,0.1223697000532411
lipo,regression,3,3,seeded_scaffold_group_balanced,seeded_scaffold_group_balanced,18,lgbm_90_l31,boosting,-1.0318546918977525,,,,,,,,,,,0.114066099980846
lipo,regression,3,1,seeded_scaffold_group_balanced,seeded_scaffold_group_balanced,19,lgbm_60_l63,boosting,-0.9479759820006908,,,,,,,,,,,0.1345631000003777
lipo,regression,3,2,seeded_scaffold_group_balanced,seeded_scaffold_group_balanced,19,lgbm_60_l63,boosting,-1.007657888649892,,,,,,,,,,,0.1256411999929696
lipo,regression,3,3,seeded_scaffold_group_balanced,seeded_scaffold_group_balanced,19,lgbm_60_l63,boosting,-1.017408614560241,,,,,,,,,,,0.1223919999902136
lipo,regression,3,1,seeded_scaffold_group_balanced,seeded_scaffold_group_balanced,20,lgbm_100_leaf10,boosting,-0.9480671339358284,,,,,,,,,,,0.1252146000042557
lipo,regression,3,2,seeded_scaffold_group_balanced,seeded_scaffold_group_balanced,20,lgbm_100_leaf10,boosting,-0.999246420266564,,,,,,,,,,,0.1370013999985531
lipo,regression,3,3,seeded_scaffold_group_balanced,seeded_scaffold_group_balanced,20,lgbm_100_leaf10,boosting,-1.046759398097098,,,,,,,,,,,0.1169310000259429
lipo,regression,3,1,seeded_scaffold_group_balanced,seeded_scaffold_group_balanced,21,lgbm_100_leaf30,boosting,-0.9664307470381512,,,,,,,,,,,0.1096586000057868
lipo,regression,3,2,seeded_scaffold_group_balanced,seeded_scaffold_group_balanced,21,lgbm_100_leaf30,boosting,-1.0159833661434332,,,,,,,,,,,0.1204891999950632
lipo,regression,3,3,seeded_scaffold_group_balanced,seeded_scaffold_group_balanced,21,lgbm_100_leaf30,boosting,-1.0301940285417566,,,,,,,,,,,0.1201042999746277
lipo,regression,3,1,seeded_scaffold_group_balanced,seeded_scaffold_group_balanced,22,lgbm_80_ff0.7,boosting,-0.9378541158146944,,,,,,,,,,,0.0961450000177137
lipo,regression,3,2,seeded_scaffold_group_balanced,seeded_scaffold_group_balanced,22,lgbm_80_ff0.7,boosting,-0.987714205339874,,,,,,,,,,,0.099867400014773
lipo,regression,3,3,seeded_scaffold_group_balanced,seeded_scaffold_group_balanced,22,lgbm_80_ff0.7,boosting,-1.0189198558458938,,,,,,,,,,,0.0996434999979101
lipo,regression,3,1,seeded_scaffold_group_balanced,seeded_scaffold_group_balanced,23,lgbm_80_bag0.8,boosting,-0.9387637317510548,,,,,,,,,,,0.1023027000483125
lipo,regression,3,2,seeded_scaffold_group_balanced,seeded_scaffold_group_balanced,23,lgbm_80_bag0.8,boosting,-1.0018829893324392,,,,,,,,,,,0.1146840999717824
lipo,regression,3,3,seeded_scaffold_group_balanced,seeded_scaffold_group_balanced,23,lgbm_80_bag0.8,boosting,-1.0083558295682586,,,,,,,,,,,0.111393200000748
lipo,regression,3,1,seeded_scaffold_group_balanced,seeded_scaffold_group_balanced,24,lgbm_120_l15,boosting,-0.9638857609862692,,,,,,,,,,,0.0863332999870181
lipo,regression,3,2,seeded_scaffold_group_balanced,seeded_scaffold_group_balanced,24,lgbm_120_l15,boosting,-1.0389858339218767,,,,,,,,,,,0.0931236999458633
lipo,regression,3,3,seeded_scaffold_group_balanced,seeded_scaffold_group_balanced,24,lgbm_120_l15,boosting,-1.0761013699907704,,,,,,,,,,,0.0970373000018298
lipo,regression,3,1,seeded_scaffold_group_balanced,seeded_scaffold_group_balanced,25,xgb_60_d3,boosting,-1.0105937638734768,,,,,,,,,,,0.1033324999734759
lipo,regression,3,2,seeded_scaffold_group_balanced,seeded_scaffold_group_balanced,25,xgb_60_d3,boosting,-1.085805440930876,,,,,,,,,,,0.0918846999993547
lipo,regression,3,3,seeded_scaffold_group_balanced,seeded_scaffold_group_balanced,25,xgb_60_d3,boosting,-1.1577658764119507,,,,,,,,,,,0.0884829999995417
lipo,regression,3,1,seeded_scaffold_group_balanced,seeded_scaffold_group_balanced,26,xgb_80_d5,boosting,-0.9789258058430812,,,,,,,,,,,0.1413719999836757
lipo,regression,3,2,seeded_scaffold_group_balanced,seeded_scaffold_group_balanced,26,xgb_80_d5,boosting,-1.0436422351368495,,,,,,,,,,,0.144709599961061
lipo,regression,3,3,seeded_scaffold_group_balanced,seeded_scaffold_group_balanced,26,xgb_80_d5,boosting,-1.0965013649653628,,,,,,,,,,,0.1535642000380903
lipo,regression,3,1,seeded_scaffold_group_balanced,seeded_scaffold_group_balanced,27,xgb_100_d3,boosting,-1.0197533351263666,,,,,,,,,,,0.124631299986504
lipo,regression,3,2,seeded_scaffold_group_balanced,seeded_scaffold_group_balanced,27,xgb_100_d3,boosting,-1.0820603448024513,,,,,,,,,,,0.1233772000414319
lipo,regression,3,3,seeded_scaffold_group_balanced,seeded_scaffold_group_balanced,27,xgb_100_d3,boosting,-1.1496217025145974,,,,,,,,,,,0.1216460000141523
lipo,regression,3,1,seeded_scaffold_group_balanced,seeded_scaffold_group_balanced,28,xgb_60_d6,boosting,-0.9717306718530724,,,,,,,,,,,0.1209084999863989
lipo,regression,3,2,seeded_scaffold_group_balanced,seeded_scaffold_group_balanced,28,xgb_60_d6,boosting,-1.052994101664692,,,,,,,,,,,0.1369846999878063
lipo,regression,3,3,seeded_scaffold_group_balanced,seeded_scaffold_group_balanced,28,xgb_60_d6,boosting,-1.0805215880951324,,,,,,,,,,,0.1211672999779693
lipo,regression,3,1,seeded_scaffold_group_balanced,seeded_scaffold_group_balanced,29,cat_60_d4,boosting,-1.0281165457646355,,,,,,,,,,,0.3118307000258937
lipo,regression,3,2,seeded_scaffold_group_balanced,seeded_scaffold_group_balanced,29,cat_60_d4,boosting,-1.1068215735318607,,,,,,,,,,,0.3228608000208623
lipo,regression,3,3,seeded_scaffold_group_balanced,seeded_scaffold_group_balanced,29,cat_60_d4,boosting,-1.183001833302719,,,,,,,,,,,0.3398429999942891
lipo,regression,3,1,seeded_scaffold_group_balanced,seeded_scaffold_group_balanced,30,cat_80_d6,boosting,-1.0108213817875713,,,,,,,,,,,1.267900799983181
lipo,regression,3,2,seeded_scaffold_group_balanced,seeded_scaffold_group_balanced,30,cat_80_d6,boosting,-1.0878184906392028,,,,,,,,,,,1.2146197999827564
lipo,regression,3,3,seeded_scaffold_group_balanced,seeded_scaffold_group_balanced,30,cat_80_d6,boosting,-1.1566549070769463,,,,,,,,,,,1.240531799965538
lipo,regression,3,1,seeded_scaffold_group_balanced,seeded_scaffold_group_balanced,31,cat_100_d4,boosting,-1.0241694435933593,,,,,,,,,,,0.6402989000198431
lipo,regression,3,2,seeded_scaffold_group_balanced,seeded_scaffold_group_balanced,31,cat_100_d4,boosting,-1.1074717609962228,,,,,,,,,,,0.6401304999599233
lipo,regression,3,3,seeded_scaffold_group_balanced,seeded_scaffold_group_balanced,31,cat_100_d4,boosting,-1.1864383160768293,,,,,,,,,,,0.4794580999878235
lipo,regression,3,1,seeded_scaffold_group_balanced,seeded_scaffold_group_balanced,32,cat_60_d8,boosting,-0.9872540205873896,,,,,,,,,,,3.1291708000353537
lipo,regression,3,2,seeded_scaffold_group_balanced,seeded_scaffold_group_balanced,32,cat_60_d8,boosting,-1.075010356693325,,,,,,,,,,,3.0257719000219367
lipo,regression,3,3,seeded_scaffold_group_balanced,seeded_scaffold_group_balanced,32,cat_60_d8,boosting,-1.1397466408227734,,,,,,,,,,,2.9476694999611937
tdc_caco2_wang,regression,1,1,seeded_scaffold_group_balanced,seeded_scaffold_group_balanced,1,ridge_a0.1,linear,-0.9426081782395456,,,,,,,,,,,0.0036471000057645
tdc_caco2_wang,regression,1,2,seeded_scaffold_group_balanced,seeded_scaffold_group_balanced,1,ridge_a0.1,linear,-0.7710476438199989,,,,,,,,,,,0.0031793999951332
tdc_caco2_wang,regression,1,3,seeded_scaffold_group_balanced,seeded_scaffold_group_balanced,1,ridge_a0.1,linear,-0.7986823372714317,,,,,,,,,,,0.0040099999750964
tdc_caco2_wang,regression,1,1,seeded_scaffold_group_balanced,seeded_scaffold_group_balanced,2,ridge_a1,linear,-0.7133654363741043,,,,,,,,,,,0.0031714999931864
tdc_caco2_wang,regression,1,2,seeded_scaffold_group_balanced,seeded_scaffold_group_balanced,2,ridge_a1,linear,-0.6348950751867305,,,,,,,,,,,0.0035364999785088
tdc_caco2_wang,regression,1,3,seeded_scaffold_group_balanced,seeded_scaffold_group_balanced,2,ridge_a1,linear,-0.6239372034786467,,,,,,,,,,,0.0028536000172607
tdc_caco2_wang,regression,1,1,seeded_scaffold_group_balanced,seeded_scaffold_group_balanced,3,ridge_a10,linear,-0.5909233045696496,,,,,,,,,,,0.003194099990651
tdc_caco2_wang,regression,1,2,seeded_scaffold_group_balanced,seeded_scaffold_group_balanced,3,ridge_a10,linear,-0.5431144765063608,,,,,,,,,,,0.0032781999907456
tdc_caco2_wang,regression,1,3,seeded_scaffold_group_balanced,seeded_scaffold_group_balanced,3,ridge_a10,linear,-0.5507722543934935,,,,,,,,,,,0.0033464999869465
tdc_caco2_wang,regression,1,1,seeded_scaffold_group_balanced,seeded_scaffold_group_balanced,4,elasticnet_a0.001,linear,-0.7554215687429644,,,,,,,,,,,0.0529296000022441
tdc_caco2_wang,regression,1,2,seeded_scaffold_group_balanced,seeded_scaffold_group_balanced,4,elasticnet_a0.001,linear,-0.6712992036522356,,,,,,,,,,,0.0316168999997898
tdc_caco2_wang,regression,1,3,seeded_scaffold_group_balanced,seeded_scaffold_group_balanced,4,elasticnet_a0.001,linear,-0.6658411611332223,,,,,,,,,,,0.0306270000291988
tdc_caco2_wang,regression,1,1,seeded_scaffold_group_balanced,seeded_scaffold_group_balanced,5,rf_60_sqrt,bagging,-0.7295933524875126,,,,,,,,,,,0.0695932999951765
tdc_caco2_wang,regression,1,2,seeded_scaffold_group_balanced,seeded_scaffold_group_balanced,5,rf_60_sqrt,bagging,-0.5671470547267369,,,,,,,,,,,0.0830496000126004
tdc_caco2_wang,regression,1,3,seeded_scaffold_group_balanced,seeded_scaffold_group_balanced,5,rf_60_sqrt,bagging,-0.5958701444953761,,,,,,,,,,,0.06734269997105
tdc_caco2_wang,regression,1,1,seeded_scaffold_group_balanced,seeded_scaffold_group_balanced,6,rf_90_d12,bagging,-0.7297472954980515,,,,,,,,,,,0.0898198999930173
tdc_caco2_wang,regression,1,2,seeded_scaffold_group_balanced,seeded_scaffold_group_balanced,6,rf_90_d12,bagging,-0.5689606844112322,,,,,,,,,,,0.0943472999497316
tdc_caco2_wang,regression,1,3,seeded_scaffold_group_balanced,seeded_scaffold_group_balanced,6,rf_90_d12,bagging,-0.6011176342277529,,,,,,,,,,,0.088992099976167
tdc_caco2_wang,regression,1,1,seeded_scaffold_group_balanced,seeded_scaffold_group_balanced,7,rf_90_leaf2,bagging,-0.7191133292927921,,,,,,,,,,,0.0874690000200644
tdc_caco2_wang,regression,1,2,seeded_scaffold_group_balanced,seeded_scaffold_group_balanced,7,rf_90_leaf2,bagging,-0.5720895428368329,,,,,,,,,,,0.1050026000011712
tdc_caco2_wang,regression,1,3,seeded_scaffold_group_balanced,seeded_scaffold_group_balanced,7,rf_90_leaf2,bagging,-0.6323753350884767,,,,,,,,,,,0.0949690000270493
tdc_caco2_wang,regression,1,1,seeded_scaffold_group_balanced,seeded_scaffold_group_balanced,8,rf_120_d20_leaf2,bagging,-0.7178648709472015,,,,,,,,,,,0.1360965000349097
tdc_caco2_wang,regression,1,2,seeded_scaffold_group_balanced,seeded_scaffold_group_balanced,8,rf_120_d20_leaf2,bagging,-0.5748703889783989,,,,,,,,,,,0.110306299990043
tdc_caco2_wang,regression,1,3,seeded_scaffold_group_balanced,seeded_scaffold_group_balanced,8,rf_120_d20_leaf2,bagging,-0.6381480906627038,,,,,,,,,,,0.1116372999968007
tdc_caco2_wang,regression,1,1,seeded_scaffold_group_balanced,seeded_scaffold_group_balanced,9,et_60_sqrt,bagging,-0.7040401168769153,,,,,,,,,,,0.057598199986387
tdc_caco2_wang,regression,1,2,seeded_scaffold_group_balanced,seeded_scaffold_group_balanced,9,et_60_sqrt,bagging,-0.5578251989673992,,,,,,,,,,,0.055324999964796
tdc_caco2_wang,regression,1,3,seeded_scaffold_group_balanced,seeded_scaffold_group_balanced,9,et_60_sqrt,bagging,-0.6264156013372068,,,,,,,,,,,0.061483199999202
tdc_caco2_wang,regression,1,1,seeded_scaffold_group_balanced,seeded_scaffold_group_balanced,10,et_90_d12,bagging,-0.7217349054988849,,,,,,,,,,,0.0825332000385969
tdc_caco2_wang,regression,1,2,seeded_scaffold_group_balanced,seeded_scaffold_group_balanced,10,et_90_d12,bagging,-0.5592842504133481,,,,,,,,,,,0.0714810999925248
tdc_caco2_wang,regression,1,3,seeded_scaffold_group_balanced,seeded_scaffold_group_balanced,10,et_90_d12,bagging,-0.6083222551249271,,,,,,,,,,,0.0601533000008203
tdc_caco2_wang,regression,1,1,seeded_scaffold_group_balanced,seeded_scaffold_group_balanced,11,et_90_leaf2,bagging,-0.7091896659950172,,,,,,,,,,,0.0624462999985553
tdc_caco2_wang,regression,1,2,seeded_scaffold_group_balanced,seeded_scaffold_group_balanced,11,et_90_leaf2,bagging,-0.5536921355022885,,,,,,,,,,,0.0687914000009186
tdc_caco2_wang,regression,1,3,seeded_scaffold_group_balanced,seeded_scaffold_group_balanced,11,et_90_leaf2,bagging,-0.6061289186785254,,,,,,,,,,,0.0759452999918721
tdc_caco2_wang,regression,1,1,seeded_scaffold_group_balanced,seeded_scaffold_group_balanced,12,et_120_d20_leaf2,bagging,-0.7144615132736712,,,,,,,,,,,0.0883716999669559
tdc_caco2_wang,regression,1,2,seeded_scaffold_group_balanced,seeded_scaffold_group_balanced,12,et_120_d20_leaf2,bagging,-0.5658638451255298,,,,,,,,,,,0.0771494000218808
tdc_caco2_wang,regression,1,3,seeded_scaffold_group_balanced,seeded_scaffold_group_balanced,12,et_120_d20_leaf2,bagging,-0.6006558909728625,,,,,,,,,,,0.0919207999831996
tdc_caco2_wang,regression,1,1,seeded_scaffold_group_balanced,seeded_scaffold_group_balanced,13,histgb_lr0.05,boosting,-0.6811980723613281,,,,,,,,,,,1.0776119999936782
tdc_caco2_wang,regression,1,2,seeded_scaffold_group_balanced,seeded_scaffold_group_balanced,13,histgb_lr0.05,boosting,-0.5792659427061487,,,,,,,,,,,1.01575750001939
tdc_caco2_wang,regression,1,3,seeded_scaffold_group_balanced,seeded_scaffold_group_balanced,13,histgb_lr0.05,boosting,-0.5859783709991605,,,,,,,,,,,0.8502106000087224
tdc_caco2_wang,regression,1,1,seeded_scaffold_group_balanced,seeded_scaffold_group_balanced,14,histgb_lr0.1,boosting,-0.6637829556550083,,,,,,,,,,,0.8018531000125222
tdc_caco2_wang,regression,1,2,seeded_scaffold_group_balanced,seeded_scaffold_group_balanced,14,histgb_lr0.1,boosting,-0.5566175436677495,,,,,,,,,,,0.7250799000030383
tdc_caco2_wang,regression,1,3,seeded_scaffold_group_balanced,seeded_scaffold_group_balanced,14,histgb_lr0.1,boosting,-0.5908661418925115,,,,,,,,,,,0.7209891999955289
tdc_caco2_wang,regression,1,1,seeded_scaffold_group_balanced,seeded_scaffold_group_balanced,15,gb_lr0.05_d2,boosting,-0.7975917231518262,,,,,,,,,,,0.1889679000014439
tdc_caco2_wang,regression,1,2,seeded_scaffold_group_balanced,seeded_scaffold_group_balanced,15,gb_lr0.05_d2,boosting,-0.6162036460511156,,,,,,,,,,,0.1880695999716408
tdc_caco2_wang,regression,1,3,seeded_scaffold_group_balanced,seeded_scaffold_group_balanced,15,gb_lr0.05_d2,boosting,-0.6417277024626741,,,,,,,,,,,0.1883877000072971
tdc_caco2_wang,regression,1,1,seeded_scaffold_group_balanced,seeded_scaffold_group_balanced,16,gb_lr0.1_d3,boosting,-0.7333762487676854,,,,,,,,,,,0.2535176000092178
tdc_caco2_wang,regression,1,2,seeded_scaffold_group_balanced,seeded_scaffold_group_balanced,16,gb_lr0.1_d3,boosting,-0.5752814398558108,,,,,,,,,,,0.2648839999455958
tdc_caco2_wang,regression,1,3,seeded_scaffold_group_balanced,seeded_scaffold_group_balanced,16,gb_lr0.1_d3,boosting,-0.5728448660376229,,,,,,,,,,,0.2620387999922968
tdc_caco2_wang,regression,1,1,seeded_scaffold_group_balanced,seeded_scaffold_group_balanced,17,lgbm_60_l15,boosting,-0.705752963476407,,,,,,,,,,,0.0336791999870911
tdc_caco2_wang,regression,1,2,seeded_scaffold_group_balanced,seeded_scaffold_group_balanced,17,lgbm_60_l15,boosting,-0.5899258837043685,,,,,,,,,,,0.0300249999854713
tdc_caco2_wang,regression,1,3,seeded_scaffold_group_balanced,seeded_scaffold_group_balanced,17,lgbm_60_l15,boosting,-0.6106825358319745,,,,,,,,,,,0.0283101000241003
tdc_caco2_wang,regression,1,1,seeded_scaffold_group_balanced,seeded_scaffold_group_balanced,18,lgbm_90_l31,boosting,-0.6873252968395034,,,,,,,,,,,0.0375031000003218
tdc_caco2_wang,regression,1,2,seeded_scaffold_group_balanced,seeded_scaffold_group_balanced,18,lgbm_90_l31,boosting,-0.5730782909445796,,,,,,,,,,,0.042779800016433
tdc_caco2_wang,regression,1,3,seeded_scaffold_group_balanced,seeded_scaffold_group_balanced,18,lgbm_90_l31,boosting,-0.6020477476426275,,,,,,,,,,,0.041864099970553
tdc_caco2_wang,regression,1,1,seeded_scaffold_group_balanced,seeded_scaffold_group_balanced,19,lgbm_60_l63,boosting,-0.6733060147794679,,,,,,,,,,,0.0297201999928802
tdc_caco2_wang,regression,1,2,seeded_scaffold_group_balanced,seeded_scaffold_group_balanced,19,lgbm_60_l63,boosting,-0.5745463690277435,,,,,,,,,,,0.0295317000127397
tdc_caco2_wang,regression,1,3,seeded_scaffold_group_balanced,seeded_scaffold_group_balanced,19,lgbm_60_l63,boosting,-0.5832587168822075,,,,,,,,,,,0.0332112999749369
tdc_caco2_wang,regression,1,1,seeded_scaffold_group_balanced,seeded_scaffold_group_balanced,20,lgbm_100_leaf10,boosting,-0.6994298487754215,,,,,,,,,,,0.0763496999861672
tdc_caco2_wang,regression,1,2,seeded_scaffold_group_balanced,seeded_scaffold_group_balanced,20,lgbm_100_leaf10,boosting,-0.5993056559090134,,,,,,,,,,,0.0851481000427156
tdc_caco2_wang,regression,1,3,seeded_scaffold_group_balanced,seeded_scaffold_group_balanced,20,lgbm_100_leaf10,boosting,-0.5645557668084658,,,,,,,,,,,0.122786600026302
tdc_caco2_wang,regression,1,1,seeded_scaffold_group_balanced,seeded_scaffold_group_balanced,21,lgbm_100_leaf30,boosting,-0.6888040811742765,,,,,,,,,,,0.0381359999882988
tdc_caco2_wang,regression,1,2,seeded_scaffold_group_balanced,seeded_scaffold_group_balanced,21,lgbm_100_leaf30,boosting,-0.5698639608971034,,,,,,,,,,,0.0338098999927751
tdc_caco2_wang,regression,1,3,seeded_scaffold_group_balanced,seeded_scaffold_group_balanced,21,lgbm_100_leaf30,boosting,-0.5992373767728133,,,,,,,,,,,0.0349021999863907
tdc_caco2_wang,regression,1,1,seeded_scaffold_group_balanced,seeded_scaffold_group_balanced,22,lgbm_80_ff0.7,boosting,-0.6686913085347892,,,,,,,,,,,0.0444070999510586
tdc_caco2_wang,regression,1,2,seeded_scaffold_group_balanced,seeded_scaffold_group_balanced,22,lgbm_80_ff0.7,boosting,-0.5685022230297105,,,,,,,,,,,0.0344559000222943
tdc_caco2_wang,regression,1,3,seeded_scaffold_group_balanced,seeded_scaffold_group_balanced,22,lgbm_80_ff0.7,boosting,-0.622660446231856,,,,,,,,,,,0.05097109999042
tdc_caco2_wang,regression,1,1,seeded_scaffold_group_balanced,seeded_scaffold_group_balanced,23,lgbm_80_bag0.8,boosting,-0.6651430816527772,,,,,,,,,,,0.0359761000145226
tdc_caco2_wang,regression,1,2,seeded_scaffold_group_balanced,seeded_scaffold_group_balanced,23,lgbm_80_bag0.8,boosting,-0.5549441177554651,,,,,,,,,,,0.0370533000095747
tdc_caco2_wang,regression,1,3,seeded_scaffold_group_balanced,seeded_scaffold_group_balanced,23,lgbm_80_bag0.8,boosting,-0.6118726282742283,,,,,,,,,,,0.0349816000089049
tdc_caco2_wang,regression,1,1,seeded_scaffold_group_balanced,seeded_scaffold_group_balanced,24,lgbm_120_l15,boosting,-0.6753383035736747,,,,,,,,,,,0.0442749999929219
tdc_caco2_wang,regression,1,2,seeded_scaffold_group_balanced,seeded_scaffold_group_balanced,24,lgbm_120_l15,boosting,-0.5670559225253754,,,,,,,,,,,0.053673299960792
tdc_caco2_wang,regression,1,3,seeded_scaffold_group_balanced,seeded_scaffold_group_balanced,24,lgbm_120_l15,boosting,-0.6131540906101568,,,,,,,,,,,0.0468442999990657
tdc_caco2_wang,regression,1,1,seeded_scaffold_group_balanced,seeded_scaffold_group_balanced,25,xgb_60_d3,boosting,-0.758148538057773,,,,,,,,,,,0.0429382999427616
tdc_caco2_wang,regression,1,2,seeded_scaffold_group_balanced,seeded_scaffold_group_balanced,25,xgb_60_d3,boosting,-0.5790998563143473,,,,,,,,,,,0.0420438000001013
tdc_caco2_wang,regression,1,3,seeded_scaffold_group_balanced,seeded_scaffold_group_balanced,25,xgb_60_d3,boosting,-0.591680286148551,,,,,,,,,,,0.0447196000022813
tdc_caco2_wang,regression,1,1,seeded_scaffold_group_balanced,seeded_scaffold_group_balanced,26,xgb_80_d5,boosting,-0.688335288538822,,,,,,,,,,,0.0757962000207044
tdc_caco2_wang,regression,1,2,seeded_scaffold_group_balanced,seeded_scaffold_group_balanced,26,xgb_80_d5,boosting,-0.5667272595407913,,,,,,,,,,,0.0663783000200055
tdc_caco2_wang,regression,1,3,seeded_scaffold_group_balanced,seeded_scaffold_group_balanced,26,xgb_80_d5,boosting,-0.5239174515124244,,,,,,,,,,,0.0723131999839097
tdc_caco2_wang,regression,1,1,seeded_scaffold_group_balanced,seeded_scaffold_group_balanced,27,xgb_100_d3,boosting,-0.7377330363419978,,,,,,,,,,,0.0636197000276297
tdc_caco2_wang,regression,1,2,seeded_scaffold_group_balanced,seeded_scaffold_group_balanced,27,xgb_100_d3,boosting,-0.5727620634116838,,,,,,,,,,,0.0574998999945819
tdc_caco2_wang,regression,1,3,seeded_scaffold_group_balanced,seeded_scaffold_group_balanced,27,xgb_100_d3,boosting,-0.5824173782363197,,,,,,,,,,,0.0576114999712444
tdc_caco2_wang,regression,1,1,seeded_scaffold_group_balanced,seeded_scaffold_group_balanced,28,xgb_60_d6,boosting,-0.7142544865756877,,,,,,,,,,,0.0651936000213027
tdc_caco2_wang,regression,1,2,seeded_scaffold_group_balanced,seeded_scaffold_group_balanced,28,xgb_60_d6,boosting,-0.5552472749947035,,,,,,,,,,,0.0685667999787256
tdc_caco2_wang,regression,1,3,seeded_scaffold_group_balanced,seeded_scaffold_group_balanced,28,xgb_60_d6,boosting,-0.5426103761560429,,,,,,,,,,,0.0586856000008992
tdc_caco2_wang,regression,1,1,seeded_scaffold_group_balanced,seeded_scaffold_group_balanced,29,cat_60_d4,boosting,-0.7555021597003095,,,,,,,,,,,0.2103028999990783
tdc_caco2_wang,regression,1,2,seeded_scaffold_group_balanced,seeded_scaffold_group_balanced,29,cat_60_d4,boosting,-0.5958582555275156,,,,,,,,,,,0.2076780999777838
tdc_caco2_wang,regression,1,3,seeded_scaffold_group_balanced,seeded_scaffold_group_balanced,29,cat_60_d4,boosting,-0.6501858307927981,,,,,,,,,,,0.2029440000187605
tdc_caco2_wang,regression,1,1,seeded_scaffold_group_balanced,seeded_scaffold_group_balanced,30,cat_80_d6,boosting,-0.7439361080632804,,,,,,,,,,,0.66037649998907
tdc_caco2_wang,regression,1,2,seeded_scaffold_group_balanced,seeded_scaffold_group_balanced,30,cat_80_d6,boosting,-0.5843335747956,,,,,,,,,,,0.6794713999843225
tdc_caco2_wang,regression,1,3,seeded_scaffold_group_balanced,seeded_scaffold_group_balanced,30,cat_80_d6,boosting,-0.6397307160414387,,,,,,,,,,,0.5703024999820627
tdc_caco2_wang,regression,1,1,seeded_scaffold_group_balanced,seeded_scaffold_group_balanced,31,cat_100_d4,boosting,-0.7607526966250483,,,,,,,,,,,0.3401474999845959
tdc_caco2_wang,regression,1,2,seeded_scaffold_group_balanced,seeded_scaffold_group_balanced,31,cat_100_d4,boosting,-0.5985981899476835,,,,,,,,,,,0.3346572000300511
tdc_caco2_wang,regression,1,3,seeded_scaffold_group_balanced,seeded_scaffold_group_balanced,31,cat_100_d4,boosting,-0.6606971969822173,,,,,,,,,,,0.2950315000489354
tdc_caco2_wang,regression,1,1,seeded_scaffold_group_balanced,seeded_scaffold_group_balanced,32,cat_60_d8,boosting,-0.7322552372019835,,,,,,,,,,,1.378469599992968
tdc_caco2_wang,regression,1,2,seeded_scaffold_group_balanced,seeded_scaffold_group_balanced,32,cat_60_d8,boosting,-0.5717381061450737,,,,,,,,,,,1.1785773999872615
tdc_caco2_wang,regression,1,3,seeded_scaffold_group_balanced,seeded_scaffold_group_balanced,32,cat_60_d8,boosting,-0.6363960253089651,,,,,,,,,,,1.1400477000279352
tdc_caco2_wang,regression,2,1,seeded_scaffold_group_balanced,seeded_scaffold_group_balanced,1,ridge_a0.1,linear,-1.0127765474410548,,,,,,,,,,,0.0038616000092588
tdc_caco2_wang,regression,2,2,seeded_scaffold_group_balanced,seeded_scaffold_group_balanced,1,ridge_a0.1,linear,-0.8310724103387609,,,,,,,,,,,0.0032630999921821
tdc_caco2_wang,regression,2,3,seeded_scaffold_group_balanced,seeded_scaffold_group_balanced,1,ridge_a0.1,linear,-0.8040317896340009,,,,,,,,,,,0.0030088999774307
tdc_caco2_wang,regression,2,1,seeded_scaffold_group_balanced,seeded_scaffold_group_balanced,2,ridge_a1,linear,-0.7748882473235398,,,,,,,,,,,0.0029808000545017
tdc_caco2_wang,regression,2,2,seeded_scaffold_group_balanced,seeded_scaffold_group_balanced,2,ridge_a1,linear,-0.6364437121551976,,,,,,,,,,,0.0032864999957382
tdc_caco2_wang,regression,2,3,seeded_scaffold_group_balanced,seeded_scaffold_group_balanced,2,ridge_a1,linear,-0.6955584600926458,,,,,,,,,,,0.0031453999690711
tdc_caco2_wang,regression,2,1,seeded_scaffold_group_balanced,seeded_scaffold_group_balanced,3,ridge_a10,linear,-0.6064573539583414,,,,,,,,,,,0.0028266000445
tdc_caco2_wang,regression,2,2,seeded_scaffold_group_balanced,seeded_scaffold_group_balanced,3,ridge_a10,linear,-0.558533101269801,,,,,,,,,,,0.0028923000209033
tdc_caco2_wang,regression,2,3,seeded_scaffold_group_balanced,seeded_scaffold_group_balanced,3,ridge_a10,linear,-0.574409691926686,,,,,,,,,,,0.0030449000187218
tdc_caco2_wang,regression,2,1,seeded_scaffold_group_balanced,seeded_scaffold_group_balanced,4,elasticnet_a0.001,linear,-0.8101240297675762,,,,,,,,,,,0.0392582999775186
tdc_caco2_wang,regression,2,2,seeded_scaffold_group_balanced,seeded_scaffold_group_balanced,4,elasticnet_a0.001,linear,-0.6853347507743343,,,,,,,,,,,0.0268916999921202
tdc_caco2_wang,regression,2,3,seeded_scaffold_group_balanced,seeded_scaffold_group_balanced,4,elasticnet_a0.001,linear,-0.739910766074026,,,,,,,,,,,0.0563618000014685
tdc_caco2_wang,regression,2,1,seeded_scaffold_group_balanced,seeded_scaffold_group_balanced,5,rf_60_sqrt,bagging,-0.6734026695263104,,,,,,,,,,,0.0651555000222288
tdc_caco2_wang,regression,2,2,seeded_scaffold_group_balanced,seeded_scaffold_group_balanced,5,rf_60_sqrt,bagging,-0.6722833973923751,,,,,,,,,,,0.0683390999911353
tdc_caco2_wang,regression,2,3,seeded_scaffold_group_balanced,seeded_scaffold_group_balanced,5,rf_60_sqrt,bagging,-0.5823810283789964,,,,,,,,,,,0.0646564000053331
tdc_caco2_wang,regression,2,1,seeded_scaffold_group_balanced,seeded_scaffold_group_balanced,6,rf_90_d12,bagging,-0.6920041509765597,,,,,,,,,,,0.1173312000464648
tdc_caco2_wang,regression,2,2,seeded_scaffold_group_balanced,seeded_scaffold_group_balanced,6,rf_90_d12,bagging,-0.6464119578397577,,,,,,,,,,,0.1196307000354863
tdc_caco2_wang,regression,2,3,seeded_scaffold_group_balanced,seeded_scaffold_group_balanced,6,rf_90_d12,bagging,-0.6042481206417,,,,,,,,,,,0.1141942999674938
tdc_caco2_wang,regression,2,1,seeded_scaffold_group_balanced,seeded_scaffold_group_balanced,7,rf_90_leaf2,bagging,-0.6821452705499628,,,,,,,,,,,0.0884127999888733
tdc_caco2_wang,regression,2,2,seeded_scaffold_group_balanced,seeded_scaffold_group_balanced,7,rf_90_leaf2,bagging,-0.6590354722247057,,,,,,,,,,,0.0938905000220984
tdc_caco2_wang,regression,2,3,seeded_scaffold_group_balanced,seeded_scaffold_group_balanced,7,rf_90_leaf2,bagging,-0.5839831975282749,,,,,,,,,,,0.0870794000220485
tdc_caco2_wang,regression,2,1,seeded_scaffold_group_balanced,seeded_scaffold_group_balanced,8,rf_120_d20_leaf2,bagging,-0.6827075859529778,,,,,,,,,,,0.1168084000237286
tdc_caco2_wang,regression,2,2,seeded_scaffold_group_balanced,seeded_scaffold_group_balanced,8,rf_120_d20_leaf2,bagging,-0.6626359229754781,,,,,,,,,,,0.1118662999942898
tdc_caco2_wang,regression,2,3,seeded_scaffold_group_balanced,seeded_scaffold_group_balanced,8,rf_120_d20_leaf2,bagging,-0.5906947185686754,,,,,,,,,,,0.114442299993243
tdc_caco2_wang,regression,2,1,seeded_scaffold_group_balanced,seeded_scaffold_group_balanced,9,et_60_sqrt,bagging,-0.6508543277514448,,,,,,,,,,,0.062218600010965
tdc_caco2_wang,regression,2,2,seeded_scaffold_group_balanced,seeded_scaffold_group_balanced,9,et_60_sqrt,bagging,-0.5907139153681407,,,,,,,,,,,0.0568228000192903
tdc_caco2_wang,regression,2,3,seeded_scaffold_group_balanced,seeded_scaffold_group_balanced,9,et_60_sqrt,bagging,-0.5645657758156507,,,,,,,,,,,0.0567912000115029
tdc_caco2_wang,regression,2,1,seeded_scaffold_group_balanced,seeded_scaffold_group_balanced,10,et_90_d12,bagging,-0.6785880730871057,,,,,,,,,,,0.0701817999943159
tdc_caco2_wang,regression,2,2,seeded_scaffold_group_balanced,seeded_scaffold_group_balanced,10,et_90_d12,bagging,-0.6070555940728746,,,,,,,,,,,0.0631896000122651
tdc_caco2_wang,regression,2,3,seeded_scaffold_group_balanced,seeded_scaffold_group_balanced,10,et_90_d12,bagging,-0.5948728667995897,,,,,,,,,,,0.0712199000408873
tdc_caco2_wang,regression,2,1,seeded_scaffold_group_balanced,seeded_scaffold_group_balanced,11,et_90_leaf2,bagging,-0.6818189393610128,,,,,,,,,,,0.0796359999803826
tdc_caco2_wang,regression,2,2,seeded_scaffold_group_balanced,seeded_scaffold_group_balanced,11,et_90_leaf2,bagging,-0.6289509918091489,,,,,,,,,,,0.0696846999926492
tdc_caco2_wang,regression,2,3,seeded_scaffold_group_balanced,seeded_scaffold_group_balanced,11,et_90_leaf2,bagging,-0.5588093152718355,,,,,,,,,,,0.0752550999750383
tdc_caco2_wang,regression,2,1,seeded_scaffold_group_balanced,seeded_scaffold_group_balanced,12,et_120_d20_leaf2,bagging,-0.6665923234902896,,,,,,,,,,,0.0883121999795548
tdc_caco2_wang,regression,2,2,seeded_scaffold_group_balanced,seeded_scaffold_group_balanced,12,et_120_d20_leaf2,bagging,-0.6109980450604876,,,,,,,,,,,0.0870069999946281
tdc_caco2_wang,regression,2,3,seeded_scaffold_group_balanced,seeded_scaffold_group_balanced,12,et_120_d20_leaf2,bagging,-0.5738593608614275,,,,,,,,,,,0.080561300041154
tdc_caco2_wang,regression,2,1,seeded_scaffold_group_balanced,seeded_scaffold_group_balanced,13,histgb_lr0.05,boosting,-0.6511108132112237,,,,,,,,,,,0.7758087000111118
tdc_caco2_wang,regression,2,2,seeded_scaffold_group_balanced,seeded_scaffold_group_balanced,13,histgb_lr0.05,boosting,-0.6410665355962382,,,,,,,,,,,0.7956852000206709
tdc_caco2_wang,regression,2,3,seeded_scaffold_group_balanced,seeded_scaffold_group_balanced,13,histgb_lr0.05,boosting,-0.5410297251807996,,,,,,,,,,,0.8554065999924205
tdc_caco2_wang,regression,2,1,seeded_scaffold_group_balanced,seeded_scaffold_group_balanced,14,histgb_lr0.1,boosting,-0.6357816415571188,,,,,,,,,,,0.7510744999744929
tdc_caco2_wang,regression,2,2,seeded_scaffold_group_balanced,seeded_scaffold_group_balanced,14,histgb_lr0.1,boosting,-0.6301403600671831,,,,,,,,,,,0.9823584000114352
tdc_caco2_wang,regression,2,3,seeded_scaffold_group_balanced,seeded_scaffold_group_balanced,14,histgb_lr0.1,boosting,-0.54831767168474,,,,,,,,,,,1.0220330000156537
tdc_caco2_wang,regression,2,1,seeded_scaffold_group_balanced,seeded_scaffold_group_balanced,15,gb_lr0.05_d2,boosting,-0.7261690316564201,,,,,,,,,,,0.2349288000259548
tdc_caco2_wang,regression,2,2,seeded_scaffold_group_balanced,seeded_scaffold_group_balanced,15,gb_lr0.05_d2,boosting,-0.7059718686476114,,,,,,,,,,,0.2312641000025905
tdc_caco2_wang,regression,2,3,seeded_scaffold_group_balanced,seeded_scaffold_group_balanced,15,gb_lr0.05_d2,boosting,-0.6657463385669113,,,,,,,,,,,0.2600257999729365
tdc_caco2_wang,regression,2,1,seeded_scaffold_group_balanced,seeded_scaffold_group_balanced,16,gb_lr0.1_d3,boosting,-0.6692667745888407,,,,,,,,,,,0.3668347999919206
tdc_caco2_wang,regression,2,2,seeded_scaffold_group_balanced,seeded_scaffold_group_balanced,16,gb_lr0.1_d3,boosting,-0.6361480169677874,,,,,,,,,,,0.3582493999856524
tdc_caco2_wang,regression,2,3,seeded_scaffold_group_balanced,seeded_scaffold_group_balanced,16,gb_lr0.1_d3,boosting,-0.5985444565942964,,,,,,,,,,,0.3463649000041187
tdc_caco2_wang,regression,2,1,seeded_scaffold_group_balanced,seeded_scaffold_group_balanced,17,lgbm_60_l15,boosting,-0.6850905214716906,,,,,,,,,,,0.0639824999962002
tdc_caco2_wang,regression,2,2,seeded_scaffold_group_balanced,seeded_scaffold_group_balanced,17,lgbm_60_l15,boosting,-0.6547896560339902,,,,,,,,,,,0.0597111000097356
tdc_caco2_wang,regression,2,3,seeded_scaffold_group_balanced,seeded_scaffold_group_balanced,17,lgbm_60_l15,boosting,-0.5623697575240179,,,,,,,,,,,0.064616699994076
tdc_caco2_wang,regression,2,1,seeded_scaffold_group_balanced,seeded_scaffold_group_balanced,18,lgbm_90_l31,boosting,-0.6607034988162108,,,,,,,,,,,0.0857971999794244
tdc_caco2_wang,regression,2,2,seeded_scaffold_group_balanced,seeded_scaffold_group_balanced,18,lgbm_90_l31,boosting,-0.6637279391411762,,,,,,,,,,,0.0686417000251822
tdc_caco2_wang,regression,2,3,seeded_scaffold_group_balanced,seeded_scaffold_group_balanced,18,lgbm_90_l31,boosting,-0.5466028033315484,,,,,,,,,,,0.054646499978844
tdc_caco2_wang,regression,2,1,seeded_scaffold_group_balanced,seeded_scaffold_group_balanced,19,lgbm_60_l63,boosting,-0.6600917770127436,,,,,,,,,,,0.0497598999645561
tdc_caco2_wang,regression,2,2,seeded_scaffold_group_balanced,seeded_scaffold_group_balanced,19,lgbm_60_l63,boosting,-0.6341881436356129,,,,,,,,,,,0.066294000018388
tdc_caco2_wang,regression,2,3,seeded_scaffold_group_balanced,seeded_scaffold_group_balanced,19,lgbm_60_l63,boosting,-0.5368266582865194,,,,,,,,,,,0.1034821999492123
tdc_caco2_wang,regression,2,1,seeded_scaffold_group_balanced,seeded_scaffold_group_balanced,20,lgbm_100_leaf10,boosting,-0.6079987615352404,,,,,,,,,,,0.1383638000115752
tdc_caco2_wang,regression,2,2,seeded_scaffold_group_balanced,seeded_scaffold_group_balanced,20,lgbm_100_leaf10,boosting,-0.6233970919265993,,,,,,,,,,,0.1712259000050835
tdc_caco2_wang,regression,2,3,seeded_scaffold_group_balanced,seeded_scaffold_group_balanced,20,lgbm_100_leaf10,boosting,-0.5663701022311545,,,,,,,,,,,0.1830418999888934
tdc_caco2_wang,regression,2,1,seeded_scaffold_group_balanced,seeded_scaffold_group_balanced,21,lgbm_100_leaf30,boosting,-0.6809340238328001,,,,,,,,,,,0.0706813999568112
tdc_caco2_wang,regression,2,2,seeded_scaffold_group_balanced,seeded_scaffold_group_balanced,21,lgbm_100_leaf30,boosting,-0.6939850379228266,,,,,,,,,,,0.0669685999746434
tdc_caco2_wang,regression,2,3,seeded_scaffold_group_balanced,seeded_scaffold_group_balanced,21,lgbm_100_leaf30,boosting,-0.5738826580046116,,,,,,,,,,,0.0838687000214122
tdc_caco2_wang,regression,2,1,seeded_scaffold_group_balanced,seeded_scaffold_group_balanced,22,lgbm_80_ff0.7,boosting,-0.6626296735541923,,,,,,,,,,,0.1137152999872341
tdc_caco2_wang,regression,2,2,seeded_scaffold_group_balanced,seeded_scaffold_group_balanced,22,lgbm_80_ff0.7,boosting,-0.6248758310976736,,,,,,,,,,,0.0502139999880455
tdc_caco2_wang,regression,2,3,seeded_scaffold_group_balanced,seeded_scaffold_group_balanced,22,lgbm_80_ff0.7,boosting,-0.5486092142682254,,,,,,,,,,,0.0493499999865889
tdc_caco2_wang,regression,2,1,seeded_scaffold_group_balanced,seeded_scaffold_group_balanced,23,lgbm_80_bag0.8,boosting,-0.6638337731394708,,,,,,,,,,,0.0465063999872654
tdc_caco2_wang,regression,2,2,seeded_scaffold_group_balanced,seeded_scaffold_group_balanced,23,lgbm_80_bag0.8,boosting,-0.6540987601768906,,,,,,,,,,,0.032941400015261
tdc_caco2_wang,regression,2,3,seeded_scaffold_group_balanced,seeded_scaffold_group_balanced,23,lgbm_80_bag0.8,boosting,-0.5480732113000947,,,,,,,,,,,0.0367264000233262
tdc_caco2_wang,regression,2,1,seeded_scaffold_group_balanced,seeded_scaffold_group_balanced,24,lgbm_120_l15,boosting,-0.6679985176817939,,,,,,,,,,,0.0501786000095307
tdc_caco2_wang,regression,2,2,seeded_scaffold_group_balanced,seeded_scaffold_group_balanced,24,lgbm_120_l15,boosting,-0.6447168416471418,,,,,,,,,,,0.0522745000198483
tdc_caco2_wang,regression,2,3,seeded_scaffold_group_balanced,seeded_scaffold_group_balanced,24,lgbm_120_l15,boosting,-0.5428739216764298,,,,,,,,,,,0.0499248999985866
tdc_caco2_wang,regression,2,1,seeded_scaffold_group_balanced,seeded_scaffold_group_balanced,25,xgb_60_d3,boosting,-0.6734636481810709,,,,,,,,,,,0.0410065000178292
tdc_caco2_wang,regression,2,2,seeded_scaffold_group_balanced,seeded_scaffold_group_balanced,25,xgb_60_d3,boosting,-0.6454644302048638,,,,,,,,,,,0.0450253000017255
tdc_caco2_wang,regression,2,3,seeded_scaffold_group_balanced,seeded_scaffold_group_balanced,25,xgb_60_d3,boosting,-0.5924221514470748,,,,,,,,,,,0.0429790000198408
tdc_caco2_wang,regression,2,1,seeded_scaffold_group_balanced,seeded_scaffold_group_balanced,26,xgb_80_d5,boosting,-0.6461632675836032,,,,,,,,,,,0.0687286000465974
tdc_caco2_wang,regression,2,2,seeded_scaffold_group_balanced,seeded_scaffold_group_balanced,26,xgb_80_d5,boosting,-0.5764733236902688,,,,,,,,,,,0.067578800022602
tdc_caco2_wang,regression,2,3,seeded_scaffold_group_balanced,seeded_scaffold_group_balanced,26,xgb_80_d5,boosting,-0.5648126310381064,,,,,,,,,,,0.0779658000101335
tdc_caco2_wang,regression,2,1,seeded_scaffold_group_balanced,seeded_scaffold_group_balanced,27,xgb_100_d3,boosting,-0.656913113908199,,,,,,,,,,,0.0600200000335462
tdc_caco2_wang,regression,2,2,seeded_scaffold_group_balanced,seeded_scaffold_group_balanced,27,xgb_100_d3,boosting,-0.6179050151519924,,,,,,,,,,,0.0563034000224433
tdc_caco2_wang,regression,2,3,seeded_scaffold_group_balanced,seeded_scaffold_group_balanced,27,xgb_100_d3,boosting,-0.582122427555154,,,,,,,,,,,0.0566714000306092
tdc_caco2_wang,regression,2,1,seeded_scaffold_group_balanced,seeded_scaffold_group_balanced,28,xgb_60_d6,boosting,-0.6315244211932906,,,,,,,,,,,0.0655270999995991
tdc_caco2_wang,regression,2,2,seeded_scaffold_group_balanced,seeded_scaffold_group_balanced,28,xgb_60_d6,boosting,-0.5812914390503405,,,,,,,,,,,0.0622755999793298
tdc_caco2_wang,regression,2,3,seeded_scaffold_group_balanced,seeded_scaffold_group_balanced,28,xgb_60_d6,boosting,-0.5795668919901145,,,,,,,,,,,0.0706512999604456
tdc_caco2_wang,regression,2,1,seeded_scaffold_group_balanced,seeded_scaffold_group_balanced,29,cat_60_d4,boosting,-0.705437381873863,,,,,,,,,,,0.1615146999829448
tdc_caco2_wang,regression,2,2,seeded_scaffold_group_balanced,seeded_scaffold_group_balanced,29,cat_60_d4,boosting,-0.6855461104250384,,,,,,,,,,,0.1585660999990068
tdc_caco2_wang,regression,2,3,seeded_scaffold_group_balanced,seeded_scaffold_group_balanced,29,cat_60_d4,boosting,-0.6358355958905445,,,,,,,,,,,0.1728006000048481
tdc_caco2_wang,regression,2,1,seeded_scaffold_group_balanced,seeded_scaffold_group_balanced,30,cat_80_d6,boosting,-0.6791086400913023,,,,,,,,,,,0.5179404000518844
tdc_caco2_wang,regression,2,2,seeded_scaffold_group_balanced,seeded_scaffold_group_balanced,30,cat_80_d6,boosting,-0.680805458875178,,,,,,,,,,,0.5715146000147797
tdc_caco2_wang,regression,2,3,seeded_scaffold_group_balanced,seeded_scaffold_group_balanced,30,cat_80_d6,boosting,-0.6185249882874738,,,,,,,,,,,0.5691630000364967
tdc_caco2_wang,regression,2,1,seeded_scaffold_group_balanced,seeded_scaffold_group_balanced,31,cat_100_d4,boosting,-0.727083000322576,,,,,,,,,,,0.2429824999999255
tdc_caco2_wang,regression,2,2,seeded_scaffold_group_balanced,seeded_scaffold_group_balanced,31,cat_100_d4,boosting,-0.6731976837905997,,,,,,,,,,,0.2593578000087291
tdc_caco2_wang,regression,2,3,seeded_scaffold_group_balanced,seeded_scaffold_group_balanced,31,cat_100_d4,boosting,-0.6317146008315729,,,,,,,,,,,0.294366699992679
tdc_caco2_wang,regression,2,1,seeded_scaffold_group_balanced,seeded_scaffold_group_balanced,32,cat_60_d8,boosting,-0.7001238280144325,,,,,,,,,,,1.0053401999757623
tdc_caco2_wang,regression,2,2,seeded_scaffold_group_balanced,seeded_scaffold_group_balanced,32,cat_60_d8,boosting,-0.6693052423066798,,,,,,,,,,,1.0268739000312053
tdc_caco2_wang,regression,2,3,seeded_scaffold_group_balanced,seeded_scaffold_group_balanced,32,cat_60_d8,boosting,-0.6153566190166917,,,,,,,,,,,1.1788237000000663
tdc_caco2_wang,regression,3,1,seeded_scaffold_group_balanced,seeded_scaffold_group_balanced,1,ridge_a0.1,linear,-1.0249999661499003,,,,,,,,,,,0.0040760000119917
tdc_caco2_wang,regression,3,2,seeded_scaffold_group_balanced,seeded_scaffold_group_balanced,1,ridge_a0.1,linear,-1.019421594671781,,,,,,,,,,,0.0032408999977633
tdc_caco2_wang,regression,3,3,seeded_scaffold_group_balanced,seeded_scaffold_group_balanced,1,ridge_a0.1,linear,-0.8840815904599788,,,,,,,,,,,0.0033793000038713
tdc_caco2_wang,regression,3,1,seeded_scaffold_group_balanced,seeded_scaffold_group_balanced,2,ridge_a1,linear,-0.7265918594104148,,,,,,,,,,,0.0029655999969691
tdc_caco2_wang,regression,3,2,seeded_scaffold_group_balanced,seeded_scaffold_group_balanced,2,ridge_a1,linear,-0.7926338583105854,,,,,,,,,,,0.0028467000229284
tdc_caco2_wang,regression,3,3,seeded_scaffold_group_balanced,seeded_scaffold_group_balanced,2,ridge_a1,linear,-0.6556965035947114,,,,,,,,,,,0.0030214000144042
tdc_caco2_wang,regression,3,1,seeded_scaffold_group_balanced,seeded_scaffold_group_balanced,3,ridge_a10,linear,-0.5615327076848364,,,,,,,,,,,0.0030988000216893
tdc_caco2_wang,regression,3,2,seeded_scaffold_group_balanced,seeded_scaffold_group_balanced,3,ridge_a10,linear,-0.6419711804825585,,,,,,,,,,,0.0037444999907165
tdc_caco2_wang,regression,3,3,seeded_scaffold_group_balanced,seeded_scaffold_group_balanced,3,ridge_a10,linear,-0.5439910839925323,,,,,,,,,,,0.0029906000127084
tdc_caco2_wang,regression,3,1,seeded_scaffold_group_balanced,seeded_scaffold_group_balanced,4,elasticnet_a0.001,linear,-0.7336805690898613,,,,,,,,,,,0.0373356000054627
tdc_caco2_wang,regression,3,2,seeded_scaffold_group_balanced,seeded_scaffold_group_balanced,4,elasticnet_a0.001,linear,-0.8193798449051547,,,,,,,,,,,0.0273697000229731
tdc_caco2_wang,regression,3,3,seeded_scaffold_group_balanced,seeded_scaffold_group_balanced,4,elasticnet_a0.001,linear,-0.6965653833264598,,,,,,,,,,,0.0355886999750509
tdc_caco2_wang,regression,3,1,seeded_scaffold_group_balanced,seeded_scaffold_group_balanced,5,rf_60_sqrt,bagging,-0.5403692456820193,,,,,,,,,,,0.0707948000053875
tdc_caco2_wang,regression,3,2,seeded_scaffold_group_balanced,seeded_scaffold_group_balanced,5,rf_60_sqrt,bagging,-0.6337818671874489,,,,,,,,,,,0.0636166000040248
tdc_caco2_wang,regression,3,3,seeded_scaffold_group_balanced,seeded_scaffold_group_balanced,5,rf_60_sqrt,bagging,-0.6179164646272058,,,,,,,,,,,0.0600245000096038
tdc_caco2_wang,regression,3,1,seeded_scaffold_group_balanced,seeded_scaffold_group_balanced,6,rf_90_d12,bagging,-0.5633766157349047,,,,,,,,,,,0.0855160999926738
tdc_caco2_wang,regression,3,2,seeded_scaffold_group_balanced,seeded_scaffold_group_balanced,6,rf_90_d12,bagging,-0.6398317836808327,,,,,,,,,,,0.087576900026761
tdc_caco2_wang,regression,3,3,seeded_scaffold_group_balanced,seeded_scaffold_group_balanced,6,rf_90_d12,bagging,-0.6176080708333779,,,,,,,,,,,0.0978173000039532
tdc_caco2_wang,regression,3,1,seeded_scaffold_group_balanced,seeded_scaffold_group_balanced,7,rf_90_leaf2,bagging,-0.5378574937141141,,,,,,,,,,,0.1178255999693647
tdc_caco2_wang,regression,3,2,seeded_scaffold_group_balanced,seeded_scaffold_group_balanced,7,rf_90_leaf2,bagging,-0.6384540392841227,,,,,,,,,,,0.1204211000003852
tdc_caco2_wang,regression,3,3,seeded_scaffold_group_balanced,seeded_scaffold_group_balanced,7,rf_90_leaf2,bagging,-0.602119689998275,,,,,,,,,,,0.1136292000301182
tdc_caco2_wang,regression,3,1,seeded_scaffold_group_balanced,seeded_scaffold_group_balanced,8,rf_120_d20_leaf2,bagging,-0.5338499314547812,,,,,,,,,,,0.1422819999861531
tdc_caco2_wang,regression,3,2,seeded_scaffold_group_balanced,seeded_scaffold_group_balanced,8,rf_120_d20_leaf2,bagging,-0.6425206610325583,,,,,,,,,,,0.1388528000097721
tdc_caco2_wang,regression,3,3,seeded_scaffold_group_balanced,seeded_scaffold_group_balanced,8,rf_120_d20_leaf2,bagging,-0.5975529758563957,,,,,,,,,,,0.1556156000006012
tdc_caco2_wang,regression,3,1,seeded_scaffold_group_balanced,seeded_scaffold_group_balanced,9,et_60_sqrt,bagging,-0.5220931580296232,,,,,,,,,,,0.0682599000283517
tdc_caco2_wang,regression,3,2,seeded_scaffold_group_balanced,seeded_scaffold_group_balanced,9,et_60_sqrt,bagging,-0.6350284256515148,,,,,,,,,,,0.0578296000021509
tdc_caco2_wang,regression,3,3,seeded_scaffold_group_balanced,seeded_scaffold_group_balanced,9,et_60_sqrt,bagging,-0.5867088485940769,,,,,,,,,,,0.0645194000098854
tdc_caco2_wang,regression,3,1,seeded_scaffold_group_balanced,seeded_scaffold_group_balanced,10,et_90_d12,bagging,-0.5338835551003114,,,,,,,,,,,0.0797799999709241
tdc_caco2_wang,regression,3,2,seeded_scaffold_group_balanced,seeded_scaffold_group_balanced,10,et_90_d12,bagging,-0.6143241776555716,,,,,,,,,,,0.082039300003089
tdc_caco2_wang,regression,3,3,seeded_scaffold_group_balanced,seeded_scaffold_group_balanced,10,et_90_d12,bagging,-0.6058548434995141,,,,,,,,,,,0.0811186999781057
tdc_caco2_wang,regression,3,1,seeded_scaffold_group_balanced,seeded_scaffold_group_balanced,11,et_90_leaf2,bagging,-0.5149669397503146,,,,,,,,,,,0.0824259999790228
tdc_caco2_wang,regression,3,2,seeded_scaffold_group_balanced,seeded_scaffold_group_balanced,11,et_90_leaf2,bagging,-0.617612339456267,,,,,,,,,,,0.0919127000379376
tdc_caco2_wang,regression,3,3,seeded_scaffold_group_balanced,seeded_scaffold_group_balanced,11,et_90_leaf2,bagging,-0.5892844841541879,,,,,,,,,,,0.090261899982579
tdc_caco2_wang,regression,3,1,seeded_scaffold_group_balanced,seeded_scaffold_group_balanced,12,et_120_d20_leaf2,bagging,-0.5183784160170549,,,,,,,,,,,0.1077838000492192
tdc_caco2_wang,regression,3,2,seeded_scaffold_group_balanced,seeded_scaffold_group_balanced,12,et_120_d20_leaf2,bagging,-0.6140589961062506,,,,,,,,,,,0.1033568999846465
tdc_caco2_wang,regression,3,3,seeded_scaffold_group_balanced,seeded_scaffold_group_balanced,12,et_120_d20_leaf2,bagging,-0.599331953891902,,,,,,,,,,,0.1090518999844789
tdc_caco2_wang,regression,3,1,seeded_scaffold_group_balanced,seeded_scaffold_group_balanced,13,histgb_lr0.05,boosting,-0.5154939738212524,,,,,,,,,,,0.9395534999785012
tdc_caco2_wang,regression,3,2,seeded_scaffold_group_balanced,seeded_scaffold_group_balanced,13,histgb_lr0.05,boosting,-0.5845906159087231,,,,,,,,,,,0.8079739999957383
tdc_caco2_wang,regression,3,3,seeded_scaffold_group_balanced,seeded_scaffold_group_balanced,13,histgb_lr0.05,boosting,-0.5819388180686453,,,,,,,,,,,0.8915152999688871
tdc_caco2_wang,regression,3,1,seeded_scaffold_group_balanced,seeded_scaffold_group_balanced,14,histgb_lr0.1,boosting,-0.5159139960700676,,,,,,,,,,,0.7348991999751888
tdc_caco2_wang,regression,3,2,seeded_scaffold_group_balanced,seeded_scaffold_group_balanced,14,histgb_lr0.1,boosting,-0.580684229887722,,,,,,,,,,,0.6983317999984138
tdc_caco2_wang,regression,3,3,seeded_scaffold_group_balanced,seeded_scaffold_group_balanced,14,histgb_lr0.1,boosting,-0.5952220381158617,,,,,,,,,,,0.665402400016319
tdc_caco2_wang,regression,3,1,seeded_scaffold_group_balanced,seeded_scaffold_group_balanced,15,gb_lr0.05_d2,boosting,-0.5979342464610999,,,,,,,,,,,0.1843179000425152
tdc_caco2_wang,regression,3,2,seeded_scaffold_group_balanced,seeded_scaffold_group_balanced,15,gb_lr0.05_d2,boosting,-0.6393018497430286,,,,,,,,,,,0.1855087000294588
tdc_caco2_wang,regression,3,3,seeded_scaffold_group_balanced,seeded_scaffold_group_balanced,15,gb_lr0.05_d2,boosting,-0.6154806187594731,,,,,,,,,,,0.1910631999489851
tdc_caco2_wang,regression,3,1,seeded_scaffold_group_balanced,seeded_scaffold_group_balanced,16,gb_lr0.1_d3,boosting,-0.5650620779153541,,,,,,,,,,,0.2725225999602116
tdc_caco2_wang,regression,3,2,seeded_scaffold_group_balanced,seeded_scaffold_group_balanced,16,gb_lr0.1_d3,boosting,-0.5665468440720525,,,,,,,,,,,0.2620980000356212
tdc_caco2_wang,regression,3,3,seeded_scaffold_group_balanced,seeded_scaffold_group_balanced,16,gb_lr0.1_d3,boosting,-0.5926861853281878,,,,,,,,,,,0.2848678000154905
tdc_caco2_wang,regression,3,1,seeded_scaffold_group_balanced,seeded_scaffold_group_balanced,17,lgbm_60_l15,boosting,-0.5215241330961659,,,,,,,,,,,0.0307697000098414
tdc_caco2_wang,regression,3,2,seeded_scaffold_group_balanced,seeded_scaffold_group_balanced,17,lgbm_60_l15,boosting,-0.6048007624408974,,,,,,,,,,,0.0314890000154264
tdc_caco2_wang,regression,3,3,seeded_scaffold_group_balanced,seeded_scaffold_group_balanced,17,lgbm_60_l15,boosting,-0.5972615924363773,,,,,,,,,,,0.0321623999625444
tdc_caco2_wang,regression,3,1,seeded_scaffold_group_balanced,seeded_scaffold_group_balanced,18,lgbm_90_l31,boosting,-0.5134026174560978,,,,,,,,,,,0.04026859998703
tdc_caco2_wang,regression,3,2,seeded_scaffold_group_balanced,seeded_scaffold_group_balanced,18,lgbm_90_l31,boosting,-0.5910674620911834,,,,,,,,,,,0.0371369000058621
tdc_caco2_wang,regression,3,3,seeded_scaffold_group_balanced,seeded_scaffold_group_balanced,18,lgbm_90_l31,boosting,-0.5906144290178995,,,,,,,,,,,0.0410492999944835
tdc_caco2_wang,regression,3,1,seeded_scaffold_group_balanced,seeded_scaffold_group_balanced,19,lgbm_60_l63,boosting,-0.5195379153024356,,,,,,,,,,,0.031153300020378
tdc_caco2_wang,regression,3,2,seeded_scaffold_group_balanced,seeded_scaffold_group_balanced,19,lgbm_60_l63,boosting,-0.5896827482548428,,,,,,,,,,,0.0348855999764055
tdc_caco2_wang,regression,3,3,seeded_scaffold_group_balanced,seeded_scaffold_group_balanced,19,lgbm_60_l63,boosting,-0.5936898354071558,,,,,,,,,,,0.0297078999574296
tdc_caco2_wang,regression,3,1,seeded_scaffold_group_balanced,seeded_scaffold_group_balanced,20,lgbm_100_leaf10,boosting,-0.4993381412880799,,,,,,,,,,,0.0864617000333964
tdc_caco2_wang,regression,3,2,seeded_scaffold_group_balanced,seeded_scaffold_group_balanced,20,lgbm_100_leaf10,boosting,-0.6328446389884864,,,,,,,,,,,0.0915130000212229
tdc_caco2_wang,regression,3,3,seeded_scaffold_group_balanced,seeded_scaffold_group_balanced,20,lgbm_100_leaf10,boosting,-0.5832933263816231,,,,,,,,,,,0.0990526000387035
tdc_caco2_wang,regression,3,1,seeded_scaffold_group_balanced,seeded_scaffold_group_balanced,21,lgbm_100_leaf30,boosting,-0.5404557944029313,,,,,,,,,,,0.0397035999922081
tdc_caco2_wang,regression,3,2,seeded_scaffold_group_balanced,seeded_scaffold_group_balanced,21,lgbm_100_leaf30,boosting,-0.6376955235379747,,,,,,,,,,,0.0344181999680586
tdc_caco2_wang,regression,3,3,seeded_scaffold_group_balanced,seeded_scaffold_group_balanced,21,lgbm_100_leaf30,boosting,-0.6058247268303252,,,,,,,,,,,0.031073699996341
tdc_caco2_wang,regression,3,1,seeded_scaffold_group_balanced,seeded_scaffold_group_balanced,22,lgbm_80_ff0.7,boosting,-0.530018876261408,,,,,,,,,,,0.0424575000070035
tdc_caco2_wang,regression,3,2,seeded_scaffold_group_balanced,seeded_scaffold_group_balanced,22,lgbm_80_ff0.7,boosting,-0.5873308655443046,,,,,,,,,,,0.0427094000042416
tdc_caco2_wang,regression,3,3,seeded_scaffold_group_balanced,seeded_scaffold_group_balanced,22,lgbm_80_ff0.7,boosting,-0.5830480834070133,,,,,,,,,,,0.1383398000034503
tdc_caco2_wang,regression,3,1,seeded_scaffold_group_balanced,seeded_scaffold_group_balanced,23,lgbm_80_bag0.8,boosting,-0.5303344830390391,,,,,,,,,,,0.09948059997987
tdc_caco2_wang,regression,3,2,seeded_scaffold_group_balanced,seeded_scaffold_group_balanced,23,lgbm_80_bag0.8,boosting,-0.5732169656464273,,,,,,,,,,,0.0862353999982588
tdc_caco2_wang,regression,3,3,seeded_scaffold_group_balanced,seeded_scaffold_group_balanced,23,lgbm_80_bag0.8,boosting,-0.5669421641821301,,,,,,,,,,,0.0689614000148139
tdc_caco2_wang,regression,3,1,seeded_scaffold_group_balanced,seeded_scaffold_group_balanced,24,lgbm_120_l15,boosting,-0.5096704829114517,,,,,,,,,,,0.1381628999952227
tdc_caco2_wang,regression,3,2,seeded_scaffold_group_balanced,seeded_scaffold_group_balanced,24,lgbm_120_l15,boosting,-0.5824905995769598,,,,,,,,,,,0.2810583999962546
tdc_caco2_wang,regression,3,3,seeded_scaffold_group_balanced,seeded_scaffold_group_balanced,24,lgbm_120_l15,boosting,-0.589334884387485,,,,,,,,,,,0.1518002999946475
tdc_caco2_wang,regression,3,1,seeded_scaffold_group_balanced,seeded_scaffold_group_balanced,25,xgb_60_d3,boosting,-0.5692222550535415,,,,,,,,,,,0.0604824999463744
tdc_caco2_wang,regression,3,2,seeded_scaffold_group_balanced,seeded_scaffold_group_balanced,25,xgb_60_d3,boosting,-0.6136271721135178,,,,,,,,,,,0.0596432999591343
tdc_caco2_wang,regression,3,3,seeded_scaffold_group_balanced,seeded_scaffold_group_balanced,25,xgb_60_d3,boosting,-0.5803219350187584,,,,,,,,,,,0.0578485000296495
tdc_caco2_wang,regression,3,1,seeded_scaffold_group_balanced,seeded_scaffold_group_balanced,26,xgb_80_d5,boosting,-0.537523841399939,,,,,,,,,,,0.0938165000407025
tdc_caco2_wang,regression,3,2,seeded_scaffold_group_balanced,seeded_scaffold_group_balanced,26,xgb_80_d5,boosting,-0.5943411641146096,,,,,,,,,,,0.0977755999774672
tdc_caco2_wang,regression,3,3,seeded_scaffold_group_balanced,seeded_scaffold_group_balanced,26,xgb_80_d5,boosting,-0.5687599307843679,,,,,,,,,,,0.1122540999785997
tdc_caco2_wang,regression,3,1,seeded_scaffold_group_balanced,seeded_scaffold_group_balanced,27,xgb_100_d3,boosting,-0.5412657137119734,,,,,,,,,,,0.0927825999679043
tdc_caco2_wang,regression,3,2,seeded_scaffold_group_balanced,seeded_scaffold_group_balanced,27,xgb_100_d3,boosting,-0.601446199375049,,,,,,,,,,,0.1029606999945826
tdc_caco2_wang,regression,3,3,seeded_scaffold_group_balanced,seeded_scaffold_group_balanced,27,xgb_100_d3,boosting,-0.5790559259355327,,,,,,,,,,,0.0821730999741703
tdc_caco2_wang,regression,3,1,seeded_scaffold_group_balanced,seeded_scaffold_group_balanced,28,xgb_60_d6,boosting,-0.5396716761617149,,,,,,,,,,,0.088800799974706
tdc_caco2_wang,regression,3,2,seeded_scaffold_group_balanced,seeded_scaffold_group_balanced,28,xgb_60_d6,boosting,-0.5845134044564295,,,,,,,,,,,0.0859113999758847
tdc_caco2_wang,regression,3,3,seeded_scaffold_group_balanced,seeded_scaffold_group_balanced,28,xgb_60_d6,boosting,-0.5676912707348222,,,,,,,,,,,0.0863360000075772
tdc_caco2_wang,regression,3,1,seeded_scaffold_group_balanced,seeded_scaffold_group_balanced,29,cat_60_d4,boosting,-0.5703298085768834,,,,,,,,,,,0.1848528000409715
tdc_caco2_wang,regression,3,2,seeded_scaffold_group_balanced,seeded_scaffold_group_balanced,29,cat_60_d4,boosting,-0.6396453337734616,,,,,,,,,,,0.1907075999770313
tdc_caco2_wang,regression,3,3,seeded_scaffold_group_balanced,seeded_scaffold_group_balanced,29,cat_60_d4,boosting,-0.618104999248358,,,,,,,,,,,0.2714325999841094
tdc_caco2_wang,regression,3,1,seeded_scaffold_group_balanced,seeded_scaffold_group_balanced,30,cat_80_d6,boosting,-0.5400527117774991,,,,,,,,,,,0.5476329000084661
tdc_caco2_wang,regression,3,2,seeded_scaffold_group_balanced,seeded_scaffold_group_balanced,30,cat_80_d6,boosting,-0.6254660293141289,,,,,,,,,,,0.5786418000352569
tdc_caco2_wang,regression,3,3,seeded_scaffold_group_balanced,seeded_scaffold_group_balanced,30,cat_80_d6,boosting,-0.6157131761642057,,,,,,,,,,,0.520984300004784
tdc_caco2_wang,regression,3,1,seeded_scaffold_group_balanced,seeded_scaffold_group_balanced,31,cat_100_d4,boosting,-0.5621593267648246,,,,,,,,,,,0.2853676000377163
tdc_caco2_wang,regression,3,2,seeded_scaffold_group_balanced,seeded_scaffold_group_balanced,31,cat_100_d4,boosting,-0.6264273323768442,,,,,,,,,,,0.2431824000086635
tdc_caco2_wang,regression,3,3,seeded_scaffold_group_balanced,seeded_scaffold_group_balanced,31,cat_100_d4,boosting,-0.6041976025580418,,,,,,,,,,,0.2793790000141598
tdc_caco2_wang,regression,3,1,seeded_scaffold_group_balanced,seeded_scaffold_group_balanced,32,cat_60_d8,boosting,-0.5319865339814646,,,,,,,,,,,1.201356499979738
tdc_caco2_wang,regression,3,2,seeded_scaffold_group_balanced,seeded_scaffold_group_balanced,32,cat_60_d8,boosting,-0.6476641131969357,,,,,,,,,,,1.5081424999516455
tdc_caco2_wang,regression,3,3,seeded_scaffold_group_balanced,seeded_scaffold_group_balanced,32,cat_60_d8,boosting,-0.6226796404704197,,,,,,,,,,,1.5198951000347731
tdc_hia_hou,classification,1,1,stratified_scaffold_group,stratified_scaffold_group,1,logreg_l2_c0.1,linear,0.9291819291819292,0.9291819291819292,0.9930424558772812,0.0824747151882961,0.0,0.6485357242468163,0.8888888888888888,0.8791208791208791,0.884004884004884,1.0,0.8,0.0017705999780446
tdc_hia_hou,classification,1,2,stratified_scaffold_group,stratified_scaffold_group,1,logreg_l2_c0.1,linear,0.8412728658536586,0.8412728658536586,0.958248038511042,0.1158564082573448,0.0,0.6549437651549372,0.8125,0.7439024390243902,0.7782012195121951,1.0,0.8,0.0015101000317372
tdc_hia_hou,classification,1,3,stratified_scaffold_group,stratified_scaffold_group,1,logreg_l2_c0.1,linear,0.783,0.783,0.9388977539420044,0.1214984111587342,0.0,0.8148467786306484,0.8,0.5,0.65,1.0,0.8,0.0015197999891825
tdc_hia_hou,classification,1,1,stratified_scaffold_group,stratified_scaffold_group,2,logreg_l2_c1,linear,0.9352869352869352,0.9352869352869352,0.9937006873006546,0.0636869230502238,0.0,0.7594838560360517,0.8888888888888888,0.8901098901098901,0.8894993894993894,1.0,0.8,0.0018944999901577
tdc_hia_hou,classification,1,2,stratified_scaffold_group,stratified_scaffold_group,2,logreg_l2_c1,linear,0.8490853658536586,0.8490853658536586,0.9577920812783188,0.0893824150821914,0.0,0.8336126526561176,0.8125,0.7439024390243902,0.7782012195121951,1.0,0.8,0.0016097999759949
tdc_hia_hou,classification,1,3,stratified_scaffold_group,stratified_scaffold_group,2,logreg_l2_c1,linear,0.792,0.792,0.9425770507914556,0.1116577144631081,0.0,0.9120403907397452,0.8,0.64,0.72,1.0,0.8,0.0018219000194221
tdc_hia_hou,classification,1,1,stratified_scaffold_group,stratified_scaffold_group,3,logreg_l2_c10,linear,0.9267399267399268,0.9267399267399268,0.9927262131317698,0.0653812491896496,0.0,0.874514279508438,1.0,0.8461538461538461,0.9230769230769232,1.0,0.8,0.0022650000173598
tdc_hia_hou,classification,1,2,stratified_scaffold_group,stratified_scaffold_group,3,logreg_l2_c10,linear,0.8519435975609756,0.8519435975609756,0.9573299084139032,0.0874001048272396,0.0,0.9449601141022748,0.8125,0.7378048780487805,0.7751524390243902,1.0,0.8,0.0018169999821111
tdc_hia_hou,classification,1,3,stratified_scaffold_group,stratified_scaffold_group,3,logreg_l2_c10,linear,0.795,0.795,0.9493553113480644,0.1193581551550256,0.0,0.978603148619646,0.8,0.64,0.72,1.0,0.8,0.0026509000454097
tdc_hia_hou,classification,1,1,stratified_scaffold_group,stratified_scaffold_group,4,logreg_l1_c1,linear,0.9023199023199024,0.9023199023199024,0.9899767240879354,0.0916548523057649,0.0,0.6471217651591995,0.8888888888888888,0.8681318681318682,0.8785103785103785,1.0,0.8,0.0031440000166185
tdc_hia_hou,classification,1,2,stratified_scaffold_group,stratified_scaffold_group,4,logreg_l1_c1,linear,0.7651486280487805,0.7651486280487805,0.9289615493005452,0.1457301751851776,0.0,0.8313282666030988,0.8125,0.5975609756097561,0.7050304878048781,1.0,0.8,0.0017099000397138
tdc_hia_hou,classification,1,3,stratified_scaffold_group,stratified_scaffold_group,4,logreg_l1_c1,linear,0.7715,0.7715,0.945387273697568,0.1550681408884284,0.0,0.8935473253651781,0.8,0.6,0.7,1.0,0.8,0.0021133000263944
tdc_hia_hou,classification,1,1,stratified_scaffold_group,stratified_scaffold_group,5,rf_60_sqrt,bagging,0.8681318681318682,0.8681318681318682,0.968681349871702,0.0605444444444444,0.0,0.8,0.8888888888888888,0.8461538461538461,0.8675213675213675,1.0,0.8,0.1013744999654591
tdc_hia_hou,classification,1,2,stratified_scaffold_group,stratified_scaffold_group,5,rf_60_sqrt,bagging,0.8715701219512195,0.8715701219512195,0.9681062421620245,0.1025992063492063,0.0,0.8333333333333334,0.8125,0.75,0.78125,1.0,0.8,0.1061008999822661
tdc_hia_hou,classification,1,3,stratified_scaffold_group,stratified_scaffold_group,5,rf_60_sqrt,bagging,0.71175,0.71175,0.909246485468457,0.1206805555555555,0.0,0.9166666666666666,0.85,0.4,0.625,1.0,0.8,0.1064637000090442
tdc_hia_hou,classification,1,1,stratified_scaffold_group,stratified_scaffold_group,6,rf_90_d12,bagging,0.8803418803418804,0.8803418803418804,0.9847088349696024,0.0699599889943304,0.0,0.7888977655436792,0.8888888888888888,0.8021978021978022,0.8455433455433455,1.0,0.8,0.1709931999794207
tdc_hia_hou,classification,1,2,stratified_scaffold_group,stratified_scaffold_group,6,rf_90_d12,bagging,0.8795731707317073,0.8795731707317073,0.9720373415309352,0.0980574999172084,0.0,0.79607527225029,0.8125,0.8292682926829268,0.8208841463414633,1.0,0.8,0.1520269999746233
tdc_hia_hou,classification,1,3,stratified_scaffold_group,stratified_scaffold_group,6,rf_90_d12,bagging,0.7505,0.7505,0.9221396856095306,0.1177773609614459,0.0,0.8411987468740837,0.8,0.55,0.675,1.0,0.8,0.1525207000086084
tdc_hia_hou,classification,1,1,stratified_scaffold_group,stratified_scaffold_group,7,rf_90_leaf2,bagging,0.8962148962148963,0.8962148962148963,0.9879448253897554,0.0761830594673596,0.0,0.7358583521589726,0.8888888888888888,0.8791208791208791,0.884004884004884,1.0,0.8,0.1463193999952636
tdc_hia_hou,classification,1,2,stratified_scaffold_group,stratified_scaffold_group,7,rf_90_leaf2,bagging,0.8492759146341463,0.8492759146341463,0.9637010433772326,0.1021978981691597,0.0,0.7626342152395154,0.8125,0.7682926829268293,0.7903963414634146,1.0,0.8,0.1427897000103257
tdc_hia_hou,classification,1,3,stratified_scaffold_group,stratified_scaffold_group,7,rf_90_leaf2,bagging,0.8119999999999999,0.8119999999999999,0.951472353452623,0.1140880088653844,0.0,0.7786676535002622,0.8,0.7,0.75,1.0,0.8,0.135792399989441
tdc_hia_hou,classification,1,1,stratified_scaffold_group,stratified_scaffold_group,8,rf_120_d20_leaf2,bagging,0.8998778998778999,0.8998778998778999,0.98900255475323,0.077212035411909,0.0,0.7315454436770853,0.8888888888888888,0.8791208791208791,0.884004884004884,1.0,0.8,0.161293699988164
tdc_hia_hou,classification,1,2,stratified_scaffold_group,stratified_scaffold_group,8,rf_120_d20_leaf2,bagging,0.8334603658536586,0.8334603658536586,0.959154421823254,0.1030304821946056,0.0,0.7866703398298729,0.8125,0.7012195121951219,0.756859756097561,1.0,0.8,0.1751508000306785
tdc_hia_hou,classification,1,3,stratified_scaffold_group,stratified_scaffold_group,8,rf_120_d20_leaf2,bagging,0.8105,0.8105,0.9512168110825964,0.1138774909003576,0.0,0.7925051292773515,0.8,0.65,0.7250000000000001,1.0,0.8,0.1764257000177167
tdc_hia_hou,classification,1,1,stratified_scaffold_group,stratified_scaffold_group,9,et_60_sqrt,bagging,0.8669108669108669,0.8669108669108669,0.97511453992312,0.0559694444444444,0.0,0.8333333333333334,0.8888888888888888,0.8351648351648352,0.8620268620268621,1.0,0.8,0.0534814000129699
tdc_hia_hou,classification,1,2,stratified_scaffold_group,stratified_scaffold_group,9,et_60_sqrt,bagging,0.8266006097560975,0.8266006097560975,0.9350411876881984,0.1004506802721088,0.0,0.85,0.8125,0.7012195121951219,0.756859756097561,1.0,0.8,0.0536227999837137
tdc_hia_hou,classification,1,3,stratified_scaffold_group,stratified_scaffold_group,9,et_60_sqrt,bagging,0.7925,0.7925,0.9361226533851652,0.1107453703703703,0.0,0.8666666666666667,0.85,0.62,0.735,1.0,0.8,0.0654898000066168
tdc_hia_hou,classification,1,1,stratified_scaffold_group,stratified_scaffold_group,10,et_90_d12,bagging,0.9206349206349206,0.9206349206349206,0.9916936661353444,0.0718203972841556,0.0,0.7486473497908039,0.8888888888888888,0.8901098901098901,0.8894993894993894,1.0,0.8,0.0924503999995067
tdc_hia_hou,classification,1,2,stratified_scaffold_group,stratified_scaffold_group,10,et_90_d12,bagging,0.8165015243902439,0.8165015243902439,0.9453158391442532,0.1059630105503324,0.0,0.7863286925729944,0.8125,0.676829268292683,0.7446646341463414,1.0,0.8,0.0838247999781742
tdc_hia_hou,classification,1,3,stratified_scaffold_group,stratified_scaffold_group,10,et_90_d12,bagging,0.7905,0.7905,0.944609825640248,0.1133040563536914,0.0,0.8299517122697276,0.9,0.54,0.72,1.0,0.8,0.0917560000088997
tdc_hia_hou,classification,1,1,stratified_scaffold_group,stratified_scaffold_group,11,et_90_leaf2,bagging,0.938949938949939,0.938949938949939,0.9939118541186316,0.0667350695965593,0.0,0.7481803404555092,0.8888888888888888,0.8791208791208791,0.884004884004884,1.0,0.8,0.0851016999804414
tdc_hia_hou,classification,1,2,stratified_scaffold_group,stratified_scaffold_group,11,et_90_leaf2,bagging,0.828125,0.828125,0.9503279705465852,0.1036754671783757,0.0,0.7790895629846806,0.8125,0.7073170731707317,0.7599085365853658,1.0,0.8,0.0860283999936655
tdc_hia_hou,classification,1,3,stratified_scaffold_group,stratified_scaffold_group,11,et_90_leaf2,bagging,0.8155000000000001,0.8155000000000001,0.9560575716648526,0.1104338567397604,0.0,0.7766609998102502,0.8,0.7,0.75,1.0,0.8,0.0947298000101
tdc_hia_hou,classification,1,1,stratified_scaffold_group,stratified_scaffold_group,12,et_120_d20_leaf2,bagging,0.9328449328449328,0.9328449328449328,0.9930965397259816,0.0665908035687858,0.0,0.7083774101383683,0.8888888888888888,0.9010989010989012,0.8949938949938949,1.0,0.8,0.1075128000229597
tdc_hia_hou,classification,1,2,stratified_scaffold_group,stratified_scaffold_group,12,et_120_d20_leaf2,bagging,0.836890243902439,0.836890243902439,0.9548237548766126,0.1017129310796969,0.0,0.7669008566835257,0.8125,0.7195121951219512,0.7660060975609756,1.0,0.8,0.1068159000133164
tdc_hia_hou,classification,1,3,stratified_scaffold_group,stratified_scaffold_group,12,et_120_d20_leaf2,bagging,0.8365,0.8365,0.9611565494944794,0.107131594435397,0.0,0.7557816872397375,0.8,0.75,0.775,1.0,0.8,0.1104336999705992
tdc_hia_hou,classification,1,1,stratified_scaffold_group,stratified_scaffold_group,13,histgb_lr0.05,boosting,0.9316239316239316,0.9316239316239316,0.9933362394022062,0.0555092721974478,0.0,0.8121025849920251,1.0,0.8901098901098901,0.945054945054945,1.0,0.8,0.701882699970156
tdc_hia_hou,classification,1,2,stratified_scaffold_group,stratified_scaffold_group,13,histgb_lr0.05,boosting,0.7639100609756097,0.7639100609756097,0.92471604642037,0.1112829007576924,0.0,0.9262825089368402,0.8125,0.5914634146341463,0.7019817073170731,1.0,0.8,0.4911310000461526
tdc_hia_hou,classification,1,3,stratified_scaffold_group,stratified_scaffold_group,13,histgb_lr0.05,boosting,0.7679999999999999,0.7679999999999999,0.939237070745405,0.119883263238202,0.0,0.9379866286118326,0.8,0.69,0.745,1.0,0.8,0.8653676999965683
tdc_hia_hou,classification,1,1,stratified_scaffold_group,stratified_scaffold_group,14,histgb_lr0.1,boosting,0.94993894993895,0.94993894993895,0.9951585192487716,0.0499106867131131,0.0,0.856769729178106,1.0,0.912087912087912,0.956043956043956,1.0,0.8,0.7302575999638066
tdc_hia_hou,classification,1,2,stratified_scaffold_group,stratified_scaffold_group,14,histgb_lr0.1,boosting,0.7549542682926829,0.7549542682926829,0.9217917540699498,0.1172864266990711,0.0,0.9646774291185212,0.8125,0.5670731707317073,0.6897865853658536,1.0,0.8,0.5612053999793716
tdc_hia_hou,classification,1,3,stratified_scaffold_group,stratified_scaffold_group,14,histgb_lr0.1,boosting,0.7845,0.7845,0.94456478983361,0.1182463369653479,0.0,0.9834395447322078,0.8,0.57,0.685,1.0,0.8,0.7303355000331067
tdc_hia_hou,classification,1,1,stratified_scaffold_group,stratified_scaffold_group,15,gb_lr0.05_d2,boosting,0.7728937728937729,0.7728937728937729,0.9590702066243372,0.0659092682519564,0.0,0.9359029933969748,1.0,0.1208791208791208,0.5604395604395604,1.0,0.8,0.2106016999459825
tdc_hia_hou,classification,1,2,stratified_scaffold_group,stratified_scaffold_group,15,gb_lr0.05_d2,boosting,0.7781059451219512,0.7781059451219512,0.9365897250728206,0.1016757277111564,0.0,0.9424712420481028,0.8125,0.6158536585365854,0.7141768292682926,1.0,0.8,0.1690803000237792
tdc_hia_hou,classification,1,3,stratified_scaffold_group,stratified_scaffold_group,15,gb_lr0.05_d2,boosting,0.7677499999999999,0.7677499999999999,0.9379067823751182,0.142662124450753,0.0,0.9159061887612884,0.85,0.7,0.7749999999999999,1.0,0.8,0.197234200022649
tdc_hia_hou,classification,1,1,stratified_scaffold_group,stratified_scaffold_group,16,gb_lr0.1_d3,boosting,0.8052503052503053,0.8052503052503053,0.976445991643157,0.0758087874070492,0.0,0.9633943611556433,0.8888888888888888,0.5934065934065934,0.7411477411477412,1.0,0.8,0.3036645000101998
tdc_hia_hou,classification,1,2,stratified_scaffold_group,stratified_scaffold_group,16,gb_lr0.1_d3,boosting,0.7951600609756098,0.7951600609756098,0.9470231614971436,0.1053007782207947,0.0,0.9869952726941036,0.8125,0.5548780487804879,0.6836890243902439,1.0,0.8,0.208003900013864
tdc_hia_hou,classification,1,3,stratified_scaffold_group,stratified_scaffold_group,16,gb_lr0.1_d3,boosting,0.763,0.763,0.9293834310672102,0.1557866728011529,0.0,0.9554430436928968,0.85,0.71,0.78,1.0,0.8,0.2219204000430181
tdc_hia_hou,classification,1,1,stratified_scaffold_group,stratified_scaffold_group,17,lgbm_60_l15,boosting,0.9291819291819292,0.9291819291819292,0.9927199502188156,0.054308950096874,0.0,0.8636137661938245,0.8888888888888888,0.8021978021978022,0.8455433455433455,1.0,0.8,0.0260852999635972
tdc_hia_hou,classification,1,2,stratified_scaffold_group,stratified_scaffold_group,17,lgbm_60_l15,boosting,0.7376143292682926,0.7376143292682926,0.9151146760986604,0.1122230566804936,0.0,0.9402946586296116,0.8125,0.4817073170731707,0.6471036585365854,1.0,0.8,0.018749899987597
tdc_hia_hou,classification,1,3,stratified_scaffold_group,stratified_scaffold_group,17,lgbm_60_l15,boosting,0.702,0.702,0.9102097145638776,0.1291829679860068,0.0,0.9689404855301316,0.8,0.32,0.56,1.0,0.8,0.0230173000018112
tdc_hia_hou,classification,1,1,stratified_scaffold_group,stratified_scaffold_group,18,lgbm_90_l31,boosting,0.9438339438339438,0.9438339438339438,0.9943957813303744,0.051267785612825,0.0,0.8340545538433918,0.8888888888888888,0.8681318681318682,0.8785103785103785,1.0,0.8,0.0313982000225223
tdc_hia_hou,classification,1,2,stratified_scaffold_group,stratified_scaffold_group,18,lgbm_90_l31,boosting,0.7238948170731707,0.7238948170731707,0.9078879532438368,0.1156064119382424,0.0,0.9677518724766404,0.8125,0.4146341463414634,0.6135670731707317,1.0,0.8,0.0246927000116556
tdc_hia_hou,classification,1,3,stratified_scaffold_group,stratified_scaffold_group,18,lgbm_90_l31,boosting,0.713,0.713,0.917409782989232,0.1306959557438629,0.0,0.9808424999742122,0.8,0.39,0.595,1.0,0.8,0.0280135000357404
tdc_hia_hou,classification,1,1,stratified_scaffold_group,stratified_scaffold_group,19,lgbm_60_l63,boosting,0.9487179487179488,0.9487179487179488,0.9949826830547004,0.0499815799510981,0.0,0.8458656145413989,0.8888888888888888,0.9010989010989012,0.8949938949938949,1.0,0.8,0.0247586999903433
tdc_hia_hou,classification,1,2,stratified_scaffold_group,stratified_scaffold_group,19,lgbm_60_l63,boosting,0.7397103658536586,0.7397103658536586,0.9189094166226052,0.1169305785222015,0.0,0.9691034334275668,0.8125,0.4451219512195122,0.6288109756097561,1.0,0.8,0.0193136999732814
tdc_hia_hou,classification,1,3,stratified_scaffold_group,stratified_scaffold_group,19,lgbm_60_l63,boosting,0.731,0.731,0.9280871613309092,0.1276503828187017,0.0,0.9736269025946448,0.8,0.49,0.645,1.0,0.8,0.0223581999889574
tdc_hia_hou,classification,1,1,stratified_scaffold_group,stratified_scaffold_group,20,lgbm_100_leaf10,boosting,0.905982905982906,0.905982905982906,0.9900483995189596,0.0610144044827958,0.0,0.9769568800342968,0.8888888888888888,0.7252747252747253,0.8070818070818071,1.0,0.8,0.0713635000283829
tdc_hia_hou,classification,1,2,stratified_scaffold_group,stratified_scaffold_group,20,lgbm_100_leaf10,boosting,0.772484756097561,0.772484756097561,0.9282595906310468,0.1090621396765004,0.0,0.9849527742124154,0.8125,0.5975609756097561,0.7050304878048781,1.0,0.8,0.0493689999566413
tdc_hia_hou,classification,1,3,stratified_scaffold_group,stratified_scaffold_group,20,lgbm_100_leaf10,boosting,0.8280000000000001,0.8280000000000001,0.9553065491637972,0.1179910792993214,0.0,0.9749983468003792,0.8,0.76,0.78,1.0,0.8,0.0633800000068731
tdc_hia_hou,classification,1,1,stratified_scaffold_group,stratified_scaffold_group,21,lgbm_100_leaf30,boosting,0.9145299145299146,0.9145299145299146,0.9913189205414226,0.0587859141422612,0.0,0.8203783548957656,0.8888888888888888,0.8461538461538461,0.8675213675213675,1.0,0.8,0.0232751999865286
tdc_hia_hou,classification,1,2,stratified_scaffold_group,stratified_scaffold_group,21,lgbm_100_leaf30,boosting,0.7023628048780488,0.7023628048780488,0.9120429844621732,0.1180413694704084,0.0,0.942991010963082,0.8125,0.3292682926829268,0.5708841463414634,1.0,0.8,0.0191415999433957
tdc_hia_hou,classification,1,3,stratified_scaffold_group,stratified_scaffold_group,21,lgbm_100_leaf30,boosting,0.7715000000000001,0.7715000000000001,0.9410046506648032,0.1236001751847206,0.0,0.9410325698378008,0.8,0.59,0.6950000000000001,1.0,0.8,0.0359997000196017
tdc_hia_hou,classification,1,1,stratified_scaffold_group,stratified_scaffold_group,22,lgbm_80_ff0.7,boosting,0.9206349206349206,0.9206349206349206,0.992003442594431,0.0564963655949233,0.0,0.9107848226101134,0.8888888888888888,0.8351648351648352,0.8620268620268621,1.0,0.8,0.0294294999912381
tdc_hia_hou,classification,1,2,stratified_scaffold_group,stratified_scaffold_group,22,lgbm_80_ff0.7,boosting,0.7418064024390243,0.7418064024390243,0.9221288922058924,0.1170006578438568,0.0,0.965334149636636,0.8125,0.5121951219512195,0.6623475609756098,1.0,0.8,0.0184382000006735
tdc_hia_hou,classification,1,3,stratified_scaffold_group,stratified_scaffold_group,22,lgbm_80_ff0.7,boosting,0.7675,0.7675,0.9442028842450706,0.1266759614781511,0.0,0.9667923011406806,0.8,0.58,0.69,1.0,0.8,0.0233085000072605
tdc_hia_hou,classification,1,1,stratified_scaffold_group,stratified_scaffold_group,23,lgbm_80_bag0.8,boosting,0.9462759462759464,0.9462759462759464,0.994605536254534,0.0548191871731047,0.0,0.8144644759762361,0.8888888888888888,0.912087912087912,0.9004884004884004,1.0,0.8,0.0243956000194884
tdc_hia_hou,classification,1,2,stratified_scaffold_group,stratified_scaffold_group,23,lgbm_80_bag0.8,boosting,0.7789634146341463,0.7789634146341463,0.9337315771150744,0.1043048642667429,0.0,0.941023481064848,0.8125,0.6646341463414634,0.7385670731707317,1.0,0.8,0.0193763999850489
tdc_hia_hou,classification,1,3,stratified_scaffold_group,stratified_scaffold_group,23,lgbm_80_bag0.8,boosting,0.7795,0.7795,0.950371731180608,0.1256831954762024,0.0,0.9509822633790904,0.8,0.66,0.73,1.0,0.8,0.0418566999724134
tdc_hia_hou,classification,1,1,stratified_scaffold_group,stratified_scaffold_group,24,lgbm_120_l15,boosting,0.9487179487179488,0.9487179487179488,0.9949355707941584,0.0524592850513688,0.0,0.8334581664436356,0.8888888888888888,0.9010989010989012,0.8949938949938949,1.0,0.8,0.0702469999669119
tdc_hia_hou,classification,1,2,stratified_scaffold_group,stratified_scaffold_group,24,lgbm_120_l15,boosting,0.7360899390243902,0.7360899390243902,0.9152591755284591,0.1155218728881729,0.0,0.9715923134643868,0.8125,0.4512195121951219,0.631859756097561,1.0,0.8,0.0476112999604083
tdc_hia_hou,classification,1,3,stratified_scaffold_group,stratified_scaffold_group,24,lgbm_120_l15,boosting,0.7085,0.7085,0.9184199672680412,0.1324487994090615,0.0,0.9813845231569898,0.8,0.39,0.595,1.0,0.8,0.0732842999859713
tdc_hia_hou,classification,1,1,stratified_scaffold_group,stratified_scaffold_group,25,xgb_60_d3,boosting,0.8485958485958486,0.8485958485958486,0.9808818228960324,0.0609690420398132,0.0,0.9386451840400696,0.8888888888888888,0.5384615384615384,0.7136752136752136,1.0,0.8,0.0517999000148847
tdc_hia_hou,classification,1,2,stratified_scaffold_group,stratified_scaffold_group,25,xgb_60_d3,boosting,0.776391006097561,0.776391006097561,0.9388602786914984,0.1006010126015602,0.0,0.939372420310974,0.8125,0.5975609756097561,0.7050304878048781,1.0,0.8,0.0522314999834634
tdc_hia_hou,classification,1,3,stratified_scaffold_group,stratified_scaffold_group,25,xgb_60_d3,boosting,0.8025,0.8025,0.9409422111601308,0.1192978573402336,0.0,0.9102402925491332,0.85,0.74,0.7949999999999999,1.0,0.8,0.0501919999951496
tdc_hia_hou,classification,1,1,stratified_scaffold_group,stratified_scaffold_group,26,xgb_80_d5,boosting,0.9120879120879122,0.9120879120879122,0.9907826483202448,0.0574001721313101,0.0,0.9098365306854248,0.8888888888888888,0.7582417582417582,0.8235653235653235,1.0,0.8,0.0764116999926045
tdc_hia_hou,classification,1,2,stratified_scaffold_group,stratified_scaffold_group,26,xgb_80_d5,boosting,0.7728658536585366,0.7728658536585366,0.9233271407845608,0.1004078772650778,0.0,0.94130676984787,0.8125,0.6280487804878049,0.7202743902439024,1.0,0.8,0.0625064999912865
tdc_hia_hou,classification,1,3,stratified_scaffold_group,stratified_scaffold_group,26,xgb_80_d5,boosting,0.7795000000000001,0.7795000000000001,0.9379474893674908,0.1203850404463911,0.0,0.9328296780586244,0.8,0.64,0.72,1.0,0.8,0.0688297000015154
tdc_hia_hou,classification,1,1,stratified_scaffold_group,stratified_scaffold_group,27,xgb_100_d3,boosting,0.8754578754578755,0.8754578754578755,0.9860783141898396,0.0618436163196034,0.0,0.9232587218284608,0.8888888888888888,0.6373626373626373,0.7631257631257631,1.0,0.8,0.0719368000281974
tdc_hia_hou,classification,1,2,stratified_scaffold_group,stratified_scaffold_group,27,xgb_100_d3,boosting,0.7703887195121952,0.7703887195121952,0.9349663401188693,0.1035164659519902,0.0,0.9411764740943908,0.875,0.5609756097560976,0.7179878048780488,1.0,0.8,0.047194099985063
tdc_hia_hou,classification,1,3,stratified_scaffold_group,stratified_scaffold_group,27,xgb_100_d3,boosting,0.8109999999999999,0.8109999999999999,0.9527051036539966,0.1200573112243178,0.0,0.9029186367988586,0.85,0.72,0.7849999999999999,1.0,0.8,0.0519648000481538
tdc_hia_hou,classification,1,1,stratified_scaffold_group,stratified_scaffold_group,28,xgb_60_d6,boosting,0.927960927960928,0.927960927960928,0.992727624789196,0.0564632429540392,0.0,0.8965941071510315,0.8888888888888888,0.8571428571428571,0.873015873015873,1.0,0.8,0.0535840999800711
tdc_hia_hou,classification,1,2,stratified_scaffold_group,stratified_scaffold_group,28,xgb_60_d6,boosting,0.764672256097561,0.764672256097561,0.921777449635717,0.0984608808369124,0.0,0.9535325169563292,0.8125,0.6097560975609756,0.7111280487804879,1.0,0.8,0.0410374000202864
tdc_hia_hou,classification,1,3,stratified_scaffold_group,stratified_scaffold_group,28,xgb_60_d6,boosting,0.845,0.845,0.9673792683381656,0.1247135576907437,0.0,0.8896989226341248,0.8,0.82,0.81,1.0,0.8,0.0501083999988622
tdc_hia_hou,classification,1,1,stratified_scaffold_group,stratified_scaffold_group,29,cat_60_d4,boosting,0.873015873015873,0.873015873015873,0.984531593625972,0.055894186859557,0.0,0.9206751544124876,0.8888888888888888,0.6263736263736264,0.7576312576312576,1.0,0.8,0.1844700999790802
tdc_hia_hou,classification,1,2,stratified_scaffold_group,stratified_scaffold_group,29,cat_60_d4,boosting,0.7945884146341463,0.7945884146341463,0.941580353588134,0.1089164030203369,0.0,0.9317890828264724,0.8125,0.6097560975609756,0.7111280487804879,1.0,0.8,0.1424233000143431
tdc_hia_hou,classification,1,3,stratified_scaffold_group,stratified_scaffold_group,29,cat_60_d4,boosting,0.7605,0.7605,0.9380272557818768,0.1279423185250107,0.0,0.8959489014657388,0.8,0.69,0.745,1.0,0.8,0.1606081000063568
tdc_hia_hou,classification,1,1,stratified_scaffold_group,stratified_scaffold_group,30,cat_80_d6,boosting,0.8547008547008547,0.8547008547008547,0.9811142184082908,0.0607572968581147,0.0,0.9142985651807376,0.8888888888888888,0.7032967032967034,0.7960927960927962,1.0,0.8,0.4082710999646224
tdc_hia_hou,classification,1,2,stratified_scaffold_group,stratified_scaffold_group,30,cat_80_d6,boosting,0.7989710365853658,0.7989710365853658,0.9423366228434368,0.1008585123775847,0.0,0.9469382846036216,0.84375,0.5365853658536586,0.6901676829268293,1.0,0.8,0.3283217999851331
tdc_hia_hou,classification,1,3,stratified_scaffold_group,stratified_scaffold_group,30,cat_80_d6,boosting,0.814,0.814,0.9482733542303864,0.1114414469940622,0.0,0.8947294752960908,0.85,0.74,0.7949999999999999,1.0,0.8,0.3687300999881699
tdc_hia_hou,classification,1,1,stratified_scaffold_group,stratified_scaffold_group,31,cat_100_d4,boosting,0.8669108669108669,0.8669108669108669,0.9829148136998056,0.0612213127823754,0.0,0.8904047661027508,0.8888888888888888,0.8021978021978022,0.8455433455433455,1.0,0.8,0.2330589999910444
tdc_hia_hou,classification,1,2,stratified_scaffold_group,stratified_scaffold_group,31,cat_100_d4,boosting,0.8084984756097562,0.8084984756097562,0.9515368852970894,0.1026520118980195,0.0,0.932232031520047,0.84375,0.6036585365853658,0.7237042682926829,1.0,0.8,0.2145419000298716
tdc_hia_hou,classification,1,3,stratified_scaffold_group,stratified_scaffold_group,31,cat_100_d4,boosting,0.755,0.755,0.9313948035940413,0.1238440970226598,0.0,0.9035307849137082,0.8,0.67,0.7350000000000001,1.0,0.8,0.2173243999714031
tdc_hia_hou,classification,1,1,stratified_scaffold_group,stratified_scaffold_group,32,cat_60_d8,boosting,0.8644688644688645,0.8644688644688645,0.9819843193063504,0.0581795305735821,0.0,0.9323591766318609,0.8888888888888888,0.6043956043956044,0.7466422466422467,1.0,0.8,0.7127018999890424
tdc_hia_hou,classification,1,2,stratified_scaffold_group,stratified_scaffold_group,32,cat_60_d8,boosting,0.8410823170731707,0.8410823170731707,0.9605793555628624,0.1052217811512911,0.0,0.9385291946820924,0.8125,0.676829268292683,0.7446646341463414,1.0,0.8,0.5870365999871865
tdc_hia_hou,classification,1,3,stratified_scaffold_group,stratified_scaffold_group,32,cat_60_d8,boosting,0.766,0.766,0.9357501147905288,0.1210651392341321,0.0,0.923985803386786,0.8,0.66,0.73,1.0,0.8,0.766587599995546
tdc_hia_hou,classification,2,1,stratified_scaffold_group,stratified_scaffold_group,1,logreg_l2_c0.1,linear,0.9581117021276596,0.9581117021276596,0.9933460457372276,0.0846573799029002,0.0,0.5541846522327044,0.8125,0.9361702127659576,0.8743351063829787,1.0,0.8,0.0016148000140674
tdc_hia_hou,classification,2,2,stratified_scaffold_group,stratified_scaffold_group,1,logreg_l2_c0.1,linear,0.95671834625323,0.95671834625323,0.9908990400768743,0.0810643445179453,0.0,0.6048036846838215,0.8333333333333334,0.9186046511627908,0.875968992248062,1.0,0.8,0.0014161000144667
tdc_hia_hou,classification,2,3,stratified_scaffold_group,stratified_scaffold_group,1,logreg_l2_c0.1,linear,0.9073015873015874,0.9073015873015874,0.985835667304954,0.0848121430362628,0.0,0.7068106339063421,0.8,0.8380952380952381,0.819047619047619,1.0,0.8,0.0018861999851651
tdc_hia_hou,classification,2,1,stratified_scaffold_group,stratified_scaffold_group,2,logreg_l2_c1,linear,0.9461436170212766,0.9461436170212766,0.9911691595503922,0.0722406469361846,0.0,0.732781919902657,0.8125,0.9042553191489362,0.8583776595744681,1.0,0.8,0.0023714000126346
tdc_hia_hou,classification,2,2,stratified_scaffold_group,stratified_scaffold_group,2,logreg_l2_c1,linear,0.9677002583979328,0.9677002583979328,0.9933197866203842,0.0575836119912488,0.0,0.7005583193845839,0.8333333333333334,0.9302325581395348,0.8817829457364341,1.0,0.8,0.0016729999915696
tdc_hia_hou,classification,2,3,stratified_scaffold_group,stratified_scaffold_group,2,logreg_l2_c1,linear,0.9161904761904762,0.9161904761904762,0.9875079955331352,0.0713158793655507,0.0,0.8578732549462372,0.8,0.8476190476190476,0.8238095238095238,1.0,0.8,0.0022907000384293
tdc_hia_hou,classification,2,1,stratified_scaffold_group,stratified_scaffold_group,3,logreg_l2_c10,linear,0.9394946808510638,0.9394946808510638,0.9898894887780212,0.0820917468251801,0.0,0.8536909798392767,0.8125,0.9042553191489362,0.8583776595744681,1.0,0.8,0.0017821000074036
tdc_hia_hou,classification,2,2,stratified_scaffold_group,stratified_scaffold_group,3,logreg_l2_c10,linear,0.9618863049095608,0.9618863049095608,0.9919074658980164,0.0573000350062436,0.0,0.780110256227288,0.8333333333333334,0.9186046511627908,0.875968992248062,1.0,0.8,0.0026959999813698
tdc_hia_hou,classification,2,3,stratified_scaffold_group,stratified_scaffold_group,3,logreg_l2_c10,linear,0.9193650793650794,0.9193650793650794,0.9881461034555956,0.0766676837026172,0.0,0.9399635645505792,0.8,0.8666666666666667,0.8333333333333334,1.0,0.8,0.0022577999625355
tdc_hia_hou,classification,2,1,stratified_scaffold_group,stratified_scaffold_group,4,logreg_l1_c1,linear,0.8843085106382979,0.8843085106382979,0.9783735560305588,0.1029577934505878,0.0,0.8369416813827495,0.8125,0.7340425531914894,0.7732712765957447,1.0,0.8,0.002178199996706
tdc_hia_hou,classification,2,2,stratified_scaffold_group,stratified_scaffold_group,4,logreg_l1_c1,linear,0.9360465116279072,0.9360465116279072,0.9871952861323292,0.0881861107970735,0.0,0.6561758833101337,0.8333333333333334,0.8604651162790697,0.8468992248062015,1.0,0.8,0.0024600999895483
tdc_hia_hou,classification,2,3,stratified_scaffold_group,stratified_scaffold_group,4,logreg_l1_c1,linear,0.8774603174603174,0.8774603174603174,0.9799062755590372,0.0910191382284101,0.0,0.7119917942963959,0.8,0.8761904761904762,0.8380952380952381,1.0,0.8,0.001584300014656
tdc_hia_hou,classification,2,1,stratified_scaffold_group,stratified_scaffold_group,5,rf_60_sqrt,bagging,0.9235372340425532,0.9235372340425532,0.986781553938918,0.0872247474747474,0.0,0.7666666666666667,0.875,0.8617021276595744,0.8683510638297872,1.0,0.8,0.1028888000291772
tdc_hia_hou,classification,2,2,stratified_scaffold_group,stratified_scaffold_group,5,rf_60_sqrt,bagging,0.939922480620155,0.939922480620155,0.9850745613361512,0.0870726495726495,0.0,0.8333333333333334,0.8888888888888888,0.8488372093023255,0.8688630490956072,1.0,0.8,0.1001383999828249
tdc_hia_hou,classification,2,3,stratified_scaffold_group,stratified_scaffold_group,5,rf_60_sqrt,bagging,0.8371428571428571,0.8371428571428571,0.9636805269308852,0.0828194444444444,0.0,0.85,0.8,0.7714285714285715,0.7857142857142858,1.0,0.8,0.0964474000502377
tdc_hia_hou,classification,2,1,stratified_scaffold_group,stratified_scaffold_group,6,rf_90_d12,bagging,0.925531914893617,0.925531914893617,0.9878684809191838,0.0878117045561637,0.0,0.7615833950151227,0.875,0.8617021276595744,0.8683510638297872,1.0,0.8,0.1537973000085912
tdc_hia_hou,classification,2,2,stratified_scaffold_group,stratified_scaffold_group,6,rf_90_d12,bagging,0.9476744186046512,0.9476744186046512,0.9886417604667432,0.0890162830756606,0.0,0.7727250531610625,0.8888888888888888,0.9418604651162792,0.915374677002584,1.0,0.8,0.1506277999724261
tdc_hia_hou,classification,2,3,stratified_scaffold_group,stratified_scaffold_group,6,rf_90_d12,bagging,0.9073015873015872,0.9073015873015872,0.9842218477542288,0.079256987472385,0.0,0.7770028857258678,0.8,0.8761904761904762,0.8380952380952381,1.0,0.8,0.158260700001847
tdc_hia_hou,classification,2,1,stratified_scaffold_group,stratified_scaffold_group,7,rf_90_leaf2,bagging,0.9408244680851064,0.9408244680851064,0.9906203587336656,0.0865217366390145,0.0,0.6746717758185555,0.8125,0.925531914893617,0.8690159574468085,1.0,0.8,0.1391707999864593
tdc_hia_hou,classification,2,2,stratified_scaffold_group,stratified_scaffold_group,7,rf_90_leaf2,bagging,0.9237726098191216,0.9237726098191216,0.9827237239262312,0.0901783811745711,0.0,0.7489523172004942,0.8333333333333334,0.8604651162790697,0.8468992248062015,1.0,0.8,0.1578916000435128
tdc_hia_hou,classification,2,3,stratified_scaffold_group,stratified_scaffold_group,7,rf_90_leaf2,bagging,0.8787301587301588,0.8787301587301588,0.977545198359702,0.0817189478726702,0.0,0.7377840189261544,0.8,0.8666666666666667,0.8333333333333334,1.0,0.8,0.1430717000039294
tdc_hia_hou,classification,2,1,stratified_scaffold_group,stratified_scaffold_group,8,rf_120_d20_leaf2,bagging,0.9268617021276596,0.9268617021276596,0.9880625043119552,0.0885497962617361,0.0,0.6991090194973589,0.8125,0.8829787234042553,0.8477393617021276,1.0,0.8,0.2213384000351652
tdc_hia_hou,classification,2,2,stratified_scaffold_group,stratified_scaffold_group,8,rf_120_d20_leaf2,bagging,0.9263565891472868,0.9263565891472868,0.9838257708593376,0.091388596407932,0.0,0.7293129258625192,0.8333333333333334,0.8837209302325582,0.8585271317829457,1.0,0.8,0.2006175999995321
tdc_hia_hou,classification,2,3,stratified_scaffold_group,stratified_scaffold_group,8,rf_120_d20_leaf2,bagging,0.886984126984127,0.886984126984127,0.9800789133730606,0.0824838308120052,0.0,0.7558306703816473,0.8,0.8476190476190476,0.8238095238095238,1.0,0.8,0.2073764000087976
tdc_hia_hou,classification,2,1,stratified_scaffold_group,stratified_scaffold_group,9,et_60_sqrt,bagging,0.9222074468085106,0.9222074468085106,0.9861961479213606,0.0849823232323232,0.0,0.7833333333333333,0.875,0.851063829787234,0.863031914893617,1.0,0.8,0.0730710999923758
tdc_hia_hou,classification,2,2,stratified_scaffold_group,stratified_scaffold_group,9,et_60_sqrt,bagging,0.9299095607235142,0.9299095607235142,0.9834056468914256,0.0842227564102564,0.0,0.8333333333333334,0.8333333333333334,0.8488372093023255,0.8410852713178294,1.0,0.8,0.0784816999803297
tdc_hia_hou,classification,2,3,stratified_scaffold_group,stratified_scaffold_group,9,et_60_sqrt,bagging,0.8892063492063491,0.8892063492063491,0.9810944330527628,0.0812037037037037,0.0,0.8333333333333334,0.8,0.8476190476190476,0.8238095238095238,1.0,0.8,0.0738173999707214
tdc_hia_hou,classification,2,1,stratified_scaffold_group,stratified_scaffold_group,10,et_90_d12,bagging,0.9202127659574468,0.9202127659574468,0.98704318463174,0.0921840056108301,0.0,0.722569937505114,0.875,0.8617021276595744,0.8683510638297872,1.0,0.8,0.1133219000184908
tdc_hia_hou,classification,2,2,stratified_scaffold_group,stratified_scaffold_group,10,et_90_d12,bagging,0.9392764857881136,0.9392764857881136,0.9875764697573428,0.085865586131221,0.0,0.7662615882134579,0.8333333333333334,0.8604651162790697,0.8468992248062015,1.0,0.8,0.1137291999766603
tdc_hia_hou,classification,2,3,stratified_scaffold_group,stratified_scaffold_group,10,et_90_d12,bagging,0.8996825396825396,0.8996825396825396,0.9844658100604472,0.0781218708138277,0.0,0.7892199451221382,0.8,0.8380952380952381,0.819047619047619,1.0,0.8,0.1136530000367201
tdc_hia_hou,classification,2,1,stratified_scaffold_group,stratified_scaffold_group,11,et_90_leaf2,bagging,0.9222074468085106,0.9222074468085106,0.986912361406488,0.0850380228014737,0.0,0.6871121539745082,0.8125,0.8723404255319149,0.8424202127659575,1.0,0.8,0.1004557000123895
tdc_hia_hou,classification,2,2,stratified_scaffold_group,stratified_scaffold_group,11,et_90_leaf2,bagging,0.9392764857881136,0.9392764857881136,0.986981552657309,0.0807154478456577,0.0,0.720317584238033,0.8333333333333334,0.8953488372093024,0.8643410852713178,1.0,0.8,0.1026447000331245
tdc_hia_hou,classification,2,3,stratified_scaffold_group,stratified_scaffold_group,11,et_90_leaf2,bagging,0.9028571428571428,0.9028571428571428,0.9840287425721914,0.0789918144445234,0.0,0.7238015163880624,0.8,0.9142857142857144,0.8571428571428572,1.0,0.8,0.1003847999963909
tdc_hia_hou,classification,2,1,stratified_scaffold_group,stratified_scaffold_group,12,et_120_d20_leaf2,bagging,0.9275265957446808,0.9275265957446808,0.9878504650634335,0.0853125650694242,0.0,0.6692770077951186,0.8125,0.8936170212765957,0.8530585106382979,1.0,0.8,0.1294332999968901
tdc_hia_hou,classification,2,2,stratified_scaffold_group,stratified_scaffold_group,12,et_120_d20_leaf2,bagging,0.9405684754521964,0.9405684754521964,0.9873027387293312,0.0810549115008627,0.0,0.7303052607259296,0.8888888888888888,0.8953488372093024,0.8921188630490956,1.0,0.8,0.1397755999932997
tdc_hia_hou,classification,2,3,stratified_scaffold_group,stratified_scaffold_group,12,et_120_d20_leaf2,bagging,0.892063492063492,0.892063492063492,0.9826620065303844,0.0794456985295829,0.0,0.7809946125234778,0.8,0.7904761904761904,0.7952380952380953,1.0,0.8,0.1391662999521941
tdc_hia_hou,classification,2,1,stratified_scaffold_group,stratified_scaffold_group,13,histgb_lr0.05,boosting,0.8823138297872342,0.8823138297872342,0.978678348862002,0.0965123695117725,0.0,0.8389918141199573,0.8125,0.8297872340425532,0.8211436170212766,1.0,0.8,0.6490540000377223
tdc_hia_hou,classification,2,2,stratified_scaffold_group,stratified_scaffold_group,13,histgb_lr0.05,boosting,0.9108527131782946,0.9108527131782946,0.980590606512147,0.0905132294896905,0.0,0.8751108417063487,0.8333333333333334,0.8488372093023255,0.8410852713178294,1.0,0.8,0.6641213999828324
tdc_hia_hou,classification,2,3,stratified_scaffold_group,stratified_scaffold_group,13,histgb_lr0.05,boosting,0.8590476190476191,0.8590476190476191,0.9776752439542092,0.0932205439175435,0.0,0.8954999353904924,0.8,0.8571428571428571,0.8285714285714285,1.0,0.8,0.6732929000281729
tdc_hia_hou,classification,2,1,stratified_scaffold_group,stratified_scaffold_group,14,histgb_lr0.1,boosting,0.879654255319149,0.879654255319149,0.9773364354073768,0.0999395213645212,0.0,0.8440704777404575,0.8125,0.8617021276595744,0.8371010638297872,1.0,0.8,0.5289561999961734
tdc_hia_hou,classification,2,2,stratified_scaffold_group,stratified_scaffold_group,14,histgb_lr0.1,boosting,0.9295865633074936,0.9295865633074936,0.9853410289989384,0.084882370787269,0.0,0.9146431374571063,0.8333333333333334,0.8372093023255814,0.8352713178294574,1.0,0.8,0.5876475999830291
tdc_hia_hou,classification,2,3,stratified_scaffold_group,stratified_scaffold_group,14,histgb_lr0.1,boosting,0.8501587301587301,0.8501587301587301,0.974663490030595,0.1047501278768674,0.0,0.9312065940390084,0.8,0.8666666666666667,0.8333333333333334,1.0,0.8,0.4688425000058487
tdc_hia_hou,classification,2,1,stratified_scaffold_group,stratified_scaffold_group,15,gb_lr0.05_d2,boosting,0.8148271276595747,0.8148271276595747,0.9611308308884648,0.1017835337373457,0.0,0.9256189853200146,0.8125,0.574468085106383,0.6934840425531915,1.0,0.8,0.1645613000146113
tdc_hia_hou,classification,2,2,stratified_scaffold_group,stratified_scaffold_group,15,gb_lr0.05_d2,boosting,0.8397932816537468,0.8397932816537468,0.9546173958882108,0.1016976161394636,0.0,0.937878345995627,0.8333333333333334,0.5930232558139535,0.7131782945736435,1.0,0.8,0.152000300004147
tdc_hia_hou,classification,2,3,stratified_scaffold_group,stratified_scaffold_group,15,gb_lr0.05_d2,boosting,0.7876190476190477,0.7876190476190477,0.9642122020374014,0.0993353321724805,0.0,0.934347432434634,0.9333333333333332,0.5142857142857142,0.7238095238095238,1.0,0.8,0.1520627000136301
tdc_hia_hou,classification,2,1,stratified_scaffold_group,stratified_scaffold_group,16,gb_lr0.1_d3,boosting,0.84375,0.84375,0.9692715230623048,0.1080176055251485,0.0,0.950072416686167,0.8125,0.7340425531914894,0.7732712765957447,1.0,0.8,0.2367159000132233
tdc_hia_hou,classification,2,2,stratified_scaffold_group,stratified_scaffold_group,16,gb_lr0.1_d3,boosting,0.894702842377261,0.894702842377261,0.9755071677763556,0.0898083063809777,0.0,0.9701922510787208,0.8333333333333334,0.7674418604651163,0.8003875968992249,1.0,0.8,0.2282272999873384
tdc_hia_hou,classification,2,3,stratified_scaffold_group,stratified_scaffold_group,16,gb_lr0.1_d3,boosting,0.8130158730158731,0.8130158730158731,0.9702211253960752,0.1086127471279055,0.0,0.9776425415767046,0.8666666666666667,0.6761904761904762,0.7714285714285715,1.0,0.8,0.2275929999887012
tdc_hia_hou,classification,2,1,stratified_scaffold_group,stratified_scaffold_group,17,lgbm_60_l15,boosting,0.8484042553191489,0.8484042553191489,0.9716624656512772,0.0958796186269486,0.0,0.8772618513378541,0.8125,0.723404255319149,0.7679521276595744,1.0,0.8,0.0282458000001497
tdc_hia_hou,classification,2,2,stratified_scaffold_group,stratified_scaffold_group,17,lgbm_60_l15,boosting,0.8791989664082687,0.8791989664082687,0.9731487887299743,0.1018235704556504,0.0,0.9116759957867514,0.8333333333333334,0.7325581395348837,0.7829457364341086,1.0,0.8,0.0234544000122696
tdc_hia_hou,classification,2,3,stratified_scaffold_group,stratified_scaffold_group,17,lgbm_60_l15,boosting,0.8888888888888888,0.8888888888888888,0.9830173258925312,0.0813714878484792,0.0,0.8720141786427941,0.8,0.8476190476190476,0.8238095238095238,1.0,0.8,0.0225183000438846
tdc_hia_hou,classification,2,1,stratified_scaffold_group,stratified_scaffold_group,18,lgbm_90_l31,boosting,0.8583776595744682,0.8583776595744682,0.973735751660487,0.0968993755759522,0.0,0.9178018642892254,0.8125,0.6914893617021277,0.7519946808510638,1.0,0.8,0.0312623000354506
tdc_hia_hou,classification,2,2,stratified_scaffold_group,stratified_scaffold_group,18,lgbm_90_l31,boosting,0.8921188630490955,0.8921188630490955,0.9758993386079216,0.1009710739806426,0.0,0.8859740996416778,0.8333333333333334,0.8255813953488372,0.8294573643410853,1.0,0.8,0.048134199983906
tdc_hia_hou,classification,2,3,stratified_scaffold_group,stratified_scaffold_group,18,lgbm_90_l31,boosting,0.8901587301587301,0.8901587301587301,0.9835073882120532,0.0846031941201132,0.0,0.9134045994136069,0.8,0.819047619047619,0.8095238095238095,1.0,0.8,0.0414717000094242
tdc_hia_hou,classification,2,1,stratified_scaffold_group,stratified_scaffold_group,19,lgbm_60_l63,boosting,0.8583776595744681,0.8583776595744681,0.9733838171673492,0.0994109594950286,0.0,0.8966234941742307,0.8125,0.7553191489361702,0.7839095744680851,1.0,0.8,0.0324749999563209
tdc_hia_hou,classification,2,2,stratified_scaffold_group,stratified_scaffold_group,19,lgbm_60_l63,boosting,0.8785529715762274,0.8785529715762274,0.9734272209508782,0.1010358042631095,0.0,0.8856637734746182,0.8333333333333334,0.813953488372093,0.8236434108527132,1.0,0.8,0.0338444000226445
tdc_hia_hou,classification,2,3,stratified_scaffold_group,stratified_scaffold_group,19,lgbm_60_l63,boosting,0.8838095238095238,0.8838095238095238,0.9821885000909008,0.0853228131543492,0.0,0.917123294605125,0.8,0.819047619047619,0.8095238095238095,1.0,0.8,0.0301331999944522
tdc_hia_hou,classification,2,1,stratified_scaffold_group,stratified_scaffold_group,20,lgbm_100_leaf10,boosting,0.9195478723404256,0.9195478723404256,0.9865356893382796,0.0888918744505816,0.0,0.9414288313997788,0.875,0.8297872340425532,0.8523936170212766,1.0,0.8,0.0749476000200957
tdc_hia_hou,classification,2,2,stratified_scaffold_group,stratified_scaffold_group,20,lgbm_100_leaf10,boosting,0.8850129198966409,0.8850129198966409,0.9722633609523932,0.0879588344370173,0.0,0.9810048500077811,0.8333333333333334,0.6511627906976745,0.7422480620155039,1.0,0.8,0.2673776000156067
tdc_hia_hou,classification,2,3,stratified_scaffold_group,stratified_scaffold_group,20,lgbm_100_leaf10,boosting,0.9053968253968252,0.9053968253968252,0.9866563518338106,0.0953875018984323,0.0,0.9690432867622832,0.8,0.8476190476190476,0.8238095238095238,1.0,0.8,0.1022105999873019
tdc_hia_hou,classification,2,1,stratified_scaffold_group,stratified_scaffold_group,21,lgbm_100_leaf30,boosting,0.8617021276595744,0.8617021276595744,0.9740899576312286,0.0996264355601589,0.0,0.8546813262125449,0.8125,0.776595744680851,0.7945478723404256,1.0,0.8,0.02237530000275
tdc_hia_hou,classification,2,2,stratified_scaffold_group,stratified_scaffold_group,21,lgbm_100_leaf30,boosting,0.874031007751938,0.874031007751938,0.9712393591055608,0.099086910400756,0.0,0.908354822452133,0.8333333333333334,0.7093023255813954,0.7713178294573644,1.0,0.8,0.0194870000123046
tdc_hia_hou,classification,2,3,stratified_scaffold_group,stratified_scaffold_group,21,lgbm_100_leaf30,boosting,0.8907936507936507,0.8907936507936507,0.9832074556807132,0.082612729710165,0.0,0.8130650807407146,0.8,0.8476190476190476,0.8238095238095238,1.0,0.8,0.0220317000057548
tdc_hia_hou,classification,2,1,stratified_scaffold_group,stratified_scaffold_group,22,lgbm_80_ff0.7,boosting,0.8683510638297873,0.8683510638297873,0.9758512547712646,0.0976554783703425,0.0,0.904008629712654,0.8125,0.7446808510638298,0.7785904255319149,1.0,0.8,0.0241197999566793
tdc_hia_hou,classification,2,2,stratified_scaffold_group,stratified_scaffold_group,22,lgbm_80_ff0.7,boosting,0.890826873385013,0.890826873385013,0.975851528840587,0.0980948653723459,0.0,0.9160895259325916,0.8333333333333334,0.7906976744186046,0.812015503875969,1.0,0.8,0.022198999999091
tdc_hia_hou,classification,2,3,stratified_scaffold_group,stratified_scaffold_group,22,lgbm_80_ff0.7,boosting,0.8552380952380951,0.8552380952380951,0.976566173640393,0.0883679482109369,0.0,0.941286626836885,0.8,0.780952380952381,0.7904761904761906,1.0,0.8,0.0203531000297516
tdc_hia_hou,classification,2,1,stratified_scaffold_group,stratified_scaffold_group,23,lgbm_80_bag0.8,boosting,0.8916223404255319,0.8916223404255319,0.981008254106079,0.0962591715255059,0.0,0.8796997583202922,0.8125,0.776595744680851,0.7945478723404256,1.0,0.8,0.0199756000074557
tdc_hia_hou,classification,2,2,stratified_scaffold_group,stratified_scaffold_group,23,lgbm_80_bag0.8,boosting,0.8656330749354005,0.8656330749354005,0.9702768526902302,0.108892227430401,0.0,0.9249501882157912,0.8333333333333334,0.7674418604651163,0.8003875968992249,1.0,0.8,0.0251496999990195
tdc_hia_hou,classification,2,3,stratified_scaffold_group,stratified_scaffold_group,23,lgbm_80_bag0.8,boosting,0.8838095238095238,0.8838095238095238,0.9811059545586104,0.075959681824943,0.0,0.9484730444687958,0.8666666666666667,0.7333333333333333,0.8,1.0,0.8,0.0197686000028625
tdc_hia_hou,classification,2,1,stratified_scaffold_group,stratified_scaffold_group,24,lgbm_120_l15,boosting,0.8563829787234043,0.8563829787234043,0.9733449630536376,0.0998800814318641,0.0,0.9158841364052484,0.8125,0.723404255319149,0.7679521276595744,1.0,0.8,0.0290229999809525
tdc_hia_hou,classification,2,2,stratified_scaffold_group,stratified_scaffold_group,24,lgbm_120_l15,boosting,0.8914728682170542,0.8914728682170542,0.9760708124455848,0.0987014350637402,0.0,0.8937219369548351,0.8888888888888888,0.813953488372093,0.851421188630491,1.0,0.8,0.036842500034254
tdc_hia_hou,classification,2,3,stratified_scaffold_group,stratified_scaffold_group,24,lgbm_120_l15,boosting,0.8952380952380953,0.8952380952380953,0.984478138728102,0.083783687378093,0.0,0.9208685112714146,0.8,0.8285714285714286,0.8142857142857143,1.0,0.8,0.0606757999630644
tdc_hia_hou,classification,2,1,stratified_scaffold_group,stratified_scaffold_group,25,xgb_60_d3,boosting,0.8776595744680853,0.8776595744680853,0.9776739947667872,0.0871596272191145,0.0,0.91038978099823,0.8125,0.7340425531914894,0.7732712765957447,1.0,0.8,0.0405665999860502
tdc_hia_hou,classification,2,2,stratified_scaffold_group,stratified_scaffold_group,25,xgb_60_d3,boosting,0.9282945736434108,0.9282945736434108,0.9845961425177376,0.0893902840967422,0.0,0.862382173538208,0.8333333333333334,0.8255813953488372,0.8294573643410853,1.0,0.8,0.044532700034324
tdc_hia_hou,classification,2,3,stratified_scaffold_group,stratified_scaffold_group,25,xgb_60_d3,boosting,0.8895238095238095,0.8895238095238095,0.9827345850870935,0.0792624314450989,0.0,0.8917894959449768,0.8,0.8095238095238095,0.8047619047619048,1.0,0.8,0.0429640000220388
tdc_hia_hou,classification,2,1,stratified_scaffold_group,stratified_scaffold_group,26,xgb_80_d5,boosting,0.8996010638297873,0.8996010638297873,0.9814823749868632,0.0843555929630493,0.0,0.886849582195282,0.8125,0.8191489361702128,0.8158244680851063,1.0,0.8,0.0580912000150419
tdc_hia_hou,classification,2,2,stratified_scaffold_group,stratified_scaffold_group,26,xgb_80_d5,boosting,0.9334625322997416,0.9334625322997416,0.9858672618604764,0.0878602721143291,0.0,0.8930040001869202,0.8333333333333334,0.8255813953488372,0.8294573643410853,1.0,0.8,0.0513703000033274
tdc_hia_hou,classification,2,3,stratified_scaffold_group,stratified_scaffold_group,26,xgb_80_d5,boosting,0.8958730158730158,0.8958730158730158,0.984186425835572,0.079761495911874,0.0,0.9076560735702516,0.8,0.8380952380952381,0.819047619047619,1.0,0.8,0.0450191000127233
tdc_hia_hou,classification,2,1,stratified_scaffold_group,stratified_scaffold_group,27,xgb_100_d3,boosting,0.8829787234042553,0.8829787234042553,0.9787820667830114,0.0877245257879734,0.0,0.8901070356369019,0.875,0.7553191489361702,0.8151595744680851,1.0,0.8,0.0510273000109009
tdc_hia_hou,classification,2,2,stratified_scaffold_group,stratified_scaffold_group,27,xgb_100_d3,boosting,0.9244186046511628,0.9244186046511628,0.9841758573165248,0.0908661045744306,0.0,0.8828391432762146,0.8333333333333334,0.8023255813953488,0.8178294573643411,1.0,0.8,0.0493566999793984
tdc_hia_hou,classification,2,3,stratified_scaffold_group,stratified_scaffold_group,27,xgb_100_d3,boosting,0.878095238095238,0.878095238095238,0.9810019976182612,0.0816082298762478,0.0,0.9138485789299012,0.8,0.8,0.8,1.0,0.8,0.044847099983599
tdc_hia_hou,classification,2,1,stratified_scaffold_group,stratified_scaffold_group,28,xgb_60_d6,boosting,0.9122340425531914,0.9122340425531914,0.9850168122168363,0.0886105169615028,0.0,0.8856691122055054,0.8125,0.851063829787234,0.831781914893617,1.0,0.8,0.040150300017558
tdc_hia_hou,classification,2,2,stratified_scaffold_group,stratified_scaffold_group,28,xgb_60_d6,boosting,0.928940568475452,0.928940568475452,0.984519423980846,0.0912237159972608,0.0,0.9107542634010316,0.8333333333333334,0.813953488372093,0.8236434108527132,1.0,0.8,0.0384685999597422
tdc_hia_hou,classification,2,3,stratified_scaffold_group,stratified_scaffold_group,28,xgb_60_d6,boosting,0.8717460317460317,0.8717460317460317,0.9795151596790472,0.0829464808375753,0.0,0.9320480823516846,0.8666666666666667,0.8095238095238095,0.8380952380952381,1.0,0.8,0.0480322999646887
tdc_hia_hou,classification,2,1,stratified_scaffold_group,stratified_scaffold_group,29,cat_60_d4,boosting,0.8836436170212766,0.8836436170212766,0.9785517238302384,0.0860017853163626,0.0,0.8549166355348488,0.8125,0.8191489361702128,0.8158244680851063,1.0,0.8,0.1510083000175655
tdc_hia_hou,classification,2,2,stratified_scaffold_group,stratified_scaffold_group,29,cat_60_d4,boosting,0.9328165374677002,0.9328165374677002,0.9853228955089072,0.0954241494846104,0.0,0.9033245928159582,0.8888888888888888,0.8372093023255814,0.8630490956072352,1.0,0.8,0.1860692999907769
tdc_hia_hou,classification,2,3,stratified_scaffold_group,stratified_scaffold_group,29,cat_60_d4,boosting,0.8444444444444444,0.8444444444444444,0.9758295458355432,0.0858950705309024,0.0,0.9079385211329184,0.8666666666666667,0.7619047619047619,0.8142857142857143,1.0,0.8,0.168239300022833
tdc_hia_hou,classification,2,1,stratified_scaffold_group,stratified_scaffold_group,30,cat_80_d6,boosting,0.8909574468085106,0.8909574468085106,0.9795655901263268,0.0820450633807788,0.0,0.8563590527605855,0.8125,0.8297872340425532,0.8211436170212766,1.0,0.8,0.3315671000164002
tdc_hia_hou,classification,2,2,stratified_scaffold_group,stratified_scaffold_group,30,cat_80_d6,boosting,0.9205426356589148,0.9205426356589148,0.9825513682853751,0.0980205160876316,0.0,0.9156948308291896,0.8333333333333334,0.7790697674418605,0.806201550387597,1.0,0.8,0.3923566000303253
tdc_hia_hou,classification,2,3,stratified_scaffold_group,stratified_scaffold_group,30,cat_80_d6,boosting,0.9053968253968254,0.9053968253968254,0.9855886149863332,0.0822512565895072,0.0,0.8954665370003729,0.8,0.8761904761904762,0.8380952380952381,1.0,0.8,0.3742912000161595
tdc_hia_hou,classification,2,1,stratified_scaffold_group,stratified_scaffold_group,31,cat_100_d4,boosting,0.8550531914893618,0.8550531914893618,0.9717520681863624,0.0926308062692324,0.0,0.8776449090640729,0.8125,0.7872340425531915,0.7998670212765957,1.0,0.8,0.2355830000014975
tdc_hia_hou,classification,2,2,stratified_scaffold_group,stratified_scaffold_group,31,cat_100_d4,boosting,0.9160206718346252,0.9160206718346252,0.981331233904679,0.0981386395140866,0.0,0.9154809654626924,0.8333333333333334,0.7674418604651163,0.8003875968992249,1.0,0.8,0.2293664999888278
tdc_hia_hou,classification,2,3,stratified_scaffold_group,stratified_scaffold_group,31,cat_100_d4,boosting,0.8971428571428571,0.8971428571428571,0.9843800774741002,0.0819416680678019,0.0,0.8744177553925685,0.8,0.8666666666666667,0.8333333333333334,1.0,0.8,0.2650659999926574
tdc_hia_hou,classification,2,1,stratified_scaffold_group,stratified_scaffold_group,32,cat_60_d8,boosting,0.9015957446808512,0.9015957446808512,0.9827144030620552,0.0856914217238792,0.0,0.8828410768668329,0.8125,0.8191489361702128,0.8158244680851063,1.0,0.8,0.659400700009428
tdc_hia_hou,classification,2,2,stratified_scaffold_group,stratified_scaffold_group,32,cat_60_d8,boosting,0.9121447028423773,0.9121447028423773,0.9801177466816848,0.1017075981321367,0.0,0.9347952832354458,0.8333333333333334,0.7558139534883721,0.7945736434108528,1.0,0.8,0.7402912000543438
tdc_hia_hou,classification,2,3,stratified_scaffold_group,stratified_scaffold_group,32,cat_60_d8,boosting,0.8311111111111111,0.8311111111111111,0.9701710603757284,0.0863549876169513,0.0,0.945734591744015,0.8,0.6761904761904762,0.7380952380952381,1.0,0.8,0.736757899983786
tdc_hia_hou,classification,3,1,stratified_scaffold_group,stratified_scaffold_group,1,logreg_l2_c0.1,linear,0.8993506493506493,0.8993506493506493,0.9895158503491366,0.0993738782619778,0.0,0.6144952366124723,0.875,0.8311688311688312,0.8530844155844156,1.0,0.8,0.0019285000162199
tdc_hia_hou,classification,3,2,stratified_scaffold_group,stratified_scaffold_group,1,logreg_l2_c0.1,linear,0.8933014354066985,0.8933014354066985,0.977690442141232,0.081007042675855,0.0,0.7675906924572702,0.8421052631578947,0.7,0.7710526315789473,1.0,0.8,0.0014871999737806
tdc_hia_hou,classification,3,3,stratified_scaffold_group,stratified_scaffold_group,1,logreg_l2_c0.1,linear,0.8335868573167021,0.8335868573167021,0.9767431957852336,0.089530902924341,0.0,0.7884850613970876,0.8421052631578947,0.6127167630057804,0.7274110130818375,1.0,0.8,0.0013027000240981
tdc_hia_hou,classification,3,1,stratified_scaffold_group,stratified_scaffold_group,2,logreg_l2_c1,linear,0.8733766233766233,0.8733766233766233,0.9866834147644792,0.0935973510382243,0.0,0.8842395056942204,1.0,0.7792207792207793,0.8896103896103896,1.0,0.8,0.0019342000014148
tdc_hia_hou,classification,3,2,stratified_scaffold_group,stratified_scaffold_group,2,logreg_l2_c1,linear,0.869377990430622,0.869377990430622,0.969275666715838,0.0638127572911497,0.0,0.9374198922161248,0.8421052631578947,0.6727272727272727,0.7574162679425838,1.0,0.8,0.0017237999709323
tdc_hia_hou,classification,3,3,stratified_scaffold_group,stratified_scaffold_group,2,logreg_l2_c1,linear,0.8451475509583206,0.8451475509583206,0.9790142505369656,0.0745567907297993,0.0,0.9215484765097957,0.8421052631578947,0.6878612716763006,0.7649832674170977,1.0,0.8,0.0014980999985709
tdc_hia_hou,classification,3,1,stratified_scaffold_group,stratified_scaffold_group,3,logreg_l2_c10,linear,0.8571428571428571,0.8571428571428571,0.9846969593564152,0.1027483908206245,0.0,0.971552668159857,0.875,0.7662337662337663,0.8206168831168832,1.0,0.8,0.0021387999877333
tdc_hia_hou,classification,3,2,stratified_scaffold_group,stratified_scaffold_group,3,logreg_l2_c10,linear,0.8602870813397129,0.8602870813397129,0.9661665240065992,0.063819469474883,0.0,0.9894768098978114,0.8421052631578947,0.6545454545454545,0.7483253588516746,1.0,0.8,0.0019330000504851
tdc_hia_hou,classification,3,3,stratified_scaffold_group,stratified_scaffold_group,3,logreg_l2_c10,linear,0.8472771524186189,0.8472771524186189,0.9796936302123144,0.0778768777058571,0.0,0.9744940656370544,0.8421052631578947,0.7167630057803468,0.7794341344691207,1.0,0.8,0.0017235999694094
tdc_hia_hou,classification,3,1,stratified_scaffold_group,stratified_scaffold_group,4,logreg_l1_c1,linear,0.8538961038961039,0.8538961038961039,0.9821470685427962,0.1141097555551166,0.0,0.8995319150814516,0.875,0.6363636363636364,0.7556818181818181,1.0,0.8,0.0022547999978996
tdc_hia_hou,classification,3,2,stratified_scaffold_group,stratified_scaffold_group,4,logreg_l1_c1,linear,0.9023923444976076,0.9023923444976076,0.9825130440022124,0.0912515016544302,0.0,0.8838435561906481,0.8421052631578947,0.7909090909090909,0.8165071770334928,1.0,0.8,0.0019158000359311
tdc_hia_hou,classification,3,3,stratified_scaffold_group,stratified_scaffold_group,4,logreg_l1_c1,linear,0.7566169759659263,0.7566169759659263,0.9619024557339348,0.0966045935691429,0.0,0.9508623765018828,0.8421052631578947,0.5028901734104047,0.6724977182841496,1.0,0.8,0.0019563999958336
tdc_hia_hou,classification,3,1,stratified_scaffold_group,stratified_scaffold_group,5,rf_60_sqrt,bagging,0.8847402597402596,0.8847402597402596,0.9861369266650786,0.0737418300653594,0.0,0.8166666666666667,0.875,0.8441558441558441,0.859577922077922,1.0,0.8,0.0959401000291109
tdc_hia_hou,classification,3,2,stratified_scaffold_group,stratified_scaffold_group,5,rf_60_sqrt,bagging,0.8873205741626794,0.8873205741626794,0.9681245804560786,0.083557278208441,0.0,0.8666666666666667,0.8421052631578947,0.8272727272727273,0.8346889952153109,1.0,0.8,0.1072056000120937
tdc_hia_hou,classification,3,3,stratified_scaffold_group,stratified_scaffold_group,5,rf_60_sqrt,bagging,0.6930331609370247,0.6930331609370247,0.936535357458654,0.0777835648148148,0.0,0.9833333333333332,0.8421052631578947,0.1445086705202312,0.4933069668390629,1.0,0.8,0.10309629997937
tdc_hia_hou,classification,3,1,stratified_scaffold_group,stratified_scaffold_group,6,rf_90_d12,bagging,0.9074675324675324,0.9074675324675324,0.9904574855829368,0.0786272683173699,0.0,0.7681665455023561,0.875,0.8441558441558441,0.859577922077922,1.0,0.8,0.1517506000236608
tdc_hia_hou,classification,3,2,stratified_scaffold_group,stratified_scaffold_group,6,rf_90_d12,bagging,0.9023923444976076,0.9023923444976076,0.97964103885524,0.0853183605254365,0.0,0.8127036503583851,0.8421052631578947,0.8545454545454545,0.8483253588516746,1.0,0.8,0.1391853999812156
tdc_hia_hou,classification,3,3,stratified_scaffold_group,stratified_scaffold_group,6,rf_90_d12,bagging,0.7147855187100699,0.7147855187100699,0.9406508080246546,0.0755919328248837,0.0,0.962253664616188,0.8421052631578947,0.1849710982658959,0.5135381807118953,1.0,0.8,0.137440099962987
tdc_hia_hou,classification,3,1,stratified_scaffold_group,stratified_scaffold_group,7,rf_90_leaf2,bagging,0.8912337662337662,0.8912337662337662,0.988426532739232,0.0833805740903352,0.0,0.7583990604704567,0.875,0.8311688311688312,0.8530844155844156,1.0,0.8,0.1481815999723039
tdc_hia_hou,classification,3,2,stratified_scaffold_group,stratified_scaffold_group,7,rf_90_leaf2,bagging,0.9086124401913876,0.9086124401913876,0.9808970407211364,0.0831497572048447,0.0,0.7985499858910374,0.8421052631578947,0.7545454545454545,0.7983253588516745,1.0,0.8,0.1441919999779202
tdc_hia_hou,classification,3,3,stratified_scaffold_group,stratified_scaffold_group,7,rf_90_leaf2,bagging,0.7334955886826894,0.7334955886826894,0.9518125388140926,0.0756488436911683,0.0,0.8901471738488872,0.8421052631578947,0.4682080924855491,0.6551566778217219,1.0,0.8,0.1582783000194467
tdc_hia_hou,classification,3,1,stratified_scaffold_group,stratified_scaffold_group,8,rf_120_d20_leaf2,bagging,0.8912337662337663,0.8912337662337663,0.988459754292386,0.083357906788189,0.0,0.7537466336014423,0.875,0.8441558441558441,0.859577922077922,1.0,0.8,0.2158745000488124
tdc_hia_hou,classification,3,2,stratified_scaffold_group,stratified_scaffold_group,8,rf_120_d20_leaf2,bagging,0.9148325358851674,0.9148325358851674,0.9829902383293851,0.0838495919152969,0.0,0.7840976801985977,0.8421052631578947,0.8090909090909091,0.8255980861244019,1.0,0.8,0.2233890000497922
tdc_hia_hou,classification,3,3,stratified_scaffold_group,stratified_scaffold_group,8,rf_120_d20_leaf2,bagging,0.7474901125646486,0.7474901125646486,0.9598595472910084,0.0766747379260735,0.0,0.8964977184549826,0.8421052631578947,0.3988439306358382,0.6204745968968665,1.0,0.8,0.2133354999823495
tdc_hia_hou,classification,3,1,stratified_scaffold_group,stratified_scaffold_group,9,et_60_sqrt,bagging,0.8814935064935063,0.8814935064935063,0.9854494201010902,0.0734150326797385,0.0,0.8,0.875,0.7792207792207793,0.8271103896103896,1.0,0.8,0.0750830000033602
tdc_hia_hou,classification,3,2,stratified_scaffold_group,stratified_scaffold_group,9,et_60_sqrt,bagging,0.9078947368421052,0.9078947368421052,0.979782892194025,0.077146856158484,0.0,0.8666666666666667,0.8421052631578947,0.7909090909090909,0.8165071770334928,1.0,0.8,0.0715489000431262
tdc_hia_hou,classification,3,3,stratified_scaffold_group,stratified_scaffold_group,9,et_60_sqrt,bagging,0.7003346516580469,0.7003346516580469,0.949664042812072,0.0752633101851851,0.0,0.9833333333333332,0.8947368421052632,0.3236994219653179,0.6092181320352905,1.0,0.8,0.0774241000181064
tdc_hia_hou,classification,3,1,stratified_scaffold_group,stratified_scaffold_group,10,et_90_d12,bagging,0.8912337662337662,0.8912337662337662,0.9882578013319326,0.0897333472485851,0.0,0.7551192907914253,0.875,0.7792207792207793,0.8271103896103896,1.0,0.8,0.1044591999961994
tdc_hia_hou,classification,3,2,stratified_scaffold_group,stratified_scaffold_group,10,et_90_d12,bagging,0.9320574162679426,0.9320574162679426,0.988398493307352,0.0844479717905199,0.0,0.7485444241054695,0.9473684210526316,0.8363636363636363,0.8918660287081339,1.0,0.8,0.1131143000093288
tdc_hia_hou,classification,3,3,stratified_scaffold_group,stratified_scaffold_group,10,et_90_d12,bagging,0.735320961362945,0.735320961362945,0.95733956108796,0.0737374922630362,0.0,0.9351970091343615,0.8421052631578947,0.4335260115606936,0.6378156373592941,1.0,0.8,0.1010283000068739
tdc_hia_hou,classification,3,1,stratified_scaffold_group,stratified_scaffold_group,11,et_90_leaf2,bagging,0.8701298701298701,0.8701298701298701,0.983103899693689,0.0854550807375091,0.0,0.6862222797631512,0.875,0.8701298701298701,0.872564935064935,1.0,0.8,0.09873140003765
tdc_hia_hou,classification,3,2,stratified_scaffold_group,stratified_scaffold_group,11,et_90_leaf2,bagging,0.924401913875598,0.924401913875598,0.9851088170196748,0.0772873068425653,0.0,0.7654187286774609,0.8421052631578947,0.8454545454545455,0.8437799043062201,1.0,0.8,0.1093981000012718
tdc_hia_hou,classification,3,3,stratified_scaffold_group,stratified_scaffold_group,11,et_90_leaf2,bagging,0.7882567690903559,0.7882567690903559,0.9705858952691367,0.0741081085091253,0.0,0.8815440417741213,0.8421052631578947,0.5895953757225434,0.715850319440219,1.0,0.8,0.095891400007531
tdc_hia_hou,classification,3,1,stratified_scaffold_group,stratified_scaffold_group,12,et_120_d20_leaf2,bagging,0.8782467532467533,0.8782467532467533,0.985474349851233,0.0845645442834775,0.0,0.6522892417955202,0.875,0.8831168831168831,0.8790584415584415,1.0,0.8,0.1215455000055953
tdc_hia_hou,classification,3,2,stratified_scaffold_group,stratified_scaffold_group,12,et_120_d20_leaf2,bagging,0.910047846889952,0.910047846889952,0.9816943243717892,0.0802616294676342,0.0,0.7668381158442088,0.8421052631578947,0.8363636363636363,0.8392344497607656,1.0,0.8,0.1207201000070199
tdc_hia_hou,classification,3,3,stratified_scaffold_group,stratified_scaffold_group,12,et_120_d20_leaf2,bagging,0.8007301490721023,0.8007301490721023,0.9724828547632628,0.0748125431320337,0.0,0.8638466540714933,0.8421052631578947,0.6358381502890174,0.738971706723456,1.0,0.8,0.1363036000402644
tdc_hia_hou,classification,3,1,stratified_scaffold_group,stratified_scaffold_group,13,histgb_lr0.05,boosting,0.8944805194805195,0.8944805194805195,0.9885368763481304,0.0731087905646312,0.0,0.9300560855660212,0.875,0.7532467532467533,0.8141233766233766,1.0,0.8,0.8180086999782361
tdc_hia_hou,classification,3,2,stratified_scaffold_group,stratified_scaffold_group,13,histgb_lr0.05,boosting,0.9052631578947368,0.9052631578947368,0.9824588258872656,0.093737496736679,0.0,0.946987479265764,0.8947368421052632,0.7909090909090909,0.842822966507177,1.0,0.8,0.6892961999983527
tdc_hia_hou,classification,3,3,stratified_scaffold_group,stratified_scaffold_group,13,histgb_lr0.05,boosting,0.6954669911773654,0.6954669911773654,0.9386738484135504,0.0834084404728645,0.0,0.98181198951412,0.8421052631578947,0.3179190751445087,0.5800121691512017,1.0,0.8,0.4780878000310622
tdc_hia_hou,classification,3,1,stratified_scaffold_group,stratified_scaffold_group,14,histgb_lr0.1,boosting,0.9123376623376622,0.9123376623376622,0.9907554046148516,0.0747606060665999,0.0,0.9292105182070516,0.875,0.8701298701298701,0.872564935064935,1.0,0.8,0.6022835000185296
tdc_hia_hou,classification,3,2,stratified_scaffold_group,stratified_scaffold_group,14,histgb_lr0.1,boosting,0.8789473684210526,0.8789473684210526,0.9707293465542172,0.0900091867172891,0.0,0.985767004908024,0.8421052631578947,0.7727272727272727,0.8074162679425837,1.0,0.8,0.5418672999949194
tdc_hia_hou,classification,3,3,stratified_scaffold_group,stratified_scaffold_group,14,histgb_lr0.1,boosting,0.7453605111043505,0.7453605111043505,0.9585789721996284,0.0834804012312163,0.0,0.9882305423298896,0.8421052631578947,0.4739884393063583,0.6580468512321265,1.0,0.8,0.4221674999571405
tdc_hia_hou,classification,3,1,stratified_scaffold_group,stratified_scaffold_group,15,gb_lr0.05_d2,boosting,0.8076298701298701,0.8076298701298701,0.9677930818667853,0.0746121979022773,0.0,0.9338927184059614,0.875,0.5844155844155844,0.7297077922077921,1.0,0.8,0.1728203000384383
tdc_hia_hou,classification,3,2,stratified_scaffold_group,stratified_scaffold_group,15,gb_lr0.05_d2,boosting,0.8911483253588516,0.8911483253588516,0.9698945827573944,0.0792919544197323,0.0,0.8782635049467411,0.8421052631578947,0.9181818181818182,0.8801435406698565,1.0,0.8,0.1521594999940134
tdc_hia_hou,classification,3,3,stratified_scaffold_group,stratified_scaffold_group,15,gb_lr0.05_d2,boosting,0.774414359598418,0.774414359598418,0.9619267384393771,0.0828499114038261,0.0,0.9510269065461758,0.8421052631578947,0.6994219653179191,0.7707636142379068,1.0,0.8,0.1282605999731458
tdc_hia_hou,classification,3,1,stratified_scaffold_group,stratified_scaffold_group,16,gb_lr0.1_d3,boosting,0.8198051948051948,0.8198051948051948,0.971103748302094,0.0820355581033407,0.0,0.9738688519870952,0.875,0.6753246753246753,0.7751623376623377,1.0,0.8,0.2331342999823391
tdc_hia_hou,classification,3,2,stratified_scaffold_group,stratified_scaffold_group,16,gb_lr0.1_d3,boosting,0.8904306220095695,0.8904306220095695,0.975333203573816,0.0814448220249623,0.0,0.963289806720608,0.8421052631578947,0.8272727272727273,0.8346889952153109,1.0,0.8,0.2178028000053018
tdc_hia_hou,classification,3,3,stratified_scaffold_group,stratified_scaffold_group,16,gb_lr0.1_d3,boosting,0.7578338910860968,0.7578338910860968,0.9623983445210198,0.0921178155700464,0.0,0.9949253185502176,0.8947368421052632,0.5664739884393064,0.7306054152722847,1.0,0.8,0.1874919999972917
tdc_hia_hou,classification,3,1,stratified_scaffold_group,stratified_scaffold_group,17,lgbm_60_l15,boosting,0.8847402597402596,0.8847402597402596,0.9877363219855776,0.080788824194543,0.0,0.8590879448908503,0.875,0.8181818181818182,0.8465909090909092,1.0,0.8,0.0288273000041954
tdc_hia_hou,classification,3,2,stratified_scaffold_group,stratified_scaffold_group,17,lgbm_60_l15,boosting,0.8899521531100479,0.8899521531100479,0.9747960447565645,0.0946558645923296,0.0,0.903074292236602,0.8421052631578947,0.8363636363636363,0.8392344497607656,1.0,0.8,0.021890899981372
tdc_hia_hou,classification,3,3,stratified_scaffold_group,stratified_scaffold_group,17,lgbm_60_l15,boosting,0.6610891390325525,0.6610891390325525,0.9277926460209184,0.0837691234769996,0.0,0.9774362992103812,0.8421052631578947,0.2716763005780346,0.5568907818679647,1.0,0.8,0.0201979000121355
tdc_hia_hou,classification,3,1,stratified_scaffold_group,stratified_scaffold_group,18,lgbm_90_l31,boosting,0.8912337662337663,0.8912337662337663,0.9884064354609956,0.0788848979867685,0.0,0.8988877603559737,0.875,0.8441558441558441,0.859577922077922,1.0,0.8,0.0329592000343836
tdc_hia_hou,classification,3,2,stratified_scaffold_group,stratified_scaffold_group,18,lgbm_90_l31,boosting,0.9076555023923446,0.9076555023923446,0.980754609835358,0.0912355152293507,0.0,0.8702079291947877,0.8421052631578947,0.9181818181818182,0.8801435406698565,1.0,0.8,0.0250731999985873
tdc_hia_hou,classification,3,3,stratified_scaffold_group,stratified_scaffold_group,18,lgbm_90_l31,boosting,0.705506540918771,0.705506540918771,0.9330736823828608,0.0849043025132118,0.0,0.9913514803827276,0.8421052631578947,0.2601156069364161,0.5511104350471554,1.0,0.8,0.0206122999661602
tdc_hia_hou,classification,3,1,stratified_scaffold_group,stratified_scaffold_group,19,lgbm_60_l63,boosting,0.8814935064935066,0.8814935064935066,0.9869373308136392,0.0832618667093586,0.0,0.9001049576572335,0.875,0.8571428571428571,0.8660714285714286,1.0,0.8,0.0297161000198684
tdc_hia_hou,classification,3,2,stratified_scaffold_group,stratified_scaffold_group,19,lgbm_60_l63,boosting,0.9057416267942584,0.9057416267942584,0.980688984963304,0.0911218229455362,0.0,0.9105961524938956,0.8421052631578947,0.8818181818181818,0.8619617224880383,1.0,0.8,0.0220532999956049
tdc_hia_hou,classification,3,3,stratified_scaffold_group,stratified_scaffold_group,19,lgbm_60_l63,boosting,0.7042896257986005,0.7042896257986005,0.9299094489342156,0.0845586254315392,0.0,0.9887852906366904,0.8421052631578947,0.3236994219653179,0.5829023425616063,1.0,0.8,0.0185299000004306
tdc_hia_hou,classification,3,1,stratified_scaffold_group,stratified_scaffold_group,20,lgbm_100_leaf10,boosting,0.8863636363636365,0.8863636363636365,0.9876601229058366,0.0875101507442705,0.0,0.9656764827766164,0.875,0.7532467532467533,0.8141233766233766,1.0,0.8,0.0669519999646581
tdc_hia_hou,classification,3,2,stratified_scaffold_group,stratified_scaffold_group,20,lgbm_100_leaf10,boosting,0.915311004784689,0.915311004784689,0.98600674913374,0.1202425461231423,0.0,0.9778460347167336,0.8421052631578947,0.8636363636363636,0.8528708133971292,1.0,0.8,0.0578589999931864
tdc_hia_hou,classification,3,3,stratified_scaffold_group,stratified_scaffold_group,20,lgbm_100_leaf10,boosting,0.7435351384240949,0.7435351384240949,0.96497431473147,0.0829299140324981,0.0,0.9972135150745012,0.8421052631578947,0.4739884393063583,0.6580468512321265,1.0,0.8,0.0487626999965868
tdc_hia_hou,classification,3,1,stratified_scaffold_group,stratified_scaffold_group,21,lgbm_100_leaf30,boosting,0.9172077922077922,0.9172077922077922,0.991452944527542,0.0651552506407526,0.0,0.8141437735559327,0.875,0.8441558441558441,0.859577922077922,1.0,0.8,0.0238947000470943
tdc_hia_hou,classification,3,2,stratified_scaffold_group,stratified_scaffold_group,21,lgbm_100_leaf30,boosting,0.8617224880382774,0.8617224880382774,0.9724199972146592,0.0979346844023882,0.0,0.9338182708889038,0.8421052631578947,0.7272727272727273,0.784688995215311,1.0,0.8,0.0199318000231869
tdc_hia_hou,classification,3,3,stratified_scaffold_group,stratified_scaffold_group,21,lgbm_100_leaf30,boosting,0.712199574079708,0.712199574079708,0.950870574718508,0.0839147808255166,0.0,0.955220155912931,0.8421052631578947,0.4277456647398844,0.6349254639488895,1.0,0.8,0.0177957999985665
tdc_hia_hou,classification,3,1,stratified_scaffold_group,stratified_scaffold_group,22,lgbm_80_ff0.7,boosting,0.8603896103896103,0.8603896103896103,0.9840846351221514,0.0832099523753852,0.0,0.9289900898988074,0.875,0.7402597402597403,0.8076298701298701,1.0,0.8,0.0271380000049248
tdc_hia_hou,classification,3,2,stratified_scaffold_group,stratified_scaffold_group,22,lgbm_80_ff0.7,boosting,0.9234449760765552,0.9234449760765552,0.9859736617604506,0.0875883796129879,0.0,0.9181765058176246,0.8421052631578947,0.8909090909090909,0.8665071770334928,1.0,0.8,0.023509299964644
tdc_hia_hou,classification,3,3,stratified_scaffold_group,stratified_scaffold_group,22,lgbm_80_ff0.7,boosting,0.7161545482202617,0.7161545482202617,0.9399059998906748,0.0868855002593829,0.0,0.9849393441841864,0.8421052631578947,0.4566473988439306,0.6493763310009126,1.0,0.8,0.0205265000113286
tdc_hia_hou,classification,3,1,stratified_scaffold_group,stratified_scaffold_group,23,lgbm_80_bag0.8,boosting,0.8944805194805194,0.8944805194805194,0.9886090399784976,0.0762681890243161,0.0,0.8849700586462775,0.875,0.8961038961038961,0.885551948051948,1.0,0.8,0.0387252999935299
tdc_hia_hou,classification,3,2,stratified_scaffold_group,stratified_scaffold_group,23,lgbm_80_bag0.8,boosting,0.8933014354066986,0.8933014354066986,0.9799311599659228,0.0922153719276942,0.0,0.9091131854542698,0.8421052631578947,0.8363636363636363,0.8392344497607656,1.0,0.8,0.0258397000143304
tdc_hia_hou,classification,3,3,stratified_scaffold_group,stratified_scaffold_group,23,lgbm_80_bag0.8,boosting,0.7374505628232431,0.7374505628232431,0.9549626147248071,0.0858799860691907,0.0,0.9743266592678004,0.8421052631578947,0.5606936416184971,0.7013994523881959,1.0,0.8,0.0204374000313691
tdc_hia_hou,classification,3,1,stratified_scaffold_group,stratified_scaffold_group,24,lgbm_120_l15,boosting,0.8993506493506493,0.8993506493506493,0.9895876293113708,0.0813086533916709,0.0,0.8869114517130524,0.875,0.8571428571428571,0.8660714285714286,1.0,0.8,0.0601041000336408
tdc_hia_hou,classification,3,2,stratified_scaffold_group,stratified_scaffold_group,24,lgbm_120_l15,boosting,0.910047846889952,0.910047846889952,0.983305257109666,0.0917394801364704,0.0,0.9066704103694628,0.8421052631578947,0.9,0.8710526315789473,1.0,0.8,0.113592299981974
tdc_hia_hou,classification,3,3,stratified_scaffold_group,stratified_scaffold_group,24,lgbm_120_l15,boosting,0.7149376331000913,0.7149376331000913,0.9306952141211928,0.0860113963351354,0.0,0.9826032970171716,0.8421052631578947,0.4393063583815029,0.6407058107696988,1.0,0.8,0.0473234999808482
tdc_hia_hou,classification,3,1,stratified_scaffold_group,stratified_scaffold_group,25,xgb_60_d3,boosting,0.8944805194805194,0.8944805194805194,0.9872378577683965,0.06464189237312,0.0,0.8241434097290039,0.875,0.8961038961038961,0.885551948051948,1.0,0.8,0.0458893000031821
tdc_hia_hou,classification,3,2,stratified_scaffold_group,stratified_scaffold_group,25,xgb_60_d3,boosting,0.9095693779904306,0.9095693779904306,0.984262827117631,0.0889489612398824,0.0,0.9160417318344116,0.8947368421052632,0.8,0.8473684210526315,1.0,0.8,0.0380860000150278
tdc_hia_hou,classification,3,3,stratified_scaffold_group,stratified_scaffold_group,25,xgb_60_d3,boosting,0.8275022817158504,0.8275022817158504,0.9784258468839736,0.0751545020144361,0.0,0.95881587266922,0.8421052631578947,0.7225433526011561,0.7823243078795254,1.0,0.8,0.0398014000384137
tdc_hia_hou,classification,3,1,stratified_scaffold_group,stratified_scaffold_group,26,xgb_80_d5,boosting,0.9188311688311688,0.9188311688311688,0.9911403059940412,0.0622738825737152,0.0,0.8170232176780701,0.875,0.922077922077922,0.898538961038961,1.0,0.8,0.0560962000163272
tdc_hia_hou,classification,3,2,stratified_scaffold_group,stratified_scaffold_group,26,xgb_80_d5,boosting,0.9200956937799044,0.9200956937799044,0.986184571868379,0.0913710958845761,0.0,0.9241772294044496,0.8421052631578947,0.8545454545454545,0.8483253588516746,1.0,0.8,0.0538962000282481
tdc_hia_hou,classification,3,3,stratified_scaffold_group,stratified_scaffold_group,26,xgb_80_d5,boosting,0.8025555217523578,0.8025555217523578,0.9741781343680151,0.0749372205372438,0.0,0.9765755534172058,0.8421052631578947,0.6416184971098265,0.7418618801338606,1.0,0.8,0.0537679000408388
tdc_hia_hou,classification,3,1,stratified_scaffold_group,stratified_scaffold_group,27,xgb_100_d3,boosting,0.8977272727272727,0.8977272727272727,0.9881068474476672,0.0664493094612897,0.0,0.8395189046859741,0.875,0.8831168831168831,0.8790584415584415,1.0,0.8,0.0638779000146314
tdc_hia_hou,classification,3,2,stratified_scaffold_group,stratified_scaffold_group,27,xgb_100_d3,boosting,0.9191387559808613,0.9191387559808613,0.9860245359352662,0.0900572835624475,0.0,0.91132390499115,0.8421052631578947,0.8454545454545455,0.8437799043062201,1.0,0.8,0.0622608999838121
tdc_hia_hou,classification,3,3,stratified_scaffold_group,stratified_scaffold_group,27,xgb_100_d3,boosting,0.7906905993306967,0.7906905993306967,0.9721657993814238,0.0753921293970962,0.0,0.9719856977462769,0.8421052631578947,0.5491329479768786,0.6956191055673866,1.0,0.8,0.0481310000177472
tdc_hia_hou,classification,3,1,stratified_scaffold_group,stratified_scaffold_group,28,xgb_60_d6,boosting,0.926948051948052,0.926948051948052,0.9923159448438928,0.0629888436878069,0.0,0.8521801829338074,0.875,0.9090909090909092,0.8920454545454546,1.0,0.8,0.0464283999754115
tdc_hia_hou,classification,3,2,stratified_scaffold_group,stratified_scaffold_group,28,xgb_60_d6,boosting,0.922488038277512,0.922488038277512,0.9868283113206792,0.0878003629309802,0.0,0.9090070724487304,0.8421052631578947,0.8454545454545455,0.8437799043062201,1.0,0.8,0.0415964999701827
tdc_hia_hou,classification,3,3,stratified_scaffold_group,stratified_scaffold_group,28,xgb_60_d6,boosting,0.8004259202920596,0.8004259202920596,0.9720437830148057,0.0742948838948905,0.0,0.9739729762077332,0.8421052631578947,0.7052023121387283,0.7736537876483115,1.0,0.8,0.0367847000015899
tdc_hia_hou,classification,3,1,stratified_scaffold_group,stratified_scaffold_group,29,cat_60_d4,boosting,0.8863636363636362,0.8863636363636362,0.9870443589417174,0.0631069473652675,0.0,0.9106217063672468,0.875,0.7272727272727273,0.8011363636363636,1.0,0.8,0.2256435999879613
tdc_hia_hou,classification,3,2,stratified_scaffold_group,stratified_scaffold_group,29,cat_60_d4,boosting,0.899043062200957,0.899043062200957,0.9767835220370192,0.0939048943198395,0.0,0.8931362369868886,0.8421052631578947,0.9181818181818182,0.8801435406698565,1.0,0.8,0.1768945999792777
tdc_hia_hou,classification,3,3,stratified_scaffold_group,stratified_scaffold_group,29,cat_60_d4,boosting,0.7839975661697597,0.7839975661697597,0.9698226279613872,0.0783031112277863,0.0,0.9612920448200736,0.8421052631578947,0.5028901734104047,0.6724977182841496,1.0,0.8,0.1608935000258498
tdc_hia_hou,classification,3,1,stratified_scaffold_group,stratified_scaffold_group,30,cat_80_d6,boosting,0.883116883116883,0.883116883116883,0.986189199522416,0.0607376198747418,0.0,0.9359573033113584,0.875,0.7012987012987013,0.7881493506493507,1.0,0.8,0.4488986000069417
tdc_hia_hou,classification,3,2,stratified_scaffold_group,stratified_scaffold_group,30,cat_80_d6,boosting,0.9215311004784688,0.9215311004784688,0.9839050910691742,0.0888004239344378,0.0,0.8862112643701314,0.8947368421052632,0.9454545454545454,0.9200956937799044,1.0,0.8,0.3261391000123694
tdc_hia_hou,classification,3,3,stratified_scaffold_group,stratified_scaffold_group,30,cat_80_d6,boosting,0.8278065104958929,0.8278065104958929,0.9772678888908396,0.0755457718675506,0.0,0.9622937311348714,0.8421052631578947,0.6878612716763006,0.7649832674170977,1.0,0.8,0.3259861000115052
tdc_hia_hou,classification,3,1,stratified_scaffold_group,stratified_scaffold_group,31,cat_100_d4,boosting,0.8701298701298701,0.8701298701298701,0.9842242465535976,0.0641595120885337,0.0,0.9127702653477092,0.875,0.7402597402597403,0.8076298701298701,1.0,0.8,0.2756319999461993
tdc_hia_hou,classification,3,2,stratified_scaffold_group,stratified_scaffold_group,31,cat_100_d4,boosting,0.8808612440191388,0.8808612440191388,0.9738918223179176,0.0953484600895478,0.0,0.9175273342531536,0.8421052631578947,0.8818181818181818,0.8619617224880383,1.0,0.8,0.2187694999738596
tdc_hia_hou,classification,3,3,stratified_scaffold_group,stratified_scaffold_group,31,cat_100_d4,boosting,0.8253726802555521,0.8253726802555521,0.9776154829726192,0.0748849108959489,0.0,0.960793537927407,0.8421052631578947,0.6242774566473989,0.7331913599026467,1.0,0.8,0.2235319999745115
tdc_hia_hou,classification,3,1,stratified_scaffold_group,stratified_scaffold_group,32,cat_60_d8,boosting,0.8652597402597403,0.8652597402597403,0.9826106288050868,0.0661227106816487,0.0,0.9184072837139752,0.875,0.7142857142857143,0.7946428571428572,1.0,0.8,0.9086249000392854
tdc_hia_hou,classification,3,2,stratified_scaffold_group,stratified_scaffold_group,32,cat_60_d8,boosting,0.924401913875598,0.924401913875598,0.9858730881980472,0.0845715675165221,0.0,0.9269857333824428,0.8421052631578947,0.9,0.8710526315789473,1.0,0.8,0.5261432999977842
tdc_hia_hou,classification,3,3,stratified_scaffold_group,stratified_scaffold_group,32,cat_60_d8,boosting,0.8095527836933374,0.8095527836933374,0.9717557977739476,0.0730202614655029,0.0,0.9702688651587558,0.8421052631578947,0.7167630057803468,0.7794341344691207,1.0,0.8,0.6174675000365824
tdc_pgp_broccatelli,classification,1,1,stratified_scaffold_group,stratified_scaffold_group,1,logreg_l2_c0.1,linear,0.862741046831956,0.862741046831956,0.9006835978684532,0.1583192114591839,0.0,0.3395556255418622,0.8181818181818181,0.7878787878787878,0.803030303030303,1.0,0.8,0.0030162999755702
tdc_pgp_broccatelli,classification,1,2,stratified_scaffold_group,stratified_scaffold_group,1,logreg_l2_c0.1,linear,0.8952863018032269,0.8952863018032269,0.9329187633678924,0.129827682305017,0.0,0.4596588090888415,0.8256880733944953,0.8620689655172413,0.8438785194558683,1.0,0.8,0.0034962000208906
tdc_pgp_broccatelli,classification,1,3,stratified_scaffold_group,stratified_scaffold_group,1,logreg_l2_c0.1,linear,0.8849531615925058,0.8849531615925058,0.9284023342217362,0.1344174748041493,0.0,0.4662402850541267,0.819672131147541,0.8214285714285714,0.8205503512880562,1.0,0.8,0.0025463999481871
tdc_pgp_broccatelli,classification,1,1,stratified_scaffold_group,stratified_scaffold_group,2,logreg_l2_c1,linear,0.897314049586777,0.897314049586777,0.9221776881345868,0.1329353719623212,0.0,0.2755782097446326,0.8363636363636364,0.8712121212121212,0.8537878787878788,1.0,0.8,0.003742900036741
tdc_pgp_broccatelli,classification,1,2,stratified_scaffold_group,stratified_scaffold_group,2,logreg_l2_c1,linear,0.8853527364757988,0.8853527364757988,0.9290091530183736,0.1379860441596984,0.0,0.5453681729037024,0.8165137614678899,0.8,0.808256880733945,1.0,0.8,0.003454599995166
tdc_pgp_broccatelli,classification,1,3,stratified_scaffold_group,stratified_scaffold_group,2,logreg_l2_c1,linear,0.8866608118657299,0.8866608118657299,0.9287751639946328,0.148626850371561,0.0,0.5409970584126716,0.8032786885245902,0.7976190476190477,0.8004488680718189,1.0,0.8,0.0050409999676048
tdc_pgp_broccatelli,classification,1,1,stratified_scaffold_group,stratified_scaffold_group,3,logreg_l2_c10,linear,0.8957988980716254,0.8957988980716254,0.9190846032464502,0.1358397833303661,0.0,0.1519500367173129,0.8090909090909091,0.8560606060606061,0.8325757575757575,1.0,0.8,0.0051008000154979
tdc_pgp_broccatelli,classification,1,2,stratified_scaffold_group,stratified_scaffold_group,3,logreg_l2_c10,linear,0.8746599177475483,0.8746599177475483,0.921965262504944,0.1628159726143777,0.0,0.6176203963662472,0.8165137614678899,0.7862068965517242,0.801360329009807,1.0,0.8,0.0045268000103533
tdc_pgp_broccatelli,classification,1,3,stratified_scaffold_group,stratified_scaffold_group,3,logreg_l2_c10,linear,0.8788544106167057,0.8788544106167057,0.9199079573160442,0.1739525521397206,0.0,0.7063823899933571,0.8442622950819672,0.7797619047619048,0.812012099921936,1.0,0.8,0.0043993999715894
tdc_pgp_broccatelli,classification,1,1,stratified_scaffold_group,stratified_scaffold_group,4,logreg_l1_c1,linear,0.8743112947658402,0.8743112947658402,0.9050388781462644,0.1515364837708103,0.0,0.3727975987289424,0.8181818181818181,0.8257575757575758,0.821969696969697,1.0,0.8,0.009407999983523
tdc_pgp_broccatelli,classification,1,2,stratified_scaffold_group,stratified_scaffold_group,4,logreg_l1_c1,linear,0.8909205947484975,0.8909205947484975,0.931089367554429,0.1363260197743891,0.0,0.4762258618740553,0.8256880733944953,0.8137931034482758,0.8197405884213855,1.0,0.8,0.0050837000017054
tdc_pgp_broccatelli,classification,1,3,stratified_scaffold_group,stratified_scaffold_group,4,logreg_l1_c1,linear,0.8954186182669789,0.8954186182669789,0.9289142530577116,0.1349569489269267,0.0,0.4230534201668714,0.819672131147541,0.8392857142857143,0.8294789227166277,1.0,0.8,0.0067115999991074
tdc_pgp_broccatelli,classification,1,1,stratified_scaffold_group,stratified_scaffold_group,5,rf_60_sqrt,bagging,0.925034435261708,0.925034435261708,0.9402040526299296,0.1314692378328742,0.0,0.4333333333333333,0.8090909090909091,0.8939393939393939,0.8515151515151516,1.0,0.8,0.1068810999859124
tdc_pgp_broccatelli,classification,1,2,stratified_scaffold_group,stratified_scaffold_group,5,rf_60_sqrt,bagging,0.9152483391331856,0.9152483391331856,0.94264787215492,0.1249540682414698,0.0,0.45,0.8165137614678899,0.8344827586206897,0.8254982600442897,1.0,0.8,0.119062700017821
tdc_pgp_broccatelli,classification,1,3,stratified_scaffold_group,stratified_scaffold_group,5,rf_60_sqrt,bagging,0.9203015222482436,0.9203015222482436,0.9450639076971948,0.1201494252873563,0.0,0.45,0.8278688524590164,0.8511904761904762,0.8395296643247463,1.0,0.8,0.1210355999646708
tdc_pgp_broccatelli,classification,1,1,stratified_scaffold_group,stratified_scaffold_group,6,rf_90_d12,bagging,0.9231404958677686,0.9231404958677686,0.942366109496744,0.1387469261336718,0.0,0.4097926544156299,0.8181818181818181,0.8939393939393939,0.856060606060606,1.0,0.8,0.1948918999987654
tdc_pgp_broccatelli,classification,1,2,stratified_scaffold_group,stratified_scaffold_group,6,rf_90_d12,bagging,0.9099019297690604,0.9099019297690604,0.9419807694592948,0.1320831246560023,0.0,0.4070436346776772,0.8073394495412844,0.8896551724137931,0.8484973109775388,1.0,0.8,0.202192600001581
tdc_pgp_broccatelli,classification,1,3,stratified_scaffold_group,stratified_scaffold_group,6,rf_90_d12,bagging,0.9121779859484778,0.9121779859484778,0.9417050805127248,0.1266479044033346,0.0,0.4039147928669779,0.8360655737704918,0.8690476190476191,0.8525565964090555,1.0,0.8,0.1877125999890267
tdc_pgp_broccatelli,classification,1,1,stratified_scaffold_group,stratified_scaffold_group,7,rf_90_leaf2,bagging,0.9012396694214876,0.9012396694214876,0.9185015274021228,0.155792001642748,0.0,0.3689111342879783,0.8090909090909091,0.8560606060606061,0.8325757575757575,1.0,0.8,0.1708297000150196
tdc_pgp_broccatelli,classification,1,2,stratified_scaffold_group,stratified_scaffold_group,7,rf_90_leaf2,bagging,0.9188231572287252,0.9188231572287252,0.9452815757752296,0.1335801822344344,0.0,0.4208290421511132,0.8165137614678899,0.8758620689655172,0.8461879152167036,1.0,0.8,0.1532686999998986
tdc_pgp_broccatelli,classification,1,3,stratified_scaffold_group,stratified_scaffold_group,7,rf_90_leaf2,bagging,0.9242291178766588,0.9242291178766588,0.9485032132241304,0.1230869354728308,0.0,0.3790214033021702,0.8032786885245902,0.875,0.8391393442622951,1.0,0.8,0.1456311999936588
tdc_pgp_broccatelli,classification,1,1,stratified_scaffold_group,stratified_scaffold_group,8,rf_120_d20_leaf2,bagging,0.9088842975206612,0.9088842975206612,0.9263303728124752,0.1525629545336816,0.0,0.3735143893109619,0.8,0.8863636363636364,0.8431818181818183,1.0,0.8,0.2051135000074282
tdc_pgp_broccatelli,classification,1,2,stratified_scaffold_group,stratified_scaffold_group,8,rf_120_d20_leaf2,bagging,0.9192660550458716,0.9192660550458716,0.9454384929533955,0.1328138169716491,0.0,0.4089361375963741,0.8073394495412844,0.8620689655172413,0.8347042075292629,1.0,0.8,0.1950066999997943
tdc_pgp_broccatelli,classification,1,3,stratified_scaffold_group,stratified_scaffold_group,8,rf_120_d20_leaf2,bagging,0.9242291178766588,0.9242291178766588,0.9483985941728426,0.1224959068616068,0.0,0.4046283217733918,0.860655737704918,0.8690476190476191,0.8648516783762685,1.0,0.8,0.1740373999928124
tdc_pgp_broccatelli,classification,1,1,stratified_scaffold_group,stratified_scaffold_group,9,et_60_sqrt,bagging,0.9341942148760332,0.9341942148760332,0.9457218809024976,0.1231531221303948,0.0,0.3833333333333333,0.8,0.8939393939393939,0.8469696969696969,1.0,0.8,0.0671015999978408
tdc_pgp_broccatelli,classification,1,2,stratified_scaffold_group,stratified_scaffold_group,9,et_60_sqrt,bagging,0.9203732995887376,0.9203732995887376,0.9465386787587248,0.1194017935258092,0.0,0.45,0.8165137614678899,0.8551724137931035,0.8358430876304968,1.0,0.8,0.0619107999955304
tdc_pgp_broccatelli,classification,1,3,stratified_scaffold_group,stratified_scaffold_group,9,et_60_sqrt,bagging,0.9166666666666669,0.9166666666666669,0.941857405227875,0.1199348659003831,0.0,0.3833333333333333,0.8114754098360656,0.8690476190476191,0.8402615144418424,1.0,0.8,0.0633150999783538
tdc_pgp_broccatelli,classification,1,1,stratified_scaffold_group,stratified_scaffold_group,10,et_90_d12,bagging,0.9230027548209366,0.9230027548209366,0.939395904190022,0.1386469355906149,0.0,0.3755524457941125,0.8,0.8863636363636364,0.8431818181818183,1.0,0.8,0.0891924000461585
tdc_pgp_broccatelli,classification,1,2,stratified_scaffold_group,stratified_scaffold_group,10,et_90_d12,bagging,0.9224928819993672,0.9224928819993672,0.947975506597612,0.1262512136172422,0.0,0.4075864872224685,0.8348623853211009,0.8551724137931035,0.8450173995571022,1.0,0.8,0.1003732000244781
tdc_pgp_broccatelli,classification,1,3,stratified_scaffold_group,stratified_scaffold_group,10,et_90_d12,bagging,0.9155932864949258,0.9155932864949258,0.9450143645635816,0.1224532201489704,0.0,0.431825881741552,0.8852459016393442,0.8571428571428571,0.8711943793911007,1.0,0.8,0.0854751000297255
tdc_pgp_broccatelli,classification,1,1,stratified_scaffold_group,stratified_scaffold_group,11,et_90_leaf2,bagging,0.934779614325069,0.934779614325069,0.9497532898449266,0.1340857973614192,0.0,0.3354431697425996,0.8,0.9242424242424242,0.8621212121212121,1.0,0.8,0.10640519997105
tdc_pgp_broccatelli,classification,1,2,stratified_scaffold_group,stratified_scaffold_group,11,et_90_leaf2,bagging,0.9190129705789306,0.9190129705789306,0.9454266833117712,0.1272526841330944,0.0,0.3918024334364572,0.8256880733944953,0.8689655172413793,0.8473267953179373,1.0,0.8,0.0926620000391267
tdc_pgp_broccatelli,classification,1,3,stratified_scaffold_group,stratified_scaffold_group,11,et_90_leaf2,bagging,0.918764637002342,0.918764637002342,0.94654709347863,0.1230818072806168,0.0,0.3644351855296435,0.8278688524590164,0.8690476190476191,0.8484582357533177,1.0,0.8,0.0889792000525631
tdc_pgp_broccatelli,classification,1,1,stratified_scaffold_group,stratified_scaffold_group,12,et_120_d20_leaf2,bagging,0.9303030303030304,0.9303030303030304,0.9471422184687308,0.1338607428796471,0.0,0.3464767806382351,0.8272727272727273,0.9166666666666666,0.871969696969697,1.0,0.8,0.1220311999786645
tdc_pgp_broccatelli,classification,1,2,stratified_scaffold_group,stratified_scaffold_group,12,et_120_d20_leaf2,bagging,0.921480544131604,0.921480544131604,0.9465472481221228,0.1269566088523534,0.0,0.3827622707394467,0.8073394495412844,0.8827586206896552,0.8450490351154698,1.0,0.8,0.124437799968291
tdc_pgp_broccatelli,classification,1,3,stratified_scaffold_group,stratified_scaffold_group,12,et_120_d20_leaf2,bagging,0.9237900078064012,0.9237900078064012,0.9489985393714576,0.1213463874243766,0.0,0.3855417163868098,0.8442622950819672,0.8690476190476191,0.8566549570647931,1.0,0.8,0.1211894999723881
tdc_pgp_broccatelli,classification,1,1,stratified_scaffold_group,stratified_scaffold_group,13,histgb_lr0.05,boosting,0.8882920110192838,0.8882920110192838,0.9148767421496276,0.1422232259563004,0.0,0.3794521133992306,0.8181818181818181,0.8636363636363636,0.8409090909090908,1.0,0.8,1.0171478999545798
tdc_pgp_broccatelli,classification,1,2,stratified_scaffold_group,stratified_scaffold_group,13,histgb_lr0.05,boosting,0.9100917431192662,0.9100917431192662,0.9401736609456692,0.1241289639419018,0.0,0.4204830442340615,0.8256880733944953,0.8413793103448276,0.8335336918696614,1.0,0.8,1.0426492999540642
tdc_pgp_broccatelli,classification,1,3,stratified_scaffold_group,stratified_scaffold_group,13,histgb_lr0.05,boosting,0.9195940671350508,0.9195940671350508,0.9474121787862522,0.1107303764079131,0.0,0.4049311097648194,0.8524590163934427,0.8809523809523809,0.8667056986729118,1.0,0.8,1.0804087999858891
tdc_pgp_broccatelli,classification,1,1,stratified_scaffold_group,stratified_scaffold_group,14,histgb_lr0.1,boosting,0.9044765840220388,0.9044765840220388,0.9264259270956484,0.1287505821269212,0.0,0.2551012266071268,0.8,0.8863636363636364,0.8431818181818183,1.0,0.8,0.8403824999695644
tdc_pgp_broccatelli,classification,1,2,stratified_scaffold_group,stratified_scaffold_group,14,histgb_lr0.1,boosting,0.9078139829167984,0.9078139829167984,0.9403106251047616,0.1298827755758004,0.0,0.2922364769630248,0.8073394495412844,0.8620689655172413,0.8347042075292629,1.0,0.8,0.8992257000063546
tdc_pgp_broccatelli,classification,1,3,stratified_scaffold_group,stratified_scaffold_group,14,histgb_lr0.1,boosting,0.9176424668227946,0.9176424668227946,0.9469575375344356,0.1117698396813013,0.0,0.4105020985915654,0.8278688524590164,0.8869047619047619,0.8573868071818891,1.0,0.8,0.8167370000155643
tdc_pgp_broccatelli,classification,1,1,stratified_scaffold_group,stratified_scaffold_group,15,gb_lr0.05_d2,boosting,0.8604338842975208,0.8604338842975208,0.8939950022241372,0.1557093180783731,0.0,0.4647857723927517,0.8090909090909091,0.8257575757575758,0.8174242424242424,1.0,0.8,0.2813908000243827
tdc_pgp_broccatelli,classification,1,2,stratified_scaffold_group,stratified_scaffold_group,15,gb_lr0.05_d2,boosting,0.8923441948750395,0.8923441948750395,0.91778922554636,0.1400027983449626,0.0,0.4709964296909613,0.8165137614678899,0.8206896551724138,0.8186017083201518,1.0,0.8,0.2730291999760084
tdc_pgp_broccatelli,classification,1,3,stratified_scaffold_group,stratified_scaffold_group,15,gb_lr0.05_d2,boosting,0.883391881342701,0.883391881342701,0.9220756415153966,0.1367643364385713,0.0,0.4779208114942762,0.8360655737704918,0.8154761904761905,0.8257708821233412,1.0,0.8,0.3085340000106953
tdc_pgp_broccatelli,classification,1,1,stratified_scaffold_group,stratified_scaffold_group,16,gb_lr0.1_d3,boosting,0.8870523415977961,0.8870523415977961,0.9127349147109768,0.1349399199745127,0.0,0.4408635180012035,0.8,0.8636363636363636,0.8318181818181818,1.0,0.8,0.4223820000188425
tdc_pgp_broccatelli,classification,1,2,stratified_scaffold_group,stratified_scaffold_group,16,gb_lr0.1_d3,boosting,0.9105662764947802,0.9105662764947802,0.939301937969332,0.1202837370919996,0.0,0.4160517821203122,0.8073394495412844,0.8896551724137931,0.8484973109775388,1.0,0.8,0.4454750000149943
tdc_pgp_broccatelli,classification,1,3,stratified_scaffold_group,stratified_scaffold_group,16,gb_lr0.1_d3,boosting,0.9054449648711944,0.9054449648711944,0.9351593214035936,0.1201829167987044,0.0,0.4643420828084474,0.8278688524590164,0.8511904761904762,0.8395296643247463,1.0,0.8,0.3929410999990068
tdc_pgp_broccatelli,classification,1,1,stratified_scaffold_group,stratified_scaffold_group,17,lgbm_60_l15,boosting,0.8729338842975207,0.8729338842975207,0.9024390648767632,0.1540890115234776,0.0,0.3731264047375164,0.8,0.8333333333333334,0.8166666666666667,1.0,0.8,0.0511036000098101
tdc_pgp_broccatelli,classification,1,2,stratified_scaffold_group,stratified_scaffold_group,17,lgbm_60_l15,boosting,0.9095223030686492,0.9095223030686492,0.937850405302556,0.1247343139799849,0.0,0.425678625970869,0.8256880733944953,0.8413793103448276,0.8335336918696614,1.0,0.8,0.0481571999844163
tdc_pgp_broccatelli,classification,1,3,stratified_scaffold_group,stratified_scaffold_group,17,lgbm_60_l15,boosting,0.9128610460577672,0.9128610460577672,0.9415692744354544,0.1151048942838044,0.0,0.4035259598703842,0.8442622950819672,0.8630952380952381,0.8536787665886026,1.0,0.8,0.0488031000131741
tdc_pgp_broccatelli,classification,1,1,stratified_scaffold_group,stratified_scaffold_group,18,lgbm_90_l31,boosting,0.8935261707988982,0.8935261707988982,0.917697909834304,0.1380958879378491,0.0,0.3245545360981351,0.8,0.8787878787878788,0.8393939393939394,1.0,0.8,0.0793461999855935
tdc_pgp_broccatelli,classification,1,2,stratified_scaffold_group,stratified_scaffold_group,18,lgbm_90_l31,boosting,0.9102182853527364,0.9102182853527364,0.9397623258478004,0.1264608606704981,0.0,0.3440119338691736,0.8165137614678899,0.8827586206896552,0.8496361910787725,1.0,0.8,0.0987271000049077
tdc_pgp_broccatelli,classification,1,3,stratified_scaffold_group,stratified_scaffold_group,18,lgbm_90_l31,boosting,0.9155444964871194,0.9155444964871194,0.9448228959567988,0.1120979322698605,0.0,0.3533331306229311,0.8442622950819672,0.8869047619047619,0.8655835284933645,1.0,0.8,0.1056004999554716
tdc_pgp_broccatelli,classification,1,1,stratified_scaffold_group,stratified_scaffold_group,19,lgbm_60_l63,boosting,0.9024793388429752,0.9024793388429752,0.92763739287114,0.1273534706530147,0.0,0.3453263808386237,0.8272727272727273,0.8636363636363636,0.8454545454545455,1.0,0.8,0.0639989000046625
tdc_pgp_broccatelli,classification,1,2,stratified_scaffold_group,stratified_scaffold_group,19,lgbm_60_l63,boosting,0.9092059474849732,0.9092059474849732,0.9393769056553714,0.1267784928318755,0.0,0.3656171672693571,0.8073394495412844,0.8827586206896552,0.8450490351154698,1.0,0.8,0.0667652999982237
tdc_pgp_broccatelli,classification,1,3,stratified_scaffold_group,stratified_scaffold_group,19,lgbm_60_l63,boosting,0.9202771272443404,0.9202771272443404,0.9473543452174302,0.1098915468779079,0.0,0.3350684356053836,0.819672131147541,0.8928571428571429,0.8562646370023419,1.0,0.8,0.0708665000274777
tdc_pgp_broccatelli,classification,1,1,stratified_scaffold_group,stratified_scaffold_group,20,lgbm_100_leaf10,boosting,0.8879476584022039,0.8879476584022039,0.912946871445236,0.1438402774531674,0.0,0.4285036767800784,0.8,0.803030303030303,0.8015151515151515,1.0,0.8,0.1652436999720521
tdc_pgp_broccatelli,classification,1,2,stratified_scaffold_group,stratified_scaffold_group,20,lgbm_100_leaf10,boosting,0.9023726668775705,0.9023726668775705,0.9378069641792894,0.1353546149911146,0.0,0.3951613650778823,0.8165137614678899,0.7931034482758621,0.804808604871876,1.0,0.8,0.1326288999989628
tdc_pgp_broccatelli,classification,1,3,stratified_scaffold_group,stratified_scaffold_group,20,lgbm_100_leaf10,boosting,0.9116412958626072,0.9116412958626072,0.9402913174243476,0.1214895985569263,0.0,0.3975315478702997,0.8360655737704918,0.8571428571428571,0.8466042154566744,1.0,0.8,0.1041175000136718
tdc_pgp_broccatelli,classification,1,1,stratified_scaffold_group,stratified_scaffold_group,21,lgbm_100_leaf30,boosting,0.8692837465564739,0.8692837465564739,0.9017178154697848,0.155573771660515,0.0,0.3507548511290885,0.8,0.7803030303030303,0.7901515151515152,1.0,0.8,0.0574007999966852
tdc_pgp_broccatelli,classification,1,2,stratified_scaffold_group,stratified_scaffold_group,21,lgbm_100_leaf30,boosting,0.8888959190129706,0.8888959190129706,0.9210440279044276,0.1375186887850217,0.0,0.4497766315118154,0.8073394495412844,0.8,0.8036697247706422,1.0,0.8,0.0519866999820806
tdc_pgp_broccatelli,classification,1,3,stratified_scaffold_group,stratified_scaffold_group,21,lgbm_100_leaf30,boosting,0.9186182669789228,0.9186182669789228,0.9453541098530948,0.1142966841963116,0.0,0.406296342737372,0.8114754098360656,0.875,0.8432377049180328,1.0,0.8,0.0824514999985694
tdc_pgp_broccatelli,classification,1,1,stratified_scaffold_group,stratified_scaffold_group,22,lgbm_80_ff0.7,boosting,0.9080578512396694,0.9080578512396694,0.9302428360741694,0.1228716290173061,0.0,0.3835173812279377,0.8272727272727273,0.8712121212121212,0.8492424242424242,1.0,0.8,0.0928309999871999
tdc_pgp_broccatelli,classification,1,2,stratified_scaffold_group,stratified_scaffold_group,22,lgbm_80_ff0.7,boosting,0.9125593166719392,0.9125593166719392,0.942923679376564,0.1240094457415835,0.0,0.3686033986884592,0.8165137614678899,0.8551724137931035,0.8358430876304968,1.0,0.8,0.0690004000207409
tdc_pgp_broccatelli,classification,1,3,stratified_scaffold_group,stratified_scaffold_group,22,lgbm_80_ff0.7,boosting,0.9206674473067916,0.9206674473067916,0.9478710383194824,0.1103813795399661,0.0,0.3090532682184989,0.8032786885245902,0.8869047619047619,0.845091725214676,1.0,0.8,0.058354600041639
tdc_pgp_broccatelli,classification,1,1,stratified_scaffold_group,stratified_scaffold_group,23,lgbm_80_bag0.8,boosting,0.8984848484848484,0.8984848484848484,0.9227078324691104,0.1350764476760301,0.0,0.344217928713739,0.8,0.8787878787878788,0.8393939393939394,1.0,0.8,0.0570766000309959
tdc_pgp_broccatelli,classification,1,2,stratified_scaffold_group,stratified_scaffold_group,23,lgbm_80_bag0.8,boosting,0.9068649161657704,0.9068649161657704,0.9376158517692194,0.1256172573077781,0.0,0.4111966891871702,0.8073394495412844,0.8344827586206897,0.8209111040809871,1.0,0.8,0.060364099976141
tdc_pgp_broccatelli,classification,1,3,stratified_scaffold_group,stratified_scaffold_group,23,lgbm_80_bag0.8,boosting,0.9247658079625292,0.9247658079625292,0.9496090498388184,0.1094264549211844,0.0,0.3355536289810534,0.8278688524590164,0.8928571428571429,0.8603629976580797,1.0,0.8,0.0530701999668963
tdc_pgp_broccatelli,classification,1,1,stratified_scaffold_group,stratified_scaffold_group,24,lgbm_120_l15,boosting,0.8930440771349862,0.8930440771349862,0.9157605177189082,0.137021887695326,0.0,0.3443901200743548,0.8090909090909091,0.8712121212121212,0.8401515151515151,1.0,0.8,0.0814532999647781
tdc_pgp_broccatelli,classification,1,2,stratified_scaffold_group,stratified_scaffold_group,24,lgbm_120_l15,boosting,0.909142676368238,0.909142676368238,0.940084286090488,0.1255597373133542,0.0,0.3729411152184593,0.8073394495412844,0.8620689655172413,0.8347042075292629,1.0,0.8,0.1540611000382341
tdc_pgp_broccatelli,classification,1,3,stratified_scaffold_group,stratified_scaffold_group,24,lgbm_120_l15,boosting,0.9214968774395004,0.9214968774395004,0.9488338386099996,0.1091707920538284,0.0,0.355534354835491,0.8360655737704918,0.8869047619047619,0.8614851678376269,1.0,0.8,0.0895582999801263
tdc_pgp_broccatelli,classification,1,1,stratified_scaffold_group,stratified_scaffold_group,25,xgb_60_d3,boosting,0.88133608815427,0.88133608815427,0.9039314579010536,0.1484107153237368,0.0,0.4078541398048401,0.8181818181818181,0.8409090909090909,0.8295454545454546,1.0,0.8,0.0652816999936476
tdc_pgp_broccatelli,classification,1,2,stratified_scaffold_group,stratified_scaffold_group,25,xgb_60_d3,boosting,0.9011388801012338,0.9011388801012338,0.929891000922977,0.1279412697377742,0.0,0.428044706583023,0.8165137614678899,0.8413793103448276,0.8289465359063588,1.0,0.8,0.0656930999830365
tdc_pgp_broccatelli,classification,1,3,stratified_scaffold_group,stratified_scaffold_group,25,xgb_60_d3,boosting,0.8874414519906323,0.8874414519906323,0.9224807404147988,0.1318041742990774,0.0,0.4382510483264923,0.8360655737704918,0.8214285714285714,0.8287470725995316,1.0,0.8,0.0582018000422976
tdc_pgp_broccatelli,classification,1,1,stratified_scaffold_group,stratified_scaffold_group,26,xgb_80_d5,boosting,0.8899449035812672,0.8899449035812672,0.9138109604894324,0.1385976581257212,0.0,0.3838489055633545,0.8,0.8484848484848485,0.8242424242424242,1.0,0.8,0.0870552000124007
tdc_pgp_broccatelli,classification,1,2,stratified_scaffold_group,stratified_scaffold_group,26,xgb_80_d5,boosting,0.9138880101233788,0.9138880101233788,0.941685292196838,0.1216700120630144,0.0,0.4394364356994629,0.8165137614678899,0.8413793103448276,0.8289465359063588,1.0,0.8,0.0906994999968446
tdc_pgp_broccatelli,classification,1,3,stratified_scaffold_group,stratified_scaffold_group,26,xgb_80_d5,boosting,0.90807962529274,0.90807962529274,0.9371347822751406,0.1191318380096603,0.0,0.3953325748443603,0.8114754098360656,0.8571428571428571,0.8343091334894613,1.0,0.8,0.0865710999933071
tdc_pgp_broccatelli,classification,1,1,stratified_scaffold_group,stratified_scaffold_group,27,xgb_100_d3,boosting,0.8945592286501378,0.8945592286501378,0.919229779588154,0.1360496418205451,0.0,0.3943863213062286,0.8,0.8712121212121212,0.8356060606060607,1.0,0.8,0.0887016999768093
tdc_pgp_broccatelli,classification,1,2,stratified_scaffold_group,stratified_scaffold_group,27,xgb_100_d3,boosting,0.9041442581461564,0.9041442581461564,0.9330749057661328,0.1256944125883697,0.0,0.4407536089420318,0.8165137614678899,0.8413793103448276,0.8289465359063588,1.0,0.8,0.0838535000220872
tdc_pgp_broccatelli,classification,1,3,stratified_scaffold_group,stratified_scaffold_group,27,xgb_100_d3,boosting,0.8931010928961749,0.8931010928961749,0.927763862491642,0.1285799514251546,0.0,0.398193359375,0.819672131147541,0.8333333333333334,0.8265027322404372,1.0,0.8,0.0827677999623119
tdc_pgp_broccatelli,classification,1,1,stratified_scaffold_group,stratified_scaffold_group,28,xgb_60_d6,boosting,0.9051652892561984,0.9051652892561984,0.9261017245631284,0.1271154352037568,0.0,0.3745287954807281,0.8,0.8636363636363636,0.8318181818181818,1.0,0.8,0.0835155999520793
tdc_pgp_broccatelli,classification,1,2,stratified_scaffold_group,stratified_scaffold_group,28,xgb_60_d6,boosting,0.907054729515976,0.907054729515976,0.9372974461858056,0.1247761437646181,0.0,0.3742215931415558,0.8073394495412844,0.8413793103448276,0.824359379943056,1.0,0.8,0.0908972999895922
tdc_pgp_broccatelli,classification,1,3,stratified_scaffold_group,stratified_scaffold_group,28,xgb_60_d6,boosting,0.9097872755659642,0.9097872755659642,0.9392733065656348,0.1180210654380692,0.0,0.3557713627815246,0.8114754098360656,0.8690476190476191,0.8402615144418424,1.0,0.8,0.0851221999619156
tdc_pgp_broccatelli,classification,1,1,stratified_scaffold_group,stratified_scaffold_group,29,cat_60_d4,boosting,0.8725206611570249,0.8725206611570249,0.9012578766638988,0.1501422641010834,0.0,0.4384109539832248,0.8,0.7651515151515151,0.7825757575757576,1.0,0.8,0.2652483999845572
tdc_pgp_broccatelli,classification,1,2,stratified_scaffold_group,stratified_scaffold_group,29,cat_60_d4,boosting,0.9026890224612464,0.9026890224612464,0.9336049595067824,0.1277044121382608,0.0,0.4628142215064137,0.8256880733944953,0.8482758620689655,0.8369819677317305,1.0,0.8,0.2227562999469228
tdc_pgp_broccatelli,classification,1,3,stratified_scaffold_group,stratified_scaffold_group,29,cat_60_d4,boosting,0.8924668227946917,0.8924668227946917,0.927366385176844,0.1320048392718112,0.0,0.4760883504846736,0.8278688524590164,0.8095238095238095,0.818696330991413,1.0,0.8,0.2616626999806613
tdc_pgp_broccatelli,classification,1,1,stratified_scaffold_group,stratified_scaffold_group,30,cat_80_d6,boosting,0.8960743801652893,0.8960743801652893,0.9176963164782777,0.1402215877074895,0.0,0.399875820869838,0.8,0.8257575757575758,0.812878787878788,1.0,0.8,0.6969996999832802
tdc_pgp_broccatelli,classification,1,2,stratified_scaffold_group,stratified_scaffold_group,30,cat_80_d6,boosting,0.9165453970262576,0.9165453970262576,0.9457953589163528,0.1181198934693494,0.0,0.4597962222154695,0.8532110091743119,0.8758620689655172,0.8645365390699146,1.0,0.8,0.7075272999936715
tdc_pgp_broccatelli,classification,1,3,stratified_scaffold_group,stratified_scaffold_group,30,cat_80_d6,boosting,0.9059816549570648,0.9059816549570648,0.9394405921813662,0.1228736172415069,0.0,0.4183116282124987,0.819672131147541,0.8571428571428571,0.8384074941451991,1.0,0.8,0.6508925000089221
tdc_pgp_broccatelli,classification,1,1,stratified_scaffold_group,stratified_scaffold_group,31,cat_100_d4,boosting,0.8767217630853995,0.8767217630853995,0.9031685829511272,0.1499227677931992,0.0,0.4353884960634859,0.8,0.7575757575757576,0.7787878787878788,1.0,0.8,0.4258373000193387
tdc_pgp_broccatelli,classification,1,2,stratified_scaffold_group,stratified_scaffold_group,31,cat_100_d4,boosting,0.915469788041759,0.915469788041759,0.9429719034557604,0.1221736151531428,0.0,0.4196936579963706,0.8073394495412844,0.8827586206896552,0.8450490351154698,1.0,0.8,0.3723848999943584
tdc_pgp_broccatelli,classification,1,3,stratified_scaffold_group,stratified_scaffold_group,31,cat_100_d4,boosting,0.8986143637782981,0.8986143637782981,0.9341165424543896,0.1259253743086411,0.0,0.4351637663252427,0.8278688524590164,0.8392857142857143,0.8335772833723654,1.0,0.8,0.2522402000031434
tdc_pgp_broccatelli,classification,1,1,stratified_scaffold_group,stratified_scaffold_group,32,cat_60_d8,boosting,0.884641873278237,0.884641873278237,0.9068075109917322,0.1513423379394584,0.0,0.3540393169188404,0.8,0.8409090909090909,0.8204545454545455,1.0,0.8,1.1336627999553457
tdc_pgp_broccatelli,classification,1,2,stratified_scaffold_group,stratified_scaffold_group,32,cat_60_d8,boosting,0.91426763682379,0.91426763682379,0.9423740490171552,0.1236697414427343,0.0,0.4069981319909813,0.8165137614678899,0.8413793103448276,0.8289465359063588,1.0,0.8,1.0989241000497714
tdc_pgp_broccatelli,classification,1,3,stratified_scaffold_group,stratified_scaffold_group,32,cat_60_d8,boosting,0.9044691647150664,0.9044691647150664,0.936678985810486,0.1259930564112992,0.0,0.421817420912198,0.819672131147541,0.8333333333333334,0.8265027322404372,1.0,0.8,0.8975365999503992
tdc_pgp_broccatelli,classification,2,1,stratified_scaffold_group,stratified_scaffold_group,1,logreg_l2_c0.1,linear,0.9086482275029216,0.9086482275029216,0.9451668477550134,0.1230581066088486,1.0,0.5773537330193365,0.8013245033112583,0.892156862745098,0.8467406830281781,1.0,0.8,0.0030451000202447
tdc_pgp_broccatelli,classification,2,2,stratified_scaffold_group,stratified_scaffold_group,1,logreg_l2_c0.1,linear,0.8224924012158055,0.8224924012158055,0.8462556262782406,0.1674676790544602,0.0,0.5389168987233491,0.8571428571428572,0.6702127659574468,0.763677811550152,1.0,0.8,0.0049934000126086
tdc_pgp_broccatelli,classification,2,3,stratified_scaffold_group,stratified_scaffold_group,1,logreg_l2_c0.1,linear,0.8476800554016621,0.8476800554016621,0.8728953229722021,0.1433522823434133,0.0,0.4174420743297143,0.8,0.7631578947368421,0.7815789473684212,1.0,0.8,0.0028762000147253
tdc_pgp_broccatelli,classification,2,1,stratified_scaffold_group,stratified_scaffold_group,2,logreg_l2_c1,linear,0.8890403843656668,0.8890403843656668,0.9252034915698206,0.1307070280064736,1.0,0.661867952901345,0.8145695364238411,0.8725490196078431,0.8435592780158421,1.0,0.8,0.0040315000223927
tdc_pgp_broccatelli,classification,2,2,stratified_scaffold_group,stratified_scaffold_group,2,logreg_l2_c1,linear,0.8387031408308004,0.8387031408308004,0.8580470069797204,0.1729929007854662,0.0,0.4867963265684563,0.8,0.7127659574468085,0.7563829787234042,1.0,0.8,0.004181399999652
tdc_pgp_broccatelli,classification,2,3,stratified_scaffold_group,stratified_scaffold_group,2,logreg_l2_c1,linear,0.843421052631579,0.843421052631579,0.872329824984055,0.1481107779681849,0.0,0.4200877338710119,0.8105263157894737,0.756578947368421,0.7835526315789474,1.0,0.8,0.003352400031872
tdc_pgp_broccatelli,classification,2,1,stratified_scaffold_group,stratified_scaffold_group,3,logreg_l2_c10,linear,0.8752759381898455,0.8752759381898455,0.9069964383444192,0.1492148675572312,1.0,0.7235150874805382,0.8211920529801324,0.8235294117647058,0.8223607323724191,1.0,0.8,0.0054099999833852
tdc_pgp_broccatelli,classification,2,2,stratified_scaffold_group,stratified_scaffold_group,3,logreg_l2_c10,linear,0.8422492401215806,0.8422492401215806,0.8528394429939414,0.1954729356976879,0.0,0.7055362224569944,0.8,0.7340425531914894,0.7670212765957447,1.0,0.8,0.0050035000313073
tdc_pgp_broccatelli,classification,2,3,stratified_scaffold_group,stratified_scaffold_group,3,logreg_l2_c10,linear,0.8365304709141274,0.8365304709141274,0.86517295655618,0.1668306824020434,0.0,0.4372898225148385,0.8105263157894737,0.7631578947368421,0.7868421052631579,1.0,0.8,0.0052541000186465
tdc_pgp_broccatelli,classification,2,1,stratified_scaffold_group,stratified_scaffold_group,4,logreg_l1_c1,linear,0.8784573432021815,0.8784573432021815,0.9026577045052402,0.1366416929039828,1.0,0.6930756225873761,0.8079470198675497,0.8725490196078431,0.8402480197376965,1.0,0.8,0.011161699949298
tdc_pgp_broccatelli,classification,2,2,stratified_scaffold_group,stratified_scaffold_group,4,logreg_l1_c1,linear,0.8221884498480243,0.8221884498480243,0.8429622833244579,0.179202666873647,0.0,0.5008932659614902,0.8,0.723404255319149,0.7617021276595746,1.0,0.8,0.0102100999793037
tdc_pgp_broccatelli,classification,2,3,stratified_scaffold_group,stratified_scaffold_group,4,logreg_l1_c1,linear,0.8492901662049862,0.8492901662049862,0.8575980073749504,0.1532373141403799,0.0,0.3660524759258292,0.8,0.7631578947368421,0.7815789473684212,1.0,0.8,0.005584499973338
tdc_pgp_broccatelli,classification,2,1,stratified_scaffold_group,stratified_scaffold_group,5,rf_60_sqrt,bagging,0.9091676405661602,0.9091676405661602,0.93938278410311,0.1395959595959596,1.0,0.4333333333333333,0.8079470198675497,0.7843137254901961,0.7961303726788729,1.0,0.8,0.1342324999859556
tdc_pgp_broccatelli,classification,2,2,stratified_scaffold_group,stratified_scaffold_group,5,rf_60_sqrt,bagging,0.8559777102330294,0.8559777102330294,0.847352540338774,0.1578782802903405,0.0,0.4,0.8,0.7978723404255319,0.798936170212766,1.0,0.8,0.13952289998997
tdc_pgp_broccatelli,classification,2,3,stratified_scaffold_group,stratified_scaffold_group,5,rf_60_sqrt,bagging,0.8835180055401662,0.8835180055401662,0.8958170267428649,0.1296767381416504,0.0,0.4166666666666667,0.8210526315789474,0.7828947368421053,0.8019736842105263,1.0,0.8,0.1097595000173896
tdc_pgp_broccatelli,classification,2,1,stratified_scaffold_group,stratified_scaffold_group,6,rf_90_d12,bagging,0.9196857550967408,0.9196857550967408,0.952115187435178,0.1330434326976504,1.0,0.4215775388138237,0.8609271523178808,0.9117647058823528,0.8863459291001168,1.0,0.8,0.1884335000067949
tdc_pgp_broccatelli,classification,2,2,stratified_scaffold_group,stratified_scaffold_group,6,rf_90_d12,bagging,0.8469098277608916,0.8469098277608916,0.8407416428581315,0.1606559820563391,0.0,0.4003291855340272,0.8095238095238095,0.7446808510638298,0.7771023302938196,1.0,0.8,0.1638354999595321
tdc_pgp_broccatelli,classification,2,3,stratified_scaffold_group,stratified_scaffold_group,6,rf_90_d12,bagging,0.8964681440443213,0.8964681440443213,0.9057997881505888,0.1295755157727947,0.0,0.3802506248466535,0.8105263157894737,0.8157894736842105,0.8131578947368421,1.0,0.8,0.1393122999579645
tdc_pgp_broccatelli,classification,2,1,stratified_scaffold_group,stratified_scaffold_group,7,rf_90_leaf2,bagging,0.91994546162836,0.91994546162836,0.9516094105786188,0.1333579244305595,1.0,0.4355915480385008,0.8543046357615894,0.8823529411764706,0.86832878846903,1.0,0.8,0.1690680999890901
tdc_pgp_broccatelli,classification,2,2,stratified_scaffold_group,stratified_scaffold_group,7,rf_90_leaf2,bagging,0.8560283687943263,0.8560283687943263,0.8544350658650075,0.1598643749683621,0.0,0.3965325694358901,0.8095238095238095,0.7872340425531915,0.7983789260385006,1.0,0.8,0.1766079000080935
tdc_pgp_broccatelli,classification,2,3,stratified_scaffold_group,stratified_scaffold_group,7,rf_90_leaf2,bagging,0.8882271468144044,0.8882271468144044,0.8985626190893288,0.1313723688039331,0.0,0.356092662499161,0.8,0.8092105263157895,0.8046052631578948,1.0,0.8,0.1417211000225506
tdc_pgp_broccatelli,classification,2,1,stratified_scaffold_group,stratified_scaffold_group,8,rf_120_d20_leaf2,bagging,0.92169848071679,0.92169848071679,0.9506889776145536,0.132994578566072,1.0,0.4500793472891357,0.8211920529801324,0.8725490196078431,0.8468705362939878,1.0,0.8,0.2070045000291429
tdc_pgp_broccatelli,classification,2,2,stratified_scaffold_group,stratified_scaffold_group,8,rf_120_d20_leaf2,bagging,0.8501519756838906,0.8501519756838906,0.8480271499822859,0.1621456841505401,0.0,0.4032051157062443,0.819047619047619,0.7872340425531915,0.8031408308004053,1.0,0.8,0.2051279000006616
tdc_pgp_broccatelli,classification,2,3,stratified_scaffold_group,stratified_scaffold_group,8,rf_120_d20_leaf2,bagging,0.888123268698061,0.888123268698061,0.8990284172224295,0.1309978379946134,0.0,0.3459507956471019,0.8,0.8289473684210527,0.8144736842105263,1.0,0.8,0.1746727999998256
tdc_pgp_broccatelli,classification,2,1,stratified_scaffold_group,stratified_scaffold_group,9,et_60_sqrt,bagging,0.9146539410466172,0.9146539410466172,0.9442921823378392,0.1272859025032938,1.0,0.4333333333333333,0.8543046357615894,0.8333333333333334,0.8438189845474614,1.0,0.8,0.064729600038845
tdc_pgp_broccatelli,classification,2,2,stratified_scaffold_group,stratified_scaffold_group,9,et_60_sqrt,bagging,0.8299392097264437,0.8299392097264437,0.811335727766594,0.1645742601898381,0.0,0.4,0.8095238095238095,0.7659574468085106,0.7877406281661601,1.0,0.8,0.0662385000032372
tdc_pgp_broccatelli,classification,2,3,stratified_scaffold_group,stratified_scaffold_group,9,et_60_sqrt,bagging,0.8928843490304709,0.8928843490304709,0.901068602370552,0.1262045159194282,0.0,0.4,0.8052631578947369,0.8026315789473685,0.8039473684210527,1.0,0.8,0.0635325000039301
tdc_pgp_broccatelli,classification,2,1,stratified_scaffold_group,stratified_scaffold_group,10,et_90_d12,bagging,0.918517075704454,0.918517075704454,0.95187670455657,0.1296307293870999,1.0,0.4841415234191048,0.8211920529801324,0.9019607843137256,0.861576418646929,1.0,0.8,0.10344229999464
tdc_pgp_broccatelli,classification,2,2,stratified_scaffold_group,stratified_scaffold_group,10,et_90_d12,bagging,0.8389057750759877,0.8389057750759877,0.8432956512391991,0.1638635196924734,0.0,0.3875169181295335,0.8095238095238095,0.7340425531914894,0.7717831813576495,1.0,0.8,0.0894421999691985
tdc_pgp_broccatelli,classification,2,3,stratified_scaffold_group,stratified_scaffold_group,10,et_90_d12,bagging,0.8765581717451523,0.8765581717451523,0.8897063067293558,0.1349293324084998,0.0,0.3469093506827148,0.8052631578947369,0.7960526315789473,0.8006578947368421,1.0,0.8,0.0861315000220201
tdc_pgp_broccatelli,classification,2,1,stratified_scaffold_group,stratified_scaffold_group,11,et_90_leaf2,bagging,0.927412024412414,0.927412024412414,0.9553177712791456,0.1275203002439552,1.0,0.4727107787397971,0.8013245033112583,0.9215686274509804,0.8614465653811194,1.0,0.8,0.0920108999707736
tdc_pgp_broccatelli,classification,2,2,stratified_scaffold_group,stratified_scaffold_group,11,et_90_leaf2,bagging,0.8529888551165147,0.8529888551165147,0.8501021977639385,0.1584981943654835,0.0,0.3731987377296113,0.8285714285714285,0.7872340425531915,0.8079027355623101,1.0,0.8,0.0896288999938406
tdc_pgp_broccatelli,classification,2,3,stratified_scaffold_group,stratified_scaffold_group,11,et_90_leaf2,bagging,0.8829293628808863,0.8829293628808863,0.89403720628322,0.1333554882266146,0.0,0.342837582357084,0.8157894736842105,0.7960526315789473,0.805921052631579,1.0,0.8,0.0939439000212587
tdc_pgp_broccatelli,classification,2,1,stratified_scaffold_group,stratified_scaffold_group,12,et_120_d20_leaf2,bagging,0.9257239319568886,0.9257239319568886,0.954532492406554,0.1270807742898663,1.0,0.4592230357583417,0.8278145695364238,0.9019607843137256,0.8648876769250746,1.0,0.8,0.1233055999618955
tdc_pgp_broccatelli,classification,2,2,stratified_scaffold_group,stratified_scaffold_group,12,et_120_d20_leaf2,bagging,0.8392097264437689,0.8392097264437689,0.8179304536399645,0.1621816974856161,0.0,0.3755586083514651,0.819047619047619,0.7553191489361702,0.7871833839918947,1.0,0.8,0.1184638999984599
tdc_pgp_broccatelli,classification,2,3,stratified_scaffold_group,stratified_scaffold_group,12,et_120_d20_leaf2,bagging,0.8915858725761772,0.8915858725761772,0.9019826581748022,0.1286222941842365,0.0,0.3308050313810587,0.8052631578947369,0.8223684210526315,0.8138157894736842,1.0,0.8,0.1197596999700181
tdc_pgp_broccatelli,classification,2,1,stratified_scaffold_group,stratified_scaffold_group,13,histgb_lr0.05,boosting,0.9219581872484092,0.9219581872484092,0.9515745061166994,0.1165717509134984,1.0,0.4865079352895851,0.8079470198675497,0.9019607843137256,0.8549539020906376,1.0,0.8,0.9427537000156008
tdc_pgp_broccatelli,classification,2,2,stratified_scaffold_group,stratified_scaffold_group,13,histgb_lr0.05,boosting,0.8323201621073961,0.8323201621073961,0.8432475465833281,0.1675455864638795,0.0,0.4603336412508707,0.8,0.7340425531914894,0.7670212765957447,1.0,0.8,1.0635683000436984
tdc_pgp_broccatelli,classification,2,3,stratified_scaffold_group,stratified_scaffold_group,13,histgb_lr0.05,boosting,0.8611842105263158,0.8611842105263158,0.8735585089656928,0.1460785728870769,0.0,0.2907828080347053,0.8,0.8092105263157895,0.8046052631578948,1.0,0.8,0.972661399981007
tdc_pgp_broccatelli,classification,2,1,stratified_scaffold_group,stratified_scaffold_group,14,histgb_lr0.1,boosting,0.9144916244643552,0.9144916244643552,0.948693364064285,0.1197179012018882,1.0,0.5429270684748478,0.8013245033112583,0.892156862745098,0.8467406830281781,1.0,0.8,0.8865653999964707
tdc_pgp_broccatelli,classification,2,2,stratified_scaffold_group,stratified_scaffold_group,14,histgb_lr0.1,boosting,0.8377912867274571,0.8377912867274571,0.8559669620555912,0.1686431108460205,0.0,0.5458754284902239,0.8476190476190476,0.7340425531914894,0.7908308004052684,1.0,0.8,0.8655044999904931
tdc_pgp_broccatelli,classification,2,3,stratified_scaffold_group,stratified_scaffold_group,14,histgb_lr0.1,boosting,0.8671398891966758,0.8671398891966758,0.8800246772319535,0.1410101134297224,0.0,0.2696810817267902,0.8210526315789474,0.8157894736842105,0.8184210526315789,1.0,0.8,0.8293212999706157
tdc_pgp_broccatelli,classification,2,1,stratified_scaffold_group,stratified_scaffold_group,15,gb_lr0.05_d2,boosting,0.8941695883651474,0.8941695883651474,0.9281839026434128,0.1407388862754888,1.0,0.4333543835474053,0.8145695364238411,0.8431372549019608,0.828853395662901,1.0,0.8,0.2884243999724276
tdc_pgp_broccatelli,classification,2,2,stratified_scaffold_group,stratified_scaffold_group,15,gb_lr0.05_d2,boosting,0.8107902735562311,0.8107902735562311,0.8338887462325495,0.1716261826285642,0.0,0.4359300356845494,0.8,0.6914893617021277,0.7457446808510639,1.0,0.8,0.3054346999851987
tdc_pgp_broccatelli,classification,2,3,stratified_scaffold_group,stratified_scaffold_group,15,gb_lr0.05_d2,boosting,0.8578427977839336,0.8578427977839336,0.8679501618728227,0.1514933658284238,0.0,0.4528697534442821,0.8105263157894737,0.7894736842105263,0.8,1.0,0.8,0.2840956999571062
tdc_pgp_broccatelli,classification,2,1,stratified_scaffold_group,stratified_scaffold_group,16,gb_lr0.1_d3,boosting,0.8802103622906117,0.8802103622906117,0.9056783478292012,0.1391576314739168,1.0,0.4924476833653496,0.8013245033112583,0.7941176470588236,0.797721075185041,1.0,0.8,0.4186132000177167
tdc_pgp_broccatelli,classification,2,2,stratified_scaffold_group,stratified_scaffold_group,16,gb_lr0.1_d3,boosting,0.8220364741641338,0.8220364741641338,0.8410323747368049,0.1759821095306183,0.0,0.4674036494995329,0.8,0.6702127659574468,0.7351063829787234,1.0,0.8,0.4645763000007719
tdc_pgp_broccatelli,classification,2,3,stratified_scaffold_group,stratified_scaffold_group,16,gb_lr0.1_d3,boosting,0.8624134349030472,0.8624134349030472,0.8729083513416093,0.1436921206198027,0.0,0.4543790426214888,0.8421052631578947,0.7828947368421053,0.8125,1.0,0.8,0.3284033000236377
tdc_pgp_broccatelli,classification,2,1,stratified_scaffold_group,stratified_scaffold_group,17,lgbm_60_l15,boosting,0.9165692767173096,0.9165692767173096,0.9475389043296608,0.1246095095337011,1.0,0.4328164012682541,0.8145695364238411,0.8627450980392157,0.8386573172315284,1.0,0.8,0.0408074000151827
tdc_pgp_broccatelli,classification,2,2,stratified_scaffold_group,stratified_scaffold_group,17,lgbm_60_l15,boosting,0.8223910840932118,0.8223910840932118,0.8403333007812489,0.1711608594203827,0.0,0.4212900633760503,0.8,0.7659574468085106,0.7829787234042553,1.0,0.8,0.0550074999919161
tdc_pgp_broccatelli,classification,2,3,stratified_scaffold_group,stratified_scaffold_group,17,lgbm_60_l15,boosting,0.8642313019390581,0.8642313019390581,0.8777091557398673,0.1394952043960308,0.0,0.355622327718464,0.8052631578947369,0.8223684210526315,0.8138157894736842,1.0,0.8,0.0396424999926239
tdc_pgp_broccatelli,classification,2,1,stratified_scaffold_group,stratified_scaffold_group,18,lgbm_90_l31,boosting,0.9151408907934034,0.9151408907934034,0.9475996267417206,0.1223603549479323,1.0,0.4955380354969558,0.8013245033112583,0.8823529411764706,0.8418387222438644,1.0,0.8,0.0523652000119909
tdc_pgp_broccatelli,classification,2,2,stratified_scaffold_group,stratified_scaffold_group,18,lgbm_90_l31,boosting,0.8251266464032422,0.8251266464032422,0.8440308453946372,0.1732471069651742,0.0,0.5128917873490608,0.8285714285714285,0.723404255319149,0.7759878419452888,1.0,0.8,0.0688207999919541
tdc_pgp_broccatelli,classification,2,3,stratified_scaffold_group,stratified_scaffold_group,18,lgbm_90_l31,boosting,0.8674861495844876,0.8674861495844876,0.8810375116315472,0.1387713489219257,0.0,0.3256099593765966,0.8105263157894737,0.8157894736842105,0.8131578947368421,1.0,0.8,0.0667478999821469
tdc_pgp_broccatelli,classification,2,1,stratified_scaffold_group,stratified_scaffold_group,19,lgbm_60_l63,boosting,0.9166991299831192,0.9166991299831192,0.949006637561412,0.1177729522579491,1.0,0.5153546494123062,0.8145695364238411,0.892156862745098,0.8533631995844695,1.0,0.8,0.0424754999694414
tdc_pgp_broccatelli,classification,2,2,stratified_scaffold_group,stratified_scaffold_group,19,lgbm_60_l63,boosting,0.8211752786220872,0.8211752786220872,0.8324680687474504,0.1733221106994519,0.0,0.4764958219293144,0.8380952380952381,0.723404255319149,0.7807497467071935,1.0,0.8,0.0465966000338085
tdc_pgp_broccatelli,classification,2,3,stratified_scaffold_group,stratified_scaffold_group,19,lgbm_60_l63,boosting,0.8664127423822715,0.8664127423822715,0.8799694937779122,0.1415076504600603,0.0,0.3245017827108852,0.8,0.7960526315789473,0.7980263157894737,1.0,0.8,0.0381966999848373
tdc_pgp_broccatelli,classification,2,1,stratified_scaffold_group,stratified_scaffold_group,20,lgbm_100_leaf10,boosting,0.8721594598104142,0.8721594598104142,0.9177888412313364,0.1555252495040525,1.0,0.3812990950173894,0.8211920529801324,0.7450980392156863,0.7831450460979094,1.0,0.8,0.0987378999707289
tdc_pgp_broccatelli,classification,2,2,stratified_scaffold_group,stratified_scaffold_group,20,lgbm_100_leaf10,boosting,0.8382978723404254,0.8382978723404254,0.8418737134911414,0.1727553056811499,0.0,0.3131566552589315,0.8,0.776595744680851,0.7882978723404255,1.0,0.8,0.0997585000004619
tdc_pgp_broccatelli,classification,2,3,stratified_scaffold_group,stratified_scaffold_group,20,lgbm_100_leaf10,boosting,0.8620844875346261,0.8620844875346261,0.8732393351955572,0.1459718561582478,0.0,0.2289642711202235,0.8,0.8026315789473685,0.8013157894736842,1.0,0.8,0.0944051999831572
tdc_pgp_broccatelli,classification,2,1,stratified_scaffold_group,stratified_scaffold_group,21,lgbm_100_leaf30,boosting,0.9150110375275938,0.9150110375275938,0.946653117654065,0.1228321552364393,1.0,0.4758715868470519,0.8079470198675497,0.8823529411764706,0.8451499805220102,1.0,0.8,0.051456400018651
tdc_pgp_broccatelli,classification,2,2,stratified_scaffold_group,stratified_scaffold_group,21,lgbm_100_leaf30,boosting,0.8316109422492401,0.8316109422492401,0.832354698197447,0.1669671542350085,0.0,0.502522361628896,0.8095238095238095,0.7021276595744681,0.7558257345491388,1.0,0.8,0.0543798999860882
tdc_pgp_broccatelli,classification,2,3,stratified_scaffold_group,stratified_scaffold_group,21,lgbm_100_leaf30,boosting,0.8677631578947368,0.8677631578947368,0.8796688232946823,0.1386322326389002,0.0,0.3404406002265864,0.8052631578947369,0.8157894736842105,0.8105263157894738,1.0,0.8,0.0404443999868817
tdc_pgp_broccatelli,classification,2,1,stratified_scaffold_group,stratified_scaffold_group,22,lgbm_80_ff0.7,boosting,0.9183872224386443,0.9183872224386443,0.949010831962818,0.117303668901664,1.0,0.5509280246048239,0.8013245033112583,0.9019607843137256,0.8516426438124919,1.0,0.8,0.0496642999933101
tdc_pgp_broccatelli,classification,2,2,stratified_scaffold_group,stratified_scaffold_group,22,lgbm_80_ff0.7,boosting,0.8356636271529889,0.8356636271529889,0.8478567848512757,0.1669451058553792,0.0,0.4717442187467421,0.819047619047619,0.7553191489361702,0.7871833839918947,1.0,0.8,0.0535430000163614
tdc_pgp_broccatelli,classification,2,3,stratified_scaffold_group,stratified_scaffold_group,22,lgbm_80_ff0.7,boosting,0.8705678670360111,0.8705678670360111,0.8791284084604628,0.1386457551144401,0.0,0.2905326655437253,0.8,0.8026315789473685,0.8013157894736842,1.0,0.8,0.0554944000323303
tdc_pgp_broccatelli,classification,2,1,stratified_scaffold_group,stratified_scaffold_group,23,lgbm_80_bag0.8,boosting,0.9183872224386443,0.9183872224386443,0.9488592259142454,0.1208224171611435,1.0,0.5046114805838495,0.8013245033112583,0.8725490196078431,0.8369367614595506,1.0,0.8,0.0525047000264748
tdc_pgp_broccatelli,classification,2,2,stratified_scaffold_group,stratified_scaffold_group,23,lgbm_80_bag0.8,boosting,0.8442755825734548,0.8442755825734548,0.8524626395928603,0.1602053278076208,0.0,0.4035357569329758,0.8,0.7659574468085106,0.7829787234042553,1.0,0.8,0.0537647000164724
tdc_pgp_broccatelli,classification,2,3,stratified_scaffold_group,stratified_scaffold_group,23,lgbm_80_bag0.8,boosting,0.875450138504155,0.875450138504155,0.8865970278323254,0.1329830875420367,0.0,0.3026366885434278,0.8052631578947369,0.8157894736842105,0.8105263157894738,1.0,0.8,0.0386723999981768
tdc_pgp_broccatelli,classification,2,1,stratified_scaffold_group,stratified_scaffold_group,24,lgbm_120_l15,boosting,0.9176081028437866,0.9176081028437866,0.949873873443328,0.1179030815749823,1.0,0.5064492361247716,0.8079470198675497,0.892156862745098,0.8500519413063239,1.0,0.8,0.0618452999624423
tdc_pgp_broccatelli,classification,2,2,stratified_scaffold_group,stratified_scaffold_group,24,lgbm_120_l15,boosting,0.8247213779128673,0.8247213779128673,0.8423201308818659,0.1717048406914023,0.0,0.4381136608347522,0.8095238095238095,0.7340425531914894,0.7717831813576495,1.0,0.8,0.0578796999761834
tdc_pgp_broccatelli,classification,2,3,stratified_scaffold_group,stratified_scaffold_group,24,lgbm_120_l15,boosting,0.8661703601108035,0.8661703601108035,0.8807679133595472,0.1406928921502934,0.0,0.3288769638107925,0.8,0.8026315789473685,0.8013157894736842,1.0,0.8,0.0535206999629735
tdc_pgp_broccatelli,classification,2,1,stratified_scaffold_group,stratified_scaffold_group,25,xgb_60_d3,boosting,0.905336969224776,0.905336969224776,0.93710791460842,0.1318559164815584,1.0,0.4546379148960113,0.8013245033112583,0.8823529411764706,0.8418387222438644,1.0,0.8,0.0503403000184334
tdc_pgp_broccatelli,classification,2,2,stratified_scaffold_group,stratified_scaffold_group,25,xgb_60_d3,boosting,0.8263424518743667,0.8263424518743667,0.8450382381289288,0.1669408650335408,0.0,0.433659553527832,0.8285714285714285,0.7127659574468085,0.7706686930091184,1.0,0.8,0.0595573000027798
tdc_pgp_broccatelli,classification,2,3,stratified_scaffold_group,stratified_scaffold_group,25,xgb_60_d3,boosting,0.8651835180055402,0.8651835180055402,0.8778562815101625,0.139189815843407,0.0,0.3833501040935516,0.8,0.8355263157894737,0.8177631578947369,1.0,0.8,0.0543344999896362
tdc_pgp_broccatelli,classification,2,1,stratified_scaffold_group,stratified_scaffold_group,26,xgb_80_d5,boosting,0.912478898844306,0.912478898844306,0.9434869030142284,0.1250293763804974,1.0,0.4648459553718567,0.8013245033112583,0.8333333333333334,0.8173289183222958,1.0,0.8,0.0920077000046148
tdc_pgp_broccatelli,classification,2,2,stratified_scaffold_group,stratified_scaffold_group,26,xgb_80_d5,boosting,0.8232016210739616,0.8232016210739616,0.8377902870605356,0.1686772526764868,0.0,0.4106789827346802,0.8,0.7553191489361702,0.7776595744680852,1.0,0.8,0.0889070000266656
tdc_pgp_broccatelli,classification,2,3,stratified_scaffold_group,stratified_scaffold_group,26,xgb_80_d5,boosting,0.8666551246537396,0.8666551246537396,0.8810870869271511,0.1355182703176229,0.0,0.3188201785087585,0.8,0.8289473684210527,0.8144736842105263,1.0,0.8,0.0852881000027991
tdc_pgp_broccatelli,classification,2,1,stratified_scaffold_group,stratified_scaffold_group,27,xgb_100_d3,boosting,0.9011816647188676,0.9011816647188676,0.9357909539015292,0.1327849547483371,1.0,0.4391005635261535,0.8013245033112583,0.8235294117647058,0.8124269575379821,1.0,0.8,0.0730567999999038
tdc_pgp_broccatelli,classification,2,2,stratified_scaffold_group,stratified_scaffold_group,27,xgb_100_d3,boosting,0.8298885511651469,0.8298885511651469,0.8418267119792093,0.1673702260232971,0.0,0.437395691871643,0.8,0.7553191489361702,0.7776595744680852,1.0,0.8,0.0799869000329636
tdc_pgp_broccatelli,classification,2,3,stratified_scaffold_group,stratified_scaffold_group,27,xgb_100_d3,boosting,0.8728531855955679,0.8728531855955679,0.8870970060216647,0.1331739306623721,0.0,0.3520403206348419,0.8105263157894737,0.8355263157894737,0.8230263157894737,1.0,0.8,0.0650452999980188
tdc_pgp_broccatelli,classification,2,1,stratified_scaffold_group,stratified_scaffold_group,28,xgb_60_d6,boosting,0.9079340345409688,0.9079340345409688,0.9414043068259994,0.1288102571198133,1.0,0.4163981974124908,0.8079470198675497,0.8627450980392157,0.8353460589533828,1.0,0.8,0.075285899976734
tdc_pgp_broccatelli,classification,2,2,stratified_scaffold_group,stratified_scaffold_group,28,xgb_60_d6,boosting,0.8349544072948328,0.8349544072948328,0.8449275279456744,0.1639079261775268,0.0,0.3798473477363586,0.8095238095238095,0.7340425531914894,0.7717831813576495,1.0,0.8,0.0678449000115506
tdc_pgp_broccatelli,classification,2,3,stratified_scaffold_group,stratified_scaffold_group,28,xgb_60_d6,boosting,0.8711738227146815,0.8711738227146815,0.8837137742153792,0.1339270604368209,0.0,0.291384756565094,0.8052631578947369,0.8223684210526315,0.8138157894736842,1.0,0.8,0.0628695999621413
tdc_pgp_broccatelli,classification,2,1,stratified_scaffold_group,stratified_scaffold_group,29,cat_60_d4,boosting,0.8992987923646281,0.8992987923646281,0.9374391522481242,0.13446618721513,1.0,0.463602718979932,0.8278145695364238,0.8529411764705882,0.8403778730035061,1.0,0.8,0.2366096000187099
tdc_pgp_broccatelli,classification,2,2,stratified_scaffold_group,stratified_scaffold_group,29,cat_60_d4,boosting,0.7993920972644376,0.7993920972644376,0.8285627629561152,0.1750538151302108,0.0,0.4516497139647685,0.8,0.648936170212766,0.7244680851063829,1.0,0.8,0.1972502000280656
tdc_pgp_broccatelli,classification,2,3,stratified_scaffold_group,stratified_scaffold_group,29,cat_60_d4,boosting,0.8608379501385042,0.8608379501385042,0.8792404139519446,0.1413776000974341,0.0,0.4153571995031787,0.8052631578947369,0.8026315789473685,0.8039473684210527,1.0,0.8,0.1965608000173233
tdc_pgp_broccatelli,classification,2,1,stratified_scaffold_group,stratified_scaffold_group,30,cat_80_d6,boosting,0.9011816647188676,0.9011816647188676,0.9369415546018408,0.132070755822679,1.0,0.4589822973118971,0.8013245033112583,0.8333333333333334,0.8173289183222958,1.0,0.8,0.5510696000419557
tdc_pgp_broccatelli,classification,2,2,stratified_scaffold_group,stratified_scaffold_group,30,cat_80_d6,boosting,0.827355623100304,0.827355623100304,0.8473523994458139,0.1658831625819299,0.0,0.3662792899527655,0.8,0.723404255319149,0.7617021276595746,1.0,0.8,0.6180051999981515
tdc_pgp_broccatelli,classification,2,3,stratified_scaffold_group,stratified_scaffold_group,30,cat_80_d6,boosting,0.8598337950138504,0.8598337950138504,0.8790228706532144,0.1392909555315545,0.0,0.417115147190334,0.8052631578947369,0.7960526315789473,0.8006578947368421,1.0,0.8,0.6857106999959797
tdc_pgp_broccatelli,classification,2,1,stratified_scaffold_group,stratified_scaffold_group,31,cat_100_d4,boosting,0.8981301129723412,0.8981301129723412,0.9332253114535406,0.1357885109099707,1.0,0.4714667110763001,0.8211920529801324,0.8333333333333334,0.8272626931567328,1.0,0.8,0.511530399962794
tdc_pgp_broccatelli,classification,2,2,stratified_scaffold_group,stratified_scaffold_group,31,cat_100_d4,boosting,0.8166160081053698,0.8166160081053698,0.8387929831817186,0.1675576183514669,0.0,0.4368183738245239,0.8095238095238095,0.6914893617021277,0.7505065856129687,1.0,0.8,0.3967477999976836
tdc_pgp_broccatelli,classification,2,3,stratified_scaffold_group,stratified_scaffold_group,31,cat_100_d4,boosting,0.8612188365650969,0.8612188365650969,0.8790926971154479,0.1415002872845732,0.0,0.4268967944000256,0.8,0.8026315789473685,0.8013157894736842,1.0,0.8,0.4600370000116527
tdc_pgp_broccatelli,classification,2,1,stratified_scaffold_group,stratified_scaffold_group,32,cat_60_d8,boosting,0.9122191923126868,0.9122191923126868,0.9424857482815672,0.1255901301122996,1.0,0.4972898467851145,0.8211920529801324,0.9019607843137256,0.861576418646929,1.0,0.8,1.4001054999534972
tdc_pgp_broccatelli,classification,2,2,stratified_scaffold_group,stratified_scaffold_group,32,cat_60_d8,boosting,0.8078014184397163,0.8078014184397163,0.8344637535051425,0.1719497965517378,0.0,0.3880093800943534,0.8,0.7021276595744681,0.7510638297872341,1.0,0.8,1.1533344000345096
tdc_pgp_broccatelli,classification,2,3,stratified_scaffold_group,stratified_scaffold_group,32,cat_60_d8,boosting,0.8839681440443212,0.8839681440443212,0.8955797816841645,0.1268896593969469,0.0,0.3806677607500403,0.8,0.8157894736842105,0.8078947368421052,1.0,0.8,0.8865532000199892
tdc_pgp_broccatelli,classification,3,1,stratified_scaffold_group,stratified_scaffold_group,1,logreg_l2_c0.1,linear,0.8149011769931157,0.8149011769931157,0.8490439994860527,0.1790398964607787,0.0,0.4528207175830893,0.8037974683544304,0.6432748538011696,0.7235361610777999,1.0,0.8,0.0034854999976232
tdc_pgp_broccatelli,classification,3,2,stratified_scaffold_group,stratified_scaffold_group,1,logreg_l2_c0.1,linear,0.8963308095515434,0.8963308095515434,0.9288835284195076,0.1426347480408238,0.0,0.4197203286120091,0.8217821782178218,0.8496732026143791,0.8357276904161004,1.0,0.8,0.0035766999935731
tdc_pgp_broccatelli,classification,3,3,stratified_scaffold_group,stratified_scaffold_group,1,logreg_l2_c0.1,linear,0.8974976503759399,0.8974976503759399,0.91330561775843,0.135602235809039,0.0,0.5082992953714295,0.8120300751879699,0.8671875,0.8396087875939849,1.0,0.8,0.0034592000301927
tdc_pgp_broccatelli,classification,3,1,stratified_scaffold_group,stratified_scaffold_group,2,logreg_l2_c1,linear,0.8344066918350729,0.8344066918350729,0.865069959332889,0.1855853777671858,0.0,0.4902834311041285,0.8037974683544304,0.672514619883041,0.7381560441187357,1.0,0.8,0.0037108999677002
tdc_pgp_broccatelli,classification,3,2,stratified_scaffold_group,stratified_scaffold_group,2,logreg_l2_c1,linear,0.8803468582152333,0.8803468582152333,0.9021329212419182,0.1480876021336232,0.0,0.4293872384429301,0.801980198019802,0.7973856209150327,0.7996829094674174,1.0,0.8,0.0039791999734006
tdc_pgp_broccatelli,classification,3,3,stratified_scaffold_group,stratified_scaffold_group,2,logreg_l2_c1,linear,0.8784656954887219,0.8784656954887219,0.890963498503117,0.153865017381505,0.0,0.5995603687427807,0.8195488721804511,0.796875,0.8082119360902256,1.0,0.8,0.0048030000180006
tdc_pgp_broccatelli,classification,3,1,stratified_scaffold_group,stratified_scaffold_group,3,logreg_l2_c10,linear,0.8364423717521652,0.8364423717521652,0.8654583994422382,0.1977540575929868,0.0,0.5563557702331716,0.8164556962025317,0.7076023391812866,0.7620290176919091,1.0,0.8,0.0069187000044621
tdc_pgp_broccatelli,classification,3,2,stratified_scaffold_group,stratified_scaffold_group,3,logreg_l2_c10,linear,0.864751181000453,0.864751181000453,0.8759816434961569,0.1732488935587721,0.0,0.5294494633142868,0.801980198019802,0.7516339869281046,0.7768070924739533,1.0,0.8,0.0061323000118136
tdc_pgp_broccatelli,classification,3,3,stratified_scaffold_group,stratified_scaffold_group,3,logreg_l2_c10,linear,0.8596099624060151,0.8596099624060151,0.8703363771620147,0.184260264981647,0.0,0.7345819603275034,0.8120300751879699,0.78125,0.7966400375939849,1.0,0.8,0.0062019000179134
tdc_pgp_broccatelli,classification,3,1,stratified_scaffold_group,stratified_scaffold_group,4,logreg_l1_c1,linear,0.864534754608039,0.864534754608039,0.8899792093447825,0.1571546433563894,0.0,0.3983670009420612,0.810126582278481,0.7602339181286549,0.785180250203568,1.0,0.8,0.0056501000071875
tdc_pgp_broccatelli,classification,3,2,stratified_scaffold_group,stratified_scaffold_group,4,logreg_l1_c1,linear,0.8963308095515433,0.8963308095515433,0.924593886151956,0.1310373573025911,0.0,0.2767630882291548,0.801980198019802,0.8888888888888888,0.8454345434543454,1.0,0.8,0.0102377999573946
tdc_pgp_broccatelli,classification,3,3,stratified_scaffold_group,stratified_scaffold_group,4,logreg_l1_c1,linear,0.8812852443609023,0.8812852443609023,0.8744448015084154,0.1535621168871193,0.0,0.6755199732674579,0.8120300751879699,0.8046875,0.8083587875939849,1.0,0.8,0.0089863000321201
tdc_pgp_broccatelli,classification,3,1,stratified_scaffold_group,stratified_scaffold_group,5,rf_60_sqrt,bagging,0.8644052113405878,0.8644052113405878,0.8824587572781529,0.1567004390408645,0.0,0.45,0.810126582278481,0.7543859649122807,0.7822562735953809,1.0,0.8,0.1096853000344708
tdc_pgp_broccatelli,classification,3,2,stratified_scaffold_group,stratified_scaffold_group,5,rf_60_sqrt,bagging,0.9049051964019932,0.9049051964019932,0.9413676317238414,0.1506452318460192,0.0,0.3833333333333333,0.8712871287128713,0.8300653594771242,0.8506762440949978,1.0,0.8,0.1099509999621659
tdc_pgp_broccatelli,classification,3,3,stratified_scaffold_group,stratified_scaffold_group,5,rf_60_sqrt,bagging,0.9017269736842104,0.9017269736842104,0.8998249675965472,0.1319529587058322,0.0,0.5,0.8120300751879699,0.8515625,0.8317962875939849,1.0,0.8,0.1011063000187277
tdc_pgp_broccatelli,classification,3,1,stratified_scaffold_group,stratified_scaffold_group,6,rf_90_d12,bagging,0.8665334221630023,0.8665334221630023,0.8849663035096379,0.1568728230752362,0.0,0.4160511642295047,0.810126582278481,0.7953216374269005,0.8027241098526907,1.0,0.8,0.1518817999749444
tdc_pgp_broccatelli,classification,3,2,stratified_scaffold_group,stratified_scaffold_group,6,rf_90_d12,bagging,0.9052611143467288,0.9052611143467288,0.9409791261261364,0.1573237999276102,0.0,0.3052523016406013,0.8118811881188119,0.8758169934640523,0.8438490907914321,1.0,0.8,0.1573472999734804
tdc_pgp_broccatelli,classification,3,3,stratified_scaffold_group,stratified_scaffold_group,6,rf_90_d12,bagging,0.90531015037594,0.90531015037594,0.9113338373441532,0.1311088288978899,0.0,0.4860506632712565,0.8120300751879699,0.859375,0.8357025375939849,1.0,0.8,0.1724015999934636
tdc_pgp_broccatelli,classification,3,1,stratified_scaffold_group,stratified_scaffold_group,7,rf_90_leaf2,bagging,0.8658671996446814,0.8658671996446814,0.888927152987891,0.15729640578243,0.0,0.4022683648305335,0.810126582278481,0.7602339181286549,0.785180250203568,1.0,0.8,0.1918998999753967
tdc_pgp_broccatelli,classification,3,2,stratified_scaffold_group,stratified_scaffold_group,7,rf_90_leaf2,bagging,0.9135442956060312,0.9135442956060312,0.9477879537392164,0.1571644392915243,0.0,0.3209071973422194,0.8118811881188119,0.8627450980392157,0.8373131430790138,1.0,0.8,0.2088434000033885
tdc_pgp_broccatelli,classification,3,3,stratified_scaffold_group,stratified_scaffold_group,7,rf_90_leaf2,bagging,0.9024906015037594,0.9024906015037594,0.904750741643008,0.1313491384380173,0.0,0.4840953574289333,0.8270676691729324,0.859375,0.8432213345864662,1.0,0.8,0.2051549000316299
tdc_pgp_broccatelli,classification,3,1,stratified_scaffold_group,stratified_scaffold_group,8,rf_120_d20_leaf2,bagging,0.8684210526315789,0.8684210526315789,0.891488508486172,0.1562209103242172,0.0,0.4065420963463866,0.8037974683544304,0.7543859649122807,0.7790917166333555,1.0,0.8,0.2621097000082955
tdc_pgp_broccatelli,classification,3,2,stratified_scaffold_group,stratified_scaffold_group,8,rf_120_d20_leaf2,bagging,0.9166504885782696,0.9166504885782696,0.947919539759963,0.1594812058004427,0.0,0.3008084509494563,0.801980198019802,0.8888888888888888,0.8454345434543454,1.0,0.8,0.2495298999710939
tdc_pgp_broccatelli,classification,3,3,stratified_scaffold_group,stratified_scaffold_group,8,rf_120_d20_leaf2,bagging,0.9048402255639098,0.9048402255639098,0.9088369865615392,0.1313797151813067,0.0,0.467587522280144,0.8045112781954887,0.84375,0.8241306390977443,1.0,0.8,0.2222324999747797
tdc_pgp_broccatelli,classification,3,1,stratified_scaffold_group,stratified_scaffold_group,9,et_60_sqrt,bagging,0.8772299948182694,0.8772299948182694,0.8957625956469499,0.1448649105032083,0.0,0.45,0.810126582278481,0.7777777777777778,0.7939521800281294,1.0,0.8,0.0879603999783285
tdc_pgp_broccatelli,classification,3,2,stratified_scaffold_group,stratified_scaffold_group,9,et_60_sqrt,bagging,0.9109558014624992,0.9109558014624992,0.9445419205458204,0.1491557305336832,0.0,0.3,0.801980198019802,0.8562091503267973,0.8290946741732996,1.0,0.8,0.0768740999628789
tdc_pgp_broccatelli,classification,3,3,stratified_scaffold_group,stratified_scaffold_group,9,et_60_sqrt,bagging,0.9158247180451128,0.9158247180451128,0.9164621221046706,0.1236919965942954,0.0,0.5,0.8120300751879699,0.8515625,0.8317962875939849,1.0,0.8,0.0872554000234231
tdc_pgp_broccatelli,classification,3,1,stratified_scaffold_group,stratified_scaffold_group,10,et_90_d12,bagging,0.871345029239766,0.871345029239766,0.8917876441720523,0.1521596108919873,0.0,0.4012148922772538,0.8037974683544304,0.8070175438596491,0.8054075061070398,1.0,0.8,0.1144999000243842
tdc_pgp_broccatelli,classification,3,2,stratified_scaffold_group,stratified_scaffold_group,10,et_90_d12,bagging,0.91587394033521,0.91587394033521,0.94938356531735,0.150502839819833,0.0,0.297579664383529,0.8217821782178218,0.8627450980392157,0.8422636381285188,1.0,0.8,0.1343201999552548
tdc_pgp_broccatelli,classification,3,3,stratified_scaffold_group,stratified_scaffold_group,10,et_90_d12,bagging,0.8943843984962406,0.8943843984962406,0.9011311886122052,0.1314016487496736,0.0,0.4776501630173285,0.8045112781954887,0.78125,0.7928806390977443,1.0,0.8,0.1050081999856047
tdc_pgp_broccatelli,classification,3,1,stratified_scaffold_group,stratified_scaffold_group,11,et_90_leaf2,bagging,0.8646828040565548,0.8646828040565548,0.8867128272955964,0.1597664622550702,0.0,0.3717569449657426,0.8037974683544304,0.7953216374269005,0.7995595528906655,1.0,0.8,0.1290953000425361
tdc_pgp_broccatelli,classification,3,2,stratified_scaffold_group,stratified_scaffold_group,11,et_90_leaf2,bagging,0.9168446256390343,0.9168446256390343,0.9498873859374546,0.1550872130955016,0.0,0.2780117727240995,0.801980198019802,0.8627450980392157,0.8323626480295089,1.0,0.8,0.1048286000150255
tdc_pgp_broccatelli,classification,3,3,stratified_scaffold_group,stratified_scaffold_group,11,et_90_leaf2,bagging,0.9041940789473684,0.9041940789473684,0.9126129537034472,0.126795063892303,0.0,0.4543822065717929,0.8045112781954887,0.8359375,0.8202243890977443,1.0,0.8,0.1160215000272728
tdc_pgp_broccatelli,classification,3,1,stratified_scaffold_group,stratified_scaffold_group,12,et_120_d20_leaf2,bagging,0.8704567325486713,0.8704567325486713,0.8914863854131856,0.156438894469927,0.0,0.3710766965547825,0.8037974683544304,0.7894736842105263,0.7966355762824784,1.0,0.8,0.1458003000007011
tdc_pgp_broccatelli,classification,3,2,stratified_scaffold_group,stratified_scaffold_group,12,et_120_d20_leaf2,bagging,0.9179447356500356,0.9179447356500356,0.9502139321826808,0.1566994060997451,0.0,0.2955646281177518,0.801980198019802,0.8431372549019608,0.8225587264608814,1.0,0.8,0.1505168000003323
tdc_pgp_broccatelli,classification,3,3,stratified_scaffold_group,stratified_scaffold_group,12,et_120_d20_leaf2,bagging,0.8922109962406015,0.8922109962406015,0.9036929843112588,0.1324132826705411,0.0,0.4741409865307661,0.8270676691729324,0.7890625,0.8080650845864662,1.0,0.8,0.1433844999992288
tdc_pgp_broccatelli,classification,3,1,stratified_scaffold_group,stratified_scaffold_group,13,histgb_lr0.05,boosting,0.8662373232659709,0.8662373232659709,0.88992591019821,0.153763221303755,0.0,0.4039262109690943,0.8037974683544304,0.7719298245614035,0.787863646457917,1.0,0.8,1.421111099945847
tdc_pgp_broccatelli,classification,3,2,stratified_scaffold_group,stratified_scaffold_group,13,histgb_lr0.05,boosting,0.9185918591859188,0.9185918591859188,0.9492547051591445,0.132731990041853,0.0,0.3195918329626701,0.8415841584158416,0.8366013071895425,0.839092732802692,1.0,0.8,1.4172074999660254
tdc_pgp_broccatelli,classification,3,3,stratified_scaffold_group,stratified_scaffold_group,13,histgb_lr0.05,boosting,0.8812265037593985,0.8812265037593985,0.8942063240519901,0.1468637844414671,0.0,0.6102575444191973,0.8195488721804511,0.796875,0.8082119360902256,1.0,0.8,1.4985884999623522
tdc_pgp_broccatelli,classification,3,1,stratified_scaffold_group,stratified_scaffold_group,14,histgb_lr0.1,boosting,0.8573543563550227,0.8573543563550227,0.8792804747325722,0.1700772873569732,0.0,0.3954259143522941,0.810126582278481,0.7485380116959064,0.7793322969871936,1.0,0.8,1.1248388000531122
tdc_pgp_broccatelli,classification,3,2,stratified_scaffold_group,stratified_scaffold_group,14,histgb_lr0.1,boosting,0.9167799132854462,0.9167799132854462,0.948106429499456,0.1370783956295128,0.0,0.1873230650817772,0.801980198019802,0.8627450980392157,0.8323626480295089,1.0,0.8,1.2004690000321716
tdc_pgp_broccatelli,classification,3,3,stratified_scaffold_group,stratified_scaffold_group,14,histgb_lr0.1,boosting,0.8877467105263157,0.8877467105263157,0.8960896234345974,0.152643254975047,0.0,0.6949226100805349,0.8045112781954887,0.8046875,0.8045993890977443,1.0,0.8,1.237267200020142
tdc_pgp_broccatelli,classification,3,1,stratified_scaffold_group,stratified_scaffold_group,15,gb_lr0.05_d2,boosting,0.8654970760233918,0.8654970760233918,0.8911257932786367,0.1517500057994467,0.0,0.5046257101618357,0.8227848101265822,0.7777777777777778,0.80028129395218,1.0,0.8,0.3156919999746606
tdc_pgp_broccatelli,classification,3,2,stratified_scaffold_group,stratified_scaffold_group,15,gb_lr0.05_d2,boosting,0.8997282081149292,0.8997282081149292,0.9332941490505142,0.1451682100969794,0.0,0.4034963508866759,0.8118811881188119,0.8104575163398693,0.8111693522293406,1.0,0.8,0.3704275000491179
tdc_pgp_broccatelli,classification,3,3,stratified_scaffold_group,stratified_scaffold_group,15,gb_lr0.05_d2,boosting,0.8869537124060151,0.8869537124060151,0.88464834883632,0.1448707518810352,0.0,0.5707080754349629,0.8195488721804511,0.84375,0.8316494360902256,1.0,0.8,0.2690421000006608
tdc_pgp_broccatelli,classification,3,1,stratified_scaffold_group,stratified_scaffold_group,16,gb_lr0.1_d3,boosting,0.867643793026871,0.867643793026871,0.8916353724657632,0.1483014347598638,0.0,0.4597932822717584,0.810126582278481,0.783625730994152,0.7968761566363165,1.0,0.8,0.3395310000050813
tdc_pgp_broccatelli,classification,3,2,stratified_scaffold_group,stratified_scaffold_group,16,gb_lr0.1_d3,boosting,0.9115382126447938,0.9115382126447938,0.945360743421835,0.128806808823238,0.0,0.3028985437599378,0.8118811881188119,0.8627450980392157,0.8373131430790138,1.0,0.8,0.3835201999754645
tdc_pgp_broccatelli,classification,3,3,stratified_scaffold_group,stratified_scaffold_group,16,gb_lr0.1_d3,boosting,0.8809034304511277,0.8809034304511277,0.881674667580739,0.1433374750719668,0.0,0.6218558789568466,0.8120300751879699,0.7578125,0.7849212875939849,1.0,0.8,0.4129401000100188
tdc_pgp_broccatelli,classification,3,1,stratified_scaffold_group,stratified_scaffold_group,17,lgbm_60_l15,boosting,0.8696054482197054,0.8696054482197054,0.8932869720879565,0.1493800044921313,0.0,0.4187692795984193,0.8037974683544304,0.7719298245614035,0.787863646457917,1.0,0.8,0.0295959999784827
tdc_pgp_broccatelli,classification,3,2,stratified_scaffold_group,stratified_scaffold_group,17,lgbm_60_l15,boosting,0.9216009836277744,0.9216009836277744,0.9514095911114722,0.1297926195006418,0.0,0.2875586603941467,0.801980198019802,0.8496732026143791,0.8258267003170905,1.0,0.8,0.0334236999624408
tdc_pgp_broccatelli,classification,3,3,stratified_scaffold_group,stratified_scaffold_group,17,lgbm_60_l15,boosting,0.8801691729323309,0.8801691729323309,0.88892622481361,0.1424355982615676,0.0,0.5112063148034152,0.8045112781954887,0.7890625,0.7967868890977443,1.0,0.8,0.0327829999732784
tdc_pgp_broccatelli,classification,3,1,stratified_scaffold_group,stratified_scaffold_group,18,lgbm_90_l31,boosting,0.8610185802057887,0.8610185802057887,0.885261364767753,0.1569803866010229,0.0,0.457392044372482,0.8227848101265822,0.7602339181286549,0.7915093641276185,1.0,0.8,0.044250099977944
tdc_pgp_broccatelli,classification,3,2,stratified_scaffold_group,stratified_scaffold_group,18,lgbm_90_l31,boosting,0.925127806898337,0.925127806898337,0.9537530382755492,0.1314576965115747,0.0,0.2117032468968985,0.8118811881188119,0.869281045751634,0.840581116935223,1.0,0.8,0.053780700021889
tdc_pgp_broccatelli,classification,3,3,stratified_scaffold_group,stratified_scaffold_group,18,lgbm_90_l31,boosting,0.8853970864661654,0.8853970864661654,0.889943319918782,0.1413702041243208,0.0,0.570441141311677,0.8120300751879699,0.8359375,0.8239837875939849,1.0,0.8,0.0574984999839216
tdc_pgp_broccatelli,classification,3,1,stratified_scaffold_group,stratified_scaffold_group,19,lgbm_60_l63,boosting,0.8646457916944259,0.8646457916944259,0.8882113821261055,0.1561412906496218,0.0,0.4166416416373265,0.8037974683544304,0.7719298245614035,0.787863646457917,1.0,0.8,0.0378588999737985
tdc_pgp_broccatelli,classification,3,2,stratified_scaffold_group,stratified_scaffold_group,19,lgbm_60_l63,boosting,0.9248689574839836,0.9248689574839836,0.953254283640158,0.130215031345172,0.0,0.2557711764559119,0.8217821782178218,0.8496732026143791,0.8357276904161004,1.0,0.8,0.0554394000209867
tdc_pgp_broccatelli,classification,3,3,stratified_scaffold_group,stratified_scaffold_group,19,lgbm_60_l63,boosting,0.8925046992481204,0.8925046992481204,0.9024166618740064,0.1374072620091541,0.0,0.5816863868777646,0.8120300751879699,0.8359375,0.8239837875939849,1.0,0.8,0.0640852999640628
tdc_pgp_broccatelli,classification,3,1,stratified_scaffold_group,stratified_scaffold_group,20,lgbm_100_leaf10,boosting,0.8580946035976016,0.8580946035976016,0.8798420326015002,0.1674751766922166,0.0,0.3154593493909278,0.8037974683544304,0.7953216374269005,0.7995595528906655,1.0,0.8,0.0899384999647736
tdc_pgp_broccatelli,classification,3,2,stratified_scaffold_group,stratified_scaffold_group,20,lgbm_100_leaf10,boosting,0.9153562415065036,0.9153562415065036,0.9439439267179814,0.1492743151718234,0.0,0.1594103669013309,0.8316831683168316,0.8496732026143791,0.8406781854656054,1.0,0.8,0.0909000000101514
tdc_pgp_broccatelli,classification,3,3,stratified_scaffold_group,stratified_scaffold_group,20,lgbm_100_leaf10,boosting,0.8876292293233082,0.8876292293233082,0.8989885202978198,0.1472010057338674,0.0,0.5810758106711237,0.8045112781954887,0.796875,0.8006931390977443,1.0,0.8,0.080631099990569
tdc_pgp_broccatelli,classification,3,1,stratified_scaffold_group,stratified_scaffold_group,21,lgbm_100_leaf30,boosting,0.8794507365460064,0.8794507365460064,0.9021601207854956,0.1450903852772143,0.0,0.3718789110933485,0.810126582278481,0.8070175438596491,0.808572063069065,1.0,0.8,0.0362823000177741
tdc_pgp_broccatelli,classification,3,2,stratified_scaffold_group,stratified_scaffold_group,21,lgbm_100_leaf30,boosting,0.9302400828318126,0.9302400828318126,0.9578368062601323,0.1199369246798376,0.0,0.2462305317412696,0.8118811881188119,0.8888888888888888,0.8503850385038504,1.0,0.8,0.0434017000370658
tdc_pgp_broccatelli,classification,3,3,stratified_scaffold_group,stratified_scaffold_group,21,lgbm_100_leaf30,boosting,0.8740601503759398,0.8740601503759398,0.8814443406762245,0.1488463361509408,0.0,0.5671233727139956,0.8270676691729324,0.7734375,0.8002525845864662,1.0,0.8,0.0407103999750688
tdc_pgp_broccatelli,classification,3,1,stratified_scaffold_group,stratified_scaffold_group,22,lgbm_80_ff0.7,boosting,0.8728255237249241,0.8728255237249241,0.897018714037336,0.1496916885971747,0.0,0.3784840445763533,0.810126582278481,0.7953216374269005,0.8027241098526907,1.0,0.8,0.041336299967952
tdc_pgp_broccatelli,classification,3,2,stratified_scaffold_group,stratified_scaffold_group,22,lgbm_80_ff0.7,boosting,0.920403805086391,0.920403805086391,0.9489830828556548,0.1334179197455507,0.0,0.2201748002873235,0.801980198019802,0.8431372549019608,0.8225587264608814,1.0,0.8,0.0518867000355385
tdc_pgp_broccatelli,classification,3,3,stratified_scaffold_group,stratified_scaffold_group,22,lgbm_80_ff0.7,boosting,0.8858670112781954,0.8858670112781954,0.897708454742988,0.1428551100484694,0.0,0.5418447443185429,0.8045112781954887,0.796875,0.8006931390977443,1.0,0.8,0.0500241999980062
tdc_pgp_broccatelli,classification,3,1,stratified_scaffold_group,stratified_scaffold_group,23,lgbm_80_bag0.8,boosting,0.8540602561255459,0.8540602561255459,0.8776978580963934,0.1653360299600773,0.0,0.3922720574468017,0.8037974683544304,0.7602339181286549,0.7820156932415427,1.0,0.8,0.0481724999845027
tdc_pgp_broccatelli,classification,3,2,stratified_scaffold_group,stratified_scaffold_group,23,lgbm_80_bag0.8,boosting,0.917815310942859,0.917815310942859,0.948507601969702,0.1312390568726023,0.0,0.2438598418760793,0.8118811881188119,0.8562091503267973,0.8340451692228046,1.0,0.8,0.0470350999967195
tdc_pgp_broccatelli,classification,3,3,stratified_scaffold_group,stratified_scaffold_group,23,lgbm_80_bag0.8,boosting,0.8911536654135338,0.8911536654135338,0.8956501743897557,0.1392555754100885,0.0,0.5880767250258284,0.8045112781954887,0.8046875,0.8045993890977443,1.0,0.8,0.0476479000062681
tdc_pgp_broccatelli,classification,3,1,stratified_scaffold_group,stratified_scaffold_group,24,lgbm_120_l15,boosting,0.8613146791028203,0.8613146791028203,0.8866205085045863,0.1574265593296522,0.0,0.4285437680534459,0.8037974683544304,0.7485380116959064,0.7761677400251684,1.0,0.8,0.0509288999601267
tdc_pgp_broccatelli,classification,3,2,stratified_scaffold_group,stratified_scaffold_group,24,lgbm_120_l15,boosting,0.9226687374619816,0.9226687374619816,0.9509199655910632,0.1327500979539596,0.0,0.2436010640776024,0.801980198019802,0.8496732026143791,0.8258267003170905,1.0,0.8,0.0555608000140637
tdc_pgp_broccatelli,classification,3,3,stratified_scaffold_group,stratified_scaffold_group,24,lgbm_120_l15,boosting,0.888157894736842,0.888157894736842,0.8971279793763709,0.1386577927283196,0.0,0.5505553587130491,0.8045112781954887,0.8203125,0.8124118890977443,1.0,0.8,0.0581749000120908
tdc_pgp_broccatelli,classification,3,1,stratified_scaffold_group,stratified_scaffold_group,25,xgb_60_d3,boosting,0.8614627285513361,0.8614627285513361,0.8832637928014111,0.153973483252753,0.0,0.4645329117774963,0.8291139240506329,0.7543859649122807,0.7917499444814569,1.0,0.8,0.0498939999961294
tdc_pgp_broccatelli,classification,3,2,stratified_scaffold_group,stratified_scaffold_group,25,xgb_60_d3,boosting,0.9135442956060312,0.9135442956060312,0.9430780909103694,0.140506082913898,0.0,0.2951658964157104,0.801980198019802,0.8496732026143791,0.8258267003170905,1.0,0.8,0.0597855999949388
tdc_pgp_broccatelli,classification,3,3,stratified_scaffold_group,stratified_scaffold_group,25,xgb_60_d3,boosting,0.8965578007518796,0.8965578007518796,0.8936273289211145,0.1330488355644402,0.0,0.5745367407798767,0.8045112781954887,0.859375,0.8319431390977443,1.0,0.8,0.0534088000422343
tdc_pgp_broccatelli,classification,3,1,stratified_scaffold_group,stratified_scaffold_group,26,xgb_80_d5,boosting,0.8639795691761047,0.8639795691761047,0.880825902563387,0.1587567198357646,0.0,0.3686828017234802,0.8037974683544304,0.7543859649122807,0.7790917166333555,1.0,0.8,0.0714935999712906
tdc_pgp_broccatelli,classification,3,2,stratified_scaffold_group,stratified_scaffold_group,26,xgb_80_d5,boosting,0.9028667572639616,0.9028667572639616,0.9381231964930588,0.1486906579779653,0.0,0.2924940884113312,0.8415841584158416,0.8300653594771242,0.8358247589464829,1.0,0.8,0.079134100000374
tdc_pgp_broccatelli,classification,3,3,stratified_scaffold_group,stratified_scaffold_group,26,xgb_80_d5,boosting,0.8923872180451128,0.8923872180451128,0.8902650831245005,0.1359613503627817,0.0,0.5695169568061829,0.8045112781954887,0.8359375,0.8202243890977443,1.0,0.8,0.0754059000173583
tdc_pgp_broccatelli,classification,3,1,stratified_scaffold_group,stratified_scaffold_group,27,xgb_100_d3,boosting,0.8704567325486713,0.8704567325486713,0.8907195066736769,0.1490189620059914,0.0,0.4162307381629944,0.8164556962025317,0.7894736842105263,0.802964690206529,1.0,0.8,0.0663315000128932
tdc_pgp_broccatelli,classification,3,2,stratified_scaffold_group,stratified_scaffold_group,27,xgb_100_d3,boosting,0.9153562415065036,0.9153562415065036,0.94322395172892,0.1374050857446851,0.0,0.3140433430671692,0.8217821782178218,0.869281045751634,0.8455316119847279,1.0,0.8,0.0729108999948948
tdc_pgp_broccatelli,classification,3,3,stratified_scaffold_group,stratified_scaffold_group,27,xgb_100_d3,boosting,0.888157894736842,0.888157894736842,0.8835703121099703,0.1390431889035454,0.0,0.5721855759620667,0.8045112781954887,0.8046875,0.8045993890977443,1.0,0.8,0.0739001999609172
tdc_pgp_broccatelli,classification,3,1,stratified_scaffold_group,stratified_scaffold_group,28,xgb_60_d6,boosting,0.8784143904063957,0.8784143904063957,0.8917789969342438,0.1473469382415634,0.0,0.3878559470176697,0.8037974683544304,0.7894736842105263,0.7966355762824784,1.0,0.8,0.07258079998428
tdc_pgp_broccatelli,classification,3,2,stratified_scaffold_group,stratified_scaffold_group,28,xgb_60_d6,boosting,0.9172976121141526,0.9172976121141526,0.9485669939046446,0.140177720818653,0.0,0.2147583961486816,0.801980198019802,0.8758169934640523,0.8388985957419272,1.0,0.8,0.0739554000319913
tdc_pgp_broccatelli,classification,3,3,stratified_scaffold_group,stratified_scaffold_group,28,xgb_60_d6,boosting,0.8833411654135339,0.8833411654135339,0.8883519393081762,0.1424117882675616,0.0,0.5444518327713013,0.8045112781954887,0.7734375,0.7889743890977443,1.0,0.8,0.0688690000097267
tdc_pgp_broccatelli,classification,3,1,stratified_scaffold_group,stratified_scaffold_group,29,cat_60_d4,boosting,0.8593900362721149,0.8593900362721149,0.88760323219429,0.1535053284810502,0.0,0.4643070096143877,0.8037974683544304,0.7426900584795322,0.7732437634169813,1.0,0.8,0.1975041000405326
tdc_pgp_broccatelli,classification,3,2,stratified_scaffold_group,stratified_scaffold_group,29,cat_60_d4,boosting,0.9078496084902606,0.9078496084902606,0.9418786029095768,0.1433434469756806,0.0,0.3366656125724737,0.801980198019802,0.8823529411764706,0.8421665695981363,1.0,0.8,0.1809452999732457
tdc_pgp_broccatelli,classification,3,3,stratified_scaffold_group,stratified_scaffold_group,29,cat_60_d4,boosting,0.8902138157894738,0.8902138157894738,0.8953501426467623,0.1390391868725321,0.0,0.5334151843625994,0.8195488721804511,0.828125,0.8238369360902256,1.0,0.8,0.191624499973841
tdc_pgp_broccatelli,classification,3,1,stratified_scaffold_group,stratified_scaffold_group,30,cat_80_d6,boosting,0.8714560663261529,0.8714560663261529,0.8898958985936822,0.1519351969230712,0.0,0.4176047265899266,0.8037974683544304,0.7602339181286549,0.7820156932415427,1.0,0.8,0.5182500000228174
tdc_pgp_broccatelli,classification,3,2,stratified_scaffold_group,stratified_scaffold_group,30,cat_80_d6,boosting,0.9118617744127356,0.9118617744127356,0.9427810837564732,0.1362595281964048,0.0,0.310596986162264,0.8118811881188119,0.8823529411764706,0.8471170646476412,1.0,0.8,0.4638116999994963
tdc_pgp_broccatelli,classification,3,3,stratified_scaffold_group,stratified_scaffold_group,30,cat_80_d6,boosting,0.9040765977443608,0.9040765977443608,0.9085147522967588,0.1297222290222512,0.0,0.5559616867333625,0.8195488721804511,0.859375,0.8394619360902256,1.0,0.8,0.5346181000350043
tdc_pgp_broccatelli,classification,3,1,stratified_scaffold_group,stratified_scaffold_group,31,cat_100_d4,boosting,0.8631652972092678,0.8631652972092678,0.8889942216482355,0.1525737447542487,0.0,0.4394407080706946,0.8037974683544304,0.7719298245614035,0.787863646457917,1.0,0.8,0.3683272999478504
tdc_pgp_broccatelli,classification,3,2,stratified_scaffold_group,stratified_scaffold_group,31,cat_100_d4,boosting,0.8996311395845468,0.8996311395845468,0.9331869215141532,0.1495362798475067,0.0,0.3509778975585486,0.8118811881188119,0.8496732026143791,0.8307771953665954,1.0,0.8,0.3913350999937393
tdc_pgp_broccatelli,classification,3,3,stratified_scaffold_group,stratified_scaffold_group,31,cat_100_d4,boosting,0.9013157894736844,0.9013157894736844,0.9013887632404616,0.133637065402936,0.0,0.5884511049307646,0.8345864661654135,0.828125,0.8313557330827068,1.0,0.8,0.3916522999643348
tdc_pgp_broccatelli,classification,3,1,stratified_scaffold_group,stratified_scaffold_group,32,cat_60_d8,boosting,0.8603893700495965,0.8603893700495965,0.8896328056972702,0.1534014121965675,0.0,0.4363381011037441,0.8037974683544304,0.7368421052631579,0.7703197868087941,1.0,0.8,1.273509499966167
tdc_pgp_broccatelli,classification,3,2,stratified_scaffold_group,stratified_scaffold_group,32,cat_60_d8,boosting,0.9044198537500808,0.9044198537500808,0.942160997599664,0.1447566916597326,0.0,0.3007212365817021,0.8118811881188119,0.869281045751634,0.840581116935223,1.0,0.8,1.1224886999698356
tdc_pgp_broccatelli,classification,3,3,stratified_scaffold_group,stratified_scaffold_group,32,cat_60_d8,boosting,0.9034891917293234,0.9034891917293234,0.9065799721620292,0.127234145370281,0.0,0.5336346034724248,0.8195488721804511,0.8359375,0.8277431860902256,1.0,0.8,1.2186377000180073
