dataset,task_type,outer_fold,outer_split_type,candidate_order,candidate,family,n_train,n_test,outer_utility,fit_seconds,roc_auc,pr_auc,brier,rmse,mae,r2,spearman
bbbp,classification,1,stratified_scaffold_group,1,logreg_l2_c0.1,linear,1414,625,0.8825905118601748,0.0074623000109568,0.8825905118601748,0.9371838920043596,0.1233147390008516,,,,
bbbp,classification,1,stratified_scaffold_group,2,logreg_l2_c1,linear,1414,625,0.8470349563046192,0.0106864999979734,0.8470349563046192,0.9132415332300294,0.1415654827515532,,,,
bbbp,classification,1,stratified_scaffold_group,3,logreg_l2_c10,linear,1414,625,0.816885143570537,0.0217211000272072,0.816885143570537,0.9001868673971576,0.1809178339066491,,,,
bbbp,classification,1,stratified_scaffold_group,4,logreg_l1_c1,linear,1414,625,0.8472222222222223,0.022349499980919,0.8472222222222223,0.9184529162098342,0.1431314435940845,,,,
bbbp,classification,1,stratified_scaffold_group,5,rf_60_sqrt,bagging,1414,625,0.8927777777777777,0.1107511000009253,0.8927777777777777,0.9388070449365442,0.1189912547108531,,,,
bbbp,classification,1,stratified_scaffold_group,6,rf_90_d12,bagging,1414,625,0.910880149812734,0.169053099991288,0.910880149812734,0.9541034293246992,0.1219278851077732,,,,
bbbp,classification,1,stratified_scaffold_group,7,rf_90_leaf2,bagging,1414,625,0.9164606741573036,0.1811452999827452,0.9164606741573036,0.9592208513474044,0.1089692653048359,,,,
bbbp,classification,1,stratified_scaffold_group,8,rf_120_d20_leaf2,bagging,1414,625,0.920792759051186,0.2440807000384666,0.920792759051186,0.9614247856629362,0.1105092281673934,,,,
bbbp,classification,1,stratified_scaffold_group,9,et_60_sqrt,bagging,1414,625,0.9117540574282148,0.0847073000040836,0.9117540574282148,0.951299671596214,0.1089834701747184,,,,
bbbp,classification,1,stratified_scaffold_group,10,et_90_d12,bagging,1414,625,0.9057865168539326,0.111349600018002,0.9057865168539326,0.9558396370187898,0.124339361387531,,,,
bbbp,classification,1,stratified_scaffold_group,11,et_90_leaf2,bagging,1414,625,0.9218539325842696,0.114179799973499,0.9218539325842696,0.9597157566480228,0.1044323287062055,,,,
bbbp,classification,1,stratified_scaffold_group,12,et_120_d20_leaf2,bagging,1414,625,0.9195568039950064,0.1687820999650284,0.9195568039950064,0.9592635796249288,0.1098477343487184,,,,
bbbp,classification,1,stratified_scaffold_group,13,histgb_lr0.05,boosting,1414,625,0.908358302122347,1.2449071999872103,0.908358302122347,0.9550521149961668,0.1071688522142858,,,,
bbbp,classification,1,stratified_scaffold_group,14,histgb_lr0.1,boosting,1414,625,0.9064794007490636,1.04501609998988,0.9064794007490636,0.9555349516264428,0.1099311329798426,,,,
bbbp,classification,1,stratified_scaffold_group,15,gb_lr0.05_d2,boosting,1414,625,0.8507927590511861,0.6054670999874361,0.8507927590511861,0.9130782717868544,0.1382418270114659,,,,
bbbp,classification,1,stratified_scaffold_group,16,gb_lr0.1_d3,boosting,1414,625,0.8875530586766541,0.9302721999702044,0.8875530586766541,0.9443415108613782,0.1161614543778066,,,,
bbbp,classification,1,stratified_scaffold_group,17,lgbm_60_l15,boosting,1414,625,0.8972846441947566,0.0584585000178776,0.8972846441947566,0.9509309343655458,0.116190890041341,,,,
bbbp,classification,1,stratified_scaffold_group,18,lgbm_90_l31,boosting,1414,625,0.9139388264669162,0.1104531000019051,0.9139388264669162,0.957407298752086,0.1063950389030205,,,,
bbbp,classification,1,stratified_scaffold_group,19,lgbm_60_l63,boosting,1414,625,0.9168976279650436,0.1241680000093765,0.9168976279650436,0.9595309202013425,0.1095178933486141,,,,
bbbp,classification,1,stratified_scaffold_group,20,lgbm_100_leaf10,boosting,1414,625,0.8991448189762796,0.1404803000041283,0.8991448189762796,0.9507526109982336,0.1119445414287947,,,,
bbbp,classification,1,stratified_scaffold_group,21,lgbm_100_leaf30,boosting,1414,625,0.9132646691635457,0.1092808999819681,0.9132646691635457,0.9585695529534264,0.1056660106717225,,,,
bbbp,classification,1,stratified_scaffold_group,22,lgbm_80_ff0.7,boosting,1414,625,0.9054369538077404,0.0858035999699495,0.9054369538077404,0.9534538727306732,0.1075533885124418,,,,
bbbp,classification,1,stratified_scaffold_group,23,lgbm_80_bag0.8,boosting,1414,625,0.9097315855181024,0.1257674000225961,0.9097315855181024,0.9565821426961888,0.1084310868788654,,,,
bbbp,classification,1,stratified_scaffold_group,24,lgbm_120_l15,boosting,1414,625,0.9068664169787766,0.0848723999806679,0.9068664169787766,0.9565009898240452,0.1099960976961544,,,,
bbbp,classification,1,stratified_scaffold_group,25,xgb_60_d3,boosting,1414,625,0.8874094881398252,0.0943245000089518,0.8874094881398252,0.942472508322508,0.1207721936180848,,,,
bbbp,classification,1,stratified_scaffold_group,26,xgb_80_d5,boosting,1414,625,0.9013420724094882,0.1152080000028945,0.9013420724094882,0.9510616394425616,0.1128298819330695,,,,
bbbp,classification,1,stratified_scaffold_group,27,xgb_100_d3,boosting,1414,625,0.8842759051186018,0.1323411999619566,0.8842759051186018,0.9432814127631906,0.1237453813268575,,,,
bbbp,classification,1,stratified_scaffold_group,28,xgb_60_d6,boosting,1414,625,0.9108489388264668,0.1219874999951571,0.9108489388264668,0.9562568167933316,0.1066252690601641,,,,
bbbp,classification,1,stratified_scaffold_group,29,cat_60_d4,boosting,1414,625,0.8903620474406992,0.3299501999863423,0.8903620474406992,0.946776502950946,0.1250493997661437,,,,
bbbp,classification,1,stratified_scaffold_group,30,cat_80_d6,boosting,1414,625,0.890043695380774,1.166612500033807,0.890043695380774,0.9429555545496172,0.1248584390079127,,,,
bbbp,classification,1,stratified_scaffold_group,31,cat_100_d4,boosting,1414,625,0.8842322097378278,0.4985051999683492,0.8842322097378278,0.939421967124327,0.1259751107070284,,,,
bbbp,classification,1,stratified_scaffold_group,32,cat_60_d8,boosting,1414,625,0.9118227215980024,2.837370099965483,0.9118227215980024,0.9517818908964228,0.115866681897833,,,,
bbbp,classification,2,stratified_scaffold_group,1,logreg_l2_c0.1,linear,1223,816,0.8390585367786936,0.0073510999791324,0.8390585367786936,0.952914318243366,0.130872344689636,,,,
bbbp,classification,2,stratified_scaffold_group,2,logreg_l2_c1,linear,1223,816,0.8220860415345593,0.010972199961543,0.8220860415345593,0.9496732064733652,0.1451642532879125,,,,
bbbp,classification,2,stratified_scaffold_group,3,logreg_l2_c10,linear,1223,816,0.7977518627140139,0.0151304000173695,0.7977518627140139,0.9414706662282109,0.1783294677738856,,,,
bbbp,classification,2,stratified_scaffold_group,4,logreg_l1_c1,linear,1223,816,0.818756935637286,0.0206174000049941,0.818756935637286,0.9479280722867438,0.1462911874502154,,,,
bbbp,classification,2,stratified_scaffold_group,5,rf_60_sqrt,bagging,1223,816,0.8404704343690552,0.1259121000184677,0.8404704343690552,0.946096916001868,0.1049012103140603,,,,
bbbp,classification,2,stratified_scaffold_group,6,rf_90_d12,bagging,1223,816,0.8284271956246037,0.1714764999924227,0.8284271956246037,0.9463795328427552,0.115869735200608,,,,
bbbp,classification,2,stratified_scaffold_group,7,rf_90_leaf2,bagging,1223,816,0.831429335764109,0.1764235999435186,0.831429335764109,0.9476375386976084,0.1107436781455997,,,,
bbbp,classification,2,stratified_scaffold_group,8,rf_120_d20_leaf2,bagging,1223,816,0.8434973446417248,0.2175708999857306,0.8434973446417248,0.9515779556311216,0.1107517594724642,,,,
bbbp,classification,2,stratified_scaffold_group,9,et_60_sqrt,bagging,1223,816,0.8520579026632847,0.0774174000252969,0.8520579026632847,0.9508903556205884,0.1010084420585511,,,,
bbbp,classification,2,stratified_scaffold_group,10,et_90_d12,bagging,1223,816,0.8575865963855422,0.1009731999947689,0.8575865963855422,0.9536616938878808,0.1121035785331489,,,,
bbbp,classification,2,stratified_scaffold_group,11,et_90_leaf2,bagging,1223,816,0.8627982324032974,0.1016384000540711,0.8627982324032974,0.9560326152946248,0.1030291728423393,,,,
bbbp,classification,2,stratified_scaffold_group,12,et_120_d20_leaf2,bagging,1223,816,0.8636800491439441,0.1296172000002116,0.8636800491439441,0.9572803509379406,0.1035617013460733,,,,
bbbp,classification,2,stratified_scaffold_group,13,histgb_lr0.05,boosting,1223,816,0.8323210605580216,1.2333872000453994,0.8323210605580216,0.9532876279140304,0.1108762850136231,,,,
bbbp,classification,2,stratified_scaffold_group,14,histgb_lr0.1,boosting,1223,816,0.8392864220038048,1.0291545999934897,0.8392864220038048,0.9548951015942336,0.1106726864252921,,,,
bbbp,classification,2,stratified_scaffold_group,15,gb_lr0.05_d2,boosting,1223,816,0.7561875792644261,0.6369235000456683,0.7561875792644261,0.9227301578235584,0.1196104296482201,,,,
bbbp,classification,2,stratified_scaffold_group,16,gb_lr0.1_d3,boosting,1223,816,0.8081454105897272,0.8563407000037841,0.8081454105897272,0.9402219236716716,0.111711370256948,,,,
bbbp,classification,2,stratified_scaffold_group,17,lgbm_60_l15,boosting,1223,816,0.8260988031071655,0.0577917000045999,0.8260988031071655,0.9493128648855428,0.1101042767334636,,,,
bbbp,classification,2,stratified_scaffold_group,18,lgbm_90_l31,boosting,1223,816,0.8419219641724793,0.0977623000508174,0.8419219641724793,0.954743363772534,0.1069770329648405,,,,
bbbp,classification,2,stratified_scaffold_group,19,lgbm_60_l63,boosting,1223,816,0.8442899889029803,0.0879431999637745,0.8442899889029803,0.9548881667368716,0.1070047611451639,,,,
bbbp,classification,2,stratified_scaffold_group,20,lgbm_100_leaf10,boosting,1223,816,0.8578442057704502,0.1095960999955423,0.8578442057704502,0.9596174074612872,0.1056483664526276,,,,
bbbp,classification,2,stratified_scaffold_group,21,lgbm_100_leaf30,boosting,1223,816,0.8464994847812302,0.092815599986352,0.8464994847812302,0.956490913653444,0.1065539807038267,,,,
bbbp,classification,2,stratified_scaffold_group,22,lgbm_80_ff0.7,boosting,1223,816,0.85512939917565,0.134149299992714,0.85512939917565,0.9580072615951828,0.1040883691063672,,,,
bbbp,classification,2,stratified_scaffold_group,23,lgbm_80_bag0.8,boosting,1223,816,0.8496304296131896,0.0934293000027537,0.8496304296131896,0.9562368153497456,0.1061989475449196,,,,
bbbp,classification,2,stratified_scaffold_group,24,lgbm_120_l15,boosting,1223,816,0.8390089965123653,0.0819547999999485,0.8390089965123653,0.9540132112461724,0.1086105475721727,,,,
bbbp,classification,2,stratified_scaffold_group,25,xgb_60_d3,boosting,1223,816,0.8021460843373495,0.0884088999591767,0.8021460843373495,0.9401044654219632,0.1141103570021208,,,,
bbbp,classification,2,stratified_scaffold_group,26,xgb_80_d5,boosting,1223,816,0.82955175967026,0.1141349999816156,0.82955175967026,0.9476928089188782,0.1074675241001098,,,,
bbbp,classification,2,stratified_scaffold_group,27,xgb_100_d3,boosting,1223,816,0.8067434210526315,0.1122709999908693,0.8067434210526315,0.9425044693548446,0.1127903697151935,,,,
bbbp,classification,2,stratified_scaffold_group,28,xgb_60_d6,boosting,1223,816,0.8386374445149016,0.1046032000449486,0.8386374445149016,0.9546414058445072,0.10732516415214,,,,
bbbp,classification,2,stratified_scaffold_group,29,cat_60_d4,boosting,1223,816,0.7901920180722892,0.2880839999997988,0.7901920180722892,0.936106919839659,0.1160018674732405,,,,
bbbp,classification,2,stratified_scaffold_group,30,cat_80_d6,boosting,1223,816,0.8106125158528853,0.8791084000258707,0.8106125158528853,0.9441396759769678,0.1123342765052135,,,,
bbbp,classification,2,stratified_scaffold_group,31,cat_100_d4,boosting,1223,816,0.7843858988585923,0.3758808000129647,0.7843858988585923,0.9328816401209304,0.1161478832623476,,,,
bbbp,classification,2,stratified_scaffold_group,32,cat_60_d8,boosting,1223,816,0.8336685558021559,2.4262205999693838,0.8336685558021559,0.9509218400235132,0.1073713622332427,,,,
bbbp,classification,3,stratified_scaffold_group,1,logreg_l2_c0.1,linear,1441,598,0.8600539994268216,0.0127153000212274,0.8600539994268216,0.9380114768615424,0.1333701968032711,,,,
bbbp,classification,3,stratified_scaffold_group,2,logreg_l2_c1,linear,1441,598,0.8429340694149057,0.0163311000214889,0.8429340694149057,0.9314739342193444,0.1434509423338025,,,,
bbbp,classification,3,stratified_scaffold_group,3,logreg_l2_c10,linear,1441,598,0.8175483053531835,0.0249500999925658,0.8175483053531835,0.9228076315945132,0.1822518295941106,,,,
bbbp,classification,3,stratified_scaffold_group,4,logreg_l1_c1,linear,1441,598,0.8471801137306364,0.0312496999977156,0.8471801137306364,0.9339165700161132,0.1435431208744983,,,,
bbbp,classification,3,stratified_scaffold_group,5,rf_60_sqrt,bagging,1441,598,0.9071752869662276,0.1655006000073626,0.9071752869662276,0.9640714558714144,0.1039468803849783,,,,
bbbp,classification,3,stratified_scaffold_group,6,rf_90_d12,bagging,1441,598,0.9064361886661538,0.2528613000176847,0.9064361886661538,0.9653083305223752,0.1155568546800704,,,,
bbbp,classification,3,stratified_scaffold_group,7,rf_90_leaf2,bagging,1441,598,0.9079898034601868,0.2191430999664589,0.9079898034601868,0.9660667027206156,0.1061888556875645,,,,
bbbp,classification,3,stratified_scaffold_group,8,rf_120_d20_leaf2,bagging,1441,598,0.9020015988657104,0.3102250000229105,0.9020015988657104,0.9639637614877774,0.1099001157640836,,,,
bbbp,classification,3,stratified_scaffold_group,9,et_60_sqrt,bagging,1441,598,0.8947011176976334,0.1011796999955549,0.8947011176976334,0.9572846093366144,0.1031982830612653,,,,
bbbp,classification,3,stratified_scaffold_group,10,et_90_d12,bagging,1441,598,0.8972502526509497,0.1435570999747142,0.8972502526509497,0.9626109517650469,0.1193372171718731,,,,
bbbp,classification,3,stratified_scaffold_group,11,et_90_leaf2,bagging,1441,598,0.8987284492510973,0.1380271000089123,0.8987284492510973,0.9624109207633104,0.1065233636429495,,,,
bbbp,classification,3,stratified_scaffold_group,12,et_120_d20_leaf2,bagging,1441,598,0.8863598654539421,0.1712812000187114,0.8863598654539421,0.95345659037465,0.1113477028579816,,,,
bbbp,classification,3,stratified_scaffold_group,13,histgb_lr0.05,boosting,1441,598,0.8880794002745223,1.7676616999669932,0.8880794002745223,0.9553123730561622,0.1036490211880695,,,,
bbbp,classification,3,stratified_scaffold_group,14,histgb_lr0.1,boosting,1441,598,0.8898894369277645,1.332531000021845,0.8898894369277645,0.9577985012829132,0.1040885604338188,,,,
bbbp,classification,3,stratified_scaffold_group,15,gb_lr0.05_d2,boosting,1441,598,0.8336651733864276,0.7631639000028372,0.8336651733864276,0.9256820619955392,0.117206596670315,,,,
bbbp,classification,3,stratified_scaffold_group,16,gb_lr0.1_d3,boosting,1441,598,0.865137185694677,1.1056611000094565,0.865137185694677,0.94374477427958,0.111095271562724,,,,
bbbp,classification,3,stratified_scaffold_group,17,lgbm_60_l15,boosting,1441,598,0.9015340060636228,0.0982517999946139,0.9015340060636228,0.9637730543834953,0.1042336864055568,,,,
bbbp,classification,3,stratified_scaffold_group,18,lgbm_90_l31,boosting,1441,598,0.8917145572197837,0.2290683999890461,0.8917145572197837,0.9587438923730234,0.1034072686290313,,,,
bbbp,classification,3,stratified_scaffold_group,19,lgbm_60_l63,boosting,1441,598,0.8912922153340272,0.1169536000234074,0.8912922153340272,0.9574507035293476,0.1043873163827946,,,,
bbbp,classification,3,stratified_scaffold_group,20,lgbm_100_leaf10,boosting,1441,598,0.9116400440442252,0.1319063999690115,0.9116400440442252,0.9680470477163154,0.0988526671259236,,,,
bbbp,classification,3,stratified_scaffold_group,21,lgbm_100_leaf30,boosting,1441,598,0.8877324765826508,0.1004429000313393,0.8877324765826508,0.9546319226171328,0.1026494210451846,,,,
bbbp,classification,3,stratified_scaffold_group,22,lgbm_80_ff0.7,boosting,1441,598,0.8931625865423776,0.1010527999605983,0.8931625865423776,0.957995805098314,0.1030893914554827,,,,
bbbp,classification,3,stratified_scaffold_group,23,lgbm_80_bag0.8,boosting,1441,598,0.8820157774861607,0.090080099995248,0.8820157774861607,0.9506863696472172,0.1042946613512735,,,,
bbbp,classification,3,stratified_scaffold_group,24,lgbm_120_l15,boosting,1441,598,0.8830791740199406,0.0835102999699302,0.8830791740199406,0.954807578766898,0.1050048304289249,,,,
bbbp,classification,3,stratified_scaffold_group,25,xgb_60_d3,boosting,1441,598,0.8778451513643151,0.0941623999970033,0.8778451513643151,0.952108024020548,0.1108074069428486,,,,
bbbp,classification,3,stratified_scaffold_group,26,xgb_80_d5,boosting,1441,598,0.8954930087334267,0.1162332000094465,0.8954930087334267,0.9604950489501992,0.1044693778212073,,,,
bbbp,classification,3,stratified_scaffold_group,27,xgb_100_d3,boosting,1441,598,0.8851682579905575,0.1027708000037819,0.8851682579905575,0.9566519628465414,0.1091482710173815,,,,
bbbp,classification,3,stratified_scaffold_group,28,xgb_60_d6,boosting,1441,598,0.9038568864352836,0.1012031999998726,0.9038568864352836,0.9647579411996412,0.1020142654620537,,,,
bbbp,classification,3,stratified_scaffold_group,29,cat_60_d4,boosting,1441,598,0.8695793173145089,0.2553022999782115,0.8695793173145089,0.948081997249662,0.1129058528406251,,,,
bbbp,classification,3,stratified_scaffold_group,30,cat_80_d6,boosting,1441,598,0.878908547898095,0.908431899966672,0.878908547898095,0.9499222186600392,0.1089719148513809,,,,
bbbp,classification,3,stratified_scaffold_group,31,cat_100_d4,boosting,1441,598,0.8654011493732748,0.3862035000347532,0.8654011493732748,0.9454152324900932,0.1132709205257079,,,,
bbbp,classification,3,stratified_scaffold_group,32,cat_60_d8,boosting,1441,598,0.8703259574339712,2.234842300007585,0.8703259574339712,0.9431149581199983,0.1109176100186058,,,,
bace,classification,1,stratified_scaffold_group,1,logreg_l2_c0.1,linear,952,561,0.8183506308506309,0.0062292999937199,0.8183506308506309,0.7932342138904707,0.1760708982166455,,,,
bace,classification,1,stratified_scaffold_group,2,logreg_l2_c1,linear,952,561,0.805161273911274,0.009527199959848,0.805161273911274,0.7907104087000717,0.1946787375216443,,,,
bace,classification,1,stratified_scaffold_group,3,logreg_l2_c10,linear,952,561,0.7713293650793651,0.0191667000181041,0.7713293650793651,0.7599666052228233,0.2397784670128286,,,,
bace,classification,1,stratified_scaffold_group,4,logreg_l1_c1,linear,952,561,0.8032471001221001,0.0343901999876834,0.8032471001221001,0.7879450170243726,0.1951297332198119,,,,
bace,classification,1,stratified_scaffold_group,5,rf_60_sqrt,bagging,952,561,0.8415750915750914,0.1085788999916985,0.8415750915750914,0.806442405077175,0.1649243044653438,,,,
bace,classification,1,stratified_scaffold_group,6,rf_90_d12,bagging,952,561,0.8371934778184777,0.1581605999963358,0.8371934778184777,0.7998429089314494,0.1698991967493823,,,,
bace,classification,1,stratified_scaffold_group,7,rf_90_leaf2,bagging,952,561,0.846401862026862,0.1501785999862477,0.846401862026862,0.8087025632830522,0.1656530216459894,,,,
bace,classification,1,stratified_scaffold_group,8,rf_120_d20_leaf2,bagging,952,561,0.8476228632478632,0.2156916999956593,0.8476228632478632,0.8092844447966789,0.1643477628384503,,,,
bace,classification,1,stratified_scaffold_group,9,et_60_sqrt,bagging,952,561,0.8482397232397233,0.0739941000356338,0.8482397232397233,0.8071453904223544,0.161656249693831,,,,
bace,classification,1,stratified_scaffold_group,10,et_90_d12,bagging,952,561,0.8494607244607245,0.1012644000002183,0.8494607244607245,0.8213772126367405,0.1615902477875057,,,,
bace,classification,1,stratified_scaffold_group,11,et_90_leaf2,bagging,952,561,0.8509933353683354,0.1038408000022172,0.8509933353683354,0.8161283088996264,0.1590477192465751,,,,
bace,classification,1,stratified_scaffold_group,12,et_120_d20_leaf2,bagging,952,561,0.8534035409035411,0.13977959996555,0.8534035409035411,0.8156269116177418,0.1582620547180872,,,,
bace,classification,1,stratified_scaffold_group,13,histgb_lr0.05,boosting,952,561,0.8392857142857143,1.2205325000104494,0.8392857142857143,0.8104936530658868,0.1696829317046883,,,,
bace,classification,1,stratified_scaffold_group,14,histgb_lr0.1,boosting,952,561,0.8438199531949532,1.0187463000183925,0.8438199531949532,0.8067040269083185,0.1663452117363693,,,,
bace,classification,1,stratified_scaffold_group,15,gb_lr0.05_d2,boosting,952,561,0.7848875661375662,0.4375908999936655,0.7848875661375662,0.7516204776030507,0.1983276795433855,,,,
bace,classification,1,stratified_scaffold_group,16,gb_lr0.1_d3,boosting,952,561,0.8187131155881155,0.61643140000524,0.8187131155881155,0.7842929147985099,0.1800833334798447,,,,
bace,classification,1,stratified_scaffold_group,17,lgbm_60_l15,boosting,952,561,0.8332888176638177,0.0554460000130347,0.8332888176638177,0.798983237748851,0.1720221033780198,,,,
bace,classification,1,stratified_scaffold_group,18,lgbm_90_l31,boosting,952,561,0.8438708282458283,0.1285451000439934,0.8438708282458283,0.8101186332882445,0.167317196379671,,,,
bace,classification,1,stratified_scaffold_group,19,lgbm_60_l63,boosting,952,561,0.8446275946275945,0.0713751000002957,0.8446275946275945,0.8122283510050805,0.1706218276423732,,,,
bace,classification,1,stratified_scaffold_group,20,lgbm_100_leaf10,boosting,952,561,0.8545355107855108,0.1052124000270851,0.8545355107855108,0.814898531939442,0.1679137321086454,,,,
bace,classification,1,stratified_scaffold_group,21,lgbm_100_leaf30,boosting,952,561,0.839985246235246,0.075041800038889,0.839985246235246,0.8030748614933241,0.1696597437310114,,,,
bace,classification,1,stratified_scaffold_group,22,lgbm_80_ff0.7,boosting,952,561,0.8469042531542533,0.0820466000004671,0.8469042531542533,0.8152362875747788,0.1698869361282964,,,,
bace,classification,1,stratified_scaffold_group,23,lgbm_80_bag0.8,boosting,952,561,0.8424781237281238,0.0849918999592773,0.8424781237281238,0.810376295198856,0.1741047829208578,,,,
bace,classification,1,stratified_scaffold_group,24,lgbm_120_l15,boosting,952,561,0.8361568986568987,0.0749386999523267,0.8361568986568987,0.7967309287819457,0.1710940706729171,,,,
bace,classification,1,stratified_scaffold_group,25,xgb_60_d3,boosting,952,561,0.8060197903947903,0.0715368999517522,0.8060197903947903,0.7877872328379341,0.1870283908348391,,,,
bace,classification,1,stratified_scaffold_group,26,xgb_80_d5,boosting,952,561,0.8334859584859585,0.0956233000033535,0.8334859584859585,0.8025624396042033,0.1710428147004404,,,,
bace,classification,1,stratified_scaffold_group,27,xgb_100_d3,boosting,952,561,0.8088942307692308,0.0803022000472992,0.8088942307692308,0.7815645469423992,0.1846544769191086,,,,
bace,classification,1,stratified_scaffold_group,28,xgb_60_d6,boosting,952,561,0.8450345950345951,0.0757502999622374,0.8450345950345951,0.8177613843348631,0.1680172337790359,,,,
bace,classification,1,stratified_scaffold_group,29,cat_60_d4,boosting,952,561,0.8034251628001629,0.272180300031323,0.8034251628001629,0.7912866663786817,0.1876255739859695,,,,
bace,classification,1,stratified_scaffold_group,30,cat_80_d6,boosting,952,561,0.8286273911273911,0.8365860999911092,0.8286273911273911,0.8033226461898528,0.1767491538577932,,,,
bace,classification,1,stratified_scaffold_group,31,cat_100_d4,boosting,952,561,0.8216384310134309,0.4178255000151694,0.8216384310134309,0.8097720158498083,0.1833531529269049,,,,
bace,classification,1,stratified_scaffold_group,32,cat_60_d8,boosting,952,561,0.8324875356125356,2.0734570000204258,0.8324875356125356,0.809263123711417,0.1710379543237526,,,,
bace,classification,2,stratified_scaffold_group,1,logreg_l2_c0.1,linear,988,525,0.867614400093507,0.0068321999860927,0.867614400093507,0.8162278374753629,0.1499640039930121,,,,
bace,classification,2,stratified_scaffold_group,2,logreg_l2_c1,linear,988,525,0.8718660510782538,0.0109179000137373,0.8718660510782538,0.839134391648563,0.1543658294700143,,,,
bace,classification,2,stratified_scaffold_group,3,logreg_l2_c10,linear,988,525,0.8440184676523874,0.0203047000104561,0.8440184676523874,0.8189746052561073,0.1975247555043915,,,,
bace,classification,2,stratified_scaffold_group,4,logreg_l1_c1,linear,988,525,0.863691485009643,0.0985475999768823,0.863691485009643,0.8325132030125475,0.1627155984773948,,,,
bace,classification,2,stratified_scaffold_group,5,rf_60_sqrt,bagging,988,525,0.8733417100111039,0.1085828999639488,0.8733417100111039,0.8347557139695595,0.1429692092768103,,,,
bace,classification,2,stratified_scaffold_group,6,rf_90_d12,bagging,988,525,0.8672345274969318,0.202306299994234,0.8672345274969318,0.8505860493675341,0.1475334933135243,,,,
bace,classification,2,stratified_scaffold_group,7,rf_90_leaf2,bagging,988,525,0.8738969084214833,0.2111154000158421,0.8738969084214833,0.8459212794199223,0.1440704472887064,,,,
bace,classification,2,stratified_scaffold_group,8,rf_120_d20_leaf2,bagging,988,525,0.8769797206475366,0.2296241999720223,0.8769797206475366,0.8559317303529108,0.1430117243358352,,,,
bace,classification,2,stratified_scaffold_group,9,et_60_sqrt,bagging,988,525,0.8814870551107477,0.0807433999725617,0.8814870551107477,0.8557379849577861,0.1385310091546645,,,,
bace,classification,2,stratified_scaffold_group,10,et_90_d12,bagging,988,525,0.8780024545613933,0.1100592999719083,0.8780024545613933,0.8513092395368317,0.1423036028932547,,,,
bace,classification,2,stratified_scaffold_group,11,et_90_leaf2,bagging,988,525,0.8792005142890538,0.0911907999543473,0.8792005142890538,0.8493830364931361,0.1396361090344821,,,,
bace,classification,2,stratified_scaffold_group,12,et_120_d20_leaf2,bagging,988,525,0.8766290690199288,0.1277352999895811,0.8766290690199288,0.847626171625196,0.1415460030215918,,,,
bace,classification,2,stratified_scaffold_group,13,histgb_lr0.05,boosting,988,525,0.8652913330606042,1.1022840999648906,0.8652913330606042,0.8481261098314196,0.1524584906731504,,,,
bace,classification,2,stratified_scaffold_group,14,histgb_lr0.1,boosting,988,525,0.8642905148734732,0.930090999987442,0.8642905148734732,0.8409558539984819,0.1574404741225006,,,,
bace,classification,2,stratified_scaffold_group,15,gb_lr0.05_d2,boosting,988,525,0.8274720939746363,0.4565419999998994,0.8274720939746363,0.7999286819937297,0.1754178362359556,,,,
bace,classification,2,stratified_scaffold_group,16,gb_lr0.1_d3,boosting,988,525,0.8586435626205364,0.6931802000035532,0.8586435626205364,0.8377021318552571,0.15364874095977,,,,
bace,classification,2,stratified_scaffold_group,17,lgbm_60_l15,boosting,988,525,0.8660729939804803,0.0480475999647751,0.8660729939804803,0.8423147011531609,0.1510364606500962,,,,
bace,classification,2,stratified_scaffold_group,18,lgbm_90_l31,boosting,988,525,0.8655104903278592,0.0822246999596245,0.8655104903278592,0.8486593130533693,0.1515828578285157,,,,
bace,classification,2,stratified_scaffold_group,19,lgbm_60_l63,boosting,988,525,0.8715446204196131,0.0705167999840341,0.8715446204196131,0.8500582124246949,0.1501609584785138,,,,
bace,classification,2,stratified_scaffold_group,20,lgbm_100_leaf10,boosting,988,525,0.8674536847641867,0.1233707999926991,0.8674536847641867,0.8524083917985529,0.1551131673881085,,,,
bace,classification,2,stratified_scaffold_group,21,lgbm_100_leaf30,boosting,988,525,0.8725308281222606,0.0827047000057064,0.8725308281222606,0.850012323704677,0.1454008712548926,,,,
bace,classification,2,stratified_scaffold_group,22,lgbm_80_ff0.7,boosting,988,525,0.8668692653848402,0.0975182000547647,0.8668692653848402,0.8424766510085497,0.1479915279532324,,,,
bace,classification,2,stratified_scaffold_group,23,lgbm_80_bag0.8,boosting,988,525,0.8749196423353398,0.0798126999870874,0.8749196423353398,0.8569834978696961,0.1481916766630401,,,,
bace,classification,2,stratified_scaffold_group,24,lgbm_120_l15,boosting,988,525,0.8678846940564549,0.0717593000154011,0.8678846940564549,0.8448770346312825,0.1495172409046387,,,,
bace,classification,2,stratified_scaffold_group,25,xgb_60_d3,boosting,988,525,0.8478829407983168,0.0631466000340879,0.8478829407983168,0.8041271034900103,0.158731831912106,,,,
bace,classification,2,stratified_scaffold_group,26,xgb_80_d5,boosting,988,525,0.8647288294079832,0.0953360999701544,0.8647288294079832,0.8463270695162762,0.1471345708181809,,,,
bace,classification,2,stratified_scaffold_group,27,xgb_100_d3,boosting,988,525,0.8517108877330372,0.0768133999663405,0.8517108877330372,0.8132626088907676,0.1580260325557017,,,,
bace,classification,2,stratified_scaffold_group,28,xgb_60_d6,boosting,988,525,0.8700105195488282,0.0789002999663353,0.8700105195488282,0.8526976447859185,0.1463946327215926,,,,
bace,classification,2,stratified_scaffold_group,29,cat_60_d4,boosting,988,525,0.8630632341768453,0.2622936000116169,0.8630632341768453,0.8520051862072932,0.1540342594431492,,,,
bace,classification,2,stratified_scaffold_group,30,cat_80_d6,boosting,988,525,0.8686809654608146,0.8513216000283137,0.8686809654608146,0.8430504856596219,0.1493289833518844,,,,
bace,classification,2,stratified_scaffold_group,31,cat_100_d4,boosting,988,525,0.8675705686400561,0.3969756999867968,0.8675705686400561,0.844931808336488,0.1539073856413338,,,,
bace,classification,2,stratified_scaffold_group,32,cat_60_d8,boosting,988,525,0.8661241306761732,2.4708631000248715,0.8661241306761732,0.828047478861451,0.1482785593279337,,,,
bace,classification,3,stratified_scaffold_group,1,logreg_l2_c0.1,linear,1086,427,0.8855593220338982,0.0107189999544061,0.8855593220338982,0.8367836897660607,0.1360805302554667,,,,
bace,classification,3,stratified_scaffold_group,2,logreg_l2_c1,linear,1086,427,0.871593220338983,0.0163397000287659,0.871593220338983,0.8285812522788166,0.1437655161715176,,,,
bace,classification,3,stratified_scaffold_group,3,logreg_l2_c10,linear,1086,427,0.8486101694915253,0.028760900022462,0.8486101694915253,0.8091028087311969,0.1767445911913665,,,,
bace,classification,3,stratified_scaffold_group,4,logreg_l1_c1,linear,1086,427,0.8631638418079096,0.1208991999737918,0.8631638418079096,0.8163476736462485,0.1454849282821947,,,,
bace,classification,3,stratified_scaffold_group,5,rf_60_sqrt,bagging,1086,427,0.901457627118644,0.1396909999893978,0.901457627118644,0.8515053538823424,0.1265120065929979,,,,
bace,classification,3,stratified_scaffold_group,6,rf_90_d12,bagging,1086,427,0.9028022598870056,0.2053853999823331,0.9028022598870056,0.8659796281203355,0.131042036758996,,,,
bace,classification,3,stratified_scaffold_group,7,rf_90_leaf2,bagging,1086,427,0.9102146892655368,0.2110846000141464,0.9102146892655368,0.8691001937978611,0.1264224087992657,,,,
bace,classification,3,stratified_scaffold_group,8,rf_120_d20_leaf2,bagging,1086,427,0.9099661016949152,0.2601291000028141,0.9099661016949152,0.871999581544496,0.1263402306113387,,,,
bace,classification,3,stratified_scaffold_group,9,et_60_sqrt,bagging,1086,427,0.8977514124293784,0.1009586000000126,0.8977514124293784,0.8624441486983111,0.1249862427031993,,,,
bace,classification,3,stratified_scaffold_group,10,et_90_d12,bagging,1086,427,0.9024632768361582,0.1346461999928578,0.9024632768361582,0.8675558801839134,0.1263867469248075,,,,
bace,classification,3,stratified_scaffold_group,11,et_90_leaf2,bagging,1086,427,0.9108700564971752,0.1373392000095918,0.9108700564971752,0.8792715205391812,0.1199904839014435,,,,
bace,classification,3,stratified_scaffold_group,12,et_120_d20_leaf2,bagging,1086,427,0.913627118644068,0.169393099960871,0.913627118644068,0.8805943173898375,0.120405597440891,,,,
bace,classification,3,stratified_scaffold_group,13,histgb_lr0.05,boosting,1086,427,0.9037514124293784,1.36505359999137,0.9037514124293784,0.8626079144803709,0.1199071424522707,,,,
bace,classification,3,stratified_scaffold_group,14,histgb_lr0.1,boosting,1086,427,0.8980112994350282,1.1777227999991735,0.8980112994350282,0.8614412526044819,0.1206805255351715,,,,
bace,classification,3,stratified_scaffold_group,15,gb_lr0.05_d2,boosting,1086,427,0.8475141242937853,0.5270690000033937,0.8475141242937853,0.7967015994920907,0.1715202657654808,,,,
bace,classification,3,stratified_scaffold_group,16,gb_lr0.1_d3,boosting,1086,427,0.8825762711864406,0.6955749000189826,0.8825762711864406,0.8410332530414674,0.1387130826120052,,,,
bace,classification,3,stratified_scaffold_group,17,lgbm_60_l15,boosting,1086,427,0.9018757062146892,0.0495711999828927,0.9018757062146892,0.8609331668051994,0.1273780913035432,,,,
bace,classification,3,stratified_scaffold_group,18,lgbm_90_l31,boosting,1086,427,0.906734463276836,0.0917520999792032,0.906734463276836,0.8695076427219283,0.1136202576878494,,,,
bace,classification,3,stratified_scaffold_group,19,lgbm_60_l63,boosting,1086,427,0.9120451977401132,0.0834950000280514,0.9120451977401132,0.8786187309395134,0.1117244229440308,,,,
bace,classification,3,stratified_scaffold_group,20,lgbm_100_leaf10,boosting,1086,427,0.9103954802259888,0.1564757999731227,0.9103954802259888,0.8714602806179594,0.111931019708096,,,,
bace,classification,3,stratified_scaffold_group,21,lgbm_100_leaf30,boosting,1086,427,0.9044745762711864,0.0974598000175319,0.9044745762711864,0.8606775472490642,0.1186897087199055,,,,
bace,classification,3,stratified_scaffold_group,22,lgbm_80_ff0.7,boosting,1086,427,0.9104180790960452,0.1029486000188626,0.9104180790960452,0.8817829084396848,0.1148640674350862,,,,
bace,classification,3,stratified_scaffold_group,23,lgbm_80_bag0.8,boosting,1086,427,0.9088135593220338,0.1285189999616705,0.9088135593220338,0.8722569752033271,0.1185598995631066,,,,
bace,classification,3,stratified_scaffold_group,24,lgbm_120_l15,boosting,1086,427,0.9058531073446328,0.1626368999714031,0.9058531073446328,0.8659189686967003,0.1206871238908576,,,,
bace,classification,3,stratified_scaffold_group,25,xgb_60_d3,boosting,1086,427,0.875593220338983,0.083816000027582,0.875593220338983,0.8245214785398948,0.148447035861726,,,,
bace,classification,3,stratified_scaffold_group,26,xgb_80_d5,boosting,1086,427,0.900090395480226,0.1370583000243641,0.900090395480226,0.8531604143950826,0.1287734476910534,,,,
bace,classification,3,stratified_scaffold_group,27,xgb_100_d3,boosting,1086,427,0.8783389830508476,0.1110016000457108,0.8783389830508476,0.82602261103891,0.1469635129102713,,,,
bace,classification,3,stratified_scaffold_group,28,xgb_60_d6,boosting,1086,427,0.9053785310734463,0.1113616999937221,0.9053785310734463,0.8673426059732189,0.1207343646611598,,,,
bace,classification,3,stratified_scaffold_group,29,cat_60_d4,boosting,1086,427,0.8791299435028248,0.323573799978476,0.8791299435028248,0.829906753991572,0.1487155039107084,,,,
bace,classification,3,stratified_scaffold_group,30,cat_80_d6,boosting,1086,427,0.896677966101695,0.9491039999993518,0.896677966101695,0.8521458200010993,0.1346814798757371,,,,
bace,classification,3,stratified_scaffold_group,31,cat_100_d4,boosting,1086,427,0.8888248587570622,0.4313307999982498,0.8888248587570622,0.8455136575888816,0.1436942468556711,,,,
bace,classification,3,stratified_scaffold_group,32,cat_60_d8,boosting,1086,427,0.9031186440677966,2.1305774999782443,0.9031186440677966,0.8541399206635721,0.1290089142800599,,,,
clintox,classification,1,stratified_scaffold_group,1,logreg_l2_c0.1,linear,1061,419,0.824607329842932,0.0056819000164978,0.824607329842932,0.3146693139656746,0.0988500435022659,,,,
clintox,classification,1,stratified_scaffold_group,2,logreg_l2_c1,linear,1061,419,0.8133578604782794,0.0075499999802559,0.8133578604782794,0.305433216269888,0.0893911771252979,,,,
clintox,classification,1,stratified_scaffold_group,3,logreg_l2_c10,linear,1061,419,0.8025328993915382,0.012828700011596,0.8025328993915382,0.3018804498768722,0.0993866226729004,,,,
clintox,classification,1,stratified_scaffold_group,4,logreg_l1_c1,linear,1061,419,0.7849865572378661,0.0110856000101193,0.7849865572378661,0.2793004596334458,0.1022889270387438,,,,
clintox,classification,1,stratified_scaffold_group,5,rf_60_sqrt,bagging,1061,419,0.8638743455497383,0.1160706999944523,0.8638743455497383,0.3601892930055126,0.0684112452908501,,,,
clintox,classification,1,stratified_scaffold_group,6,rf_90_d12,bagging,1061,419,0.839252865430876,0.1586708000395447,0.839252865430876,0.2995298430212298,0.074358880354097,,,,
clintox,classification,1,stratified_scaffold_group,7,rf_90_leaf2,bagging,1061,419,0.8722937597283147,0.159257199964486,0.8722937597283147,0.3625733321845258,0.0695612685544206,,,,
clintox,classification,1,stratified_scaffold_group,8,rf_120_d20_leaf2,bagging,1061,419,0.8688269421253715,0.1969245999935083,0.8688269421253715,0.3374803565476282,0.0701619278494912,,,,
clintox,classification,1,stratified_scaffold_group,9,et_60_sqrt,bagging,1061,419,0.8389698599122684,0.0741674000164493,0.8389698599122684,0.3116245564841494,0.070461355626704,,,,
clintox,classification,1,stratified_scaffold_group,10,et_90_d12,bagging,1061,419,0.7990307060987689,0.1005783000146038,0.7990307060987689,0.2822426942160544,0.0855672493050046,,,,
clintox,classification,1,stratified_scaffold_group,11,et_90_leaf2,bagging,1061,419,0.8646879864157351,0.1173320999951101,0.8646879864157351,0.3199740099631694,0.0709498657158241,,,,
clintox,classification,1,stratified_scaffold_group,12,et_120_d20_leaf2,bagging,1061,419,0.8629545776142635,0.159456500026863,0.8629545776142635,0.3305715973759317,0.0710040560180889,,,,
clintox,classification,1,stratified_scaffold_group,13,histgb_lr0.05,boosting,1061,419,0.8165062968727891,1.1755847999593243,0.8165062968727891,0.331487495659369,0.073242509350055,,,,
clintox,classification,1,stratified_scaffold_group,14,histgb_lr0.1,boosting,1061,419,0.810633932361681,0.8628797000274062,0.810633932361681,0.3020866183938332,0.0761755916112617,,,,
clintox,classification,1,stratified_scaffold_group,15,gb_lr0.05_d2,boosting,1061,419,0.815055893589925,0.4500551000237465,0.815055893589925,0.2801540423600862,0.0727192419446435,,,,
clintox,classification,1,stratified_scaffold_group,16,gb_lr0.1_d3,boosting,1061,419,0.8382269704259233,0.6736481999978423,0.8382269704259233,0.2946499019327138,0.0751605001199712,,,,
clintox,classification,1,stratified_scaffold_group,17,lgbm_60_l15,boosting,1061,419,0.8198316117164285,0.0497520000208169,0.8198316117164285,0.3253261274154544,0.072038083378889,,,,
clintox,classification,1,stratified_scaffold_group,18,lgbm_90_l31,boosting,1061,419,0.843604075279468,0.093111400026828,0.843604075279468,0.3505504495625327,0.0741708335620604,,,,
clintox,classification,1,stratified_scaffold_group,19,lgbm_60_l63,boosting,1061,419,0.8525541248054337,0.0870577000314369,0.8525541248054337,0.362917289054302,0.0753680472917122,,,,
clintox,classification,1,stratified_scaffold_group,20,lgbm_100_leaf10,boosting,1061,419,0.8367058157634074,0.1490103999967686,0.8367058157634074,0.3707007513409129,0.0741757055916786,,,,
clintox,classification,1,stratified_scaffold_group,21,lgbm_100_leaf30,boosting,1061,419,0.8310457053912551,0.0933229000074788,0.8310457053912551,0.332975912340211,0.0733285629731442,,,,
clintox,classification,1,stratified_scaffold_group,22,lgbm_80_ff0.7,boosting,1061,419,0.8459034951181549,0.1054407000192441,0.8459034951181549,0.338229885415358,0.077021556605435,,,,
clintox,classification,1,stratified_scaffold_group,23,lgbm_80_bag0.8,boosting,1061,419,0.8389698599122684,0.0835121000418439,0.8389698599122684,0.3033726589321124,0.0767942153862505,,,,
clintox,classification,1,stratified_scaffold_group,24,lgbm_120_l15,boosting,1061,419,0.8277911419272677,0.07671420002589,0.8277911419272677,0.3118602801483935,0.0747256737596518,,,,
clintox,classification,1,stratified_scaffold_group,25,xgb_60_d3,boosting,1061,419,0.8234045563888496,0.0649174000136554,0.8234045563888496,0.2649310393346407,0.0732658247640919,,,,
clintox,classification,1,stratified_scaffold_group,26,xgb_80_d5,boosting,1061,419,0.8491580585821424,0.0845407000160776,0.8491580585821424,0.3394326545497327,0.0709698800928049,,,,
clintox,classification,1,stratified_scaffold_group,27,xgb_100_d3,boosting,1061,419,0.8397481250884393,0.0819659000262618,0.8397481250884393,0.2993055288481165,0.0716278712396349,,,,
clintox,classification,1,stratified_scaffold_group,28,xgb_60_d6,boosting,1061,419,0.8309749540116033,0.084904599993024,0.8309749540116033,0.2852212096532788,0.0730103518090613,,,,
clintox,classification,1,stratified_scaffold_group,29,cat_60_d4,boosting,1061,419,0.8292061695203057,0.3004113999777473,0.8292061695203057,0.3447539855923304,0.073247616424472,,,,
clintox,classification,1,stratified_scaffold_group,30,cat_80_d6,boosting,1061,419,0.7985708221310316,1.2397553999908268,0.7985708221310316,0.2774070918240092,0.0759691200644496,,,,
clintox,classification,1,stratified_scaffold_group,31,cat_100_d4,boosting,1061,419,0.8229800481109382,0.5373367000138387,0.8229800481109382,0.3120193569637847,0.0741004912712735,,,,
clintox,classification,1,stratified_scaffold_group,32,cat_60_d8,boosting,1061,419,0.8217772746568558,3.479468300007284,0.8217772746568558,0.2554618884008276,0.0765830930776626,,,,
clintox,classification,2,stratified_scaffold_group,1,logreg_l2_c0.1,linear,868,612,0.795302135063617,0.0069640000001527,0.795302135063617,0.3922903023991496,0.0910718300695026,,,,
clintox,classification,2,stratified_scaffold_group,2,logreg_l2_c1,linear,868,612,0.7766339217747489,0.0073022000142373,0.7766339217747489,0.3819753694985607,0.0764673345132193,,,,
clintox,classification,2,stratified_scaffold_group,3,logreg_l2_c10,linear,868,612,0.7619893428063944,0.0145639000111259,0.7619893428063944,0.3914283411267225,0.0799961750584285,,,,
clintox,classification,2,stratified_scaffold_group,4,logreg_l1_c1,linear,868,612,0.7959727407837023,0.0127022000378929,0.7959727407837023,0.3934919907525111,0.0875696748385346,,,,
clintox,classification,2,stratified_scaffold_group,5,rf_60_sqrt,bagging,868,612,0.7957008735998841,0.1324502000352367,0.7957008735998841,0.3186373399551013,0.0644663575215904,,,,
clintox,classification,2,stratified_scaffold_group,6,rf_90_d12,bagging,868,612,0.8189364555769021,0.2211256999871693,0.8189364555769021,0.3449574310629352,0.0662855470348715,,,,
clintox,classification,2,stratified_scaffold_group,7,rf_90_leaf2,bagging,868,612,0.7981658027331714,0.2131479000090621,0.7981658027331714,0.3016941934887146,0.0665526144573558,,,,
clintox,classification,2,stratified_scaffold_group,8,rf_120_d20_leaf2,bagging,868,612,0.7935984340450213,0.2650460999575443,0.7935984340450213,0.297536935932144,0.0670542372219014,,,,
clintox,classification,2,stratified_scaffold_group,9,et_60_sqrt,bagging,868,612,0.7879617211005183,0.081775699974969,0.7879617211005183,0.2920695300472777,0.0656449965148602,,,,
clintox,classification,2,stratified_scaffold_group,10,et_90_d12,bagging,868,612,0.831877333526661,0.1252774000167846,0.831877333526661,0.3306861385058254,0.0714015546615683,,,,
clintox,classification,2,stratified_scaffold_group,11,et_90_leaf2,bagging,868,612,0.7883060862000217,0.1253546000225469,0.7883060862000217,0.2865304833134422,0.0673336177489815,,,,
clintox,classification,2,stratified_scaffold_group,12,et_120_d20_leaf2,bagging,868,612,0.8054155943016638,0.156345399969723,0.8054155943016638,0.3237746547158326,0.0658231255177266,,,,
clintox,classification,2,stratified_scaffold_group,13,histgb_lr0.05,boosting,868,612,0.8352847355638526,1.2718801000155509,0.8352847355638526,0.4576866196137216,0.0594246062347809,,,,
clintox,classification,2,stratified_scaffold_group,14,histgb_lr0.1,boosting,868,612,0.8221626128248813,1.0107163999928162,0.8221626128248813,0.4666877790397684,0.0589619282370131,,,,
clintox,classification,2,stratified_scaffold_group,15,gb_lr0.05_d2,boosting,868,612,0.7709428353934824,0.4913387999986298,0.7709428353934824,0.3146143055537642,0.0655942363273716,,,,
clintox,classification,2,stratified_scaffold_group,16,gb_lr0.1_d3,boosting,868,612,0.796244607967521,0.5381229000049643,0.796244607967521,0.2879664180900741,0.0740109949168483,,,,
clintox,classification,2,stratified_scaffold_group,17,lgbm_60_l15,boosting,868,612,0.839090876137311,0.0513510000309906,0.839090876137311,0.4681618870354716,0.0605537592136281,,,,
clintox,classification,2,stratified_scaffold_group,18,lgbm_90_l31,boosting,868,612,0.838547141769674,0.0789865999831818,0.838547141769674,0.4040722282943753,0.0634219992100564,,,,
clintox,classification,2,stratified_scaffold_group,19,lgbm_60_l63,boosting,868,612,0.8329285533040924,0.0730610000318847,0.8329285533040924,0.3754839869028482,0.0650572616774664,,,,
clintox,classification,2,stratified_scaffold_group,20,lgbm_100_leaf10,boosting,868,612,0.8250987784101207,0.1085408999933861,0.8250987784101207,0.3134336158766129,0.0698987966022977,,,,
clintox,classification,2,stratified_scaffold_group,21,lgbm_100_leaf30,boosting,868,612,0.8413745604813861,0.0723290999885648,0.8413745604813861,0.4468659217876552,0.0616505553935079,,,,
clintox,classification,2,stratified_scaffold_group,22,lgbm_80_ff0.7,boosting,868,612,0.8311161054119693,0.0746947000152431,0.8311161054119693,0.3721916998609689,0.0647618956132627,,,,
clintox,classification,2,stratified_scaffold_group,23,lgbm_80_bag0.8,boosting,868,612,0.8100192119476566,0.0861669000005349,0.8100192119476566,0.4034268753450954,0.0607111225677556,,,,
clintox,classification,2,stratified_scaffold_group,24,lgbm_120_l15,boosting,868,612,0.8395983615471055,0.0732891999650746,0.8395983615471055,0.4346571715161725,0.0606686481034532,,,,
clintox,classification,2,stratified_scaffold_group,25,xgb_60_d3,boosting,868,612,0.8248631601841446,0.0573326000012457,0.8248631601841446,0.3918221675432224,0.0619358315125777,,,,
clintox,classification,2,stratified_scaffold_group,26,xgb_80_d5,boosting,868,612,0.8343966360967122,0.0877042999491095,0.8343966360967122,0.4332602265788191,0.0624700783017929,,,,
clintox,classification,2,stratified_scaffold_group,27,xgb_100_d3,boosting,868,612,0.8306629934389386,0.0946263999794609,0.8306629934389386,0.3723132369294694,0.0632186124849528,,,,
clintox,classification,2,stratified_scaffold_group,28,xgb_60_d6,boosting,868,612,0.8336716569398629,0.0842373999767005,0.8336716569398629,0.3863465429002727,0.0627607166410604,,,,
clintox,classification,2,stratified_scaffold_group,29,cat_60_d4,boosting,868,612,0.7886323268206038,0.363151800003834,0.7886323268206038,0.3029084808971183,0.0676523391879472,,,,
clintox,classification,2,stratified_scaffold_group,30,cat_80_d6,boosting,868,612,0.7702903541523181,1.2116991999791935,0.7702903541523181,0.2931976739658969,0.06794334474797,,,,
clintox,classification,2,stratified_scaffold_group,31,cat_100_d4,boosting,868,612,0.7697828687425237,0.4694217999931425,0.7697828687425237,0.3084359584400945,0.0672523407948666,,,,
clintox,classification,2,stratified_scaffold_group,32,cat_60_d8,boosting,868,612,0.756153260593758,2.826768400031142,0.756153260593758,0.275834220621925,0.0689959058359218,,,,
clintox,classification,3,stratified_scaffold_group,1,logreg_l2_c0.1,linear,1031,449,0.8173758865248226,0.0062636000220663,0.8173758865248226,0.2785806463066119,0.0957082253857275,,,,
clintox,classification,3,stratified_scaffold_group,2,logreg_l2_c1,linear,1031,449,0.7965539188943443,0.0098448999924585,0.7965539188943443,0.3032804128724216,0.082917885621961,,,,
clintox,classification,3,stratified_scaffold_group,3,logreg_l2_c10,linear,1031,449,0.7962811420258228,0.0136665000463835,0.7962811420258228,0.3149879091794436,0.0916989055541521,,,,
clintox,classification,3,stratified_scaffold_group,4,logreg_l1_c1,linear,1031,449,0.7682760501909438,0.0172677999944426,0.7682760501909438,0.2865732578395852,0.0944604058998402,,,,
clintox,classification,3,stratified_scaffold_group,5,rf_60_sqrt,bagging,1031,449,0.7754591743953445,0.1159592000185512,0.7754591743953445,0.2621629884933789,0.0507242801885241,,,,
clintox,classification,3,stratified_scaffold_group,6,rf_90_d12,bagging,1031,449,0.7965539188943443,0.1547268000431358,0.7965539188943443,0.2749187362441372,0.0574245289820326,,,,
clintox,classification,3,stratified_scaffold_group,7,rf_90_leaf2,bagging,1031,449,0.7714129841789417,0.1771172999870032,0.7714129841789417,0.1873017381972703,0.0566882399676239,,,,
clintox,classification,3,stratified_scaffold_group,8,rf_120_d20_leaf2,bagging,1031,449,0.807374068012366,0.2134838000056333,0.807374068012366,0.2341458017809661,0.0552492041925664,,,,
clintox,classification,3,stratified_scaffold_group,9,et_60_sqrt,bagging,1031,449,0.8000545553737043,0.0781219999771565,0.8000545553737043,0.2492771083810062,0.0495773615985561,,,,
clintox,classification,3,stratified_scaffold_group,10,et_90_d12,bagging,1031,449,0.8256501182033097,0.1051486000069417,0.8256501182033097,0.2611273012714194,0.0636859568643209,,,,
clintox,classification,3,stratified_scaffold_group,11,et_90_leaf2,bagging,1031,449,0.819012547735952,0.0981421999749727,0.819012547735952,0.2409775860529364,0.0532184425615517,,,,
clintox,classification,3,stratified_scaffold_group,12,et_120_d20_leaf2,bagging,1031,449,0.8117384979087108,0.1231356000062078,0.8117384979087108,0.2549142205821891,0.0545077560381754,,,,
clintox,classification,3,stratified_scaffold_group,13,histgb_lr0.05,boosting,1031,449,0.8265593744317149,1.039126200019382,0.8265593744317149,0.2385211418751909,0.0512240204962005,,,,
clintox,classification,3,stratified_scaffold_group,14,histgb_lr0.1,boosting,1031,449,0.8036461174759048,0.8907202999689616,0.8036461174759048,0.1964360089889314,0.0540842207090312,,,,
clintox,classification,3,stratified_scaffold_group,15,gb_lr0.05_d2,boosting,1031,449,0.7738225131842152,0.4307217999594286,0.7738225131842152,0.1732269596678845,0.0522472533936361,,,,
clintox,classification,3,stratified_scaffold_group,16,gb_lr0.1_d3,boosting,1031,449,0.8039188943444263,0.7193750999867916,0.8039188943444263,0.1936329251730447,0.0532055700875751,,,,
clintox,classification,3,stratified_scaffold_group,17,lgbm_60_l15,boosting,1031,449,0.811102018548827,0.1402665000059642,0.811102018548827,0.2151616815025977,0.0505273092320786,,,,
clintox,classification,3,stratified_scaffold_group,18,lgbm_90_l31,boosting,1031,449,0.7635479178032369,0.2631043999572284,0.7635479178032369,0.2097695425066507,0.0523468533006306,,,,
clintox,classification,3,stratified_scaffold_group,19,lgbm_60_l63,boosting,1031,449,0.7961902164029824,0.1973257000208832,0.7961902164029824,0.2427909088115883,0.0516604288069016,,,,
clintox,classification,3,stratified_scaffold_group,20,lgbm_100_leaf10,boosting,1031,449,0.8034188034188035,0.2234663999988697,0.8034188034188035,0.2143449276443646,0.0542611535406519,,,,
clintox,classification,3,stratified_scaffold_group,21,lgbm_100_leaf30,boosting,1031,449,0.8101927623204219,0.1484832999994978,0.8101927623204219,0.2572833694499759,0.0500896033241458,,,,
clintox,classification,3,stratified_scaffold_group,22,lgbm_80_ff0.7,boosting,1031,449,0.7907346790325515,0.1603469000547193,0.7907346790325515,0.228775664823549,0.0531657940750189,,,,
clintox,classification,3,stratified_scaffold_group,23,lgbm_80_bag0.8,boosting,1031,449,0.8095562829605383,0.2176829999662004,0.8095562829605383,0.2679995968167117,0.0494041816265584,,,,
clintox,classification,3,stratified_scaffold_group,24,lgbm_120_l15,boosting,1031,449,0.8161938534278961,0.2486136000370606,0.8161938534278961,0.1948466035441153,0.0530712942738435,,,,
clintox,classification,3,stratified_scaffold_group,25,xgb_60_d3,boosting,1031,449,0.8351518457901437,0.0780282999621704,0.8351518457901437,0.2368427820981255,0.0496801120812473,,,,
clintox,classification,3,stratified_scaffold_group,26,xgb_80_d5,boosting,1031,449,0.8263775231860339,0.102260599960573,0.8263775231860339,0.2419039361477516,0.0496141140996196,,,,
clintox,classification,3,stratified_scaffold_group,27,xgb_100_d3,boosting,1031,449,0.8444717221312966,0.0839213000144809,0.8444717221312966,0.2582296839031702,0.0482777610666299,,,,
clintox,classification,3,stratified_scaffold_group,28,xgb_60_d6,boosting,1031,449,0.8365611929441717,0.0863544000312686,0.8365611929441717,0.2661706004310094,0.0484265060370075,,,,
clintox,classification,3,stratified_scaffold_group,29,cat_60_d4,boosting,1031,449,0.7843698854337152,0.3804347999976016,0.7843698854337152,0.1880076098881803,0.0517176030767632,,,,
clintox,classification,3,stratified_scaffold_group,30,cat_80_d6,boosting,1031,449,0.824104382615021,1.243126799992751,0.824104382615021,0.2530060288627965,0.0499917164343726,,,,
clintox,classification,3,stratified_scaffold_group,31,cat_100_d4,boosting,1031,449,0.7927350427350428,0.5263887000037357,0.7927350427350428,0.1752675095879061,0.0521085108270412,,,,
clintox,classification,3,stratified_scaffold_group,32,cat_60_d8,boosting,1031,449,0.8391980360065466,3.2119542000000365,0.8391980360065466,0.3301557230513834,0.0479445403602283,,,,
esol,regression,1,seeded_scaffold_group_balanced,1,ridge_a0.1,linear,752,376,-2.3660519805842597,0.0060907000442966,,,,2.3660519805842597,1.8078441855526983,-1.1283667076759727,0.4607709619624384
esol,regression,1,seeded_scaffold_group_balanced,2,ridge_a1,linear,752,376,-1.7669455536568257,0.0068774000392295,,,,1.7669455536568257,1.402820713326018,-0.1869822613237719,0.544795361479043
esol,regression,1,seeded_scaffold_group_balanced,3,ridge_a10,linear,752,376,-1.5118257118685718,0.0057946000015363,,,,1.5118257118685718,1.2182035730671374,0.1310368730651218,0.595401841789292
esol,regression,1,seeded_scaffold_group_balanced,4,elasticnet_a0.001,linear,752,376,-1.8032988919854287,0.074675699986983,,,,1.8032988919854287,1.4321142712894908,-0.2363269194449466,0.5362212289308332
esol,regression,1,seeded_scaffold_group_balanced,5,rf_60_sqrt,bagging,752,376,-1.8044157000658525,0.0907342999707907,,,,1.8044157000658525,1.4803154338214972,-0.2378587425448532,0.4231657570719125
esol,regression,1,seeded_scaffold_group_balanced,6,rf_90_d12,bagging,752,376,-1.6893269291278656,0.1166158000123687,,,,1.6893269291278656,1.3867804311262537,-0.0849889222607436,0.4268744812124496
esol,regression,1,seeded_scaffold_group_balanced,7,rf_90_leaf2,bagging,752,376,-1.7069664307251944,0.1210822999710217,,,,1.7069664307251944,1.393671434262797,-0.107765548749378,0.411526531854386
esol,regression,1,seeded_scaffold_group_balanced,8,rf_120_d20_leaf2,bagging,752,376,-1.7148700256561031,0.1372633000137284,,,,1.7148700256561031,1.4148290929771838,-0.1180476485962203,0.4223856850616879
esol,regression,1,seeded_scaffold_group_balanced,9,et_60_sqrt,bagging,752,376,-1.8194461242089368,0.061844200012274,,,,1.8194461242089368,1.453725627955082,-0.2585668666895813,0.469788828602028
esol,regression,1,seeded_scaffold_group_balanced,10,et_90_d12,bagging,752,376,-1.7313553364015886,0.0714301000116393,,,,1.7313553364015886,1.413832814759072,-0.1396469003287304,0.4162892160972042
esol,regression,1,seeded_scaffold_group_balanced,11,et_90_leaf2,bagging,752,376,-1.7716329194314573,0.0768181000021286,,,,1.7716329194314573,1.445967481303,-0.1932882846033585,0.4252508130546813
esol,regression,1,seeded_scaffold_group_balanced,12,et_120_d20_leaf2,bagging,752,376,-1.727422725932235,0.1021796000422909,,,,1.727422725932235,1.4127034164070642,-0.1344755790422036,0.4344999968211093
esol,regression,1,seeded_scaffold_group_balanced,13,histgb_lr0.05,boosting,752,376,-1.727264945638352,1.3551426000194624,,,,1.727264945638352,1.3818262683000666,-0.1342683457890185,0.4949941463565225
esol,regression,1,seeded_scaffold_group_balanced,14,histgb_lr0.1,boosting,752,376,-1.6749869556209611,1.078447400010191,,,,1.6749869556209611,1.3308808815231143,-0.066647088590704,0.5117242554850621
esol,regression,1,seeded_scaffold_group_balanced,15,gb_lr0.05_d2,boosting,752,376,-1.777384861965038,0.392296299978625,,,,1.777384861965038,1.4848814413071396,-0.20104933685933,0.4341553048310363
esol,regression,1,seeded_scaffold_group_balanced,16,gb_lr0.1_d3,boosting,752,376,-1.7280167351400375,0.5425694999867119,,,,1.7280167351400375,1.393111574078584,-0.1352559378912843,0.4520684619101588
esol,regression,1,seeded_scaffold_group_balanced,17,lgbm_60_l15,boosting,752,376,-1.7975124158974576,0.0494920000201091,,,,1.7975124158974576,1.4457605391932635,-0.2284053283561857,0.4410615877450068
esol,regression,1,seeded_scaffold_group_balanced,18,lgbm_90_l31,boosting,752,376,-1.7813175971526518,0.1019323000218719,,,,1.7813175971526518,1.431242850395232,-0.2063702268048259,0.4722772593025896
esol,regression,1,seeded_scaffold_group_balanced,19,lgbm_60_l63,boosting,752,376,-1.7562977380859834,0.0941941000055521,,,,1.7562977380859834,1.3998151027860453,-0.1727195843006836,0.4888095284281377
esol,regression,1,seeded_scaffold_group_balanced,20,lgbm_100_leaf10,boosting,752,376,-1.7282077744442177,0.2077227000263519,,,,1.7282077744442177,1.3857396542423328,-0.1355069661231673,0.5350781542314346
esol,regression,1,seeded_scaffold_group_balanced,21,lgbm_100_leaf30,boosting,752,376,-1.7953919373492877,0.0700959000387229,,,,1.7953919373492877,1.4410547990497948,-0.2255088023431664,0.4711625689451198
esol,regression,1,seeded_scaffold_group_balanced,22,lgbm_80_ff0.7,boosting,752,376,-1.735924579449442,0.070804200018756,,,,1.735924579449442,1.401900684751283,-0.1456701526623467,0.4986762981414547
esol,regression,1,seeded_scaffold_group_balanced,23,lgbm_80_bag0.8,boosting,752,376,-1.7534075453166231,0.0939841999788768,,,,1.7534075453166231,1.4048342094724922,-0.168863066382471,0.4958471098549594
esol,regression,1,seeded_scaffold_group_balanced,24,lgbm_120_l15,boosting,752,376,-1.739869230952794,0.1038848999887704,,,,1.739869230952794,1.3958335441433356,-0.1508828263636461,0.4828548224965804
esol,regression,1,seeded_scaffold_group_balanced,25,xgb_60_d3,boosting,752,376,-1.7780978096062003,0.0704650999978184,,,,1.7780978096062003,1.438366256651092,-0.2020130640151849,0.4679843511570499
esol,regression,1,seeded_scaffold_group_balanced,26,xgb_80_d5,boosting,752,376,-1.8106884479394485,0.1108637999859638,,,,1.8106884479394485,1.4736074828331145,-0.2464801176124216,0.4854174365661449
esol,regression,1,seeded_scaffold_group_balanced,27,xgb_100_d3,boosting,752,376,-1.7910997888907094,0.0875103999860584,,,,1.7910997888907094,1.4480484440339372,-0.2196562883295587,0.4554047159450443
esol,regression,1,seeded_scaffold_group_balanced,28,xgb_60_d6,boosting,752,376,-1.7955167012628748,0.1016198000288568,,,,1.7955167012628748,1.4546465712089804,-0.2256791323794231,0.4791093077896211
esol,regression,1,seeded_scaffold_group_balanced,29,cat_60_d4,boosting,752,376,-1.7576113179619903,0.2048916000057943,,,,1.7576113179619903,1.4584429251620414,-0.1744744540903537,0.4215020113298236
esol,regression,1,seeded_scaffold_group_balanced,30,cat_80_d6,boosting,752,376,-1.7300056076151198,0.4008540000068024,,,,1.7300056076151198,1.4299278808383915,-0.1378707026696275,0.4430418659881112
esol,regression,1,seeded_scaffold_group_balanced,31,cat_100_d4,boosting,752,376,-1.7032022060223342,0.2819693000055849,,,,1.7032022060223342,1.4129073427214338,-0.1028852176153156,0.4541544179655765
esol,regression,1,seeded_scaffold_group_balanced,32,cat_60_d8,boosting,752,376,-1.7196375014476517,0.6604913999908604,,,,1.7196375014476517,1.4153434769228173,-0.1242728135360851,0.4531862517790667
esol,regression,2,seeded_scaffold_group_balanced,1,ridge_a0.1,linear,752,376,-2.5516227801910696,0.0069451999734155,,,,2.5516227801910696,1.9823176653055437,-0.0710965234291289,0.505472760472179
esol,regression,2,seeded_scaffold_group_balanced,2,ridge_a1,linear,752,376,-1.9490804250269236,0.0063888999866321,,,,1.9490804250269236,1.5476786544766832,0.3750357315988859,0.6196203748258634
esol,regression,2,seeded_scaffold_group_balanced,3,ridge_a10,linear,752,376,-1.7382228592700852,0.0063941999687813,,,,1.7382228592700852,1.3524629087460802,0.5029425560690484,0.7232683211989113
esol,regression,2,seeded_scaffold_group_balanced,4,elasticnet_a0.001,linear,752,376,-1.9768260408792504,0.021715699986089,,,,1.9768260408792504,1.5640533171892168,0.3571160625093731,0.6117530453169313
esol,regression,2,seeded_scaffold_group_balanced,5,rf_60_sqrt,bagging,752,376,-1.8196464379055688,0.0656346000032499,,,,1.8196464379055688,1.3943011440743551,0.4552845526686471,0.7638885737819583
esol,regression,2,seeded_scaffold_group_balanced,6,rf_90_d12,bagging,752,376,-1.985422077545646,0.1016854000044986,,,,1.985422077545646,1.5196985212104406,0.3515128693356429,0.7385697396512625
esol,regression,2,seeded_scaffold_group_balanced,7,rf_90_leaf2,bagging,752,376,-1.896709388695508,0.1009232999640517,,,,1.896709388695508,1.443672329491936,0.4081696181470852,0.752998361180075
esol,regression,2,seeded_scaffold_group_balanced,8,rf_120_d20_leaf2,bagging,752,376,-1.9301347336977608,0.1251355999847874,,,,1.9301347336977608,1.4771874654306425,0.3871263911836232,0.7510185906587996
esol,regression,2,seeded_scaffold_group_balanced,9,et_60_sqrt,bagging,752,376,-1.7382677502313764,0.0572817000211216,,,,1.7382677502313764,1.3170699911347516,0.5029168819450587,0.7763543968948199
esol,regression,2,seeded_scaffold_group_balanced,10,et_90_d12,bagging,752,376,-1.9389652480870807,0.06854619999649,,,,1.9389652480870807,1.4712979717262071,0.3815056754277783,0.7577875574487752
esol,regression,2,seeded_scaffold_group_balanced,11,et_90_leaf2,bagging,752,376,-1.8386178790993648,0.0739794999826699,,,,1.8386178790993648,1.4027721680316467,0.4438670512810424,0.7695178777172982
esol,regression,2,seeded_scaffold_group_balanced,12,et_120_d20_leaf2,bagging,752,376,-1.8846841050588692,0.0907238000072538,,,,1.8846841050588692,1.4331405785983833,0.4156503290164512,0.7602672747575668
esol,regression,2,seeded_scaffold_group_balanced,13,histgb_lr0.05,boosting,752,376,-1.7467275352829184,1.0385008999728598,,,,1.7467275352829184,1.3469418766200716,0.4980667093701203,0.7497074721707998
esol,regression,2,seeded_scaffold_group_balanced,14,histgb_lr0.1,boosting,752,376,-1.708638395678101,0.8400853999773972,,,,1.708638395678101,1.321001714306461,0.5197183533614136,0.746604531663112
esol,regression,2,seeded_scaffold_group_balanced,15,gb_lr0.05_d2,boosting,752,376,-2.014850743229321,0.2937597999698482,,,,2.014850743229321,1.5742076923036783,0.3321461592671786,0.7336870215020224
esol,regression,2,seeded_scaffold_group_balanced,16,gb_lr0.1_d3,boosting,752,376,-1.7945560823367366,0.4084607999539003,,,,1.7945560823367366,1.3856001066362669,0.470202702632031,0.7601395894595564
esol,regression,2,seeded_scaffold_group_balanced,17,lgbm_60_l15,boosting,752,376,-1.819181398000603,0.034081999969203,,,,1.819181398000603,1.4083233542259137,0.4555629386729802,0.7410326616867029
esol,regression,2,seeded_scaffold_group_balanced,18,lgbm_90_l31,boosting,752,376,-1.7831098210442302,0.0532514000078663,,,,1.7831098210442302,1.3777274553294132,0.4769395871958495,0.7285972090488618
esol,regression,2,seeded_scaffold_group_balanced,19,lgbm_60_l63,boosting,752,376,-1.7546016375666225,0.0395920000155456,,,,1.7546016375666225,1.3554229044375306,0.49353116246746,0.7414703473151836
esol,regression,2,seeded_scaffold_group_balanced,20,lgbm_100_leaf10,boosting,752,376,-1.7132829097629234,0.0889097999897785,,,,1.7132829097629234,1.330978744214106,0.5171037490669064,0.7626006527288901
esol,regression,2,seeded_scaffold_group_balanced,21,lgbm_100_leaf30,boosting,752,376,-1.7557751714645171,0.0478227999992668,,,,1.7557751714645171,1.3679960299714518,0.4928534506731546,0.7360493067873065
esol,regression,2,seeded_scaffold_group_balanced,22,lgbm_80_ff0.7,boosting,752,376,-1.7523861170107606,0.0483455000212416,,,,1.7523861170107606,1.3541561355502536,0.4948093827407823,0.7373894234706275
esol,regression,2,seeded_scaffold_group_balanced,23,lgbm_80_bag0.8,boosting,752,376,-1.7417038030428993,0.0449696000432595,,,,1.7417038030428993,1.3467232876878068,0.5009497604126756,0.739589082279639
esol,regression,2,seeded_scaffold_group_balanced,24,lgbm_120_l15,boosting,752,376,-1.7468618466903836,0.0515798000269569,,,,1.7468618466903836,1.3451092416092083,0.4979895159243804,0.7487713915133042
esol,regression,2,seeded_scaffold_group_balanced,25,xgb_60_d3,boosting,752,376,-1.857473003808579,0.0518301000120118,,,,1.857473003808579,1.4309089260646637,0.4324022186551801,0.7497231984897613
esol,regression,2,seeded_scaffold_group_balanced,26,xgb_80_d5,boosting,752,376,-1.7841150713922995,0.085973700042814,,,,1.7841150713922995,1.373892587997812,0.4763496573206961,0.7631036511969304
esol,regression,2,seeded_scaffold_group_balanced,27,xgb_100_d3,boosting,752,376,-1.856544584540193,0.0764724999899044,,,,1.856544584540193,1.4352884619286717,0.4329694807565768,0.7522528962493357
esol,regression,2,seeded_scaffold_group_balanced,28,xgb_60_d6,boosting,752,376,-1.7543840255867598,0.0907656999770551,,,,1.7543840255867598,1.3505159860388078,0.4936567828357151,0.7640831149922532
esol,regression,2,seeded_scaffold_group_balanced,29,cat_60_d4,boosting,752,376,-1.9299700102908552,0.160605699988082,,,,1.9299700102908552,1.493409165266377,0.387230995612735,0.7567790921996609
esol,regression,2,seeded_scaffold_group_balanced,30,cat_80_d6,boosting,752,376,-1.9548506404627524,0.2728323999908753,,,,1.9548506404627524,1.5037451303452931,0.3713298645312211,0.7397926038399361
esol,regression,2,seeded_scaffold_group_balanced,31,cat_100_d4,boosting,752,376,-1.9513592673973128,0.1802647999720648,,,,1.9513592673973128,1.5198778249600653,0.373573475231487,0.742317494136821
esol,regression,2,seeded_scaffold_group_balanced,32,cat_60_d8,boosting,752,376,-1.8918628612940456,0.4767818000400439,,,,1.8918628612940456,1.4445475521555202,0.4111902786334277,0.7725317746463255
esol,regression,3,seeded_scaffold_group_balanced,1,ridge_a0.1,linear,752,376,-2.8207808927731453,0.0070940000005066,,,,2.8207808927731453,2.0815342621879376,-0.8325043206854439,0.4452663540064578
esol,regression,3,seeded_scaffold_group_balanced,2,ridge_a1,linear,752,376,-1.9906415812651888,0.0060019999509677,,,,1.9906415812651888,1.4990845706894045,0.0873748264745806,0.6120159829338677
esol,regression,3,seeded_scaffold_group_balanced,3,ridge_a10,linear,752,376,-1.4694417677906246,0.0070183000061661,,,,1.4694417677906246,1.1119179673118795,0.5027084710945483,0.7308087973863078
esol,regression,3,seeded_scaffold_group_balanced,4,elasticnet_a0.001,linear,752,376,-2.0617794638902653,0.0376357000204734,,,,2.0617794638902653,1.5497890242972272,0.0209819021973333,0.595966905395184
esol,regression,3,seeded_scaffold_group_balanced,5,rf_60_sqrt,bagging,752,376,-1.3888238755202904,0.0840114000020548,,,,1.3888238755202904,1.0440294765365643,0.5557774008774223,0.7545639966368407
esol,regression,3,seeded_scaffold_group_balanced,6,rf_90_d12,bagging,752,376,-1.5408074126410305,0.1002761999843642,,,,1.5408074126410305,1.174874115047131,0.4532320881638516,0.7433218476683369
esol,regression,3,seeded_scaffold_group_balanced,7,rf_90_leaf2,bagging,752,376,-1.4815679451133823,0.0901341999997384,,,,1.4815679451133823,1.11103769531458,0.494467073727421,0.7575359644226533
esol,regression,3,seeded_scaffold_group_balanced,8,rf_120_d20_leaf2,bagging,752,376,-1.5002884053973953,0.1255709000397473,,,,1.5002884053973953,1.1327500294309274,0.4816109648648113,0.754139365310968
esol,regression,3,seeded_scaffold_group_balanced,9,et_60_sqrt,bagging,752,376,-1.366991924261849,0.0527726999716833,,,,1.366991924261849,1.0243088969098275,0.5696337570995793,0.7604441584979083
esol,regression,3,seeded_scaffold_group_balanced,10,et_90_d12,bagging,752,376,-1.5489037619443924,0.0767150999745354,,,,1.5489037619443924,1.1830891465734232,0.4474708819378786,0.7411489844830398
esol,regression,3,seeded_scaffold_group_balanced,11,et_90_leaf2,bagging,752,376,-1.4427243620726404,0.0817071000346914,,,,1.4427243620726404,1.0890843827804173,0.5206275933676059,0.7565380469447054
esol,regression,3,seeded_scaffold_group_balanced,12,et_120_d20_leaf2,bagging,752,376,-1.4752506722019625,0.0966773999971337,,,,1.4752506722019625,1.114242903772679,0.4987689768320177,0.7552652817053274
esol,regression,3,seeded_scaffold_group_balanced,13,histgb_lr0.05,boosting,752,376,-1.4540317658271704,1.1307662000181151,,,,1.4540317658271704,1.1038736962238174,0.5130839502327955,0.7344023657466152
esol,regression,3,seeded_scaffold_group_balanced,14,histgb_lr0.1,boosting,752,376,-1.4297684420593022,0.879965899977833,,,,1.4297684420593022,1.086032224822582,0.5291986331028173,0.7345289722938724
esol,regression,3,seeded_scaffold_group_balanced,15,gb_lr0.05_d2,boosting,752,376,-1.6231080222251864,0.2941949000232853,,,,1.6231080222251864,1.2596612802685756,0.3932620645187811,0.6857012045489055
esol,regression,3,seeded_scaffold_group_balanced,16,gb_lr0.1_d3,boosting,752,376,-1.4898481807556443,0.4414499999838881,,,,1.4898481807556443,1.1330974134179823,0.488800605301439,0.7320562530930068
esol,regression,3,seeded_scaffold_group_balanced,17,lgbm_60_l15,boosting,752,376,-1.4900529832229217,0.0310092000290751,,,,1.4900529832229217,1.1424202112031134,0.488660051257589,0.7282722999171318
esol,regression,3,seeded_scaffold_group_balanced,18,lgbm_90_l31,boosting,752,376,-1.4498857556791624,0.0545222000218927,,,,1.4498857556791624,1.1024795482591427,0.5158567655144519,0.734401116187222
esol,regression,3,seeded_scaffold_group_balanced,19,lgbm_60_l63,boosting,752,376,-1.4426310545449963,0.0410849999752827,,,,1.4426310545449963,1.0951981495875485,0.5206895977377325,0.7361445774294992
esol,regression,3,seeded_scaffold_group_balanced,20,lgbm_100_leaf10,boosting,752,376,-1.4162483199746188,0.0944922999478876,,,,1.4162483199746188,1.034045542411708,0.538060482554229,0.7564310715038213
esol,regression,3,seeded_scaffold_group_balanced,21,lgbm_100_leaf30,boosting,752,376,-1.3835943217957982,0.0532597000128589,,,,1.3835943217957982,1.0702339647451755,0.5591165027619519,0.7590832144160937
esol,regression,3,seeded_scaffold_group_balanced,22,lgbm_80_ff0.7,boosting,752,376,-1.420871746503681,0.070442299998831,,,,1.420871746503681,1.0821192125479706,0.5350395016710607,0.7441644639806672
esol,regression,3,seeded_scaffold_group_balanced,23,lgbm_80_bag0.8,boosting,752,376,-1.3849750234562923,0.0669116000062786,,,,1.3849750234562923,1.058013060991927,0.5582361402234748,0.7566851520193181
esol,regression,3,seeded_scaffold_group_balanced,24,lgbm_120_l15,boosting,752,376,-1.4616872666876792,0.0700820999918505,,,,1.4616872666876792,1.1060067020090854,0.5079432109080234,0.7348728690260646
esol,regression,3,seeded_scaffold_group_balanced,25,xgb_60_d3,boosting,752,376,-1.516634094839686,0.0519289000076241,,,,1.516634094839686,1.1734046816356638,0.4702537014606002,0.7231911206964707
esol,regression,3,seeded_scaffold_group_balanced,26,xgb_80_d5,boosting,752,376,-1.435932649534447,0.0873170000268146,,,,1.435932649534447,1.0746267527234048,0.525130319358805,0.7581748332275148
esol,regression,3,seeded_scaffold_group_balanced,27,xgb_100_d3,boosting,752,376,-1.510331038594675,0.0719191000098362,,,,1.510331038594675,1.1616425170505302,0.4746477505251564,0.717596095410012
esol,regression,3,seeded_scaffold_group_balanced,28,xgb_60_d6,boosting,752,376,-1.3886441613483664,0.0714204999967478,,,,1.3886441613483664,1.0457918429128192,0.5558923584796736,0.7680627268207233
esol,regression,3,seeded_scaffold_group_balanced,29,cat_60_d4,boosting,752,376,-1.578850830269733,0.1690570999635383,,,,1.578850830269733,1.2220672025069874,0.4258987392217063,0.7110541734535505
esol,regression,3,seeded_scaffold_group_balanced,30,cat_80_d6,boosting,752,376,-1.5238573357854113,0.3093881999957375,,,,1.5238573357854113,1.1791539111589715,0.4651956623103056,0.7356190814600025
esol,regression,3,seeded_scaffold_group_balanced,31,cat_100_d4,boosting,752,376,-1.5662609869601307,0.2528611000161618,,,,1.5662609869601307,1.2087587416127312,0.4350180646990514,0.7243149234388633
esol,regression,3,seeded_scaffold_group_balanced,32,cat_60_d8,boosting,752,376,-1.512539658299458,0.4884520000196062,,,,1.512539658299458,1.1601280672755316,0.4731101383324563,0.7421954796515442
freesolv,regression,1,seeded_scaffold_group_balanced,1,ridge_a0.1,linear,428,214,-3.199653460788003,0.0035445999819785,,,,3.199653460788003,2.237483647448994,0.3747036320839201,0.7072593129916188
freesolv,regression,1,seeded_scaffold_group_balanced,2,ridge_a1,linear,428,214,-2.7014380689256883,0.003883900004439,,,,2.7014380689256883,1.7643161499945914,0.5542718648064417,0.7690576212969243
freesolv,regression,1,seeded_scaffold_group_balanced,3,ridge_a10,linear,428,214,-2.7209398489550094,0.0036768999998457,,,,2.7209398489550094,1.8147533017006987,0.5478131805564037,0.7641878139491688
freesolv,regression,1,seeded_scaffold_group_balanced,4,elasticnet_a0.001,linear,428,214,-2.8627659960612077,0.0244638000149279,,,,2.8627659960612077,1.901226518967441,0.4994451000060299,0.7525441131521341
freesolv,regression,1,seeded_scaffold_group_balanced,5,rf_60_sqrt,bagging,428,214,-2.8591277866613054,0.0676766000105999,,,,2.8591277866613054,1.834439276442664,0.5007165740540583,0.7906766516284047
freesolv,regression,1,seeded_scaffold_group_balanced,6,rf_90_d12,bagging,428,214,-3.180457234622806,0.099575400003232,,,,3.180457234622806,2.185610735296414,0.3821840194649644,0.736863872269136
freesolv,regression,1,seeded_scaffold_group_balanced,7,rf_90_leaf2,bagging,428,214,-3.088579343240085,0.0847664999892003,,,,3.088579343240085,2.095224119936733,0.4173636958705612,0.7425265386205805
freesolv,regression,1,seeded_scaffold_group_balanced,8,rf_120_d20_leaf2,bagging,428,214,-3.106088884228609,0.11476909997873,,,,3.106088884228609,2.11779679228775,0.4107388949836281,0.743300417987888
freesolv,regression,1,seeded_scaffold_group_balanced,9,et_60_sqrt,bagging,428,214,-2.7876158843551053,0.0403930000029504,,,,2.7876158843551053,1.70973676012461,0.5253801714134141,0.8198165159377364
freesolv,regression,1,seeded_scaffold_group_balanced,10,et_90_d12,bagging,428,214,-3.147504690035247,0.0610625000554136,,,,3.147504690035247,2.136265953644429,0.3949200130234045,0.7500306889000968
freesolv,regression,1,seeded_scaffold_group_balanced,11,et_90_leaf2,bagging,428,214,-3.0208159344927266,0.0696457000449299,,,,3.0208159344927266,2.0245929930584183,0.4426493088527778,0.7532824067037522
freesolv,regression,1,seeded_scaffold_group_balanced,12,et_120_d20_leaf2,bagging,428,214,-3.0183108053060117,0.094293900008779,,,,3.0183108053060117,2.0336849303736733,0.4435733350580054,0.7629681466867925
freesolv,regression,1,seeded_scaffold_group_balanced,13,histgb_lr0.05,boosting,428,214,-3.1076232886022246,0.8419552999548614,,,,3.1076232886022246,2.136740928968285,0.4101565625529462,0.6336579106006675
freesolv,regression,1,seeded_scaffold_group_balanced,14,histgb_lr0.1,boosting,428,214,-3.039938134822181,0.664757999998983,,,,3.039938134822181,2.074786881224949,0.4355707549673862,0.6430579629252415
freesolv,regression,1,seeded_scaffold_group_balanced,15,gb_lr0.05_d2,boosting,428,214,-3.225841740240013,0.1704533000010997,,,,3.225841740240013,2.285504431630078,0.3644259876862868,0.671719969052657
freesolv,regression,1,seeded_scaffold_group_balanced,16,gb_lr0.1_d3,boosting,428,214,-2.807812071492672,0.2320738999987952,,,,2.807812071492672,1.808923386325416,0.5184780481403783,0.7763752691060133
freesolv,regression,1,seeded_scaffold_group_balanced,17,lgbm_60_l15,boosting,428,214,-3.226149534577893,0.0215244999853894,,,,3.226149534577893,2.235432371722929,0.3643046950557745,0.6092796164446077
freesolv,regression,1,seeded_scaffold_group_balanced,18,lgbm_90_l31,boosting,428,214,-3.13410918898995,0.027745799976401,,,,3.13410918898995,2.154719274383025,0.4000593869527408,0.6291536332525459
freesolv,regression,1,seeded_scaffold_group_balanced,19,lgbm_60_l63,boosting,428,214,-3.104205970969259,0.0195389000000432,,,,3.104205970969259,2.1396852203929937,0.4114530994323792,0.6331887488127794
freesolv,regression,1,seeded_scaffold_group_balanced,20,lgbm_100_leaf10,boosting,428,214,-2.82614356772216,0.0517723999801091,,,,2.82614356772216,1.827022313415308,0.5121700529433488,0.7261853996276325
freesolv,regression,1,seeded_scaffold_group_balanced,21,lgbm_100_leaf30,boosting,428,214,-3.080489769171207,0.0222911000018939,,,,3.080489769171207,2.098497630715967,0.4204117684816996,0.6604657159507914
freesolv,regression,1,seeded_scaffold_group_balanced,22,lgbm_80_ff0.7,boosting,428,214,-3.073465531007351,0.0237124999985098,,,,3.073465531007351,2.117026861722167,0.4230519487608918,0.6472121395700036
freesolv,regression,1,seeded_scaffold_group_balanced,23,lgbm_80_bag0.8,boosting,428,214,-2.972361273508321,0.0197184000280685,,,,2.972361273508321,2.0287751769433,0.4603860037575467,0.6724043400782393
freesolv,regression,1,seeded_scaffold_group_balanced,24,lgbm_120_l15,boosting,428,214,-3.1066927891420777,0.0324230000260286,,,,3.1066927891420777,2.140792787654521,0.4105097371688201,0.6302440849296255
freesolv,regression,1,seeded_scaffold_group_balanced,25,xgb_60_d3,boosting,428,214,-2.923589604463046,0.0381806999794207,,,,2.923589604463046,1.9868646655405795,0.4779491166014433,0.7520369540180863
freesolv,regression,1,seeded_scaffold_group_balanced,26,xgb_80_d5,boosting,428,214,-2.784021679262207,0.0664303000085055,,,,2.784021679262207,1.7497978149208229,0.5266032820134834,0.789392335012415
freesolv,regression,1,seeded_scaffold_group_balanced,27,xgb_100_d3,boosting,428,214,-2.932526768552191,0.0637672000448219,,,,2.932526768552191,1.98423068692751,0.4747525081208994,0.7444374650774905
freesolv,regression,1,seeded_scaffold_group_balanced,28,xgb_60_d6,boosting,428,214,-2.776185665325983,0.0704251999850384,,,,2.776185665325983,1.740021631496253,0.5292644127050123,0.7852371675362726
freesolv,regression,1,seeded_scaffold_group_balanced,29,cat_60_d4,boosting,428,214,-3.1403682304222422,0.1221765999798663,,,,3.1403682304222422,2.2288081832877618,0.397660745116793,0.6889010659347571
freesolv,regression,1,seeded_scaffold_group_balanced,30,cat_80_d6,boosting,428,214,-3.0373048480598923,0.197466500045266,,,,3.0373048480598923,2.1525267964858714,0.4365481829625882,0.7170960210472761
freesolv,regression,1,seeded_scaffold_group_balanced,31,cat_100_d4,boosting,428,214,-3.133020011063736,0.1684550999780185,,,,3.133020011063736,2.220463372751806,0.4004763019292124,0.6984628251358331
freesolv,regression,1,seeded_scaffold_group_balanced,32,cat_60_d8,boosting,428,214,-3.064775395997267,0.3354009999893605,,,,3.064775395997267,2.130447801266888,0.4263099441948932,0.7204515099521667
freesolv,regression,2,seeded_scaffold_group_balanced,1,ridge_a0.1,linear,428,214,-3.065439050604231,0.0035366000374779,,,,3.065439050604231,2.24312267759693,0.3872367742490279,0.6382043425945819
freesolv,regression,2,seeded_scaffold_group_balanced,2,ridge_a1,linear,428,214,-2.406047524801259,0.0037023999611847,,,,2.406047524801259,1.7436385237836391,0.6225010696901052,0.7429975562605913
freesolv,regression,2,seeded_scaffold_group_balanced,3,ridge_a10,linear,428,214,-2.6162663437002283,0.0036725000245496,,,,2.6162663437002283,1.757206822165819,0.5536544273247921,0.7883010309509743
freesolv,regression,2,seeded_scaffold_group_balanced,4,elasticnet_a0.001,linear,428,214,-2.564466573545621,0.0209549000137485,,,,2.564466573545621,1.877823895160283,0.5711539562900858,0.7002654988589753
freesolv,regression,2,seeded_scaffold_group_balanced,5,rf_60_sqrt,bagging,428,214,-2.79449318346505,0.0702701999689452,,,,2.79449318346505,1.905527045628739,0.4907706441069631,0.768107068975068
freesolv,regression,2,seeded_scaffold_group_balanced,6,rf_90_d12,bagging,428,214,-3.046073612677092,0.0870691000018268,,,,3.046073612677092,2.1276264123483166,0.394954393717534,0.7334851490187879
freesolv,regression,2,seeded_scaffold_group_balanced,7,rf_90_leaf2,bagging,428,214,-3.017290257037727,0.0892271999618969,,,,3.017290257037727,2.0469210440344945,0.4063349208332406,0.7394507573672691
freesolv,regression,2,seeded_scaffold_group_balanced,8,rf_120_d20_leaf2,bagging,428,214,-3.0298531975452985,0.1203810999868437,,,,3.0298531975452985,2.0464720119972606,0.4013810018808832,0.7474405206746105
freesolv,regression,2,seeded_scaffold_group_balanced,9,et_60_sqrt,bagging,428,214,-2.5306074956526703,0.05553549999604,,,,2.5306074956526703,1.784256230529595,0.5824034493211633,0.7832806448157624
freesolv,regression,2,seeded_scaffold_group_balanced,10,et_90_d12,bagging,428,214,-2.768769892041148,0.0650032999692484,,,,2.768769892041148,2.0161336533352703,0.5001024018955655,0.72808876292607
freesolv,regression,2,seeded_scaffold_group_balanced,11,et_90_leaf2,bagging,428,214,-2.869900341364464,0.0795662000309676,,,,2.869900341364464,1.9687479512876895,0.4629175585778815,0.7392738193139493
freesolv,regression,2,seeded_scaffold_group_balanced,12,et_120_d20_leaf2,bagging,428,214,-2.9201735840552807,0.0966147999861277,,,,2.9201735840552807,2.001882047610136,0.4439361547017363,0.7342142481283653
freesolv,regression,2,seeded_scaffold_group_balanced,13,histgb_lr0.05,boosting,428,214,-2.954979862704937,0.8981134999776259,,,,2.954979862704937,2.0310183534371653,0.4306014276895911,0.6887793508160404
freesolv,regression,2,seeded_scaffold_group_balanced,14,histgb_lr0.1,boosting,428,214,-2.817108387828357,0.7519209000165574,,,,2.817108387828357,1.9346021532688285,0.4824951360207904,0.7199035220453811
freesolv,regression,2,seeded_scaffold_group_balanced,15,gb_lr0.05_d2,boosting,428,214,-2.996147109561536,0.1595077000092715,,,,2.996147109561536,2.1438887619066533,0.414625784114496,0.6560859624937685
freesolv,regression,2,seeded_scaffold_group_balanced,16,gb_lr0.1_d3,boosting,428,214,-2.423021622337436,0.2291531999944709,,,,2.423021622337436,1.756356129338775,0.6171559499322761,0.7487223465760076
freesolv,regression,2,seeded_scaffold_group_balanced,17,lgbm_60_l15,boosting,428,214,-3.10203796744074,0.021090899943374,,,,3.10203796744074,2.109515528747902,0.3725176119214594,0.6617155498428925
freesolv,regression,2,seeded_scaffold_group_balanced,18,lgbm_90_l31,boosting,428,214,-2.970423734366336,0.0273318999679759,,,,2.970423734366336,2.032453208377419,0.4246340786195522,0.6875925069360592
freesolv,regression,2,seeded_scaffold_group_balanced,19,lgbm_60_l63,boosting,428,214,-2.9468642921890487,0.0203179999953135,,,,2.9468642921890487,2.032842688421008,0.4337247306693114,0.6869916222865539
freesolv,regression,2,seeded_scaffold_group_balanced,20,lgbm_100_leaf10,boosting,428,214,-2.6082167423533704,0.070168099948205,,,,2.6082167423533704,1.7731821852320515,0.5563967908424639,0.7534832022214707
freesolv,regression,2,seeded_scaffold_group_balanced,21,lgbm_100_leaf30,boosting,428,214,-3.1201725066238257,0.0235790000297129,,,,3.1201725066238257,2.188803886743885,0.3651596329152614,0.651542378775597
freesolv,regression,2,seeded_scaffold_group_balanced,22,lgbm_80_ff0.7,boosting,428,214,-2.9384379547463437,0.0234732999815605,,,,2.9384379547463437,2.021230782380921,0.4369585439557921,0.6959203783939449
freesolv,regression,2,seeded_scaffold_group_balanced,23,lgbm_80_bag0.8,boosting,428,214,-2.9743576549631343,0.022803500003647,,,,2.9743576549631343,2.0286010156471463,0.423109082280645,0.6972808211977054
freesolv,regression,2,seeded_scaffold_group_balanced,24,lgbm_120_l15,boosting,428,214,-2.946049759592618,0.0342259000171907,,,,2.946049759592618,2.0166585439453906,0.4340377317942222,0.6928783310124124
freesolv,regression,2,seeded_scaffold_group_balanced,25,xgb_60_d3,boosting,428,214,-2.5536601424720224,0.0426072999835014,,,,2.5536601424720224,1.8300272888836464,0.5747605784305436,0.7410414892095769
freesolv,regression,2,seeded_scaffold_group_balanced,26,xgb_80_d5,boosting,428,214,-2.412577633869605,0.0723397000110708,,,,2.412577633869605,1.71298925121045,0.6204491946834367,0.7713288535093322
freesolv,regression,2,seeded_scaffold_group_balanced,27,xgb_100_d3,boosting,428,214,-2.5601912022211306,0.0692149000242352,,,,2.5601912022211306,1.8205151066685392,0.5725826726941224,0.7450038327835348
freesolv,regression,2,seeded_scaffold_group_balanced,28,xgb_60_d6,boosting,428,214,-2.2993349732867263,0.0645328999962657,,,,2.2993349732867263,1.635527534400609,0.6552440162618836,0.7670841878008625
freesolv,regression,2,seeded_scaffold_group_balanced,29,cat_60_d4,boosting,428,214,-3.0586397306793005,0.1121393999783322,,,,3.0586397306793005,2.2220963959510134,0.3899520476658802,0.6360709525581818
freesolv,regression,2,seeded_scaffold_group_balanced,30,cat_80_d6,boosting,428,214,-2.951374719081794,0.2262548999860882,,,,2.951374719081794,2.129934217437797,0.4319899389606038,0.6737954261861614
freesolv,regression,2,seeded_scaffold_group_balanced,31,cat_100_d4,boosting,428,214,-3.046989321856658,0.1570453000022098,,,,3.046989321856658,2.218836114309885,0.3945905620019013,0.6342350047904476
freesolv,regression,2,seeded_scaffold_group_balanced,32,cat_60_d8,boosting,428,214,-2.947788296077797,0.2942762000020593,,,,2.947788296077797,2.099675767654333,0.4333695581663338,0.6804078519113635
freesolv,regression,3,seeded_scaffold_group_balanced,1,ridge_a0.1,linear,428,214,-4.227732063191972,0.004448699997738,,,,4.227732063191972,3.2181878186831963,-0.4766177212978835,0.5089263821415667
freesolv,regression,3,seeded_scaffold_group_balanced,2,ridge_a1,linear,428,214,-2.5454767511515928,0.0044121000100858,,,,2.5454767511515928,1.8697811465397056,0.4647071598134521,0.7096473008910342
freesolv,regression,3,seeded_scaffold_group_balanced,3,ridge_a10,linear,428,214,-2.205990817152413,0.0045214999699965,,,,2.205990817152413,1.5895291703660914,0.5979680527318296,0.8068914321449703
freesolv,regression,3,seeded_scaffold_group_balanced,4,elasticnet_a0.001,linear,428,214,-3.00946581364148,0.0339794000028632,,,,3.00946581364148,2.263138930864423,0.2517753815881846,0.6477989019843821
freesolv,regression,3,seeded_scaffold_group_balanced,5,rf_60_sqrt,bagging,428,214,-2.4306730411173367,0.1103578999754972,,,,2.4306730411173367,1.781531014500816,0.5119028708057132,0.7868648913136752
freesolv,regression,3,seeded_scaffold_group_balanced,6,rf_90_d12,bagging,428,214,-2.7660730773659363,0.0870603000512346,,,,2.7660730773659363,2.1406518410133835,0.3679077520122639,0.6945640278882894
freesolv,regression,3,seeded_scaffold_group_balanced,7,rf_90_leaf2,bagging,428,214,-2.6393836835008124,0.0840850999811664,,,,2.6393836835008124,1.9770414895819812,0.4244829159270242,0.7475214018499073
freesolv,regression,3,seeded_scaffold_group_balanced,8,rf_120_d20_leaf2,bagging,428,214,-2.624600423676012,0.1210545999929308,,,,2.624600423676012,1.967335923805885,0.4309118347831189,0.7510216077176088
freesolv,regression,3,seeded_scaffold_group_balanced,9,et_60_sqrt,bagging,428,214,-2.3035022438429853,0.0558843000326305,,,,2.3035022438429853,1.6980517912772584,0.5616404785288955,0.8148898035732808
freesolv,regression,3,seeded_scaffold_group_balanced,10,et_90_d12,bagging,428,214,-2.6686502999132986,0.0588555000140331,,,,2.6686502999132986,2.002820649016306,0.4116489945315869,0.7490685454965195
freesolv,regression,3,seeded_scaffold_group_balanced,11,et_90_leaf2,bagging,428,214,-2.500022704675344,0.0683028000057675,,,,2.500022704675344,1.864916424813606,0.4836536984681113,0.780773663715676
freesolv,regression,3,seeded_scaffold_group_balanced,12,et_120_d20_leaf2,bagging,428,214,-2.529688034902014,0.0845153999980539,,,,2.529688034902014,1.863424860920525,0.4713270400526274,0.7745838646388068
freesolv,regression,3,seeded_scaffold_group_balanced,13,histgb_lr0.05,boosting,428,214,-2.663741126172352,1.037118200038094,,,,2.663741126172352,2.1304310572572813,0.4138116313320078,0.6105757986524251
freesolv,regression,3,seeded_scaffold_group_balanced,14,histgb_lr0.1,boosting,428,214,-2.663280819482408,0.8589507999713533,,,,2.663280819482408,2.110387793580029,0.4140142059075865,0.6112062312557813
freesolv,regression,3,seeded_scaffold_group_balanced,15,gb_lr0.05_d2,boosting,428,214,-2.831743910807303,0.18683580000652,,,,2.831743910807303,2.2296028994055583,0.3375377802074941,0.6990333595171407
freesolv,regression,3,seeded_scaffold_group_balanced,16,gb_lr0.1_d3,boosting,428,214,-2.560182833329066,0.2532648999476805,,,,2.560182833329066,1.9601897192813424,0.4585041565651285,0.7284360689979605
freesolv,regression,3,seeded_scaffold_group_balanced,17,lgbm_60_l15,boosting,428,214,-2.702309269643601,0.0264469999819993,,,,2.702309269643601,2.1660663498497468,0.396713972534807,0.6033487743325439
freesolv,regression,3,seeded_scaffold_group_balanced,18,lgbm_90_l31,boosting,428,214,-2.687595037286346,0.0308787999674677,,,,2.687595037286346,2.1505535519872465,0.4032659414675641,0.601887447447708
freesolv,regression,3,seeded_scaffold_group_balanced,19,lgbm_60_l63,boosting,428,214,-2.661767682491913,0.0229988999781198,,,,2.661767682491913,2.1243159546127037,0.4146798697705591,0.6178047494779189
freesolv,regression,3,seeded_scaffold_group_balanced,20,lgbm_100_leaf10,boosting,428,214,-2.5043614844789843,0.0673594000400044,,,,2.5043614844789843,1.8899096550051933,0.481859909213478,0.7089936789072807
freesolv,regression,3,seeded_scaffold_group_balanced,21,lgbm_100_leaf30,boosting,428,214,-2.798496374255546,0.0303127999650314,,,,2.798496374255546,2.082461684045902,0.3530024113900044,0.7594963059861286
freesolv,regression,3,seeded_scaffold_group_balanced,22,lgbm_80_ff0.7,boosting,428,214,-2.4996552382555386,0.0345587999909184,,,,2.4996552382555386,1.980910560861603,0.4838054778755262,0.6974940251951264
freesolv,regression,3,seeded_scaffold_group_balanced,23,lgbm_80_bag0.8,boosting,428,214,-2.4689198646391977,0.0566487000323832,,,,2.4689198646391977,1.922458183830035,0.4964215313302711,0.732869715458824
freesolv,regression,3,seeded_scaffold_group_balanced,24,lgbm_120_l15,boosting,428,214,-2.6801814962728425,0.046518700022716,,,,2.6801814962728425,2.14531071025448,0.4065534984327189,0.600827152141954
freesolv,regression,3,seeded_scaffold_group_balanced,25,xgb_60_d3,boosting,428,214,-2.6168332552195475,0.0522005999810062,,,,2.6168332552195475,2.009122808054786,0.4342751377019289,0.7145237793138328
freesolv,regression,3,seeded_scaffold_group_balanced,26,xgb_80_d5,boosting,428,214,-2.3993163118527807,0.0798497999785468,,,,2.3993163118527807,1.7674660572702083,0.524414967575463,0.7796150773126768
freesolv,regression,3,seeded_scaffold_group_balanced,27,xgb_100_d3,boosting,428,214,-2.5916839130512224,0.0671523999772034,,,,2.5916839130512224,2.002181428715448,0.4450967979427983,0.7157577659103953
freesolv,regression,3,seeded_scaffold_group_balanced,28,xgb_60_d6,boosting,428,214,-2.335748864105518,0.0599361999775283,,,,2.335748864105518,1.6790907014634842,0.5492814239992302,0.8022169602694962
freesolv,regression,3,seeded_scaffold_group_balanced,29,cat_60_d4,boosting,428,214,-2.7271797423432407,0.0878761000349186,,,,2.7271797423432407,2.098842496553644,0.3855582895772416,0.7182653194266354
freesolv,regression,3,seeded_scaffold_group_balanced,30,cat_80_d6,boosting,428,214,-2.6330845262583984,0.1870717999991029,,,,2.6330845262583984,2.034807284090524,0.4272266978108464,0.7525796202907054
freesolv,regression,3,seeded_scaffold_group_balanced,31,cat_100_d4,boosting,428,214,-2.759119495752566,0.1473492999793961,,,,2.759119495752566,2.131510452112249,0.371081768223292,0.7001961639353688
freesolv,regression,3,seeded_scaffold_group_balanced,32,cat_60_d8,boosting,428,214,-2.6201156730730744,0.3257928999955766,,,,2.6201156730730744,1.9794002891737223,0.4328550166363267,0.7344582128778319
lipo,regression,1,seeded_scaffold_group_balanced,1,ridge_a0.1,linear,2800,1400,-1.0265736702083408,0.0124020000221207,,,,1.0265736702083408,0.8019980236632483,0.1743471994005274,0.4844518153917859
lipo,regression,1,seeded_scaffold_group_balanced,2,ridge_a1,linear,2800,1400,-1.021857225666366,0.0149507999885827,,,,1.021857225666366,0.7979005076987404,0.1819164566544017,0.486077343327814
lipo,regression,1,seeded_scaffold_group_balanced,3,ridge_a10,linear,2800,1400,-0.9928484777319624,0.0173375000013038,,,,0.9928484777319624,0.7761330269558089,0.227705104220238,0.494497795869441
lipo,regression,1,seeded_scaffold_group_balanced,4,elasticnet_a0.001,linear,2800,1400,-1.0067614592572542,0.0342385999974794,,,,1.0067614592572542,0.7855543312370777,0.2059088075372841,0.4904898260756831
lipo,regression,1,seeded_scaffold_group_balanced,5,rf_60_sqrt,bagging,2800,1400,-0.9347241245256172,0.1192635999759659,,,,0.9347241245256172,0.7495372519841271,0.3154831876225112,0.537154452007393
lipo,regression,1,seeded_scaffold_group_balanced,6,rf_90_d12,bagging,2800,1400,-0.9853727576599182,0.1368302999762818,,,,0.9853727576599182,0.7964414667859079,0.239291413212069,0.5091263555753042
lipo,regression,1,seeded_scaffold_group_balanced,7,rf_90_leaf2,bagging,2800,1400,-0.9294750473065266,0.1304744000080973,,,,0.9294750473065266,0.7442293315749157,0.323149605509228,0.5616269822355711
lipo,regression,1,seeded_scaffold_group_balanced,8,rf_120_d20_leaf2,bagging,2800,1400,-0.9485802827614518,0.1571401000255718,,,,0.9485802827614518,0.7616154298861625,0.295038495587566,0.5527586622434943
lipo,regression,1,seeded_scaffold_group_balanced,9,et_60_sqrt,bagging,2800,1400,-0.9206591776237656,0.1317265999969095,,,,0.9206591776237656,0.7336592460317461,0.3359282743286821,0.5517429775125586
lipo,regression,1,seeded_scaffold_group_balanced,10,et_90_d12,bagging,2800,1400,-0.9722959057079944,0.116722300008405,,,,0.9722959057079944,0.7837262281761979,0.2593481193757156,0.5373414801602172
lipo,regression,1,seeded_scaffold_group_balanced,11,et_90_leaf2,bagging,2800,1400,-0.9098770606423744,0.1269151999731548,,,,0.9098770606423744,0.7297133559427802,0.3513914819191802,0.5750576812824976
lipo,regression,1,seeded_scaffold_group_balanced,12,et_120_d20_leaf2,bagging,2800,1400,-0.9360261535021844,0.1552735999575816,,,,0.9360261535021844,0.7497179114357576,0.3135748567161787,0.5490637280585204
lipo,regression,1,seeded_scaffold_group_balanced,13,histgb_lr0.05,boosting,2800,1400,-0.9498317547800356,1.6209001999814063,,,,0.9498317547800356,0.7588532120398281,0.293177142179702,0.5150982031927961
lipo,regression,1,seeded_scaffold_group_balanced,14,histgb_lr0.1,boosting,2800,1400,-0.9208874201944858,1.5953287999727763,,,,0.9208874201944858,0.7307138818660238,0.3355989706526971,0.5483328732307897
lipo,regression,1,seeded_scaffold_group_balanced,15,gb_lr0.05_d2,boosting,2800,1400,-1.0525104675768095,1.7379826999967918,,,,1.0525104675768095,0.8576622183230392,0.1320992504107255,0.3599088341650761
lipo,regression,1,seeded_scaffold_group_balanced,16,gb_lr0.1_d3,boosting,2800,1400,-0.9842752877362912,1.883292699989397,,,,0.9842752877362912,0.7921279607190901,0.240984964964395,0.469737838337277
lipo,regression,1,seeded_scaffold_group_balanced,17,lgbm_60_l15,boosting,2800,1400,-0.9803666548853928,0.0651361999916844,,,,0.9803666548853928,0.7908235684874869,0.247001209846713,0.4798371568030945
lipo,regression,1,seeded_scaffold_group_balanced,18,lgbm_90_l31,boosting,2800,1400,-0.9196221883151804,0.1258066000300459,,,,0.9196221883151804,0.7309858595525988,0.3374233932008926,0.5535795241761275
lipo,regression,1,seeded_scaffold_group_balanced,19,lgbm_60_l63,boosting,2800,1400,-0.9046385478279204,0.1243833000189624,,,,0.9046385478279204,0.7175680940289607,0.3588385604736418,0.5746608171924704
lipo,regression,1,seeded_scaffold_group_balanced,20,lgbm_100_leaf10,boosting,2800,1400,-0.9110334502166928,0.1287529999972321,,,,0.9110334502166928,0.7227249444012617,0.3497417628809011,0.5656685470356541
lipo,regression,1,seeded_scaffold_group_balanced,21,lgbm_100_leaf30,boosting,2800,1400,-0.916117182825966,0.1166741999913938,,,,0.916117182825966,0.7274877124085559,0.3424643960254531,0.56123559253077
lipo,regression,1,seeded_scaffold_group_balanced,22,lgbm_80_ff0.7,boosting,2800,1400,-0.9064825831999932,0.1042394000105559,,,,0.9064825831999932,0.7209474105531415,0.3562219808138188,0.5708019726008845
lipo,regression,1,seeded_scaffold_group_balanced,23,lgbm_80_bag0.8,boosting,2800,1400,-0.9047000319967536,0.1087081999867223,,,,0.9047000319967536,0.7187513725812329,0.3587514038563734,0.565221654061857
lipo,regression,1,seeded_scaffold_group_balanced,24,lgbm_120_l15,boosting,2800,1400,-0.95433388151385,0.0967592000379227,,,,0.95433388151385,0.7631468196287772,0.2864606941989256,0.5091456326299867
lipo,regression,1,seeded_scaffold_group_balanced,25,xgb_60_d3,boosting,2800,1400,-1.0065329073832174,0.1218455000198446,,,,1.0065329073832174,0.8122014073797634,0.2062693108675587,0.4463481287145037
lipo,regression,1,seeded_scaffold_group_balanced,26,xgb_80_d5,boosting,2800,1400,-0.9519513384559876,0.1846829000278376,,,,0.9519513384559876,0.7601020145763777,0.29001902118833,0.5239773272662722
lipo,regression,1,seeded_scaffold_group_balanced,27,xgb_100_d3,boosting,2800,1400,-0.9941894964955752,0.1712711000000126,,,,0.9941894964955752,0.8013939860356706,0.2256174515873993,0.4665045864316927
lipo,regression,1,seeded_scaffold_group_balanced,28,xgb_60_d6,boosting,2800,1400,-0.945101729427165,0.2070646999636665,,,,0.945101729427165,0.7545061192489096,0.3001993657876972,0.5100828644085632
lipo,regression,1,seeded_scaffold_group_balanced,29,cat_60_d4,boosting,2800,1400,-1.0293997664878145,0.4143495999742299,,,,1.0293997664878145,0.8347358455703671,0.1697949958985484,0.4134839561807583
lipo,regression,1,seeded_scaffold_group_balanced,30,cat_80_d6,boosting,2800,1400,-1.0030057307691431,1.3163198999827728,,,,1.0030057307691431,0.8145290652743776,0.2118224784957048,0.4625027688114435
lipo,regression,1,seeded_scaffold_group_balanced,31,cat_100_d4,boosting,2800,1400,-1.0234715099692535,0.5528096999623813,,,,1.0234715099692535,0.8303494950829501,0.1793296715008586,0.4200876118118253
lipo,regression,1,seeded_scaffold_group_balanced,32,cat_60_d8,boosting,2800,1400,-0.9740097380889988,3.4256963999941945,,,,0.9740097380889988,0.7876353066963627,0.256734775246447,0.503811234723053
lipo,regression,2,seeded_scaffold_group_balanced,1,ridge_a0.1,linear,2800,1400,-1.1150429066714609,0.0163768999627791,,,,1.1150429066714609,0.8713222228918757,0.2230357859858363,0.5077978545300872
lipo,regression,2,seeded_scaffold_group_balanced,2,ridge_a1,linear,2800,1400,-1.1103967896647065,0.0161445999983698,,,,1.1103967896647065,0.8675323503289902,0.2294971443811128,0.5097859928843698
lipo,regression,2,seeded_scaffold_group_balanced,3,ridge_a10,linear,2800,1400,-1.0833437698147237,0.0164559000404551,,,,1.0833437698147237,0.8468527890912124,0.2665839026601851,0.5224082221928742
lipo,regression,2,seeded_scaffold_group_balanced,4,elasticnet_a0.001,linear,2800,1400,-1.095098477903961,0.0357682000030763,,,,1.095098477903961,0.8559382363966532,0.2505818477220735,0.5167309878208113
lipo,regression,2,seeded_scaffold_group_balanced,5,rf_60_sqrt,bagging,2800,1400,-1.035852600071366,0.1120475999778136,,,,1.035852600071366,0.8186346982709749,0.3294768468493589,0.605797617830021
lipo,regression,2,seeded_scaffold_group_balanced,6,rf_90_d12,bagging,2800,1400,-1.11187553011594,0.1462653999915346,,,,1.11187553011594,0.888969452288334,0.2274435858408474,0.5614282549320418
lipo,regression,2,seeded_scaffold_group_balanced,7,rf_90_leaf2,bagging,2800,1400,-1.06269790525356,0.1491355000180192,,,,1.06269790525356,0.8376341900967629,0.2942717430745335,0.5934572673766512
lipo,regression,2,seeded_scaffold_group_balanced,8,rf_120_d20_leaf2,bagging,2800,1400,-1.0770153077107865,0.1801680999924428,,,,1.0770153077107865,0.8534158779373053,0.2751275238367061,0.5855467365621436
lipo,regression,2,seeded_scaffold_group_balanced,9,et_60_sqrt,bagging,2800,1400,-1.0367898035261909,0.1409700000076554,,,,1.0367898035261909,0.811167996031746,0.3282629658388883,0.5868282669335996
lipo,regression,2,seeded_scaffold_group_balanced,10,et_90_d12,bagging,2800,1400,-1.1005057160293523,0.1094340999843552,,,,1.1005057160293523,0.8759454342892187,0.2431628129787708,0.5729982284578907
lipo,regression,2,seeded_scaffold_group_balanced,11,et_90_leaf2,bagging,2800,1400,-1.030704751656816,0.1372552000102587,,,,1.030704751656816,0.8045781254625781,0.3361248477577101,0.6206789508913034
lipo,regression,2,seeded_scaffold_group_balanced,12,et_120_d20_leaf2,bagging,2800,1400,-1.053535389608775,0.1537279000040143,,,,1.053535389608775,0.8307949611768556,0.3063887715842117,0.5977553419256285
lipo,regression,2,seeded_scaffold_group_balanced,13,histgb_lr0.05,boosting,2800,1400,-1.0349222865743268,1.7182184999692254,,,,1.0349222865743268,0.8212239801676747,0.3306807181707915,0.5713564743478193
lipo,regression,2,seeded_scaffold_group_balanced,14,histgb_lr0.1,boosting,2800,1400,-1.0148326739642046,1.1150053000310436,,,,1.0148326739642046,0.7933212038655082,0.3564137742250963,0.5968854090938843
lipo,regression,2,seeded_scaffold_group_balanced,15,gb_lr0.05_d2,boosting,2800,1400,-1.1561494925777025,1.317242399964016,,,,1.1561494925777025,0.9336076166944414,0.1646935335763034,0.4639718050985654
lipo,regression,2,seeded_scaffold_group_balanced,16,gb_lr0.1_d3,boosting,2800,1400,-1.0653218674072222,1.8629165000165813,,,,1.0653218674072222,0.8493413365751423,0.2907823404505056,0.539365285010626
lipo,regression,2,seeded_scaffold_group_balanced,17,lgbm_60_l15,boosting,2800,1400,-1.0654007993739636,0.0707784999976866,,,,1.0654007993739636,0.8505191091758287,0.2906772416624954,0.5474195113107445
lipo,regression,2,seeded_scaffold_group_balanced,18,lgbm_90_l31,boosting,2800,1400,-1.0016272163030986,0.1272717000101693,,,,1.0016272163030986,0.7863218979591865,0.3730540646791886,0.5995786595346775
lipo,regression,2,seeded_scaffold_group_balanced,19,lgbm_60_l63,boosting,2800,1400,-0.977417703308645,0.252568700001575,,,,0.977417703308645,0.7609187931348775,0.4029946001041031,0.6182761673007553
lipo,regression,2,seeded_scaffold_group_balanced,20,lgbm_100_leaf10,boosting,2800,1400,-0.995302180797486,0.1439646999933757,,,,0.995302180797486,0.781373633341784,0.3809470907219222,0.6085133342263811
lipo,regression,2,seeded_scaffold_group_balanced,21,lgbm_100_leaf30,boosting,2800,1400,-1.0002526228194062,0.123552200035192,,,,1.0002526228194062,0.7840355449916517,0.3747736754008385,0.6096290415374773
lipo,regression,2,seeded_scaffold_group_balanced,22,lgbm_80_ff0.7,boosting,2800,1400,-0.9859650998458512,0.106689800042659,,,,0.9859650998458512,0.7700478240068858,0.3925074691057839,0.6295183940471363
lipo,regression,2,seeded_scaffold_group_balanced,23,lgbm_80_bag0.8,boosting,2800,1400,-0.995057857886862,0.1412727999850176,,,,0.995057857886862,0.7794644736807831,0.3812509788225573,0.6134273630579473
lipo,regression,2,seeded_scaffold_group_balanced,24,lgbm_120_l15,boosting,2800,1400,-1.0366161390065136,0.1858856999897398,,,,1.0366161390065136,0.8185666997608989,0.3284879817849372,0.5714132251350849
lipo,regression,2,seeded_scaffold_group_balanced,25,xgb_60_d3,boosting,2800,1400,-1.1038731765244405,0.1213244999526068,,,,1.1038731765244405,0.8851215005482946,0.2385240026969776,0.5272292152654585
lipo,regression,2,seeded_scaffold_group_balanced,26,xgb_80_d5,boosting,2800,1400,-1.0377259920563586,0.215139799984172,,,,1.0377259920563586,0.8221165506907872,0.3270493033770052,0.5792199959285671
lipo,regression,2,seeded_scaffold_group_balanced,27,xgb_100_d3,boosting,2800,1400,-1.0919924188077834,0.1786003000452183,,,,1.0919924188077834,0.8756705064347812,0.2548270110604439,0.5342137088029114
lipo,regression,2,seeded_scaffold_group_balanced,28,xgb_60_d6,boosting,2800,1400,-1.0183376247783222,0.1610589999472722,,,,1.0183376247783222,0.8080351331459623,0.3519605604667529,0.5921177602488892
lipo,regression,2,seeded_scaffold_group_balanced,29,cat_60_d4,boosting,2800,1400,-1.1305234024478372,0.3511057000141591,,,,1.1305234024478372,0.907686426465477,0.2013123455889773,0.4994059147469418
lipo,regression,2,seeded_scaffold_group_balanced,30,cat_80_d6,boosting,2800,1400,-1.11510744539838,1.3127100999699906,,,,1.11510744539838,0.8900271467887806,0.2229458419449198,0.5186356998668217
lipo,regression,2,seeded_scaffold_group_balanced,31,cat_100_d4,boosting,2800,1400,-1.1348709562177333,0.5468879999825731,,,,1.1348709562177333,0.910559007177092,0.1951576491963438,0.4908696388155709
lipo,regression,2,seeded_scaffold_group_balanced,32,cat_60_d8,boosting,2800,1400,-1.098225180978606,3.5354466999997385,,,,1.098225180978606,0.8765288958111213,0.246296291256742,0.5254733182594067
lipo,regression,3,seeded_scaffold_group_balanced,1,ridge_a0.1,linear,2800,1400,-1.05410788305888,0.0144974999711848,,,,1.05410788305888,0.8318553589382344,0.2374392962952273,0.5378611266147818
lipo,regression,3,seeded_scaffold_group_balanced,2,ridge_a1,linear,2800,1400,-1.048492605462554,0.013707699952647,,,,1.048492605462554,0.8275089527598449,0.2455420435231436,0.5402966822306444
lipo,regression,3,seeded_scaffold_group_balanced,3,ridge_a10,linear,2800,1400,-1.016768292603007,0.0139901000075042,,,,1.016768292603007,0.8033946839111191,0.2905067171838638,0.5524471493786666
lipo,regression,3,seeded_scaffold_group_balanced,4,elasticnet_a0.001,linear,2800,1400,-1.032337782734772,0.034976499970071,,,,1.032337782734772,0.8153085458593708,0.2686118088852862,0.5456420852848387
lipo,regression,3,seeded_scaffold_group_balanced,5,rf_60_sqrt,bagging,2800,1400,-1.0080296578758376,0.129676999989897,,,,1.0080296578758376,0.7948574504827184,0.3026498173643246,0.57392235083398
lipo,regression,3,seeded_scaffold_group_balanced,6,rf_90_d12,bagging,2800,1400,-1.0702360177637094,0.1173611000413075,,,,1.0702360177637094,0.8470357141322199,0.2139260136002866,0.538273690047311
lipo,regression,3,seeded_scaffold_group_balanced,7,rf_90_leaf2,bagging,2800,1400,-1.0183165978862387,0.1266241000266745,,,,1.0183165978862387,0.8025162913598056,0.2883442803780233,0.5828709217794604
lipo,regression,3,seeded_scaffold_group_balanced,8,rf_120_d20_leaf2,bagging,2800,1400,-1.0314761348641368,0.1691257999627851,,,,1.0314761348641368,0.8125105703891341,0.2698322157869953,0.589760703788636
lipo,regression,3,seeded_scaffold_group_balanced,9,et_60_sqrt,bagging,2800,1400,-0.9949940518948098,0.1235488000093028,,,,0.9949940518948098,0.7816848412698413,0.3205691410326027,0.5927152955050478
lipo,regression,3,seeded_scaffold_group_balanced,10,et_90_d12,bagging,2800,1400,-1.061693710966812,0.0988201000145636,,,,1.061693710966812,0.8383703044643938,0.2264243540298427,0.5417503754729027
lipo,regression,3,seeded_scaffold_group_balanced,11,et_90_leaf2,bagging,2800,1400,-0.9899125009244256,0.1285846999962814,,,,0.9899125009244256,0.7737846043572341,0.3274912853687024,0.6101218317966066
lipo,regression,3,seeded_scaffold_group_balanced,12,et_120_d20_leaf2,bagging,2800,1400,-1.012258092720684,0.1536521000089123,,,,1.012258092720684,0.7944126030966252,0.2967871240971936,0.5985275039865987
lipo,regression,3,seeded_scaffold_group_balanced,13,histgb_lr0.05,boosting,2800,1400,-1.000153620053324,1.2303976999828592,,,,1.000153620053324,0.7886270635159754,0.3135044577171604,0.5493363997500711
lipo,regression,3,seeded_scaffold_group_balanced,14,histgb_lr0.1,boosting,2800,1400,-0.9664702216643172,0.9326618000050076,,,,0.9664702216643172,0.7592260355550137,0.3589657211159498,0.5843500419547726
lipo,regression,3,seeded_scaffold_group_balanced,15,gb_lr0.05_d2,boosting,2800,1400,-1.1192173308663549,1.1566724000149406,,,,1.1192173308663549,0.8951650298713562,0.1403272669346525,0.3872837084837792
lipo,regression,3,seeded_scaffold_group_balanced,16,gb_lr0.1_d3,boosting,2800,1400,-1.030724079675254,1.9222393000382,,,,1.030724079675254,0.8140099962596943,0.2708965667044478,0.5186551646401849
lipo,regression,3,seeded_scaffold_group_balanced,17,lgbm_60_l15,boosting,2800,1400,-1.0422782937609771,0.0654994000215083,,,,1.0422782937609771,0.8270369185433768,0.2544587357966252,0.5010733449282753
lipo,regression,3,seeded_scaffold_group_balanced,18,lgbm_90_l31,boosting,2800,1400,-0.963783039138152,0.1231870999909006,,,,0.963783039138152,0.7541233299603319,0.3625254404766622,0.5927674575753972
lipo,regression,3,seeded_scaffold_group_balanced,19,lgbm_60_l63,boosting,2800,1400,-0.9292222304854176,0.1359700000029988,,,,0.9292222304854176,0.7213736046457265,0.40742478672366,0.6291487169463743
lipo,regression,3,seeded_scaffold_group_balanced,20,lgbm_100_leaf10,boosting,2800,1400,-0.9678807968824648,0.1207971000112593,,,,0.9678807968824648,0.7593749072272368,0.3570931607146534,0.5897834623654736
lipo,regression,3,seeded_scaffold_group_balanced,21,lgbm_100_leaf30,boosting,2800,1400,-0.952830873799519,0.1272442999761551,,,,0.952830873799519,0.743900629616554,0.3769312917562467,0.6015052653379179
lipo,regression,3,seeded_scaffold_group_balanced,22,lgbm_80_ff0.7,boosting,2800,1400,-0.9486763635912344,0.1233309999806806,,,,0.9486763635912344,0.741780755191044,0.3823528248393049,0.6084423333035482
lipo,regression,3,seeded_scaffold_group_balanced,23,lgbm_80_bag0.8,boosting,2800,1400,-0.948448146374714,0.1969573000096716,,,,0.948448146374714,0.7409328475495535,0.3826499562317411,0.60218973806258
lipo,regression,3,seeded_scaffold_group_balanced,24,lgbm_120_l15,boosting,2800,1400,-1.0028507781773983,0.1557723000296391,,,,1.0028507781773983,0.7928192225102144,0.3097968599645733,0.5478017932595023
lipo,regression,3,seeded_scaffold_group_balanced,25,xgb_60_d3,boosting,2800,1400,-1.063340270183026,0.1613677999703213,,,,1.063340270183026,0.8499883647714341,0.2240230478839603,0.4917877413099685
lipo,regression,3,seeded_scaffold_group_balanced,26,xgb_80_d5,boosting,2800,1400,-1.0035058061318338,0.2661618000129238,,,,1.0035058061318338,0.7913438375683768,0.3088949311637422,0.5692548470200827
lipo,regression,3,seeded_scaffold_group_balanced,27,xgb_100_d3,boosting,2800,1400,-1.0585955266725384,0.2290663999738171,,,,1.0585955266725384,0.8413987274676561,0.2309325901682998,0.4931074133610533
lipo,regression,3,seeded_scaffold_group_balanced,28,xgb_60_d6,boosting,2800,1400,-0.9906400426838564,0.2392413000343367,,,,0.9906400426838564,0.7819135069031801,0.3265023939830681,0.5805294024458613
lipo,regression,3,seeded_scaffold_group_balanced,29,cat_60_d4,boosting,2800,1400,-1.089195451388289,0.4688899000175297,,,,1.089195451388289,0.8716196446081225,0.1858284227195789,0.4412142511599741
lipo,regression,3,seeded_scaffold_group_balanced,30,cat_80_d6,boosting,2800,1400,-1.0639003738842874,1.562559499987401,,,,1.0639003738842874,0.8486699447396081,0.2232053566086566,0.4872708276151797
lipo,regression,3,seeded_scaffold_group_balanced,31,cat_100_d4,boosting,2800,1400,-1.0849555584583357,0.6470054999808781,,,,1.0849555584583357,0.8654870334766738,0.1921547097747145,0.462791234227136
lipo,regression,3,seeded_scaffold_group_balanced,32,cat_60_d8,boosting,2800,1400,-1.0382490091168708,3.5548042000154965,,,,1.0382490091168708,0.8243854661891012,0.2602118853969161,0.5191552477627398
tdc_caco2_wang,regression,1,seeded_scaffold_group_balanced,1,ridge_a0.1,linear,604,302,-1.275630677013324,0.0066406999831087,,,,1.275630677013324,0.9781990216597802,-1.546216780935311,0.4136284040140586
tdc_caco2_wang,regression,1,seeded_scaffold_group_balanced,2,ridge_a1,linear,604,302,-0.8063418189867866,0.0062866000225767,,,,0.8063418189867866,0.6164705121205514,-0.0173814959145399,0.5369553162856426
tdc_caco2_wang,regression,1,seeded_scaffold_group_balanced,3,ridge_a10,linear,604,302,-0.6600689530392039,0.0062126999837346,,,,0.6600689530392039,0.5083345859962515,0.3182516775620501,0.5966728217901778
tdc_caco2_wang,regression,1,seeded_scaffold_group_balanced,4,elasticnet_a0.001,linear,604,302,-0.7905921988454577,0.0457795999827794,,,,0.7905921988454577,0.6137348063353381,0.0219737402057719,0.5373520054019612
tdc_caco2_wang,regression,1,seeded_scaffold_group_balanced,5,rf_60_sqrt,bagging,604,302,-0.6147742368020395,0.0840083000366576,,,,0.6147742368020395,0.4846481602431378,0.408606175683939,0.6587299434996892
tdc_caco2_wang,regression,1,seeded_scaffold_group_balanced,6,rf_90_d12,bagging,604,302,-0.6308645356778694,0.1238195999758318,,,,0.6308645356778694,0.5027283370335789,0.3772443240874258,0.6771303496436104
tdc_caco2_wang,regression,1,seeded_scaffold_group_balanced,7,rf_90_leaf2,bagging,604,302,-0.6290007081088856,0.1012058000196702,,,,0.6290007081088856,0.4992848516506193,0.3809186298410727,0.6561361064277478
tdc_caco2_wang,regression,1,seeded_scaffold_group_balanced,8,rf_120_d20_leaf2,bagging,604,302,-0.6218810040626053,0.1119452000129967,,,,0.6218810040626053,0.4942541904453313,0.3948541649803113,0.684318025312436
tdc_caco2_wang,regression,1,seeded_scaffold_group_balanced,9,et_60_sqrt,bagging,604,302,-0.6083195018810338,0.0565246000187471,,,,0.6083195018810338,0.4751574283145694,0.4209594936764742,0.666618632664568
tdc_caco2_wang,regression,1,seeded_scaffold_group_balanced,10,et_90_d12,bagging,604,302,-0.6303331514452387,0.0602904000552371,,,,0.6303331514452387,0.4977787984923368,0.3782929903489718,0.6392605898028985
tdc_caco2_wang,regression,1,seeded_scaffold_group_balanced,11,et_90_leaf2,bagging,604,302,-0.6054768056343784,0.069370399985928,,,,0.6054768056343784,0.4784073219008871,0.4263585981903336,0.6756331259772417
tdc_caco2_wang,regression,1,seeded_scaffold_group_balanced,12,et_120_d20_leaf2,bagging,604,302,-0.6140315480414977,0.0968210000428371,,,,0.6140315480414977,0.4834519405817611,0.410034199877094,0.6547902825064869
tdc_caco2_wang,regression,1,seeded_scaffold_group_balanced,13,histgb_lr0.05,boosting,604,302,-0.5744911075588519,0.9119814000441692,,,,0.5744911075588519,0.4474064181644148,0.4835692569986985,0.672104242358439
tdc_caco2_wang,regression,1,seeded_scaffold_group_balanced,14,histgb_lr0.1,boosting,604,302,-0.5899391655555949,0.7618465999839827,,,,0.5899391655555949,0.4563796441223315,0.4554222095366115,0.6541984075317272
tdc_caco2_wang,regression,1,seeded_scaffold_group_balanced,15,gb_lr0.05_d2,boosting,604,302,-0.6622568341733552,0.2544805000070482,,,,0.6622568341733552,0.5329724048140839,0.3137247071375004,0.5749680939594612
tdc_caco2_wang,regression,1,seeded_scaffold_group_balanced,16,gb_lr0.1_d3,boosting,604,302,-0.5972043571905011,0.3938348999945447,,,,0.5972043571905011,0.4671353352450798,0.4419264985901804,0.6588716045021086
tdc_caco2_wang,regression,1,seeded_scaffold_group_balanced,17,lgbm_60_l15,boosting,604,302,-0.5952424850012107,0.0449776000459678,,,,0.5952424850012107,0.4685818310588644,0.4455871232841465,0.6530766201225976
tdc_caco2_wang,regression,1,seeded_scaffold_group_balanced,18,lgbm_90_l31,boosting,604,302,-0.5847185977834538,0.0673897999804467,,,,0.5847185977834538,0.4567672258182995,0.4650178630489863,0.6542550422281197
tdc_caco2_wang,regression,1,seeded_scaffold_group_balanced,19,lgbm_60_l63,boosting,604,302,-0.5738075182878489,0.0492823999957181,,,,0.5738075182878489,0.4524562437222595,0.4847975318202132,0.6575763243090844
tdc_caco2_wang,regression,1,seeded_scaffold_group_balanced,20,lgbm_100_leaf10,boosting,604,302,-0.5732965267140362,0.1003969000303186,,,,0.5732965267140362,0.4403354146214642,0.4857147275335687,0.6829489827092418
tdc_caco2_wang,regression,1,seeded_scaffold_group_balanced,21,lgbm_100_leaf30,boosting,604,302,-0.6041402670468813,0.0516721000312827,,,,0.6041402670468813,0.4781347182570304,0.4288883322974095,0.6449117845734703
tdc_caco2_wang,regression,1,seeded_scaffold_group_balanced,22,lgbm_80_ff0.7,boosting,604,302,-0.5855740120897638,0.0566159000154584,,,,0.5855740120897638,0.4518978264129162,0.4634514134053297,0.6558380994474491
tdc_caco2_wang,regression,1,seeded_scaffold_group_balanced,23,lgbm_80_bag0.8,boosting,604,302,-0.5772738689748391,0.0493891999940387,,,,0.5772738689748391,0.4571281666641693,0.4785540910560255,0.6622209234205954
tdc_caco2_wang,regression,1,seeded_scaffold_group_balanced,24,lgbm_120_l15,boosting,604,302,-0.5803579260677176,0.0611085999989882,,,,0.5803579260677176,0.452196912540832,0.4729676101074146,0.6673106421903197
tdc_caco2_wang,regression,1,seeded_scaffold_group_balanced,25,xgb_60_d3,boosting,604,302,-0.6105073518158923,0.0467592000495642,,,,0.6105073518158923,0.4766438908344192,0.4167869104208652,0.6437369832675504
tdc_caco2_wang,regression,1,seeded_scaffold_group_balanced,26,xgb_80_d5,boosting,604,302,-0.5936150308191079,0.0784964999766089,,,,0.5936150308191079,0.4559215746653171,0.4486146225377662,0.6621107677975447
tdc_caco2_wang,regression,1,seeded_scaffold_group_balanced,27,xgb_100_d3,boosting,604,302,-0.6093038125006724,0.0782180999522097,,,,0.6093038125006724,0.4797877968611155,0.4190841080107008,0.6437147695843857
tdc_caco2_wang,regression,1,seeded_scaffold_group_balanced,28,xgb_60_d6,boosting,604,302,-0.5959851825495177,0.074389399960637,,,,0.5959851825495177,0.462745836856463,0.4442027531274781,0.6569203695059884
tdc_caco2_wang,regression,1,seeded_scaffold_group_balanced,29,cat_60_d4,boosting,604,302,-0.6483111910714917,0.2484364999691024,,,,0.6483111910714917,0.5242234778641741,0.3423232286073553,0.6164381980168657
tdc_caco2_wang,regression,1,seeded_scaffold_group_balanced,30,cat_80_d6,boosting,604,302,-0.633204957871096,0.8081103999866173,,,,0.633204957871096,0.5012463169051494,0.3726150742022035,0.6420729217587867
tdc_caco2_wang,regression,1,seeded_scaffold_group_balanced,31,cat_100_d4,boosting,604,302,-0.6416261336749802,0.3506341999745928,,,,0.6416261336749802,0.5166065380921727,0.3558165609165566,0.6224003898650224
tdc_caco2_wang,regression,1,seeded_scaffold_group_balanced,32,cat_60_d8,boosting,604,302,-0.6450381848920158,2.170627300045453,,,,0.6450381848920158,0.5163872674977571,0.3489470429242658,0.5708508405339447
tdc_caco2_wang,regression,2,seeded_scaffold_group_balanced,1,ridge_a0.1,linear,604,302,-1.2345385734137522,0.0059405000065453,,,,1.2345385734137522,0.9589432452627724,-1.7720439761116218,0.3114638785389813
tdc_caco2_wang,regression,2,seeded_scaffold_group_balanced,2,ridge_a1,linear,604,302,-0.7338971778531641,0.0053875999874435,,,,0.7338971778531641,0.5797047413675372,0.0203719254287977,0.4430953772672374
tdc_caco2_wang,regression,2,seeded_scaffold_group_balanced,3,ridge_a10,linear,604,302,-0.5869151103004658,0.0081342000048607,,,,0.5869151103004658,0.4663400747785757,0.3734707244380337,0.5028139654741283
tdc_caco2_wang,regression,2,seeded_scaffold_group_balanced,4,elasticnet_a0.001,linear,604,302,-0.735086426244351,0.0343869000207632,,,,0.735086426244351,0.5795436342528894,0.0171944638448082,0.4219196745050255
tdc_caco2_wang,regression,2,seeded_scaffold_group_balanced,5,rf_60_sqrt,bagging,604,302,-0.5696999743671083,0.0681933000450953,,,,0.5696999743671083,0.4575669158952766,0.4096858583917236,0.562186308423052
tdc_caco2_wang,regression,2,seeded_scaffold_group_balanced,6,rf_90_d12,bagging,604,302,-0.580500976815305,0.0882660999777726,,,,0.580500976815305,0.4671120674961145,0.3870900140435441,0.5692439335687636
tdc_caco2_wang,regression,2,seeded_scaffold_group_balanced,7,rf_90_leaf2,bagging,604,302,-0.5634007722038249,0.0923223000136204,,,,0.5634007722038249,0.4497548956184492,0.4226679556908738,0.6103814696469394
tdc_caco2_wang,regression,2,seeded_scaffold_group_balanced,8,rf_120_d20_leaf2,bagging,604,302,-0.5678345016986631,0.1322743999771773,,,,0.5678345016986631,0.4545724031298377,0.4135454757057815,0.598915825353019
tdc_caco2_wang,regression,2,seeded_scaffold_group_balanced,9,et_60_sqrt,bagging,604,302,-0.5641802530818956,0.0756710999994538,,,,0.5641802530818956,0.4537620726436719,0.4210693402176576,0.572749530187346
tdc_caco2_wang,regression,2,seeded_scaffold_group_balanced,10,et_90_d12,bagging,604,302,-0.5608018065385151,0.0780740000191144,,,,0.5608018065385151,0.4503021383935386,0.4279821313615228,0.561387980898494
tdc_caco2_wang,regression,2,seeded_scaffold_group_balanced,11,et_90_leaf2,bagging,604,302,-0.5529811668966622,0.0945886000408791,,,,0.5529811668966622,0.4422499252217959,0.4438249932776715,0.6008321757957759
tdc_caco2_wang,regression,2,seeded_scaffold_group_balanced,12,et_120_d20_leaf2,bagging,604,302,-0.5670068179518402,0.1193899000063538,,,,0.5670068179518402,0.4519099736917848,0.4152538788209877,0.5767844502386127
tdc_caco2_wang,regression,2,seeded_scaffold_group_balanced,13,histgb_lr0.05,boosting,604,302,-0.557153807716818,1.2307718000374734,,,,0.557153807716818,0.4417707588739814,0.4353998445698924,0.53259996306871
tdc_caco2_wang,regression,2,seeded_scaffold_group_balanced,14,histgb_lr0.1,boosting,604,302,-0.5605263108318808,0.80678149999585,,,,0.5605263108318808,0.4420334093285198,0.4285440045836427,0.540062496522983
tdc_caco2_wang,regression,2,seeded_scaffold_group_balanced,15,gb_lr0.05_d2,boosting,604,302,-0.6139180635257475,0.2747392000164836,,,,0.6139180635257475,0.5035123846530434,0.3144934458689978,0.4812172209017207
tdc_caco2_wang,regression,2,seeded_scaffold_group_balanced,16,gb_lr0.1_d3,boosting,604,302,-0.5687273913397766,0.4679628000012599,,,,0.5687273913397766,0.4592945705628486,0.411699688366085,0.4961940341765
tdc_caco2_wang,regression,2,seeded_scaffold_group_balanced,17,lgbm_60_l15,boosting,604,302,-0.5574487595380284,0.0474875000072643,,,,0.5574487595380284,0.4401996040347092,0.4348018986474747,0.5477430694671931
tdc_caco2_wang,regression,2,seeded_scaffold_group_balanced,18,lgbm_90_l31,boosting,604,302,-0.5444204883023325,0.0626584999845363,,,,0.5444204883023325,0.431018526016004,0.4609119449235742,0.5718904262478234
tdc_caco2_wang,regression,2,seeded_scaffold_group_balanced,19,lgbm_60_l63,boosting,604,302,-0.5545843016553117,0.0505230000126175,,,,0.5545843016553117,0.4400868764420766,0.4405955309342481,0.5365999665542819
tdc_caco2_wang,regression,2,seeded_scaffold_group_balanced,20,lgbm_100_leaf10,boosting,604,302,-0.5718311787922774,0.1203600000008009,,,,0.5718311787922774,0.4479537201668387,0.4052609563074061,0.5238272727099548
tdc_caco2_wang,regression,2,seeded_scaffold_group_balanced,21,lgbm_100_leaf30,boosting,604,302,-0.5311956152717722,0.0564335000235587,,,,0.5311956152717722,0.4178298152592166,0.4867845163328111,0.5992337864340022
tdc_caco2_wang,regression,2,seeded_scaffold_group_balanced,22,lgbm_80_ff0.7,boosting,604,302,-0.5575291321665682,0.0709186000167392,,,,0.5575291321665682,0.4388919334693994,0.4346389070502965,0.5400206709818883
tdc_caco2_wang,regression,2,seeded_scaffold_group_balanced,23,lgbm_80_bag0.8,boosting,604,302,-0.5455629555873549,0.0551832999917678,,,,0.5455629555873549,0.430498812741851,0.4586470166062382,0.5556118554661541
tdc_caco2_wang,regression,2,seeded_scaffold_group_balanced,24,lgbm_120_l15,boosting,604,302,-0.5450915867000595,0.0778468000353314,,,,0.5450915867000595,0.4307555759081316,0.4595820753882799,0.5536534614276349
tdc_caco2_wang,regression,2,seeded_scaffold_group_balanced,25,xgb_60_d3,boosting,604,302,-0.5700422677466505,0.0618908000178635,,,,0.5700422677466505,0.4617888914571396,0.4089762872709401,0.5186207025803816
tdc_caco2_wang,regression,2,seeded_scaffold_group_balanced,26,xgb_80_d5,boosting,604,302,-0.5612814099736413,0.092176100006327,,,,0.5612814099736413,0.4432890120578387,0.4270033219444348,0.5367959389233766
tdc_caco2_wang,regression,2,seeded_scaffold_group_balanced,27,xgb_100_d3,boosting,604,302,-0.5659526244523254,0.0785324000171385,,,,0.5659526244523254,0.4586096712055332,0.4174262072444841,0.5168885584081125
tdc_caco2_wang,regression,2,seeded_scaffold_group_balanced,28,xgb_60_d6,boosting,604,302,-0.5323759408218837,0.0757280999678187,,,,0.5323759408218837,0.4228720130164544,0.4845012356106866,0.589232623244676
tdc_caco2_wang,regression,2,seeded_scaffold_group_balanced,29,cat_60_d4,boosting,604,302,-0.5924228264269077,0.2344688000157475,,,,0.5924228264269077,0.4788557313957114,0.3616566254682536,0.5217812733232288
tdc_caco2_wang,regression,2,seeded_scaffold_group_balanced,30,cat_80_d6,boosting,604,302,-0.5745745613361922,0.7590500999940559,,,,0.5745745613361922,0.4640295733097171,0.3995406997143244,0.5548297564103527
tdc_caco2_wang,regression,2,seeded_scaffold_group_balanced,31,cat_100_d4,boosting,604,302,-0.5975258042755615,0.3192461000289768,,,,0.5975258042755615,0.4832107646949637,0.3506122113052509,0.5038765440043554
tdc_caco2_wang,regression,2,seeded_scaffold_group_balanced,32,cat_60_d8,boosting,604,302,-0.5720829267505407,1.932261100038886,,,,0.5720829267505407,0.4616128653995981,0.4047371748016768,0.5344816187245305
tdc_caco2_wang,regression,3,seeded_scaffold_group_balanced,1,ridge_a0.1,linear,604,302,-1.13914270844234,0.008890800003428,,,,1.13914270844234,0.8483855393269115,-1.1668472690541831,0.3931617868334584
tdc_caco2_wang,regression,3,seeded_scaffold_group_balanced,2,ridge_a1,linear,604,302,-0.7848601291672931,0.0083527999813668,,,,0.7848601291672931,0.6030854354940149,-0.0286237955529735,0.5024374392803167
tdc_caco2_wang,regression,3,seeded_scaffold_group_balanced,3,ridge_a10,linear,604,302,-0.6779960025067548,0.0075112000340595,,,,0.6779960025067548,0.5374784159626943,0.2324153198463958,0.4870975917733854
tdc_caco2_wang,regression,3,seeded_scaffold_group_balanced,4,elasticnet_a0.001,linear,604,302,-0.7988006081282737,0.0283338999724946,,,,0.7988006081282737,0.6155841184951378,-0.0654885950992441,0.4764760039354209
tdc_caco2_wang,regression,3,seeded_scaffold_group_balanced,5,rf_60_sqrt,bagging,604,302,-0.6495501068162944,0.1015326000051572,,,,0.6495501068162944,0.5329493685749501,0.2954734747725482,0.4966335025470397
tdc_caco2_wang,regression,3,seeded_scaffold_group_balanced,6,rf_90_d12,bagging,604,302,-0.648267050360072,0.1201472000102512,,,,0.648267050360072,0.5382239965855232,0.2982540286163498,0.5258827019630168
tdc_caco2_wang,regression,3,seeded_scaffold_group_balanced,7,rf_90_leaf2,bagging,604,302,-0.6444708772728794,0.1207569000544026,,,,0.6444708772728794,0.5303786758708923,0.3064486431283501,0.5394042964945464
tdc_caco2_wang,regression,3,seeded_scaffold_group_balanced,8,rf_120_d20_leaf2,bagging,604,302,-0.6553266089974351,0.1530211999779567,,,,0.6553266089974351,0.5371562883533377,0.2828869320264684,0.5206709725342431
tdc_caco2_wang,regression,3,seeded_scaffold_group_balanced,9,et_60_sqrt,bagging,604,302,-0.6195914250000732,0.071114899998065,,,,0.6195914250000732,0.5105596811442237,0.3589633960486206,0.514028529543909
tdc_caco2_wang,regression,3,seeded_scaffold_group_balanced,10,et_90_d12,bagging,604,302,-0.6440686266746691,0.0922396999667398,,,,0.6440686266746691,0.5299805070072139,0.3073141419243499,0.5018436173396963
tdc_caco2_wang,regression,3,seeded_scaffold_group_balanced,11,et_90_leaf2,bagging,604,302,-0.6448305279064607,0.0883311000070534,,,,0.6448305279064607,0.5245154085218166,0.3056743465903412,0.5048481175238965
tdc_caco2_wang,regression,3,seeded_scaffold_group_balanced,12,et_120_d20_leaf2,bagging,604,302,-0.6375005302952291,0.1176722000236623,,,,0.6375005302952291,0.5198001392072626,0.321369878056804,0.531442737344163
tdc_caco2_wang,regression,3,seeded_scaffold_group_balanced,13,histgb_lr0.05,boosting,604,302,-0.6749672437155738,0.9574110000394284,,,,0.6749672437155738,0.5444399413368413,0.2392579445105499,0.4797359521541371
tdc_caco2_wang,regression,3,seeded_scaffold_group_balanced,14,histgb_lr0.1,boosting,604,302,-0.6387048404321019,0.8560087000369094,,,,0.6387048404321019,0.5143394413604473,0.318803439084228,0.5263593728785948
tdc_caco2_wang,regression,3,seeded_scaffold_group_balanced,15,gb_lr0.05_d2,boosting,604,302,-0.7192405720517279,0.3228995999670587,,,,0.7192405720517279,0.5875709301463639,0.1361857039021968,0.3926104440394929
tdc_caco2_wang,regression,3,seeded_scaffold_group_balanced,16,gb_lr0.1_d3,boosting,604,302,-0.6391646212040831,0.4221926999744028,,,,0.6391646212040831,0.5093461654663575,0.3178223480013259,0.5097406693753123
tdc_caco2_wang,regression,3,seeded_scaffold_group_balanced,17,lgbm_60_l15,boosting,604,302,-0.7049716644148395,0.0408501999918371,,,,0.7049716644148395,0.5717530484079262,0.1701198926652292,0.4310076488717689
tdc_caco2_wang,regression,3,seeded_scaffold_group_balanced,18,lgbm_90_l31,boosting,604,302,-0.6493494047990149,0.0651760000037029,,,,0.6493494047990149,0.5249598692444561,0.2959087854531211,0.506528364774459
tdc_caco2_wang,regression,3,seeded_scaffold_group_balanced,19,lgbm_60_l63,boosting,604,302,-0.6404698194042142,0.0501549000036902,,,,0.6404698194042142,0.5194577650915582,0.3150334385226144,0.5088727330457431
tdc_caco2_wang,regression,3,seeded_scaffold_group_balanced,20,lgbm_100_leaf10,boosting,604,302,-0.6521040776541951,0.0975195999490097,,,,0.6521040776541951,0.5285868689847848,0.2899223168233275,0.4691294898079294
tdc_caco2_wang,regression,3,seeded_scaffold_group_balanced,21,lgbm_100_leaf30,boosting,604,302,-0.6657431142567359,0.0501120000262744,,,,0.6657431142567359,0.5347564046640294,0.259908530789413,0.5027022640819651
tdc_caco2_wang,regression,3,seeded_scaffold_group_balanced,22,lgbm_80_ff0.7,boosting,604,302,-0.6791912243215587,0.0594781000399962,,,,0.6791912243215587,0.5457059030037686,0.2297066235960866,0.4612150182342846
tdc_caco2_wang,regression,3,seeded_scaffold_group_balanced,23,lgbm_80_bag0.8,boosting,604,302,-0.6674039902484473,0.0540790000231936,,,,0.6674039902484473,0.5373728641052478,0.256211208466738,0.4969921673208533
tdc_caco2_wang,regression,3,seeded_scaffold_group_balanced,24,lgbm_120_l15,boosting,604,302,-0.6810486470807425,0.1337173000210896,,,,0.6810486470807425,0.5472314696911126,0.2254877326912986,0.4687263062355974
tdc_caco2_wang,regression,3,seeded_scaffold_group_balanced,25,xgb_60_d3,boosting,604,302,-0.6585350376703523,0.0683761999825947,,,,0.6585350376703523,0.5326373812857521,0.2758478819336954,0.4894804807295024
tdc_caco2_wang,regression,3,seeded_scaffold_group_balanced,26,xgb_80_d5,boosting,604,302,-0.6246208437262643,0.1007224000059068,,,,0.6246208437262643,0.5024352944029954,0.3485141656378143,0.5388030940033295
tdc_caco2_wang,regression,3,seeded_scaffold_group_balanced,27,xgb_100_d3,boosting,604,302,-0.6672996610069268,0.0822357999859377,,,,0.6672996610069268,0.5373628530677037,0.2564437298673782,0.4634041571198545
tdc_caco2_wang,regression,3,seeded_scaffold_group_balanced,28,xgb_60_d6,boosting,604,302,-0.677738511668275,0.0818818999687209,,,,0.677738511668275,0.5400043550168675,0.2329982391879319,0.4614862115302695
tdc_caco2_wang,regression,3,seeded_scaffold_group_balanced,29,cat_60_d4,boosting,604,302,-0.715489851070258,0.2676620000274852,,,,0.715489851070258,0.5817687396704493,0.1451715111246109,0.3998323731975058
tdc_caco2_wang,regression,3,seeded_scaffold_group_balanced,30,cat_80_d6,boosting,604,302,-0.6802318311363902,0.8428821000270545,,,,0.6802318311363902,0.5590110965101549,0.2273444417438842,0.4597122498333791
tdc_caco2_wang,regression,3,seeded_scaffold_group_balanced,31,cat_100_d4,boosting,604,302,-0.7014605519183715,0.3927466999739408,,,,0.7014605519183715,0.5763333677565029,0.1783657455508552,0.4061291535637933
tdc_caco2_wang,regression,3,seeded_scaffold_group_balanced,32,cat_60_d8,boosting,604,302,-0.6695551218797309,2.052330799982883,,,,0.6695551218797309,0.5481000038561856,0.2514088215884602,0.4893771987275888
tdc_hia_hou,classification,1,stratified_scaffold_group,1,logreg_l2_c0.1,linear,416,162,0.9663286004056796,0.0028025000356137,0.9663286004056796,0.9959802032022712,0.0653058244548537,,,,
tdc_hia_hou,classification,1,stratified_scaffold_group,2,logreg_l2_c1,linear,416,162,0.9602434077079108,0.0033376000355929,0.9602434077079108,0.9952769044510787,0.0523007563138623,,,,
tdc_hia_hou,classification,1,stratified_scaffold_group,3,logreg_l2_c10,linear,416,162,0.9557809330628804,0.0039016000228002,0.9557809330628804,0.9945669844846527,0.0559166204814678,,,,
tdc_hia_hou,classification,1,stratified_scaffold_group,4,logreg_l1_c1,linear,416,162,0.9391480730223124,0.0053271999931894,0.9391480730223124,0.9917304908416412,0.0612580036388718,,,,
tdc_hia_hou,classification,1,stratified_scaffold_group,5,rf_60_sqrt,bagging,416,162,0.9713995943204868,0.1185814999626018,0.9713995943204868,0.9962834996676504,0.0556310013717421,,,,
tdc_hia_hou,classification,1,stratified_scaffold_group,6,rf_90_d12,bagging,416,162,0.9728194726166328,0.1561889000004157,0.9728194726166328,0.9969478766537436,0.0632306510521455,,,,
tdc_hia_hou,classification,1,stratified_scaffold_group,7,rf_90_leaf2,bagging,416,162,0.9574036511156186,0.1698125000111758,0.9574036511156186,0.9948792786265398,0.0663090215578373,,,,
tdc_hia_hou,classification,1,stratified_scaffold_group,8,rf_120_d20_leaf2,bagging,416,162,0.9724137931034482,0.1931830000248737,0.9724137931034482,0.9968864863495888,0.0632788500750472,,,,
tdc_hia_hou,classification,1,stratified_scaffold_group,9,et_60_sqrt,bagging,416,162,0.9582150101419878,0.0557993000256828,0.9582150101419878,0.9942041603240568,0.0514111796982167,,,,
tdc_hia_hou,classification,1,stratified_scaffold_group,10,et_90_d12,bagging,416,162,0.973630831643002,0.0839682999649085,0.973630831643002,0.9970532842052284,0.0664145884759423,,,,
tdc_hia_hou,classification,1,stratified_scaffold_group,11,et_90_leaf2,bagging,416,162,0.9740365111561866,0.0800497000454925,0.9740365111561866,0.9970420891186726,0.0581022002070737,,,,
tdc_hia_hou,classification,1,stratified_scaffold_group,12,et_120_d20_leaf2,bagging,416,162,0.9764705882352942,0.150831900013145,0.9764705882352942,0.997364382312752,0.0587523938889538,,,,
tdc_hia_hou,classification,1,stratified_scaffold_group,13,histgb_lr0.05,boosting,416,162,0.963894523326572,0.8673075999831781,0.963894523326572,0.9957703636289938,0.0469439872231451,,,,
tdc_hia_hou,classification,1,stratified_scaffold_group,14,histgb_lr0.1,boosting,416,162,0.96105476673428,0.6868892000056803,0.96105476673428,0.9953720025664284,0.0442528210382065,,,,
tdc_hia_hou,classification,1,stratified_scaffold_group,15,gb_lr0.05_d2,boosting,416,162,0.9127789046653144,0.1924321999540552,0.9127789046653144,0.9879903502800428,0.0619812801650243,,,,
tdc_hia_hou,classification,1,stratified_scaffold_group,16,gb_lr0.1_d3,boosting,416,162,0.9468559837728194,0.2729524999740533,0.9468559837728194,0.9936012943535012,0.055674219423422,,,,
tdc_hia_hou,classification,1,stratified_scaffold_group,17,lgbm_60_l15,boosting,416,162,0.963894523326572,0.0314727000077255,0.963894523326572,0.995809256364328,0.0504240315656727,,,,
tdc_hia_hou,classification,1,stratified_scaffold_group,18,lgbm_90_l31,boosting,416,162,0.9703853955375252,0.0359085999662056,0.9703853955375252,0.996601413313538,0.0446944720069522,,,,
tdc_hia_hou,classification,1,stratified_scaffold_group,19,lgbm_60_l63,boosting,416,162,0.966734279918864,0.0272934999666176,0.966734279918864,0.9961828133274784,0.0458463684785883,,,,
tdc_hia_hou,classification,1,stratified_scaffold_group,20,lgbm_100_leaf10,boosting,416,162,0.9711967545638944,0.0772220999933779,0.9711967545638944,0.9966343555235784,0.0388886155247936,,,,
tdc_hia_hou,classification,1,stratified_scaffold_group,21,lgbm_100_leaf30,boosting,416,162,0.949290060851927,0.032266599999275,0.949290060851927,0.9938179467245984,0.0529461416856613,,,,
tdc_hia_hou,classification,1,stratified_scaffold_group,22,lgbm_80_ff0.7,boosting,416,162,0.9703853955375252,0.0374774999800138,0.9703853955375252,0.9966030224183544,0.044693201595567,,,,
tdc_hia_hou,classification,1,stratified_scaffold_group,23,lgbm_80_bag0.8,boosting,416,162,0.9671399594320488,0.0312058000126853,0.9671399594320488,0.9961247469289998,0.0442761244143622,,,,
tdc_hia_hou,classification,1,stratified_scaffold_group,24,lgbm_120_l15,boosting,416,162,0.973630831643002,0.0437261000042781,0.973630831643002,0.9970329893642688,0.0439081823078992,,,,
tdc_hia_hou,classification,1,stratified_scaffold_group,25,xgb_60_d3,boosting,416,162,0.9553752535496958,0.0419131999951787,0.9553752535496958,0.9945736923312636,0.0524402649394094,,,,
tdc_hia_hou,classification,1,stratified_scaffold_group,26,xgb_80_d5,boosting,416,162,0.9643002028397564,0.0591724999831058,0.9643002028397564,0.995722493165403,0.0436459265543044,,,,
tdc_hia_hou,classification,1,stratified_scaffold_group,27,xgb_100_d3,boosting,416,162,0.9574036511156184,0.0568521000095643,0.9574036511156184,0.9946905573980448,0.0496874149599723,,,,
tdc_hia_hou,classification,1,stratified_scaffold_group,28,xgb_60_d6,boosting,416,162,0.96105476673428,0.0469261000398546,0.96105476673428,0.9953524543582598,0.0469616396735312,,,,
tdc_hia_hou,classification,1,stratified_scaffold_group,29,cat_60_d4,boosting,416,162,0.9440162271805274,0.1745365000097081,0.9440162271805274,0.99298133811827,0.0572283429283459,,,,
tdc_hia_hou,classification,1,stratified_scaffold_group,30,cat_80_d6,boosting,416,162,0.9776876267748478,0.4744864999665878,0.9776876267748478,0.9974702893264268,0.0514549271633382,,,,
tdc_hia_hou,classification,1,stratified_scaffold_group,31,cat_100_d4,boosting,416,162,0.9529411764705882,0.2792697999975644,0.9529411764705882,0.99425000571,0.054006978168172,,,,
tdc_hia_hou,classification,1,stratified_scaffold_group,32,cat_60_d8,boosting,416,162,0.967951318458418,1.0974522000178697,0.967951318458418,0.9962324072491464,0.0479699372586919,,,,
tdc_hia_hou,classification,2,stratified_scaffold_group,1,logreg_l2_c0.1,linear,334,244,0.8370489174017642,0.0022796000121161,0.8370489174017642,0.9695422940801672,0.1016092941207405,,,,
tdc_hia_hou,classification,2,stratified_scaffold_group,2,logreg_l2_c1,linear,334,244,0.8471531676022453,0.0027749000000767,0.8471531676022453,0.9717409918864944,0.0796836541978711,,,,
tdc_hia_hou,classification,2,stratified_scaffold_group,3,logreg_l2_c10,linear,334,244,0.8529270248596632,0.0032602000283077,0.8529270248596632,0.9725649540703848,0.0760046706568306,,,,
tdc_hia_hou,classification,2,stratified_scaffold_group,4,logreg_l1_c1,linear,334,244,0.7964715316760225,0.0032096999930217,0.7964715316760225,0.954568490048217,0.1074667431085675,,,,
tdc_hia_hou,classification,2,stratified_scaffold_group,5,rf_60_sqrt,bagging,334,244,0.8286287089013632,0.1032105000340379,0.8286287089013632,0.9643541910375536,0.0774840619307832,,,,
tdc_hia_hou,classification,2,stratified_scaffold_group,6,rf_90_d12,bagging,334,244,0.8354450681635927,0.146886300004553,0.8354450681635927,0.9688668692752213,0.084463308407835,,,,
tdc_hia_hou,classification,2,stratified_scaffold_group,7,rf_90_leaf2,bagging,334,244,0.8118684843624699,0.1494064999860711,0.8118684843624699,0.9613390882100906,0.0871397022642002,,,,
tdc_hia_hou,classification,2,stratified_scaffold_group,8,rf_120_d20_leaf2,bagging,334,244,0.8197273456295108,0.1883304999792017,0.8197273456295108,0.9651579494712816,0.0860595996756366,,,,
tdc_hia_hou,classification,2,stratified_scaffold_group,9,et_60_sqrt,bagging,334,244,0.8340016038492382,0.0659329000045545,0.8340016038492382,0.964086575427476,0.0715084244080145,,,,
tdc_hia_hou,classification,2,stratified_scaffold_group,10,et_90_d12,bagging,334,244,0.8118684843624699,0.1118596999440342,0.8118684843624699,0.9648381460330168,0.0886452904795208,,,,
tdc_hia_hou,classification,2,stratified_scaffold_group,11,et_90_leaf2,bagging,334,244,0.8428227746591821,0.1141159000108018,0.8428227746591821,0.9698389505881324,0.0809827281240473,,,,
tdc_hia_hou,classification,2,stratified_scaffold_group,12,et_120_d20_leaf2,bagging,334,244,0.8261427425821972,0.1464089999790303,0.8261427425821972,0.9653282510534116,0.0832503143820249,,,,
tdc_hia_hou,classification,2,stratified_scaffold_group,13,histgb_lr0.05,boosting,334,244,0.8080192461908581,0.9848570000031032,0.8080192461908581,0.9625717171616852,0.0781615834282294,,,,
tdc_hia_hou,classification,2,stratified_scaffold_group,14,histgb_lr0.1,boosting,334,244,0.799037690457097,0.7133051999844611,0.799037690457097,0.9584718354434636,0.0801371756936107,,,,
tdc_hia_hou,classification,2,stratified_scaffold_group,15,gb_lr0.05_d2,boosting,334,244,0.7174017642341619,0.228051999991294,0.7174017642341619,0.9408796073813884,0.0864773337262304,,,,
tdc_hia_hou,classification,2,stratified_scaffold_group,16,gb_lr0.1_d3,boosting,334,244,0.7352044907778669,0.3203664000029675,0.7352044907778669,0.9322347479330652,0.0846849454429199,,,,
tdc_hia_hou,classification,2,stratified_scaffold_group,17,lgbm_60_l15,boosting,334,244,0.7794707297514033,0.0487904999754391,0.7794707297514033,0.9555941583508366,0.0809814163199809,,,,
tdc_hia_hou,classification,2,stratified_scaffold_group,18,lgbm_90_l31,boosting,334,244,0.8168404170008019,0.0681021999916993,0.8168404170008019,0.9645931373465448,0.079916613742734,,,,
tdc_hia_hou,classification,2,stratified_scaffold_group,19,lgbm_60_l63,boosting,334,244,0.8381716118684843,0.0428946000174619,0.8381716118684843,0.9690827238234132,0.075245220150263,,,,
tdc_hia_hou,classification,2,stratified_scaffold_group,20,lgbm_100_leaf10,boosting,334,244,0.7836407377706495,0.1353865999844856,0.7836407377706495,0.9556917337443632,0.0838151577066591,,,,
tdc_hia_hou,classification,2,stratified_scaffold_group,21,lgbm_100_leaf30,boosting,334,244,0.7903769045709703,0.0388895000214688,0.7903769045709703,0.9594919723034756,0.0904171597940287,,,,
tdc_hia_hou,classification,2,stratified_scaffold_group,22,lgbm_80_ff0.7,boosting,334,244,0.8335204490777866,0.0506002999609336,0.8335204490777866,0.96632029098482,0.075396419981503,,,,
tdc_hia_hou,classification,2,stratified_scaffold_group,23,lgbm_80_bag0.8,boosting,334,244,0.8569366479550922,0.1216000999556854,0.8569366479550922,0.975283069784246,0.0752666953627225,,,,
tdc_hia_hou,classification,2,stratified_scaffold_group,24,lgbm_120_l15,boosting,334,244,0.8176423416198877,0.150105100008659,0.8176423416198877,0.963758500435734,0.0805685283963105,,,,
tdc_hia_hou,classification,2,stratified_scaffold_group,25,xgb_60_d3,boosting,334,244,0.789093825180433,0.0548777000512927,0.789093825180433,0.95519162427531,0.0798811618997754,,,,
tdc_hia_hou,classification,2,stratified_scaffold_group,26,xgb_80_d5,boosting,334,244,0.8088211708099439,0.0785538000054657,0.8088211708099439,0.9611372738877074,0.0748298286375092,,,,
tdc_hia_hou,classification,2,stratified_scaffold_group,27,xgb_100_d3,boosting,334,244,0.7956696070569366,0.0754049999522976,0.7956696070569366,0.9559826216580388,0.0757982443431034,,,,
tdc_hia_hou,classification,2,stratified_scaffold_group,28,xgb_60_d6,boosting,334,244,0.8129911788291901,0.0644718999974429,0.8129911788291901,0.9605105633662876,0.0744717198353197,,,,
tdc_hia_hou,classification,2,stratified_scaffold_group,29,cat_60_d4,boosting,334,244,0.7796311146752206,0.2194089999538846,0.7796311146752206,0.9531999834300444,0.0780547735508527,,,,
tdc_hia_hou,classification,2,stratified_scaffold_group,30,cat_80_d6,boosting,334,244,0.7839615076182839,0.4955580999958329,0.7839615076182839,0.9531040254181388,0.0758351055463674,,,,
tdc_hia_hou,classification,2,stratified_scaffold_group,31,cat_100_d4,boosting,334,244,0.7842822774659182,0.2644720999523997,0.7842822774659182,0.9499476196164014,0.0761154326918691,,,,
tdc_hia_hou,classification,2,stratified_scaffold_group,32,cat_60_d8,boosting,334,244,0.8136327185244587,0.9553451999672689,0.8136327185244587,0.963311567195032,0.0751353551002056,,,,
tdc_hia_hou,classification,3,stratified_scaffold_group,1,logreg_l2_c0.1,linear,406,172,0.8852678571428572,0.0031786999898031,0.8852678571428572,0.9620996304303562,0.0971776888223797,,,,
tdc_hia_hou,classification,3,stratified_scaffold_group,2,logreg_l2_c1,linear,406,172,0.8723214285714286,0.0029162999708205,0.8723214285714286,0.9545332327774528,0.0842477835330579,,,,
tdc_hia_hou,classification,3,stratified_scaffold_group,3,logreg_l2_c10,linear,406,172,0.8616071428571428,0.0028123999945819,0.8616071428571428,0.9499263381056444,0.0872781970386688,,,,
tdc_hia_hou,classification,3,stratified_scaffold_group,4,logreg_l1_c1,linear,406,172,0.8331473214285714,0.0035435000318102,0.8331473214285714,0.9503506156599676,0.1276994812453103,,,,
tdc_hia_hou,classification,3,stratified_scaffold_group,5,rf_60_sqrt,bagging,406,172,0.84609375,0.0936082000262104,0.84609375,0.9428609582302964,0.0968733850129199,,,,
tdc_hia_hou,classification,3,stratified_scaffold_group,6,rf_90_d12,bagging,406,172,0.8620535714285714,0.1359725000220351,0.8620535714285714,0.951619572467139,0.0994025538139002,,,,
tdc_hia_hou,classification,3,stratified_scaffold_group,7,rf_90_leaf2,bagging,406,172,0.8712053571428572,0.1577524000313133,0.8712053571428572,0.9553036500855476,0.0977853041701163,,,,
tdc_hia_hou,classification,3,stratified_scaffold_group,8,rf_120_d20_leaf2,bagging,406,172,0.8625,0.1890254999743774,0.8625,0.9505919312939612,0.0989673902425851,,,,
tdc_hia_hou,classification,3,stratified_scaffold_group,9,et_60_sqrt,bagging,406,172,0.8360491071428572,0.067682099994272,0.8360491071428572,0.935031293503711,0.092328811369509,,,,
tdc_hia_hou,classification,3,stratified_scaffold_group,10,et_90_d12,bagging,406,172,0.8852678571428572,0.09207819995936,0.8852678571428572,0.9604570091833152,0.0907898597942832,,,,
tdc_hia_hou,classification,3,stratified_scaffold_group,11,et_90_leaf2,bagging,406,172,0.881919642857143,0.0896247000200674,0.881919642857143,0.964359149409322,0.0898908409254408,,,,
tdc_hia_hou,classification,3,stratified_scaffold_group,12,et_120_d20_leaf2,bagging,406,172,0.8734375000000001,0.1252222000039182,0.8734375000000001,0.9568897424433908,0.0909992061321168,,,,
tdc_hia_hou,classification,3,stratified_scaffold_group,13,histgb_lr0.05,boosting,406,172,0.8435267857142857,1.1268012000364251,0.8435267857142857,0.9427816517218714,0.107244427358432,,,,
tdc_hia_hou,classification,3,stratified_scaffold_group,14,histgb_lr0.1,boosting,406,172,0.8703125,1.107239299977664,0.8703125,0.9633753245042748,0.1072177885421069,,,,
tdc_hia_hou,classification,3,stratified_scaffold_group,15,gb_lr0.05_d2,boosting,406,172,0.7202008928571427,0.2525420000310987,0.7202008928571427,0.8897892587193943,0.118818968175681,,,,
tdc_hia_hou,classification,3,stratified_scaffold_group,16,gb_lr0.1_d3,boosting,406,172,0.7444196428571429,0.3841287000104785,0.7444196428571429,0.9212962091838488,0.1132950059360578,,,,
tdc_hia_hou,classification,3,stratified_scaffold_group,17,lgbm_60_l15,boosting,406,172,0.8142857142857143,0.0533773000352084,0.8142857142857143,0.9348085625059732,0.1061386940725813,,,,
tdc_hia_hou,classification,3,stratified_scaffold_group,18,lgbm_90_l31,boosting,406,172,0.8368303571428571,0.0689603999489918,0.8368303571428571,0.9484423670635732,0.1025865457647668,,,,
tdc_hia_hou,classification,3,stratified_scaffold_group,19,lgbm_60_l63,boosting,406,172,0.8441964285714286,0.0561674000346101,0.8441964285714286,0.9524098883394336,0.1069303063315846,,,,
tdc_hia_hou,classification,3,stratified_scaffold_group,20,lgbm_100_leaf10,boosting,406,172,0.8497767857142857,0.1417770000407472,0.8497767857142857,0.9447399791241932,0.1143363232065642,,,,
tdc_hia_hou,classification,3,stratified_scaffold_group,21,lgbm_100_leaf30,boosting,406,172,0.8638392857142857,0.0751855000271461,0.8638392857142857,0.9503620603649614,0.0947342312414591,,,,
tdc_hia_hou,classification,3,stratified_scaffold_group,22,lgbm_80_ff0.7,boosting,406,172,0.8464285714285714,0.0628227000124752,0.8464285714285714,0.9564841319489364,0.1059739637583007,,,,
tdc_hia_hou,classification,3,stratified_scaffold_group,23,lgbm_80_bag0.8,boosting,406,172,0.8433035714285714,0.0474814999615773,0.8433035714285714,0.9503539360523188,0.1071165893799737,,,,
tdc_hia_hou,classification,3,stratified_scaffold_group,24,lgbm_120_l15,boosting,406,172,0.8334821428571428,0.0550246000057086,0.8334821428571428,0.9457373733085844,0.1078952340160193,,,,
tdc_hia_hou,classification,3,stratified_scaffold_group,25,xgb_60_d3,boosting,406,172,0.8301339285714285,0.0509133000159636,0.8301339285714285,0.9492368710769712,0.1057055625089661,,,,
tdc_hia_hou,classification,3,stratified_scaffold_group,26,xgb_80_d5,boosting,406,172,0.8321428571428572,0.0856980999815277,0.8321428571428572,0.9504324517302678,0.1038125197743863,,,,
tdc_hia_hou,classification,3,stratified_scaffold_group,27,xgb_100_d3,boosting,406,172,0.8183035714285714,0.0742955000023357,0.8183035714285714,0.933983636639024,0.1064233076489152,,,,
tdc_hia_hou,classification,3,stratified_scaffold_group,28,xgb_60_d6,boosting,406,172,0.8578125,0.0621179999434389,0.8578125,0.9567987761962368,0.0985702254827214,,,,
tdc_hia_hou,classification,3,stratified_scaffold_group,29,cat_60_d4,boosting,406,172,0.7966517857142857,0.2607580999610945,0.7966517857142857,0.9346823108223314,0.1079528744474805,,,,
tdc_hia_hou,classification,3,stratified_scaffold_group,30,cat_80_d6,boosting,406,172,0.8167410714285714,0.5634205999667756,0.8167410714285714,0.9349428381105644,0.1089180071501777,,,,
tdc_hia_hou,classification,3,stratified_scaffold_group,31,cat_100_d4,boosting,406,172,0.7984374999999999,0.2629326999885961,0.7984374999999999,0.9410752251146584,0.1110890303747474,,,,
tdc_hia_hou,classification,3,stratified_scaffold_group,32,cat_60_d8,boosting,406,172,0.8180803571428571,1.0576477000140585,0.8180803571428571,0.9444129601928444,0.1039906129011326,,,,
tdc_pgp_broccatelli,classification,1,stratified_scaffold_group,1,logreg_l2_c0.1,linear,786,426,0.882359441301273,0.0048791000153869,0.882359441301273,0.9015406243487296,0.1316081091149092,,,,
tdc_pgp_broccatelli,classification,1,stratified_scaffold_group,2,logreg_l2_c1,linear,786,426,0.8775857496463931,0.00662800000282,0.8775857496463931,0.892087248371301,0.1400928977201326,,,,
tdc_pgp_broccatelli,classification,1,stratified_scaffold_group,3,logreg_l2_c10,linear,786,426,0.8630436704384724,0.0075854999595321,0.8630436704384724,0.8705204108083833,0.1661870682714796,,,,
tdc_pgp_broccatelli,classification,1,stratified_scaffold_group,4,logreg_l1_c1,linear,786,426,0.8691212871287128,0.0131295999744907,0.8691212871287128,0.8721290038391576,0.1480560762500125,,,,
tdc_pgp_broccatelli,classification,1,stratified_scaffold_group,5,rf_60_sqrt,bagging,786,426,0.9087804985855727,0.0978342999587766,0.9087804985855727,0.915985614218322,0.1252712571726656,,,,
tdc_pgp_broccatelli,classification,1,stratified_scaffold_group,6,rf_90_d12,bagging,786,426,0.900083981612447,0.1602263000095263,0.900083981612447,0.912149515229222,0.1299917048618793,,,,
tdc_pgp_broccatelli,classification,1,stratified_scaffold_group,7,rf_90_leaf2,bagging,786,426,0.9068909123055164,0.1565202999627217,0.9068909123055164,0.9137232350814348,0.1293051262467625,,,,
tdc_pgp_broccatelli,classification,1,stratified_scaffold_group,8,rf_120_d20_leaf2,bagging,786,426,0.9115762022630834,0.2208851999603212,0.9115762022630834,0.9198639604651732,0.1266042615667153,,,,
tdc_pgp_broccatelli,classification,1,stratified_scaffold_group,9,et_60_sqrt,bagging,786,426,0.9024376768033948,0.0656201000092551,0.9024376768033948,0.9046128259090472,0.1260954616588419,,,,
tdc_pgp_broccatelli,classification,1,stratified_scaffold_group,10,et_90_d12,bagging,786,426,0.8959733026874116,0.0913030999945476,0.8959733026874116,0.9065977788140072,0.1305200112410338,,,,
tdc_pgp_broccatelli,classification,1,stratified_scaffold_group,11,et_90_leaf2,bagging,786,426,0.9075539250353606,0.0903772000456228,0.9075539250353606,0.914301706388079,0.1256853446990242,,,,
tdc_pgp_broccatelli,classification,1,stratified_scaffold_group,12,et_120_d20_leaf2,bagging,786,426,0.9082390381895332,0.1312413999694399,0.9082390381895332,0.915200239872796,0.1266350492669749,,,,
tdc_pgp_broccatelli,classification,1,stratified_scaffold_group,13,histgb_lr0.05,boosting,786,426,0.8787128712871288,1.0386119000031613,0.8787128712871288,0.8959134148119083,0.1340348879543262,,,,
tdc_pgp_broccatelli,classification,1,stratified_scaffold_group,14,histgb_lr0.1,boosting,786,426,0.8828014497878359,0.9396287000272424,0.8828014497878359,0.8987128774836439,0.131611078545118,,,,
tdc_pgp_broccatelli,classification,1,stratified_scaffold_group,15,gb_lr0.05_d2,boosting,786,426,0.8594523514851484,0.4434289999771863,0.8594523514851484,0.8727928404619255,0.1549611791014119,,,,
tdc_pgp_broccatelli,classification,1,stratified_scaffold_group,16,gb_lr0.1_d3,boosting,786,426,0.8751768033946252,0.6337887999834493,0.8751768033946252,0.8900102688019529,0.1397778775025276,,,,
tdc_pgp_broccatelli,classification,1,stratified_scaffold_group,17,lgbm_60_l15,boosting,786,426,0.8669333451202264,0.0587898000376299,0.8669333451202264,0.88715943207266,0.1412272999262611,,,,
tdc_pgp_broccatelli,classification,1,stratified_scaffold_group,18,lgbm_90_l31,boosting,786,426,0.884613684582744,0.1198549999971874,0.884613684582744,0.8977297142611252,0.1298098947411124,,,,
tdc_pgp_broccatelli,classification,1,stratified_scaffold_group,19,lgbm_60_l63,boosting,786,426,0.8844147807637907,0.1070735999965109,0.8844147807637907,0.8977117239983894,0.1311354042913868,,,,
tdc_pgp_broccatelli,classification,1,stratified_scaffold_group,20,lgbm_100_leaf10,boosting,786,426,0.8835307637906646,0.1474300000118091,0.8835307637906646,0.8938915219112671,0.1314323443892199,,,,
tdc_pgp_broccatelli,classification,1,stratified_scaffold_group,21,lgbm_100_leaf30,boosting,786,426,0.8780277581329561,0.1033863000338897,0.8780277581329561,0.8948539740547632,0.133771161365178,,,,
tdc_pgp_broccatelli,classification,1,stratified_scaffold_group,22,lgbm_80_ff0.7,boosting,786,426,0.8863817185289957,0.1099625999922864,0.8863817185289957,0.9018952229742724,0.1289948628198136,,,,
tdc_pgp_broccatelli,classification,1,stratified_scaffold_group,23,lgbm_80_bag0.8,boosting,786,426,0.8860281117397454,0.0932480000192299,0.8860281117397454,0.9022762939596004,0.1287066432900334,,,,
tdc_pgp_broccatelli,classification,1,stratified_scaffold_group,24,lgbm_120_l15,boosting,786,426,0.8836412659123055,0.1090059000416658,0.8836412659123055,0.9009411255367424,0.1287869126256591,,,,
tdc_pgp_broccatelli,classification,1,stratified_scaffold_group,25,xgb_60_d3,boosting,786,426,0.8722263967468177,0.069579100003466,0.8722263967468177,0.8880636100636973,0.1421980591645113,,,,
tdc_pgp_broccatelli,classification,1,stratified_scaffold_group,26,xgb_80_d5,boosting,786,426,0.8757293140028288,0.1145360000082291,0.8757293140028288,0.8876949036465096,0.1375981973101938,,,,
tdc_pgp_broccatelli,classification,1,stratified_scaffold_group,27,xgb_100_d3,boosting,786,426,0.8648338048090523,0.1053132999804802,0.8648338048090523,0.8846433778165658,0.1441636608951774,,,,
tdc_pgp_broccatelli,classification,1,stratified_scaffold_group,28,xgb_60_d6,boosting,786,426,0.8898293847241867,0.1020587999955751,0.8898293847241867,0.9024979858306504,0.1281236699147924,,,,
tdc_pgp_broccatelli,classification,1,stratified_scaffold_group,29,cat_60_d4,boosting,786,426,0.8770332390381895,0.2484068000339903,0.8770332390381895,0.8957327486205005,0.1380524600068119,,,,
tdc_pgp_broccatelli,classification,1,stratified_scaffold_group,30,cat_80_d6,boosting,786,426,0.8867353253182461,0.64115480001783,0.8867353253182461,0.9041431650343718,0.1334063014927488,,,,
tdc_pgp_broccatelli,classification,1,stratified_scaffold_group,31,cat_100_d4,boosting,786,426,0.8813649222065063,0.3813833000021986,0.8813649222065063,0.8998590712749667,0.1370286104218899,,,,
tdc_pgp_broccatelli,classification,1,stratified_scaffold_group,32,cat_60_d8,boosting,786,426,0.881608026874116,1.6061073000309989,0.881608026874116,0.8977153817738956,0.1354608073220335,,,,
tdc_pgp_broccatelli,classification,2,stratified_scaffold_group,1,logreg_l2_c0.1,linear,794,418,0.9171428571428571,0.0051943999715149,0.9171428571428571,0.9444541361563086,0.1207073560616445,,,,
tdc_pgp_broccatelli,classification,2,stratified_scaffold_group,2,logreg_l2_c1,linear,794,418,0.9103333333333332,0.0057730000116862,0.9103333333333332,0.939830698389474,0.1206687417369367,,,,
tdc_pgp_broccatelli,classification,2,stratified_scaffold_group,3,logreg_l2_c10,linear,794,418,0.8922380952380953,0.0089163999655283,0.8922380952380953,0.924070371531374,0.1448082551348961,,,,
tdc_pgp_broccatelli,classification,2,stratified_scaffold_group,4,logreg_l1_c1,linear,794,418,0.8993571428571429,0.0138111000414937,0.8993571428571429,0.9324310754086772,0.1276390037177827,,,,
tdc_pgp_broccatelli,classification,2,stratified_scaffold_group,5,rf_60_sqrt,bagging,794,418,0.9196428571428572,0.1196588999591767,0.9196428571428572,0.9446662948002964,0.1278502126528442,,,,
tdc_pgp_broccatelli,classification,2,stratified_scaffold_group,6,rf_90_d12,bagging,794,418,0.9188571428571428,0.1716622000094503,0.9188571428571428,0.945358193291331,0.1381206024332667,,,,
tdc_pgp_broccatelli,classification,2,stratified_scaffold_group,7,rf_90_leaf2,bagging,794,418,0.9115238095238094,0.1558332000277005,0.9115238095238094,0.9390283961720668,0.1411532641403453,,,,
tdc_pgp_broccatelli,classification,2,stratified_scaffold_group,8,rf_120_d20_leaf2,bagging,794,418,0.9213095238095236,0.2093011999968439,0.9213095238095236,0.9466574421841648,0.1367419497437691,,,,
tdc_pgp_broccatelli,classification,2,stratified_scaffold_group,9,et_60_sqrt,bagging,794,418,0.9251666666666668,0.0774512999923899,0.9251666666666668,0.9516801364612416,0.1202585061137692,,,,
tdc_pgp_broccatelli,classification,2,stratified_scaffold_group,10,et_90_d12,bagging,794,418,0.928595238095238,0.1151324999518692,0.928595238095238,0.953428926138597,0.1279531186285237,,,,
tdc_pgp_broccatelli,classification,2,stratified_scaffold_group,11,et_90_leaf2,bagging,794,418,0.9267619047619048,0.0933379000052809,0.9267619047619048,0.9504027939558284,0.1297361902954944,,,,
tdc_pgp_broccatelli,classification,2,stratified_scaffold_group,12,et_120_d20_leaf2,bagging,794,418,0.9327619047619048,0.1563404999906197,0.9327619047619048,0.9549277261482606,0.1272100472457871,,,,
tdc_pgp_broccatelli,classification,2,stratified_scaffold_group,13,histgb_lr0.05,boosting,794,418,0.9070714285714284,1.2866280999733135,0.9070714285714284,0.9388046755324224,0.1257440235909582,,,,
tdc_pgp_broccatelli,classification,2,stratified_scaffold_group,14,histgb_lr0.1,boosting,794,418,0.9132380952380952,0.8766248999745585,0.9132380952380952,0.9427807227903336,0.1251171977546278,,,,
tdc_pgp_broccatelli,classification,2,stratified_scaffold_group,15,gb_lr0.05_d2,boosting,794,418,0.851047619047619,0.3520793999778107,0.851047619047619,0.8930651068323421,0.1732453422121011,,,,
tdc_pgp_broccatelli,classification,2,stratified_scaffold_group,16,gb_lr0.1_d3,boosting,794,418,0.8974047619047618,0.4981553999823518,0.8974047619047618,0.9311705386087704,0.1320965385896594,,,,
tdc_pgp_broccatelli,classification,2,stratified_scaffold_group,17,lgbm_60_l15,boosting,794,418,0.8974285714285714,0.0438827999751083,0.8974285714285714,0.9287196184845986,0.1375465159849413,,,,
tdc_pgp_broccatelli,classification,2,stratified_scaffold_group,18,lgbm_90_l31,boosting,794,418,0.901,0.077252099988982,0.901,0.9357593287815408,0.1322965018926901,,,,
tdc_pgp_broccatelli,classification,2,stratified_scaffold_group,19,lgbm_60_l63,boosting,794,418,0.9052380952380952,0.0629223000141792,0.9052380952380952,0.9375376988156638,0.1298111874356237,,,,
tdc_pgp_broccatelli,classification,2,stratified_scaffold_group,20,lgbm_100_leaf10,boosting,794,418,0.9039761904761904,0.0963919999776408,0.9039761904761904,0.9370250101542248,0.1363861732078947,,,,
tdc_pgp_broccatelli,classification,2,stratified_scaffold_group,21,lgbm_100_leaf30,boosting,794,418,0.910952380952381,0.0721108000143431,0.910952380952381,0.940545447372147,0.1249584403977431,,,,
tdc_pgp_broccatelli,classification,2,stratified_scaffold_group,22,lgbm_80_ff0.7,boosting,794,418,0.9121666666666668,0.0740392000298015,0.9121666666666668,0.941484957102195,0.1247624115254584,,,,
tdc_pgp_broccatelli,classification,2,stratified_scaffold_group,23,lgbm_80_bag0.8,boosting,794,418,0.9256666666666666,0.0656552000436931,0.9256666666666666,0.9501005586584632,0.1120730247995475,,,,
tdc_pgp_broccatelli,classification,2,stratified_scaffold_group,24,lgbm_120_l15,boosting,794,418,0.9076666666666666,0.0690520000061951,0.9076666666666666,0.938141472725524,0.1276732603602206,,,,
tdc_pgp_broccatelli,classification,2,stratified_scaffold_group,25,xgb_60_d3,boosting,794,418,0.8871666666666667,0.066621700010728,0.8871666666666667,0.9217053088499724,0.1448547379248358,,,,
tdc_pgp_broccatelli,classification,2,stratified_scaffold_group,26,xgb_80_d5,boosting,794,418,0.9083571428571428,0.0855548999970778,0.9083571428571428,0.9362099965884508,0.1301302112188448,,,,
tdc_pgp_broccatelli,classification,2,stratified_scaffold_group,27,xgb_100_d3,boosting,794,418,0.8941428571428571,0.0814824999542906,0.8941428571428571,0.9251358592298105,0.1410250118610984,,,,
tdc_pgp_broccatelli,classification,2,stratified_scaffold_group,28,xgb_60_d6,boosting,794,418,0.9136904761904762,0.0835802999790757,0.9136904761904762,0.9418852267215856,0.124294263839811,,,,
tdc_pgp_broccatelli,classification,2,stratified_scaffold_group,29,cat_60_d4,boosting,794,418,0.8911428571428571,0.2311431999551132,0.8911428571428571,0.9216972153094416,0.1479147680845251,,,,
tdc_pgp_broccatelli,classification,2,stratified_scaffold_group,30,cat_80_d6,boosting,794,418,0.910904761904762,0.6971542999963276,0.910904761904762,0.939093496903626,0.1340054021044536,,,,
tdc_pgp_broccatelli,classification,2,stratified_scaffold_group,31,cat_100_d4,boosting,794,418,0.8967619047619048,0.353259600000456,0.8967619047619048,0.9268544365538594,0.1432514362377821,,,,
tdc_pgp_broccatelli,classification,2,stratified_scaffold_group,32,cat_60_d8,boosting,794,418,0.905404761904762,1.671722800005227,0.905404761904762,0.9394276423203732,0.1332066521517361,,,,
tdc_pgp_broccatelli,classification,3,stratified_scaffold_group,1,logreg_l2_c0.1,linear,844,368,0.888958055432044,0.0041734000551514,0.888958055432044,0.925248367421944,0.12737220611154,,,,
tdc_pgp_broccatelli,classification,3,stratified_scaffold_group,2,logreg_l2_c1,linear,844,368,0.8866755595079294,0.0088237000163644,0.8866755595079294,0.9213497628189125,0.1382274217880961,,,,
tdc_pgp_broccatelli,classification,3,stratified_scaffold_group,3,logreg_l2_c10,linear,844,368,0.8689788053949905,0.0088701000204309,0.8689788053949905,0.9001215669586276,0.1678068781702648,,,,
tdc_pgp_broccatelli,classification,3,stratified_scaffold_group,4,logreg_l1_c1,linear,844,368,0.8757077219504965,0.0127121999976225,0.8757077219504965,0.912331012231883,0.1428282066320294,,,,
tdc_pgp_broccatelli,classification,3,stratified_scaffold_group,5,rf_60_sqrt,bagging,844,368,0.9103601600711428,0.109467499947641,0.9103601600711428,0.9331579744951408,0.1195855978260869,,,,
tdc_pgp_broccatelli,classification,3,stratified_scaffold_group,6,rf_90_d12,bagging,844,368,0.9049355269008448,0.1583151000086218,0.9049355269008448,0.929473412258514,0.127344831233153,,,,
tdc_pgp_broccatelli,classification,3,stratified_scaffold_group,7,rf_90_leaf2,bagging,844,368,0.9111012301763748,0.154113300028257,0.9111012301763748,0.9339503539959076,0.1241158830501814,,,,
tdc_pgp_broccatelli,classification,3,stratified_scaffold_group,8,rf_120_d20_leaf2,bagging,844,368,0.9117237290647696,0.2177107000024989,0.9117237290647696,0.9346731567663836,0.1239711226513321,,,,
tdc_pgp_broccatelli,classification,3,stratified_scaffold_group,9,et_60_sqrt,bagging,844,368,0.9136949755446866,0.0762396000209264,0.9136949755446866,0.93651847658882,0.1155789553140096,,,,
tdc_pgp_broccatelli,classification,3,stratified_scaffold_group,10,et_90_d12,bagging,844,368,0.9043426708166592,0.0967857000068761,0.9043426708166592,0.9318779350557864,0.1252449181519841,,,,
tdc_pgp_broccatelli,classification,3,stratified_scaffold_group,11,et_90_leaf2,bagging,844,368,0.9185119312286943,0.0991912000463344,0.9185119312286943,0.9402534496749314,0.1190488276439532,,,,
tdc_pgp_broccatelli,classification,3,stratified_scaffold_group,12,et_120_d20_leaf2,bagging,844,368,0.9173855046687416,0.1320209000259637,0.9173855046687416,0.9395750947858844,0.1183988222239607,,,,
tdc_pgp_broccatelli,classification,3,stratified_scaffold_group,13,histgb_lr0.05,boosting,844,368,0.8979694679116647,1.1023203000077046,0.8979694679116647,0.9242476132403028,0.1318919587068589,,,,
tdc_pgp_broccatelli,classification,3,stratified_scaffold_group,14,histgb_lr0.1,boosting,844,368,0.8984733955832223,0.9176077999873088,0.8984733955832223,0.9246526546343984,0.1346226854151406,,,,
tdc_pgp_broccatelli,classification,3,stratified_scaffold_group,15,gb_lr0.05_d2,boosting,844,368,0.8601748925448348,0.3508629000280052,0.8601748925448348,0.9066042982460492,0.1450418173767636,,,,
tdc_pgp_broccatelli,classification,3,stratified_scaffold_group,16,gb_lr0.1_d3,boosting,844,368,0.8777382540388321,0.5206426000222564,0.8777382540388321,0.916730799816872,0.1374172920090216,,,,
tdc_pgp_broccatelli,classification,3,stratified_scaffold_group,17,lgbm_60_l15,boosting,844,368,0.8778420038535646,0.0477485000155866,0.8778420038535646,0.9123531338924756,0.1403901907381935,,,,
tdc_pgp_broccatelli,classification,3,stratified_scaffold_group,18,lgbm_90_l31,boosting,844,368,0.9020008892841264,0.0761605000006966,0.9020008892841264,0.9282151262020626,0.1287034657314427,,,,
tdc_pgp_broccatelli,classification,3,stratified_scaffold_group,19,lgbm_60_l63,boosting,844,368,0.8931969764339707,0.074179199989885,0.8931969764339707,0.9231122142445184,0.1343494425037774,,,,
tdc_pgp_broccatelli,classification,3,stratified_scaffold_group,20,lgbm_100_leaf10,boosting,844,368,0.8971691121980139,0.115520599996671,0.8971691121980139,0.9272124942498244,0.1326388541611068,,,,
tdc_pgp_broccatelli,classification,3,stratified_scaffold_group,21,lgbm_100_leaf30,boosting,844,368,0.8917741218319254,0.0614753999980166,0.8917741218319254,0.9214872310931916,0.1349271037890314,,,,
tdc_pgp_broccatelli,classification,3,stratified_scaffold_group,22,lgbm_80_ff0.7,boosting,844,368,0.9120497999110716,0.0830944000044837,0.9120497999110716,0.9344601638568778,0.1212492065539302,,,,
tdc_pgp_broccatelli,classification,3,stratified_scaffold_group,23,lgbm_80_bag0.8,boosting,844,368,0.9078701645175634,0.0672706000041216,0.9078701645175634,0.9337185607573808,0.1240356808877363,,,,
tdc_pgp_broccatelli,classification,3,stratified_scaffold_group,24,lgbm_120_l15,boosting,844,368,0.889610197124648,0.0649866000167094,0.889610197124648,0.9200061438136448,0.1357830531108954,,,,
tdc_pgp_broccatelli,classification,3,stratified_scaffold_group,25,xgb_60_d3,boosting,844,368,0.8719282644138135,0.0659591000294312,0.8719282644138135,0.9110401578269004,0.1401823671512652,,,,
tdc_pgp_broccatelli,classification,3,stratified_scaffold_group,26,xgb_80_d5,boosting,844,368,0.884274492366978,0.0999077000305987,0.884274492366978,0.9175724595516804,0.1359915617588034,,,,
tdc_pgp_broccatelli,classification,3,stratified_scaffold_group,27,xgb_100_d3,boosting,844,368,0.86920112642656,0.0885106000350788,0.86920112642656,0.9099187715131908,0.1415625311099826,,,,
tdc_pgp_broccatelli,classification,3,stratified_scaffold_group,28,xgb_60_d6,boosting,844,368,0.8912701941603676,0.0826874999911524,0.8912701941603676,0.9240520399457652,0.1300424698092234,,,,
tdc_pgp_broccatelli,classification,3,stratified_scaffold_group,29,cat_60_d4,boosting,844,368,0.8791166444345635,0.2261317000375129,0.8791166444345635,0.9168976425879845,0.1358355324000331,,,,
tdc_pgp_broccatelli,classification,3,stratified_scaffold_group,30,cat_80_d6,boosting,844,368,0.888335556543649,0.6630269000306726,0.888335556543649,0.9227764484222865,0.1308908109457575,,,,
tdc_pgp_broccatelli,classification,3,stratified_scaffold_group,31,cat_100_d4,boosting,844,368,0.882673780939677,0.3623506000149064,0.882673780939677,0.9193062287249204,0.1349947786835396,,,,
tdc_pgp_broccatelli,classification,3,stratified_scaffold_group,32,cat_60_d8,boosting,844,368,0.8919223358529718,1.6831458999658937,0.8919223358529718,0.9235781300978008,0.1299585968386885,,,,
