path,size_bytes,sha256
.dockerignore,49,58984267c0f5f7f79f0e278380fee92e847142adbb5f021152f0a6cebea92021
.github/workflows/reproducibility.yml,877,b1914aed6e5d3a80c85d67cb9a98a0612c0b7190d33a6abdc1735a083787343a
.gitignore,150,8634554679000a2bbcaba6bbcc7648707ded4ea0a8b845602d6eff10a6f81e2f
.pytest_cache/.gitignore,39,e7c6bb30148cf667606dcd63e7ca77acaa3cfb0c8303bf09e6419e1e1669dc6d
.pytest_cache/CACHEDIR.TAG,191,37dc88ef9a0abeddbe81053a6dd8fdfb13afb613045ea1eb4a5c815a74a3bde4
.pytest_cache/README.md,310,420e808d79a6c25d3cda0af33bc4782314a14949866682c68ce8149e89b66b70
.pytest_cache/v/cache/nodeids,7409,7568f022c9f33fa483bc3f5832f8a7c01bd4ca5f1d0d9ae11237a9ac4ee8b1e5
CITATION.cff,306,2ee9f9ef8dde4ffd5714b43db831c3279fd26ea22e13ef1ad6652182265d83b6
configs/candidate_registry.yaml,736,24a984126556e933298a99a110bbfa3f81181b3c5714f6ea02b66790f9169c4b
configs/candidate_subset_audit.yaml,224,10f0f5b0c3e777f6f2d0a6d8d3e6fe8f740d3f622531520f9a570c525ed8cc60
configs/data_cleaning.yaml,639,5175a6df16af9fe05554c719f56e667e6f8f41daecc9033168940a2092b39c5b
configs/endpoints.yaml,509,a0e6c5c29453189b13eddf2454a7cf2234abd930f40a8a290e9a066ff7d6f101
configs/experiment_update.yaml,1637,ec053cb18e090e1609d7d5ba70e7452a231b8bf3d1f088ed7f30b81255437fb6
configs/full_moleculenet.json,626,c45a3b64dcc7c82ce2464447e9536c2e760774a98c551dc2afa33611c5a87739
configs/heterogeneous_pool.yaml,1005,f241dc74db069dfad4e52f7e7b14c8255a2c47f9e0aa0e8299c8cb31cfb669b6
configs/nested_selection.yaml,244,bf7909f18d663495cd051c59ea0d46f27489c3de9db7fbdce597fc95379516d0
configs/paper.yaml,594,aa2c3304e9d8309ad15faa17ee394ed86bcd847e5b31cb55ef5f4c2d85d31b23
configs/reliability.yaml,425,87e7228d91cf594a053886b1d73db44e46ab8099ed3906cb8f388dc54e1095dc
configs/smoke.json,344,e3471a53cd23bc64fa286edbe8e9abd151e51e079503e1479eeab472910914b1
configs/smoke_ablation.json,444,194c213edf86da2eeec9f4dba3d60bf2a2a7116eea3e40f784bb096a08f28c5c
configs/smoke_multifp.json,449,7483fd4de71eb912356e7a186cd54906b520b1e9ee52e064a48135e6b89260ad
configs/smoke_strict_core.json,423,d0d33465714156ebc27d71db47a6cc740137afd38a7ce55fe5a15f6c2acc4146
configs/smoke_upgrade.json,420,24bcb384c322c412f5d87c0eb20d5126d64464f9672669cb08eddf7162bfdc24
configs/strict_core_experts.json,577,eff9c9a760f9512f45652d334ce913e6b29a199ad59d5124188e3ad43b347557
configs/strict_core_fast.json,562,edc5e03f4cc4acdb73089f635270efcd1318371ac52d89f62f213b8cfd396638
configs/strict_core_resume_neural_lipo.json,448,6d6d2d6fa7ffc47bd66088359f6756b6c3577bd2c2c0d01d618bb0f21e6bee3a
configs/strict_core_resume_sklearn_missing.json,466,ec47d6e152b3986934d878c96b37fe5d6d18a2f69eccc2252c7e71f6829d4f04
configs/strict_multifp.json,539,9aede6d8a279649b3c11f1b86acf3a3f053f95ffb12f1eba9ff1757d30b2a122
configs/strict_multifp_fast.json,545,8cc28de3a8590f58191745d5e2e3a15e7525f88406c85f0563157574a37190b0
configs/strict_tdc_admet_multifp.json,695,e48d83e5002b75fbe68a23374172a39421503ca816c38fcd5c79051316eba38e
configs/upgrade_fzyc_gt.json,476,5171cc683c7ee85b68f96cc87037364d8c1ac9dd78e6518ff14d3fdfbd6c38e6
configs/upgrade_graph_transformer.json,497,1ca86bb8827612742880c7fc1704fa747b4218da73b33796ac31260521861ec0
configs/wslconfig.autogluon,70,44e4fb12c9dbce6a4b759967af0c298a9f266a0fa52b525f5547bec9fedb8490
configs_current/candidate_registry.yaml,736,24a984126556e933298a99a110bbfa3f81181b3c5714f6ea02b66790f9169c4b
configs_current/candidate_subset_audit.yaml,224,10f0f5b0c3e777f6f2d0a6d8d3e6fe8f740d3f622531520f9a570c525ed8cc60
configs_current/data_cleaning.yaml,639,5175a6df16af9fe05554c719f56e667e6f8f41daecc9033168940a2092b39c5b
configs_current/endpoints.yaml,509,a0e6c5c29453189b13eddf2454a7cf2234abd930f40a8a290e9a066ff7d6f101
configs_current/experiment_update.yaml,1637,ec053cb18e090e1609d7d5ba70e7452a231b8bf3d1f088ed7f30b81255437fb6
configs_current/full_moleculenet.json,626,c45a3b64dcc7c82ce2464447e9536c2e760774a98c551dc2afa33611c5a87739
configs_current/heterogeneous_pool.yaml,1005,f241dc74db069dfad4e52f7e7b14c8255a2c47f9e0aa0e8299c8cb31cfb669b6
configs_current/nested_selection.yaml,244,bf7909f18d663495cd051c59ea0d46f27489c3de9db7fbdce597fc95379516d0
configs_current/reliability.yaml,425,87e7228d91cf594a053886b1d73db44e46ab8099ed3906cb8f388dc54e1095dc
configs_current/smoke.json,344,e3471a53cd23bc64fa286edbe8e9abd151e51e079503e1479eeab472910914b1
configs_current/smoke_ablation.json,444,194c213edf86da2eeec9f4dba3d60bf2a2a7116eea3e40f784bb096a08f28c5c
configs_current/smoke_multifp.json,449,7483fd4de71eb912356e7a186cd54906b520b1e9ee52e064a48135e6b89260ad
configs_current/smoke_strict_core.json,423,d0d33465714156ebc27d71db47a6cc740137afd38a7ce55fe5a15f6c2acc4146
configs_current/smoke_upgrade.json,420,24bcb384c322c412f5d87c0eb20d5126d64464f9672669cb08eddf7162bfdc24
configs_current/strict_core_experts.json,577,eff9c9a760f9512f45652d334ce913e6b29a199ad59d5124188e3ad43b347557
configs_current/strict_core_fast.json,562,edc5e03f4cc4acdb73089f635270efcd1318371ac52d89f62f213b8cfd396638
configs_current/strict_core_resume_neural_lipo.json,448,6d6d2d6fa7ffc47bd66088359f6756b6c3577bd2c2c0d01d618bb0f21e6bee3a
configs_current/strict_core_resume_sklearn_missing.json,466,ec47d6e152b3986934d878c96b37fe5d6d18a2f69eccc2252c7e71f6829d4f04
configs_current/strict_multifp.json,539,9aede6d8a279649b3c11f1b86acf3a3f053f95ffb12f1eba9ff1757d30b2a122
configs_current/strict_multifp_fast.json,545,8cc28de3a8590f58191745d5e2e3a15e7525f88406c85f0563157574a37190b0
configs_current/strict_tdc_admet_multifp.json,695,e48d83e5002b75fbe68a23374172a39421503ca816c38fcd5c79051316eba38e
configs_current/upgrade_fzyc_gt.json,476,5171cc683c7ee85b68f96cc87037364d8c1ac9dd78e6518ff14d3fdfbd6c38e6
configs_current/upgrade_graph_transformer.json,497,1ca86bb8827612742880c7fc1704fa747b4218da73b33796ac31260521861ec0
configs_current/wslconfig.autogluon,70,44e4fb12c9dbce6a4b759967af0c298a9f266a0fa52b525f5547bec9fedb8490
data/raw/delaney-processed.csv,97828,a4a8ee8be4f368dada6f4d619e74ce3824e48fe4fc119f4d19f461693466f028
Dockerfile,383,b011065dea72a10e7f13d249518368e75d73d83196cbb68ae2ae9497f38692ce
docs/Equation_to_code_mapping.csv,2014,2274d1ca3df332a54df78f0914ab98f6bb0c9bf7dba9a78c3fc45a25c61d45c5
docs/release-and-commit.md,253,ce7f790c46239772202c7f02b1b67ac6a3f361c6e4cc209395a8f7841f3d9aad
docs/reproducibility-scope.md,629,5c46c84ce85aef0164aab60137a0064708145131829a955432960986693595dd
entrypoints/full_training_entry.py,1921,9eb0754e676c6af9c57b6a1fbff461ebe73f09e5f8cc37139ed7d5131156a6b1
entrypoints/quick_reproduce.py,2992,6fdb0b08deb26745736e24b6d3128e82c2e2df8f7a00cef5bd3b03206f083593
environment/environment.yml,127,d559fba9e6483242dafbec32d44db89a6f497bef789c0cbb95d2bfb3d0a7bf70
environment/pyproject.toml,722,e7b5f4067ccd0c0f1535002ef0d52b3db4662ee2fe3a0c6162a8af281dc758dc
environment/requirements-pretrained.txt,61,af658021a235861ea53fec29e95d423f61a7bbd90b9cad430e7047cbd37e2d8d
environment/requirements.lock,219,fc76ceaeb5526de5a55de6cbc9d3196757b9a6c19bfff4659e07c6ccea678c40
environment/requirements.txt,221,29c3f4517ec511f52c9f1c69d72e11d4bbff6456a2af82cefc6abbc85c7840ad
environment.yml,127,d559fba9e6483242dafbec32d44db89a6f497bef789c0cbb95d2bfb3d0a7bf70
FAILURE_AND_EXCLUSION_LOG_INDEX.csv,4003,13579a169cd66cd9d5c048bb8375d555eefcf823afccc4820bad8391350aa9e4
LICENSE,1100,28219dc877b61f27ccbda12120cf898a0cb9b51dfe320e13f47f95d1e083f4aa
manifests/data_manifest.csv,3554,cf07d02317280920ba33609fe7c6c02d473001923251f636ad48bb8b6c7c9d33
manifests/dataset_registry.json,4602,9ca4b0a7a4d60ab80e5b6729b250901ab65ed826833bd27010de74894bb5f4b2
manifests/endpoint_registry.csv,1206,725fe5cdb98d763491be8464a180c97d6fd47ffa0ad222fb8d2d1ba2e845691f
manifests/PACKAGE_AUDIT.json,455,380a6761ca26f1207971341857451f97671c3d6b2ee6ba9e2db1a6eb45e83e88
manifests/PACKAGE_CONTENTS.csv,117671,b969035cd0c682b3ba11e9fd9409035b4f35d18031c877734cef07a67ed47e3c
manuscript_finalization/build_paper32_figure7_large_text_20260718.py,15716,2107042b1d0844cdd092fc8bb7e5590a8fba292ed48b8649975c363d402d6609
manuscript_finalization/quality_control_20260728/01_Equation_rendering_report.csv,885,aa5d9bc5efe9a4e83d52ba6f803c7bff27c14ac680f03949f752a9bed60dd823
manuscript_finalization/quality_control_20260728/02_Plain_text_extraction_report.csv,166,c625ea7061e8681ec52827b31ebd8bbeddceb1fc52bf37f444fea841aa562358
manuscript_finalization/quality_control_20260728/03_Manuscript_font_audit.csv,407,a34acd38baa67d1ce91c54659a7ab9e73c88ee0c6a19b581f2f4b2ab1e49e971
manuscript_finalization/quality_control_20260728/04_Title_conclusion_table3_report.csv,367,7d50fad23674cc38984b3abba9316826c4083c885fab1a0f1d69aede0da072af
manuscript_finalization/quality_control_20260728/05_Image_alt_text_report.csv,4368,4c4fba29522d49f2a40ee1b374c7db99cffc7c3fa9e34eaae49c2db156b3bd87
manuscript_finalization/quality_control_20260728/06_Figure_font_audit.csv,732,26d122b0bda9015848ff15371c9f9f942c998d4a087c89698228c11c49f93b9e
manuscript_finalization/quality_control_20260728/07_Figure4_terminology_report.csv,222,6cf4bb2a4d73479228dc5e2fc13b0dae98206d08cd788244054c6566df96cb44
manuscript_finalization/quality_control_20260728/08_Word_WPS_LibreOffice_PDF_comparison.csv,651,0524ece7fdd34dc6ceafe19fe7e2252e5e76e2350b7853571e92efd4cd920238
manuscript_finalization/quality_control_20260728/09_Reference_audit_1-37.csv,7612,5c0c2df00c78de5c9f5e8bf44e43c671107fb0a9d1b6cb0a9804d438a8ae5247
manuscript_finalization/quality_control_20260728/10_Repository_consistency_report.csv,688,5139ec16e3c6068ee3ad1b9a51a30a2b0dea606370297eefde57df145e0bbf07
manuscript_finalization/quality_control_20260728/11_Manuscript_number_consistency_report.csv,626,47489b0442df4b3ced08f8d8e39531361a30463468b7560caea3ac6a55bf6910
manuscript_finalization/quality_control_20260728/12_Equation_to_code_mapping.csv,4029,a32e677ca5dd81b20b2d5046ee53aa1fcbd6719a04b4a7cf7a5026e694e56082
manuscript_finalization/quality_control_20260728/13_Reviewer_concern_Response_Revision_location.csv,2017,b662adaea0f592e78f6034e50687f2667f95dc0b4c71e05c6e83bd85caefb97f
manuscript_finalization/quality_control_20260728/14_Final_submission_completeness_checklist.csv,1301,ada691eefbc9f1014d87e267009cd9bec974de3b55c7a39a0726a863764d0df9
manuscript_finalization/quality_control_20260728/15_FINAL_QC_SUMMARY.json,396,f5dd6601d10b707b71b6a40a3915128f20c50ead0060cc0802335456af34c300
manuscript_finalization/quality_control_20260728/equation_zoom_screenshots/Chinese_Word_equation_06.png,15944,b4c3e7a910d603fcccf505098e5e75cbee845e850be8e51993e6a392e01ad9c8
manuscript_finalization/quality_control_20260728/equation_zoom_screenshots/Chinese_Word_equation_07.png,16270,1c00935f39f988de875ad5bc8d69e92dee8371aa43d745164bc94be92d2fc579
manuscript_finalization/quality_control_20260728/equation_zoom_screenshots/Chinese_Word_equation_11.png,30173,59f7a3e00ef74afbf707d34fd50942536e6e163f5049af81dc2a020b4bedf4b8
manuscript_finalization/quality_control_20260728/equation_zoom_screenshots/Chinese_WPS_equation_06.png,15646,02542eb2bb4841101e4068f0b556413e609ebb9b27d2c0f791c41fc943548e78
manuscript_finalization/quality_control_20260728/equation_zoom_screenshots/Chinese_WPS_equation_07.png,16035,713b9c1bc605fef1f159b19cdb8458b15a7af190db9c8bc30849aa88e9ccce8c
manuscript_finalization/quality_control_20260728/equation_zoom_screenshots/Chinese_WPS_equation_11.png,30787,b1f6edbd94970433897df3d0d6408173fb349636295d0ad77adbc593cadbc4a7
manuscript_finalization/quality_control_20260728/FINAL_QC_SUMMARY_CN.md,471,60248d89da6a91662d1e767a71397bebb45d30471df1716b938e40d3452fe636
manuscript_finalization/quality_control_round2_20260728/01_Formula_rendering_report.csv,2427,394535e035d84768ba1b2fb232e304b72a4b9a015c528b66a99dca8acbb0351d
manuscript_finalization/quality_control_round2_20260728/02_Supplementary_workbook_tau_audit.json,340,e189b6dda5ce767ae8e801aa14de951787e28f7e677400872658e173ff76d071
manuscript_finalization/quality_control_round2_20260728/03_Equation_to_code_mapping.csv,2014,2274d1ca3df332a54df78f0914ab98f6bb0c9bf7dba9a78c3fc45a25c61d45c5
manuscript_finalization/quality_control_round2_20260728/04_Tau_source_data_audit.json,605,d9cad50c7f4f4553b94fb5e9d97c64838897787f82370a835a09a90ec0fd088a
manuscript_finalization/quality_control_round2_20260728/05_Round2_artifact_SHA256.csv,1421,fc9bac1d4a02045fc6c8bd8f19aeee124c6e9d49dedb7e9cd0ac1cba1115ced4
manuscript_finalization/quality_control_round2_20260728/06_FINAL_ROUND2_QC_SUMMARY.json,479,fd366d22e4d042e4cb1635a15a45e9379fcc59b6d2e05a48be5964c22d583d70
manuscript_finalization/quality_control_round2_20260728/07_Main_figure_format_audit.csv,732,26d122b0bda9015848ff15371c9f9f942c998d4a087c89698228c11c49f93b9e
manuscript_finalization/quality_control_round2_20260728/equation_zoom_screenshots/en_word_Availability_page52.png,159550,b5a33f37dc6e089cd006240d266a93f2ebc4730278d89da02633e9f6c36cf198
manuscript_finalization/quality_control_round2_20260728/equation_zoom_screenshots/en_word_Eq07.png,66478,ff5d984d80f6dd5d4524328a13b84098c31117d4522f7b80a4c423ab0feec66a
manuscript_finalization/quality_control_round2_20260728/equation_zoom_screenshots/en_word_Eq08.png,58480,a751524e7f080e9b556bc9ca554a7e84464db53660e19f58ca14f4d9bb47f91c
manuscript_finalization/quality_control_round2_20260728/equation_zoom_screenshots/en_word_Eq11.png,51212,e16ad5bca6ddbe5a7ffbddbdba27afa8e3b3930d17a480579818a0169c378da3
manuscript_finalization/quality_control_round2_20260728/equation_zoom_screenshots/en_word_Eq12.png,36956,d437b09cc1654e5d2b2fc7654be126a9ceed6a8440d22e839bcbd4cd72272abd
manuscript_finalization/quality_control_round2_20260728/equation_zoom_screenshots/en_word_Eq13.png,86964,e3f823f05d05674e1454666c7a23c9d8783a7c4193533cd4e80c8e7a0fee3d07
manuscript_finalization/quality_control_round2_20260728/equation_zoom_screenshots/en_word_Eq16.png,50271,cc4e7d1d20189492e4dcc736320a388ada4b3973d7bca126c4beca5fb0944490
manuscript_finalization/quality_control_round2_20260728/equation_zoom_screenshots/en_word_Eq17.png,56901,432c405740e20b17a2cbdb6a2231cc2d60d2c53d03d6e41ca4f715a18033d003
manuscript_finalization/quality_control_round2_20260728/equation_zoom_screenshots/en_word_Eq21.png,47893,cee31a529a252f0a8468089d6c5e7a079f57988d839ee533d474b135761f72f7
manuscript_finalization/quality_control_round2_20260728/equation_zoom_screenshots/en_word_Figure1_page7.png,161301,26cf0f218866eea7fef46ee7aa869ce07152e1e5e5b0fe26b10b1c88dda13dff
manuscript_finalization/quality_control_round2_20260728/equation_zoom_screenshots/en_word_Results3.11_page41.png,116081,161296c5bd5fdd2e74065c454d71fa86bb1761f039e7cca662a8e61abffca359
manuscript_finalization/quality_control_round2_20260728/equation_zoom_screenshots/en_wps_Availability_page52.png,161768,72e8a70cc98d344c97419fdcb9152972a8661d6ccdd48c5e31970e2241393b88
manuscript_finalization/quality_control_round2_20260728/equation_zoom_screenshots/en_wps_Eq07.png,45284,ef6c9ed5e2d1f866c1d73769db1f36580963e1e5bf040eb775e66993be43daaf
manuscript_finalization/quality_control_round2_20260728/equation_zoom_screenshots/en_wps_Eq08.png,43149,639911234d4bce4dd2cca3747b9bb9a108695a0fc392063f224bfd2f1332810d
manuscript_finalization/quality_control_round2_20260728/equation_zoom_screenshots/en_wps_Eq11.png,59255,e0e62b1e72af4ae1de7760e9bb565dc8431ac96d7e9eda9c37b1da9e332916cf
manuscript_finalization/quality_control_round2_20260728/equation_zoom_screenshots/en_wps_Eq12.png,53006,a74175b9fb13cf7ee670d46a9959a65702d608d1ff66c55801159ad91c9aa63c
manuscript_finalization/quality_control_round2_20260728/equation_zoom_screenshots/en_wps_Eq13.png,88436,6fcf15c9afdb797ee58576530969f90e3b9b04617237d3dd4f3a04b78df7814e
manuscript_finalization/quality_control_round2_20260728/equation_zoom_screenshots/en_wps_Eq16.png,52509,5365f04b37d966c57ccb4fe9e77deeb7c3a210d584b6bde7f1fd537dcc087fd6
manuscript_finalization/quality_control_round2_20260728/equation_zoom_screenshots/en_wps_Eq17.png,71135,0f949af72083fc8bc3b67b967f0f179306424c0dc0984f8545f74603fd677b88
manuscript_finalization/quality_control_round2_20260728/equation_zoom_screenshots/en_wps_Eq21.png,64191,20f5d33c3ce457e088f77c4d84c6ccffafd95e33d8e836f532f2fe95ebb4cb2c
manuscript_finalization/quality_control_round2_20260728/equation_zoom_screenshots/en_wps_Figure1_page7.png,172689,6781e6efe6e2a9be551573fd53cf0ca5263cb07fdc87712c05fd9acff3ac7aad
manuscript_finalization/quality_control_round2_20260728/equation_zoom_screenshots/en_wps_Results3.11_page41.png,116848,918133899f205cf2e2dd37ffd7ee4336b4cb648f13dec36db5161a60044c5fa4
manuscript_finalization/quality_control_round2_20260728/equation_zoom_screenshots/zh_word_Eq07.png,72175,2a97de352272ed4504d991c29d7654ac1f2296b443196a65768d56e501df97da
manuscript_finalization/quality_control_round2_20260728/equation_zoom_screenshots/zh_word_Eq08.png,63900,7dc66648421f31a8c69eedb6edca28214f8e361172315ec32193e683fa385be9
manuscript_finalization/quality_control_round2_20260728/equation_zoom_screenshots/zh_word_Eq11.png,67825,467493ccb3623165f2553335f62ec6074a0886a28e888967fa4690f3e782c336
manuscript_finalization/quality_control_round2_20260728/equation_zoom_screenshots/zh_word_Eq12.png,71739,d2f4e0b9eba5c4e980fc53ed470a21eb079a4d4678bba91903010f67c89ee337
manuscript_finalization/quality_control_round2_20260728/equation_zoom_screenshots/zh_word_Eq13.png,81828,c76f6ec5edc6fa439b76a962ab70e8310f57ecd6c2b766f81027dde22319016e
manuscript_finalization/quality_control_round2_20260728/equation_zoom_screenshots/zh_word_Eq16.png,43869,2b28d1b7466cd602bc5f36805dc476d2e20472e9d115d6f7db19c9c6029e06c6
manuscript_finalization/quality_control_round2_20260728/equation_zoom_screenshots/zh_word_Eq17.png,56064,bbdec991ef9a4422cc2f5925ae4cae08c10d41d964e11a6cdb6bab8ec7f20efe
manuscript_finalization/quality_control_round2_20260728/equation_zoom_screenshots/zh_word_Eq21.png,102759,5c153e57912dfcfa0d89f23b8a8f479adfc0bdc27b59dcfa689e7826c511b39e
manuscript_finalization/quality_control_round2_20260728/equation_zoom_screenshots/zh_word_Figure1_page4.png,189936,f412e04e48f5db82e4563df08416598f6b4aafe6d9ef0afdc30e6ae50e1d480e
manuscript_finalization/quality_control_round2_20260728/equation_zoom_screenshots/zh_word_Results3.11_page24.png,288284,4dfbe6f2d5ad8d65bfb9821f59a2d0aec5c9b211c1bd4a4101011a8ab82a43fb
manuscript_finalization/quality_control_round2_20260728/equation_zoom_screenshots/zh_wps_Eq07.png,72528,79d253ac82d32ad9d85202df94f35f3f21f3194108e008f5b202c1e8e86fe7f0
manuscript_finalization/quality_control_round2_20260728/equation_zoom_screenshots/zh_wps_Eq08.png,65800,6cf103aded518529c9d8bce723ffad5f353391b95fe39b966bc88712774630c8
manuscript_finalization/quality_control_round2_20260728/equation_zoom_screenshots/zh_wps_Eq11.png,67219,53e5994097a043acdd51715932687cf006dff0f7d4ac794aba364615ac6b0b03
manuscript_finalization/quality_control_round2_20260728/equation_zoom_screenshots/zh_wps_Eq12.png,71986,83e9925351b91d7bee9dacddbedaa10d6c190226a1735ae75910b66dc0c30080
manuscript_finalization/quality_control_round2_20260728/equation_zoom_screenshots/zh_wps_Eq13.png,81710,de93a45a58cb3349cd46b5bc7dffaeb327708ed174f597a007e9bfd1161ab530
manuscript_finalization/quality_control_round2_20260728/equation_zoom_screenshots/zh_wps_Eq16.png,43639,70dadc09e689ecd19f4b44bad886db38d74fefe7d2420d99f97b6714580264b1
manuscript_finalization/quality_control_round2_20260728/equation_zoom_screenshots/zh_wps_Eq17.png,56758,7d8394273c5a0a3138357aa4018265f9e25db661eb761d83aac4990215f9fb69
manuscript_finalization/quality_control_round2_20260728/equation_zoom_screenshots/zh_wps_Eq21.png,103334,63badd99a587f8b3d998d52d0cd6730909641385b3028fcb71a64896d7210e36
manuscript_finalization/quality_control_round2_20260728/equation_zoom_screenshots/zh_wps_Figure1_page4.png,201493,0433491b27c2804c3b2e080afbc1e243aaf865600f9b016d7e745db79f3423ee
manuscript_finalization/quality_control_round2_20260728/equation_zoom_screenshots/zh_wps_Results3.11_page24.png,327429,ac62c987aae59500de25609655a631bda4b633c21e2bd9550e763391fc649a2c
manuscript_finalization/quality_control_round2_20260728/rendered_word/Chinese_R2_Word.pdf,2268209,9590c4e00b1622aa217a72a6ff0ec2b2540beb01299f57f97bb779ee22ed748f
manuscript_finalization/quality_control_round2_20260728/rendered_word/English_R2_Word.pdf,2248201,8861cfda726b9b9720195670a9d0951411d87f37ce3f270384d1d1dea48ecfa2
manuscript_finalization/quality_control_round2_20260728/rendered_word/Supplement_R2_Word.pdf,303333,e33df232b4a5a688f74811e2f9313e161e939396c605c8a6ec3cfaf71caa5454
manuscript_finalization/quality_control_round2_20260728/rendered_wps/Chinese_R2_WPS.pdf,6125684,5be5d69beb718c57e26246f44f3d8aad06c29c6970958d25b8fda71584f2fc2b
manuscript_finalization/quality_control_round2_20260728/rendered_wps/English_R2_WPS.pdf,6161256,e41ba20c4593af5a4170a0fc6b7b523c14f6064ab1df06755ef34716de6c7cb8
manuscript_finalization/quality_control_round2_20260728/rendered_wps/Supplement_R2_WPS.pdf,1156194,a85bfe9f2e3650ade93d3a77c44e52642b67cb42b89e6964bcd6d28d450da15a
manuscript_finalization/scripts/analyze_paper43_completion_experiments_20260726.py,49282,dd35bee381a81f0aff9ab195ad8502b0ef19ade561e66a2df003759df879c3a6
manuscript_finalization/scripts/build_final_qc_20260728.py,19247,11dc10e3ec83afa96b9a16e8b3af728d3418e08ad4a67324bcf5fb03461211b7
manuscript_finalization/scripts/build_paper43_consolidated_figure8_20260726.py,6942,3a34207085493a2e4452faab2f86ed2e0c7cb4c74fb4d07cdbae5b345f4db055
manuscript_finalization/scripts/build_paper43_submission_figures_20260726.py,27809,3c4f99dc862c35006495ae65637ac95887c6375521cb828fdf1a4a3b3ad790d0
manuscript_finalization/scripts/build_round2_qc_reports_20260728.py,8738,17240b0b6d4ad81ceb34a5dc4febe4eac847bab982981abb8295a1a327ee382a
manuscript_finalization/scripts/build_round2_tracked_ooxml_20260728.py,8191,2c631ce1fb19bef9552362a282d63f0ff3d6e0e921209e412f03e98c3e42ad19
manuscript_finalization/scripts/revise_chinese_final_round_20260728.py,14642,227a63b37fc4e8416c6e7c30392b61febc0b7caac4af65c1049ae612841b92b0
manuscript_finalization/scripts/revise_english_final_round_20260728.py,9447,b3742c4c42e9e51beaa17a51f4fcc5d529d3661e53d7a1a047a475656c85a929
manuscript_finalization/scripts/revise_round2_manuscripts_20260728.py,35662,395ad548491b42f55a3cab45d07b975e7a90c6081c27830d4f3ed34b94d41d35
paper31_expanded_intervention/Candidate_pool_expansion_Journal_of_Cheminformatics_manuscript(7).docx,1808812,814c65347b5776b795bc849bad1ca74e847bcb713b502fbc01b03ac4dafe3558
paper31_expanded_intervention/Candidate_pool_expansion_Journal_of_Cheminformatics_manuscript(7).pdf,884384,5b972940f25b1841e1902ac134a8cd4380747376514d1bae7e761edd35bf4140
paper31_expanded_intervention/equation_assets/Paper31_equation_asset_audit.json,400,05c661f9e504f1de1cc5a859ce647f3b4917a09be310cf96a810d3471ddf537f
paper31_expanded_intervention/equation_assets/Paper31_equation_code_mapping.csv,5148,3247aaae14771a55880b85e07e7f34cc94bc54fb8a7cc5cd79fbb5a7cc16e855
paper31_expanded_intervention/equation_assets/Paper31_equation_notation.csv,1227,3854ef64dc856b650470b6847b69bcf5eaf5e2d1467d041fbd41c1b6875ad681
paper31_expanded_intervention/equation_assets/Paper31_equation_notation_and_code_mapping.xlsx,8798,16248683b4cf54e41d25486fa7529956260276e8721c404e5a93bb7d6aafa9d1
paper31_expanded_intervention/equation_assets/Paper31_numbered_equations_linear.txt,1989,5a1024a367cb6dbe83ad05905e5a1a4b5ef959cbadd5cb0c4b1d26e1b6d19e78
paper31_expanded_intervention/equation_assets/Paper31_Word_equation_audit.json,1438,3b7bbef8d9120858a6203863f1f484fd1c6ad7c69a055c583e1ffb614e3b7398
paper31_expanded_intervention/experiment_exports/composition_split_loop/Paper31_composition_split_audit.json,3352,a91ee173007f60f9f51536a90cefa1bf788d9be5bf28a033b9e1e4ce94a429ed
paper31_expanded_intervention/experiment_exports/composition_split_loop/Paper31_composition_split_direction_concordance.csv,7795,50fb581d7ccde90cccf97b2d485272779d87c2698af1642023c5ad56f40e77c8
paper31_expanded_intervention/experiment_exports/composition_split_loop/Paper31_composition_split_diversity.csv,209332,bdd51b2aa9b7a0370462adbdfe57b1010d6071d808d91d90f9400da3c9779d30
paper31_expanded_intervention/experiment_exports/composition_split_loop/Paper31_composition_split_stability.csv,12451,fd2485cc79e3557085372ab951c6b0c4c54caf5d09155ed87e5293b86e4d1bcb
paper31_expanded_intervention/experiment_exports/composition_split_loop/Paper31_composition_split_summary.csv,67687,8647a61ca0a198f6a7f20c54912d41948ef7a8f0e2c279d24eba4154e1c7ade6
paper31_expanded_intervention/experiment_exports/composition_split_loop/Paper31_composition_split_units.csv,573143,55161f7345addb1393450d1cba66722d4cfa0b19569c1b72e29f3d157b99e922
paper31_expanded_intervention/experiment_exports/composition_split_loop/Paper31_similarity_candidate_registry.csv,7641,137c9ffcb7d0030d1bf5eac7e0fe64f886ae247b03f81b1a0d46a4e518f91ae4
paper31_expanded_intervention/experiment_exports/composition_split_loop/Paper31_similarity_split_manifest.csv,83780,c232b424c6d45b3b84082fe4024c4653043e7ea8eac6dd54f97ca4bc0a4728c6
paper31_expanded_intervention/experiment_exports/Paper31_ablation_registry.csv,9712,66ee4a03fe853b30ee81f330f761e2dd0a33965299ceb28b13b63abf3b2ec762
paper31_expanded_intervention/experiment_exports/Paper31_anchor_normalization_direction_concordance.csv,2059,cc59ed7d112b29feb8dde82a0edc0d24435e2c6f2e22e32b34765c3b727fcf3e
paper31_expanded_intervention/experiment_exports/Paper31_anchor_normalization_sensitivity.csv,327724,e3499f3ea57009e5fc38444f8f821b7cd704d8b2db098c016054abb00dca92f8
paper31_expanded_intervention/experiment_exports/Paper31_candidate_registry.csv,7568,4d607394c6a7122ccf906b9531cdb79100e17c7d9db9d7ce2162c54c235630ba
paper31_expanded_intervention/experiment_exports/Paper31_component_ablation_diversity.csv,241020,5864b66472908ef58bc61c2eaa8150c70c1bdffdefff4e0f45748ad3a1ce61ab
paper31_expanded_intervention/experiment_exports/Paper31_component_ablation_selection_frequency.csv,14330,5fe66f84dba613fff8a8e2d9621867f1abd84cfff489693fb7e13c72089cf464
paper31_expanded_intervention/experiment_exports/Paper31_component_ablation_summary.csv,46799,5a96eecf2cec451be47abf00144e5138dc27e4c22fcd0370bfaf13cf8b364b4a
paper31_expanded_intervention/experiment_exports/Paper31_component_ablation_units.csv,427188,c5a7bc0fb0cabbbbbaa6e8dd89551df54543155da88d56149259edfcb4f56103
paper31_expanded_intervention/experiment_exports/Paper31_cross_fitted_expansion_effects.csv,6770,f9f7d58bca64914546927f688319d8a2ee2df703c3b9d468e30c7702579d336a
paper31_expanded_intervention/experiment_exports/Paper31_diversity_outcome_associations.csv,631,fca1c8bbabb54a2a6d372017b6923aa5b98f888450bf22aaf0d48a8df6d9eb2c
paper31_expanded_intervention/experiment_exports/Paper31_effective_diversity_sensitivity.csv,203841,4f258bdafaeee0c3d3c203ae0294bf53c833ab73579d3a916d511214469ef9e6
paper31_expanded_intervention/experiment_exports/Paper31_endpoint_pool_K_summary.csv,189500,8da937354ea037065b40767f33ec71c582b791b10eb372735454eab6d12c470a
paper31_expanded_intervention/experiment_exports/Paper31_equal_budget_effective_diversity.csv,55448,f81b8ec9a1e7133848234117d0581941379c27b1d1a18e877e419784ea732e04
paper31_expanded_intervention/experiment_exports/Paper31_equal_budget_selection_stability.csv,5416,4203f0825e95f3db0470a8a600cf65e797e4b84e291f9008f6b0f0b4448b7917
paper31_expanded_intervention/experiment_exports/Paper31_equal_budget_summary.csv,29125,0fe82655215c1e0ead06f2b993d3d9bfb7f4f987a27a1c4994aac8bb7c6f8c03
paper31_expanded_intervention/experiment_exports/Paper31_equal_budget_thresholds.csv,562,a09b6296092b9767e711c222e805c57ee870e81695e09fcf95edc1552c56886a
paper31_expanded_intervention/experiment_exports/Paper31_equal_budget_units.csv,282547,44bbef732679221efec9e36ac6ffda2dc5e420c3eedb426d3ea2441617006ad8
paper31_expanded_intervention/experiment_exports/Paper31_expanded_intervention_audit.json,5040,86e34854ce76af2a06123713b9534e1e17ed8eb344609e72ac568b9ac7fd0c90
paper31_expanded_intervention/experiment_exports/Paper31_frozen_analysis_plan.json,1479,3c67454507e5fa0e3749121e98fc07617b9d7d6ab38bfc5ce1a150308a10d4d0
paper31_expanded_intervention/experiment_exports/Paper31_inner_scores.csv.gz,617238,61eec8276ce5ff803a0da2677eb6063ee388c44be773019b95ab16e97d5a3667
paper31_expanded_intervention/experiment_exports/Paper31_manuscript_build_audit.json,1682,65c6f41009e415d6a8f9ac2b44ac1fe23665c9d7fa0eb64acf2bb2318c5b3aa2
paper31_expanded_intervention/experiment_exports/Paper31_outer_candidate_scores.csv.gz,312225,829b1c8f67c5864c47e4d58e03fb5098ec8ea7515abced9cba821ae659c3d5fb
paper31_expanded_intervention/experiment_exports/Paper31_paired_pool_effects.csv,22976,fc0a44726dc1d6c2561a55c546b7946a48ba2243ccb79ec98258d2f566f7c04f
paper31_expanded_intervention/experiment_exports/Paper31_reviewer_concern_response_matrix.csv,1417,2c71c25d283b1a4c6bd822030cc9bb7566296d199dfb3d380e29ce1971a2b8a2
paper31_expanded_intervention/experiment_exports/Paper31_selection_frequencies.csv,38515,cafe09a79df65b4bbd1ecb5e1c59ab5856f34368729fad2bc49e33baaa552f14
paper31_expanded_intervention/experiment_exports/Paper31_selection_stability.csv,11117,013c7dae7433951b1547e98e09b06e812372acf2b52e5865d7c2f752d4df5330
paper31_expanded_intervention/experiment_exports/Paper31_selection_units.csv,1645850,fba82c4a077e5bc5789b3ceef2ab45ff75826319f779814adfa84eae3ccd75c6
paper31_expanded_intervention/experiment_exports/Paper31_source_availability_audit.csv,1427,e743e640fc03c5ab543199a9dd71c57d4a5b3cd672a788313c843e427f0b906d
paper31_expanded_intervention/figure_source_data/Figure_7_Panel_A_source.csv,2826,da901be96b1fe7eda5d84a480c11eb9186518934224a407bda1a86dd0a5b4622
paper31_expanded_intervention/figure_source_data/Figure_7_Panel_B_source.csv,1883,a9b9a0e488414da67e8b696035e69fd14e6d4aaec56eda7309f7ad6f8d1a9070
paper31_expanded_intervention/figure_source_data/Figure_7_Panel_C_source.csv,4448,b32dbb2cff444d865480d848d2243a6d7f711692f560ea5680ba7c318b8a84b5
paper31_expanded_intervention/figure_source_data/Figure_7_Panel_D_source.csv,1469,0135cfaa1ab66ae6e9540e6f5adc2b15e3aa0beeb4f078e0a48313f8bbe33262
paper31_expanded_intervention/figure_source_data/Figure_7_source_data.xlsx,13607,ccfee7a626ab1a1c993aff50a7c446867cc03280d4727b20d0298735ec7edd0d
paper31_expanded_intervention/main_figures/Figure_7_expanded_equal_size_intervention.pdf,83093,531cdb8e24cc7b8e6426a2ab02fc56bbb228bcc8cf9a7e8151f564a38b7a05e4
paper31_expanded_intervention/main_figures/Figure_7_expanded_equal_size_intervention.svg,188171,f7413737930e168b3db70aac6af067284a7b3b634e2cf793b0fec5fa145d67d1
paper31_expanded_intervention/main_figures/Figure_7_expanded_equal_size_intervention_600dpi.png,1851793,9a8adc2defeb6ecc9637f8e0343d783c4c16f9941a452a1a5dded7a66be19773
paper31_expanded_intervention/main_figures/Paper31_Figure7_Word_insertion_audit.json,1456,7d72034a8fb1c7c4ac10a192ccdb892debb6c26a26134400a9564eecaa505d36
paper31_expanded_intervention/Manuscript_PDF_export_audit.json,676,720535495c88870ef97fbf37e0d01e7f8db5d444be180c6cd2466f050b874f61
paper31_expanded_intervention/Package_manifest.json,30054,0834fc14029a9b53564bbfadfef22dedb5483b546c91664d539ef060b837d829
paper31_expanded_intervention/Paper31_final_QC_audit.json,104,83e64b3fcc5cc9aa9af1a0169693d4729c76226b8b0e417e165ef87d9a4289a4
paper31_expanded_intervention/Paper31_final_QC_report.csv,13157,d412da727c4bda93df70dc21aa07b0c2d81e0936af3579c2f2e166e7fb1b29f0
paper31_expanded_intervention/README_Paper31_submission_package.txt,1310,1a52b01c758ed11de28ef1874a3e94b7c7785228ac5e410ca0ae835a1bee83cd
paper31_expanded_intervention/reproducibility_code/analyze_paper31_composition_split_loop_20260717.py,8012,a2e64ae08ae5135357420f02188cad5c3a0fa69d4e91f416a4b9d5574a0e371d
paper31_expanded_intervention/reproducibility_code/analyze_paper31_expanded_intervention_20260717.py,50085,bff71c4a4b342e9cf3db9deb28d481e9dd21dfe8bf66dc26718772c07edbcf3c
paper31_expanded_intervention/reproducibility_code/assemble_paper31_submission_package_20260717.py,5863,802e85208cf9c866903343a10f9f4039200047eef0b62ca9060dad7443f5417c
paper31_expanded_intervention/reproducibility_code/build_paper31_equation_assets_20260717.py,9336,3156deb4e652139f5a7ff48a2e7bd39e6b89fda3fc1abd1ead15d8da13f4b45a
paper31_expanded_intervention/reproducibility_code/build_paper31_figures_20260717.py,31479,e765599bdc9d8d132b07cb482d78e63e63b4e539c9731afe598a76a3930a3777
paper31_expanded_intervention/reproducibility_code/build_paper31_manuscripts_20260717.py,43333,0f8c31d6ab33aac2947516bdc42853b293e380985d5bb95cb937992101ec65b6
paper31_expanded_intervention/reproducibility_code/build_paper31_supplementary_tables_20260717.py,10457,c84ac10141e95df87ad0143229bd9de3e74f3d3dc94c6d5261a6168da86f8414
paper31_expanded_intervention/reproducibility_code/run_paper31_expansion_training_20260717.py,1490,0b349189bddcc5dd980c4af1c7995b63813269543568cd9a5f0e50b4dc7f11f2
paper31_expanded_intervention/reproducibility_code/run_paper31_similarity_composition_20260717.py,2857,0277d3d9214f316cc1094c775e8f57d2a7172560ba9c49cac8671be553b9f51d
paper31_expanded_intervention/reproducibility_code/verify_paper31_submission_package_20260717.py,8127,e99baf0048300984da1edbf5bfa6fe4095a0cd9dc1acdc19c9aa9aca68d1e503
paper31_expanded_intervention/Reviewer_concern_Response_Location_Paper31.docx,37695,636cd8ef3072e643a922f185d7dd1bf1e4ee35eeeb23381592fedc56b03c2596
paper31_expanded_intervention/supplementary_figures/Supplementary_Figure_S16_all_endpoint_pool_K.pdf,59405,422b068bae5d0ac62153f7db744051a5dd5257b8ab97d8e3c2fc1c4a9194e4ec
paper31_expanded_intervention/supplementary_figures/Supplementary_Figure_S16_all_endpoint_pool_K.svg,79030,66e0943c4f91f00e5b3f848b0639715c5ae80efdb248124138c936f122fe340a
paper31_expanded_intervention/supplementary_figures/Supplementary_Figure_S16_all_endpoint_pool_K_600dpi.png,1027295,2ec23d95ba0fe6c56f8c556a4d023dfc7f06191929bd5fb21b9e4bbb75f53de8
paper31_expanded_intervention/supplementary_figures/Supplementary_Figure_S17_modern_component_ablations.pdf,126370,9e900a6b0395c5bd2259fbe0eb360616e411e1a1c3a2a918d8c2f1ee9a7e8bed
paper31_expanded_intervention/supplementary_figures/Supplementary_Figure_S17_modern_component_ablations.svg,530001,aca69a2ae4600880d1a6e07f8f85678e0c5c163e86f6e87eef3b957713442246
paper31_expanded_intervention/supplementary_figures/Supplementary_Figure_S17_modern_component_ablations_600dpi.png,1438982,2a1b5fa16bb46c823e1263b358ffaa6736d3adf72d65530c39cf0fec47a5b271
paper31_expanded_intervention/supplementary_figures/Supplementary_Figure_S18_anchor_normalization_sensitivity.pdf,64301,60d21e080575bb10a8c077809e61881f95eb4a21f8129485b8f84dd255638d18
paper31_expanded_intervention/supplementary_figures/Supplementary_Figure_S18_anchor_normalization_sensitivity.svg,136874,d5c6f53f0b00ff2cbc25517f8c73f147b458b2c1a2d8fc199ef05c51d66266b0
paper31_expanded_intervention/supplementary_figures/Supplementary_Figure_S18_anchor_normalization_sensitivity_600dpi.png,719659,328ce617b46c8f5b9fa585a1c2f2a3db3db36a231f483f29c35c399f4688d509
paper31_expanded_intervention/supplementary_figures/Supplementary_Figure_S19_composition_split_regime.pdf,59998,0c5c6d9e5fbfbc1bfa084f1bb82e8f42c1574e4659d41f90b157242c7dcca01c
paper31_expanded_intervention/supplementary_figures/Supplementary_Figure_S19_composition_split_regime.svg,74877,55f63100767a6c6b0156abc3bf3230a474852894d236c845934d3effa583b9ff
paper31_expanded_intervention/supplementary_figures/Supplementary_Figure_S19_composition_split_regime_600dpi.png,1844802,80b61903b70d8b355a756e7fd32399fb623c037a15b0c220c58fdead174fe9a9
paper31_expanded_intervention/supplementary_figures/Supplementary_Figure_S20_selection_frequency_entropy.pdf,65619,feb564f5464c89e95b1fb05d7ddef46e058c03b0700b2fb08afd255ebd95f640
paper31_expanded_intervention/supplementary_figures/Supplementary_Figure_S20_selection_frequency_entropy.svg,159490,44f2632d43a39dd0a6793eaa6d9fc204a655a645953e355381e235d5dabfecde
paper31_expanded_intervention/supplementary_figures/Supplementary_Figure_S20_selection_frequency_entropy_600dpi.png,444209,81d5fb71b2ea3ba4e0659005274512e22d87a149a761b4b67ffc7f2572cb6fb1
paper31_expanded_intervention/supplementary_figures/Supplementary_Figure_S21_equalK_equal_budget.pdf,53278,988b2f6d84b382bccb4fecc2bcd7afca86775fc66171de6891dffc17627f5c8f
paper31_expanded_intervention/supplementary_figures/Supplementary_Figure_S21_equalK_equal_budget.svg,58206,774243db2751a62e251e984c1ec36b37e9c5e613918f7fe780ec4524d5afb897
paper31_expanded_intervention/supplementary_figures/Supplementary_Figure_S21_equalK_equal_budget_600dpi.png,931078,8dbbe9725fe09722e917a34dcfc2dc6d49542a84fbe62fe8b3415563702339cf
paper31_expanded_intervention/supplementary_tables/Supplementary_Tables_S32-S36.xlsx,290680,d6f7beecdf862972118b2ddc416480de7cc9e4d8cddddfa070b2d65cd5fb44ed
paper31_expanded_intervention/supplementary_tables/Table_S32_expanded_intervention_registry.csv,7568,7e2fc1c9f19f183e1c795e91f4a79e44a6a0f690b719ed23d79f58d1ff4d2d6e
paper31_expanded_intervention/supplementary_tables/Table_S33_modern_component_ablations.csv,20129,42f60db466a57b9170ade1f7284249952224dd63991e12a6009d7203b8076596
paper31_expanded_intervention/supplementary_tables/Table_S33b_component_selection_frequencies.csv,14241,2607ceb890c38bf1f638fb72ce8dc851db2bfaa7538a690dae68101a380c8577
paper31_expanded_intervention/supplementary_tables/Table_S34_anchor_normalization_sensitivity.csv,322153,128a98c0a34cc2ef7be7413984467c65ff0c2c8bdaf3e65bb0e582570ec1ad35
paper31_expanded_intervention/supplementary_tables/Table_S34b_direction_concordance.csv,2059,cc59ed7d112b29feb8dde82a0edc0d24435e2c6f2e22e32b34765c3b727fcf3e
paper31_expanded_intervention/supplementary_tables/Table_S35_split_regime_interaction.csv,66632,e95a0c14ed54495124de8a8dd46c62fbb3fdcea1d45cb515b9d799013d99b5c8
paper31_expanded_intervention/supplementary_tables/Table_S35a_split_regime_summary.csv,66632,e95a0c14ed54495124de8a8dd46c62fbb3fdcea1d45cb515b9d799013d99b5c8
paper31_expanded_intervention/supplementary_tables/Table_S35b_direction_concordance.csv,7587,07cc479a29a349d1128988670b721a3651b33e533fe6728796cc8286c2006584
paper31_expanded_intervention/supplementary_tables/Table_S35c_split_regime_selection_stability.csv,12387,7d2e5dd8f404051749dea431e70f091c2f2295a545787d459cf115a23f62b378
paper31_expanded_intervention/supplementary_tables/Table_S36_selection_stability_runtime.csv,16490,d95fd8a0b5262ec5e5fa4bc2378667c8f6c0486922caf919b7193f1d6faf3903
paper31_expanded_intervention/supplementary_tables/Table_S36b_selection_frequencies.csv,38369,2e29ce4a07d60a53f0caa22de58ca6f840bbf2bbd32fcdb36c6d5b4ad7ee5175
paper31_expanded_intervention/supplementary_tables/Table_S36c_equal_budget_stability.csv,5395,e79edf323ecfa03801fed7771a00b59eb2c46304977dbf2d427e673093eeb631
paper31_expanded_intervention/supplementary_tables/Table_S36d_equal_budget_diversity.csv,55292,4267b00136ee6a5535f0e9869e1fd8390a660070e808cdaa85faa269d3f01edb
paper31_expanded_intervention/verification/Paper31_expanded_intervention_audit.json,5040,86e34854ce76af2a06123713b9534e1e17ed8eb344609e72ac568b9ac7fd0c90
paper31_expanded_intervention/verification/Paper31_frozen_analysis_plan.json,1479,3c67454507e5fa0e3749121e98fc07617b9d7d6ab38bfc5ce1a150308a10d4d0
paper31_expanded_intervention/verification/Paper31_manuscript_build_audit.json,1682,65c6f41009e415d6a8f9ac2b44ac1fe23665c9d7fa0eb64acf2bb2318c5b3aa2
paper31_expanded_intervention/verification/Paper31_source_availability_audit.csv,1427,e743e640fc03c5ab543199a9dd71c57d4a5b3cd672a788313c843e427f0b906d
paper31_expanded_intervention/verification/training_logs/analysis_pipeline.err.log,462,52ca2bf7857b270f03679bc14fae3b8a6bc89f451bd0d3df6081536e78ce3e76
paper31_expanded_intervention/verification/training_logs/analysis_pipeline.out.log,0,e3b0c44298fc1c149afbf4c8996fb92427ae41e4649b934ca495991b7852b855
paper31_expanded_intervention/verification/training_logs/analysis_pipeline_complete.json,154,18619148536ec290bae757365a36688234d3f4f2e7b5cfcf67f918fcb56cf2bc
paper31_expanded_intervention/verification/training_logs/chemprop_inner.err.log,0,e3b0c44298fc1c149afbf4c8996fb92427ae41e4649b934ca495991b7852b855
paper31_expanded_intervention/verification/training_logs/chemprop_inner.out.log,7167,c44111321adf32238e21ea7c11321c001f0306d6df5f9256bec785ba69723d44
paper31_expanded_intervention/verification/training_logs/chemprop_outer.err.log,0,e3b0c44298fc1c149afbf4c8996fb92427ae41e4649b934ca495991b7852b855
paper31_expanded_intervention/verification/training_logs/chemprop_outer.out.log,1737,adec44f3aa20428bc21c55eeadadbefddcb7f44a5424b1e41a41e6400f6863af
paper31_expanded_intervention/verification/training_logs/chemprop_parallel_supervisor.err.log,0,e3b0c44298fc1c149afbf4c8996fb92427ae41e4649b934ca495991b7852b855
paper31_expanded_intervention/verification/training_logs/chemprop_parallel_supervisor.out.log,0,e3b0c44298fc1c149afbf4c8996fb92427ae41e4649b934ca495991b7852b855
paper31_expanded_intervention/verification/training_logs/chemprop_pipeline.err.log,0,e3b0c44298fc1c149afbf4c8996fb92427ae41e4649b934ca495991b7852b855
paper31_expanded_intervention/verification/training_logs/chemprop_pipeline.out.log,0,e3b0c44298fc1c149afbf4c8996fb92427ae41e4649b934ca495991b7852b855
paper31_expanded_intervention/verification/training_logs/chemprop_pipeline_complete.json,234,363d3e06161f5d9bd313e5180d31159fb1757a0ebe46b9324b36307f8d5421cc
paper31_expanded_intervention/verification/training_logs/core_analysis.err.log,0,e3b0c44298fc1c149afbf4c8996fb92427ae41e4649b934ca495991b7852b855
paper31_expanded_intervention/verification/training_logs/core_analysis.out.log,0,e3b0c44298fc1c149afbf4c8996fb92427ae41e4649b934ca495991b7852b855
paper31_expanded_intervention/verification/training_logs/embed_caco2_mlm.err.log,2616,9dae9e82cf2a33019461056e38f91afb9bb33a8e7f17d779c7eedaa825cb4e39
paper31_expanded_intervention/verification/training_logs/embed_caco2_mlm.out.log,153,cc8ec97ae8a81314a67b1514ac1214234b2d725bbb12b3cdbb3281754d26ef62
paper31_expanded_intervention/verification/training_logs/embed_caco2_molformer.err.log,2467,9fdd9abfc95283f7e668f19446a0cdb0623a06aa71f43d652bf9eeb04f5e3c09
paper31_expanded_intervention/verification/training_logs/embed_caco2_molformer.out.log,154,f0883b824522022a131220efd35827fdfa11d8a9b3933dd90cd90df84e070483
paper31_expanded_intervention/verification/training_logs/embed_caco2_mtr.err.log,2616,617c2dd936f0f2e8a252de5c1436be40eb3587e87826c7d78249fcf9b51dbc65
paper31_expanded_intervention/verification/training_logs/embed_caco2_mtr.out.log,153,da5f6fef0df747c42f198177340d26e74d58061afb21348c64e523e469dcf0c5
paper31_expanded_intervention/verification/training_logs/final_figures.err.log,0,e3b0c44298fc1c149afbf4c8996fb92427ae41e4649b934ca495991b7852b855
paper31_expanded_intervention/verification/training_logs/final_figures.out.log,0,e3b0c44298fc1c149afbf4c8996fb92427ae41e4649b934ca495991b7852b855
paper31_expanded_intervention/verification/training_logs/finalization_supervisor.err.log,455,8c4fd0654ba067fde3d0b8b813f6e69c1d360c3cb8e5aadb5aca16c32e57a80e
paper31_expanded_intervention/verification/training_logs/finalization_supervisor.out.log,0,e3b0c44298fc1c149afbf4c8996fb92427ae41e4649b934ca495991b7852b855
paper31_expanded_intervention/verification/training_logs/new_candidates.err.log,0,e3b0c44298fc1c149afbf4c8996fb92427ae41e4649b934ca495991b7852b855
paper31_expanded_intervention/verification/training_logs/new_candidates.out.log,1275,3d05775a818cbdad729c0c091ea40cab74380d41f7c42831bb6c2edc8e4e3d78
paper31_expanded_intervention/verification/training_logs/similarity_base.err.log,0,e3b0c44298fc1c149afbf4c8996fb92427ae41e4649b934ca495991b7852b855
paper31_expanded_intervention/verification/training_logs/similarity_base.out.log,1264,589ce6432494c05c9096c494d27ab2f54e8d4238f9870ec6c4f3dca403c96956
paper31_expanded_intervention/verification/training_logs/similarity_chemprop_inner.err.log,0,e3b0c44298fc1c149afbf4c8996fb92427ae41e4649b934ca495991b7852b855
paper31_expanded_intervention/verification/training_logs/similarity_chemprop_inner.out.log,6875,67cc176e6b417010c675c9b868aa8c0623ed942ace10f61767f2c89682dea0b9
paper31_expanded_intervention/verification/training_logs/similarity_chemprop_outer.err.log,0,e3b0c44298fc1c149afbf4c8996fb92427ae41e4649b934ca495991b7852b855
paper31_expanded_intervention/verification/training_logs/similarity_chemprop_outer.out.log,1655,dc2b575880e46167b1478c65f2195c6493d78b5bd2dbee47a7fac0cc10c74c09
paper31_expanded_intervention/verification/training_logs/similarity_new_candidates.err.log,0,e3b0c44298fc1c149afbf4c8996fb92427ae41e4649b934ca495991b7852b855
paper31_expanded_intervention/verification/training_logs/similarity_new_candidates.out.log,1170,a474417b5f66da37f33075c4671668e082ba65d4a3b7fbc8acbb55fd769a47cb
paper31_expanded_intervention/verification/training_logs/split_analysis.err.log,0,e3b0c44298fc1c149afbf4c8996fb92427ae41e4649b934ca495991b7852b855
paper31_expanded_intervention/verification/training_logs/split_analysis.out.log,3354,3626d83a2ec8555b3359784ef48606780091bcc56c6787631686680c0f5be483
paper31_expanded_intervention/verification/training_logs/split_analysis_supervisor.err.log,0,e3b0c44298fc1c149afbf4c8996fb92427ae41e4649b934ca495991b7852b855
paper31_expanded_intervention/verification/training_logs/split_analysis_supervisor.out.log,0,e3b0c44298fc1c149afbf4c8996fb92427ae41e4649b934ca495991b7852b855
paper31_expanded_intervention/候选池扩张与模型选择损失_中文完整论文(7).docx,1800777,66d21d6b37410779d4d633983e5c8767bacbd119d474f87f94624b3675a34340
paper31_expanded_intervention/候选池扩张与模型选择损失_中文完整论文(7).pdf,1032677,c0ce4ffe4404f2e019f2b016a8bf75ed155f975690b92e4cc28204fa74270fff
paper34_audit_sources/computational_exposure/Paper31_equal_budget_units.csv,282547,44bbef732679221efec9e36ac6ffda2dc5e420c3eedb426d3ea2441617006ad8
paper34_audit_sources/computational_exposure/Paper31_expanded_intervention_audit.json,5040,86e34854ce76af2a06123713b9534e1e17ed8eb344609e72ac568b9ac7fd0c90
paper34_audit_sources/computational_exposure/Paper31_selection_units.csv,1645850,fba82c4a077e5bc5789b3ceef2ab45ff75826319f779814adfa84eae3ccd75c6
paper34_audit_sources/figure7_source_data/Figure_7_Panel_A_source.csv,2826,da901be96b1fe7eda5d84a480c11eb9186518934224a407bda1a86dd0a5b4622
paper34_audit_sources/figure7_source_data/Figure_7_Panel_B_source.csv,1883,a9b9a0e488414da67e8b696035e69fd14e6d4aaec56eda7309f7ad6f8d1a9070
paper34_audit_sources/figure7_source_data/Figure_7_Panel_C_source.csv,4448,b32dbb2cff444d865480d848d2243a6d7f711692f560ea5680ba7c318b8a84b5
paper34_audit_sources/figure7_source_data/Figure_7_Panel_D_source.csv,1469,0135cfaa1ab66ae6e9540e6f5adc2b15e3aa0beeb4f078e0a48313f8bbe33262
paper34_audit_sources/figure7_source_data/Figure_7_source_data.xlsx,13607,ccfee7a626ab1a1c993aff50a7c446867cc03280d4727b20d0298735ec7edd0d
paper34_audit_sources/source_hashes/Paper31_Package_manifest.json,30054,0834fc14029a9b53564bbfadfef22dedb5483b546c91664d539ef060b837d829
paper34_audit_sources/source_hashes/Paper31_SHA256SUMS.txt,19156,ad8b4f3f69b4b66b7dbf04c7de50d90752df3655ecbaa6ca47c998cfd9fa3d7c
paper34_audit_sources/source_hashes/Paper31_source_availability_audit.csv,1427,e743e640fc03c5ab543199a9dd71c57d4a5b3cd672a788313c843e427f0b906d
paper34_audit_sources/split_manifests/Paper31_composition_split_units.csv,573143,55161f7345addb1393450d1cba66722d4cfa0b19569c1b72e29f3d157b99e922
paper34_audit_sources/split_manifests/Paper31_similarity_split_manifest.csv,83780,c232b424c6d45b3b84082fe4024c4653043e7ea8eac6dd54f97ca4bc0a4728c6
paper43_completion/EXPERIMENT_COMPLETION_MANIFEST.json,1205,3d08f9a8b889a23ca0518d9542a39b07458794237997c2c1e327db1e671e4d9a
paper43_completion/main_figures/Figure1.pdf,85667,f81e1500d2dc874640196168061f5b94b8df902f0d777a731e1436cf8896d18e
paper43_completion/main_figures/Figure1.svg,81043,f306869615b05d2aaf7f20e2d9de9b8627c984c86dd56994e33c5fd34c9caef9
paper43_completion/main_figures/Figure1_600dpi.png,1021332,83e9067fce6918e1ae0f97a1bce0a03d6846de985100cefeca94c5f5a4ba58d7
paper43_completion/main_figures/Figure2.pdf,69265,77758dcbc53ee10d47ba878a1ed8e5002ed1cad28758cb0490be1499a5429f04
paper43_completion/main_figures/Figure2.svg,58130,7c6a3630563ccd8ec38b56f023dee49eb33c89278adafeba58a69f70054acaae
paper43_completion/main_figures/Figure2_600dpi.png,638976,a82c8dd5384893df56bda8bb1993b68aa651704620af985e8a35c6fdc77b7e24
paper43_completion/main_figures/Figure3.pdf,70653,08e2497a8555c08900094c4d382b4fedc5607ea04aa68d162ab13850e504b89a
paper43_completion/main_figures/Figure3.svg,57760,59141225cfa603f8ed838a9df108a8dd6b07abc0f0728491ced2c6100a5fcbc0
paper43_completion/main_figures/Figure3_600dpi.png,695755,92729536c202cceda0c967e0f367a7f880a11038a267ccd768827284fe74c6e8
paper43_completion/main_figures/Figure4.pdf,73859,9c5de55124e7b3e2a243af5b08b4d1547b51c1425eae69f3716fdaf0c17bc3f7
paper43_completion/main_figures/Figure4.svg,67094,ffb7e152031c2e0f9e532241de8a8e302711a1dcc5f5bfbb25ca96d5a9c2f5ee
paper43_completion/main_figures/Figure4_600dpi.png,683653,a90117b4a16b928bee8a26c518cc9a682ce2510b634834df9bc40013469450da
paper43_completion/main_figures/Figure5.pdf,87441,14aa36b7ff3d8d44668986c47b97605d46e65993a3859c379312cf19b2047739
paper43_completion/main_figures/Figure5.svg,117877,70f158102dbe96e8cf19656500b8e663b917e0e5ffd267db30156726952cbd47
paper43_completion/main_figures/Figure5_600dpi.png,869371,070589e5e3a8c6b8e1e642b70fe84730bf587a30d2e4eafdccd5f4913e151f06
paper43_completion/main_figures/Figure6.pdf,76982,c93d97641b9deb6e2996cf3e9d9c7e1fbd6bbb41d4b8a34f42e695786735c527
paper43_completion/main_figures/Figure6.svg,65997,447e244c93a1f4b6c582f1a963e6928192799f2ef30c0092a778034fc3199a6d
paper43_completion/main_figures/Figure6_600dpi.png,637846,982d06bd063f205b39988c572e5d5a14d8cf10ffad1adeeea083958c82031d23
paper43_completion/main_figures/Figure7.pdf,82024,251ba2c772f6adc8549785f327baa31e4ec05317421d753b4f06290ebf272cd3
paper43_completion/main_figures/Figure7.svg,117355,dda2fb3198965688270091c2224b6c8008cc3d2c62b66769e10a8a505bec200b
paper43_completion/main_figures/Figure7_600dpi.png,899870,cf372840555e6be935c6908093316078b27bc9a0393175a2e4a80cf1b98c3a33
paper43_completion/main_figures/Figure8.pdf,69760,59dbf19baef9a839089f55db1089f81055f356fe271e0c4079ddfa6ef0892dec
paper43_completion/main_figures/Figure8.svg,51648,0783cd897bd6d2e004518e2c6d79d4b8457b9ce4a48ab97f5bf65fff14721f16
paper43_completion/main_figures/Figure8_600dpi.png,676695,40d53243f6c318933a181b15163d0b42ae90a614fd7605ee96567bdf65e0fab8
paper43_completion/main_figures/Figure_1_nested_audit_and_evidence_hierarchy.pdf,52526,8878a97b1011cccfc3729d8ac77dd452ec9b87c0fc0b727b69a83657eb7f9fbe
paper43_completion/main_figures/Figure_2_candidate_diversity_after_adjustment.pdf,69265,55f3c914aa2c3661c031aa335475e5b2a502572b5a82a9f35ee82fc03a44d40f
paper43_completion/main_figures/Figure_2_candidate_diversity_after_adjustment.png,756284,c830cd7513be6ad11f46ea13a81d60ee03f1509db696562819bf5efd225f7ab4
paper43_completion/main_figures/Figure_2_candidate_diversity_after_adjustment.svg,60315,cbe643f6a23ea28bea87cae7574359ed6912aad2172da6cc82f722bc9383629f
paper43_completion/main_figures/Figure_3_chance_adjusted_ranking_and_fixed_reference_effects.pdf,70897,28d2dd854121c67054798cf84d7be29b4d82b9c5dec5b614e6c1e51f94d386b9
paper43_completion/main_figures/Figure_4_selection_gap_and_winner_optimism.pdf,72521,9c3648575bdd3e093d38cc02ca5d2acbdd6c7ff6a6a7841bd0242f3da5c8b7b4
paper43_completion/main_figures/Figure_4_selection_gap_and_winner_optimism.png,676454,bb68a9e06e7f94719e4fff29195adfbe080d8ec50cf9d32be4799ff78f2e1ece
paper43_completion/main_figures/Figure_4_selection_gap_and_winner_optimism.svg,70124,38ef973a8e2c59a18bea4c3e707a7add7d586dd3442bea35db1cf79ce2f6e9a6
paper43_completion/main_figures/Figure_5_matched_size_multiview_composition.pdf,87441,4894269e93645f0b53adf00bb947e3c8a6b63833b483c50f0414f69a01be4e13
paper43_completion/main_figures/Figure_5_matched_size_multiview_composition.png,951285,ad632a98f6427da0fa2915bbfa660a62256eaf697a44cf09e7c7e558cd7314a2
paper43_completion/main_figures/Figure_5_matched_size_multiview_composition.svg,119253,3f0f2d2bc638a142f78ab575ce123064adf31dce61c5b5cad10b5056b4be5f83
paper43_completion/main_figures/Figure_6_prediction_errors_across_chemical_support.pdf,75926,28cec8d6a40f6477bd9f0f23919044c785e4fd4089db95ed8b9ce862b3d05050
paper43_completion/main_figures/Figure_6_prediction_errors_across_chemical_support.png,623373,6b988e093472be01f9e0c5a9b292a6db8c708f41292b928d4f41136de30a410c
paper43_completion/main_figures/Figure_6_prediction_errors_across_chemical_support.svg,64260,c3875d9235fc7f12936e8fcd6dba207bea112812f6a520b9fe2d457668924750
paper43_completion/main_figures/Figure_7_expanded_equal_size_intervention.pdf,80547,08b5afb0942d0c17bb3a772002c01b1286fde9f1d8868773262d8739cc57ba3e
paper43_completion/main_figures/Figure_7_expanded_equal_size_intervention.svg,190166,5eae9d99b4ceeee421b80a2b6c4928231ba49413746e46a06394021c2b94733e
paper43_completion/main_figures/Figure_7_expanded_equal_size_intervention_600dpi.png,2055339,47cceb2d24a85276d81055ee24415bace8f3bba3d252f7e9f3d7409d69796110
paper43_completion/main_figures/Figure_8_practical_equivalence_and_metric_selection.pdf,68338,289be347422a2db216ba12bc3305d48d01c54a0d905bf65db5ec8e5c5b6e9150
paper43_completion/probability_level_outputs/cross_endpoint_meta_risk_predictions.csv,344057,fef1ce47af818125833c680fce0e1264ec26762a15eb06e9fb736dbbfaa4bcab
paper43_completion/probability_level_outputs/README.md,629,aac6c4cecd147f38536870f8f5ec179f13f70dc2dcaec1dca87c43ea6fea012a
paper43_completion/probability_level_outputs/risk_loeo_predictions.csv,264453,0832b05e457af98166ea8645cb846d42bb5ff1ce4671eaa7e1c782487df726cf
paper43_completion/PUBLIC_RELEASE_R11.txt,196,62e3f5b00532114a2c874a94050abe0f8dc667eb8181bdb8bd86b8aa2ecfe1f5
paper43_completion/reproduced_outputs/main_figures/Figure8.pdf,66883,a714e8f9f2c45b1a5dadfc3fd1c785410ab3d9eb89d17ec6460b57257e9b667c
paper43_completion/reproduced_outputs/main_figures/Figure8.svg,50288,66202581b6960236f00b1ca046516218371556bdbf40dad4f02f3447f6668329
paper43_completion/reproduced_outputs/main_figures/Figure8_600dpi.png,683893,1de3de4e5264175c566ea0a84ee9e7b25fd094507313c09a962e14dd8b92800c
paper43_completion/run_records/additional_seeds/seed_113/candidate_registry.csv,155223,95eb0d0212f7b97111f50d56681a75acc341e72fbdb99a64e922d70a4bc38ad1
paper43_completion/run_records/additional_seeds/seed_113/inner_scores.csv,592607,b2a86fc6a45671c9eaddba98b16f20b5c461b29edefbf329c4f85d88750cbc79
paper43_completion/run_records/additional_seeds/seed_113/outer_candidate_scores.csv,166268,c1a4a581b9ee6a9b78432f2bb5585fd105bd888d9475bbe7452801d1c1f6453b
paper43_completion/run_records/additional_seeds/seed_113/split_manifest.csv,41578,054f2fc7ab16630ec02811c31053087853fb5a4d16a20c1d8d990ab953171aef
paper43_completion/run_records/additional_seeds/seed_113/tasks/bace/candidate_registry.csv,17571,2dc39afbecb905df1a4e5e74814a57eb8797c64ccff890b927f74973d86c83fe
paper43_completion/run_records/additional_seeds/seed_113/tasks/bace/complete.json,328,5234c9762d2af479dc2d9d7467041514b0dc2b22918dad40a1ef55ffd75c1081
paper43_completion/run_records/additional_seeds/seed_113/tasks/bace/inner_scores.csv,82228,7f1a782a621d5005479d4496c515fc0cb6f14e850b908358692fcb97afe54da7
paper43_completion/run_records/additional_seeds/seed_113/tasks/bace/outer_candidate_scores.csv,17527,193c71158fcf902d308234aa55d9f4a0047201771f5be71be7a47404e833ed32
paper43_completion/run_records/additional_seeds/seed_113/tasks/bace/split_manifest.csv,5083,d13be5202230fc4890ba6db47aef97672296ea50a003c8a35cd7d68b8bdcf8dd
paper43_completion/run_records/additional_seeds/seed_113/tasks/bbbp/candidate_registry.csv,17571,614fd6d5a4dffb15ad1bd8a3397690573cc1d5ee2a3f6d3464d517a87e2e33a4
paper43_completion/run_records/additional_seeds/seed_113/tasks/bbbp/complete.json,329,edb894b064512b45d68082803c41d9259c0fda91ea9980483e21e469a06b5e1a
paper43_completion/run_records/additional_seeds/seed_113/tasks/bbbp/inner_scores.csv,81457,b4e77336702f673db214775ee2f32502af833b0b968d53fb384477d097e6b7c5
paper43_completion/run_records/additional_seeds/seed_113/tasks/bbbp/outer_candidate_scores.csv,17597,1a4cdae313fc44372a28cc292bbd99eeb122715f309aaf85f868b317f0cc33ef
paper43_completion/run_records/additional_seeds/seed_113/tasks/bbbp/split_manifest.csv,5056,e2a7a93bd440c8a051852d0b34b7ad0220c3eed19a655bb2dcca2b1b09c40c1f
paper43_completion/run_records/additional_seeds/seed_113/tasks/clintox/candidate_registry.csv,17667,5bbd27847441731b89ea827e4100e707a4b1938a485ff815795238413a95cc36
paper43_completion/run_records/additional_seeds/seed_113/tasks/clintox/complete.json,331,cfddcbfae82bf424a5985b0a059347dab18bb5cc7cfdf321d1484eb19b1b6f38
paper43_completion/run_records/additional_seeds/seed_113/tasks/clintox/inner_scores.csv,83690,b75ba19ab475ea24ebd54668e36d40c324131a9dd05c024d6e3b5fa2e8b47198
paper43_completion/run_records/additional_seeds/seed_113/tasks/clintox/outer_candidate_scores.csv,17928,f0d016efc1f016208023fe2657bacabbec5289af86a62d46fef30cd0310062c4
paper43_completion/run_records/additional_seeds/seed_113/tasks/clintox/split_manifest.csv,5108,b35e8ab6d93d30b7f9ad2955c70c272a849ce732481dbe3db14576d42f5f5e97
paper43_completion/run_records/additional_seeds/seed_113/tasks/esol/candidate_registry.csv,16672,e48fef26895f72211eb49459c4e0a297edd5eb993c5f223402dac4ae5529cf21
paper43_completion/run_records/additional_seeds/seed_113/tasks/esol/complete.json,329,898c202e7b35360092ac723ed6a95c4e1a9e87e9df447e34fa7559fa513a780e
paper43_completion/run_records/additional_seeds/seed_113/tasks/esol/inner_scores.csv,45300,e75c934a5aa32b487e1afbb0f6d69db1204461f6f8a535d1ffb527d78cca7f72
paper43_completion/run_records/additional_seeds/seed_113/tasks/esol/outer_candidate_scores.csv,19387,50164c3a9d775f9c57ed9a6be64115b8cd1260663939d7c87c9601bce81a9f50
paper43_completion/run_records/additional_seeds/seed_113/tasks/esol/split_manifest.csv,5352,153a179292b9bb18926ed59f666b38e13d075240f243f44f7aa9a596f226f566
paper43_completion/run_records/additional_seeds/seed_113/tasks/freesolv/candidate_registry.csv,16800,4eeb876c8c3f56053de59162accaeaad7b1c066e679b44d6519e392f667244e5
paper43_completion/run_records/additional_seeds/seed_113/tasks/freesolv/complete.json,332,77e09393e4dcd7fd966eb7b174b04526fb495906dd558c369c019a05134d26af
paper43_completion/run_records/additional_seeds/seed_113/tasks/freesolv/inner_scores.csv,46421,8a9fc7882542e42036ccae61e9c7a124870284462ab172a4b9a295e3ced8b615
paper43_completion/run_records/additional_seeds/seed_113/tasks/freesolv/outer_candidate_scores.csv,19683,68d1f39577dd92fa21c6a9fcbbf086227a92f743bc015e1626b8239e2e266959
paper43_completion/run_records/additional_seeds/seed_113/tasks/freesolv/split_manifest.csv,5402,0943e30551c0cd66d4486a0f6d9445017884d39b9dcad14f4c94ecdfd2ea63ab
paper43_completion/run_records/additional_seeds/seed_113/tasks/lipo/candidate_registry.csv,16672,230dbecf1bcd3539c7411ea57fa7cd5a54f5982586d267a7d47d5762b7e10cd4
paper43_completion/run_records/additional_seeds/seed_113/tasks/lipo/complete.json,330,bbc56baca3c2e770970d42f408dd50b336b18c0031f0195cb48ebd5c862a9c10
paper43_completion/run_records/additional_seeds/seed_113/tasks/lipo/inner_scores.csv,45219,c4f5f23eb530c1bf508354808326d3d7f73c8f914122bcf8f0370b6a3992e45b
paper43_completion/run_records/additional_seeds/seed_113/tasks/lipo/outer_candidate_scores.csv,19568,6eb47000d0d765c735a9fe87601017139dc7fa1664de1be74c69b4e535830d4b
paper43_completion/run_records/additional_seeds/seed_113/tasks/lipo/split_manifest.csv,5155,f73a7189d8e209d0ee033c4a1ecbe1d76e7ffdf4cd58f96883b54d6e82e77a22
paper43_completion/run_records/additional_seeds/seed_113/tasks/tdc_caco2_wang/candidate_registry.csv,16992,209c35b421399115bcdccc761e364b0e556baa1ed83368c21eed23ee2f334afc
paper43_completion/run_records/additional_seeds/seed_113/tasks/tdc_caco2_wang/complete.json,338,8a48d54cb15d977c40418fa9f5d5afcba08ae324da5e40fd83964051772198c6
paper43_completion/run_records/additional_seeds/seed_113/tasks/tdc_caco2_wang/inner_scores.csv,48191,d12b81a8b55f7bb94127e62c81f370237756d57c4dabbfa9ad4723961908da1f
paper43_completion/run_records/additional_seeds/seed_113/tasks/tdc_caco2_wang/outer_candidate_scores.csv,20387,9c9854937c69d1bf437eb6bc4ecf399c73ba52b2268858ff29162a004b9b51f2
paper43_completion/run_records/additional_seeds/seed_113/tasks/tdc_caco2_wang/split_manifest.csv,6125,f6b954b6c8a91631f41dac2f3527e2f7625c21ae4f096cbb409a151a543aeab7
paper43_completion/run_records/additional_seeds/seed_113/tasks/tdc_hia_hou/candidate_registry.csv,17795,efe452558ca4d3a7f4814a1b7f553a305aec4ccdac1ac7b0c7a8d23943095ede
paper43_completion/run_records/additional_seeds/seed_113/tasks/tdc_hia_hou/complete.json,334,df7d6aa483c54fe535c2a57a0f49e020fb051ac7aa8b4dcdbb11f6cef6293aeb
paper43_completion/run_records/additional_seeds/seed_113/tasks/tdc_hia_hou/inner_scores.csv,81688,4f3a3cc61cf01c6174b3c17bab5f66ac8c5235658dd4df91c6659c03074c6808
paper43_completion/run_records/additional_seeds/seed_113/tasks/tdc_hia_hou/outer_candidate_scores.csv,18210,b5dffe68326614f0c52d7fff616e1c52a68257d89868577d0d4508ba02a5577e
paper43_completion/run_records/additional_seeds/seed_113/tasks/tdc_hia_hou/split_manifest.csv,5102,c8dce540c2105d3dec3bb21ba8425dba2ca40d34ab2b576fa6853c9384773123
paper43_completion/run_records/additional_seeds/seed_113/tasks/tdc_pgp_broccatelli/candidate_registry.csv,18051,4e01b98a6ccbfcb840f1708e7804d45c7c91f37c3d623e40638715754c175e52
paper43_completion/run_records/additional_seeds/seed_113/tasks/tdc_pgp_broccatelli/complete.json,343,512310b8e46b888f95700077f21596a0ce556a59f62ee8a184702e78c2c50493
paper43_completion/run_records/additional_seeds/seed_113/tasks/tdc_pgp_broccatelli/inner_scores.csv,86062,7c85d02b15c3e8fe8e3057f36dbea434ebccc647ca5d7591fe38774822a4b88b
paper43_completion/run_records/additional_seeds/seed_113/tasks/tdc_pgp_broccatelli/outer_candidate_scores.csv,18974,d15abb3867dfe9a91687e28d79f7a0525cff93883556144f1b1986ab2b5e0bc5
paper43_completion/run_records/additional_seeds/seed_113/tasks/tdc_pgp_broccatelli/split_manifest.csv,5179,4f5c5f4a9355cc84bb7c267b8635eb885bdb2879446677580a0806bbd40ea228
paper43_completion/run_records/additional_seeds/seed_127/candidate_registry.csv,155223,ad4507646c2505eb8a29eff22cbe2e37860aadfb8f0326d574eff8b2fba8bcfd
paper43_completion/run_records/additional_seeds/seed_127/inner_scores.csv,592146,02dc4432475bb24c2bb33f7e3bd9651ce51c905bde1857ff6b39d7daf0baf472
paper43_completion/run_records/additional_seeds/seed_127/outer_candidate_scores.csv,166294,e00de9672b42e64be3e60777287e1463b6a8b3700bd650959d4dc5ac3251c59a
paper43_completion/run_records/additional_seeds/seed_127/split_manifest.csv,41469,18d1c5c451665673c677f37618414c0db17973205ec5e54f037381c8f1c4b146
paper43_completion/run_records/additional_seeds/seed_127/tasks/bace/candidate_registry.csv,17571,7839a295923da14c1b29e005ada1d293d9f2ae22afd58f4c91f866929056f1b5
paper43_completion/run_records/additional_seeds/seed_127/tasks/bace/complete.json,328,5234c9762d2af479dc2d9d7467041514b0dc2b22918dad40a1ef55ffd75c1081
paper43_completion/run_records/additional_seeds/seed_127/tasks/bace/inner_scores.csv,81962,66c3c60eae541eb50ced4dd943ff7236137a03b903854cd6b74f5bca47c3fe6f
paper43_completion/run_records/additional_seeds/seed_127/tasks/bace/outer_candidate_scores.csv,17549,f962c399317732bb88698e1552605f78e83f9c71e50763d0cce8a01baf54271a
paper43_completion/run_records/additional_seeds/seed_127/tasks/bace/split_manifest.csv,5067,07c87b5060fe1f5996da75683e23b78c16a8b3e100ce4f852a96858e7e389c7d
paper43_completion/run_records/additional_seeds/seed_127/tasks/bbbp/candidate_registry.csv,17571,14ad59d17455a7a9cc1f9d1ff44ba4bd24df4461c269ae597512a8d95bd2abb7
paper43_completion/run_records/additional_seeds/seed_127/tasks/bbbp/complete.json,329,edb894b064512b45d68082803c41d9259c0fda91ea9980483e21e469a06b5e1a
paper43_completion/run_records/additional_seeds/seed_127/tasks/bbbp/inner_scores.csv,81605,c5507e5f43440eaf9733989de15592b4f957251d982b16e216fd0ac77b077c9e
paper43_completion/run_records/additional_seeds/seed_127/tasks/bbbp/outer_candidate_scores.csv,17605,c4a3cea1d026a182a46478a154dcc17bcfead369c41511398c9fe877368a1419
paper43_completion/run_records/additional_seeds/seed_127/tasks/bbbp/split_manifest.csv,5048,1197466aa6a9fe008074e540aeaa4a71d6444403103d4636aba0cfe6186e0da9
paper43_completion/run_records/additional_seeds/seed_127/tasks/clintox/candidate_registry.csv,17667,93e2c098c0610c1f940da2e7bb11d4fed256f114d4ddcb9ec2dc963088ab8bbc
paper43_completion/run_records/additional_seeds/seed_127/tasks/clintox/complete.json,331,cfddcbfae82bf424a5985b0a059347dab18bb5cc7cfdf321d1484eb19b1b6f38
paper43_completion/run_records/additional_seeds/seed_127/tasks/clintox/inner_scores.csv,82672,04bb77ee8e013426b966c054f4039028bbb4b0373d2dba7be25dcd1b6ec66286
paper43_completion/run_records/additional_seeds/seed_127/tasks/clintox/outer_candidate_scores.csv,17946,fc392bce4f3a8734e187e5e89fc87319c58918d2813d2669f2d78c6ea27bb883
paper43_completion/run_records/additional_seeds/seed_127/tasks/clintox/split_manifest.csv,5097,2034c7636bd9d7ed2d9a90ee60b5164e9b8773467bf86ed071b18c2a4969f110
paper43_completion/run_records/additional_seeds/seed_127/tasks/esol/candidate_registry.csv,16672,7cf7707642207ea43658120f4e113e6c9fd12640ba5d058fab0e92932e71816a
paper43_completion/run_records/additional_seeds/seed_127/tasks/esol/complete.json,329,898c202e7b35360092ac723ed6a95c4e1a9e87e9df447e34fa7559fa513a780e
paper43_completion/run_records/additional_seeds/seed_127/tasks/esol/inner_scores.csv,45301,9ce5904e252b4f3ef76c258abc233033ad2b20a56e51028f0872fc25917ebd0a
paper43_completion/run_records/additional_seeds/seed_127/tasks/esol/outer_candidate_scores.csv,19409,2650f7495bfee80cbf0270b0c3356383e1b30bf989d06c4f63f6a975be320816
paper43_completion/run_records/additional_seeds/seed_127/tasks/esol/split_manifest.csv,5318,39994ff1720cebc6af5881a3ca29c1f6da406dc8e3960626144d48ba52959684
paper43_completion/run_records/additional_seeds/seed_127/tasks/freesolv/candidate_registry.csv,16800,7f7fd5ac3389986bdc60317384c2153eb2dd48c4d07db117ff82ac27342effe0
paper43_completion/run_records/additional_seeds/seed_127/tasks/freesolv/complete.json,332,77e09393e4dcd7fd966eb7b174b04526fb495906dd558c369c019a05134d26af
paper43_completion/run_records/additional_seeds/seed_127/tasks/freesolv/inner_scores.csv,46413,81d3e10bda72004f874dc55f638c4c996c0acab5a9cf72c890e597d7eaffa073
paper43_completion/run_records/additional_seeds/seed_127/tasks/freesolv/outer_candidate_scores.csv,19675,b832043baca6b7a0933d73e750b9103f19d2fc0832b6098258367556cbd91a84
paper43_completion/run_records/additional_seeds/seed_127/tasks/freesolv/split_manifest.csv,5336,1043492097cf6f28170508f5c2e3f7a491286360bf2e7723fd7e499dea9f6dd8
paper43_completion/run_records/additional_seeds/seed_127/tasks/lipo/candidate_registry.csv,16672,1acf381205889bade4fffa5eb834871899f490f060e985bce87865551ca8c656
paper43_completion/run_records/additional_seeds/seed_127/tasks/lipo/complete.json,330,bbc56baca3c2e770970d42f408dd50b336b18c0031f0195cb48ebd5c862a9c10
paper43_completion/run_records/additional_seeds/seed_127/tasks/lipo/inner_scores.csv,45194,f8c9055b72abfab0eadeb03ce0fcabee5864002514af9d4da71e8fde831dd108
paper43_completion/run_records/additional_seeds/seed_127/tasks/lipo/outer_candidate_scores.csv,19555,9f5708f3ddbf83f04930697ca14e9dc3d08d7e1aa649acb86fad2c9e3fe3727e
paper43_completion/run_records/additional_seeds/seed_127/tasks/lipo/split_manifest.csv,5203,59c2685aae6d45d1ad684e28c3b00d3c91a9585646961e6d6339d714d34128b6
paper43_completion/run_records/additional_seeds/seed_127/tasks/tdc_caco2_wang/candidate_registry.csv,16992,025212ff9b4c1ce5c8cf7ce94bae5fa179e23c5ea01fdc6916c1abf85da9e904
paper43_completion/run_records/additional_seeds/seed_127/tasks/tdc_caco2_wang/complete.json,338,8a48d54cb15d977c40418fa9f5d5afcba08ae324da5e40fd83964051772198c6
paper43_completion/run_records/additional_seeds/seed_127/tasks/tdc_caco2_wang/inner_scores.csv,48209,47f32900a7837fb2a901c86a6b244e6f8428f089991546fd4d3404db69cd7d8d
paper43_completion/run_records/additional_seeds/seed_127/tasks/tdc_caco2_wang/outer_candidate_scores.csv,20381,4120d04a088e649a87042b4990d11f47d56eeb836f37439cae88262776c4af7f
paper43_completion/run_records/additional_seeds/seed_127/tasks/tdc_caco2_wang/split_manifest.csv,6089,cacfdeede5fed750771487adfeb256c50d666e7ce045f75d54b0a86bba1ffcc1
paper43_completion/run_records/additional_seeds/seed_127/tasks/tdc_hia_hou/candidate_registry.csv,17795,4eb36d910f6d168c1fd07842b3be4335ddbea23486c8f1300e7e99c658a934f7
paper43_completion/run_records/additional_seeds/seed_127/tasks/tdc_hia_hou/complete.json,334,df7d6aa483c54fe535c2a57a0f49e020fb051ac7aa8b4dcdbb11f6cef6293aeb
paper43_completion/run_records/additional_seeds/seed_127/tasks/tdc_hia_hou/inner_scores.csv,82389,371dc96236a537832fa8618e867056b47101efd7389dd54cc53d90ce421dd577
paper43_completion/run_records/additional_seeds/seed_127/tasks/tdc_hia_hou/outer_candidate_scores.csv,18246,347ba4769f9b2bbcf826b8bfb8bbe19306d0f7d55db075b2f9ead9f2dd1a2373
paper43_completion/run_records/additional_seeds/seed_127/tasks/tdc_hia_hou/split_manifest.csv,5107,40bd4e8e9f05bd3e98ecda1b9dc93680d11de67d5b53943aa9c6252cab375b72
paper43_completion/run_records/additional_seeds/seed_127/tasks/tdc_pgp_broccatelli/candidate_registry.csv,18051,39641eee6f3ec971fe80268541ec135f054669117db466e0e7cc9eb9923907dd
paper43_completion/run_records/additional_seeds/seed_127/tasks/tdc_pgp_broccatelli/complete.json,343,512310b8e46b888f95700077f21596a0ce556a59f62ee8a184702e78c2c50493
paper43_completion/run_records/additional_seeds/seed_127/tasks/tdc_pgp_broccatelli/inner_scores.csv,86097,88a9797e763c50db44ad177ec5d17a6794eae6612efbd32f076cd4282392a0e7
paper43_completion/run_records/additional_seeds/seed_127/tasks/tdc_pgp_broccatelli/outer_candidate_scores.csv,18953,5508878af97035ffb16497041e13c7fed05d59757e372ea83d8a039931377b95
paper43_completion/run_records/additional_seeds/seed_127/tasks/tdc_pgp_broccatelli/split_manifest.csv,5183,11b75862e5110e37dbeb4543f9315fa15834196747e2ccd83b97a49b8b3cd536
paper43_completion/run_records/additional_seeds/seed_149/candidate_registry.csv,155223,1f82dae2f9151047f5009f2340c95d76ad12630e867fd9da5db7a90067b8b6f3
paper43_completion/run_records/additional_seeds/seed_149/inner_scores.csv,594618,4e813f9aaba4e3bee94e940fd6d2e422b38318abffe9d7ff03bfb6f9582f0fa8
paper43_completion/run_records/additional_seeds/seed_149/outer_candidate_scores.csv,166160,2ec3af04fecfd2d8e8819713405c1ec224e401f84cfdccb9b264cec19a68c59e
paper43_completion/run_records/additional_seeds/seed_149/split_manifest.csv,41622,06acb717eee4d92e274f9c6b173391ef0f019307c568508a7f39413165f3e6b6
paper43_completion/run_records/additional_seeds/seed_149/tasks/bace/candidate_registry.csv,17571,946a3c1dbfef4a790974c6479244e83c010f855b822b51a270d6bb0b6ef8c789
paper43_completion/run_records/additional_seeds/seed_149/tasks/bace/complete.json,328,5234c9762d2af479dc2d9d7467041514b0dc2b22918dad40a1ef55ffd75c1081
paper43_completion/run_records/additional_seeds/seed_149/tasks/bace/inner_scores.csv,82023,7956ad50d6c72d159f1dac813ac04b25c902e754e4d1ce6b0b43e4cb3391a54b
paper43_completion/run_records/additional_seeds/seed_149/tasks/bace/outer_candidate_scores.csv,17565,385f88bf73e1d8929336d83a999ddeb48db8c875bc8b83d7b45a1220e6aa5a3f
paper43_completion/run_records/additional_seeds/seed_149/tasks/bace/split_manifest.csv,5028,46ba93611a2628ed6edc53e0cc124c01ee33616751c7734797f74ba84c9c586c
paper43_completion/run_records/additional_seeds/seed_149/tasks/bbbp/candidate_registry.csv,17571,9e96d999fdfd9e813fc5bdbebac6c18313866ec7fd5860546d64560a3d8ac2d3
paper43_completion/run_records/additional_seeds/seed_149/tasks/bbbp/complete.json,329,edb894b064512b45d68082803c41d9259c0fda91ea9980483e21e469a06b5e1a
paper43_completion/run_records/additional_seeds/seed_149/tasks/bbbp/inner_scores.csv,81660,ca3960469c2fc8a3199459e074435b7a2c66d6a7575c6725a07bec5ac21080a3
paper43_completion/run_records/additional_seeds/seed_149/tasks/bbbp/outer_candidate_scores.csv,17609,4790419f913ba4e9e4bde804ed90285327921c1db72305a9813fa1755b7a145f
paper43_completion/run_records/additional_seeds/seed_149/tasks/bbbp/split_manifest.csv,5065,ec412e37d6640facfd16543d790d7c681d211a45576aa2f134b3e96c3711d13a
paper43_completion/run_records/additional_seeds/seed_149/tasks/clintox/candidate_registry.csv,17667,1ed06f8ac89fc12a3422affe7c044291d10d28c169b4797fd9ce281748668e11
paper43_completion/run_records/additional_seeds/seed_149/tasks/clintox/complete.json,331,cfddcbfae82bf424a5985b0a059347dab18bb5cc7cfdf321d1484eb19b1b6f38
paper43_completion/run_records/additional_seeds/seed_149/tasks/clintox/inner_scores.csv,83196,d38db4dfb1079d69c456af10c41319396ce8a24831f807dc8ac8d56ebcec8ed7
paper43_completion/run_records/additional_seeds/seed_149/tasks/clintox/outer_candidate_scores.csv,17919,438e9232557a8aeaac3f372db12f156a84e53277050eb741ff63dd5054436278
paper43_completion/run_records/additional_seeds/seed_149/tasks/clintox/split_manifest.csv,5130,f2cba3b0fb1026b686979477668c22a47a07d1f543c9b01a3a0ef904f6dbd327
paper43_completion/run_records/additional_seeds/seed_149/tasks/esol/candidate_registry.csv,16672,a520385e2c8455e4184f0bd2ee46fe3923035ddc09babcba63768fffebc7338d
paper43_completion/run_records/additional_seeds/seed_149/tasks/esol/complete.json,329,898c202e7b35360092ac723ed6a95c4e1a9e87e9df447e34fa7559fa513a780e
paper43_completion/run_records/additional_seeds/seed_149/tasks/esol/inner_scores.csv,45264,c77d6dff14a6146d8ebf1e8527613bb36f72c524612e342a054d2f07a5ef238c
paper43_completion/run_records/additional_seeds/seed_149/tasks/esol/outer_candidate_scores.csv,19415,6f2a83ea5adedae4992083a7173f73230ca926226a37ef53f7beaf61bb2233c5
paper43_completion/run_records/additional_seeds/seed_149/tasks/esol/split_manifest.csv,5491,7083d8fc2270fa86f2d1f510a0b4168eee7ddf08e1bd6bed60b2b83ffeab57ed
paper43_completion/run_records/additional_seeds/seed_149/tasks/freesolv/candidate_registry.csv,16800,ad5219fcb5de97d0edb59e1a0b13618211a64dd90df0b82689343a673c1198e2
paper43_completion/run_records/additional_seeds/seed_149/tasks/freesolv/complete.json,332,77e09393e4dcd7fd966eb7b174b04526fb495906dd558c369c019a05134d26af
paper43_completion/run_records/additional_seeds/seed_149/tasks/freesolv/inner_scores.csv,46421,e46234d93015e018a68e7da1baa3cd4d8bf502488629733ab979efaa7812fc8b
paper43_completion/run_records/additional_seeds/seed_149/tasks/freesolv/outer_candidate_scores.csv,19708,7900b2958f00dfc61ac685c106cd22005ab98ccc112c9326ec177908af45665d
paper43_completion/run_records/additional_seeds/seed_149/tasks/freesolv/split_manifest.csv,5308,5c11f5c15709487ad3f1b3b0ffe03407414082a202f413507614463699d15d9c
paper43_completion/run_records/additional_seeds/seed_149/tasks/lipo/candidate_registry.csv,16672,6642e059345ec3e0096fccbb755046c06bc4d85ddf1cce76fe4bc0f472787d7a
paper43_completion/run_records/additional_seeds/seed_149/tasks/lipo/complete.json,330,bbc56baca3c2e770970d42f408dd50b336b18c0031f0195cb48ebd5c862a9c10
paper43_completion/run_records/additional_seeds/seed_149/tasks/lipo/inner_scores.csv,45225,e020990868e37aba8e97494c53f092cc662f1c76dd4aefaa4ba608a4001d8c88
paper43_completion/run_records/additional_seeds/seed_149/tasks/lipo/outer_candidate_scores.csv,19569,44742412e7a84f700d9305c6760f5980977434956d841b0199917b57c7e8c304
paper43_completion/run_records/additional_seeds/seed_149/tasks/lipo/split_manifest.csv,5218,96ac51547d3c1093680d349362eeb9a056c84871c0e718a7641066b93ab9c680
paper43_completion/run_records/additional_seeds/seed_149/tasks/tdc_caco2_wang/candidate_registry.csv,16992,b6eb28e53b6cacb9c63d3d96b7a7ebbae92fae3794c274bce944421209de332d
paper43_completion/run_records/additional_seeds/seed_149/tasks/tdc_caco2_wang/complete.json,338,8a48d54cb15d977c40418fa9f5d5afcba08ae324da5e40fd83964051772198c6
paper43_completion/run_records/additional_seeds/seed_149/tasks/tdc_caco2_wang/inner_scores.csv,48235,7c98abb454506308a8e66c23e03b6d5e0da689098b267051bb99ef97b452f127
paper43_completion/run_records/additional_seeds/seed_149/tasks/tdc_caco2_wang/outer_candidate_scores.csv,20404,eb7c9867c26dfef19908270d4ab46d577d883e6040411e4c7bf91f1a714a4e93
paper43_completion/run_records/additional_seeds/seed_149/tasks/tdc_caco2_wang/split_manifest.csv,6117,67fddec71b6c820e5de9dafafd85826dad3190e1150d72235bbbf49af661ac94
paper43_completion/run_records/additional_seeds/seed_149/tasks/tdc_hia_hou/candidate_registry.csv,17795,d9329ee36347ec059b5312792605db0f7a9918d9c04692c409a95e19eb9f48b3
paper43_completion/run_records/additional_seeds/seed_149/tasks/tdc_hia_hou/complete.json,334,df7d6aa483c54fe535c2a57a0f49e020fb051ac7aa8b4dcdbb11f6cef6293aeb
paper43_completion/run_records/additional_seeds/seed_149/tasks/tdc_hia_hou/inner_scores.csv,84180,3e057c42b335e78564dc2686f243e191c54f4acc792e12c1912950f9941029b7
paper43_completion/run_records/additional_seeds/seed_149/tasks/tdc_hia_hou/outer_candidate_scores.csv,18204,85ec684dbc6ac8d8be80767c840ea6826eee33aaa29e478f5d9d838c8df853aa
paper43_completion/run_records/additional_seeds/seed_149/tasks/tdc_hia_hou/split_manifest.csv,5098,6b82a12ef532cd800be51fe4a50ad89b76e1a76006d0132b292790ed3ca77a2a
paper43_completion/run_records/additional_seeds/seed_149/tasks/tdc_pgp_broccatelli/candidate_registry.csv,18051,4fd604a000a5b314087c264c9a879402315a17e05d31fdbda341699773cc5c38
paper43_completion/run_records/additional_seeds/seed_149/tasks/tdc_pgp_broccatelli/complete.json,343,512310b8e46b888f95700077f21596a0ce556a59f62ee8a184702e78c2c50493
paper43_completion/run_records/additional_seeds/seed_149/tasks/tdc_pgp_broccatelli/inner_scores.csv,86034,c626a79a4d65bd66c855c189a35aa75dcc60c84e787cd31bf99ac2652671a3f5
paper43_completion/run_records/additional_seeds/seed_149/tasks/tdc_pgp_broccatelli/outer_candidate_scores.csv,18978,548df3792c30bdffd0fcbab81f40b27b613b1771ce18b69a7c940c8d5e37618a
paper43_completion/run_records/additional_seeds/seed_149/tasks/tdc_pgp_broccatelli/split_manifest.csv,5179,f5fc5d0cf99d33499a1420903371cd6e58374f1c0a9142da51c6ec5f7edbb3e6
paper43_completion/run_records/additional_seeds/seed_83/candidate_registry.csv,154967,fc013de0b06f7022f856f32d669399fbf9d6c5735490c45bcafb2336ffc68c41
paper43_completion/run_records/additional_seeds/seed_83/inner_scores.csv,589264,8ddc1ea9cb604488d14d4e981b1e3c99e63dee0620fc8f7d5765e9d417c6e89b
paper43_completion/run_records/additional_seeds/seed_83/outer_candidate_scores.csv,166236,9ba2d60bd1e0819a9786e1508453e55c1ca32a67703eb3ec75ff8c378de7b821
paper43_completion/run_records/additional_seeds/seed_83/split_manifest.csv,41374,7017955d266a7152dbc9113f8c740415bf54c89b1e63f009ff9a48cf286e35f9
paper43_completion/run_records/additional_seeds/seed_83/tasks/bace/candidate_registry.csv,17543,f70304006e5dba7d366dfa0a002c74eaff1d3203dee8e02a2cc71a3fd72bfd4d
paper43_completion/run_records/additional_seeds/seed_83/tasks/bace/complete.json,328,5234c9762d2af479dc2d9d7467041514b0dc2b22918dad40a1ef55ffd75c1081
paper43_completion/run_records/additional_seeds/seed_83/tasks/bace/inner_scores.csv,81427,af73f894e1f376b37dcc06294bc86295cdb659b803651240bddcdbc2d7d3dd25
paper43_completion/run_records/additional_seeds/seed_83/tasks/bace/outer_candidate_scores.csv,17535,da52898f8a1206c32585c39a0954e3b5b21b5a08113b5d51334d6cc59c0959a5
paper43_completion/run_records/additional_seeds/seed_83/tasks/bace/split_manifest.csv,5049,b7ee1ff929f518f2f0d51b68d7afcb3712d02f0bede91aebe3205bf34d908fdb
paper43_completion/run_records/additional_seeds/seed_83/tasks/bbbp/candidate_registry.csv,17543,38a5ed71b454827fe9b406698071f87aa3fc1e9f360b21f52162649012d4c650
paper43_completion/run_records/additional_seeds/seed_83/tasks/bbbp/complete.json,329,edb894b064512b45d68082803c41d9259c0fda91ea9980483e21e469a06b5e1a
paper43_completion/run_records/additional_seeds/seed_83/tasks/bbbp/inner_scores.csv,81413,cdce2ccb7159ff786fd7434d9b1418b3752000e4ff473463efae2a5e0bd07039
paper43_completion/run_records/additional_seeds/seed_83/tasks/bbbp/outer_candidate_scores.csv,17626,7d9d7d00f99ae5b0e1e2fb23508406236a2ab2a6313727eaad1defdfbb831960
paper43_completion/run_records/additional_seeds/seed_83/tasks/bbbp/split_manifest.csv,4968,34ecd4969233a67b3dad62497e792076a30cfe12c8a245f790f6559ad6d123de
paper43_completion/run_records/additional_seeds/seed_83/tasks/clintox/candidate_registry.csv,17639,366006c54d2a0b2491c076775a9d5cd55796b5e897995e16959a45f062ee843d
paper43_completion/run_records/additional_seeds/seed_83/tasks/clintox/complete.json,331,cfddcbfae82bf424a5985b0a059347dab18bb5cc7cfdf321d1484eb19b1b6f38
paper43_completion/run_records/additional_seeds/seed_83/tasks/clintox/inner_scores.csv,82789,e1390e07ce62645b1e1bee60d65e57d019b681bd9ae1bb593bac03ba95e2c960
paper43_completion/run_records/additional_seeds/seed_83/tasks/clintox/outer_candidate_scores.csv,17944,6fdf1defb7e5a7b92be5a6589e5ba659467f17936688f25c274703685ea5b371
paper43_completion/run_records/additional_seeds/seed_83/tasks/clintox/split_manifest.csv,5114,0d53a021ac1001d3c3bce3cd42814cba5aeff890386f434c88abfd2d688cbe30
paper43_completion/run_records/additional_seeds/seed_83/tasks/esol/candidate_registry.csv,16643,70aee0597104529edd180994d4d84bdf0b233eeff5314477013bc93910ee898f
paper43_completion/run_records/additional_seeds/seed_83/tasks/esol/complete.json,329,898c202e7b35360092ac723ed6a95c4e1a9e87e9df447e34fa7559fa513a780e
paper43_completion/run_records/additional_seeds/seed_83/tasks/esol/inner_scores.csv,45265,0251aebac8d43a749d9068609a652669e8e0a4d3df2559f6a7c8c985e1a55433
paper43_completion/run_records/additional_seeds/seed_83/tasks/esol/outer_candidate_scores.csv,19411,39f604d9802fc3cf7ab7d4470c74fa382497c227157d26c1390c67cee5a1da41
paper43_completion/run_records/additional_seeds/seed_83/tasks/esol/split_manifest.csv,5572,c3f486f6cc5196a60a48ef1b0b0ee7bcadaaaa76c789c6d678d356cea57fcc19
paper43_completion/run_records/additional_seeds/seed_83/tasks/freesolv/candidate_registry.csv,16771,41a80285b8f662ec6188267cf4d3ac9faa92bbb90d82112539ec78b4dd253f56
paper43_completion/run_records/additional_seeds/seed_83/tasks/freesolv/complete.json,332,77e09393e4dcd7fd966eb7b174b04526fb495906dd558c369c019a05134d26af
paper43_completion/run_records/additional_seeds/seed_83/tasks/freesolv/inner_scores.csv,46365,ab293300161d37320d41d3ac8d94df8c356a3f74687ab163ab79fe3be9d65c87
paper43_completion/run_records/additional_seeds/seed_83/tasks/freesolv/outer_candidate_scores.csv,19669,44e7faeb8e9db9ba5e7fc610a213fc4ebf9f22f0b52e951000bb2fd1e892b614
paper43_completion/run_records/additional_seeds/seed_83/tasks/freesolv/split_manifest.csv,5286,a7958d32a58413e2d593721dc2fb6c73b0f3cec7cc24ea9f639ad70fbc83676a
paper43_completion/run_records/additional_seeds/seed_83/tasks/lipo/candidate_registry.csv,16643,c05466e2d0ec51db998da8aef126a657f0902d13a293383c5f244ec4b18c558a
paper43_completion/run_records/additional_seeds/seed_83/tasks/lipo/complete.json,330,bbc56baca3c2e770970d42f408dd50b336b18c0031f0195cb48ebd5c862a9c10
paper43_completion/run_records/additional_seeds/seed_83/tasks/lipo/inner_scores.csv,45236,5c23f1d7aadf6623fffa8e40489f1b8de86096cd24d50d2d025a0581ec386618
paper43_completion/run_records/additional_seeds/seed_83/tasks/lipo/outer_candidate_scores.csv,19543,33a575e5cd066c61866d767bfcbe92f3eb5e2ab302e241e5a03f7331052cbdca
paper43_completion/run_records/additional_seeds/seed_83/tasks/lipo/split_manifest.csv,5184,83bbcb07ea88f8a26a832a9a9d9e83a7641ec6284fc17b65401305fd0558663d
paper43_completion/run_records/additional_seeds/seed_83/tasks/tdc_caco2_wang/candidate_registry.csv,16963,4bfa7c01e47a0029bec67723050ed019676dab9269380c87030171eba915ca87
paper43_completion/run_records/additional_seeds/seed_83/tasks/tdc_caco2_wang/complete.json,338,8a48d54cb15d977c40418fa9f5d5afcba08ae324da5e40fd83964051772198c6
paper43_completion/run_records/additional_seeds/seed_83/tasks/tdc_caco2_wang/inner_scores.csv,48210,af5e8f72fb29ae3fe06ed45a11664a9baff029a73966d849c71d9e43d5a5a8a1
paper43_completion/run_records/additional_seeds/seed_83/tasks/tdc_caco2_wang/outer_candidate_scores.csv,20400,6319a6791cbcc0dc6bee04d1464ac5789af924c83dee658e34f549565ee8aa0f
paper43_completion/run_records/additional_seeds/seed_83/tasks/tdc_caco2_wang/split_manifest.csv,6073,77dd277b501e0e50758e0660ddb5aef8d102b8e4f76022007e1bb9afe34a5ce0
paper43_completion/run_records/additional_seeds/seed_83/tasks/tdc_hia_hou/candidate_registry.csv,17767,5cf23d64cbaf31fde8bbd852273eacf250a7842226d39a0ced2f44d714b56468
paper43_completion/run_records/additional_seeds/seed_83/tasks/tdc_hia_hou/complete.json,334,df7d6aa483c54fe535c2a57a0f49e020fb051ac7aa8b4dcdbb11f6cef6293aeb
paper43_completion/run_records/additional_seeds/seed_83/tasks/tdc_hia_hou/inner_scores.csv,80682,c5d1a260b8a0a2f021beedef32b9f15446e6a43d7376ba9441c6667d692c7a8d
paper43_completion/run_records/additional_seeds/seed_83/tasks/tdc_hia_hou/outer_candidate_scores.csv,18166,8809f918c1d26bbeb9dfee8fb32d9e03d5bc0895be717671b542f2fd75136b61
paper43_completion/run_records/additional_seeds/seed_83/tasks/tdc_hia_hou/split_manifest.csv,5063,cd1cdd7a0046e720a0fada69d95df2b39fb557cab13b76bd46bf6bab29096d3b
paper43_completion/run_records/additional_seeds/seed_83/tasks/tdc_pgp_broccatelli/candidate_registry.csv,18023,98e94abe1d5d3a628d28bb189665e7a408b46901d3ad9435252d3af88f7677bd
paper43_completion/run_records/additional_seeds/seed_83/tasks/tdc_pgp_broccatelli/complete.json,343,512310b8e46b888f95700077f21596a0ce556a59f62ee8a184702e78c2c50493
paper43_completion/run_records/additional_seeds/seed_83/tasks/tdc_pgp_broccatelli/inner_scores.csv,85434,9a9b393c75bf99f35195780708862bccf58da6195f6bfb9c7e5d907ebc500510
paper43_completion/run_records/additional_seeds/seed_83/tasks/tdc_pgp_broccatelli/outer_candidate_scores.csv,18942,af051c149375fb10ee29e63cf812566029d68e297f9fb10b40846eee7f73fbc4
paper43_completion/run_records/additional_seeds/seed_83/tasks/tdc_pgp_broccatelli/split_manifest.csv,5186,d348cbbf0cb506ba0cdd4f5521bf5546f031c3005ae4412c425423843251bddd
paper43_completion/run_records/additional_seeds/seed_97/candidate_registry.csv,154967,2d22de2707a310134cda5c45bddaa196403acb259f93754324cbcc2f602b9793
paper43_completion/run_records/additional_seeds/seed_97/inner_scores.csv,590168,804c0d9c78b91462c199c6a7a3b3c6bb2fbb6f312fd01ae16439ee2a7413cff3
paper43_completion/run_records/additional_seeds/seed_97/outer_candidate_scores.csv,166178,db1bc271b16b270cae6a93fe32a76cce40b9138fdc7017fc45574341014ae076
paper43_completion/run_records/additional_seeds/seed_97/split_manifest.csv,41470,5327748bafcee8dd51da3fcf8894d6ce4999a5863b02c6792968fca9823e13ec
paper43_completion/run_records/additional_seeds/seed_97/tasks/bace/candidate_registry.csv,17543,f1cc934fa8182fe58f65ac9ced5c2e3b1fb13a45679ff4fa4efa89b22999db4b
paper43_completion/run_records/additional_seeds/seed_97/tasks/bace/complete.json,328,5234c9762d2af479dc2d9d7467041514b0dc2b22918dad40a1ef55ffd75c1081
paper43_completion/run_records/additional_seeds/seed_97/tasks/bace/inner_scores.csv,79623,249e4689931fc3b915af952e3dba1545e8bb67e263869aa3b4c6a7cc1719be2a
paper43_completion/run_records/additional_seeds/seed_97/tasks/bace/outer_candidate_scores.csv,17537,751fc02e4f5821d7a0ced396874a50453f1da657bbac6397bbce76cba0f8f26a
paper43_completion/run_records/additional_seeds/seed_97/tasks/bace/split_manifest.csv,5066,3d7cca8e8ed665d8f592afe2012759c57448a9a9399d4a47397619a68c235acb
paper43_completion/run_records/additional_seeds/seed_97/tasks/bbbp/candidate_registry.csv,17543,1c869dd62f4cc449a678e85be4321ab04f94fff4cb3cb630d8f901a1b19d3170
paper43_completion/run_records/additional_seeds/seed_97/tasks/bbbp/complete.json,329,edb894b064512b45d68082803c41d9259c0fda91ea9980483e21e469a06b5e1a
paper43_completion/run_records/additional_seeds/seed_97/tasks/bbbp/inner_scores.csv,81247,2609d1ef230f4b56cfefaaf157d254a9b8f6ae8199c8289f84ebad2c7df69c31
paper43_completion/run_records/additional_seeds/seed_97/tasks/bbbp/outer_candidate_scores.csv,17602,8503fe0f616027af78ad8b5ff740e02b68aa0d8f42e0466d37f5f1f2ccd22ad9
paper43_completion/run_records/additional_seeds/seed_97/tasks/bbbp/split_manifest.csv,5061,a565afcc4b2d80d878ffa30445113ac6280255db6676de66d5024784d4c92aeb
paper43_completion/run_records/additional_seeds/seed_97/tasks/clintox/candidate_registry.csv,17639,cb2b9492acb40da7bd704d90db496ec5b223d4f1ecbd6bd55328e5f31bf1886f
paper43_completion/run_records/additional_seeds/seed_97/tasks/clintox/complete.json,331,cfddcbfae82bf424a5985b0a059347dab18bb5cc7cfdf321d1484eb19b1b6f38
paper43_completion/run_records/additional_seeds/seed_97/tasks/clintox/inner_scores.csv,82852,7adc38f24f33c30412bd63921f64bcf1d883d127bd389b44875e1113132305f1
paper43_completion/run_records/additional_seeds/seed_97/tasks/clintox/outer_candidate_scores.csv,17920,42ad2dbef529ffe6819687eed8315c7567e2d1c311849237fb7e1f938cc7c760
paper43_completion/run_records/additional_seeds/seed_97/tasks/clintox/split_manifest.csv,5122,390cbacff336825ccc1e395447ea544b9d557f2e4dd0b910b336cfda8ed79d15
paper43_completion/run_records/additional_seeds/seed_97/tasks/esol/candidate_registry.csv,16643,e517a232087a42c3664ee0880d75a1c20a61105941861abeb1cd0363263c6376
paper43_completion/run_records/additional_seeds/seed_97/tasks/esol/complete.json,329,898c202e7b35360092ac723ed6a95c4e1a9e87e9df447e34fa7559fa513a780e
paper43_completion/run_records/additional_seeds/seed_97/tasks/esol/inner_scores.csv,45270,ca7de5e933b698244b884e373801ec27f214f4d0336f8e6e1e4d5609961a4e4c
paper43_completion/run_records/additional_seeds/seed_97/tasks/esol/outer_candidate_scores.csv,19377,e79ee9c00696a2012d33f096b28d763c967f5165127f938cd5d454917ae86f63
paper43_completion/run_records/additional_seeds/seed_97/tasks/esol/split_manifest.csv,5307,eaa2471f62e0240b1db7d2023918b6911544e18f0376328dc79def321a5caf41
paper43_completion/run_records/additional_seeds/seed_97/tasks/freesolv/candidate_registry.csv,16771,07581b9d6296685c08acba39ecd81a8cbfbf123b5f70258a1109e08fe5c831ee
paper43_completion/run_records/additional_seeds/seed_97/tasks/freesolv/complete.json,332,77e09393e4dcd7fd966eb7b174b04526fb495906dd558c369c019a05134d26af
paper43_completion/run_records/additional_seeds/seed_97/tasks/freesolv/inner_scores.csv,46437,df596041cea8753415e3264e6db38dc034a4b284dd8e1c046087b5563a16ef37
paper43_completion/run_records/additional_seeds/seed_97/tasks/freesolv/outer_candidate_scores.csv,19700,d25fbb26c0e963f95cd530d8513f6014a97622a25f2d137f9b8e5f7a0dc80a99
paper43_completion/run_records/additional_seeds/seed_97/tasks/freesolv/split_manifest.csv,5463,fc4d04256e9dca80aa765d5c31824e26f2c3bce2135315053f04681b51bd84d0
paper43_completion/run_records/additional_seeds/seed_97/tasks/lipo/candidate_registry.csv,16643,a44f77b526b02589d48b1d00dd673be1e0d06ef383cd700dc1a867aca7f99072
paper43_completion/run_records/additional_seeds/seed_97/tasks/lipo/complete.json,330,bbc56baca3c2e770970d42f408dd50b336b18c0031f0195cb48ebd5c862a9c10
paper43_completion/run_records/additional_seeds/seed_97/tasks/lipo/inner_scores.csv,45218,47d07e7861582dc50e266a534667e03db79af1ace8aa2a15132589899fc63473
paper43_completion/run_records/additional_seeds/seed_97/tasks/lipo/outer_candidate_scores.csv,19567,f81e741802fb41a433396cdc6a10329ad7e8611ebe4bab3c01e11bcf0920a5b3
paper43_completion/run_records/additional_seeds/seed_97/tasks/lipo/split_manifest.csv,5277,f6ceb8bab233da75d8fd4ae24e3e4788064c603cdd7083ac4e0df7464a686a09
paper43_completion/run_records/additional_seeds/seed_97/tasks/tdc_caco2_wang/candidate_registry.csv,16963,851a785d083dfe70aa194226eec8c5a722389b6a1c8218074f5d498769394394
paper43_completion/run_records/additional_seeds/seed_97/tasks/tdc_caco2_wang/complete.json,338,8a48d54cb15d977c40418fa9f5d5afcba08ae324da5e40fd83964051772198c6
paper43_completion/run_records/additional_seeds/seed_97/tasks/tdc_caco2_wang/inner_scores.csv,48222,9674041feb85a2e8ba5948126e0387ee0ca1d37427ac3f0be632651266f71145
paper43_completion/run_records/additional_seeds/seed_97/tasks/tdc_caco2_wang/outer_candidate_scores.csv,20391,3864133ef91b87fbd5650147607847ddcaa368283f3d8a711b93afa46520ffc0
paper43_completion/run_records/additional_seeds/seed_97/tasks/tdc_caco2_wang/split_manifest.csv,6084,d408cd0c083a71c3f9a019871dcfac2a23590a3b443fd3d2f09e8ea26712e345
paper43_completion/run_records/additional_seeds/seed_97/tasks/tdc_hia_hou/candidate_registry.csv,17767,fe8dd73ec9b1ac520328694aca4bc5b42f4a7baa44e5b3f0110eb25ea5a5d45e
paper43_completion/run_records/additional_seeds/seed_97/tasks/tdc_hia_hou/complete.json,334,df7d6aa483c54fe535c2a57a0f49e020fb051ac7aa8b4dcdbb11f6cef6293aeb
paper43_completion/run_records/additional_seeds/seed_97/tasks/tdc_hia_hou/inner_scores.csv,82761,98c0bfbe16fd742406f664a058906f68ef0a8993dc1c2e55db5642dc0788dd3d
paper43_completion/run_records/additional_seeds/seed_97/tasks/tdc_hia_hou/outer_candidate_scores.csv,18129,3884952ae59f403e89a03aece026c89e81abdbfab4cbab931f1d4c243cba8205
paper43_completion/run_records/additional_seeds/seed_97/tasks/tdc_hia_hou/split_manifest.csv,5087,2beaac70edec42cd19a7ec58b52ba648e544ba6b4fc4fdd168667ad9790d11de
paper43_completion/run_records/additional_seeds/seed_97/tasks/tdc_pgp_broccatelli/candidate_registry.csv,18023,c7db211a9d9c2b0580110eb38604fc06b32afde0b4f9094db72d277363100ad4
paper43_completion/run_records/additional_seeds/seed_97/tasks/tdc_pgp_broccatelli/complete.json,343,512310b8e46b888f95700077f21596a0ce556a59f62ee8a184702e78c2c50493
paper43_completion/run_records/additional_seeds/seed_97/tasks/tdc_pgp_broccatelli/inner_scores.csv,86203,a0753c3dd06bfc9136ace710991a9a0846455407b68f148d6fc09a95011642eb
paper43_completion/run_records/additional_seeds/seed_97/tasks/tdc_pgp_broccatelli/outer_candidate_scores.csv,18968,8df0589e3d8c5993df8231435fcb126d1c1fb7e2aef51b7c251df8e1343137c8
paper43_completion/run_records/additional_seeds/seed_97/tasks/tdc_pgp_broccatelli/split_manifest.csv,5183,9ce2dfc8fc22400bb3388d62fd8522927591cc7e5e6a7442fa825c9162d4ec1f
paper43_completion/run_records/classification_metric_rerun/seed_11/candidate_registry.csv,88231,d2c37b10cd648dfa78c619f7733d5329ff45b1ce989d65a8f15e1bed8e6611c5
paper43_completion/run_records/classification_metric_rerun/seed_11/inner_scores.csv,408061,6034e577fd05886b6c6c4e3ccf246afec979148ce8f6c52b9ace9bf0ea3ba802
paper43_completion/run_records/classification_metric_rerun/seed_11/outer_candidate_scores.csv,88679,f1868564fc7c81201337cf25abde7f4f9af4dd69cad7b4a290a757fce111efb7
paper43_completion/run_records/classification_metric_rerun/seed_11/split_manifest.csv,22485,70e8cd1fd7235104b033904a566a23aaea963a65ce490b4d5694eda7755d3eb2
paper43_completion/run_records/classification_metric_rerun/seed_11/tasks/bace/candidate_registry.csv,17543,91a39f53019f0092aefa431c86b9e8b9b68caf051f24084e6f61806598bb1208
paper43_completion/run_records/classification_metric_rerun/seed_11/tasks/bace/complete.json,328,5234c9762d2af479dc2d9d7467041514b0dc2b22918dad40a1ef55ffd75c1081
paper43_completion/run_records/classification_metric_rerun/seed_11/tasks/bace/inner_scores.csv,81474,6d8e399a73b9e768391f07f43bd858d22f9624c116a798313c7480b2b179c28f
paper43_completion/run_records/classification_metric_rerun/seed_11/tasks/bace/outer_candidate_scores.csv,17582,4d4be6d2a254321d13dbacce130f0648eb0f36e1dcfad645a8966a1bdc53b2eb
paper43_completion/run_records/classification_metric_rerun/seed_11/tasks/bace/split_manifest.csv,4987,3bfa97cb27386f375f952785648d22381f3e2d12f30d49aafa417ee90f95aba6
paper43_completion/run_records/classification_metric_rerun/seed_11/tasks/bbbp/candidate_registry.csv,17543,c9c98cd54348bd8ccac6a1f605a30fcf30b23fd9351445a86090b41e634a2a9d
paper43_completion/run_records/classification_metric_rerun/seed_11/tasks/bbbp/complete.json,329,edb894b064512b45d68082803c41d9259c0fda91ea9980483e21e469a06b5e1a
paper43_completion/run_records/classification_metric_rerun/seed_11/tasks/bbbp/inner_scores.csv,80536,9719296f34f897e870f4f10af9abacbbfb6fcdb139ffcf0995c1aedd56e3ac0a
paper43_completion/run_records/classification_metric_rerun/seed_11/tasks/bbbp/outer_candidate_scores.csv,17654,13bb1ad1d9f35c7f3288bc33a9316c445538352cc01751118e72fc3dff32ac65
paper43_completion/run_records/classification_metric_rerun/seed_11/tasks/bbbp/split_manifest.csv,5054,5aa8b818bc2e54faa56231ed9fdc9879d615d066a2c1d49eb91dd903a82dd1e0
paper43_completion/run_records/classification_metric_rerun/seed_11/tasks/clintox/candidate_registry.csv,17639,92f070681283ed06aed7280eb5a85e850dc71981894035695deb106a2d35cc14
paper43_completion/run_records/classification_metric_rerun/seed_11/tasks/clintox/complete.json,331,cfddcbfae82bf424a5985b0a059347dab18bb5cc7cfdf321d1484eb19b1b6f38
paper43_completion/run_records/classification_metric_rerun/seed_11/tasks/clintox/inner_scores.csv,83404,eea8db29d89de1e8e5cf824f2277383bb41d6a6adc8505e788b6f983ac863255
paper43_completion/run_records/classification_metric_rerun/seed_11/tasks/clintox/outer_candidate_scores.csv,17954,37ff47aebbd64e0d102915317861cfc0c840cbf865b8b5a775ce587e5aa32d17
paper43_completion/run_records/classification_metric_rerun/seed_11/tasks/clintox/split_manifest.csv,5129,84782be816d5a32e3db99a7cecf6e2185cfd7503fffdc9adb72d3afe1b656ae5
paper43_completion/run_records/classification_metric_rerun/seed_11/tasks/tdc_hia_hou/candidate_registry.csv,17767,b93aa0e407f4a48731ede54ff2ffb1a5093b7fdf35bf2e46e6745d750a76f665
paper43_completion/run_records/classification_metric_rerun/seed_11/tasks/tdc_hia_hou/complete.json,334,df7d6aa483c54fe535c2a57a0f49e020fb051ac7aa8b4dcdbb11f6cef6293aeb
paper43_completion/run_records/classification_metric_rerun/seed_11/tasks/tdc_hia_hou/inner_scores.csv,81749,4cc6c524eab0c7903dc7a1cbc471bca437cd6620cbeee594a18acfbe46f37ac9
paper43_completion/run_records/classification_metric_rerun/seed_11/tasks/tdc_hia_hou/outer_candidate_scores.csv,18239,9cc18b9cebba8d672c8d88558f1c165e91af0be39b6af2a8d0cbd1d12d0470cc
paper43_completion/run_records/classification_metric_rerun/seed_11/tasks/tdc_hia_hou/split_manifest.csv,5079,c38292abb694e29ab831e7de909a217228708a640b5f1fdc641ff6e1f957e1ca
paper43_completion/run_records/classification_metric_rerun/seed_11/tasks/tdc_pgp_broccatelli/candidate_registry.csv,18023,8624dd50902576f3690304d738bd6d19240c10d7981ab226f88b69fffdd1f9eb
paper43_completion/run_records/classification_metric_rerun/seed_11/tasks/tdc_pgp_broccatelli/complete.json,343,512310b8e46b888f95700077f21596a0ce556a59f62ee8a184702e78c2c50493
paper43_completion/run_records/classification_metric_rerun/seed_11/tasks/tdc_pgp_broccatelli/inner_scores.csv,86066,d7ce3525d96e310aa74b64b63d30c560be0dea3716a10eb87f1d89445948ab78
paper43_completion/run_records/classification_metric_rerun/seed_11/tasks/tdc_pgp_broccatelli/outer_candidate_scores.csv,18947,d5147f4ddb692b3f349a10ea43d5473af52d27568f8cf227776d97bea7807962
paper43_completion/run_records/classification_metric_rerun/seed_11/tasks/tdc_pgp_broccatelli/split_manifest.csv,5199,97a85f53d9ee15e117bb704bd479383dbeaa69dc66e9e9dbda43a0caa8dcb0b7
paper43_completion/run_records/classification_metric_rerun/seed_23/candidate_registry.csv,88231,4207b698d406d8edc2868014b9e77109ea6a3784e630cd6eb8a326c9cedc531a
paper43_completion/run_records/classification_metric_rerun/seed_23/inner_scores.csv,409767,c6ff9217b10159c601e606871c29ae09c1c003252d63cab75a65b87db92f463e
paper43_completion/run_records/classification_metric_rerun/seed_23/outer_candidate_scores.csv,88632,6ad9520797f776edfb25ae84dac303e5f761d77f72f50f2ca80d4a801d55cfe9
paper43_completion/run_records/classification_metric_rerun/seed_23/split_manifest.csv,22532,ed4e9afad4dbad46fb78a035c59b02cb6e7a37e3966f4b4245303d8d20527973
paper43_completion/run_records/classification_metric_rerun/seed_23/tasks/bace/candidate_registry.csv,17543,d05bc5f54d3dc90ed7a151ba28f4c1f2631cb66c54a8478b0e834d20821caba9
paper43_completion/run_records/classification_metric_rerun/seed_23/tasks/bace/complete.json,328,5234c9762d2af479dc2d9d7467041514b0dc2b22918dad40a1ef55ffd75c1081
paper43_completion/run_records/classification_metric_rerun/seed_23/tasks/bace/inner_scores.csv,82057,259fc2f7343b607fff9967f03cb1d9422aec9c7e11f8f650a7c8d37fc99c1481
paper43_completion/run_records/classification_metric_rerun/seed_23/tasks/bace/outer_candidate_scores.csv,17556,4b78ff106137683548e2f6bb0c1db35f8c807d90f3734e05fec0109c78544fa2
paper43_completion/run_records/classification_metric_rerun/seed_23/tasks/bace/split_manifest.csv,5063,060fa5164ce57c4966ede82e8114d3962d5ea353346a4a2604623df1bf82c04a
paper43_completion/run_records/classification_metric_rerun/seed_23/tasks/bbbp/candidate_registry.csv,17543,815bb0aecf7ce8215a07bdc85b920cf0a2dd3016af548868b131210601b4ec26
paper43_completion/run_records/classification_metric_rerun/seed_23/tasks/bbbp/complete.json,329,edb894b064512b45d68082803c41d9259c0fda91ea9980483e21e469a06b5e1a
paper43_completion/run_records/classification_metric_rerun/seed_23/tasks/bbbp/inner_scores.csv,80994,e9ca48a4f94b989016718ea7be49dfed6e265bad458833a505d97e7812b2f105
paper43_completion/run_records/classification_metric_rerun/seed_23/tasks/bbbp/outer_candidate_scores.csv,17624,ace98a677176b8ea392a1e268992cfa13ebad9ab4848019c9e87d50337efe6f3
paper43_completion/run_records/classification_metric_rerun/seed_23/tasks/bbbp/split_manifest.csv,5035,5139cce9543cd4864e7a5a6b981c28be5b8a014fa5c6beae554e5aa11a2a2b22
paper43_completion/run_records/classification_metric_rerun/seed_23/tasks/clintox/candidate_registry.csv,17639,3b1e1071f458e7876f308666442bb01f45c57a38c2b42170e8e8f40a44190486
paper43_completion/run_records/classification_metric_rerun/seed_23/tasks/clintox/complete.json,331,cfddcbfae82bf424a5985b0a059347dab18bb5cc7cfdf321d1484eb19b1b6f38
paper43_completion/run_records/classification_metric_rerun/seed_23/tasks/clintox/inner_scores.csv,83192,ec7da70a3f6dbd4c950170e6322ecd83baffea5e103e02a5f7e6c44779e26144
paper43_completion/run_records/classification_metric_rerun/seed_23/tasks/clintox/outer_candidate_scores.csv,17965,8963a98cfc9ee3c3ff38c7adb83cfc8c74cb7e3eaa12d5e3e1375b4d870c2c4d
paper43_completion/run_records/classification_metric_rerun/seed_23/tasks/clintox/split_manifest.csv,5107,8612d469946a1be6ff543a71b401370273ecbfd7b7c878df3487217b6844eedd
paper43_completion/run_records/classification_metric_rerun/seed_23/tasks/tdc_hia_hou/candidate_registry.csv,17767,edc3ada529c1be672e21a537fa792f88cf42f6ab0b8332f07090d354e65c9ca0
paper43_completion/run_records/classification_metric_rerun/seed_23/tasks/tdc_hia_hou/complete.json,334,df7d6aa483c54fe535c2a57a0f49e020fb051ac7aa8b4dcdbb11f6cef6293aeb
paper43_completion/run_records/classification_metric_rerun/seed_23/tasks/tdc_hia_hou/inner_scores.csv,83287,4674ba554e430f2ee9618fa1b7056d65bfc3ac86c6b1fabf1a451978a1c9dc20
paper43_completion/run_records/classification_metric_rerun/seed_23/tasks/tdc_hia_hou/outer_candidate_scores.csv,18219,8fd6836efae8b887f3d287647094210dc1ebd9ddad0c3cf588b708c5a98dad98
paper43_completion/run_records/classification_metric_rerun/seed_23/tasks/tdc_hia_hou/split_manifest.csv,5099,6e6f29e7e05a3fc675aaeb71501911cbfd63d9f2ba74487e17f2ae4998329cdc
paper43_completion/run_records/classification_metric_rerun/seed_23/tasks/tdc_pgp_broccatelli/candidate_registry.csv,18023,8cedf7a8be201e34e1c62b836d31d7a904f269939abc073bfe225de9080f4790
paper43_completion/run_records/classification_metric_rerun/seed_23/tasks/tdc_pgp_broccatelli/complete.json,343,512310b8e46b888f95700077f21596a0ce556a59f62ee8a184702e78c2c50493
paper43_completion/run_records/classification_metric_rerun/seed_23/tasks/tdc_pgp_broccatelli/inner_scores.csv,85394,4d38764e5eb8cc02969547414395586c3c458fd9cf01fbba079f44b386c07392
paper43_completion/run_records/classification_metric_rerun/seed_23/tasks/tdc_pgp_broccatelli/outer_candidate_scores.csv,18970,9e2feae380e31036dd387fe842f0d8a3016bb02e6392718bb0d4962997cc921e
paper43_completion/run_records/classification_metric_rerun/seed_23/tasks/tdc_pgp_broccatelli/split_manifest.csv,5159,7ba8531114a69d1825326b32d68e84ae57876c5af698d7a959c0748826479815
paper43_completion/run_records/classification_metric_rerun/seed_37/candidate_registry.csv,88231,2610f444dd15d2af9f8608ed209f84bfd5e6b7cf41a320a59838b0bfafa66223
paper43_completion/run_records/classification_metric_rerun/seed_37/inner_scores.csv,408693,bba6a3e6d524d53d33293ce2925de43f6557be8f34bbb3795ec635f53cacbcb1
paper43_completion/run_records/classification_metric_rerun/seed_37/outer_candidate_scores.csv,88645,d2e42ef91e6af27d1d55415b460285c1f4b6fc66796191f97b4305004a7466e9
paper43_completion/run_records/classification_metric_rerun/seed_37/split_manifest.csv,22446,b70fa3fb3dc73b8efd6f7d35ade94f64ab935caf22acb9dcf5adb00dcca08ec8
paper43_completion/run_records/classification_metric_rerun/seed_37/tasks/bace/candidate_registry.csv,17543,e4ba660da8e0ff79c22b715fb7826f607fedddf2bb6c8d62d8d34c050f4d8a8c
paper43_completion/run_records/classification_metric_rerun/seed_37/tasks/bace/complete.json,328,5234c9762d2af479dc2d9d7467041514b0dc2b22918dad40a1ef55ffd75c1081
paper43_completion/run_records/classification_metric_rerun/seed_37/tasks/bace/inner_scores.csv,81875,4b64a90d413660e6fadea27a7c0424d92920aaca4f76d78fd660e2b3ff3ebe52
paper43_completion/run_records/classification_metric_rerun/seed_37/tasks/bace/outer_candidate_scores.csv,17588,7188313419564bed92583e7c46730ff94fe78b7650cbceab9ae9ff16ab9bcad4
paper43_completion/run_records/classification_metric_rerun/seed_37/tasks/bace/split_manifest.csv,5064,d59b2bef2aecefed05595286e4f8bf8f8d9c751ea3948b88df6d1dfb630f834a
paper43_completion/run_records/classification_metric_rerun/seed_37/tasks/bbbp/candidate_registry.csv,17543,029a6cf9a7019a67132055542c30e127d74ef2bd5cb56e976231b9c531775e35
paper43_completion/run_records/classification_metric_rerun/seed_37/tasks/bbbp/complete.json,329,edb894b064512b45d68082803c41d9259c0fda91ea9980483e21e469a06b5e1a
paper43_completion/run_records/classification_metric_rerun/seed_37/tasks/bbbp/inner_scores.csv,81345,d0f7490693ca1fa8bf907d492eeb2cd506a04e9e293eed215b5b3d86f28d844b
paper43_completion/run_records/classification_metric_rerun/seed_37/tasks/bbbp/outer_candidate_scores.csv,17629,a3c6556ae692502ca336673c2a0a5b5e6f71658b2dec9dc7c425bd23b4d24ff3
paper43_completion/run_records/classification_metric_rerun/seed_37/tasks/bbbp/split_manifest.csv,5047,e62048838b95f1a276a707505ed3626e4ed64f5f97697d43dcd43e3f44b85a1f
paper43_completion/run_records/classification_metric_rerun/seed_37/tasks/clintox/candidate_registry.csv,17639,f399b862fb3d40059b6e06c6bb6274cd5079afd5b302df08030ac64c219bd90b
paper43_completion/run_records/classification_metric_rerun/seed_37/tasks/clintox/complete.json,331,cfddcbfae82bf424a5985b0a059347dab18bb5cc7cfdf321d1484eb19b1b6f38
paper43_completion/run_records/classification_metric_rerun/seed_37/tasks/clintox/inner_scores.csv,82416,c0e0b499e37c1cb41187b6d00e540031bf5638078dc683e11f5623eb1a0e9ddc
paper43_completion/run_records/classification_metric_rerun/seed_37/tasks/clintox/outer_candidate_scores.csv,17948,d67349fd26d55d31cf6f7d09ebdb0b19cf58d20df70465f3275ab319defd935c
paper43_completion/run_records/classification_metric_rerun/seed_37/tasks/clintox/split_manifest.csv,5121,3da974c5a95b90c33a8a19a8ca6606e912bad707f3de84b56a4afe22385b03be
paper43_completion/run_records/classification_metric_rerun/seed_37/tasks/tdc_hia_hou/candidate_registry.csv,17767,1125edae414df0bda7a4066d2dcd3cacdbe334f5ff9460d5a0f66e1954ad18de
paper43_completion/run_records/classification_metric_rerun/seed_37/tasks/tdc_hia_hou/complete.json,334,df7d6aa483c54fe535c2a57a0f49e020fb051ac7aa8b4dcdbb11f6cef6293aeb
paper43_completion/run_records/classification_metric_rerun/seed_37/tasks/tdc_hia_hou/inner_scores.csv,82421,9ac125807dc828d46fef913cebf5919fd8f829e472ccb2ec6d2e3c6be1481e80
paper43_completion/run_records/classification_metric_rerun/seed_37/tasks/tdc_hia_hou/outer_candidate_scores.csv,18222,51fc5413af1c32f14e04f5d0b1d2cd7b4823b4c24841a2ef1848162d9b7a09b1
paper43_completion/run_records/classification_metric_rerun/seed_37/tasks/tdc_hia_hou/split_manifest.csv,4993,c061512d4df2bb9b1792cbc104ec23b1c4cefe41a90840267e107e4ca03c0fdf
paper43_completion/run_records/classification_metric_rerun/seed_37/tasks/tdc_pgp_broccatelli/candidate_registry.csv,18023,a7c26b050edd5c3237cc0f84888613054fccbc96ec78596ff6da2fa7821840d8
paper43_completion/run_records/classification_metric_rerun/seed_37/tasks/tdc_pgp_broccatelli/complete.json,343,512310b8e46b888f95700077f21596a0ce556a59f62ee8a184702e78c2c50493
paper43_completion/run_records/classification_metric_rerun/seed_37/tasks/tdc_pgp_broccatelli/inner_scores.csv,85810,0160330d8d858c2f86cd52ea11ae5f49fe2b68b5049ac1ad1d03f7c6d198a531
paper43_completion/run_records/classification_metric_rerun/seed_37/tasks/tdc_pgp_broccatelli/outer_candidate_scores.csv,18961,3aa2d86875fecc89a7f93f3577ebc0d9aa7a78086fb4ee85fe564a958f51eb05
paper43_completion/run_records/classification_metric_rerun/seed_37/tasks/tdc_pgp_broccatelli/split_manifest.csv,5180,86358e4b9942ca1d9e1df38355c7382eb59fa851f25a0285af90c7df6db1c79d
paper43_completion/run_records/classification_metric_rerun/seed_53/candidate_registry.csv,88231,c0760aa8b961dac24fb4eb83e923153040cdf82c2935b27d70a192e73b5b8b1d
paper43_completion/run_records/classification_metric_rerun/seed_53/inner_scores.csv,409672,9478bf962354d9425f89a2770dff74e0321c4e4b3f5642f306a0ceaf34daf57c
paper43_completion/run_records/classification_metric_rerun/seed_53/outer_candidate_scores.csv,88697,bedbdce91b1863292c4aed14dd7dfa933d9779c92f14ef004a6215020f9e27c7
paper43_completion/run_records/classification_metric_rerun/seed_53/split_manifest.csv,22449,a1e7cb1d1fd58d487d696c297083024c15d2eafcb6a87fbd1127d0479941cb57
paper43_completion/run_records/classification_metric_rerun/seed_53/tasks/bace/candidate_registry.csv,17543,8efe0bd9079842d934f905932202bb1fbc6e3e05f35483d00f67fd108616bd09
paper43_completion/run_records/classification_metric_rerun/seed_53/tasks/bace/complete.json,328,5234c9762d2af479dc2d9d7467041514b0dc2b22918dad40a1ef55ffd75c1081
paper43_completion/run_records/classification_metric_rerun/seed_53/tasks/bace/inner_scores.csv,81002,5e07345f12c448c8cedcee31df80ee29c5954f878cfd61e6d1ab22c0d3b87dc2
paper43_completion/run_records/classification_metric_rerun/seed_53/tasks/bace/outer_candidate_scores.csv,17578,48ed2748d40f0f29dc61a31181c98eaa8e094856b9813d44798b8d42496502e6
paper43_completion/run_records/classification_metric_rerun/seed_53/tasks/bace/split_manifest.csv,4982,9d615d3f59ef063c63a789346e59273d680f0ad84884b96f88431e026a0ec25a
paper43_completion/run_records/classification_metric_rerun/seed_53/tasks/bbbp/candidate_registry.csv,17543,9ab1aa2319e8cb044cab680ed6e9f063e05e0122fa18f0ba44edebe514fd5e55
paper43_completion/run_records/classification_metric_rerun/seed_53/tasks/bbbp/complete.json,329,edb894b064512b45d68082803c41d9259c0fda91ea9980483e21e469a06b5e1a
paper43_completion/run_records/classification_metric_rerun/seed_53/tasks/bbbp/inner_scores.csv,81085,5223fd4889744bfc0246c6c43fed85ebd36b0eed063174f07bd88fc0fb9445ef
paper43_completion/run_records/classification_metric_rerun/seed_53/tasks/bbbp/outer_candidate_scores.csv,17631,0339a2024dcb7f3ffc17a8b7d4121d17cfe93134591229a0508f20112bb81246
paper43_completion/run_records/classification_metric_rerun/seed_53/tasks/bbbp/split_manifest.csv,5027,c1348dc0a2a033d82c3bd94cb13284465e87fbd3e66409e061205967956cfc36
paper43_completion/run_records/classification_metric_rerun/seed_53/tasks/clintox/candidate_registry.csv,17639,c129b6fb740ed15075530c34d2e7ebf0f8668c6eaa6998b822de1c0e8fa5d712
paper43_completion/run_records/classification_metric_rerun/seed_53/tasks/clintox/complete.json,331,cfddcbfae82bf424a5985b0a059347dab18bb5cc7cfdf321d1484eb19b1b6f38
paper43_completion/run_records/classification_metric_rerun/seed_53/tasks/clintox/inner_scores.csv,83227,46d1f0c08952a94f326134a32d98002b89c62a7f84b4039690f7690ecc4194e8
paper43_completion/run_records/classification_metric_rerun/seed_53/tasks/clintox/outer_candidate_scores.csv,17931,0a8538a72997c2fd35fa6ddff7e776ae3ab67193bfb262f084130aeba0bd057f
paper43_completion/run_records/classification_metric_rerun/seed_53/tasks/clintox/split_manifest.csv,5119,539ca2333d40ee93f3f7cdc72d26b4146c28457d7d171248ecb08bd12c98b468
paper43_completion/run_records/classification_metric_rerun/seed_53/tasks/tdc_hia_hou/candidate_registry.csv,17767,6e5c2fdb2d71ee838ad8fb045d4145c6df5536c9bfacd60c08016f782406bfe8
paper43_completion/run_records/classification_metric_rerun/seed_53/tasks/tdc_hia_hou/complete.json,334,df7d6aa483c54fe535c2a57a0f49e020fb051ac7aa8b4dcdbb11f6cef6293aeb
paper43_completion/run_records/classification_metric_rerun/seed_53/tasks/tdc_hia_hou/inner_scores.csv,83287,56b121e7e7a75f0c6e1e13c1eea1404e10bfc2c7402ab3b1f30f9561ce638b33
paper43_completion/run_records/classification_metric_rerun/seed_53/tasks/tdc_hia_hou/outer_candidate_scores.csv,18230,311d51cedf0db6b786b83bf07a3850c8d2d499ef3fd9f4819546ca4f69f361b7
paper43_completion/run_records/classification_metric_rerun/seed_53/tasks/tdc_hia_hou/split_manifest.csv,5080,9139c584bb2d59737165c4a6c165e6c0995703e0ef3cc976d1301cdf27cdf0a7
paper43_completion/run_records/classification_metric_rerun/seed_53/tasks/tdc_pgp_broccatelli/candidate_registry.csv,18023,f11167361e980ce7ff62b559c23a81a8b341cbf6fa09c62e7408a74cac5496d9
paper43_completion/run_records/classification_metric_rerun/seed_53/tasks/tdc_pgp_broccatelli/complete.json,343,512310b8e46b888f95700077f21596a0ce556a59f62ee8a184702e78c2c50493
paper43_completion/run_records/classification_metric_rerun/seed_53/tasks/tdc_pgp_broccatelli/inner_scores.csv,86155,0a5aef9a8ccadbbb58b1e6149b55ca5ad90d176e6c0c604db2c72b00e7bdfee0
paper43_completion/run_records/classification_metric_rerun/seed_53/tasks/tdc_pgp_broccatelli/outer_candidate_scores.csv,18968,b6ee2e5c4e771ef8f9417f02a6adfe5aee1fcdb3f7080dec0267d47f61f472ac
paper43_completion/run_records/classification_metric_rerun/seed_53/tasks/tdc_pgp_broccatelli/split_manifest.csv,5208,9f631ee3cde0a99f9ecf58a092f16aa7ccaeace340b1042ab2f4dcbb2287c6a8
paper43_completion/run_records/classification_metric_rerun/seed_71/candidate_registry.csv,88231,0a8618ad57282e51a6ff4cd231801900699c754e2aca36db514e48748974ac8b
paper43_completion/run_records/classification_metric_rerun/seed_71/inner_scores.csv,410221,25655ae4e1ad072f026a5f1d05ddb8a1d945bf4528bb2e2610ff66eb26b258a0
paper43_completion/run_records/classification_metric_rerun/seed_71/outer_candidate_scores.csv,88667,4591ebda0c353a46dc21a6d92b51ca612e167d0a6549d0c6dcb0190bd52f088b
paper43_completion/run_records/classification_metric_rerun/seed_71/split_manifest.csv,22524,30a627bcd42e944ff87153d1a2447cff25dd3aff656a5a23ec28493899a86f51
paper43_completion/run_records/classification_metric_rerun/seed_71/tasks/bace/candidate_registry.csv,17543,2d5400bdd35f2b61c6c646ea0fd658cd7fafa040cae318e4ae8fb3459c184f29
paper43_completion/run_records/classification_metric_rerun/seed_71/tasks/bace/complete.json,328,5234c9762d2af479dc2d9d7467041514b0dc2b22918dad40a1ef55ffd75c1081
paper43_completion/run_records/classification_metric_rerun/seed_71/tasks/bace/inner_scores.csv,81927,89c9663b21a34a42b687bb4e7b4b12a6edb16c027e5ab76af0033e55c5e71886
paper43_completion/run_records/classification_metric_rerun/seed_71/tasks/bace/outer_candidate_scores.csv,17582,159b89e5470ea8a4d83e946854d903d86491d89605f9cd4557955f5ef14ed303
paper43_completion/run_records/classification_metric_rerun/seed_71/tasks/bace/split_manifest.csv,5039,0f8960863799a3933521d3a02152d394a8df5193d366ad25666b9dd641475400
paper43_completion/run_records/classification_metric_rerun/seed_71/tasks/bbbp/candidate_registry.csv,17543,79bae01d21db224a7a1e70d66bbec6eed10d2bd6c7ae51f7e08b31557f34889f
paper43_completion/run_records/classification_metric_rerun/seed_71/tasks/bbbp/complete.json,329,edb894b064512b45d68082803c41d9259c0fda91ea9980483e21e469a06b5e1a
paper43_completion/run_records/classification_metric_rerun/seed_71/tasks/bbbp/inner_scores.csv,81832,234106e109bf8ccaff840eea037f9deb981d92d7310031c525eae5748c16be52
paper43_completion/run_records/classification_metric_rerun/seed_71/tasks/bbbp/outer_candidate_scores.csv,17606,59b9fdc40ee732fc42fffcaea2e2f22a5396953f64feda2a12cbb8a1a403d503
paper43_completion/run_records/classification_metric_rerun/seed_71/tasks/bbbp/split_manifest.csv,5036,fca1d9eba7ee4d447ce7dbeecd7c5548b6801d01f16f5e4ce4cdc4cf351dc573
paper43_completion/run_records/classification_metric_rerun/seed_71/tasks/clintox/candidate_registry.csv,17639,c4dca521431c6985b9de71334eb2de66416263c53b63311397051066843afca8
paper43_completion/run_records/classification_metric_rerun/seed_71/tasks/clintox/complete.json,331,cfddcbfae82bf424a5985b0a059347dab18bb5cc7cfdf321d1484eb19b1b6f38
paper43_completion/run_records/classification_metric_rerun/seed_71/tasks/clintox/inner_scores.csv,82932,65651dacdbcdf7da32baac391ba6036fc050c64d94871ba813be1247e1eb03c5
paper43_completion/run_records/classification_metric_rerun/seed_71/tasks/clintox/outer_candidate_scores.csv,17901,13caeec4ea7597c7e442c6bc1cfbbe9e730cbe90b21c01a8ff76ac9c332fe2fb
paper43_completion/run_records/classification_metric_rerun/seed_71/tasks/clintox/split_manifest.csv,5119,34838f3f09763b5b1f59f48844fc3cc7e99f8f145d12f49f008384fbbfbe3b69
paper43_completion/run_records/classification_metric_rerun/seed_71/tasks/tdc_hia_hou/candidate_registry.csv,17767,30b118eaf2f31dfe106ea6ee4d632102a22f59367dd707aceeb502ca3288d4b8
paper43_completion/run_records/classification_metric_rerun/seed_71/tasks/tdc_hia_hou/complete.json,334,df7d6aa483c54fe535c2a57a0f49e020fb051ac7aa8b4dcdbb11f6cef6293aeb
paper43_completion/run_records/classification_metric_rerun/seed_71/tasks/tdc_hia_hou/inner_scores.csv,82696,a183c19c4fa11517cf5aa1bd25c2f9872c317b12194ba90a51629f3b3e2747b3
paper43_completion/run_records/classification_metric_rerun/seed_71/tasks/tdc_hia_hou/outer_candidate_scores.csv,18247,065cd4e5385e9445ac246fab74998278df9188e043c5a069937efcaecf479ac6
paper43_completion/run_records/classification_metric_rerun/seed_71/tasks/tdc_hia_hou/split_manifest.csv,5080,38300c686f5805bba36bcbe5fba70f501d506c6a61ba7fce6255ab1c000850ae
paper43_completion/run_records/classification_metric_rerun/seed_71/tasks/tdc_pgp_broccatelli/candidate_registry.csv,18023,5d225912083c4272e47e5f9e215c6f8387f314f9585727a35788e2a584a81be0
paper43_completion/run_records/classification_metric_rerun/seed_71/tasks/tdc_pgp_broccatelli/complete.json,343,512310b8e46b888f95700077f21596a0ce556a59f62ee8a184702e78c2c50493
paper43_completion/run_records/classification_metric_rerun/seed_71/tasks/tdc_pgp_broccatelli/inner_scores.csv,85882,d57c5f8343101ecbbc4ec1db113b58f6d06a8947d99ee3a5ccac72d6eac49e98
paper43_completion/run_records/classification_metric_rerun/seed_71/tasks/tdc_pgp_broccatelli/outer_candidate_scores.csv,18957,c4f64b32039133aedd33874819b0439f248371f11a84cbd581fc8dc8d80a4cb8
paper43_completion/run_records/classification_metric_rerun/seed_71/tasks/tdc_pgp_broccatelli/split_manifest.csv,5187,923d27f4cb78fe9f08d3e8aac8ee08e07ce2dd2747e44c4a8a21b82608dca1dc
paper43_completion/run_records/regression_split_manifest_rerun/seed_11/candidate_registry.csv,66807,5084db8b398c2f7a4e8573bba7f365cd0d5a9d3069203b76b9008450489fd4a8
paper43_completion/run_records/regression_split_manifest_rerun/seed_11/inner_scores.csv,182846,d633c9a5d7d2312f31c8e2eeaa8c413b9c0409b259934d8868f1eb3cb4389f47
paper43_completion/run_records/regression_split_manifest_rerun/seed_11/outer_candidate_scores.csv,77815,8796206239c599f3a57962fa264cbcb7ed5a04388906fd31c6e0125dc2ba45c5
paper43_completion/run_records/regression_split_manifest_rerun/seed_11/split_manifest.csv,19629,713d90a5dd427cb665a11efba2c24e55df6ccec95bdf34b400a001014e5e0f6c
paper43_completion/run_records/regression_split_manifest_rerun/seed_11/tasks/esol/candidate_registry.csv,16643,21e13ba4d8ae26784a5fd167e3fb18619ce297560c774a67e49137066f146f92
paper43_completion/run_records/regression_split_manifest_rerun/seed_11/tasks/esol/complete.json,329,898c202e7b35360092ac723ed6a95c4e1a9e87e9df447e34fa7559fa513a780e
paper43_completion/run_records/regression_split_manifest_rerun/seed_11/tasks/esol/inner_scores.csv,45263,a8a910e7a2d4d9f14d369606babae9eeb96a937d426f19b9cd121bc4401e7063
paper43_completion/run_records/regression_split_manifest_rerun/seed_11/tasks/esol/outer_candidate_scores.csv,19407,2dcc2d09969021e91b49991ff4bed9c2c704ae575815a87884920e861487968a
paper43_completion/run_records/regression_split_manifest_rerun/seed_11/tasks/esol/split_manifest.csv,5335,1c83e7ba5542db72104902fca3ce9f7a8621ce668532d0ac6a9237b097870b52
paper43_completion/run_records/regression_split_manifest_rerun/seed_11/tasks/freesolv/candidate_registry.csv,16771,92bb72cebb188cd7e819cf7446241d8e9f68fe466896897166e5dac39ae5df54
paper43_completion/run_records/regression_split_manifest_rerun/seed_11/tasks/freesolv/complete.json,332,77e09393e4dcd7fd966eb7b174b04526fb495906dd558c369c019a05134d26af
paper43_completion/run_records/regression_split_manifest_rerun/seed_11/tasks/freesolv/inner_scores.csv,46394,43dc0375934f9e7c735aaaf1b623a76184e746a9c58f5b54def64558a4ab3f00
paper43_completion/run_records/regression_split_manifest_rerun/seed_11/tasks/freesolv/outer_candidate_scores.csv,19680,860bbdb5463798f1f23d46f0acc19e662532865720bf823d619afeefe0ec9444
paper43_completion/run_records/regression_split_manifest_rerun/seed_11/tasks/freesolv/split_manifest.csv,5287,4fd32f083490578864aadcd13ef5a1b080cb445ab0dd7ed6e975d82e0531cf84
paper43_completion/run_records/regression_split_manifest_rerun/seed_11/tasks/lipo/candidate_registry.csv,16643,d297f05220834f69f68242d9e9b467dd7dbafd3c039cde907256126850682bcb
paper43_completion/run_records/regression_split_manifest_rerun/seed_11/tasks/lipo/complete.json,330,bbc56baca3c2e770970d42f408dd50b336b18c0031f0195cb48ebd5c862a9c10
paper43_completion/run_records/regression_split_manifest_rerun/seed_11/tasks/lipo/inner_scores.csv,45198,751e364b44f9a89335bd327d5ac1d273b94a44782340457c7382e030ed0e21cd
paper43_completion/run_records/regression_split_manifest_rerun/seed_11/tasks/lipo/outer_candidate_scores.csv,19555,0c452bfcc8b43c91a581484c06326e61690c740000806705c721e700bde93275
paper43_completion/run_records/regression_split_manifest_rerun/seed_11/tasks/lipo/split_manifest.csv,5133,01a576939c506bac30555294f7bd2693f4af782277d473405878b6d0330a5e98
paper43_completion/run_records/regression_split_manifest_rerun/seed_11/tasks/tdc_caco2_wang/candidate_registry.csv,16963,4781e93196c00d97cc01dfb00eaae0870b7e6470f1d415d04ceb6bb9aeee3ef1
paper43_completion/run_records/regression_split_manifest_rerun/seed_11/tasks/tdc_caco2_wang/complete.json,338,8a48d54cb15d977c40418fa9f5d5afcba08ae324da5e40fd83964051772198c6
paper43_completion/run_records/regression_split_manifest_rerun/seed_11/tasks/tdc_caco2_wang/inner_scores.csv,48183,6e94cb1838545acab4be66bb45a5b038320d52f67c87566b2f5dbf97bdeb63af
paper43_completion/run_records/regression_split_manifest_rerun/seed_11/tasks/tdc_caco2_wang/outer_candidate_scores.csv,20381,d67475aba295247bce229a71c333ca24b4aa83b7570a85d53209bc2d6a67638c
paper43_completion/run_records/regression_split_manifest_rerun/seed_11/tasks/tdc_caco2_wang/split_manifest.csv,6156,142667f24933370b01a9af0f7aa4ce981cc959cd0e2405545ddf48dbf72801af
paper43_completion/run_records/regression_split_manifest_rerun/seed_23/candidate_registry.csv,66807,cbb7aa51ca35efc82169f46478c270d03c82552bfaa3545ccc3e00191e785320
paper43_completion/run_records/regression_split_manifest_rerun/seed_23/inner_scores.csv,182874,cd6ad3d8639c69c576d8955994aeb83462f63ff2aff0b0a31fc477fddffd7ba5
paper43_completion/run_records/regression_split_manifest_rerun/seed_23/outer_candidate_scores.csv,77735,f45caf945499f2e1b7054b27b2f6fc9196d9724ff6d9d2036230dc0af12afb55
paper43_completion/run_records/regression_split_manifest_rerun/seed_23/split_manifest.csv,19670,8e5ee803bd039cf4c42b53ab16225286885d3cd32e0c8d320b288e9a0696cfc0
paper43_completion/run_records/regression_split_manifest_rerun/seed_23/tasks/esol/candidate_registry.csv,16643,522b305899cd54f97b3eb22686f777127f8f8d12209fa62e2631382d72919d95
paper43_completion/run_records/regression_split_manifest_rerun/seed_23/tasks/esol/complete.json,329,898c202e7b35360092ac723ed6a95c4e1a9e87e9df447e34fa7559fa513a780e
paper43_completion/run_records/regression_split_manifest_rerun/seed_23/tasks/esol/inner_scores.csv,45274,1402bc60f4b40a7dc3f0b79632ade4b82da1d8ee1030f8eb78de372cf164d0a9
paper43_completion/run_records/regression_split_manifest_rerun/seed_23/tasks/esol/outer_candidate_scores.csv,19369,396549389a83af413561e9ea980b9b18d99407e4350327efd6827248ed629e47
paper43_completion/run_records/regression_split_manifest_rerun/seed_23/tasks/esol/split_manifest.csv,5325,47b5278dede5ec64299c38d5923620b3fca808f197eb403e859c72760203f938
paper43_completion/run_records/regression_split_manifest_rerun/seed_23/tasks/freesolv/candidate_registry.csv,16771,ee5ccfb3832b0882982900a8310dc99961f8895feb7fe410cc0bc78f8ee147bf
paper43_completion/run_records/regression_split_manifest_rerun/seed_23/tasks/freesolv/complete.json,332,77e09393e4dcd7fd966eb7b174b04526fb495906dd558c369c019a05134d26af
paper43_completion/run_records/regression_split_manifest_rerun/seed_23/tasks/freesolv/inner_scores.csv,46377,7bf73dd3b2110039885e90708f2d11f1aad756e1f25a6c30b487adddc93d76b3
paper43_completion/run_records/regression_split_manifest_rerun/seed_23/tasks/freesolv/outer_candidate_scores.csv,19677,be0c4f74e7d6b7183a02ebe5ee6662d85e4afcd44b40bfc17c6516e00e8bea2d
paper43_completion/run_records/regression_split_manifest_rerun/seed_23/tasks/freesolv/split_manifest.csv,5305,1d26117a3d9de44dcdeaac6d74ff19b4ca7204f8405a662a697c3ba87f4d9358
paper43_completion/run_records/regression_split_manifest_rerun/seed_23/tasks/lipo/candidate_registry.csv,16643,fe77b01be4324f367a8dbc48c4ac8eea31f37f694ce60d135cb2a0c05df51b7d
paper43_completion/run_records/regression_split_manifest_rerun/seed_23/tasks/lipo/complete.json,330,bbc56baca3c2e770970d42f408dd50b336b18c0031f0195cb48ebd5c862a9c10
paper43_completion/run_records/regression_split_manifest_rerun/seed_23/tasks/lipo/inner_scores.csv,45207,2d97fa719b7b71c4d5c0083f6669579024695120c006786ac95e8a1279064ce7
paper43_completion/run_records/regression_split_manifest_rerun/seed_23/tasks/lipo/outer_candidate_scores.csv,19506,bef085d2372297aa029e1b382c61654c3e4a3e7961f14a08b5cededdf6d14ccc
paper43_completion/run_records/regression_split_manifest_rerun/seed_23/tasks/lipo/split_manifest.csv,5239,8058dd06b7e75064729a6599dd6469bf6375653e7f8759c9f0f5be3c19363fd4
paper43_completion/run_records/regression_split_manifest_rerun/seed_23/tasks/tdc_caco2_wang/candidate_registry.csv,16963,06997951019b06a6dcf94c4b56203242164e44af00c7acd2f70fe070473f3b30
paper43_completion/run_records/regression_split_manifest_rerun/seed_23/tasks/tdc_caco2_wang/complete.json,338,8a48d54cb15d977c40418fa9f5d5afcba08ae324da5e40fd83964051772198c6
paper43_completion/run_records/regression_split_manifest_rerun/seed_23/tasks/tdc_caco2_wang/inner_scores.csv,48213,7d1f4421e73c0daabcbf031b3e39e1ed472e9e581337225fa99b87f152fcafd1
paper43_completion/run_records/regression_split_manifest_rerun/seed_23/tasks/tdc_caco2_wang/outer_candidate_scores.csv,20363,9e2f96abe7d6ce4ee3da884467f872ad6f7b306827638cf18ad95f537fcafc33
paper43_completion/run_records/regression_split_manifest_rerun/seed_23/tasks/tdc_caco2_wang/split_manifest.csv,6058,13b13fd338109905d32b20708734a7274ea39c222d7a389f5df757c12e438848
paper43_completion/run_records/regression_split_manifest_rerun/seed_37/candidate_registry.csv,66807,41a468d0fa9da188aa22a5bf918f84682f3670df950a51af42bd772ed254c241
paper43_completion/run_records/regression_split_manifest_rerun/seed_37/inner_scores.csv,182841,e5f66433bee5fdb434d3ecb6c6b6e625e1937eb17b5c4790762c2d824bf2d71e
paper43_completion/run_records/regression_split_manifest_rerun/seed_37/outer_candidate_scores.csv,77743,05da360f93abcb4354208348f69b19bfb6d72b56aa491474aa966a21fade4501
paper43_completion/run_records/regression_split_manifest_rerun/seed_37/split_manifest.csv,19715,f4a8b6138c29e371236d44463ff5a5e47bb6703cf299f9acf92464202771f9ac
paper43_completion/run_records/regression_split_manifest_rerun/seed_37/tasks/esol/candidate_registry.csv,16643,b29513052e722ea259a598f79e2023b5218a1b905efea839d2e6cc75094a3da2
paper43_completion/run_records/regression_split_manifest_rerun/seed_37/tasks/esol/complete.json,329,898c202e7b35360092ac723ed6a95c4e1a9e87e9df447e34fa7559fa513a780e
paper43_completion/run_records/regression_split_manifest_rerun/seed_37/tasks/esol/inner_scores.csv,45285,49759c073e3af94e88e507632079d2cc1b6bfae989b7a59f1f7c4e7b3c822a7b
paper43_completion/run_records/regression_split_manifest_rerun/seed_37/tasks/esol/outer_candidate_scores.csv,19384,799b30f8d9d20563d1abd49c5aa30864d0a4f398cd999f7fa76121f5d1dbb824
paper43_completion/run_records/regression_split_manifest_rerun/seed_37/tasks/esol/split_manifest.csv,5314,87152214a9064eddc38d494314938cd6cc087808c39258ebe8f077200e090077
paper43_completion/run_records/regression_split_manifest_rerun/seed_37/tasks/freesolv/candidate_registry.csv,16771,4b70ce4beaeb6784a4b266ad12a2ff64c17349d9f42fa2cc23312ccd37113516
paper43_completion/run_records/regression_split_manifest_rerun/seed_37/tasks/freesolv/complete.json,332,77e09393e4dcd7fd966eb7b174b04526fb495906dd558c369c019a05134d26af
paper43_completion/run_records/regression_split_manifest_rerun/seed_37/tasks/freesolv/inner_scores.csv,46449,db5812268082d79ccc7d5c9f378558795a99207a8b6116e1048463085ccf92e2
paper43_completion/run_records/regression_split_manifest_rerun/seed_37/tasks/freesolv/outer_candidate_scores.csv,19657,410df73f61b8b799857d3af477ae42f10d446bc4c36e96566d7546324bbd3228
paper43_completion/run_records/regression_split_manifest_rerun/seed_37/tasks/freesolv/split_manifest.csv,5270,cd726106f06596aa5a9c426727c8d3ecadc7f28dc62cebcab5ec2b426246001f
paper43_completion/run_records/regression_split_manifest_rerun/seed_37/tasks/lipo/candidate_registry.csv,16643,715c85bb2b6e75b97648b00c4b884647a487ecd49bd655d9ade92758195d0fa9
paper43_completion/run_records/regression_split_manifest_rerun/seed_37/tasks/lipo/complete.json,330,bbc56baca3c2e770970d42f408dd50b336b18c0031f0195cb48ebd5c862a9c10
paper43_completion/run_records/regression_split_manifest_rerun/seed_37/tasks/lipo/inner_scores.csv,45216,ae1bf42aa73605eae34dfd9994c3a94381412d199fc88365ca6bc576c3a64f62
paper43_completion/run_records/regression_split_manifest_rerun/seed_37/tasks/lipo/outer_candidate_scores.csv,19562,0c0ae97ffc93a61ab870290ea02321165034e94c9a820e1e36a3db7f5a909394
paper43_completion/run_records/regression_split_manifest_rerun/seed_37/tasks/lipo/split_manifest.csv,5191,d4afe1d6e194c48f2c3e1b363ebc40c71ce79de7aa68a198af6a9d4e5500b76c
paper43_completion/run_records/regression_split_manifest_rerun/seed_37/tasks/tdc_caco2_wang/candidate_registry.csv,16963,b80f47ed7f38b2a543cb3b2ab539471658338a26eed01b033a99bd0f551b4892
paper43_completion/run_records/regression_split_manifest_rerun/seed_37/tasks/tdc_caco2_wang/complete.json,338,8a48d54cb15d977c40418fa9f5d5afcba08ae324da5e40fd83964051772198c6
paper43_completion/run_records/regression_split_manifest_rerun/seed_37/tasks/tdc_caco2_wang/inner_scores.csv,48186,3c6ee7cd146196324626dbf07eab53b8d19014bbed020b166e748545b648cab2
paper43_completion/run_records/regression_split_manifest_rerun/seed_37/tasks/tdc_caco2_wang/outer_candidate_scores.csv,20403,9e47510b5d46f54bb8e8cca6edabebdfd7a91655947154c64c7e230cc53f307f
paper43_completion/run_records/regression_split_manifest_rerun/seed_37/tasks/tdc_caco2_wang/split_manifest.csv,6129,77ec7893efb1b6dda46017a5724929621a35923899fc462e758bbde84c0b776a
paper43_completion/run_records/regression_split_manifest_rerun/seed_53/candidate_registry.csv,66807,0467d5c5c4a334d6610b6b81555717f54de45d452dff7c28f730c0faba1949a4
paper43_completion/run_records/regression_split_manifest_rerun/seed_53/inner_scores.csv,182858,c40d6182ffc1326ac84c2f6ad3a820c6f873f3f989936a6924e340afd93a7e91
paper43_completion/run_records/regression_split_manifest_rerun/seed_53/outer_candidate_scores.csv,77821,72e707b023a3465741644ae54733ef28142a2ae17ae051be4dd3c5efdb2bbf3d
paper43_completion/run_records/regression_split_manifest_rerun/seed_53/split_manifest.csv,19552,3d35db93dded6d3762349920175552d8ece0e945e956b901f5d0d47e48eabe47
paper43_completion/run_records/regression_split_manifest_rerun/seed_53/tasks/esol/candidate_registry.csv,16643,c5c6279c89e82ce15df0a609909e104abc87fba09dd0fbb63b95192f6b8f9799
paper43_completion/run_records/regression_split_manifest_rerun/seed_53/tasks/esol/complete.json,329,898c202e7b35360092ac723ed6a95c4e1a9e87e9df447e34fa7559fa513a780e
paper43_completion/run_records/regression_split_manifest_rerun/seed_53/tasks/esol/inner_scores.csv,45284,9181688d40fe7d077991b5f7be83e3578e1aedd83a6c5a7e68d52fe6dbd58e5a
paper43_completion/run_records/regression_split_manifest_rerun/seed_53/tasks/esol/outer_candidate_scores.csv,19419,fce4526e200c52bb5eb06ad5fd30cb12f34db8ff225416f3d32acfff7140c513
paper43_completion/run_records/regression_split_manifest_rerun/seed_53/tasks/esol/split_manifest.csv,5435,7d8aba37adda405fc7f41675638549104aadd492552629fc4985c254e7810f02
paper43_completion/run_records/regression_split_manifest_rerun/seed_53/tasks/freesolv/candidate_registry.csv,16771,3744375a70e280ca770f77c943318833b6bb60ad3891ba4b8a0c567b49437f32
paper43_completion/run_records/regression_split_manifest_rerun/seed_53/tasks/freesolv/complete.json,332,77e09393e4dcd7fd966eb7b174b04526fb495906dd558c369c019a05134d26af
paper43_completion/run_records/regression_split_manifest_rerun/seed_53/tasks/freesolv/inner_scores.csv,46400,9b604a2d25afdeec95a978720648e0fd29429899e7d23601d8d92df2d4990bad
paper43_completion/run_records/regression_split_manifest_rerun/seed_53/tasks/freesolv/outer_candidate_scores.csv,19678,024138a22fc0c8d40cbf4db88ebe3ff72301b13c4f49e404bc3a9dce94e0698f
paper43_completion/run_records/regression_split_manifest_rerun/seed_53/tasks/freesolv/split_manifest.csv,5398,bf2ab77e697e677be32e0961d3e869c3d00795490878c0784e5af180755c1367
paper43_completion/run_records/regression_split_manifest_rerun/seed_53/tasks/lipo/candidate_registry.csv,16643,f8f9ca37ba9938fe1de6bca59d229489e4bf2009c36f243ac04025f7cf7facd8
paper43_completion/run_records/regression_split_manifest_rerun/seed_53/tasks/lipo/complete.json,330,bbc56baca3c2e770970d42f408dd50b336b18c0031f0195cb48ebd5c862a9c10
paper43_completion/run_records/regression_split_manifest_rerun/seed_53/tasks/lipo/inner_scores.csv,45228,54db86615f6213721465389d5807215e0bdfaa8e1e405ad7ddd1f9073eecfbbe
paper43_completion/run_records/regression_split_manifest_rerun/seed_53/tasks/lipo/outer_candidate_scores.csv,19545,09afb8e8b9d9206e4df9b7a7072f1caf1d031defd6294dade3423a69cbd662f1
paper43_completion/run_records/regression_split_manifest_rerun/seed_53/tasks/lipo/split_manifest.csv,5139,fae7db0657999da993c30a1ea85185241e0a42fa9c7da9348f875af0690dc847
paper43_completion/run_records/regression_split_manifest_rerun/seed_53/tasks/tdc_caco2_wang/candidate_registry.csv,16963,ba3438a2365578c2c76febc42fa1992b645289e8c9672ba38e9b1d60b22507ac
paper43_completion/run_records/regression_split_manifest_rerun/seed_53/tasks/tdc_caco2_wang/complete.json,338,8a48d54cb15d977c40418fa9f5d5afcba08ae324da5e40fd83964051772198c6
paper43_completion/run_records/regression_split_manifest_rerun/seed_53/tasks/tdc_caco2_wang/inner_scores.csv,48202,97b4c3f58f8e16b9ff899f5f8eae6e4eb05fde1b9c953a252e861c5548b02706
paper43_completion/run_records/regression_split_manifest_rerun/seed_53/tasks/tdc_caco2_wang/outer_candidate_scores.csv,20394,72c0d15e451c2fee23e7160f359232c46cd9e9df6c05d24b7f280405435bcdee
paper43_completion/run_records/regression_split_manifest_rerun/seed_53/tasks/tdc_caco2_wang/split_manifest.csv,5962,bb479c1561bb35958e711c69369e0cc07f923ae1ac21d66b8a5a7ebe02dfaf58
paper43_completion/run_records/regression_split_manifest_rerun/seed_71/candidate_registry.csv,66807,57f42cfdba6391e84c9fa55ae1a8929193d69aace0bf0638c0fef2f0a8535aea
paper43_completion/run_records/regression_split_manifest_rerun/seed_71/inner_scores.csv,182900,521eec061d1da1c6a47b5acca20d2b6f07132c769c0659933620ac5fad444367
paper43_completion/run_records/regression_split_manifest_rerun/seed_71/outer_candidate_scores.csv,77830,254d642ebeddba4622a24bd91dbfa34de069d1365c149d0eba9664187427c5b7
paper43_completion/run_records/regression_split_manifest_rerun/seed_71/split_manifest.csv,19782,ec0420f45f78eac39c3e2c2fc5c0e658ef0af8fdf2e0f2de335a0707e977006a
paper43_completion/run_records/regression_split_manifest_rerun/seed_71/tasks/esol/candidate_registry.csv,16643,af56232ab0dfaea8166a16b078a2bc53649ee45ae2703a23c78d737f1483cc72
paper43_completion/run_records/regression_split_manifest_rerun/seed_71/tasks/esol/complete.json,329,898c202e7b35360092ac723ed6a95c4e1a9e87e9df447e34fa7559fa513a780e
paper43_completion/run_records/regression_split_manifest_rerun/seed_71/tasks/esol/inner_scores.csv,45300,6dc4176c4a5bd3e92e8baa3f807e82d4af592c90f16875cd9cbbf12025ed3456
paper43_completion/run_records/regression_split_manifest_rerun/seed_71/tasks/esol/outer_candidate_scores.csv,19410,672675f79d3e96924188d26bb6835afee75c527b24436b344efd3b291f05e84a
paper43_completion/run_records/regression_split_manifest_rerun/seed_71/tasks/esol/split_manifest.csv,5547,5250d59c5ae0a6f7b7dd381643bde0a2f1917e4e778501dd01c558e80c596940
paper43_completion/run_records/regression_split_manifest_rerun/seed_71/tasks/freesolv/candidate_registry.csv,16771,2496d2fc7bf088395ca78836e783e0cc4b6ab259ea1f1805ce07dcfa80859ee7
paper43_completion/run_records/regression_split_manifest_rerun/seed_71/tasks/freesolv/complete.json,332,77e09393e4dcd7fd966eb7b174b04526fb495906dd558c369c019a05134d26af
paper43_completion/run_records/regression_split_manifest_rerun/seed_71/tasks/freesolv/inner_scores.csv,46432,bb3148cc0e406dc6f1ab31e8327cfba4ec844b9fa375e8efca38d85b97dfe8bb
paper43_completion/run_records/regression_split_manifest_rerun/seed_71/tasks/freesolv/outer_candidate_scores.csv,19668,2ced0d5d2be44f02bca7d256d32364f6451da69ad09394cb0c09e4787334afa2
paper43_completion/run_records/regression_split_manifest_rerun/seed_71/tasks/freesolv/split_manifest.csv,5301,60f20037b3dd67d715530aa71954b534662aea547ccf03bd9ab9e1089a91bd80
paper43_completion/run_records/regression_split_manifest_rerun/seed_71/tasks/lipo/candidate_registry.csv,16643,f8aeb8b9e0848dde7c26333c663e3dcf95f6a8114896fcc456b048dd304c71aa
paper43_completion/run_records/regression_split_manifest_rerun/seed_71/tasks/lipo/complete.json,330,bbc56baca3c2e770970d42f408dd50b336b18c0031f0195cb48ebd5c862a9c10
paper43_completion/run_records/regression_split_manifest_rerun/seed_71/tasks/lipo/inner_scores.csv,45213,194c70e8b0a67a369a111484e4daf889a18b0aa0f24ff43dddc05d3741c8df59
paper43_completion/run_records/regression_split_manifest_rerun/seed_71/tasks/lipo/outer_candidate_scores.csv,19579,0f97c586411797dff4d581c5a53e77d3159dea4d04595acf1cded0d0d224e146
paper43_completion/run_records/regression_split_manifest_rerun/seed_71/tasks/lipo/split_manifest.csv,5227,d5a78cbd57a346ac7873da559662aacb75596edccc31e650134759a4f6fe847b
paper43_completion/run_records/regression_split_manifest_rerun/seed_71/tasks/tdc_caco2_wang/candidate_registry.csv,16963,d5331f5175219a1c23e06ccaa37861f84ca66137e53ce3faf55b634e11aebd93
paper43_completion/run_records/regression_split_manifest_rerun/seed_71/tasks/tdc_caco2_wang/complete.json,338,8a48d54cb15d977c40418fa9f5d5afcba08ae324da5e40fd83964051772198c6
paper43_completion/run_records/regression_split_manifest_rerun/seed_71/tasks/tdc_caco2_wang/inner_scores.csv,48198,dda5398c9ac2e20e0fbc2102692a3fb288f24bd8974afb7ce294279e4c8804e3
paper43_completion/run_records/regression_split_manifest_rerun/seed_71/tasks/tdc_caco2_wang/outer_candidate_scores.csv,20373,4746dac32043f11f8e0b318ecc5e89bfea1fe503478e24e1dee33f273e4dcafa
paper43_completion/run_records/regression_split_manifest_rerun/seed_71/tasks/tdc_caco2_wang/split_manifest.csv,6129,e82d0bd1cd7fef65b946e6b4f906bb876a5e5024177da5884d4185fd40d16f20
paper43_completion/scripts/analyze_paper43_completion_experiments_20260726.py,49364,bde03f2b9dd7b4cb04c6becec3af8b644501cd958f3538ef459102b901120ad8
paper43_completion/scripts/analyze_paper43_effective_diversity_10seed_20260726.py,10185,b5b1a4728668dae807a35c5b4585512b1d3d828c2d8bd811bb1629c62c2d2f2b
paper43_completion/scripts/audit_paper43_final_consistency_20260726.py,10874,efd6cffa1d6937e4359ff2ff630a2924b47ab915fdf635bd80aa522b2809748d
paper43_completion/scripts/build_figure8_final_20260726.py,6945,f74d8fe2b0a990ae2ab6ab74020c04950d65c46bdf477348aa5717b27ec32563
paper43_completion/scripts/build_paper21_final_figures.py,97722,c6ddb71a9a8e798080502c7ed8525acb431823107f255422518575bd2cf234c4
paper43_completion/scripts/build_paper43_consolidated_figure8_20260726.py,6982,282973948ad041d32d5c3ed665d539b52d608472b70790a30fd51dd617db9e3c
paper43_completion/scripts/build_paper43_jcheminform_package_20260726.py,74921,9b445c7b00091f2ce9fa7695e6ee9c700765eca9a1c89952503e2c82f6859bbd
paper43_completion/scripts/build_paper43_primary_figure3_20260726.py,4156,5871e575adb67f39d144a0daf07242c7bd9d32717285bd2ffd4bf3e3a2f85b57
paper43_completion/scripts/build_paper43_submission_figures_20260726.py,27825,1113a697eacba9b0739f446a1794629ca3a57a1ff0464e57f17d8b54cb3fde8f
paper43_completion/scripts/finalize_paper43_bilingual_20260726.py,71099,c2ae97bb09c78c137a9028ea62ffc388938ca07506bb02ad7049d9f2e2ce7d91
paper43_completion/scripts/r11_final/audit_paper43_r11_structural_20260731.py,10326,70cd7483925978f5f7948cad54eb9d16cc5013a2c58dde7b3343d20a48df610a
paper43_completion/scripts/r11_final/build_paper21_final_figures.py,106577,f5fb12049e8d1a9e2d0192ad8be2fe9a2c51a6b73944e7a2c39b1bb5dfda892a
paper43_completion/scripts/r11_final/build_paper43_r11_manuscripts_20260731.py,20630,445aed34e05c6940ce29a9f40f1ebdb96ec86d09271a92d42a9569c720401044
paper43_completion/scripts/r11_final/build_paper43_r11_s47_workbook_20260731.py,3495,ab76770b0a117fc48f5f1deef4d2399e01fc217ef71273ae3da1065638626abf
paper43_completion/scripts/r11_final/build_paper43_r11_structural_figures_20260731.py,17079,bd65a93ecaf2efd4c2e9d8ce21f5f2ecebbc3efb33d8145c6f24181c2d751ad5
paper43_completion/scripts/r11_final/build_paper43_r11_tracked_ooxml_20260731.py,6577,2c95527678f82a29fe7074e4f489f2c6b0450e0fe6dc4a040191e54267300943
paper43_completion/scripts/r11_final/package_paper43_r11_structural_candidate_20260731.py,6617,1386b45dc528a2eaf1e1fd5f9884dfb1c5a904d3fe74233d2687ffedbd095e11
paper43_completion/scripts/r11_final/patch_paper43_r11_s47_final_20260731.py,2208,c32fa3fb7bf12526c3b429a58532ad0a6bd27c12ebebf576039bc4c0abce89c8
paper43_completion/scripts/revise_paper43_final_round_20260726.py,40804,a0e37df2d93ef38906981d2e4d73dad60adcac8c1a2816870f98d54b44537ae7
paper43_completion/scripts/run_expanded_nested_candidate_pool_20260621.py,44472,1a362cd1c34b0ceb9ee0fe472552385c3b182bf6984da093e1eb2e4934c7c942
paper43_completion/scripts/run_paper43_additional_lane1_20260726.ps1,1277,66a7454fe01a555c6a63493f93f84c820d78baabd7ec71de16b9c05d77d9c0e1
paper43_completion/scripts/run_paper43_additional_lane2_20260726.ps1,1047,e7a1941ee24968e8a84f9e02d88f22e006e73dd2381a5e4177b048e47fdfd002
paper43_completion/scripts/run_paper43_additional_lane3_resume97_20260726.ps1,1252,f093c39a83bbefa3d5a41f92fcaf843e5ef144a7ff80f7aa727de110d5f3ba87
paper43_completion/scripts/run_paper43_nested_completion_20260726.ps1,1842,eb43d2b895741f72f5972d1b23d284c7431822cb7c3e78acad649026eba43f92
paper43_completion/scripts/run_paper43_regression_split_completion_20260726.ps1,1052,d68fc4bd3cfce285fb708309edd7b144ea62149d78666acbbefe261e19c19f62
paper43_completion/source_data/candidate_order_sensitivity_units.csv,9916199,327bd3c0b06f86b78d519363705198f689626699180c9cb6d42fe7576912488c
paper43_completion/source_data/candidate_registry_10seed_audit.csv,1559308,8057bb93876d675d14f79c8f31909ffe205a66ae7ed87b7704eb1168713d149b
paper43_completion/source_data/classification_metric_selection_units.csv,434962,ef366da2e7d78d055f7fb4581f2f882f2d70815a21d7570768c82e78b091a03f
paper43_completion/source_data/classification_metric_selector_comparisons.csv,97047,8af3c93e5b49e9513b6ac55bc26ce96168e0e7dea6f27032f34f37f1526020e6
paper43_completion/source_data/constructed_candidate_control_units.csv,601585,68ec9b7019b36d2e69e9e5fc7fee85b908d1c8bccc068b7cb85b79707e023340
paper43_completion/source_data/effective_diversity_10seed_leave_one_out.csv,199393,e8f34fb5da70b2e89fdd571159689130ce4df5f9db6fada1537f24f93d97ff7f
paper43_completion/source_data/effective_diversity_10seed_manifest.json,8907,8db0cba286ef6cfe28f10ab0ff340d7848fa188ab2500242ec16d19ccae9c970
paper43_completion/source_data/effective_diversity_10seed_reference_sensitivity.csv,16228,ecfc4c0f2db69142d77c1606a29219e724601603fefd64d5bf56d3c47efe65a5
paper43_completion/source_data/effective_diversity_10seed_summary.csv,10298,6a9dddfa297712a1882392937c6bf2e4562f211cef3cba0ae81f53f4558f2553
paper43_completion/source_data/effective_diversity_10seed_units.csv,57510,b1d877b655384299d33baf924052090728b8f4667fc0e7a8ebd035f70a744a3d
paper43_completion/source_data/effective_diversity_seed_audit.csv,886,210e4c6882f50f00aecd68b934de5d6375805c86cc964fefb690e89a9791e9f0
paper43_completion/source_data/empirical_heteroskedastic_recovery_simulation.csv,44183,7dd7c37a943370ae33a072a79d280c86ad4fc7b6e5eadd2edf1d0ac7e93a8666
paper43_completion/source_data/fit_execution_audit.csv,11790,a1fd464eed8ea1bf1f7f9b64dd456b230ba40124bbfcc984319b7f40483965f5
paper43_completion/source_data/fixed_reference_k32_vs_k4_contrasts.csv,5981,bb5050167f2c304ba82f87c7959907b30d85030907ff9417c6295839dbd92e4e
paper43_completion/source_data/fixed_reference_units.csv,239293,0d5742b425ccac0dd3a8136914097f50f9119e29db55ad6ae42aade1919b7b28
paper43_completion/source_data/legacy_to_current_rerun_audit.csv,7340,56c48362252448263cc3dd2f820994ad9b57ece751c28d7c3eabb1b248757f0e
paper43_completion/source_data/pretraining_overlap_audit.csv,1298,cbf962b77c2efd8e5176028cf019bab3687267a72287384b6c5a64943b073836
paper43_completion/source_data/r11_final/Figure_3A_primary_ten_seed_source.csv,2005,af47bb44b42bd610f0e7ba8086d2293fc4964f6e154e9f6b062d8ebe1eb17504
paper43_completion/source_data/r11_final/figure_source_data/Figure_1_panel_manifest.csv,965,b6aba1cc906bad284c3ebf1989afbf62fcf44b6d7ca8d681dfcd8e52b0987f1c
paper43_completion/source_data/r11_final/tau_near_equivalence_units.csv,392313,05f1edd67279cfbe78ef1ab54471d9373a76395f1fbb5053561b3faaf89e5de2
paper43_completion/source_data/supplementary_experiment_completion_status.csv,1499,9a30e051b059d8dcaee9906abb36b1076c57fdb1ee0c41014ca4e15de79d5f2c
paper43_completion/source_data/tau_near_equivalence_units.csv,392313,05f1edd67279cfbe78ef1ab54471d9373a76395f1fbb5053561b3faaf89e5de2
paper43_completion/validation/03_Equation_to_code_mapping.csv,2014,2274d1ca3df332a54df78f0914ab98f6bb0c9bf7dba9a78c3fc45a25c61d45c5
paper43_completion/validation/11_Manuscript_number_consistency_report.csv,626,47489b0442df4b3ced08f8d8e39531361a30463468b7560caea3ac6a55bf6910
paper43_completion/validation/Equation_to_code_mapping.csv,2014,2274d1ca3df332a54df78f0914ab98f6bb0c9bf7dba9a78c3fc45a25c61d45c5
pyproject.toml,839,f75e499e329061cc5ccfedf8195841941b3976369cfc4a68146ecbb068b4950e
README.md,8062,8d6be5006dbb5e829d40322eab4ba66a0ecc67d2e4009b93a712f4f4282e4dc7
reproduced_outputs/main_figures/Figure1.pdf,85667,f81e1500d2dc874640196168061f5b94b8df902f0d777a731e1436cf8896d18e
reproduced_outputs/main_figures/Figure1.svg,81043,f306869615b05d2aaf7f20e2d9de9b8627c984c86dd56994e33c5fd34c9caef9
reproduced_outputs/main_figures/Figure1_600dpi.png,1021332,83e9067fce6918e1ae0f97a1bce0a03d6846de985100cefeca94c5f5a4ba58d7
reproduced_outputs/main_figures/Figure2.pdf,69265,77758dcbc53ee10d47ba878a1ed8e5002ed1cad28758cb0490be1499a5429f04
reproduced_outputs/main_figures/Figure2.svg,58130,7c6a3630563ccd8ec38b56f023dee49eb33c89278adafeba58a69f70054acaae
reproduced_outputs/main_figures/Figure2_600dpi.png,638976,a82c8dd5384893df56bda8bb1993b68aa651704620af985e8a35c6fdc77b7e24
reproduced_outputs/main_figures/Figure3.pdf,70653,08e2497a8555c08900094c4d382b4fedc5607ea04aa68d162ab13850e504b89a
reproduced_outputs/main_figures/Figure3.svg,57760,59141225cfa603f8ed838a9df108a8dd6b07abc0f0728491ced2c6100a5fcbc0
reproduced_outputs/main_figures/Figure3_600dpi.png,695755,92729536c202cceda0c967e0f367a7f880a11038a267ccd768827284fe74c6e8
reproduced_outputs/main_figures/Figure4.pdf,73859,9c5de55124e7b3e2a243af5b08b4d1547b51c1425eae69f3716fdaf0c17bc3f7
reproduced_outputs/main_figures/Figure4.svg,67094,ffb7e152031c2e0f9e532241de8a8e302711a1dcc5f5bfbb25ca96d5a9c2f5ee
reproduced_outputs/main_figures/Figure4_600dpi.png,683653,a90117b4a16b928bee8a26c518cc9a682ce2510b634834df9bc40013469450da
reproduced_outputs/main_figures/Figure5.pdf,87441,14aa36b7ff3d8d44668986c47b97605d46e65993a3859c379312cf19b2047739
reproduced_outputs/main_figures/Figure5.svg,117877,70f158102dbe96e8cf19656500b8e663b917e0e5ffd267db30156726952cbd47
reproduced_outputs/main_figures/Figure5_600dpi.png,869371,070589e5e3a8c6b8e1e642b70fe84730bf587a30d2e4eafdccd5f4913e151f06
reproduced_outputs/main_figures/Figure6.pdf,76982,c93d97641b9deb6e2996cf3e9d9c7e1fbd6bbb41d4b8a34f42e695786735c527
reproduced_outputs/main_figures/Figure6.svg,65997,447e244c93a1f4b6c582f1a963e6928192799f2ef30c0092a778034fc3199a6d
reproduced_outputs/main_figures/Figure6_600dpi.png,637846,982d06bd063f205b39988c572e5d5a14d8cf10ffad1adeeea083958c82031d23
reproduced_outputs/main_figures/Figure7.pdf,82024,251ba2c772f6adc8549785f327baa31e4ec05317421d753b4f06290ebf272cd3
reproduced_outputs/main_figures/Figure7.svg,117355,dda2fb3198965688270091c2224b6c8008cc3d2c62b66769e10a8a505bec200b
reproduced_outputs/main_figures/Figure7_1200dpi.png,2077996,42e3fd025433707e691bf5749115ec621f0d4daa557023873bda608afaf5d507
reproduced_outputs/main_figures/Figure7_600dpi.png,899870,cf372840555e6be935c6908093316078b27bc9a0393175a2e4a80cf1b98c3a33
reproduced_outputs/main_figures/Figure8.pdf,69760,59dbf19baef9a839089f55db1089f81055f356fe271e0c4079ddfa6ef0892dec
reproduced_outputs/main_figures/Figure8.svg,51648,0783cd897bd6d2e004518e2c6d79d4b8457b9ce4a48ab97f5bf65fff14721f16
reproduced_outputs/main_figures/Figure8_600dpi.png,676695,40d53243f6c318933a181b15163d0b42ae90a614fd7605ee96567bdf65e0fab8
reproduced_outputs/manuscript_number_validation.json,337,dd2bded3b93a66103e3164550bbd93084b952f71b54d0a5211bb261efe4268db
reproduced_outputs/quick_reproduction_report.json,441,b15efb6a893124521f765ab2651715e83b41e395504404620b9eeeaea9ee57ed
requirements-lock.txt,219,fc76ceaeb5526de5a55de6cbc9d3196757b9a6c19bfff4659e07c6ccea678c40
results/reviewer_core_20260624/cross_endpoint_meta_risk_endpoint_summary.csv,1358,caaaa5f8d538499283922b1edefc33f1e26bb3d27a64a1b58ad6583321d0a17e
results/reviewer_core_20260624/cross_endpoint_meta_risk_model_selection.csv,821,231a628f8d2c9c852e909536706d22c61d99bd2f4fa3c486cca8c0465dde6477
results/reviewer_core_20260624/cross_endpoint_meta_risk_predictions.csv,344057,fef1ce47af818125833c680fce0e1264ec26762a15eb06e9fb736dbbfaa4bcab
results/reviewer_core_20260624/cross_endpoint_meta_risk_summary.json,506,8cf387628c3a673840de93017853ed519f7b7296ad47fd481f22c554811140e2
results/reviewer_core_20260624/cross_endpoint_risk_features.csv,313876,00ba14d1b54048b8b005d7733886bc01afd582acea7fbd05de4c9fcfc5f2dcbf
results/reviewer_core_20260624/multiview_nested/candidate_registry.csv,262077,706eca3a618a6e571981ce8e7f7fddea2e4b49092c85717e4a7737578b9fc006
results/reviewer_core_20260624/multiview_nested/endpoint_policy_summary.csv,10353,1d6ada29e418df62246a994745c18fbe64e4326367197348b011c1f71588232b
results/reviewer_core_20260624/multiview_nested/endpoint_representation_counts.csv,462,180e34b2017b6797d0a8e76fd3d01b09fcef9a5db8b77c9851c596438fbc5270
results/reviewer_core_20260624/multiview_nested/inner_scores.csv,734595,e8b191671abf6a9bb88e87be7fbe5c8365d7351ca97aaec4c8cd73d1bca28ceb
results/reviewer_core_20260624/multiview_nested/multiview_values.json,2467,dd08e300c2ea568973b5749a74bd2223cb310d1ece5b4642c472c0a64c5ccd34
results/reviewer_core_20260624/multiview_nested/outer_candidate_scores.csv,271078,4f4a5850a77a4e5e1efdd2e48d751ddd988b66568cf817b03a438beede513951
results/reviewer_core_20260624/multiview_nested/paired_multiview_effects.csv,1493,0cb6e5114661b5d7b06c2a36af14ae082bf691fda7a528d966295616e2e0e10e
results/reviewer_core_20260624/multiview_nested/paired_multiview_effects_long.csv,189115,a3a33d306108fb8dc81c5cc052dae528c59486a5512e1c0c09009bafcd39a6fa
results/reviewer_core_20260624/multiview_nested/policy_detail.csv,498068,a8476f6f5ccf9dcef65a0fd9bce51f369743cd5ecd01f72183316dfe1eb8c2ba
results/reviewer_core_20260624/multiview_nested/policy_summary.csv,2652,9d3d19a62c4d11ecbd87fd6e3963366d72ff363ce7b04ba1254046d8d686af53
results/reviewer_core_20260624/multiview_nested/ranking_metrics.csv,42487,d3bae54c9021c636a5c9dca5088e89714b5f987daf72d1f72792b2dbf3dc3ecc
results/reviewer_core_20260624/multiview_nested/ranking_summary.csv,366,de493f22d1281edc44bca4edc97e96abdb93b4fd63f76e7625cc609a8d6be1f9
results/reviewer_core_20260624/multiview_nested/run_manifest.json,833,e8a3939612916e18a5fe10ca9ff001e052f1e5f64528e56cd9d09ae13a70afc9
results/reviewer_core_20260624/multiview_nested/runs/bace/seed_11/candidate_registry.csv,6277,3672958f58780b9b95cfc962e0a44c82d8bb45b2e2090cfb1615dac2c6a2f3ab
results/reviewer_core_20260624/multiview_nested/runs/bace/seed_11/complete.json,205,d0e48d1d764385a3f5dc6fc1dacfee3a5e12dc1fa74dcf1a76f75bed9cc21c8c
results/reviewer_core_20260624/multiview_nested/runs/bace/seed_11/inner_scores.csv,17326,11ffa10dcdcf94cd268224b7a7331d4e8bbd766bc8d03817d3367a24da872c6c
results/reviewer_core_20260624/multiview_nested/runs/bace/seed_11/inner_scores.partial.csv,17326,11ffa10dcdcf94cd268224b7a7331d4e8bbd766bc8d03817d3367a24da872c6c
results/reviewer_core_20260624/multiview_nested/runs/bace/seed_11/outer_candidate_scores.csv,6569,e71215d9baac30a419be63adc3ee493831f2a0f3d98fb8b178e76dabf7e6c888
results/reviewer_core_20260624/multiview_nested/runs/bace/seed_11/outer_candidate_scores.partial.csv,6569,e71215d9baac30a419be63adc3ee493831f2a0f3d98fb8b178e76dabf7e6c888
results/reviewer_core_20260624/multiview_nested/runs/bace/seed_11/policy_detail.csv,11768,1919b50dab0ce0cb93219f0ab7adf961d928a63c0cf6bb2a450f15136b06d2b3
results/reviewer_core_20260624/multiview_nested/runs/bace/seed_11/policy_detail.partial.csv,11768,1919b50dab0ce0cb93219f0ab7adf961d928a63c0cf6bb2a450f15136b06d2b3
results/reviewer_core_20260624/multiview_nested/runs/bace/seed_11/ranking_metrics.csv,1105,680b37636e452d98698d6e3c7b035c346f5cd989eae9a3d0d4581737cb115138
results/reviewer_core_20260624/multiview_nested/runs/bace/seed_23/candidate_registry.csv,6277,408d02df6e590c7fb534feef55369b1277219cae16820348de9dacea013ae45f
results/reviewer_core_20260624/multiview_nested/runs/bace/seed_23/complete.json,205,b604852dfa11c6da0c9b6fe5eb04847f293f15fcbb6374fde07cf76c793d2ad9
results/reviewer_core_20260624/multiview_nested/runs/bace/seed_23/inner_scores.csv,17325,bd6728d638001a45fdfaee1921e130b4c430693a110e74c638fe231065b9be55
results/reviewer_core_20260624/multiview_nested/runs/bace/seed_23/inner_scores.partial.csv,17325,bd6728d638001a45fdfaee1921e130b4c430693a110e74c638fe231065b9be55
results/reviewer_core_20260624/multiview_nested/runs/bace/seed_23/outer_candidate_scores.csv,6569,530abbfa0f8b7d94d9ea13054fe3f153581919c4dc0c851fecd37b46eaf9a685
results/reviewer_core_20260624/multiview_nested/runs/bace/seed_23/outer_candidate_scores.partial.csv,6569,530abbfa0f8b7d94d9ea13054fe3f153581919c4dc0c851fecd37b46eaf9a685
results/reviewer_core_20260624/multiview_nested/runs/bace/seed_23/policy_detail.csv,11525,756facea4ee5e77e82fe6cafd77188abfdec609248f8ed8b0299b141f3623df7
results/reviewer_core_20260624/multiview_nested/runs/bace/seed_23/policy_detail.partial.csv,11525,756facea4ee5e77e82fe6cafd77188abfdec609248f8ed8b0299b141f3623df7
results/reviewer_core_20260624/multiview_nested/runs/bace/seed_23/ranking_metrics.csv,1103,f34cd79793464513134d032decd9251e950d93b663833fa50fe5a759181b89d7
results/reviewer_core_20260624/multiview_nested/runs/bace/seed_37/candidate_registry.csv,6277,0854e67e319c12e51e4d993f291187d0204b12c12ee19e86d2fcc172a970905b
results/reviewer_core_20260624/multiview_nested/runs/bace/seed_37/complete.json,205,ea9c1e24765c6ddf14b64daf3c781e5bdcafa5f0e87571706e5b6c6ce6b851f6
results/reviewer_core_20260624/multiview_nested/runs/bace/seed_37/inner_scores.csv,17319,f16bf2e1ad8b414d6facd649c5af1039fafe1234f0f96a6c0ed015114b0811ab
results/reviewer_core_20260624/multiview_nested/runs/bace/seed_37/inner_scores.partial.csv,17319,f16bf2e1ad8b414d6facd649c5af1039fafe1234f0f96a6c0ed015114b0811ab
results/reviewer_core_20260624/multiview_nested/runs/bace/seed_37/outer_candidate_scores.csv,6586,58ddea19f2f2a0dd8c1aa7483851bb6613e4605f513589c4ec4b726b4a93b922
results/reviewer_core_20260624/multiview_nested/runs/bace/seed_37/outer_candidate_scores.partial.csv,6586,58ddea19f2f2a0dd8c1aa7483851bb6613e4605f513589c4ec4b726b4a93b922
results/reviewer_core_20260624/multiview_nested/runs/bace/seed_37/policy_detail.csv,11611,9b554054ba6011ad1ec787e499b1c4dbad4d3467fb147e7283b53f91b57c6b21
results/reviewer_core_20260624/multiview_nested/runs/bace/seed_37/policy_detail.partial.csv,11611,9b554054ba6011ad1ec787e499b1c4dbad4d3467fb147e7283b53f91b57c6b21
results/reviewer_core_20260624/multiview_nested/runs/bace/seed_37/ranking_metrics.csv,1041,84bb3e09571eeb5b2868c5c417ad7540c7b408ede53df3d27c0503dc260ac8df
results/reviewer_core_20260624/multiview_nested/runs/bace/seed_53/candidate_registry.csv,6277,e074166d4d9119ec0c7f97a7c46c26909428dab23e7ff61b95ccc16eaa3dd900
results/reviewer_core_20260624/multiview_nested/runs/bace/seed_53/complete.json,205,e762f0a45ce4a392c6ad2c081eed13b9ac4539271cb872a3cb950a2176e4e36c
results/reviewer_core_20260624/multiview_nested/runs/bace/seed_53/inner_scores.csv,17327,e70321a7a3c64acbe7b1f8897c89aeb134afe248145c03ab9b31cfd2de9dccac
results/reviewer_core_20260624/multiview_nested/runs/bace/seed_53/inner_scores.partial.csv,17327,e70321a7a3c64acbe7b1f8897c89aeb134afe248145c03ab9b31cfd2de9dccac
results/reviewer_core_20260624/multiview_nested/runs/bace/seed_53/outer_candidate_scores.csv,6583,413bc88eaea9daa6ffb2140116746cae3362ffc8fdf39026f6b006f487caf727
results/reviewer_core_20260624/multiview_nested/runs/bace/seed_53/outer_candidate_scores.partial.csv,6583,413bc88eaea9daa6ffb2140116746cae3362ffc8fdf39026f6b006f487caf727
results/reviewer_core_20260624/multiview_nested/runs/bace/seed_53/policy_detail.csv,11519,42beedaaa0ae7245e2571fd420640957a08fd74e7b13206201e5a8edb2105592
results/reviewer_core_20260624/multiview_nested/runs/bace/seed_53/policy_detail.partial.csv,11519,42beedaaa0ae7245e2571fd420640957a08fd74e7b13206201e5a8edb2105592
results/reviewer_core_20260624/multiview_nested/runs/bace/seed_53/ranking_metrics.csv,1028,4253e9a2af598062b54f975a7657a386bd65b32fd46adab5158e248abb6f03f2
results/reviewer_core_20260624/multiview_nested/runs/bace/seed_71/candidate_registry.csv,6277,7fd1635782aebf8a4dc59963fafbb442d416d5d0eae51cd3c29202e347701475
results/reviewer_core_20260624/multiview_nested/runs/bace/seed_71/complete.json,205,83f058945a85d9bf6cabaf99134f0ea23f97e0da3cd37b28d0513d3b4e950bab
results/reviewer_core_20260624/multiview_nested/runs/bace/seed_71/inner_scores.csv,17324,896db5044d263786cd817ef6181e439edc4928f08378e9eb24216f72eddad9d6
results/reviewer_core_20260624/multiview_nested/runs/bace/seed_71/inner_scores.partial.csv,17324,896db5044d263786cd817ef6181e439edc4928f08378e9eb24216f72eddad9d6
results/reviewer_core_20260624/multiview_nested/runs/bace/seed_71/outer_candidate_scores.csv,6579,2a24e2fd1ccb45dbe8b63e6ee808f48c4b3a406a1f78630395cbef5f4f554f79
results/reviewer_core_20260624/multiview_nested/runs/bace/seed_71/outer_candidate_scores.partial.csv,6579,2a24e2fd1ccb45dbe8b63e6ee808f48c4b3a406a1f78630395cbef5f4f554f79
results/reviewer_core_20260624/multiview_nested/runs/bace/seed_71/policy_detail.csv,11480,73b546f2ec46fd212b68b1bef4aebc5c8c93703e37aacfe846fcba94ed16ef45
results/reviewer_core_20260624/multiview_nested/runs/bace/seed_71/policy_detail.partial.csv,11480,73b546f2ec46fd212b68b1bef4aebc5c8c93703e37aacfe846fcba94ed16ef45
results/reviewer_core_20260624/multiview_nested/runs/bace/seed_71/ranking_metrics.csv,1008,88912eb8e8f593cdbb1c6b0eeabacdb7d4a34208403a92bde09884e400c07e7f
results/reviewer_core_20260624/multiview_nested/runs/bbbp/seed_11/candidate_registry.csv,6277,2ce42277675221a7eec09241e43ef65503f5fd94bf786abad12759dd9480dc41
results/reviewer_core_20260624/multiview_nested/runs/bbbp/seed_11/complete.json,205,3e91ab2fe1d0adeffa231793631a94dd0354e5111953edde096b535eb497cda0
results/reviewer_core_20260624/multiview_nested/runs/bbbp/seed_11/inner_scores.csv,17316,a8f0816cb7c34a2f1db05fb2d273a3e06be54ece331398819181506e25e036ad
results/reviewer_core_20260624/multiview_nested/runs/bbbp/seed_11/inner_scores.partial.csv,17316,a8f0816cb7c34a2f1db05fb2d273a3e06be54ece331398819181506e25e036ad
results/reviewer_core_20260624/multiview_nested/runs/bbbp/seed_11/outer_candidate_scores.csv,6583,1ce660bc81483cf7acd54ab16ac75dc90bf22a2fe0dbcbe544dde86eae6034fa
results/reviewer_core_20260624/multiview_nested/runs/bbbp/seed_11/outer_candidate_scores.partial.csv,6583,1ce660bc81483cf7acd54ab16ac75dc90bf22a2fe0dbcbe544dde86eae6034fa
results/reviewer_core_20260624/multiview_nested/runs/bbbp/seed_11/policy_detail.csv,11483,487950c124757fa882c33dc099d8ae4149ba985942bb56f53bed7edd9a9389b0
results/reviewer_core_20260624/multiview_nested/runs/bbbp/seed_11/policy_detail.partial.csv,11483,487950c124757fa882c33dc099d8ae4149ba985942bb56f53bed7edd9a9389b0
results/reviewer_core_20260624/multiview_nested/runs/bbbp/seed_11/ranking_metrics.csv,1050,324859b449d053275351e499cbe467cad21ecf89712620e3b82e19b950b8c663
results/reviewer_core_20260624/multiview_nested/runs/bbbp/seed_23/candidate_registry.csv,6277,8034a6abe3b65975dfd11858e91508ece9c1ffc2ea86a28014399819f67bb450
results/reviewer_core_20260624/multiview_nested/runs/bbbp/seed_23/complete.json,205,a9b216113fecf84ca520bf69e78e631828d98cabbf36f2c545e98a9b0f6700d4
results/reviewer_core_20260624/multiview_nested/runs/bbbp/seed_23/inner_scores.csv,17306,1e490bd88352f522da03fc8cdbfcfe70b6e9ced7e80650be6d34442002348cb6
results/reviewer_core_20260624/multiview_nested/runs/bbbp/seed_23/inner_scores.partial.csv,17306,1e490bd88352f522da03fc8cdbfcfe70b6e9ced7e80650be6d34442002348cb6
results/reviewer_core_20260624/multiview_nested/runs/bbbp/seed_23/outer_candidate_scores.csv,6596,eed4812e19ec7117b67cc611e9375ac105e2af8ab962aef813959bdc71c3206a
results/reviewer_core_20260624/multiview_nested/runs/bbbp/seed_23/outer_candidate_scores.partial.csv,6596,eed4812e19ec7117b67cc611e9375ac105e2af8ab962aef813959bdc71c3206a
results/reviewer_core_20260624/multiview_nested/runs/bbbp/seed_23/policy_detail.csv,11525,c52fceed38e4c7a74bfe2fe73717904a0d8cdc8f124201f3bba6af809da66098
results/reviewer_core_20260624/multiview_nested/runs/bbbp/seed_23/policy_detail.partial.csv,11525,c52fceed38e4c7a74bfe2fe73717904a0d8cdc8f124201f3bba6af809da66098
results/reviewer_core_20260624/multiview_nested/runs/bbbp/seed_23/ranking_metrics.csv,1025,8c755fc634db8185836d6a528413bca2a7e357a7a4edf6617f4cdb23e541ed29
results/reviewer_core_20260624/multiview_nested/runs/bbbp/seed_37/candidate_registry.csv,6277,af6ebb5d885818999e4516715bef5ede695e80957d6e083cc063f28c139e08cf
results/reviewer_core_20260624/multiview_nested/runs/bbbp/seed_37/complete.json,205,f20c38081388a410a87cbe2eb601e32ea6ee76c39fea1cce07996f3745c3e346
results/reviewer_core_20260624/multiview_nested/runs/bbbp/seed_37/inner_scores.csv,17299,bacf6fa43b02ae79e6748256923599d96ae5b316de4d2699425cda767d8f3d4c
results/reviewer_core_20260624/multiview_nested/runs/bbbp/seed_37/inner_scores.partial.csv,17299,bacf6fa43b02ae79e6748256923599d96ae5b316de4d2699425cda767d8f3d4c
results/reviewer_core_20260624/multiview_nested/runs/bbbp/seed_37/outer_candidate_scores.csv,6593,e9007dd24d756b34a8d5cf2064d1d5d3b2ea088ea80c474fbbebb69d495607de
results/reviewer_core_20260624/multiview_nested/runs/bbbp/seed_37/outer_candidate_scores.partial.csv,6593,e9007dd24d756b34a8d5cf2064d1d5d3b2ea088ea80c474fbbebb69d495607de
results/reviewer_core_20260624/multiview_nested/runs/bbbp/seed_37/policy_detail.csv,11266,8c2e6af2442ec61dd82beeb73cc555927c4126ac115027773f0e1e8bde724326
results/reviewer_core_20260624/multiview_nested/runs/bbbp/seed_37/policy_detail.partial.csv,11266,8c2e6af2442ec61dd82beeb73cc555927c4126ac115027773f0e1e8bde724326
results/reviewer_core_20260624/multiview_nested/runs/bbbp/seed_37/ranking_metrics.csv,1022,9fa2c03f89f965b60a2fbbc44a7ff8d1e7eb5b67a16f41363e50d611cf3d49e0
results/reviewer_core_20260624/multiview_nested/runs/bbbp/seed_53/candidate_registry.csv,6277,1339e89c3df8400c6b8d947aacba5c11e4ad24024f9cff628acb72a2c2307194
results/reviewer_core_20260624/multiview_nested/runs/bbbp/seed_53/complete.json,205,d6fee9ea9669550da1f330012deebefd2921391cec6adfceda47b1eba8c8b7c2
results/reviewer_core_20260624/multiview_nested/runs/bbbp/seed_53/inner_scores.csv,17304,01d31783256af1fb8aa06d7191482ac5adb7f7b4391a1f3d42ceb72e2c5775fe
results/reviewer_core_20260624/multiview_nested/runs/bbbp/seed_53/inner_scores.partial.csv,17304,01d31783256af1fb8aa06d7191482ac5adb7f7b4391a1f3d42ceb72e2c5775fe
results/reviewer_core_20260624/multiview_nested/runs/bbbp/seed_53/outer_candidate_scores.csv,6595,0ed1f30c0e2d85c78d068f9f9c62347f8a891cef8410da9cfcd1ddc7b899ef1f
results/reviewer_core_20260624/multiview_nested/runs/bbbp/seed_53/outer_candidate_scores.partial.csv,6595,0ed1f30c0e2d85c78d068f9f9c62347f8a891cef8410da9cfcd1ddc7b899ef1f
results/reviewer_core_20260624/multiview_nested/runs/bbbp/seed_53/policy_detail.csv,11543,ee2a063e95c78731e8fc7bd3bcb56dc5a152e532f14c97798fe478baf26ba6fe
results/reviewer_core_20260624/multiview_nested/runs/bbbp/seed_53/policy_detail.partial.csv,11543,ee2a063e95c78731e8fc7bd3bcb56dc5a152e532f14c97798fe478baf26ba6fe
results/reviewer_core_20260624/multiview_nested/runs/bbbp/seed_53/ranking_metrics.csv,996,e8880236eb101fbbcd574c0b6db7010d87f706b3c18d9c67c92cbaa941ff07fb
results/reviewer_core_20260624/multiview_nested/runs/bbbp/seed_71/candidate_registry.csv,6277,67a6748ed1ce6024c4b867d5c3ba1ea9d17f0905d862125f0e9eb67c7573b3c6
results/reviewer_core_20260624/multiview_nested/runs/bbbp/seed_71/complete.json,205,e8b80da0598100ef31dddab540faf9723c755732c536fcb81c6bc4ce4094bc8a
results/reviewer_core_20260624/multiview_nested/runs/bbbp/seed_71/inner_scores.csv,17313,0798d7b00f573c16d2928ca8b07a81f050faf49e079e757f0f5ca2691d211dfc
results/reviewer_core_20260624/multiview_nested/runs/bbbp/seed_71/inner_scores.partial.csv,17313,0798d7b00f573c16d2928ca8b07a81f050faf49e079e757f0f5ca2691d211dfc
results/reviewer_core_20260624/multiview_nested/runs/bbbp/seed_71/outer_candidate_scores.csv,6587,2e6b43a4ed4a1d52c2a276e35efb240a9efba8f48df9ec00fe61a7484da1c24c
results/reviewer_core_20260624/multiview_nested/runs/bbbp/seed_71/outer_candidate_scores.partial.csv,6587,2e6b43a4ed4a1d52c2a276e35efb240a9efba8f48df9ec00fe61a7484da1c24c
results/reviewer_core_20260624/multiview_nested/runs/bbbp/seed_71/policy_detail.csv,11515,651a926b51a1c97c59ff3c5b0e42e6d39795cf7812f71350267515835b7b8b72
results/reviewer_core_20260624/multiview_nested/runs/bbbp/seed_71/policy_detail.partial.csv,11515,651a926b51a1c97c59ff3c5b0e42e6d39795cf7812f71350267515835b7b8b72
results/reviewer_core_20260624/multiview_nested/runs/bbbp/seed_71/ranking_metrics.csv,1048,c5b72514c373b7ca0a5b18b067fa62f4fa46632cfe8b83bf9cfa2f4bd6e7c03b
results/reviewer_core_20260624/multiview_nested/runs/clintox/seed_11/candidate_registry.csv,6313,5b50050c386b3596d20f3e3ad77af023345cd94376b43d1c106e2d5f4dfc1d22
results/reviewer_core_20260624/multiview_nested/runs/clintox/seed_11/complete.json,208,930dd2589c7da7439f71103e98f8ffb9e3ed182bb661fc733f2db3f343216a0b
results/reviewer_core_20260624/multiview_nested/runs/clintox/seed_11/inner_scores.csv,17640,b0075c8a0539a224565e3ffaa4e5657c7aadbe39c75f4ef0b654d8f9a53cf9da
results/reviewer_core_20260624/multiview_nested/runs/clintox/seed_11/inner_scores.partial.csv,17640,b0075c8a0539a224565e3ffaa4e5657c7aadbe39c75f4ef0b654d8f9a53cf9da
results/reviewer_core_20260624/multiview_nested/runs/clintox/seed_11/outer_candidate_scores.csv,6697,934bccff442a6ccb2dd52d9bf7a9bd332882cd1c387e47ff5dfaab18affdf2a1
results/reviewer_core_20260624/multiview_nested/runs/clintox/seed_11/outer_candidate_scores.partial.csv,6697,934bccff442a6ccb2dd52d9bf7a9bd332882cd1c387e47ff5dfaab18affdf2a1
results/reviewer_core_20260624/multiview_nested/runs/clintox/seed_11/policy_detail.csv,10847,4ce25c599c5b6dacc87dd936cbe08a84caf09eefb7d9161e354dfedfa1d0cd5e
results/reviewer_core_20260624/multiview_nested/runs/clintox/seed_11/policy_detail.partial.csv,10847,4ce25c599c5b6dacc87dd936cbe08a84caf09eefb7d9161e354dfedfa1d0cd5e
results/reviewer_core_20260624/multiview_nested/runs/clintox/seed_11/ranking_metrics.csv,997,2a351f307c321fd9e2212bda7efe062f29accf90fa34414313b4cb51b78ec5e6
results/reviewer_core_20260624/multiview_nested/runs/clintox/seed_23/candidate_registry.csv,6313,0a6a8771a987a46dc06b7a1e713055a9c60114f385d3e4bde8229d4bbcc08775
results/reviewer_core_20260624/multiview_nested/runs/clintox/seed_23/complete.json,208,84b99a6ecb217cce17aaa338a4b3e0f7f1a96fa60f9fade654c3c364b0d333d2
results/reviewer_core_20260624/multiview_nested/runs/clintox/seed_23/inner_scores.csv,17645,8e2728af262e7e5c101bdb4f57eb838bd4c079981dd06ce595e9b6153cfb4097
results/reviewer_core_20260624/multiview_nested/runs/clintox/seed_23/inner_scores.partial.csv,17645,8e2728af262e7e5c101bdb4f57eb838bd4c079981dd06ce595e9b6153cfb4097
results/reviewer_core_20260624/multiview_nested/runs/clintox/seed_23/outer_candidate_scores.csv,6700,97f86de58b03e5cc36e59364e2f0d8a9b288bb61e1db3516a0d4e6cf7d5d4f2b
results/reviewer_core_20260624/multiview_nested/runs/clintox/seed_23/outer_candidate_scores.partial.csv,6700,97f86de58b03e5cc36e59364e2f0d8a9b288bb61e1db3516a0d4e6cf7d5d4f2b
results/reviewer_core_20260624/multiview_nested/runs/clintox/seed_23/policy_detail.csv,10943,684b78c1c312a8a30a05ebd75268729a8b552695c192d55df4cf60f2f7a65f02
results/reviewer_core_20260624/multiview_nested/runs/clintox/seed_23/policy_detail.partial.csv,10943,684b78c1c312a8a30a05ebd75268729a8b552695c192d55df4cf60f2f7a65f02
results/reviewer_core_20260624/multiview_nested/runs/clintox/seed_23/ranking_metrics.csv,1041,77e204991da938939b64f1a291e6cf5f4956571df72a374a7a9d0b4522f2372b
results/reviewer_core_20260624/multiview_nested/runs/clintox/seed_37/candidate_registry.csv,6313,320d27df66d180c07e82c147821ab13d9a0f20ce35305102eb338e37eefc753f
results/reviewer_core_20260624/multiview_nested/runs/clintox/seed_37/complete.json,208,d0f7f8be5521730843724569279376d0a28bd107f9d166ab9cd4309206e0afae
results/reviewer_core_20260624/multiview_nested/runs/clintox/seed_37/inner_scores.csv,17648,083f98fd9bd790ee6f53eb393d607e0ebfbb2a3545b798c1e5a9761b123253fd
results/reviewer_core_20260624/multiview_nested/runs/clintox/seed_37/inner_scores.partial.csv,17648,083f98fd9bd790ee6f53eb393d607e0ebfbb2a3545b798c1e5a9761b123253fd
results/reviewer_core_20260624/multiview_nested/runs/clintox/seed_37/outer_candidate_scores.csv,6701,08ac089ce701db75290f6944528ecfb89d61eb34c74214eaa5fa9692c2209413
results/reviewer_core_20260624/multiview_nested/runs/clintox/seed_37/outer_candidate_scores.partial.csv,6701,08ac089ce701db75290f6944528ecfb89d61eb34c74214eaa5fa9692c2209413
results/reviewer_core_20260624/multiview_nested/runs/clintox/seed_37/policy_detail.csv,11010,2398a0c233db0e2798c4ba143f3b20a191a0c1861df306e722e0f7965fd12a19
results/reviewer_core_20260624/multiview_nested/runs/clintox/seed_37/policy_detail.partial.csv,11010,2398a0c233db0e2798c4ba143f3b20a191a0c1861df306e722e0f7965fd12a19
results/reviewer_core_20260624/multiview_nested/runs/clintox/seed_37/ranking_metrics.csv,1072,5b5af9a9a3e2829947ff56f76afb68cd5ec1b99738c8ffc80dc79a6d43bbcd42
results/reviewer_core_20260624/multiview_nested/runs/clintox/seed_53/candidate_registry.csv,6313,570664339d449112cd5032aa39546267fe4908291c25399397224f149cace6d1
results/reviewer_core_20260624/multiview_nested/runs/clintox/seed_53/complete.json,208,6776104492c6c1b3009c239f153f1c01d0eb9023b98373789d24560f3b08c032
results/reviewer_core_20260624/multiview_nested/runs/clintox/seed_53/inner_scores.csv,17642,5d96d3f61bfda7216255682d0a35be84c116d85184c0c037d62a40ef49f52997
results/reviewer_core_20260624/multiview_nested/runs/clintox/seed_53/inner_scores.partial.csv,17642,5d96d3f61bfda7216255682d0a35be84c116d85184c0c037d62a40ef49f52997
results/reviewer_core_20260624/multiview_nested/runs/clintox/seed_53/outer_candidate_scores.csv,6701,c18144b4bacf81eaddfe0dbdb2c10da61da8a17dcafab13b45bf3008f66a641c
results/reviewer_core_20260624/multiview_nested/runs/clintox/seed_53/outer_candidate_scores.partial.csv,6701,c18144b4bacf81eaddfe0dbdb2c10da61da8a17dcafab13b45bf3008f66a641c
results/reviewer_core_20260624/multiview_nested/runs/clintox/seed_53/policy_detail.csv,11297,bcce6977226f4a4e5e40c4f2e6fc7167c1b32460f345ff4bb9db4393a77013c9
results/reviewer_core_20260624/multiview_nested/runs/clintox/seed_53/policy_detail.partial.csv,11297,bcce6977226f4a4e5e40c4f2e6fc7167c1b32460f345ff4bb9db4393a77013c9
results/reviewer_core_20260624/multiview_nested/runs/clintox/seed_53/ranking_metrics.csv,1059,911230bb8d3dddd36d4fd86de8a37e9f6095ef43aac382c6fff94083fa4f6e18
results/reviewer_core_20260624/multiview_nested/runs/clintox/seed_71/candidate_registry.csv,6313,c66b8df31c6f367f7519dec1e8b53c205c267ad6f0e8e6ff2763b9bfdbf48e95
results/reviewer_core_20260624/multiview_nested/runs/clintox/seed_71/complete.json,208,6563f3849ebcc35bc15359a1df871b805164a8a508dbc4ddaba0e50238cec18e
results/reviewer_core_20260624/multiview_nested/runs/clintox/seed_71/inner_scores.csv,17644,409f6f625ce953d3358b8693303a63539cf96593ebff73fc350933b68cd27e32
results/reviewer_core_20260624/multiview_nested/runs/clintox/seed_71/inner_scores.partial.csv,17644,409f6f625ce953d3358b8693303a63539cf96593ebff73fc350933b68cd27e32
results/reviewer_core_20260624/multiview_nested/runs/clintox/seed_71/outer_candidate_scores.csv,6694,de3fcc6e9cde25331bec2a2511bf1f6c0674cda0c3f6ecd22a2ce5fff8b52d86
results/reviewer_core_20260624/multiview_nested/runs/clintox/seed_71/outer_candidate_scores.partial.csv,6694,de3fcc6e9cde25331bec2a2511bf1f6c0674cda0c3f6ecd22a2ce5fff8b52d86
results/reviewer_core_20260624/multiview_nested/runs/clintox/seed_71/policy_detail.csv,10855,d75cf6bd9fdbaf1c55778707b807fef945123c70767c8ac8aeaa0f3205c3fe29
results/reviewer_core_20260624/multiview_nested/runs/clintox/seed_71/policy_detail.partial.csv,10855,d75cf6bd9fdbaf1c55778707b807fef945123c70767c8ac8aeaa0f3205c3fe29
results/reviewer_core_20260624/multiview_nested/runs/clintox/seed_71/ranking_metrics.csv,1044,392d1683f65c2f7e2c1cacb742c82906367594d3f4982762804034513ebe16d2
results/reviewer_core_20260624/multiview_nested/runs/esol/seed_11/candidate_registry.csv,5365,fcb2ce2116535c892e23a388ab4a6d83610d456c0b6ca1339f9a0f08ff758b82
results/reviewer_core_20260624/multiview_nested/runs/esol/seed_11/complete.json,190,dddf3f1b9a66b3157696871bc843e87f57dec36036ae03069d03b1f443e4dc5e
results/reviewer_core_20260624/multiview_nested/runs/esol/seed_11/inner_scores.csv,14634,9be89e1bac90612a9768d497c59c78d78a99f3e9384af042a0a999a87f5231d9
results/reviewer_core_20260624/multiview_nested/runs/esol/seed_11/inner_scores.partial.csv,14634,9be89e1bac90612a9768d497c59c78d78a99f3e9384af042a0a999a87f5231d9
results/reviewer_core_20260624/multiview_nested/runs/esol/seed_11/outer_candidate_scores.csv,5414,64db159d23c20416a29660b1714011e32368ed092f826fbcd529ca6b18e7651b
results/reviewer_core_20260624/multiview_nested/runs/esol/seed_11/outer_candidate_scores.partial.csv,5414,64db159d23c20416a29660b1714011e32368ed092f826fbcd529ca6b18e7651b
results/reviewer_core_20260624/multiview_nested/runs/esol/seed_11/policy_detail.csv,11134,835d28e3ab43735e3eda6c5586910171283a9ed44060f17df1071b15565a9790
results/reviewer_core_20260624/multiview_nested/runs/esol/seed_11/policy_detail.partial.csv,11134,835d28e3ab43735e3eda6c5586910171283a9ed44060f17df1071b15565a9790
results/reviewer_core_20260624/multiview_nested/runs/esol/seed_11/ranking_metrics.csv,1034,37af73199edba9e880407c785af7960b53547393cb7e1c48f6c0ad262fc38b84
results/reviewer_core_20260624/multiview_nested/runs/esol/seed_23/candidate_registry.csv,5365,43a6dd1102ba03b21ceccaf7075153bd652f24b9027e1f8902d367be7e991cc9
results/reviewer_core_20260624/multiview_nested/runs/esol/seed_23/complete.json,190,2b54cb8e3c18d6916f95ce5252d708b8a349a5ca575f302b75673be2faa6e2cf
results/reviewer_core_20260624/multiview_nested/runs/esol/seed_23/inner_scores.csv,14644,b7382ac4eec46a060492ed4e714f499e70427ce49826695f12e6871314279a85
results/reviewer_core_20260624/multiview_nested/runs/esol/seed_23/inner_scores.partial.csv,14644,b7382ac4eec46a060492ed4e714f499e70427ce49826695f12e6871314279a85
results/reviewer_core_20260624/multiview_nested/runs/esol/seed_23/outer_candidate_scores.csv,5413,85004fa0742d27f903939e9408b57d132caf3d9e85e3adfd0e8512ccbdd3c180
results/reviewer_core_20260624/multiview_nested/runs/esol/seed_23/outer_candidate_scores.partial.csv,5413,85004fa0742d27f903939e9408b57d132caf3d9e85e3adfd0e8512ccbdd3c180
results/reviewer_core_20260624/multiview_nested/runs/esol/seed_23/policy_detail.csv,11329,63f3cecf82f6fc83bdb08e127775323ebd93f9a06939f7afbf92fd6f56b41b1d
results/reviewer_core_20260624/multiview_nested/runs/esol/seed_23/policy_detail.partial.csv,11329,63f3cecf82f6fc83bdb08e127775323ebd93f9a06939f7afbf92fd6f56b41b1d
results/reviewer_core_20260624/multiview_nested/runs/esol/seed_23/ranking_metrics.csv,1005,007b1021637b9296f1b9dc896dd32d09fdffdefde2f2f119fb8d170f6cf88056
results/reviewer_core_20260624/multiview_nested/runs/esol/seed_37/candidate_registry.csv,5365,e49e3409cf23d1e1aa26013771bd791b4426914e78208ff4f303514e1f3875e4
results/reviewer_core_20260624/multiview_nested/runs/esol/seed_37/complete.json,190,c784dd0f95c904d9af92bc7f747340e7939fae5aa59ff3d2c55fb34c3445fe65
results/reviewer_core_20260624/multiview_nested/runs/esol/seed_37/inner_scores.csv,14646,9f2d0fc046ef6da230f6c4974a62dcce2b2e2b8eb89a13e521018cd2ac0052b9
results/reviewer_core_20260624/multiview_nested/runs/esol/seed_37/inner_scores.partial.csv,14646,9f2d0fc046ef6da230f6c4974a62dcce2b2e2b8eb89a13e521018cd2ac0052b9
results/reviewer_core_20260624/multiview_nested/runs/esol/seed_37/outer_candidate_scores.csv,5412,688485b767e3f81da93d6aa06702828df4f41baaf07394793dac763c8eaec0e9
results/reviewer_core_20260624/multiview_nested/runs/esol/seed_37/outer_candidate_scores.partial.csv,5412,688485b767e3f81da93d6aa06702828df4f41baaf07394793dac763c8eaec0e9
results/reviewer_core_20260624/multiview_nested/runs/esol/seed_37/policy_detail.csv,11371,d5fc15378a06c0293619042abe7966347d68208aeffeed47a5ec8899293d6736
results/reviewer_core_20260624/multiview_nested/runs/esol/seed_37/policy_detail.partial.csv,11371,d5fc15378a06c0293619042abe7966347d68208aeffeed47a5ec8899293d6736
results/reviewer_core_20260624/multiview_nested/runs/esol/seed_37/ranking_metrics.csv,1035,d275e65001264a3300b882c24794e1b4e8c17b006831058cf343325c77b7e216
results/reviewer_core_20260624/multiview_nested/runs/esol/seed_53/candidate_registry.csv,5365,5cf64a48652c9214a431658d4735f3d030cc651fc5b92aac07e39bc766436a44
results/reviewer_core_20260624/multiview_nested/runs/esol/seed_53/complete.json,190,4f2b8dbb794cf0c9f74f4b5796217d5b82e0a2f5942213ad557279712007908b
results/reviewer_core_20260624/multiview_nested/runs/esol/seed_53/inner_scores.csv,14636,98b65ef0fdefd5fa51695709a43bdee759195d6946c778f493b9e796006102c5
results/reviewer_core_20260624/multiview_nested/runs/esol/seed_53/inner_scores.partial.csv,14636,98b65ef0fdefd5fa51695709a43bdee759195d6946c778f493b9e796006102c5
results/reviewer_core_20260624/multiview_nested/runs/esol/seed_53/outer_candidate_scores.csv,5415,6f6041a8bfc61be1e5d412565c9c1309efd33a476b88f3ce312997da292b8368
results/reviewer_core_20260624/multiview_nested/runs/esol/seed_53/outer_candidate_scores.partial.csv,5415,6f6041a8bfc61be1e5d412565c9c1309efd33a476b88f3ce312997da292b8368
results/reviewer_core_20260624/multiview_nested/runs/esol/seed_53/policy_detail.csv,11304,4120f932382e7012da1bc132f3180dbf58362bfe99b0055f5d8faafba384bd28
results/reviewer_core_20260624/multiview_nested/runs/esol/seed_53/policy_detail.partial.csv,11304,4120f932382e7012da1bc132f3180dbf58362bfe99b0055f5d8faafba384bd28
results/reviewer_core_20260624/multiview_nested/runs/esol/seed_53/ranking_metrics.csv,1005,fda5e8f66f3156edddc259c0f9cdf3ee83d3eaf6a250807b08b47671cbfbe4aa
results/reviewer_core_20260624/multiview_nested/runs/esol/seed_71/candidate_registry.csv,5365,9bf09d8efb55038c598a2cc27a0f3903df1819c1c249032b29e67a8263a3e661
results/reviewer_core_20260624/multiview_nested/runs/esol/seed_71/complete.json,190,a246b9631bc8b9105a46d836fba3f5499ca13c25f3e01a57db45542ffd523bcc
results/reviewer_core_20260624/multiview_nested/runs/esol/seed_71/inner_scores.csv,14641,602d4a6738e4096333b250e5d81c104347cd033e3d4805752f7306acdb2b72ac
results/reviewer_core_20260624/multiview_nested/runs/esol/seed_71/inner_scores.partial.csv,14641,602d4a6738e4096333b250e5d81c104347cd033e3d4805752f7306acdb2b72ac
results/reviewer_core_20260624/multiview_nested/runs/esol/seed_71/outer_candidate_scores.csv,5420,b0e2375bc9d727ddc974ca3fb7affd9da6e23389edc9a487cf685264c86af2f6
results/reviewer_core_20260624/multiview_nested/runs/esol/seed_71/outer_candidate_scores.partial.csv,5420,b0e2375bc9d727ddc974ca3fb7affd9da6e23389edc9a487cf685264c86af2f6
results/reviewer_core_20260624/multiview_nested/runs/esol/seed_71/policy_detail.csv,11321,06408d82d502ba438b6e3a1339ba7efb67f38232a61cf392b9ffd2cb18e109c2
results/reviewer_core_20260624/multiview_nested/runs/esol/seed_71/policy_detail.partial.csv,11321,06408d82d502ba438b6e3a1339ba7efb67f38232a61cf392b9ffd2cb18e109c2
results/reviewer_core_20260624/multiview_nested/runs/esol/seed_71/ranking_metrics.csv,1035,a32e42e5264877638ee2e7de6136b90ae6d53dd2090c1371617c2334ec16571a
results/reviewer_core_20260624/multiview_nested/runs/freesolv/seed_11/candidate_registry.csv,5413,c5238feb52824e811e10c2f9c942d9a79e6b44d1be43cb3928ce23e50ad2f327
results/reviewer_core_20260624/multiview_nested/runs/freesolv/seed_11/complete.json,193,29fb26f23cddae8976e490d384eafaba7d699143d0c669fdf08f2e38df2d5c1a
results/reviewer_core_20260624/multiview_nested/runs/freesolv/seed_11/inner_scores.csv,15076,a55a1e38a9fee1e3d39f68dfa95b664149baa8202827c77e5cd2d584dbea9737
results/reviewer_core_20260624/multiview_nested/runs/freesolv/seed_11/inner_scores.partial.csv,15076,a55a1e38a9fee1e3d39f68dfa95b664149baa8202827c77e5cd2d584dbea9737
results/reviewer_core_20260624/multiview_nested/runs/freesolv/seed_11/outer_candidate_scores.csv,5544,d014ee40b0ab87cc262c0227f57474837e33c92e25c075c0779d2a22ceb50ace
results/reviewer_core_20260624/multiview_nested/runs/freesolv/seed_11/outer_candidate_scores.partial.csv,5544,d014ee40b0ab87cc262c0227f57474837e33c92e25c075c0779d2a22ceb50ace
results/reviewer_core_20260624/multiview_nested/runs/freesolv/seed_11/policy_detail.csv,10888,4ec855ae03b8a8385735409c4c2b2d05a650db6b20a6b25ee7098c39d343244e
results/reviewer_core_20260624/multiview_nested/runs/freesolv/seed_11/policy_detail.partial.csv,10888,4ec855ae03b8a8385735409c4c2b2d05a650db6b20a6b25ee7098c39d343244e
results/reviewer_core_20260624/multiview_nested/runs/freesolv/seed_11/ranking_metrics.csv,1005,1de46dc4dfae0282f8b5c774131ffb3a0cea7ffb690946abd77714f22ec63ebd
results/reviewer_core_20260624/multiview_nested/runs/freesolv/seed_23/candidate_registry.csv,5413,ea159f4d4aa9a13a4484d64cb21841bb86dff66f6aa9a49fda80faeaeebc1aa7
results/reviewer_core_20260624/multiview_nested/runs/freesolv/seed_23/complete.json,193,587940ca7805e6837eef0f605cd82975c500b42eb03cda6d7f4870c88b841a5c
results/reviewer_core_20260624/multiview_nested/runs/freesolv/seed_23/inner_scores.csv,15070,2a239a543c56b29c8085b94b7535f5d196070b8f5706bbc3f247611c008c7d9f
results/reviewer_core_20260624/multiview_nested/runs/freesolv/seed_23/inner_scores.partial.csv,15070,2a239a543c56b29c8085b94b7535f5d196070b8f5706bbc3f247611c008c7d9f
results/reviewer_core_20260624/multiview_nested/runs/freesolv/seed_23/outer_candidate_scores.csv,5540,a645c8b2399772b494259cbd3d266e57c9631b30cd1b3f87d85ffdb7a5c73afb
results/reviewer_core_20260624/multiview_nested/runs/freesolv/seed_23/outer_candidate_scores.partial.csv,5540,a645c8b2399772b494259cbd3d266e57c9631b30cd1b3f87d85ffdb7a5c73afb
results/reviewer_core_20260624/multiview_nested/runs/freesolv/seed_23/policy_detail.csv,11062,dee2e9ea8a522f85636a20e75fd33145ddbfa548b1e7a84b6928e67ec7d70206
results/reviewer_core_20260624/multiview_nested/runs/freesolv/seed_23/policy_detail.partial.csv,11062,dee2e9ea8a522f85636a20e75fd33145ddbfa548b1e7a84b6928e67ec7d70206
results/reviewer_core_20260624/multiview_nested/runs/freesolv/seed_23/ranking_metrics.csv,1070,8f0a05329e03968a8f3007609261e0d8c20802ebb4ea8c2dea42b2f9b3e1b2ab
results/reviewer_core_20260624/multiview_nested/runs/freesolv/seed_37/candidate_registry.csv,5413,477ff4f1ba0c9a8a26b6fa8c804e4ca1c88780385feb1c70487dfc724db073ab
results/reviewer_core_20260624/multiview_nested/runs/freesolv/seed_37/complete.json,193,b8016426da325cc7d65d7350451aafb93184a81331c99cff4cf36f1573a06c74
results/reviewer_core_20260624/multiview_nested/runs/freesolv/seed_37/inner_scores.csv,15070,86db44455e87440d85f788314eafd59739f184cab5dda2b22cc788d849097966
results/reviewer_core_20260624/multiview_nested/runs/freesolv/seed_37/inner_scores.partial.csv,15070,86db44455e87440d85f788314eafd59739f184cab5dda2b22cc788d849097966
results/reviewer_core_20260624/multiview_nested/runs/freesolv/seed_37/outer_candidate_scores.csv,5541,0b3bb0f8c1a8782690aec1628e6b19d711f1464e8c94b7aecbb433efea7124da
results/reviewer_core_20260624/multiview_nested/runs/freesolv/seed_37/outer_candidate_scores.partial.csv,5541,0b3bb0f8c1a8782690aec1628e6b19d711f1464e8c94b7aecbb433efea7124da
results/reviewer_core_20260624/multiview_nested/runs/freesolv/seed_37/policy_detail.csv,11001,641dcf5fc14cc9b165e37e41969c03379df5e8fc5bf6a14f338d619ecabc6631
results/reviewer_core_20260624/multiview_nested/runs/freesolv/seed_37/policy_detail.partial.csv,11001,641dcf5fc14cc9b165e37e41969c03379df5e8fc5bf6a14f338d619ecabc6631
results/reviewer_core_20260624/multiview_nested/runs/freesolv/seed_37/ranking_metrics.csv,1069,effda792e1955a03e62f4da6fed047cebd7fef46d4fd4612251c06e976230f1c
results/reviewer_core_20260624/multiview_nested/runs/freesolv/seed_53/candidate_registry.csv,5413,ec8cb98f6171f31db426ddcbf9a5731bbe4def515dcd0b81452fdeeccf5bbda5
results/reviewer_core_20260624/multiview_nested/runs/freesolv/seed_53/complete.json,193,156f56595be374ecdfe22e99e9eb3278d35e38e58375bdde75a3216e909f3631
results/reviewer_core_20260624/multiview_nested/runs/freesolv/seed_53/inner_scores.csv,15071,35c42da17720b44b911178337f403acada238de5bd99027ac7b944900140d755
results/reviewer_core_20260624/multiview_nested/runs/freesolv/seed_53/inner_scores.partial.csv,15071,35c42da17720b44b911178337f403acada238de5bd99027ac7b944900140d755
results/reviewer_core_20260624/multiview_nested/runs/freesolv/seed_53/outer_candidate_scores.csv,5537,8e9ee934e5f6300d564d9ffe5b3fadd27ab957e94665421138fede4bee090a03
results/reviewer_core_20260624/multiview_nested/runs/freesolv/seed_53/outer_candidate_scores.partial.csv,5537,8e9ee934e5f6300d564d9ffe5b3fadd27ab957e94665421138fede4bee090a03
results/reviewer_core_20260624/multiview_nested/runs/freesolv/seed_53/policy_detail.csv,10991,d0ef131d05ab130d4cfbafc135098c261d8642036468437eb748ec566ec0caad
results/reviewer_core_20260624/multiview_nested/runs/freesolv/seed_53/policy_detail.partial.csv,10991,d0ef131d05ab130d4cfbafc135098c261d8642036468437eb748ec566ec0caad
results/reviewer_core_20260624/multiview_nested/runs/freesolv/seed_53/ranking_metrics.csv,1041,c8ec37e6cf2053b1ad58236055360936ffa11c90ef50dd7efbb6ea8c3b5ec3ca
results/reviewer_core_20260624/multiview_nested/runs/freesolv/seed_71/candidate_registry.csv,5413,042f9a7feec7d41bf7d1bd47ac7b247edc63e99803eaca35a842177cd7624285
results/reviewer_core_20260624/multiview_nested/runs/freesolv/seed_71/complete.json,193,986fedf8e82b1c8c1ff0df93beeecf814c025ba02a0a3349e802d03ccd16fbae
results/reviewer_core_20260624/multiview_nested/runs/freesolv/seed_71/inner_scores.csv,15082,282f5ca19abe013cd93324e8ef34a3ea0f2bcabae69a187b07b5ccb3d2a3fdf6
results/reviewer_core_20260624/multiview_nested/runs/freesolv/seed_71/inner_scores.partial.csv,15082,282f5ca19abe013cd93324e8ef34a3ea0f2bcabae69a187b07b5ccb3d2a3fdf6
results/reviewer_core_20260624/multiview_nested/runs/freesolv/seed_71/outer_candidate_scores.csv,5541,d3dd29370fdaa91514934294a99323213f68d17345155e2cf0078fe58b742b43
results/reviewer_core_20260624/multiview_nested/runs/freesolv/seed_71/outer_candidate_scores.partial.csv,5541,d3dd29370fdaa91514934294a99323213f68d17345155e2cf0078fe58b742b43
results/reviewer_core_20260624/multiview_nested/runs/freesolv/seed_71/policy_detail.csv,10941,6898ab257bcfed12ab10806586be136b6301b4ada389d43552e3ae722a0c6771
results/reviewer_core_20260624/multiview_nested/runs/freesolv/seed_71/policy_detail.partial.csv,10941,6898ab257bcfed12ab10806586be136b6301b4ada389d43552e3ae722a0c6771
results/reviewer_core_20260624/multiview_nested/runs/freesolv/seed_71/ranking_metrics.csv,1037,98f16df56b8a615404d48242705de7d3fc25fe90fcc1fe431f6e204f512035e1
results/reviewer_core_20260624/multiview_nested/runs/lipo/seed_11/candidate_registry.csv,5365,20229c1be8ff50182deaa2922ada4972a6384353366775d9bcc5f86439d42bf8
results/reviewer_core_20260624/multiview_nested/runs/lipo/seed_11/complete.json,190,081a7ad3babf0e2a5fa28198d27e6b7c6df4d31b8038f2b0aca0b9c1f454d025
results/reviewer_core_20260624/multiview_nested/runs/lipo/seed_11/inner_scores.csv,14608,5d529735bac55fbb537d5730ff3dd13855d35e3aab46530d9121b80c96d35e0e
results/reviewer_core_20260624/multiview_nested/runs/lipo/seed_11/inner_scores.partial.csv,14608,5d529735bac55fbb537d5730ff3dd13855d35e3aab46530d9121b80c96d35e0e
results/reviewer_core_20260624/multiview_nested/runs/lipo/seed_11/outer_candidate_scores.csv,5475,675a03568e1cd5967fba9a60952a1a89a0eff44f5c3f60e5ef14cd98f95f5b32
results/reviewer_core_20260624/multiview_nested/runs/lipo/seed_11/outer_candidate_scores.partial.csv,5475,675a03568e1cd5967fba9a60952a1a89a0eff44f5c3f60e5ef14cd98f95f5b32
results/reviewer_core_20260624/multiview_nested/runs/lipo/seed_11/policy_detail.csv,10188,e4dff8b03db5c1fc889dd162aa749a3a54e9fde14ae7621ec5c84e14e85eec18
results/reviewer_core_20260624/multiview_nested/runs/lipo/seed_11/policy_detail.partial.csv,10188,e4dff8b03db5c1fc889dd162aa749a3a54e9fde14ae7621ec5c84e14e85eec18
results/reviewer_core_20260624/multiview_nested/runs/lipo/seed_11/ranking_metrics.csv,943,24e45eb2f307c119d6e22f31676cd755fdb2e74dcadd4f986456016251c3326b
results/reviewer_core_20260624/multiview_nested/runs/lipo/seed_23/candidate_registry.csv,5365,c3aca11639edb583eb6f255a3f01144415378c3268d9da4a5504ed247e5a0949
results/reviewer_core_20260624/multiview_nested/runs/lipo/seed_23/complete.json,190,df705365021b69ef5576cac233022b1822bc66ae74448700bffabd66e8bc6d09
results/reviewer_core_20260624/multiview_nested/runs/lipo/seed_23/inner_scores.csv,14613,699aba9141e94cd1ba8f5d10168c0ebdd11a953de792ba874c0a6fabc78ef7ec
results/reviewer_core_20260624/multiview_nested/runs/lipo/seed_23/inner_scores.partial.csv,14613,699aba9141e94cd1ba8f5d10168c0ebdd11a953de792ba874c0a6fabc78ef7ec
results/reviewer_core_20260624/multiview_nested/runs/lipo/seed_23/outer_candidate_scores.csv,5478,8420662dfde27084d16f638fc8b8eb70ce582b5c70a675dd348868c58b121d77
results/reviewer_core_20260624/multiview_nested/runs/lipo/seed_23/outer_candidate_scores.partial.csv,5478,8420662dfde27084d16f638fc8b8eb70ce582b5c70a675dd348868c58b121d77
results/reviewer_core_20260624/multiview_nested/runs/lipo/seed_23/policy_detail.csv,10186,b397fd0a136880db7174cf0e220cb24cfb91e2aa5e00e45786977b37a86bf73c
results/reviewer_core_20260624/multiview_nested/runs/lipo/seed_23/policy_detail.partial.csv,10186,b397fd0a136880db7174cf0e220cb24cfb91e2aa5e00e45786977b37a86bf73c
results/reviewer_core_20260624/multiview_nested/runs/lipo/seed_23/ranking_metrics.csv,942,d4bca255caeb151c24934147011d8de8fdcb244ac09e3c19832a7e8289786df3
results/reviewer_core_20260624/multiview_nested/runs/lipo/seed_37/candidate_registry.csv,5365,87ef29974d58d0e8e071369f66a19a075c4c4effb4125134b94fb5461f21a7ea
results/reviewer_core_20260624/multiview_nested/runs/lipo/seed_37/complete.json,190,85fbd74830230525228f3495edbecfdcca38fd10fc0cb164eee2c59dfa90b7c9
results/reviewer_core_20260624/multiview_nested/runs/lipo/seed_37/inner_scores.csv,14605,bcbc6040a2bab750ae407102d2164684209105617e3e16082c4bd755a959f50e
results/reviewer_core_20260624/multiview_nested/runs/lipo/seed_37/inner_scores.partial.csv,14605,bcbc6040a2bab750ae407102d2164684209105617e3e16082c4bd755a959f50e
results/reviewer_core_20260624/multiview_nested/runs/lipo/seed_37/outer_candidate_scores.csv,5478,9149f7cdde3b0911f4255670daf7c5a22863426a990cc51c6b15dbb8a6482aa4
results/reviewer_core_20260624/multiview_nested/runs/lipo/seed_37/outer_candidate_scores.partial.csv,5478,9149f7cdde3b0911f4255670daf7c5a22863426a990cc51c6b15dbb8a6482aa4
results/reviewer_core_20260624/multiview_nested/runs/lipo/seed_37/policy_detail.csv,10187,737af7543be05bc49b50d7a8e2be8d10071538f27dc208b846614b97d75020e9
results/reviewer_core_20260624/multiview_nested/runs/lipo/seed_37/policy_detail.partial.csv,10187,737af7543be05bc49b50d7a8e2be8d10071538f27dc208b846614b97d75020e9
results/reviewer_core_20260624/multiview_nested/runs/lipo/seed_37/ranking_metrics.csv,943,bc8736bd1f720ca742f6dcc999936cba6a536fe1e3032372bd1086d6866f111c
results/reviewer_core_20260624/multiview_nested/runs/lipo/seed_53/candidate_registry.csv,5365,65c19649e3ddb0bcf898157e7e2226307c0e8b24cc03469a10380ddb3678d586
results/reviewer_core_20260624/multiview_nested/runs/lipo/seed_53/complete.json,190,1c25a8287ed99182e4a2855c844bc697cc6de06285b15894617f007f1000eacf
results/reviewer_core_20260624/multiview_nested/runs/lipo/seed_53/inner_scores.csv,14609,02c301f7810aa3b4f770dfa12c59d7c5e9e798d07dadc669818f04a2e054b315
results/reviewer_core_20260624/multiview_nested/runs/lipo/seed_53/inner_scores.partial.csv,14609,02c301f7810aa3b4f770dfa12c59d7c5e9e798d07dadc669818f04a2e054b315
results/reviewer_core_20260624/multiview_nested/runs/lipo/seed_53/outer_candidate_scores.csv,5477,2231fdfcf85f67fd7299b64cc71313f2b675db4c7d9825e4b6c33ed90e7f86ed
results/reviewer_core_20260624/multiview_nested/runs/lipo/seed_53/outer_candidate_scores.partial.csv,5477,2231fdfcf85f67fd7299b64cc71313f2b675db4c7d9825e4b6c33ed90e7f86ed
results/reviewer_core_20260624/multiview_nested/runs/lipo/seed_53/policy_detail.csv,10188,b69af2ada47d3b172c89b906a372841cf1706bce5e54f9d996e3c5574b7b704f
results/reviewer_core_20260624/multiview_nested/runs/lipo/seed_53/policy_detail.partial.csv,10188,b69af2ada47d3b172c89b906a372841cf1706bce5e54f9d996e3c5574b7b704f
results/reviewer_core_20260624/multiview_nested/runs/lipo/seed_53/ranking_metrics.csv,943,562b6a0de9f039a1d2b5b9846a13576a22af0456aafb5cc7adbdc7a2b88bcc85
results/reviewer_core_20260624/multiview_nested/runs/lipo/seed_71/candidate_registry.csv,5365,ac1c6869a82b8bc365a548e897c76f6417f80335bbaab96da3cc545b82b28f2b
results/reviewer_core_20260624/multiview_nested/runs/lipo/seed_71/complete.json,190,b3f0763dfb7455e6d47c4723fa8c2c2b55d54b525f8472107998f93118274699
results/reviewer_core_20260624/multiview_nested/runs/lipo/seed_71/inner_scores.csv,14607,e59785faa08a4bafede5eab242d0de56a772ffcc5e87d5f4f46bb05aacd86800
results/reviewer_core_20260624/multiview_nested/runs/lipo/seed_71/inner_scores.partial.csv,14607,e59785faa08a4bafede5eab242d0de56a772ffcc5e87d5f4f46bb05aacd86800
results/reviewer_core_20260624/multiview_nested/runs/lipo/seed_71/outer_candidate_scores.csv,5474,aec4e30cb2ca4a6e062f52e15f2f1cf4ddc269588e979e6818f60079822f75e8
results/reviewer_core_20260624/multiview_nested/runs/lipo/seed_71/outer_candidate_scores.partial.csv,5474,aec4e30cb2ca4a6e062f52e15f2f1cf4ddc269588e979e6818f60079822f75e8
results/reviewer_core_20260624/multiview_nested/runs/lipo/seed_71/policy_detail.csv,10177,8b3f3b057ce0014ea4d5b331880160209de0cf70c79dc146d74e9f6f68a42680
results/reviewer_core_20260624/multiview_nested/runs/lipo/seed_71/policy_detail.partial.csv,10177,8b3f3b057ce0014ea4d5b331880160209de0cf70c79dc146d74e9f6f68a42680
results/reviewer_core_20260624/multiview_nested/runs/lipo/seed_71/ranking_metrics.csv,941,79ee294b71d9086b7809b40f89e7bb4c15c00fcbec1415f588a5f94aaa87c212
results/reviewer_core_20260624/multiview_nested/runs/tdc_caco2_wang/seed_11/candidate_registry.csv,5485,0e8a87040a04666258203676cfedf589016594772bf18495564e704360f6a0b1
results/reviewer_core_20260624/multiview_nested/runs/tdc_caco2_wang/seed_11/complete.json,199,4e46e4623276ef9fd919457d36abf898612b1ec6fabdc810f5e6ac0d0b099fc3
results/reviewer_core_20260624/multiview_nested/runs/tdc_caco2_wang/seed_11/inner_scores.csv,15753,122eb43a8231caef1ebfe708c8b9779fb9c7164291c5e7c1de08f6be0f13f85c
results/reviewer_core_20260624/multiview_nested/runs/tdc_caco2_wang/seed_11/inner_scores.partial.csv,15753,122eb43a8231caef1ebfe708c8b9779fb9c7164291c5e7c1de08f6be0f13f85c
results/reviewer_core_20260624/multiview_nested/runs/tdc_caco2_wang/seed_11/outer_candidate_scores.csv,5801,66b14491a6d937f6e34df053a862dd142b9ad870c31315d260739f9531d47c19
results/reviewer_core_20260624/multiview_nested/runs/tdc_caco2_wang/seed_11/outer_candidate_scores.partial.csv,5801,66b14491a6d937f6e34df053a862dd142b9ad870c31315d260739f9531d47c19
results/reviewer_core_20260624/multiview_nested/runs/tdc_caco2_wang/seed_11/policy_detail.csv,11564,1303eefb7d0973cf55cd725ec823313f2b8d329a63c18402b57d78017bc759e0
results/reviewer_core_20260624/multiview_nested/runs/tdc_caco2_wang/seed_11/policy_detail.partial.csv,11564,1303eefb7d0973cf55cd725ec823313f2b8d329a63c18402b57d78017bc759e0
results/reviewer_core_20260624/multiview_nested/runs/tdc_caco2_wang/seed_11/ranking_metrics.csv,1064,83d08a3376f866aeee2a37cccd850193deddc5d1de75b2793644369ed320c4af
results/reviewer_core_20260624/multiview_nested/runs/tdc_caco2_wang/seed_23/candidate_registry.csv,5485,e433799d1991834dd55dd630e163d6234c8facc328c0a97be0c83ccf321a3213
results/reviewer_core_20260624/multiview_nested/runs/tdc_caco2_wang/seed_23/complete.json,199,ee9203e5a81c7364c3d348f2bc31b023f4a88b9295701cf8e3c9051ab49f0329
results/reviewer_core_20260624/multiview_nested/runs/tdc_caco2_wang/seed_23/inner_scores.csv,15740,f143f28a29ec7a62c1236c6ee51786115c4652e2f1f62fbcd44614aff6cbbea1
results/reviewer_core_20260624/multiview_nested/runs/tdc_caco2_wang/seed_23/inner_scores.partial.csv,15740,f143f28a29ec7a62c1236c6ee51786115c4652e2f1f62fbcd44614aff6cbbea1
results/reviewer_core_20260624/multiview_nested/runs/tdc_caco2_wang/seed_23/outer_candidate_scores.csv,5800,c7f8323722db49545b145c29d1e3f8c3f484e7ae79e7822599ef6b5816856af6
results/reviewer_core_20260624/multiview_nested/runs/tdc_caco2_wang/seed_23/outer_candidate_scores.partial.csv,5800,c7f8323722db49545b145c29d1e3f8c3f484e7ae79e7822599ef6b5816856af6
results/reviewer_core_20260624/multiview_nested/runs/tdc_caco2_wang/seed_23/policy_detail.csv,11624,6873435d06708557986f02538bc1598df868e8f034c524ed376103c1c53ad8a6
results/reviewer_core_20260624/multiview_nested/runs/tdc_caco2_wang/seed_23/policy_detail.partial.csv,11624,6873435d06708557986f02538bc1598df868e8f034c524ed376103c1c53ad8a6
results/reviewer_core_20260624/multiview_nested/runs/tdc_caco2_wang/seed_23/ranking_metrics.csv,1109,ef3e36f63da88d8096534d62f96cd2f01c8aef4e3a511d62378a6b1eac50cc66
results/reviewer_core_20260624/multiview_nested/runs/tdc_caco2_wang/seed_37/candidate_registry.csv,5485,0df4fb3497953077317fc3cd708a300adf3a4cb8f8bf476efe4a93a532bfd4a2
results/reviewer_core_20260624/multiview_nested/runs/tdc_caco2_wang/seed_37/complete.json,199,fbb147f8f6e3b5b2c1f79ba0d0370c941357ff52502629220b2564dfea887801
results/reviewer_core_20260624/multiview_nested/runs/tdc_caco2_wang/seed_37/inner_scores.csv,15747,a3a8f29aee1599394dea65204dd19aa320eebb7277cd16475c3347086dd5e3a6
results/reviewer_core_20260624/multiview_nested/runs/tdc_caco2_wang/seed_37/inner_scores.partial.csv,15747,a3a8f29aee1599394dea65204dd19aa320eebb7277cd16475c3347086dd5e3a6
results/reviewer_core_20260624/multiview_nested/runs/tdc_caco2_wang/seed_37/outer_candidate_scores.csv,5792,4654e4e9342cf85a3edf85e4b6c0cdabdfba4ce6e0d061e324a119c35d880665
results/reviewer_core_20260624/multiview_nested/runs/tdc_caco2_wang/seed_37/outer_candidate_scores.partial.csv,5792,4654e4e9342cf85a3edf85e4b6c0cdabdfba4ce6e0d061e324a119c35d880665
results/reviewer_core_20260624/multiview_nested/runs/tdc_caco2_wang/seed_37/policy_detail.csv,11585,63f0f4fcd59bae8d244ecb8e484e1024ea2948a1ca01b8a0628bfdc0e38d97eb
results/reviewer_core_20260624/multiview_nested/runs/tdc_caco2_wang/seed_37/policy_detail.partial.csv,11585,63f0f4fcd59bae8d244ecb8e484e1024ea2948a1ca01b8a0628bfdc0e38d97eb
results/reviewer_core_20260624/multiview_nested/runs/tdc_caco2_wang/seed_37/ranking_metrics.csv,1065,ca793718b956c7be02cd578ec1bd0f0846a48c809affd9d39c49075d7a766fe4
results/reviewer_core_20260624/multiview_nested/runs/tdc_caco2_wang/seed_53/candidate_registry.csv,5485,6d6484722883f10998f553e7aa25053f01c70e7c3039bae9617517b730412085
results/reviewer_core_20260624/multiview_nested/runs/tdc_caco2_wang/seed_53/complete.json,199,79a02ab0e8894d14082207e2cd5160129d4a987d5246d968b57557247e21dd63
results/reviewer_core_20260624/multiview_nested/runs/tdc_caco2_wang/seed_53/inner_scores.csv,15756,7c5715592aa47b93a127702f6f0e982e26a2c61891890e78160a2e87605440e3
results/reviewer_core_20260624/multiview_nested/runs/tdc_caco2_wang/seed_53/inner_scores.partial.csv,15756,7c5715592aa47b93a127702f6f0e982e26a2c61891890e78160a2e87605440e3
results/reviewer_core_20260624/multiview_nested/runs/tdc_caco2_wang/seed_53/outer_candidate_scores.csv,5800,502b72b7095a70c623d5b8f66bab24c8b41574471ebf9c4d555701911cac14ff
results/reviewer_core_20260624/multiview_nested/runs/tdc_caco2_wang/seed_53/outer_candidate_scores.partial.csv,5800,502b72b7095a70c623d5b8f66bab24c8b41574471ebf9c4d555701911cac14ff
results/reviewer_core_20260624/multiview_nested/runs/tdc_caco2_wang/seed_53/policy_detail.csv,11651,b23f188ba78b83210303d9eead9bad0ba8764f8e0df8e52a29b0970d9e67e98d
results/reviewer_core_20260624/multiview_nested/runs/tdc_caco2_wang/seed_53/policy_detail.partial.csv,11651,b23f188ba78b83210303d9eead9bad0ba8764f8e0df8e52a29b0970d9e67e98d
results/reviewer_core_20260624/multiview_nested/runs/tdc_caco2_wang/seed_53/ranking_metrics.csv,1065,4b4a1ff3d369ac25d2ac7cd6a2d51fc50dbc8c3715efc6ddfcfe499c63dd3f8d
results/reviewer_core_20260624/multiview_nested/runs/tdc_caco2_wang/seed_71/candidate_registry.csv,5485,f724c9a20bfd9359c2d41e902512fed41cb5e046964a839e4ae74e1850ae1aa9
results/reviewer_core_20260624/multiview_nested/runs/tdc_caco2_wang/seed_71/complete.json,199,d14cdda4372d7b6bd4fc96afdf36244890a8bb051b0bae3fda3c806555ce97d2
results/reviewer_core_20260624/multiview_nested/runs/tdc_caco2_wang/seed_71/inner_scores.csv,15747,f10fd6925bb8e47559fed9b9708a2e63f7a75e70ccdc31d32ceb89224335e3be
results/reviewer_core_20260624/multiview_nested/runs/tdc_caco2_wang/seed_71/inner_scores.partial.csv,15747,f10fd6925bb8e47559fed9b9708a2e63f7a75e70ccdc31d32ceb89224335e3be
results/reviewer_core_20260624/multiview_nested/runs/tdc_caco2_wang/seed_71/outer_candidate_scores.csv,5795,b9866b72141ce6a71cf2576b36695246a540124fe2ffaf54c72a1ee92df428ed
results/reviewer_core_20260624/multiview_nested/runs/tdc_caco2_wang/seed_71/outer_candidate_scores.partial.csv,5795,b9866b72141ce6a71cf2576b36695246a540124fe2ffaf54c72a1ee92df428ed
results/reviewer_core_20260624/multiview_nested/runs/tdc_caco2_wang/seed_71/policy_detail.csv,11681,fff6783e3c3cbf0312b65f44de0fca7b836ab50913234c28e7c91db0d69cdfc7
results/reviewer_core_20260624/multiview_nested/runs/tdc_caco2_wang/seed_71/policy_detail.partial.csv,11681,fff6783e3c3cbf0312b65f44de0fca7b836ab50913234c28e7c91db0d69cdfc7
results/reviewer_core_20260624/multiview_nested/runs/tdc_caco2_wang/seed_71/ranking_metrics.csv,1109,449d8ba79e1325f3f22c9b620d4741713a26e26af2e2335dd57eadfffd08e11d
results/reviewer_core_20260624/multiview_nested/runs/tdc_hia_hou/seed_11/candidate_registry.csv,6361,c6a9d8c1bc1b2d0849425d0c9861ec5e3b503fed61d2c5cc620953b9186ad626
results/reviewer_core_20260624/multiview_nested/runs/tdc_hia_hou/seed_11/complete.json,211,fcc37645a85ba07d3ec2fedb4606d980774c7109d744e5130b47739f2728ffb6
results/reviewer_core_20260624/multiview_nested/runs/tdc_hia_hou/seed_11/inner_scores.csv,18098,7c64ddef9e36918e4d495f2b8164621eadb900495d5b803a57f53cc947a04294
results/reviewer_core_20260624/multiview_nested/runs/tdc_hia_hou/seed_11/inner_scores.partial.csv,18098,7c64ddef9e36918e4d495f2b8164621eadb900495d5b803a57f53cc947a04294
results/reviewer_core_20260624/multiview_nested/runs/tdc_hia_hou/seed_11/outer_candidate_scores.csv,6815,a75aeb12e2e61678cad6adbc9b8e289a77fe0740e5fe0a2a38325489672f7257
results/reviewer_core_20260624/multiview_nested/runs/tdc_hia_hou/seed_11/outer_candidate_scores.partial.csv,6815,a75aeb12e2e61678cad6adbc9b8e289a77fe0740e5fe0a2a38325489672f7257
results/reviewer_core_20260624/multiview_nested/runs/tdc_hia_hou/seed_11/policy_detail.csv,11857,3a964d33308c398e1faa1518736765f333521c7796c4b4d92300920e89467589
results/reviewer_core_20260624/multiview_nested/runs/tdc_hia_hou/seed_11/policy_detail.partial.csv,11857,3a964d33308c398e1faa1518736765f333521c7796c4b4d92300920e89467589
results/reviewer_core_20260624/multiview_nested/runs/tdc_hia_hou/seed_11/ranking_metrics.csv,1284,a7c2fdc21cc02b2568da28b23009fc8a384f8a2a6210d5ecb089017b4235a3e0
results/reviewer_core_20260624/multiview_nested/runs/tdc_hia_hou/seed_23/candidate_registry.csv,6361,df8d011285435212ffa9909ba741d940faba44a42d704370d3a8bffe116f0b10
results/reviewer_core_20260624/multiview_nested/runs/tdc_hia_hou/seed_23/complete.json,211,4c0cfdc48e4626b403c0b47e5ef136ffd6f262e056e5e131a6b25d389b28903a
results/reviewer_core_20260624/multiview_nested/runs/tdc_hia_hou/seed_23/inner_scores.csv,18111,6d24dcfeed3e1732455d0de7c30b3a0fccc6aa8cbf7d651ee54bf746144231fb
results/reviewer_core_20260624/multiview_nested/runs/tdc_hia_hou/seed_23/inner_scores.partial.csv,18111,6d24dcfeed3e1732455d0de7c30b3a0fccc6aa8cbf7d651ee54bf746144231fb
results/reviewer_core_20260624/multiview_nested/runs/tdc_hia_hou/seed_23/outer_candidate_scores.csv,6823,36bacaeea967cc9d3a205c5f0acf9f8226474127d9d56f332beec5500d53359a
results/reviewer_core_20260624/multiview_nested/runs/tdc_hia_hou/seed_23/outer_candidate_scores.partial.csv,6823,36bacaeea967cc9d3a205c5f0acf9f8226474127d9d56f332beec5500d53359a
results/reviewer_core_20260624/multiview_nested/runs/tdc_hia_hou/seed_23/policy_detail.csv,11592,b665ea8a9b78c23fa8e66ae834637e4639b6ec1c00284e03bbfa1991b07da051
results/reviewer_core_20260624/multiview_nested/runs/tdc_hia_hou/seed_23/policy_detail.partial.csv,11592,b665ea8a9b78c23fa8e66ae834637e4639b6ec1c00284e03bbfa1991b07da051
results/reviewer_core_20260624/multiview_nested/runs/tdc_hia_hou/seed_23/ranking_metrics.csv,1203,496fc93f801ff085bceddb0b8ecd92d1b0ba1095bf2f05831541b18dc315b51d
results/reviewer_core_20260624/multiview_nested/runs/tdc_hia_hou/seed_37/candidate_registry.csv,6361,ac8c77f3e75f367b8b2be8bf03b9fc627a12ce6927d8bfb3e0da03e3bff80d9c
results/reviewer_core_20260624/multiview_nested/runs/tdc_hia_hou/seed_37/complete.json,211,0054f930c7d6e318a6b68fe400e1d05053adc4bc6cfc5bc58fffda1e056f650c
results/reviewer_core_20260624/multiview_nested/runs/tdc_hia_hou/seed_37/inner_scores.csv,18093,a7677196dd69ea6bce30ee797f3393c8f4e4afc4ab0d9ec45db3d3d1cb827562
results/reviewer_core_20260624/multiview_nested/runs/tdc_hia_hou/seed_37/inner_scores.partial.csv,18093,a7677196dd69ea6bce30ee797f3393c8f4e4afc4ab0d9ec45db3d3d1cb827562
results/reviewer_core_20260624/multiview_nested/runs/tdc_hia_hou/seed_37/outer_candidate_scores.csv,6795,a530b8a5469727dd0f4bdb7f1ca9c6d0e3e76a280047ebe246440fcdf4038081
results/reviewer_core_20260624/multiview_nested/runs/tdc_hia_hou/seed_37/outer_candidate_scores.partial.csv,6795,a530b8a5469727dd0f4bdb7f1ca9c6d0e3e76a280047ebe246440fcdf4038081
results/reviewer_core_20260624/multiview_nested/runs/tdc_hia_hou/seed_37/policy_detail.csv,11681,72236bc72b498b36248f626495862f71c50fb027b637ae5f54bac380cae25949
results/reviewer_core_20260624/multiview_nested/runs/tdc_hia_hou/seed_37/policy_detail.partial.csv,11681,72236bc72b498b36248f626495862f71c50fb027b637ae5f54bac380cae25949
results/reviewer_core_20260624/multiview_nested/runs/tdc_hia_hou/seed_37/ranking_metrics.csv,1172,0f76f35311f081c695cacc7dc27be4cf5ad8bf331e652b75bccf43d3a86864b2
results/reviewer_core_20260624/multiview_nested/runs/tdc_hia_hou/seed_53/candidate_registry.csv,6361,386cdb7959d1b52604f0300e0f4cbb5ad28737e3ca8b11dc387c929f5bfda0e6
results/reviewer_core_20260624/multiview_nested/runs/tdc_hia_hou/seed_53/complete.json,211,1731b4d21c99d204923f16c5b9a4b68a17e535e7411c628ea9535465edbedd9a
results/reviewer_core_20260624/multiview_nested/runs/tdc_hia_hou/seed_53/inner_scores.csv,18115,fbaf24ab28121501d5d9b63ff126a00a7e29b5170942f4bbb46d35386c47566d
results/reviewer_core_20260624/multiview_nested/runs/tdc_hia_hou/seed_53/inner_scores.partial.csv,18115,fbaf24ab28121501d5d9b63ff126a00a7e29b5170942f4bbb46d35386c47566d
results/reviewer_core_20260624/multiview_nested/runs/tdc_hia_hou/seed_53/outer_candidate_scores.csv,6805,f35b3cfa5eb478d6a4da3f28e0308285cf058818dd8778246f5e4f240bbfaeb7
results/reviewer_core_20260624/multiview_nested/runs/tdc_hia_hou/seed_53/outer_candidate_scores.partial.csv,6805,f35b3cfa5eb478d6a4da3f28e0308285cf058818dd8778246f5e4f240bbfaeb7
results/reviewer_core_20260624/multiview_nested/runs/tdc_hia_hou/seed_53/policy_detail.csv,11781,42f771c232202a95145b8926bf8de700058a968c857d6d2d583e8eaf0ae8bdc0
results/reviewer_core_20260624/multiview_nested/runs/tdc_hia_hou/seed_53/policy_detail.partial.csv,11781,42f771c232202a95145b8926bf8de700058a968c857d6d2d583e8eaf0ae8bdc0
results/reviewer_core_20260624/multiview_nested/runs/tdc_hia_hou/seed_53/ranking_metrics.csv,1186,d1ff670f852997e212b95be62da5dfcf9f8af418f1100dfb7cc7539f21b60f00
results/reviewer_core_20260624/multiview_nested/runs/tdc_hia_hou/seed_71/candidate_registry.csv,6361,153d1a31e8dc0fdd7f1047b048091c70df7077460702d44b9e846704ac6d113d
results/reviewer_core_20260624/multiview_nested/runs/tdc_hia_hou/seed_71/complete.json,211,d7c7df47a691d2d4563641dc2f5c4130b20f86dee371f6064109d5e8e93a68ff
results/reviewer_core_20260624/multiview_nested/runs/tdc_hia_hou/seed_71/inner_scores.csv,18106,6d6a7295e8fc37a412497c1ab978d3bb6fc5ad7afccadd886abfc9aa9f8f1011
results/reviewer_core_20260624/multiview_nested/runs/tdc_hia_hou/seed_71/inner_scores.partial.csv,18106,6d6a7295e8fc37a412497c1ab978d3bb6fc5ad7afccadd886abfc9aa9f8f1011
results/reviewer_core_20260624/multiview_nested/runs/tdc_hia_hou/seed_71/outer_candidate_scores.csv,6823,b71b1bedaddb3ec2f9f285f26f68905285e15828129a3982659ea7ddec0d055c
results/reviewer_core_20260624/multiview_nested/runs/tdc_hia_hou/seed_71/outer_candidate_scores.partial.csv,6823,b71b1bedaddb3ec2f9f285f26f68905285e15828129a3982659ea7ddec0d055c
results/reviewer_core_20260624/multiview_nested/runs/tdc_hia_hou/seed_71/policy_detail.csv,11680,b84cd19143ee2ee1d53c6449139c5d62d8d6ab3c40cdc73cd3fd352ef34b510a
results/reviewer_core_20260624/multiview_nested/runs/tdc_hia_hou/seed_71/policy_detail.partial.csv,11680,b84cd19143ee2ee1d53c6449139c5d62d8d6ab3c40cdc73cd3fd352ef34b510a
results/reviewer_core_20260624/multiview_nested/runs/tdc_hia_hou/seed_71/ranking_metrics.csv,1171,4b0e20b2b41d04f9d2b48a7b3d20f4ad3b5ace4cc969e005bfbcf226fe86a690
results/reviewer_core_20260624/multiview_nested/runs/tdc_pgp_broccatelli/seed_11/candidate_registry.csv,6457,fc2258257ff33ba4c0cc33195365917d64c6a7c4bd1c0fd6f3a210d28823d58b
results/reviewer_core_20260624/multiview_nested/runs/tdc_pgp_broccatelli/seed_11/complete.json,220,829b1e9c9f82812637fc7fadc91a5c7933f863fb91589d7bb2fc8d75a457c3e4
results/reviewer_core_20260624/multiview_nested/runs/tdc_pgp_broccatelli/seed_11/inner_scores.csv,18944,b368d5e6afa2fc4d872b30d396bb86b7402ba910eac8a1ee3f2955a623cffda8
results/reviewer_core_20260624/multiview_nested/runs/tdc_pgp_broccatelli/seed_11/inner_scores.partial.csv,18944,b368d5e6afa2fc4d872b30d396bb86b7402ba910eac8a1ee3f2955a623cffda8
results/reviewer_core_20260624/multiview_nested/runs/tdc_pgp_broccatelli/seed_11/outer_candidate_scores.csv,7100,44f1ba2935f2833ec230371c3d412fdf272dd86b716a098478d9def704e85d4d
results/reviewer_core_20260624/multiview_nested/runs/tdc_pgp_broccatelli/seed_11/outer_candidate_scores.partial.csv,7100,44f1ba2935f2833ec230371c3d412fdf272dd86b716a098478d9def704e85d4d
results/reviewer_core_20260624/multiview_nested/runs/tdc_pgp_broccatelli/seed_11/policy_detail.csv,12244,c5e7004cf96d4d34e452a57205c5fb74cbecdee4b37c58e5c6d3158c37ad6be9
results/reviewer_core_20260624/multiview_nested/runs/tdc_pgp_broccatelli/seed_11/policy_detail.partial.csv,12244,c5e7004cf96d4d34e452a57205c5fb74cbecdee4b37c58e5c6d3158c37ad6be9
results/reviewer_core_20260624/multiview_nested/runs/tdc_pgp_broccatelli/seed_11/ranking_metrics.csv,1237,2bcf5906b01d0223e296c94f760853ab77b4f47cda278a7773653f7065b6b8d6
results/reviewer_core_20260624/multiview_nested/runs/tdc_pgp_broccatelli/seed_23/candidate_registry.csv,6457,fdc48b096f3df8e9a4df587b5eb63b3ef73c1c8505da8b46b569126b60e00813
results/reviewer_core_20260624/multiview_nested/runs/tdc_pgp_broccatelli/seed_23/complete.json,220,fc28dec85ee4626cf4cf02ca1558c900e9a197307bd171ddf2966a661c5eaa0d
results/reviewer_core_20260624/multiview_nested/runs/tdc_pgp_broccatelli/seed_23/inner_scores.csv,18935,416f5db0d9e0daea9bda18110937cfb2f99983eb7be9d87610ad21b68c14d214
results/reviewer_core_20260624/multiview_nested/runs/tdc_pgp_broccatelli/seed_23/inner_scores.partial.csv,18935,416f5db0d9e0daea9bda18110937cfb2f99983eb7be9d87610ad21b68c14d214
results/reviewer_core_20260624/multiview_nested/runs/tdc_pgp_broccatelli/seed_23/outer_candidate_scores.csv,7095,d12600e2f94f283665aac9d50b70369e1406df606a64e8846d96bb508211a877
results/reviewer_core_20260624/multiview_nested/runs/tdc_pgp_broccatelli/seed_23/outer_candidate_scores.partial.csv,7095,d12600e2f94f283665aac9d50b70369e1406df606a64e8846d96bb508211a877
results/reviewer_core_20260624/multiview_nested/runs/tdc_pgp_broccatelli/seed_23/policy_detail.csv,12318,6878455a848aad932fc045d3c3a747df794bbeea843789e24d207c024bf832d3
results/reviewer_core_20260624/multiview_nested/runs/tdc_pgp_broccatelli/seed_23/policy_detail.partial.csv,12318,6878455a848aad932fc045d3c3a747df794bbeea843789e24d207c024bf832d3
results/reviewer_core_20260624/multiview_nested/runs/tdc_pgp_broccatelli/seed_23/ranking_metrics.csv,1254,d5a07d66150977e223eb99c28357e1600624f4f4be126b3c8d45ed464bc47603
results/reviewer_core_20260624/multiview_nested/runs/tdc_pgp_broccatelli/seed_37/candidate_registry.csv,6457,f271b3bc4909ebb2c479c3f699101cf2b29efef70cd77a897cc8a1c6a45dd83b
results/reviewer_core_20260624/multiview_nested/runs/tdc_pgp_broccatelli/seed_37/complete.json,220,9966046df1d0b04e79b944e45fda71a42a1e340c9164f4c785e0ac3af210b288
results/reviewer_core_20260624/multiview_nested/runs/tdc_pgp_broccatelli/seed_37/inner_scores.csv,18952,f6074124537962a45b0cbc0728345fc474242ab02095dd0a4f43095c818798b5
results/reviewer_core_20260624/multiview_nested/runs/tdc_pgp_broccatelli/seed_37/inner_scores.partial.csv,18952,f6074124537962a45b0cbc0728345fc474242ab02095dd0a4f43095c818798b5
results/reviewer_core_20260624/multiview_nested/runs/tdc_pgp_broccatelli/seed_37/outer_candidate_scores.csv,7092,44b880685c23d4ce1e6e270aed6529871cc2c0df37b4b739df6c942486959dd7
results/reviewer_core_20260624/multiview_nested/runs/tdc_pgp_broccatelli/seed_37/outer_candidate_scores.partial.csv,7092,44b880685c23d4ce1e6e270aed6529871cc2c0df37b4b739df6c942486959dd7
results/reviewer_core_20260624/multiview_nested/runs/tdc_pgp_broccatelli/seed_37/policy_detail.csv,12269,46956a6e55ddb4b18f688a2ea920844a12091658e09dd75d2e25754cfef0531d
results/reviewer_core_20260624/multiview_nested/runs/tdc_pgp_broccatelli/seed_37/policy_detail.partial.csv,12269,46956a6e55ddb4b18f688a2ea920844a12091658e09dd75d2e25754cfef0531d
results/reviewer_core_20260624/multiview_nested/runs/tdc_pgp_broccatelli/seed_37/ranking_metrics.csv,1253,10b5d6222751aef6480032e730e5269987c23e4a7f4f906090adce5b487ca54e
results/reviewer_core_20260624/multiview_nested/runs/tdc_pgp_broccatelli/seed_53/candidate_registry.csv,6457,c86245395e4c40d5b0eab1419d272d7731a2f7e6548e28f57e97203696e4eda3
results/reviewer_core_20260624/multiview_nested/runs/tdc_pgp_broccatelli/seed_53/complete.json,220,4b5d3313de5ea7b9cfeac4740f6831b8a7fa48b1bb3ae64e709326700d3e5d06
results/reviewer_core_20260624/multiview_nested/runs/tdc_pgp_broccatelli/seed_53/inner_scores.csv,18942,87641b632a34944e503c48c59b22df0d86bfdf39075dd47af660e16afa1789ea
results/reviewer_core_20260624/multiview_nested/runs/tdc_pgp_broccatelli/seed_53/inner_scores.partial.csv,18942,87641b632a34944e503c48c59b22df0d86bfdf39075dd47af660e16afa1789ea
results/reviewer_core_20260624/multiview_nested/runs/tdc_pgp_broccatelli/seed_53/outer_candidate_scores.csv,7108,b9744c4456563fff905ce18b8057467ca0db108d268eeedd5de36320726a89fe
results/reviewer_core_20260624/multiview_nested/runs/tdc_pgp_broccatelli/seed_53/outer_candidate_scores.partial.csv,7108,b9744c4456563fff905ce18b8057467ca0db108d268eeedd5de36320726a89fe
results/reviewer_core_20260624/multiview_nested/runs/tdc_pgp_broccatelli/seed_53/policy_detail.csv,12429,33cd61c0c60edd5534f3f0939fb76591d34e4631f9427a42fbd9af5d213e8306
results/reviewer_core_20260624/multiview_nested/runs/tdc_pgp_broccatelli/seed_53/policy_detail.partial.csv,12429,33cd61c0c60edd5534f3f0939fb76591d34e4631f9427a42fbd9af5d213e8306
results/reviewer_core_20260624/multiview_nested/runs/tdc_pgp_broccatelli/seed_53/ranking_metrics.csv,1206,b6be6aac26b26d67dae2190d59f0e165062bdbf49a320895def7675f4026fe68
results/reviewer_core_20260624/multiview_nested/runs/tdc_pgp_broccatelli/seed_71/candidate_registry.csv,6457,6d0d8e555392b5d71190c10acd8c4117adb96966b0cfa80d9a59be26acb2c2e1
results/reviewer_core_20260624/multiview_nested/runs/tdc_pgp_broccatelli/seed_71/complete.json,220,e0f24eb1730474a5b64983159f4a0dc5ef0f93d83f75daacd9b9a32fb182d3e7
results/reviewer_core_20260624/multiview_nested/runs/tdc_pgp_broccatelli/seed_71/inner_scores.csv,18957,2cdb39d3732dad8ef947cdd8772973df2ac8b855af8c697eed6e13c7ce95195e
results/reviewer_core_20260624/multiview_nested/runs/tdc_pgp_broccatelli/seed_71/inner_scores.partial.csv,18957,2cdb39d3732dad8ef947cdd8772973df2ac8b855af8c697eed6e13c7ce95195e
results/reviewer_core_20260624/multiview_nested/runs/tdc_pgp_broccatelli/seed_71/outer_candidate_scores.csv,7092,5d53f276759c39d134a3c161ab8389684cffe7d9d8a545e94f35e5b35f716832
results/reviewer_core_20260624/multiview_nested/runs/tdc_pgp_broccatelli/seed_71/outer_candidate_scores.partial.csv,7092,5d53f276759c39d134a3c161ab8389684cffe7d9d8a545e94f35e5b35f716832
results/reviewer_core_20260624/multiview_nested/runs/tdc_pgp_broccatelli/seed_71/policy_detail.csv,12151,4b282b36247d93ec4fd106dceaa185f8b6252cd61b0dc67b8e40c85a69f4f395
results/reviewer_core_20260624/multiview_nested/runs/tdc_pgp_broccatelli/seed_71/policy_detail.partial.csv,12151,4b282b36247d93ec4fd106dceaa185f8b6252cd61b0dc67b8e40c85a69f4f395
results/reviewer_core_20260624/multiview_nested/runs/tdc_pgp_broccatelli/seed_71/ranking_metrics.csv,1201,a8ce0d699c42bb35c6f61dcc5d253de0d2d806f54c162b4a4f3eceb0405b1609
results/reviewer_core_20260624/multiview_nested/validation_best_representation_counts.csv,330,5c9a1cb3d684457aa375288af3cc57ce98ca5cade844f08aea43659d1d34a1cf
results/reviewer_core_20260624/paired_pool_effects.csv,1443,74225677ce662bcef8cf552c5922600b2c41be0e9e60f2e7e37453d5aecb2b9e
results/reviewer_core_20260624/paired_pool_endpoint_effects.csv,4905,9eb4f49d44ca29f6152d9ea05786160df5797946981e87d25c9dec49c0158335
results/reviewer_core_20260624/reviewer_core_values.json,5008,2fbb4191bd9c447cd3a35fe1185fabb41af42bbd48f3c771e7e765c4aa8529be
results/reviewer_core_20260624/risk_component_summary.csv,522,9b7484ad864569b8e8c3a9d8bb4af9da2acac47dadd6c16c507093312c9a65a3
results/reviewer_core_20260624/risk_loeo_endpoint_summary.csv,1658,2d25d03c30470f47cb0a0b2ee472649a22f41178058e8543546b1858bdc4df3b
results/reviewer_core_20260624/risk_loeo_predictions.csv,264453,0832b05e457af98166ea8645cb846d42bb5ff1ce4671eaa7e1c782487df726cf
results/reviewer_core_20260624/risk_loeo_summary.json,429,757c957e8358c0f06bc5e843f618233e75b9ba0130e9bb29da7099f3c82c0b2e
results/reviewer_core_20260624/risk_quartiles.csv,326,cf38cba3cfa82189464894309b461c83c8fc630c4ef264a54f7b51137baddc20
results/reviewer_core_20260624/signal_recovery_summary.csv,4232,3f39742c872b224117b70d71a15b199e6e47733a889b23587215cc25bbe166d5
results/reviewer_core_20260624/signal_recovery_units.csv,257272,82605fa0a226a59f6ea220e00b9d90db6a4fe9e137282bdce32924fe020494cf
scripts/__init__.py,50,d5dd01735b17dc4a0bb6aed20e5e167fb522abf7c070e18770463846bb6a94f3
scripts/__pycache__/__init__.cpython-313.pyc,235,81a76cda2712a9163a199c8955da0403e7d538b541408b915cb10fb07b9c401b
scripts/__pycache__/build_autogluon_budget_outputs.cpython-313.pyc,5971,791f83652ee892346001cbbfb9eb944f7a23c7431cf3a67db8be43f6052b6051
scripts/__pycache__/build_conformal_activity_reports.cpython-313.pyc,22502,ef8698bcb1db3bf92c407aa3b4e92f159109af41d946c5fc00636b9fbde6cf80
scripts/__pycache__/build_heterogeneous_pool_status.cpython-313.pyc,3429,fc571fa8e2863644d67f910286b564c319896ef77fc22c875660c423f3e958ae
scripts/__pycache__/build_repeated_nested_outputs.cpython-313.pyc,6008,8537863bd6aef33391b1e1197b39986cd03b96959f3c31eea3bd5c59501d5d33
scripts/__pycache__/build_reproducibility_manifest.cpython-313.pyc,5448,bbd42f88c5b8718358d44d152d00077517e0af2351bfe6fcbadac78f66904b4d
scripts/__pycache__/build_stage_b_core_metrics.cpython-313.pyc,2426,41cbf728e64729584f9ea77f0e1c5cc3e298071ae1019083e84ed851990341af
scripts/__pycache__/build_stage_e_figures.cpython-313.pyc,5591,f7b35708884bfb770e8bce1489fe9616f0e051c2eb923b24296ebbda7faea99b
scripts/__pycache__/build_validation_selector.cpython-313.pyc,31285,ecc5fdfc34740ac052864240ad0a0da870fe899c367104e8fd0c60ae6148a762
scripts/__pycache__/run_autogluon_budgets.cpython-313.pyc,6788,5912e9fe9897d31b9c536e4bd1e91a72c538d35299d1352443d0789c5bd1ec3b
scripts/__pycache__/run_candidate_pool_audit.cpython-313.pyc,2675,fcf9f71e90362d25716460b33a5d0fddb7badbf73698800581f24ee7b27ecded
scripts/__pycache__/run_cold_start.cpython-313.pyc,7932,ec865968b9cc571de4b110e09fe215a61e45f9c6b6fff1a47121d01877c780e4
scripts/__pycache__/run_expanded_nested_candidate_pool_20260621.cpython-313.pyc,34470,e204dacd34e679806f129656e8fb73f2a7342712703d24e5b636dd383c90a1a8
scripts/__pycache__/run_reliability_audit.cpython-313.pyc,3843,e38847d03929504133c37f1202a12c77170217dfd68713be9a89295fa5e8c755
scripts/__pycache__/run_repeated_nested_selection.cpython-313.pyc,5748,77eb5083e67de285b35bba56f9749b2e17c60499be86fed518ecf2997952eb8e
scripts/__pycache__/verify_manuscript_values.cpython-313.pyc,12692,b7a8b4e1940fc63a12582f9bd8aac40aa2a7a9ccea2017aaaba2d3028ca01fe1
scripts/add_detailed_formulas_to_manuscript.py,18395,2c06637adf438c740576d6d908db4f226b3ec9693aed0bbc24f34f786ae71b91
scripts/add_formulas_to_manuscript.py,13810,02883fd8d1a206580294afd439b81f7275a02b9dfeff4528f28345efd889d7c2
scripts/add_nature_like_formula_format.py,17235,57d44b9eea783bb00833c90c60d3a4ab5ea904a3af41779e665bb542381584b3
scripts/analyze_candidate_pool_stress_20260621.py,13950,0ad66918ddab320e561a4f49e70824ebbe7007bf6a4621e79682c6ee83364167
scripts/analyze_multiview_nested_20260624.py,7150,bcdf67e85ddbe4757eaaf4ea89665afbafeeb92e056edaa209a8eb99525c2d24
scripts/analyze_reports.py,996,8393ee36f6e8bb789855d278e13973b2b2c13f4e4259a024f38f230aedcd494f
scripts/apply_nature_table_style.py,5289,d42dfcbe5336e760ade00fb546cf10a9bcf22874d9f451ede85afa710fd0aa27
scripts/audit_chugao5_reviewer_revisions.py,19049,d45ca84656966447a4fa0aa443541128a530b5dbdcd0553664f5085da4ada297
scripts/audit_draft10_nature_20260621.py,12266,8dd3b9bf221d806c8a5f328ee27d5d35352cf3eb21993fc7a1033fa84ad3f8be
scripts/audit_draft8_14k_revision_20260621.py,9739,b229336818c765fccfb49d00eca942193f7c55d85856e2f0fc026dff5ebcd180
scripts/audit_draft9_nature_20260621.py,9894,d5aaeffec34dc3f4743a27490f8a2732dd3636df152338eddf0c104fdc052847
scripts/audit_experiment_completion.py,3525,da90b0115903441eb1eb528ee605a572ef8b8288a35cf510f9d2a83e09a641f0
scripts/audit_small_paper3.py,5962,31b9fb178d9d21faae8c806061f7459fd551d611d8cb6c9cd4f2517d28a2456f
scripts/audit_small_paper4.py,6207,48b031bf0888dab217bf365bad5a4f5006450c8f4a4dd8b927f3f3a98957b838
scripts/audit_small_paper5.py,5818,ce8ae5406aac6a0e78b90af1f09b369f7c490e14a08089991c7d629383682775
scripts/audit_small_paper_2.py,4304,91317d6ef926c5cb64aab7b8ed57dfc80ffac2083a763dd6fe8d0d415732f18f
scripts/audit_supplement_experiment_completion.py,12105,3935a2578acb2bc814206ffd234764ed78f2575b40a29a689a90daf5f89d47f0
scripts/build-final-figures.ps1,3592,1ddc82d9d1c6ed65e0953b3648dcb867bc8e40d69241576b3dd6020347e5cdb0
scripts/build-fused-manuscript.ps1,24286,bf900b80f4a9bd44e1a12c55b47a1828a55ab0408489534d73b682546a2f519b
scripts/build_ablation_figure.py,3453,d46c514b4c8dc2d6fa5707ca118a935bd8e9a05da23e8a1fa9038e0374be6973
scripts/build_ablation_outputs.py,5709,fdc1f0bcbc31d65b81f96d01f63f56609415dd0434b699d45883ae229bf096c7
scripts/build_ad_gated_selector_report.py,6684,62d75ff44fb63d47b6bc6d5d86b1be305b5de0927eb59ac493069fe98abd40b0
scripts/build_adaptive_stacking_ensembles.py,16055,9e4dc1614ff7e3db0ffb99067051624627fa190631c3f2ec834d344305bd3693
scripts/build_autogluon_budget_outputs.py,4188,66fcef1b5385a1cc25811b2d2a18fad2d49a1d14a1e88538adf6bdaeb3547bcd
scripts/build_chinese_manuscript_docx.py,29933,91e2ee7590a79c19d7ee7a8a2e5a04e289f9249a02c709cd4b07dbcb6a5b5186
scripts/build_chinese_manuscript_docx_polished.py,93909,2d17684eb96d5c0191d5f0c5bb3886bbac1b1b825391b08a83ad22540803e8a6
scripts/build_chugao_4_docx.py,6554,2642b4c880d5022997c5d4da5afc588b4f7a635201479dcc7719deee24a37ba8
scripts/build_classification_enrichment_report.py,4669,ab38a9c926fc5d086eb38866846cadc17f6aec19c57aa2c6315639a258db932f
scripts/build_cliff_aware_ablation_report.py,11086,dbf12c3493c96a4c6e50ab185cc7ba8ae53c355c1b6e649d9aeb999180a547ee
scripts/build_conformal_activity_reports.py,15263,ba60571bc795319507218a6910041126cc9d7d333a76d08b62a2a18ee9b06cf1
scripts/build_consensus_ensembles.py,4435,abfa3584cd0e098f02948e5b2e7d58cc8b418bb9d20a81ba8265909153e7af50
scripts/build_data_cleaning_audit.py,3576,a3c63edf4ce813a3f8d2f0dd8c005a376fbbba3579ce48a53e3922a50d695b75
scripts/build_draft10_from_full_plan.py,22528,011e48f2f18dd0ada64f92ccaeb2ba2b6e2cbddb57ca50edc3f2de58a87b0de1
scripts/build_draft8_14k_revision_20260621.py,88459,c2b9da53cf18fcad04241329808075dce4f0599a162aab78e5587db7ffd01274
scripts/build_draft9_from_plan.py,22945,22ecd75f90ed89c993202dabf0b33b2abcc9cd7c64a3e28bb8333ab9b749e073
scripts/build_efficiency_report.py,5783,041d45fb7d57c30f005ec042de08c12fae14f969cc003c02fe1c8055468c3fb9
scripts/build_experiment_thickening_figures.py,13802,054f4130bdcded30e5eb99fdc4738d27c46c8b16984e27fe588d92af9c9a0be2
scripts/build_experiment_thickening_stats.py,7271,9fa6860793bc32d211076f909201bf1fad9fb74a5b9e3724d4577b57c63f6d43
scripts/build_formal_external_improvement_appendix.py,28946,8f63b0f14e2596a0b122dbcde4890c0fd5c8f27fb9acb72e72af5835b7500c3d
scripts/build_heterogeneous_pool_status.py,2405,b5505bfe19de6cb95dac516c639f797ab358c5ca5c7893c934daa7957c67e346
scripts/build_integrated_chinese_manuscript.py,34256,72152be6eeb99681f5c7931543088ac2cc67cff53c678c45068db8346349afc9
scripts/build_interpretability_strengthening_report.py,8059,4d6f12136ad453fdabfc2faab0b76a86ce97411b611e930f6121b5be4472eb7a
scripts/build_literature_driven_manuscript_update.py,13633,c44aec18f0ccb6599b9f0a758ae667c9c38bd96fd5be550af530e34e65927e27
scripts/build_manuscript_artifacts.py,33659,8b3b26cbc4bc2ebe69b90ae3a4b16f33a154b82fa08d43ad27af36730f229156
scripts/build_manuscript_outputs.py,9618,d85b723480b91d4f144b2db5f83b9986fbaac73a07852cc607ebf9d0c7938637
scripts/build_model_advantage_report.py,21672,fcdf03182b48b45abaa7ebe67c306887efa19d5ed9a0cdfa37b6cc989de6f9c4
scripts/build_moleculeace_inclusion.py,1468,ee9ed51643fee27296f08285a97bf500a0f59ebc5ad663ece07107d4880936e6
scripts/build_moleculenet_meta_pool_selector.py,16913,dea708d9dda1141787bf42fbb5164c842e99cc6725ded50ef969096404248f2c
scripts/build_motif_attribution_report.py,10477,3edd3d23cbe4135c5db2d30afe7f8a8f0e27ad69a0167c01d20a02289a56630b
scripts/build_openadmet_appendix_table.py,3694,9c3d758da1d82d5514dcce28e27cae962eda0a4696d16962bebe73366a44f0c8
scripts/build_paper19_jcheminformatics_figures.py,20502,77817da4db97a9dd7088a9aa0ad99de2444c27032d38f57684372c74039bf04b
scripts/build_polished_manuscript_figures.py,31362,e886f23717c99e91791d41f27883dfce06d127f52567928a68d99cf76b2d8a99
scripts/build_ppt_from_draft7_10page_core_20260616.py,20254,85fa107a75d5f9efc2e7597359a46f3c091e3fbb5f8547b302f0dc213951074c
scripts/build_ppt_from_draft7_20260616.py,40911,6af3556268668f28f9c718331ebeba962bf52b76479d64e80bbe24b7e83cd51c
scripts/build_ppt_from_draft7_beautified_fullflow_20260616.py,39946,395f2aed9ac055a3c3ce1e2153df4f70b2202d3b49945957b3f6f6f28a2d0be1
scripts/build_ppt_from_draft7_overall_flow_enhanced_20260617.py,28084,0bc1b9fa890650ae3a595a74f94b7799c2019cbf172addab969ca14d29201333
scripts/build_ppt_from_draft7_simplified_dense_20260616.py,44737,3f21332227dda3d4f1996e4f7ee9645c816c433c2b7485ec025e30997102cc9d
scripts/build_q1_upgrade_report.py,14477,22c814113041354a613429a9e862b32b80bc48afb1d6a7ed5bebf94ddc375146
scripts/build_reconstruction_ood_report.py,8968,c83bd0a497375c6645c917e53ee2aa6acae340332071a9c760c72a97e41b4a35
scripts/build_release_inventory.py,1990,11890d1a6f3341c19ab597866164f2f35705973ef53691e26db6e9c084436d45
scripts/build_repeated_nested_figure.py,2939,ee95ac02a2af78f3096eafcf534fb0380d0cf1f4bf959ea281285b6f35d3cdc6
scripts/build_repeated_nested_outputs.py,4412,0f273f369f5e9de13f7aeb8d6b36ff51502802b3f235fa170381091128dfc2db
scripts/build_repeated_nested_statistics.py,2589,b6c517a74b8fedabe502a0f7bd291ded8c5b2ce4ec70ffb1807b3d04ae7d649e
scripts/build_reproducibility_manifest.py,3294,03fb7c3903f5f2be6495b33df9b3c2a145efd0f2762570e6745f7e2c2b7118af
scripts/build_risk_calibrated_selector.py,20264,bc2a22ffcf54ba2e8273460ece0d374b4a5c073e580bb5bbf6d337893c0870ed
scripts/build_scaffold_fragment_case_report.py,5432,a11a36830dd245c1958c2bdc3976bd9a4b4e301f8e93a8781f49c37d9ada2d82
scripts/build_sci1_evidence_pack.py,22832,581fcb9e60f1478c23e1c66030f47473f17bb756128c42f07aca480d784931ca
scripts/build_selector_ablation_report.py,5445,1a0741b64bc38134dac4be032b94067fce418615b822de77ad46f9ae230cda52
scripts/build_selector_stability_report.py,5577,24f7d7b1853f3688aa0a940bfc09b757fd280ad4fcc6977c739801f309ffc843
scripts/build_selector_strategy_audit.py,26568,4d358faf388f19806d1ac212ed674b29a5e4c2f3c57987e4930243be282fd6f7
scripts/build_short_paper_20260612.py,20991,8f51b0ce95dc3d636de72c852f74c0e98aec74f6ba10e48d539f63d81ad00bb5
scripts/build_significance_reports.py,9787,26104e6052fb07c87740d8accf9b7d0389752ecd5ff5e3cb64a5d92a39c98844
scripts/build_small_paper11.py,30770,88c46f49df26b0e663d3e2fa0ac4b6d1cb28f5e6480856400fcdc17d67b28798
scripts/build_small_paper12.py,26755,592cca4c78de50ad509919e6be1bd2d4d893b0cdb6566cfe1653f8141096c4a5
scripts/build_small_paper13_sci1.py,17387,c130465cca4f5dab8a95a6014e58a3c5e23157d127c5dcc9e5449c18f9d53132
scripts/build_small_paper3.py,19452,c38efd8c2f1178f6999242098954b697ec5bd081718cf83e6c98c86e3e428e33
scripts/build_small_paper3_contact_sheet.py,859,e94ffda6d6b7f51abb75032cd58544cafcb98257933acbb4b95e8a2001b65f54
scripts/build_small_paper3_figures.py,44402,4d96b2c81f582b92424c90db300fdbe1cb66dff869c8b5e9acdade964dde1be2
scripts/build_small_paper4.py,22963,1b0efd6694a021a23306c723242e9e3d36768bb053d2dd2260cc78baf115541e
scripts/build_small_paper4_contact_sheet.py,905,d63fb23d8703253c531bb5e86a41b824ae9754581ae771fa26cd283b1c2d5a5d
scripts/build_small_paper4_figures.py,11244,26eecda3d17046db330915024bc1c6b7e8fceb0c55e814e2ced6c87ec895d402
scripts/build_small_paper5_canonical_source_data.py,2897,0159a9fcc72d95d0105550143d61392d9b472855e4e0e45192b7ccde5ee7ccb1
scripts/build_small_paper5_figures.py,33342,896c9d9f9a90f535d212076fe83e5f16cf38225b59e64791c9a3ef4f4c23188d
scripts/build_small_paper5_redline.py,363,0bac9f913f50757ba680e48ec7308aacb8a0fc052eb62771d47903b31f95b490
scripts/build_small_paper8.py,35163,bf3f7e3e31737fea58f5de65fbaa5bee6e39f85d81f59083979df0ffcd55a8e5
scripts/build_stage_b_core_metrics.py,1508,d1065c148465a96d1c895b589d2ca1a0eb551f66fa58b689ab82455af945db67
scripts/build_stage_e_figures.py,3304,ae6e666d6a9e8dabc83f2cf9cd6d95b73ce0d3591925030e0ad6a7181dd2eb38
scripts/build_strong_baseline_improvement_update_20260603.py,17254,8e3300be34dc2f3d466ce6c9c53e06d7ac54d03822dc4330e05b7cf32c54775a
scripts/build_submission_package.py,23089,0914b54e6b2aee1c27a6e37463c736b3df59d32c1cc22ebec2d9dc81032f17c1
scripts/build_supplement_revision_tables.py,17622,1afcf3aabc993b499400a0f16157b804b3b0311f1b78ddf239871995df0cc6ca
scripts/build_task_compliance.py,7318,2a5f26f281414873d3724cc17e6025001ecea2ea0fa140472dc70ecdeec9e0bc
scripts/build_tdc_literature_alignment_report.py,23428,a1cf5065c6f2bbc82e474919e7d421586c26faad22a6c4d339b65d28322cf8c6
scripts/build_tdc_performance_mode_combined_retained_best.py,6545,87c8e84baa9666ede8f28688ff075e2151564ade800409e45b94fb7ceba4cf65
scripts/build_uncertainty_ad_reports.py,10661,f34666905bbd5d8ff5be5d14af666559203c0d719be511be7507762ff65fd9d4
scripts/build_unique_uq_report.py,12678,dd91a4040e17dd77ac02d60583041d4edcc9c46874ce6a29f68a26887eec28c8
scripts/build_validation_calibration_report.py,8745,679a89693d1f5a8bf7bcb4f3c16a2ac2e90c65b523600b380fb7989ec60f08d0
scripts/build_validation_selector.py,33704,733db6ac5705e7572e8884debdde3a8a1e1a4aba3e6540373668f85f7c3ba88b
scripts/check_manuscript_consistency.py,4802,67fb38b9f0979005d533da98bedfb3ef89f2543167866fac7991b3d3d1450a62
scripts/check_openadmet_expansionrx_feasibility.py,7750,6118c7aa74a9656353cbbad3fd6894008ae64ac2a822c97748ceb3c50d1ff909
scripts/clean_manuscript_titles_remove_index_20260604.py,6753,049f3ce04a7c1ef4038b6c9cc788fbe855aedb3065da272473bbe4155fd3341a
scripts/compare_model_summaries.py,3367,22d733e6a520dde1bf86d44f1fb0aca3c0dc80b8ffc6f02ba8190a72ca2e7472
scripts/create_chugao_1_ssci_structure_20260605.py,18502,142be865087533c6b7ad4ae91c8ba0e9e9ce50e35eae4970849ee82376ce4829
scripts/download_open_data.py,1978,45c3ce5ae7a14f65190de52a7916557dbe8963d29e95c53be85d423397aa6f4b
scripts/download_tdc_admet.py,4040,dd4fd30f72d463252603deb6cef1dfc249fcf91247cfcdee2386a1254a942341
scripts/expand_draft5_to_draft6_nature_11000_20260616.py,33711,c10e5c64670c4d1e93680ea36777c39a3975ad1f10622d8c0bce6d63580e6167
scripts/export_hires_manuscript_figures_20260604.py,3934,67aba1722416be48dc476bb208e5765a63e90b633bbc8b0a05bf67549ccec86e
scripts/extract-docx.ps1,6800,0462a2daeba72620a89c00c14d882f1700b8732397733f2ea1e8b11dc2ee8e4f
scripts/extract_recent_literature_evidence_20260621.py,5768,e487ea71100ebf04b06075c42817f6c717580c078e5238aa9572a66c520b3250
scripts/final_academic_post_polish_20260604.py,6748,d88a5059f234a20e6fe13270666d3b73ba7d17ff96b8e8135459842488941883
scripts/final_nature_layout_draft6_to_draft7_20260616.py,21406,6836608775a88d388fedb855683c2a32392664f9fe8dc1ba1ddc3dcdb92591a7
scripts/final_nature_logic_polish.py,9579,490f632a403430ede9d0bc049960645263d98e2784f6ab1ffbbb9354e3681ab5
scripts/finalize_paper12_core_addon_analyses.py,16701,650a93df7a5b3046ab3aa404f814f0d0eccd9559f3d156290e70e20aef4556f2
scripts/finalize_paper12_gap_experiments.py,5268,edbf6e4551600dd60b2783efd2611381c198cc06b282709848259baa784ea894
scripts/fix_draft5_tables_nature_20260616.py,16162,e15e7e82b3e10f14957c009154f6b0fb6237e90f01023472b14aececa2159d2a
scripts/format_small_paper13_nature.py,20434,1d9af67be383b95307b03399aa040af5637eaba246acab8c7ffbcd166e4e1aa9
scripts/generate_draft10_core_figure_20260621.py,6292,b1a14e6aeca106c296e49996fb821717edbe68170e8b0476738ac8d9d7d34334
scripts/generate_draft8_revision_figures_20260621.py,35674,4b35a0dc1a6c76ae48edee0c9f24586df119826133686a0109baf64855a1533f
scripts/generate_pretrained_embeddings.py,3716,515a08493ed326af4517a40f2c9a07bfe54ffc0dc5c4771913f41112c9afd3d1
scripts/make-figure-sheet.ps1,1717,4cc1b4af5fc43ffc0b09f3b74ea00096aff2fa2ebf3c01e6444b9e48b54ad1e5
scripts/merge_complete_integrated_manuscript_20260603.py,22235,e0e3234725afa8844083db659bacd8de3b7c01f325f46502b0503b762c5cfdb1
scripts/merge_single_paper_manuscript_20260603.py,17238,a45fa549bc73b1f0d40a3505f9e2a025beff8f9533ff0d746693fa6757798881
scripts/nature_formula_revision_to_chugao7.py,13460,8b261313b9526b4712232cdf79153deb77e720c3e39aee7fcadc06a2076b14a5
scripts/nature_full_text_logic_polish.py,20081,93cfeb79fd9d4e45a18231b5534ce68b0c54202b532307e55fea4b44dfc12c78
scripts/paper14_extract_docx.py,4344,46797c4f2bcfb0ee0f7f9de8df15f986fe5b3da54dab961f03ff312a86c3175f
scripts/paper14_extract_figures_contact.py,3280,0e569415f63bfae2ca6c37e04676613a83275ca1ef66de0dbca9e6bcd5207a22
scripts/paper14_final_audit.py,3631,7f30c5a1a2313eff76ca7a18f3faa4919612e4679fb196c837d98003fb67af7e
scripts/paper14_panel_letter_boxes.py,2867,6302a40cf2fb031288d431b5249b16e50e9f8b87ec0a11ce106f985680f5e3bd
scripts/paper14_panel_letter_crop_sheet.py,1832,ea6fab016f632958d7f0b88b7a797bb58911552025b8ada3709ee6386f28c2c1
scripts/paper14_polish_docx.py,53724,e082b557e3b4f60164aa5b8d7697ba51f84d3b14956f86e6e6dce3ade3b56b91
scripts/paper14_reference_audit.py,5182,3b5568035bfbf1da4f4051c23acdb6bcc07ca1fd9abdb58159d11c18b3aca99a
scripts/paper14_remove_panel_letters_svg.py,8187,decdcd24022f8257a0e412881dac7822eaef88652e68a489979c416acdf863c0
scripts/polish_draft17_nature_logic_20260611.py,32985,b698b3ab6505988f19e8d98ead9d07d98f109c9b9483c15a2d47faa7da922a40
scripts/polish_draft9_nature_20260621.py,75741,177600befa0afa4f605c7ddd80d8f82e5e294a861c25aaf9cf1a22559875284b
scripts/polish_manuscript_academic_language_20260604.py,17107,b14cdae5eeaedf54e5e98c1cef67c8d5fbdfd179af17da36dca24ad7c493eca0
scripts/post_polish_academic_language_20260604.py,4932,595a2dcf557962bbcdd87536ce8fd5e0a6ebb6c0af57ea6ea31d0913432b2fe0
scripts/prepare_autogluon_features_20260621.py,3502,2b14bc006a60165fad474e9517a8a50b92c3b30be34bec213bb709e758246a1b
scripts/redraw_fig01_workflow.py,12587,6e8a09dcae2332485202fa2a344d7ab9f675194dbe3f8b3c518714c138c4cce5
scripts/redraw_fig07_tdc_gate_audit_4panel.py,8008,d9e9a596628e27fc38e9a82fd829aad9c0e3ca7a4dfaec4ea368ea2cbf7dfaf9
scripts/redraw_nature_reliability_fig6_20260605.py,7179,c2f9ea2c77c23a1e2cd134da81da034d67a512bda376faca60ace83c16ab3796
scripts/redraw_publication_figures.py,31882,0415aea06b4d1b0e0ae411cc025ae8e5f992557a835c10e26e002807e9123f6c
scripts/replace_fig01_in_docx.py,4576,4c35ea50c6ba78f24ae277752c725b4809eaced7542a00d89c13e12d421916c6
scripts/reproduce_analysis.py,964,21ae9b7b4340bb43a58289e4e892d8298f968a322c6de05e71c991cb179b0de5
scripts/reproduce_full_study.py,3119,52605fd7ea7c2befabb974dac04dcda86ae03af36e22a40e07834ff655248591
scripts/restructure_manuscript_integrated_results_20260604.py,37688,df03387ab8e44ac4304da769244b0331597d2f4abfcdedffffb02376ad5d6e12
scripts/restructure_manuscript_nine_chapters_20260605.py,16644,16d5a995234fa4031b7ff74ca129734051c1ad47dc49ad9a3adef67fdfb12e31
scripts/restyle_manuscript_figures_nature_palette_20260605.py,6491,b3e6ee90d5fc9152268006affc982a22f47953d1e1fc844493bd9d2159358a68
scripts/revise_draft4_to_draft5_nature_20260616.py,30979,076598674a15f526ec9add0246ae2341bab7c65cc54140bfdc56f8188ee9586c
scripts/revise_manuscript_frontmatter_normative_20260604.py,23139,bed239fd83eda5141a5e9f0999b3e236ca85f089db0844f97c108bb1336936a8
scripts/revise_to_chugao5_from_reviewer.py,41572,320feefadcf429e7e55ca9d5bcda7afbd94d60ab65165e5312c0c63a2361f81d
scripts/run_3d_roughness_regression_experts.py,35134,e2c6b137411f1f5ae92c4a5473051a9c1ddf7421afa2b59dd78cafdac408c3ca
scripts/run_autogluon_budgets.py,3865,22e0c24ac4d127e951c80b2124cad8778b8502ab76b8725eef2dc00af6f02312
scripts/run_autogluon_nested_wsl_20260621.py,12996,315e156fc97a430fc2f4847e955011a5bb214956a0e1f3371e59ea1f752a2bfe
scripts/run_bro5_cycpept_pampa_benchmark.py,15079,f3f661f51cc5b11b5a6bb3410f75da241633952b96d7d65bed3df43a5b20ee71
scripts/run_bro5_linpept_benchmark.py,16476,7daea93e0e7fde654d44b73f145a4c49889a9b1e29ff4c6dad1e0662811ce7c0
scripts/run_candidate_pool_audit.py,1696,a4c7295e4c730471a6571f9dcb629fcb8da87d96363518e67c2984736999ddb1
scripts/run_chemprop_baselines.py,12334,d9326f042bb196c90fca629c50aa4af57cb395af2396ca3e7178bca093e542bf
scripts/run_cold_start.py,5223,3c572ba7e6c3bd4f0afe9df7a182bd05cf580bf39b4287c4967d3f66b4ce647a
scripts/run_descriptor_motif_baselines.py,13644,94c290d3dd6d1abc23231b3950fa689dee731bf4a9ca911d7665591dfb75c7cf
scripts/run_expanded_nested_candidate_pool_20260621.py,30344,5d052cd2b9130b66c6cdaba192153ce03adbde4e2ca2ae275f0a234cdb53b591
scripts/run_experiment.py,789,533172154174c118afcce64ee9d2c50a6a1c7a9f940daf42ee23ad5e8fbd8fe7
scripts/run_experiment_update.py,3375,9739d8abce5f8274bebf9dd2afa03d7d6fb1f936167945de13112c10a10bb425
scripts/run_formal_fixed_selector_integration.py,21090,cc9c088cc6def299369ee108740ea0f39d986cb51d8f6524053632b4b434f07f
scripts/run_moleculeace_benchmark.py,12893,c87b60aa6763f0c97c0cbc9456200ee15b8b285dd99835e2e8a4ebd138df72e1
scripts/run_moleculenet_targeted_rebuilds.py,35551,d4f1142a40a85e39d38d5fc24c302f0fa394591623d1cc65877f83bc25176e55
scripts/run_nature_multimethod_fusion_appendix.py,52891,3ca85c0539bcdab5e3ea7edeca0f922189ff2280a87266c0d2b63ceed2c9f7f7
scripts/run_openadmet_expansionrx_fast_benchmark.py,20481,6e97abed19fc111f159dd9c186b2cb81b70fe8724603483c8214ae4fff000fe4
scripts/run_paper12_chemprop_inner_panel.py,10341,23ce417aa01d4163a642b44111c756ec3b9dc24e6bf548033794053ec6a51707
scripts/run_paper12_chemprop_outer_panel.py,10737,7b094fba5e8a26a5775cf1e3603f6672a6539e5d1883edc316ad8670713c85d9
scripts/run_paper12_strict_gap_experiments.py,29016,0d610cef9edbb5f8ee8bf93812092e0c1609717c79d4a7a81e275ec06a25c309
scripts/run_paper19_jcheminformatics_additional_analyses.py,11495,2b9feed5193b3554d80d2a49ab63836194274a00304131f9ae900983b297ff62
scripts/run_pretrained_frozen_heads.py,8631,b31d1c0cade929893364113d4b599a28bb5ceb560a69889fc527df13ec646d06
scripts/run_pretrained_lightweight_adapter.py,9227,38149f361e96d42d4168b9805562dab8ed29219062efd7ada2c0a23df0a49e44
scripts/run_pretrained_rescue_heads.py,16785,230a134d873b88b3c695cd72cfef53869573c442104f0fa4f0b46f685e9c4ce7
scripts/run_reliability_audit.py,2546,d421a0c9ae33309ebe2a400cb3c335427678d5ca2070af01f83ff2bfd752f97c
scripts/run_remaining_missing_experiments.py,30248,b1ed225f00a68c010bcceb5e5496b79e356d9b85956316ed3e48f0857f786782
scripts/run_repeated_nested_selection.py,3587,48217ae6df91d5739f2acf7b94d1f139a19df87dff1fd66bf7d66366f33ecf0d
scripts/run_rescue_integrated_selector.py,11699,c42b82f32532cb128940ec71663fde137ecc42de62fa424cffe88cbf2dba5bee
scripts/run_reviewer_core_experiments_20260624.py,25758,573a7666e767013d540cd866947a163b4408670071e8336d1abafec70b87deca
scripts/run_sci1_hardening_experiments_20260707.py,22840,512b90f3f0b637226bb0a2a96f9a3727a0dbc8bffef15a311eed0a1caf797744
scripts/run_sci1_mechanism_uq_decision_20260707.py,56250,de7dc04caabd6977643dd5e5b1a2244e5c2db5e984e968ec5439901aa21d743f
scripts/run_selection_closure_experiments.py,11271,9f780f1502ee38022b22b79099b562f83b7788a506e17d24a888af7b6f839e88
scripts/run_shared_split_multiview_nested_20260624.py,25588,6e1d625cbba884b7caa137e857568fa53cedcf6f0edb6adb559ae02edc5129eb
scripts/run_split_realism_benchmark.py,10995,b04c94391935ea4a3dd6d0a3b71c3fc78ad9ab0a3a0ff0c37517b9c941d8cb2f
scripts/run_strict_core_single.py,1853,eafef5a68c99b1703436826dc9a3cfa5d22561e6f3c300cf2b6c974c1fb9cafa
scripts/run_structure_full_selector.py,23043,f0b5e014695f6e0288da10b30360ef4fb5f8b96a03158c339851f08bcac59c71
scripts/run_tdc_full_panel_appendix_benchmark.py,16449,9f2d8e3908b82c14c29e6e1c7c6bf7e7627234c1b590dd06e0e95807b797ae50
scripts/run_tdc_nature_multimethod_fusion_appendix.py,12561,2bd6ba9ec5018545c40e08c07027cb2ae56f7134d84b0729a94a00ece72b5bf0
scripts/run_tdc_official_admet_splits.py,8951,395e36355eb13aa2420669268a1f45edb06e1105cd06c6921a2e835db80a0226
scripts/run_tdc_performance_mode_appendix.py,37562,a279065956d88e809f2fb6b5be22d223af97d0ff4a4028db2fbb4a47cbd3a0ef
scripts/run_true_nested_validation.py,13178,f5ce1e35e900165e0d62939f889dec98d9b23e5ad03809f6beec2d237e081f9b
scripts/run_validation_suite.py,3100,e23a89b6b1be1719b02a9291f56e4d841e2840bf695fabf9e925af660087f95f
scripts/structure-to-md.ps1,2423,9678c1c626c89f512049db4382b5e035988ac36d96a7f667de24fb0d5f949e23
scripts/summarize_full_experiment_run_20260611.py,20865,0fbeb615e27d614867e4dd9af7db4693a416236a5dd18a94742196ab4356d13c
scripts/thicken_paper11_experiments.py,24561,0299790aa4a310f995b309bf72f53d7c612d72595ed22adccb612e48ff544dad
scripts/update_chinese_manuscript_strong_baseline_20260604.py,16976,b9101fde927a0996ae695e112d2581ba29bc2b73593c149122f49c5bfd98fad9
scripts/update_linpept_completion_20260611.py,19975,4e29739e52631132f9ce12779a578c6395bbb44eee9b3ad2110ea53efc0f05cb
scripts/update_manuscript_after_full_run.py,29453,f5c3249c2987c0f1acb64823818bc2f6607e4ffdd8d19a46a60266cd12b94bf1
scripts/update_manuscript_supplement.py,31935,b911353974826be61b01dc1dffe3a62cad6a3714ef0ca179795ebc76302e2527
scripts/update_paper_title.py,2038,ffbbd6b7503d60fa81e12392ecd6161cc5bf88465ecd1c5436ebacafc13e833e
scripts/validate_manuscript_numbers.py,2951,86e4dd8886672ce3b1a7f89bcbbe768f5da27add08ce00eba9085ca24f7a8e9a
scripts/verify_manuscript_values.py,8596,7d709d6452b2b19b573fdcae1b78f635790ea64ad4484d377488d3d358606481
scripts/verify_paper19_package.py,1589,67b4cda3abbf18eff1b3b8c11a60348923350cd46c6d257c88c5ebf79ba6d5a3
scripts_current/__init__.py,50,d5dd01735b17dc4a0bb6aed20e5e167fb522abf7c070e18770463846bb6a94f3
scripts_current/add_detailed_formulas_to_manuscript.py,18395,2c06637adf438c740576d6d908db4f226b3ec9693aed0bbc24f34f786ae71b91
scripts_current/add_formulas_to_manuscript.py,13810,02883fd8d1a206580294afd439b81f7275a02b9dfeff4528f28345efd889d7c2
scripts_current/add_nature_like_formula_format.py,17235,57d44b9eea783bb00833c90c60d3a4ab5ea904a3af41779e665bb542381584b3
scripts_current/analyze_candidate_pool_stress_20260621.py,13950,0ad66918ddab320e561a4f49e70824ebbe7007bf6a4621e79682c6ee83364167
scripts_current/analyze_equal_size_registry_composition_20260716.py,20981,c04caead968d5eb31a16c7eeaf546cfe680ec4c31a61a50acc32226297c1d117
scripts_current/analyze_multiview_nested_20260624.py,7150,bcdf67e85ddbe4757eaaf4ea89665afbafeeb92e056edaa209a8eb99525c2d24
scripts_current/analyze_paper31_composition_split_loop_20260717.py,8012,a2e64ae08ae5135357420f02188cad5c3a0fa69d4e91f416a4b9d5574a0e371d
scripts_current/analyze_paper31_expanded_intervention_20260717.py,50085,bff71c4a4b342e9cf3db9deb28d481e9dd21dfe8bf66dc26718772c07edbcf3c
scripts_current/analyze_reports.py,996,8393ee36f6e8bb789855d278e13973b2b2c13f4e4259a024f38f230aedcd494f
scripts_current/analyze_split_regime_transfer_20260716.py,16039,61238784adf7317790402fc47b4ab3dfa8bc19d35b267fec13c47011279de36d
scripts_current/apply_nature_table_style.py,5289,d42dfcbe5336e760ade00fb546cf10a9bcf22874d9f451ede85afa710fd0aa27
scripts_current/assemble_paper31_submission_package_20260717.py,5863,802e85208cf9c866903343a10f9f4039200047eef0b62ca9060dad7443f5417c
scripts_current/audit_chugao5_reviewer_revisions.py,19049,d45ca84656966447a4fa0aa443541128a530b5dbdcd0553664f5085da4ada297
scripts_current/audit_draft10_nature_20260621.py,12266,8dd3b9bf221d806c8a5f328ee27d5d35352cf3eb21993fc7a1033fa84ad3f8be
scripts_current/audit_draft8_14k_revision_20260621.py,9739,b229336818c765fccfb49d00eca942193f7c55d85856e2f0fc026dff5ebcd180
scripts_current/audit_draft9_nature_20260621.py,9894,d5aaeffec34dc3f4743a27490f8a2732dd3636df152338eddf0c104fdc052847
scripts_current/audit_experiment_completion.py,3525,da90b0115903441eb1eb528ee605a572ef8b8288a35cf510f9d2a83e09a641f0
scripts_current/audit_small_paper3.py,5962,31b9fb178d9d21faae8c806061f7459fd551d611d8cb6c9cd4f2517d28a2456f
scripts_current/audit_small_paper4.py,6207,48b031bf0888dab217bf365bad5a4f5006450c8f4a4dd8b927f3f3a98957b838
scripts_current/audit_small_paper5.py,5818,ce8ae5406aac6a0e78b90af1f09b369f7c490e14a08089991c7d629383682775
scripts_current/audit_small_paper_2.py,4304,91317d6ef926c5cb64aab7b8ed57dfc80ffac2083a763dd6fe8d0d415732f18f
scripts_current/audit_supplement_experiment_completion.py,12105,3935a2578acb2bc814206ffd234764ed78f2575b40a29a689a90daf5f89d47f0
scripts_current/build-final-figures.ps1,3592,1ddc82d9d1c6ed65e0953b3648dcb867bc8e40d69241576b3dd6020347e5cdb0
scripts_current/build-fused-manuscript.ps1,24286,bf900b80f4a9bd44e1a12c55b47a1828a55ab0408489534d73b682546a2f519b
scripts_current/build_ablation_figure.py,3453,d46c514b4c8dc2d6fa5707ca118a935bd8e9a05da23e8a1fa9038e0374be6973
scripts_current/build_ablation_outputs.py,5709,fdc1f0bcbc31d65b81f96d01f63f56609415dd0434b699d45883ae229bf096c7
scripts_current/build_ad_gated_selector_report.py,6684,62d75ff44fb63d47b6bc6d5d86b1be305b5de0927eb59ac493069fe98abd40b0
scripts_current/build_adaptive_stacking_ensembles.py,16055,9e4dc1614ff7e3db0ffb99067051624627fa190631c3f2ec834d344305bd3693
scripts_current/build_autogluon_budget_outputs.py,4188,66fcef1b5385a1cc25811b2d2a18fad2d49a1d14a1e88538adf6bdaeb3547bcd
scripts_current/build_chinese_manuscript_docx.py,29933,91e2ee7590a79c19d7ee7a8a2e5a04e289f9249a02c709cd4b07dbcb6a5b5186
scripts_current/build_chinese_manuscript_docx_polished.py,93909,2d17684eb96d5c0191d5f0c5bb3886bbac1b1b825391b08a83ad22540803e8a6
scripts_current/build_chugao_4_docx.py,6554,2642b4c880d5022997c5d4da5afc588b4f7a635201479dcc7719deee24a37ba8
scripts_current/build_classification_enrichment_report.py,4669,ab38a9c926fc5d086eb38866846cadc17f6aec19c57aa2c6315639a258db932f
scripts_current/build_cliff_aware_ablation_report.py,11086,dbf12c3493c96a4c6e50ab185cc7ba8ae53c355c1b6e649d9aeb999180a547ee
scripts_current/build_conformal_activity_reports.py,15263,ba60571bc795319507218a6910041126cc9d7d333a76d08b62a2a18ee9b06cf1
scripts_current/build_consensus_ensembles.py,4435,abfa3584cd0e098f02948e5b2e7d58cc8b418bb9d20a81ba8265909153e7af50
scripts_current/build_data_cleaning_audit.py,3576,a3c63edf4ce813a3f8d2f0dd8c005a376fbbba3579ce48a53e3922a50d695b75
scripts_current/build_draft10_from_full_plan.py,22528,011e48f2f18dd0ada64f92ccaeb2ba2b6e2cbddb57ca50edc3f2de58a87b0de1
scripts_current/build_draft8_14k_revision_20260621.py,88459,c2b9da53cf18fcad04241329808075dce4f0599a162aab78e5587db7ffd01274
scripts_current/build_draft9_from_plan.py,22945,22ecd75f90ed89c993202dabf0b33b2abcc9cd7c64a3e28bb8333ab9b749e073
scripts_current/build_efficiency_report.py,5783,041d45fb7d57c30f005ec042de08c12fae14f969cc003c02fe1c8055468c3fb9
scripts_current/build_equal_size_registry_composition_figure_20260716.py,13427,0fdb52051b8f7c6a860b75b10b5472cfce27b00b0c7056bb1440c53ac8904b23
scripts_current/build_experiment_thickening_figures.py,13802,054f4130bdcded30e5eb99fdc4738d27c46c8b16984e27fe588d92af9c9a0be2
scripts_current/build_experiment_thickening_stats.py,7271,9fa6860793bc32d211076f909201bf1fad9fb74a5b9e3724d4577b57c63f6d43
scripts_current/build_formal_external_improvement_appendix.py,28946,8f63b0f14e2596a0b122dbcde4890c0fd5c8f27fb9acb72e72af5835b7500c3d
scripts_current/build_heterogeneous_pool_status.py,2405,b5505bfe19de6cb95dac516c639f797ab358c5ca5c7893c934daa7957c67e346
scripts_current/build_integrated_chinese_manuscript.py,34256,72152be6eeb99681f5c7931543088ac2cc67cff53c678c45068db8346349afc9
scripts_current/build_interpretability_strengthening_report.py,8059,4d6f12136ad453fdabfc2faab0b76a86ce97411b611e930f6121b5be4472eb7a
scripts_current/build_literature_driven_manuscript_update.py,13633,c44aec18f0ccb6599b9f0a758ae667c9c38bd96fd5be550af530e34e65927e27
scripts_current/build_manuscript_artifacts.py,33659,8b3b26cbc4bc2ebe69b90ae3a4b16f33a154b82fa08d43ad27af36730f229156
scripts_current/build_manuscript_outputs.py,9618,d85b723480b91d4f144b2db5f83b9986fbaac73a07852cc607ebf9d0c7938637
scripts_current/build_model_advantage_report.py,21672,fcdf03182b48b45abaa7ebe67c306887efa19d5ed9a0cdfa37b6cc989de6f9c4
scripts_current/build_moleculeace_inclusion.py,1468,ee9ed51643fee27296f08285a97bf500a0f59ebc5ad663ece07107d4880936e6
scripts_current/build_moleculenet_meta_pool_selector.py,16913,dea708d9dda1141787bf42fbb5164c842e99cc6725ded50ef969096404248f2c
scripts_current/build_motif_attribution_report.py,10477,3edd3d23cbe4135c5db2d30afe7f8a8f0e27ad69a0167c01d20a02289a56630b
scripts_current/build_openadmet_appendix_table.py,3694,9c3d758da1d82d5514dcce28e27cae962eda0a4696d16962bebe73366a44f0c8
scripts_current/build_paper19_jcheminformatics_figures.py,20502,77817da4db97a9dd7088a9aa0ad99de2444c27032d38f57684372c74039bf04b
scripts_current/build_paper29_figure7_20260717.py,15420,c616ca3ba533d6c2ee16c8a1f25c39d0dffd1f8c7f5e3f09aa1e7475791a7347
scripts_current/build_paper30_figure7_20260717.py,18072,60f6f97a1bbbf6be1f22ab14e35dcd00f89e6aaad7273a263a5bfebec3e159d7
scripts_current/build_paper31_equation_assets_20260717.py,9336,3156deb4e652139f5a7ff48a2e7bd39e6b89fda3fc1abd1ead15d8da13f4b45a
scripts_current/build_paper31_figures_20260717.py,31479,e765599bdc9d8d132b07cb482d78e63e63b4e539c9731afe598a76a3930a3777
scripts_current/build_paper31_manuscripts_20260717.py,43333,0f8c31d6ab33aac2947516bdc42853b293e380985d5bb95cb937992101ec65b6
scripts_current/build_paper31_supplementary_tables_20260717.py,10457,c84ac10141e95df87ad0143229bd9de3e74f3d3dc94c6d5261a6168da86f8414
scripts_current/build_polished_manuscript_figures.py,31362,e886f23717c99e91791d41f27883dfce06d127f52567928a68d99cf76b2d8a99
scripts_current/build_ppt_from_draft7_10page_core_20260616.py,20254,85fa107a75d5f9efc2e7597359a46f3c091e3fbb5f8547b302f0dc213951074c
scripts_current/build_ppt_from_draft7_20260616.py,40911,6af3556268668f28f9c718331ebeba962bf52b76479d64e80bbe24b7e83cd51c
scripts_current/build_ppt_from_draft7_beautified_fullflow_20260616.py,39946,395f2aed9ac055a3c3ce1e2153df4f70b2202d3b49945957b3f6f6f28a2d0be1
scripts_current/build_ppt_from_draft7_overall_flow_enhanced_20260617.py,28084,0bc1b9fa890650ae3a595a74f94b7799c2019cbf172addab969ca14d29201333
scripts_current/build_ppt_from_draft7_simplified_dense_20260616.py,44737,3f21332227dda3d4f1996e4f7ee9645c816c433c2b7485ec025e30997102cc9d
scripts_current/build_q1_upgrade_report.py,14477,22c814113041354a613429a9e862b32b80bc48afb1d6a7ed5bebf94ddc375146
scripts_current/build_reconstruction_ood_report.py,8968,c83bd0a497375c6645c917e53ee2aa6acae340332071a9c760c72a97e41b4a35
scripts_current/build_repeated_nested_figure.py,2939,ee95ac02a2af78f3096eafcf534fb0380d0cf1f4bf959ea281285b6f35d3cdc6
scripts_current/build_repeated_nested_outputs.py,4412,0f273f369f5e9de13f7aeb8d6b36ff51502802b3f235fa170381091128dfc2db
scripts_current/build_repeated_nested_statistics.py,2589,b6c517a74b8fedabe502a0f7bd291ded8c5b2ce4ec70ffb1807b3d04ae7d649e
scripts_current/build_reproducibility_manifest.py,3294,03fb7c3903f5f2be6495b33df9b3c2a145efd0f2762570e6745f7e2c2b7118af
scripts_current/build_risk_calibrated_selector.py,20264,bc2a22ffcf54ba2e8273460ece0d374b4a5c073e580bb5bbf6d337893c0870ed
scripts_current/build_scaffold_fragment_case_report.py,5432,a11a36830dd245c1958c2bdc3976bd9a4b4e301f8e93a8781f49c37d9ada2d82
scripts_current/build_sci1_evidence_pack.py,22832,581fcb9e60f1478c23e1c66030f47473f17bb756128c42f07aca480d784931ca
scripts_current/build_selector_ablation_report.py,5445,1a0741b64bc38134dac4be032b94067fce418615b822de77ad46f9ae230cda52
scripts_current/build_selector_stability_report.py,5577,24f7d7b1853f3688aa0a940bfc09b757fd280ad4fcc6977c739801f309ffc843
scripts_current/build_selector_strategy_audit.py,26568,4d358faf388f19806d1ac212ed674b29a5e4c2f3c57987e4930243be282fd6f7
scripts_current/build_short_paper_20260612.py,20991,8f51b0ce95dc3d636de72c852f74c0e98aec74f6ba10e48d539f63d81ad00bb5
scripts_current/build_significance_reports.py,9787,26104e6052fb07c87740d8accf9b7d0389752ecd5ff5e3cb64a5d92a39c98844
scripts_current/build_small_paper11.py,30770,88c46f49df26b0e663d3e2fa0ac4b6d1cb28f5e6480856400fcdc17d67b28798
scripts_current/build_small_paper12.py,26755,592cca4c78de50ad509919e6be1bd2d4d893b0cdb6566cfe1653f8141096c4a5
scripts_current/build_small_paper13_sci1.py,17387,c130465cca4f5dab8a95a6014e58a3c5e23157d127c5dcc9e5449c18f9d53132
scripts_current/build_small_paper3.py,19452,c38efd8c2f1178f6999242098954b697ec5bd081718cf83e6c98c86e3e428e33
scripts_current/build_small_paper3_contact_sheet.py,859,e94ffda6d6b7f51abb75032cd58544cafcb98257933acbb4b95e8a2001b65f54
scripts_current/build_small_paper3_figures.py,44402,4d96b2c81f582b92424c90db300fdbe1cb66dff869c8b5e9acdade964dde1be2
scripts_current/build_small_paper4.py,22963,1b0efd6694a021a23306c723242e9e3d36768bb053d2dd2260cc78baf115541e
scripts_current/build_small_paper4_contact_sheet.py,905,d63fb23d8703253c531bb5e86a41b824ae9754581ae771fa26cd283b1c2d5a5d
scripts_current/build_small_paper4_figures.py,11244,26eecda3d17046db330915024bc1c6b7e8fceb0c55e814e2ced6c87ec895d402
scripts_current/build_small_paper5_canonical_source_data.py,2897,0159a9fcc72d95d0105550143d61392d9b472855e4e0e45192b7ccde5ee7ccb1
scripts_current/build_small_paper5_figures.py,33342,896c9d9f9a90f535d212076fe83e5f16cf38225b59e64791c9a3ef4f4c23188d
scripts_current/build_small_paper5_redline.py,363,0bac9f913f50757ba680e48ec7308aacb8a0fc052eb62771d47903b31f95b490
scripts_current/build_small_paper8.py,35163,bf3f7e3e31737fea58f5de65fbaa5bee6e39f85d81f59083979df0ffcd55a8e5
scripts_current/build_split_regime_transfer_figure_20260716.py,7070,0a12f5583be3af84fb9bf9e7af72ca41dd908ba41f45164e4857d78895765f8b
scripts_current/build_stage_b_core_metrics.py,1508,d1065c148465a96d1c895b589d2ca1a0eb551f66fa58b689ab82455af945db67
scripts_current/build_stage_e_figures.py,3304,ae6e666d6a9e8dabc83f2cf9cd6d95b73ce0d3591925030e0ad6a7181dd2eb38
scripts_current/build_strong_baseline_improvement_update_20260603.py,17254,8e3300be34dc2f3d466ce6c9c53e06d7ac54d03822dc4330e05b7cf32c54775a
scripts_current/build_submission_package.py,23089,0914b54e6b2aee1c27a6e37463c736b3df59d32c1cc22ebec2d9dc81032f17c1
scripts_current/build_supplement_revision_tables.py,17622,1afcf3aabc993b499400a0f16157b804b3b0311f1b78ddf239871995df0cc6ca
scripts_current/build_task_compliance.py,7318,2a5f26f281414873d3724cc17e6025001ecea2ea0fa140472dc70ecdeec9e0bc
scripts_current/build_tdc_literature_alignment_report.py,23428,a1cf5065c6f2bbc82e474919e7d421586c26faad22a6c4d339b65d28322cf8c6
scripts_current/build_tdc_performance_mode_combined_retained_best.py,6545,87c8e84baa9666ede8f28688ff075e2151564ade800409e45b94fb7ceba4cf65
scripts_current/build_uncertainty_ad_reports.py,10661,f34666905bbd5d8ff5be5d14af666559203c0d719be511be7507762ff65fd9d4
scripts_current/build_unique_uq_report.py,12678,dd91a4040e17dd77ac02d60583041d4edcc9c46874ce6a29f68a26887eec28c8
scripts_current/build_validation_calibration_report.py,8745,679a89693d1f5a8bf7bcb4f3c16a2ac2e90c65b523600b380fb7989ec60f08d0
scripts_current/build_validation_selector.py,33704,733db6ac5705e7572e8884debdde3a8a1e1a4aba3e6540373668f85f7c3ba88b
scripts_current/check_manuscript_consistency.py,4802,67fb38b9f0979005d533da98bedfb3ef89f2543167866fac7991b3d3d1450a62
scripts_current/check_openadmet_expansionrx_feasibility.py,7750,6118c7aa74a9656353cbbad3fd6894008ae64ac2a822c97748ceb3c50d1ff909
scripts_current/clean_manuscript_titles_remove_index_20260604.py,6753,049f3ce04a7c1ef4038b6c9cc788fbe855aedb3065da272473bbe4155fd3341a
scripts_current/compare_model_summaries.py,3367,22d733e6a520dde1bf86d44f1fb0aca3c0dc80b8ffc6f02ba8190a72ca2e7472
scripts_current/compare_paper27_documents_20260716.ps1,1196,bf8eb140b16d00ba35992f9d92ac3fd5f67527c9034b8dd64d202d951deb01a6
scripts_current/create_chugao_1_ssci_structure_20260605.py,18502,142be865087533c6b7ad4ae91c8ba0e9e9ce50e35eae4970849ee82376ce4829
scripts_current/download_open_data.py,1978,45c3ce5ae7a14f65190de52a7916557dbe8963d29e95c53be85d423397aa6f4b
scripts_current/download_tdc_admet.py,4040,dd4fd30f72d463252603deb6cef1dfc249fcf91247cfcdee2386a1254a942341
scripts_current/expand_draft5_to_draft6_nature_11000_20260616.py,33711,c10e5c64670c4d1e93680ea36777c39a3975ad1f10622d8c0bce6d63580e6167
scripts_current/export_hires_manuscript_figures_20260604.py,3934,67aba1722416be48dc476bb208e5765a63e90b633bbc8b0a05bf67549ccec86e
scripts_current/extract-docx.ps1,6800,0462a2daeba72620a89c00c14d882f1700b8732397733f2ea1e8b11dc2ee8e4f
scripts_current/extract_recent_literature_evidence_20260621.py,5768,e487ea71100ebf04b06075c42817f6c717580c078e5238aa9572a66c520b3250
scripts_current/final_academic_post_polish_20260604.py,6748,d88a5059f234a20e6fe13270666d3b73ba7d17ff96b8e8135459842488941883
scripts_current/final_nature_layout_draft6_to_draft7_20260616.py,21406,6836608775a88d388fedb855683c2a32392664f9fe8dc1ba1ddc3dcdb92591a7
scripts_current/final_nature_logic_polish.py,9579,490f632a403430ede9d0bc049960645263d98e2784f6ab1ffbbb9354e3681ab5
scripts_current/finalize_paper12_core_addon_analyses.py,16701,650a93df7a5b3046ab3aa404f814f0d0eccd9559f3d156290e70e20aef4556f2
scripts_current/finalize_paper12_gap_experiments.py,5268,edbf6e4551600dd60b2783efd2611381c198cc06b282709848259baa784ea894
scripts_current/fix_draft5_tables_nature_20260616.py,16162,e15e7e82b3e10f14957c009154f6b0fb6237e90f01023472b14aececa2159d2a
scripts_current/format_small_paper13_nature.py,20434,1d9af67be383b95307b03399aa040af5637eaba246acab8c7ffbcd166e4e1aa9
scripts_current/generate_draft10_core_figure_20260621.py,6292,b1a14e6aeca106c296e49996fb821717edbe68170e8b0476738ac8d9d7d34334
scripts_current/generate_draft8_revision_figures_20260621.py,35674,4b35a0dc1a6c76ae48edee0c9f24586df119826133686a0109baf64855a1533f
scripts_current/generate_pretrained_embeddings.py,3716,515a08493ed326af4517a40f2c9a07bfe54ffc0dc5c4771913f41112c9afd3d1
scripts_current/make-figure-sheet.ps1,1717,4cc1b4af5fc43ffc0b09f3b74ea00096aff2fa2ebf3c01e6444b9e48b54ad1e5
scripts_current/merge_complete_integrated_manuscript_20260603.py,22235,e0e3234725afa8844083db659bacd8de3b7c01f325f46502b0503b762c5cfdb1
scripts_current/merge_single_paper_manuscript_20260603.py,17238,a45fa549bc73b1f0d40a3505f9e2a025beff8f9533ff0d746693fa6757798881
scripts_current/nature_formula_revision_to_chugao7.py,13460,8b261313b9526b4712232cdf79153deb77e720c3e39aee7fcadc06a2076b14a5
scripts_current/nature_full_text_logic_polish.py,20081,93cfeb79fd9d4e45a18231b5534ce68b0c54202b532307e55fea4b44dfc12c78
scripts_current/paper14_extract_docx.py,4344,46797c4f2bcfb0ee0f7f9de8df15f986fe5b3da54dab961f03ff312a86c3175f
scripts_current/paper14_extract_figures_contact.py,3280,0e569415f63bfae2ca6c37e04676613a83275ca1ef66de0dbca9e6bcd5207a22
scripts_current/paper14_final_audit.py,3631,7f30c5a1a2313eff76ca7a18f3faa4919612e4679fb196c837d98003fb67af7e
scripts_current/paper14_panel_letter_boxes.py,2867,6302a40cf2fb031288d431b5249b16e50e9f8b87ec0a11ce106f985680f5e3bd
scripts_current/paper14_panel_letter_crop_sheet.py,1832,ea6fab016f632958d7f0b88b7a797bb58911552025b8ada3709ee6386f28c2c1
scripts_current/paper14_polish_docx.py,53724,e082b557e3b4f60164aa5b8d7697ba51f84d3b14956f86e6e6dce3ade3b56b91
scripts_current/paper14_reference_audit.py,5182,3b5568035bfbf1da4f4051c23acdb6bcc07ca1fd9abdb58159d11c18b3aca99a
scripts_current/paper14_remove_panel_letters_svg.py,8187,decdcd24022f8257a0e412881dac7822eaef88652e68a489979c416acdf863c0
scripts_current/paper25_docx_svg.py,4787,09f890ae8afa701973f6afacc6b581fcf9ae725132e7f4c568e721e8874c8b52
scripts_current/paper25_manuscript_content.py,30010,7ca271cf099b7bdffc89ecd66c0b3b94feebccbcea1b79e8ab1bd770f5f213a0
scripts_current/polish_draft17_nature_logic_20260611.py,32985,b698b3ab6505988f19e8d98ead9d07d98f109c9b9483c15a2d47faa7da922a40
scripts_current/polish_draft9_nature_20260621.py,75741,177600befa0afa4f605c7ddd80d8f82e5e294a861c25aaf9cf1a22559875284b
scripts_current/polish_manuscript_academic_language_20260604.py,17107,b14cdae5eeaedf54e5e98c1cef67c8d5fbdfd179af17da36dca24ad7c493eca0
scripts_current/post_polish_academic_language_20260604.py,4932,595a2dcf557962bbcdd87536ce8fd5e0a6ebb6c0af57ea6ea31d0913432b2fe0
scripts_current/prepare_autogluon_features_20260621.py,3502,2b14bc006a60165fad474e9517a8a50b92c3b30be34bec213bb709e758246a1b
scripts_current/redraw_fig01_workflow.py,12587,6e8a09dcae2332485202fa2a344d7ab9f675194dbe3f8b3c518714c138c4cce5
scripts_current/redraw_fig07_tdc_gate_audit_4panel.py,8008,d9e9a596628e27fc38e9a82fd829aad9c0e3ca7a4dfaec4ea368ea2cbf7dfaf9
scripts_current/redraw_nature_reliability_fig6_20260605.py,7179,c2f9ea2c77c23a1e2cd134da81da034d67a512bda376faca60ace83c16ab3796
scripts_current/redraw_publication_figures.py,31882,0415aea06b4d1b0e0ae411cc025ae8e5f992557a835c10e26e002807e9123f6c
scripts_current/replace_fig01_in_docx.py,4576,4c35ea50c6ba78f24ae277752c725b4809eaced7542a00d89c13e12d421916c6
scripts_current/restructure_manuscript_integrated_results_20260604.py,37688,df03387ab8e44ac4304da769244b0331597d2f4abfcdedffffb02376ad5d6e12
scripts_current/restructure_manuscript_nine_chapters_20260605.py,16644,16d5a995234fa4031b7ff74ca129734051c1ad47dc49ad9a3adef67fdfb12e31
scripts_current/restyle_manuscript_figures_nature_palette_20260605.py,6491,b3e6ee90d5fc9152268006affc982a22f47953d1e1fc844493bd9d2159358a68
scripts_current/revise_draft4_to_draft5_nature_20260616.py,30979,076598674a15f526ec9add0246ae2341bab7c65cc54140bfdc56f8188ee9586c
scripts_current/revise_manuscript_frontmatter_normative_20260604.py,23139,bed239fd83eda5141a5e9f0999b3e236ca85f089db0844f97c108bb1336936a8
scripts_current/revise_to_chugao5_from_reviewer.py,41572,320feefadcf429e7e55ca9d5bcda7afbd94d60ab65165e5312c0c63a2361f81d
scripts_current/run_3d_roughness_regression_experts.py,35134,e2c6b137411f1f5ae92c4a5473051a9c1ddf7421afa2b59dd78cafdac408c3ca
scripts_current/run_autogluon_budgets.py,3865,22e0c24ac4d127e951c80b2124cad8778b8502ab76b8725eef2dc00af6f02312
scripts_current/run_autogluon_nested_wsl_20260621.py,12996,315e156fc97a430fc2f4847e955011a5bb214956a0e1f3371e59ea1f752a2bfe
scripts_current/run_bro5_cycpept_pampa_benchmark.py,15079,f3f661f51cc5b11b5a6bb3410f75da241633952b96d7d65bed3df43a5b20ee71
scripts_current/run_bro5_linpept_benchmark.py,16476,7daea93e0e7fde654d44b73f145a4c49889a9b1e29ff4c6dad1e0662811ce7c0
scripts_current/run_candidate_pool_audit.py,1696,a4c7295e4c730471a6571f9dcb629fcb8da87d96363518e67c2984736999ddb1
scripts_current/run_chemprop_baselines.py,12334,d9326f042bb196c90fca629c50aa4af57cb395af2396ca3e7178bca093e542bf
scripts_current/run_cold_start.py,5223,3c572ba7e6c3bd4f0afe9df7a182bd05cf580bf39b4287c4967d3f66b4ce647a
scripts_current/run_descriptor_motif_baselines.py,13644,94c290d3dd6d1abc23231b3950fa689dee731bf4a9ca911d7665591dfb75c7cf
scripts_current/run_equal_size_registry_composition_20260716.py,14452,f6f87d8558c524e5cc491908e6c0bd47a4751c3cc7d2b93f031075ff1b62a398
scripts_current/run_expanded_nested_candidate_pool_20260621.py,42707,a7f2a54bbda54ba30be1ad702012567ab45df4aaa05ea594de7a55111743c9b2
scripts_current/run_experiment.py,789,533172154174c118afcce64ee9d2c50a6a1c7a9f940daf42ee23ad5e8fbd8fe7
scripts_current/run_experiment_update.py,3375,9739d8abce5f8274bebf9dd2afa03d7d6fb1f936167945de13112c10a10bb425
scripts_current/run_formal_fixed_selector_integration.py,21090,cc9c088cc6def299369ee108740ea0f39d986cb51d8f6524053632b4b434f07f
scripts_current/run_moleculeace_benchmark.py,12893,c87b60aa6763f0c97c0cbc9456200ee15b8b285dd99835e2e8a4ebd138df72e1
scripts_current/run_moleculenet_targeted_rebuilds.py,35551,d4f1142a40a85e39d38d5fc24c302f0fa394591623d1cc65877f83bc25176e55
scripts_current/run_nature_multimethod_fusion_appendix.py,52891,3ca85c0539bcdab5e3ea7edeca0f922189ff2280a87266c0d2b63ceed2c9f7f7
scripts_current/run_openadmet_expansionrx_fast_benchmark.py,20481,6e97abed19fc111f159dd9c186b2cb81b70fe8724603483c8214ae4fff000fe4
scripts_current/run_paper12_chemprop_inner_panel.py,10341,23ce417aa01d4163a642b44111c756ec3b9dc24e6bf548033794053ec6a51707
scripts_current/run_paper12_chemprop_outer_panel.py,10737,7b094fba5e8a26a5775cf1e3603f6672a6539e5d1883edc316ad8670713c85d9
scripts_current/run_paper12_strict_gap_experiments.py,29016,0d610cef9edbb5f8ee8bf93812092e0c1609717c79d4a7a81e275ec06a25c309
scripts_current/run_paper19_jcheminformatics_additional_analyses.py,11495,2b9feed5193b3554d80d2a49ab63836194274a00304131f9ae900983b297ff62
scripts_current/run_paper31_similarity_composition_20260717.py,2857,4b8c4a350eb73de1ee295b51402c3c8213c58473bd0e752f56b363f09d8ee09e
scripts_current/run_pretrained_frozen_heads.py,8631,b31d1c0cade929893364113d4b599a28bb5ceb560a69889fc527df13ec646d06
scripts_current/run_pretrained_lightweight_adapter.py,9227,38149f361e96d42d4168b9805562dab8ed29219062efd7ada2c0a23df0a49e44
scripts_current/run_pretrained_rescue_heads.py,16785,230a134d873b88b3c695cd72cfef53869573c442104f0fa4f0b46f685e9c4ce7
scripts_current/run_reliability_audit.py,2546,d421a0c9ae33309ebe2a400cb3c335427678d5ca2070af01f83ff2bfd752f97c
scripts_current/run_remaining_missing_experiments.py,30248,b1ed225f00a68c010bcceb5e5496b79e356d9b85956316ed3e48f0857f786782
scripts_current/run_repeated_nested_selection.py,3587,48217ae6df91d5739f2acf7b94d1f139a19df87dff1fd66bf7d66366f33ecf0d
scripts_current/run_rescue_integrated_selector.py,11699,c42b82f32532cb128940ec71663fde137ecc42de62fa424cffe88cbf2dba5bee
scripts_current/run_reviewer_core_experiments_20260624.py,25758,573a7666e767013d540cd866947a163b4408670071e8336d1abafec70b87deca
scripts_current/run_sci1_hardening_experiments_20260707.py,22840,512b90f3f0b637226bb0a2a96f9a3727a0dbc8bffef15a311eed0a1caf797744
scripts_current/run_sci1_mechanism_uq_decision_20260707.py,56250,de7dc04caabd6977643dd5e5b1a2244e5c2db5e984e968ec5439901aa21d743f
scripts_current/run_selection_closure_experiments.py,11271,9f780f1502ee38022b22b79099b562f83b7788a506e17d24a888af7b6f839e88
scripts_current/run_shared_split_multiview_nested_20260624.py,30426,4e9a7e9eb54ec0b649b3ee42807b5e1e9ba27ab06d61da066a213d5a2d39bcd4
scripts_current/run_split_realism_benchmark.py,10995,b04c94391935ea4a3dd6d0a3b71c3fc78ad9ab0a3a0ff0c37517b9c941d8cb2f
scripts_current/run_split_regime_transfer_audit_20260716.py,2644,d35747555724e20ee761691ed3e4fa006bc4ba7255ee7a89ea527238180ab91f
scripts_current/run_strict_core_single.py,1853,eafef5a68c99b1703436826dc9a3cfa5d22561e6f3c300cf2b6c974c1fb9cafa
scripts_current/run_structure_full_selector.py,23043,f0b5e014695f6e0288da10b30360ef4fb5f8b96a03158c339851f08bcac59c71
scripts_current/run_tdc_full_panel_appendix_benchmark.py,16449,9f2d8e3908b82c14c29e6e1c7c6bf7e7627234c1b590dd06e0e95807b797ae50
scripts_current/run_tdc_nature_multimethod_fusion_appendix.py,12561,2bd6ba9ec5018545c40e08c07027cb2ae56f7134d84b0729a94a00ece72b5bf0
scripts_current/run_tdc_official_admet_splits.py,8951,395e36355eb13aa2420669268a1f45edb06e1105cd06c6921a2e835db80a0226
scripts_current/run_tdc_performance_mode_appendix.py,37562,a279065956d88e809f2fb6b5be22d223af97d0ff4a4028db2fbb4a47cbd3a0ef
scripts_current/run_true_nested_validation.py,13178,f5ce1e35e900165e0d62939f889dec98d9b23e5ad03809f6beec2d237e081f9b
scripts_current/run_validation_suite.py,3100,e23a89b6b1be1719b02a9291f56e4d841e2840bf695fabf9e925af660087f95f
scripts_current/structure-to-md.ps1,2423,9678c1c626c89f512049db4382b5e035988ac36d96a7f667de24fb0d5f949e23
scripts_current/summarize_full_experiment_run_20260611.py,20865,0fbeb615e27d614867e4dd9af7db4693a416236a5dd18a94742196ab4356d13c
scripts_current/thicken_paper11_experiments.py,24561,0299790aa4a310f995b309bf72f53d7c612d72595ed22adccb612e48ff544dad
scripts_current/update_chinese_manuscript_strong_baseline_20260604.py,16976,b9101fde927a0996ae695e112d2581ba29bc2b73593c149122f49c5bfd98fad9
scripts_current/update_linpept_completion_20260611.py,19975,4e29739e52631132f9ce12779a578c6395bbb44eee9b3ad2110ea53efc0f05cb
scripts_current/update_manuscript_after_full_run.py,29453,f5c3249c2987c0f1acb64823818bc2f6607e4ffdd8d19a46a60266cd12b94bf1
scripts_current/update_manuscript_supplement.py,31935,b911353974826be61b01dc1dffe3a62cad6a3714ef0ca179795ebc76302e2527
scripts_current/update_paper26_split_regime_documents_20260716.py,28372,8cdfa3186aee461b028cfe63be017100f676874164834765a5e29a8ab22ea788
scripts_current/update_paper27_equal_size_documents_20260716.py,28523,98726fed9a8594a9b1cd4e1609120bcb38246292640afda011853e04d835f88e
scripts_current/update_paper_title.py,2038,ffbbd6b7503d60fa81e12392ecd6161cc5bf88465ecd1c5436ebacafc13e833e
scripts_current/verify_manuscript_values.py,8596,7d709d6452b2b19b573fdcae1b78f635790ea64ad4484d377488d3d358606481
scripts_current/verify_paper19_package.py,1589,67b4cda3abbf18eff1b3b8c11a60348923350cd46c6d257c88c5ebf79ba6d5a3
scripts_current/verify_paper26_split_regime_revision_20260716.py,8522,6445d75d92f7b198738e892f3c5f601f292b0410b846c1d33022b88779d29569
scripts_current/verify_paper31_submission_package_20260717.py,8127,e99baf0048300984da1edbf5bfa6fe4095a0cd9dc1acdc19c9aa9aca68d1e503
source_data/Figure_7_Panel_A_source.csv,2826,da901be96b1fe7eda5d84a480c11eb9186518934224a407bda1a86dd0a5b4622
source_data/Figure_7_Panel_B_source.csv,1883,a9b9a0e488414da67e8b696035e69fd14e6d4aaec56eda7309f7ad6f8d1a9070
source_data/Figure_7_Panel_C_source.csv,4448,b32dbb2cff444d865480d848d2243a6d7f711692f560ea5680ba7c318b8a84b5
source_data/Figure_7_Panel_D_source.csv,1469,0135cfaa1ab66ae6e9540e6f5adc2b15e3aa0beeb4f078e0a48313f8bbe33262
source_data/Figure_7_source_data.xlsx,13607,ccfee7a626ab1a1c993aff50a7c446867cc03280d4727b20d0298735ec7edd0d
source_data/main_figures/audit_gap_decomposition_units.csv,89014,58aa14d12db69243f8d1bdb5bc0253c8aa956e951b7f98efe41c5d966f9c4af5
source_data/main_figures/candidate_composition_controls.csv,2597,1b17f5137afa2752b47fc7a31e91c956e5ba7e92eae75c50465ed7c8ad97f87a
source_data/main_figures/cross_fitted_complete_intervals.csv,8202,fdc11fc7206fff4a68e0e8dbefcdfaec89162fada0c738682660e640b9b66858
source_data/main_figures/cross_fitted_fold_effects.csv,10667,86c93729849b024402ff896985a84c1e1706b1bb0815d771317567a52f9f49fb
source_data/main_figures/effective_rank_bootstrap_5000_summary.csv,211229,19f0164a3b12b143b24f511260f49ee7b3d0412ff6ddf4a4de2bc0898440257e
source_data/main_figures/effective_rank_leave_one_out.csv,30415,a194ab0c2e798f180a9db35c8dd42a44f9f73e9eec5821a97576cbb58a45ca03
source_data/main_figures/effective_rank_reference_sensitivity.csv,46814,98872cf4c8047931f9280f8e5b18eb7b40ffb2d07e30f0dc4c7a92a5b2a56078
source_data/main_figures/Figure_5D_integrated_forest_source.csv,2554,a751454feaed20b9d6fc5c24685060c579a66b301f17c8ab9f005598c7567fbf
source_data/main_figures/Figure_6A_double_triangle_matrix_source.csv,1020,c81a877ad91a81a16aa934cb8c1e2f46b35cc8492b1b4dbf026fde4d91229cd9
source_data/main_figures/Figure_6A_prediction_diversity_summary.csv,321,716256319ec5e74d9690d863f6a47874a39397c9763d6434af366498cdf7f95c
source_data/main_figures/Figure_6B_support_risk_matrix_source.csv,2006,67095218c0dd9782bf17a005ee2afe88c206dc01dd446d00ab3c51dc1b9c7349
source_data/main_figures/Figure_6C_scaffold_reliability_source.csv,517,a11ac30cd0fe2775915599179af2992b988371fcfdbb1c1b579f4d94e82c572a
source_data/main_figures/Figure_6D_four_model_clintox_source.csv,743,2a0cc40ef6ac50bf7c37baec773caa70a4fb5d803d7ce33e877a0393a6d3f07c
source_data/main_figures/matched_k3_220_subset_summary.csv,846607,976887f7bbc54317660980680b1e01975404fe37283fe3f321682addf9bf2148
source_data/main_figures/matched_k3_220_subset_units.csv,7682775,765677e15217853696eac50f07bb5f4a4a952308b092ea193cf3c0e8bd05773d
source_data/main_figures/matched_k_multiview_summary.csv,32785,b23cbe44dfa446f4bde179547f67e7e50975995309ba9949f6fd129dd99672b4
source_data/main_figures/mechanism_permutation_null_summary.csv,1160,b9bd13e3716259722bb4d3437e657ad29d2781bea5674469c750ffb218a5d956
source_data/main_figures/mechanism_signal_recovery_summary.csv,4172,9ef8773b3accbb86f9f063c8a7b4471a4cd96c5a6b4ee0d68b56b1fe9db5edd2
source_data/main_figures/paper19_oracle_extreme_value_simulation.csv,22022,80a0529b90e4d39af5e1218e76fa75e80f5c230c86d7615931d2c9875ff8ba00
source_data/main_figures/ranking_metric_main_summary.csv,2544,1e0939602e699cef988e624accec358d1f24e0ecba6d5baeb23a8a50874d48ff
source_data/main_figures/README.md,1755,8c8468e50269864eacebc47c164ce5e2df976b8228b944d61f4f1923ece7174e
source_data/main_tables/README.md,285,ce502117d351685c86a0ed23484384d456a59d025721a36185b90f26b675c9d7
source_data/main_tables/Table_1.csv,423,1323b17adfd919a113fb2f38972c38787559b6d931cd849a432ae1675ceaf9c8
source_data/main_tables/Table_2.csv,873,0f5ad205165e1b4dbcd8d14563aa84386d3729b5c8a6f3eea5bddf7c1c773998
source_data/main_tables/Table_3.csv,598,ed6e6544b85c3e5e954cf858c04762098db9ebcbb7b3625a51b1d98cc98caf31
source_data/main_tables/Table_4.csv,1062,847494b7ee2c424dc39cbf8a47d55107fc0d0ce151f22d325262ea0df50c7c41
source_data/primary_cross_fitted_effects.csv,1181,51b77e1c1dbf8b0fa09822c3f67801e545dca0ab30c89af39a5b0b4594ba83cd
source_data/README.md,299,9cc981993fc3110c64fa1e6103208bf68fcbeb9a8335e8ce0e33a2dbd5219c51
splits/Paper31_composition_split_units.csv,573143,55161f7345addb1393450d1cba66722d4cfa0b19569c1b72e29f3d157b99e922
splits/Paper31_similarity_split_manifest.csv,83780,c232b424c6d45b3b84082fe4024c4653043e7ea8eac6dd54f97ca4bc0a4728c6
splits/README.md,274,98f68712d209fea52fcdb16e695be032bf641a403a8472677e502d24130f8b8f
src/fzyc_mol/__init__.py,176,f0fa1689b14d347e397ca8155d09e0861f188510b34b97662108985fd8b40a6b
src/fzyc_mol/__pycache__/__init__.cpython-313.pyc,325,82dbb60683b0b1eba9dc46be991a905779e65fe7268c51a3024e6752db62576c
src/fzyc_mol/__pycache__/analysis.cpython-313.pyc,7155,2eaf65cb67515ed9880e559b310e499a052e496bda2c09343630ea390329deeb
src/fzyc_mol/__pycache__/datasets.cpython-313.pyc,6771,b4a2fa007b4721e7e9c1e74c976a19949894b53d67721efa7f055ca233309d4a
src/fzyc_mol/__pycache__/evaluate.cpython-313.pyc,8919,293c7246b30708ac5d7eb43c0fba28dc5705ee77f6c9fc300d1ca2404fefe58e
src/fzyc_mol/__pycache__/features.cpython-313.pyc,16894,e7fee237c8d8ddd959af7db1b4ad6686f212bdd6a507e6c5464bef00c392e2a2
src/fzyc_mol/__pycache__/splits.cpython-313.pyc,4474,c63ebe7592cd3aca7b80ba5792a3967e0ae52f108ae6b39bc84b19cb296c0c2c
src/fzyc_mol/analysis.py,4958,6624fc79013dfe0626b57cb61cef45af32c937f9d09a97eeccb79d97b610f1e5
src/fzyc_mol/benchmarks/__init__.py,34,5d4dab50cb8cd3021e3dfcb9c92869641991385d27353cc1af1a1bf5e38d8ca6
src/fzyc_mol/benchmarks/__pycache__/__init__.cpython-313.pyc,235,e330cb4ce983c9256cc1c5df73ceea109d8f1b3490cab295e63d7e3915949c97
src/fzyc_mol/benchmarks/__pycache__/moleculeace.cpython-313.pyc,2061,1128b5fc0ca1c77aee5e7d87f2651ed359dc15fb3a6027b507f347cbc111a1bf
src/fzyc_mol/benchmarks/__pycache__/tdc_gate.cpython-313.pyc,1609,5e454efd1f066e12d626ab923dea6c6ef8342ea929821b2275a5e28d8a1520cf
src/fzyc_mol/benchmarks/moleculeace.py,1133,2e3aba6f7a29ae945dddc1872379674928a6fb1e04cdc1ef939943da5606cb80
src/fzyc_mol/benchmarks/tdc_gate.py,941,27fca2374be40ee7fc08a8a74ce13a2870ed24ab6aa2778227d8774f40a81291
src/fzyc_mol/data/__init__.py,58,e8b8bb98a060afb30240f3e3d2cff237d336d4b92ce9f7b3ddac9c7ac3cd1570
src/fzyc_mol/data/__pycache__/__init__.cpython-313.pyc,253,bc325b952c36d3ca89a8681e88725ffc21bab9a3ec81b69ffddf6013b99b59e0
src/fzyc_mol/data/__pycache__/run_identity.cpython-313.pyc,1262,cba417764dba0c09428bef64dd64e00e02916b387e9ccd6c4c2fd08d75754d70
src/fzyc_mol/data/__pycache__/standardize.cpython-313.pyc,6602,9001a065e716652f775a1da81a1d78c46fb7c4918bccefc1cae59a045b1dfb03
src/fzyc_mol/data/run_identity.py,800,e05644e15f3d668baeef434544c09ee550cb9d17a95aa914ba74554e9a83e5cf
src/fzyc_mol/data/standardize.py,4722,8716e09804e39ee1c8eb924e0c7e06a72c1271f41855ab6acb94f1ed544aaca7
src/fzyc_mol/datasets.py,7169,eb88b2eeb54a87edc0f31e8c7ed0e5e615108149b003217db73f21da2761f407
src/fzyc_mol/evaluate.py,5442,bbbeb9b5a0998dc59e872015ef2b189b89ba34448661c59b92feb4fa1086ebc3
src/fzyc_mol/experiment_update/__init__.py,182,9a1cf62c8799effaae3ab0bbaa90d02709fa20498c3f460cb52124ee5966b3e2
src/fzyc_mol/experiment_update/aggregate_results.py,1662,0094fb9c9228d8d75b1c2544ad17498c6135f40612febc5b08683f1f9f144f8e
src/fzyc_mol/experiment_update/baselines_strong.py,7554,3b10479c19dff418f62e716c5c586a3356b9f1e630efb6480d8c1a18562b2dce
src/fzyc_mol/experiment_update/bro5_panel.py,1144,62acb4815fd1e8a0b2aaed03096c29e25cb4b308ac3a838e11efadea7b55a859
src/fzyc_mol/experiment_update/data_splits.py,4235,85cc8eafa193643bfb76fbd48611fafe626bb0392b8d6032a2bc0a1ac7c73135
src/fzyc_mol/experiment_update/imbalance_panel.py,5016,1479eec1ac7087b873927d638ef9e4c5d29ec6707df8f7a38357ba1faca544d6
src/fzyc_mol/experiment_update/io.py,2225,9edf48de4df19fa578c6786dd5cb51eb21940e6ae766138d1a5d0333d7da1533
src/fzyc_mol/experiment_update/metrics.py,1721,4e0e96e920b2f320368fcac91a892c6ef1bc5fc56a4cd328aa6f05ca25e7cf94
src/fzyc_mol/experiment_update/moleculeace_cliff_audit.py,1946,9b80ebf44fb20b630759e7c3a1f22355cc5ec2d19f33aee46ef12e047df9dcfa
src/fzyc_mol/experiment_update/roughness_diagnostics.py,3796,214f38b6b282f5ff15aa2b93fed66debac2f5c2fe3e4fe2a0d15d50f3686f45a
src/fzyc_mol/experiment_update/selector_audit.py,3379,383bfc505bfa6588780a6b5cd972c7fff72ee3a527727e878bc0e38e54392b2b
src/fzyc_mol/features.py,9938,8fef95392db1135c5b4e8731d8fae4d0f68410981d2c3ac367cc9125c71960b4
src/fzyc_mol/models.py,12075,1a24491d5bc6387618bde9eaf78321ef875ea91f083cdada670a7d04d44ddebf
src/fzyc_mol/reliability/__init__.py,61,915867f4f57429a512cf9d3b0a28389d2c949cc1899a3431a60518bc26555c8c
src/fzyc_mol/reliability/__pycache__/__init__.cpython-313.pyc,263,5aa98354f9204eefbebe1e14645820c6330e75db8c41b674a2b92355417135c1
src/fzyc_mol/reliability/__pycache__/conformal.cpython-313.pyc,5100,f33789db194f0ac4f80ef727f4133a5f54435ec6963474c06acb1ef6d572239f
src/fzyc_mol/reliability/__pycache__/risk_coverage.cpython-313.pyc,4270,a4190adb4eff7f9c6e05c27696a907646e6a6b6962fc65a6ea03fab56ee4e617
src/fzyc_mol/reliability/conformal.py,2596,49a5f7e447d59234fe2609a3e863f0589b1c9c9f251e803818e110a97f566658
src/fzyc_mol/reliability/risk_coverage.py,2472,a450ca64acefb25d17a42ba767622c98b8b4da23a0a34c1999d148679f2ade2a
src/fzyc_mol/reporting/__init__.py,46,9f8cbc3641efdb24077a4c43797e6db99f68caf586ce6ee9d4795e3515094a32
src/fzyc_mol/reporting/__pycache__/__init__.cpython-313.pyc,246,7593247be2a7a96d81415d3345a7d1b243d485583958909cf20115a874e2ffe1
src/fzyc_mol/reporting/__pycache__/stage_b.cpython-313.pyc,4590,d53122bb3511d1e696ce1718b6e43875a40b3fabbbc83f9301e48d0584085ad0
src/fzyc_mol/reporting/__pycache__/stage_c.cpython-313.pyc,5982,bfa4cdf620c920fb77ce7fa63405b3839d0743aec2b72b2e681fb1186166e59d
src/fzyc_mol/reporting/__pycache__/stage_d.cpython-313.pyc,6327,2b18ff9debc73815fb71ed94f7e7755867c3fc090895ff1147be5359688dedb0
src/fzyc_mol/reporting/__pycache__/stage_e.cpython-313.pyc,6770,2e0e6a49a18159fa9679ac734e2c9929187557533a47bdf7bd8538378dd4669b
src/fzyc_mol/reporting/stage_b.py,3596,127fc696ed5679eb00b01f3cd6c0377f9c84ecbd0db017d197a2d5b19786f937
src/fzyc_mol/reporting/stage_c.py,6270,7d7b9b0361359f58ebb11b7b51641054620347d04688a2f2dff75ece6a6b0af9
src/fzyc_mol/reporting/stage_d.py,4549,2f1766d220b67de61e161d5307a164365f53cb68f8fba8145b0f619aa0314093
src/fzyc_mol/reporting/stage_e.py,5434,74f2c8776120dae11b21373172d451fd45081550d9952a8d1d62b16b5f2028e2
src/fzyc_mol/selection/__init__.py,68,318e7dc37e9bb0d3698ed733a2789d54170e8d687bcf52b2ee8925507e43d29a
src/fzyc_mol/selection/__pycache__/__init__.cpython-313.pyc,268,aff59065c33c4bca5b8445e3c65b050c44bfadbb7ffa523f67583dc470f83cce
src/fzyc_mol/selection/__pycache__/ablation.cpython-313.pyc,2234,57892111b95bcbf44ba75bb50729e4eaa1ff86e4c8a947497e7955cac861fd3d
src/fzyc_mol/selection/__pycache__/candidate_pool_audit.cpython-313.pyc,7141,4fd5ae2853563d0654f35329ca99d21138c0165bd6f0ac331020fb71f3a0b577
src/fzyc_mol/selection/__pycache__/candidate_subsets.cpython-313.pyc,7849,aec0ba76f3438a0ed2f693fb21272a63455de0983cf2d72265b51b0cef34c616
src/fzyc_mol/selection/__pycache__/ranking_metrics.cpython-313.pyc,4301,d37b53444637e907a618cd26b05b8eae59608d7dc9c7dc9e969031b490ca7a8f
src/fzyc_mol/selection/__pycache__/regret_metrics.cpython-313.pyc,3064,76264c005561c63c918a2e159358c98ff90803a268604376acdb8de007153d49
src/fzyc_mol/selection/__pycache__/selection_closure.cpython-313.pyc,10710,0ad0a35574141c8d0cacd59e97fc5afb894060aa10572631efb96db278ad93ca
src/fzyc_mol/selection/__pycache__/selector_rules.cpython-313.pyc,4168,098f61c283060a6ea17b2db9f1831070729e0d41e8156ecea4c2999429223c25
src/fzyc_mol/selection/__pycache__/stability_metrics.cpython-313.pyc,3415,bfd46aac312223c9508692c17496aefa42b71e7b0cc07b87f58483f5a0a4b868
src/fzyc_mol/selection/ablation.py,1814,c27472baf300ac0a9908b3d987d7a12388befa113472c6823507f6a8dbd6750f
src/fzyc_mol/selection/candidate_pool_audit.py,4788,c30c827ef1c15a572bfd8f3065dfcbe8387cc454dc929f157359af73625feefe
src/fzyc_mol/selection/candidate_subsets.py,4260,03f29a84d284ebb0e23682d9df609bdf85c00134fcb16b84da4493755dbd8851
src/fzyc_mol/selection/ranking_metrics.py,2911,c3309b87701bf1159516213ef24c201a6e83c7a17b49abe9ac3d910eaaa61e58
src/fzyc_mol/selection/regret_metrics.py,2186,6e33ed9d1aba7f2e2932ad2e85a7db3c310b81390096cb6c20f944f1778cd61a
src/fzyc_mol/selection/selection_closure.py,7521,1549bc98752f1d4f0e6c4390e08ca641176192d968f361be1ac8b1370da17933
src/fzyc_mol/selection/selector_rules.py,3078,61064b6160b7f1d1178450615a59476ca00dd1628946de12c823c0aac70a4a58
src/fzyc_mol/selection/stability_metrics.py,1772,fb41c7063bd7355aacd792ff3e5be39d208bbebfd770913e543959db8fce6549
src/fzyc_mol/splits.py,2626,4d09fc1477367ec21bfc748e7faf96ad02411d84e3970f9bf894aec5718b030f
src/fzyc_mol/statistics/__init__.py,49,06057307bc28c6eedfb5c0e54dadf49dd2e129b91f42f5d4cd76942497ed30cb
src/fzyc_mol/statistics/__pycache__/__init__.cpython-313.pyc,250,9c12d7097092f915ada82489eaaa79aff6ae957f0ffa693fd3c5152f587e55fa
src/fzyc_mol/statistics/__pycache__/hierarchical_bootstrap.cpython-313.pyc,3967,f16fc69b4d9948e516fd6c2ec8b215614fa3f82dda6354a6f4ece68e9e592a95
src/fzyc_mol/statistics/hierarchical_bootstrap.py,2351,d055c86e85b1869ff2b6ab4882991092fb08e566f4905b0206828d2b391d1daa
src/fzyc_mol/train.py,26509,52854568f96d4e409977cb23125a1916d694cc26689e5b20734995d83666328c
src_current/fzyc_mol/__init__.py,176,f0fa1689b14d347e397ca8155d09e0861f188510b34b97662108985fd8b40a6b
src_current/fzyc_mol/analysis.py,4958,6624fc79013dfe0626b57cb61cef45af32c937f9d09a97eeccb79d97b610f1e5
src_current/fzyc_mol/benchmarks/__init__.py,34,5d4dab50cb8cd3021e3dfcb9c92869641991385d27353cc1af1a1bf5e38d8ca6
src_current/fzyc_mol/benchmarks/moleculeace.py,1133,2e3aba6f7a29ae945dddc1872379674928a6fb1e04cdc1ef939943da5606cb80
src_current/fzyc_mol/benchmarks/tdc_gate.py,941,27fca2374be40ee7fc08a8a74ce13a2870ed24ab6aa2778227d8774f40a81291
src_current/fzyc_mol/data/__init__.py,58,e8b8bb98a060afb30240f3e3d2cff237d336d4b92ce9f7b3ddac9c7ac3cd1570
src_current/fzyc_mol/data/run_identity.py,800,e05644e15f3d668baeef434544c09ee550cb9d17a95aa914ba74554e9a83e5cf
src_current/fzyc_mol/data/standardize.py,4722,8716e09804e39ee1c8eb924e0c7e06a72c1271f41855ab6acb94f1ed544aaca7
src_current/fzyc_mol/datasets.py,7169,eb88b2eeb54a87edc0f31e8c7ed0e5e615108149b003217db73f21da2761f407
src_current/fzyc_mol/evaluate.py,5442,bbbeb9b5a0998dc59e872015ef2b189b89ba34448661c59b92feb4fa1086ebc3
src_current/fzyc_mol/experiment_update/__init__.py,182,9a1cf62c8799effaae3ab0bbaa90d02709fa20498c3f460cb52124ee5966b3e2
src_current/fzyc_mol/experiment_update/aggregate_results.py,1662,0094fb9c9228d8d75b1c2544ad17498c6135f40612febc5b08683f1f9f144f8e
src_current/fzyc_mol/experiment_update/baselines_strong.py,7554,3b10479c19dff418f62e716c5c586a3356b9f1e630efb6480d8c1a18562b2dce
src_current/fzyc_mol/experiment_update/bro5_panel.py,1144,62acb4815fd1e8a0b2aaed03096c29e25cb4b308ac3a838e11efadea7b55a859
src_current/fzyc_mol/experiment_update/data_splits.py,4235,85cc8eafa193643bfb76fbd48611fafe626bb0392b8d6032a2bc0a1ac7c73135
src_current/fzyc_mol/experiment_update/imbalance_panel.py,5016,1479eec1ac7087b873927d638ef9e4c5d29ec6707df8f7a38357ba1faca544d6
src_current/fzyc_mol/experiment_update/io.py,2225,9edf48de4df19fa578c6786dd5cb51eb21940e6ae766138d1a5d0333d7da1533
src_current/fzyc_mol/experiment_update/metrics.py,1721,4e0e96e920b2f320368fcac91a892c6ef1bc5fc56a4cd328aa6f05ca25e7cf94
src_current/fzyc_mol/experiment_update/moleculeace_cliff_audit.py,1946,9b80ebf44fb20b630759e7c3a1f22355cc5ec2d19f33aee46ef12e047df9dcfa
src_current/fzyc_mol/experiment_update/roughness_diagnostics.py,3796,214f38b6b282f5ff15aa2b93fed66debac2f5c2fe3e4fe2a0d15d50f3686f45a
src_current/fzyc_mol/experiment_update/selector_audit.py,3379,383bfc505bfa6588780a6b5cd972c7fff72ee3a527727e878bc0e38e54392b2b
src_current/fzyc_mol/features.py,9938,8fef95392db1135c5b4e8731d8fae4d0f68410981d2c3ac367cc9125c71960b4
src_current/fzyc_mol/models.py,12075,1a24491d5bc6387618bde9eaf78321ef875ea91f083cdada670a7d04d44ddebf
src_current/fzyc_mol/reliability/__init__.py,61,915867f4f57429a512cf9d3b0a28389d2c949cc1899a3431a60518bc26555c8c
src_current/fzyc_mol/reliability/conformal.py,2596,49a5f7e447d59234fe2609a3e863f0589b1c9c9f251e803818e110a97f566658
src_current/fzyc_mol/reliability/risk_coverage.py,2472,a450ca64acefb25d17a42ba767622c98b8b4da23a0a34c1999d148679f2ade2a
src_current/fzyc_mol/reporting/__init__.py,46,9f8cbc3641efdb24077a4c43797e6db99f68caf586ce6ee9d4795e3515094a32
src_current/fzyc_mol/reporting/stage_b.py,3596,127fc696ed5679eb00b01f3cd6c0377f9c84ecbd0db017d197a2d5b19786f937
src_current/fzyc_mol/reporting/stage_c.py,6270,7d7b9b0361359f58ebb11b7b51641054620347d04688a2f2dff75ece6a6b0af9
src_current/fzyc_mol/reporting/stage_d.py,4549,2f1766d220b67de61e161d5307a164365f53cb68f8fba8145b0f619aa0314093
src_current/fzyc_mol/reporting/stage_e.py,5434,74f2c8776120dae11b21373172d451fd45081550d9952a8d1d62b16b5f2028e2
src_current/fzyc_mol/selection/__init__.py,68,318e7dc37e9bb0d3698ed733a2789d54170e8d687bcf52b2ee8925507e43d29a
src_current/fzyc_mol/selection/ablation.py,1814,c27472baf300ac0a9908b3d987d7a12388befa113472c6823507f6a8dbd6750f
src_current/fzyc_mol/selection/candidate_pool_audit.py,4788,c30c827ef1c15a572bfd8f3065dfcbe8387cc454dc929f157359af73625feefe
src_current/fzyc_mol/selection/candidate_subsets.py,4260,03f29a84d284ebb0e23682d9df609bdf85c00134fcb16b84da4493755dbd8851
src_current/fzyc_mol/selection/ranking_metrics.py,2911,c3309b87701bf1159516213ef24c201a6e83c7a17b49abe9ac3d910eaaa61e58
src_current/fzyc_mol/selection/regret_metrics.py,2186,6e33ed9d1aba7f2e2932ad2e85a7db3c310b81390096cb6c20f944f1778cd61a
src_current/fzyc_mol/selection/selection_closure.py,7521,1549bc98752f1d4f0e6c4390e08ca641176192d968f361be1ac8b1370da17933
src_current/fzyc_mol/selection/selector_rules.py,3078,61064b6160b7f1d1178450615a59476ca00dd1628946de12c823c0aac70a4a58
src_current/fzyc_mol/selection/stability_metrics.py,1772,fb41c7063bd7355aacd792ff3e5be39d208bbebfd770913e543959db8fce6549
src_current/fzyc_mol/splits.py,2626,4d09fc1477367ec21bfc748e7faf96ad02411d84e3970f9bf894aec5718b030f
src_current/fzyc_mol/statistics/__init__.py,49,06057307bc28c6eedfb5c0e54dadf49dd2e129b91f42f5d4cd76942497ed30cb
src_current/fzyc_mol/statistics/hierarchical_bootstrap.py,2351,d055c86e85b1869ff2b6ab4882991092fb08e566f4905b0206828d2b391d1daa
src_current/fzyc_mol/train.py,26509,52854568f96d4e409977cb23125a1916d694cc26689e5b20734995d83666328c
tests/__pycache__/conftest.cpython-313-pytest-9.0.2.pyc,759,f76e94716988160634b11dcd05b166a92624c11a6f336b11e965110a832e9770
tests/__pycache__/test_ablation.cpython-313-pytest-9.0.2.pyc,5933,7b485891c8f256bfd24b827539b4f9f55d5c4d423686a1fe4a8259c92a7a9c6b
tests/__pycache__/test_autogluon_budget_isolation.cpython-313-pytest-9.0.2.pyc,3362,b30a9ecc6d4960b0754f472add3eed3e30ea3fefb8e3b36bf8e7ae402177e661
tests/__pycache__/test_autogluon_budget_reporting.cpython-313-pytest-9.0.2.pyc,5214,0b7d21df7fd98e122ef0c8d9df027a8581c0074008c6fe8b3319b3d436fa0663
tests/__pycache__/test_autogluon_budget_runner.cpython-313-pytest-9.0.2.pyc,2991,ffc926aaafde43f33deaaf3d252143c7aa4f2685a6d95ee110e980e31fed7e3e
tests/__pycache__/test_candidate_pool_audit.cpython-313-pytest-9.0.2.pyc,11345,77a018bf2303a1e8ae48d0985b5e6375b84d53f1d4259d59de1fcc6f1ab165d1
tests/__pycache__/test_candidate_subsets.cpython-313-pytest-9.0.2.pyc,12007,3b295b2507f68f3bb68c0819623677775e8fdb17e7af82bee0fecc7589060633
tests/__pycache__/test_cold_start.cpython-313-pytest-9.0.2.pyc,2751,e1f50be2762f7674640875d68415e33f85b179b7a9d0bea69c923e7c84d1b5a4
tests/__pycache__/test_conformal.cpython-313-pytest-9.0.2.pyc,8336,6db2298d82fedbdb0ab2c5eb293f747f13b46093b071e48d69a584a96807e72f
tests/__pycache__/test_conformal_script.cpython-313-pytest-9.0.2.pyc,5878,6f2ff45cbc7eed3f84bb8c227a336fd2e4dd95aaf3e77bed5ffe58b5f070a20c
tests/__pycache__/test_heterogeneous_pool_status.cpython-313-pytest-9.0.2.pyc,2766,8ac5de3aa80d41a50cdb84b0fa607499356caa24353d14daa823d128c6ba8d19
tests/__pycache__/test_hierarchical_bootstrap.cpython-313-pytest-9.0.2.pyc,8018,01282cf944980573873a832599e9b1ecb3ff6971f6518837597662c3718691e4
tests/__pycache__/test_moleculeace.cpython-313-pytest-9.0.2.pyc,2943,cf45f8efdfd1b6b37190b329252b11468d7d418313f4f40e1f708569fcc71d82
tests/__pycache__/test_nested_output_isolation.cpython-313-pytest-9.0.2.pyc,4147,c3517d0948648cd7f9db6d716ef04514dc012be36cbcb63b79094863df847439
tests/__pycache__/test_no_test_leakage.cpython-313-pytest-9.0.2.pyc,3098,8f0c8d1b37214ad327186b96ccf659798654fb14500eab5c0759cad749bfadcb
tests/__pycache__/test_ranking_metrics.cpython-313-pytest-9.0.2.pyc,17724,b4201b6f76a527b6a4f523324fef4e270235b4589bee6904aeffc533ccddc8c6
tests/__pycache__/test_regret_metrics.cpython-313-pytest-9.0.2.pyc,11606,90b29a33bb92cdb7081ff90acc35c2a63f81d850a6d36255a8068399abdf0fd9
tests/__pycache__/test_repeated_nested_reporting.cpython-313-pytest-9.0.2.pyc,6204,6345903517bca74740ec2b01279ba3802457de149a8c67c6ec9ca8ccb3cc9916
tests/__pycache__/test_repeated_nested_runner.cpython-313-pytest-9.0.2.pyc,3891,bad5e0330d8df8588d9237f11007e0b3f90daf5e4fabcfff54cdcb0a1c4427e1
tests/__pycache__/test_reproducibility_manifest.cpython-313-pytest-9.0.2.pyc,3065,bfc433cc679a381eacf2d95b710aa535bf33603449d433576d03ac618ba74bee
tests/__pycache__/test_reviewer_core_20260624.cpython-313-pytest-9.0.2.pyc,19141,60bc33145ad0127f9e8b1af2524c5f946fea71cfc623625270558b967fb43fff
tests/__pycache__/test_risk_coverage.cpython-313-pytest-9.0.2.pyc,6763,697278b20c32bf32472a91eb6b43ff0ef2c11ad71fcfd993c29aa50d3ad2145f
tests/__pycache__/test_run_identity.cpython-313-pytest-9.0.2.pyc,2574,d5afe2364bee88dddbc46c22f36b312a31bad5c2e6cddfdf42f84120394c4686
tests/__pycache__/test_selection_closure.cpython-313-pytest-9.0.2.pyc,11280,6c70175fc060d8a319057304038987e64572c281a0c6039af4b933d83c442b57
tests/__pycache__/test_selector_rules.cpython-313-pytest-9.0.2.pyc,8041,38b629df570142ce8f26f29dee64aa4fe16634047b1e682185ae67b7381c9794
tests/__pycache__/test_stability_metrics.cpython-313-pytest-9.0.2.pyc,7215,5dc210036b4016f6dbc2230611d99afc33b7f495839690e62cf5fcebb8999b13
tests/__pycache__/test_stage_b_cli.cpython-313-pytest-9.0.2.pyc,4664,5da89fe519cb6c0fb84971ac00af0c75a0320c1f34ec61085afda1fd3e3a83e8
tests/__pycache__/test_stage_b_reporting.cpython-313-pytest-9.0.2.pyc,6002,5247b8089e81112d294406cf4ef1a376b89910dc0c00df2daf864d2fa9479153
tests/__pycache__/test_stage_c_cli.cpython-313-pytest-9.0.2.pyc,4346,91251dcd2513592577717d52bf1d35c1c9efb0f7baa348cf91a99bdf7edea842
tests/__pycache__/test_stage_c_reporting.cpython-313-pytest-9.0.2.pyc,7839,cfdd28859905a5d57663e896d8cb9ec9407d929d6d716d380f40be925e43eaf5
tests/__pycache__/test_stage_d_cli.cpython-313-pytest-9.0.2.pyc,7260,177fe71e731ed8ba1e4d8250750fe333c30b698df2d1baa9a202615a232906ec
tests/__pycache__/test_stage_d_reporting.cpython-313-pytest-9.0.2.pyc,6338,c335035c9326574d4c24fb0662286b91e512c47f854ae5069ea83412fd47b53c
tests/__pycache__/test_stage_e_figures.cpython-313-pytest-9.0.2.pyc,3476,30e23d4e84fe45b578e4bff1ffc56aa6d611df89b38aaa11ad601d72a203c598
tests/__pycache__/test_stage_e_reporting.cpython-313-pytest-9.0.2.pyc,7718,ed0a8ec265e0301be91cd7140170505176620a1d227d40eff491450539f80893
tests/__pycache__/test_standardize.cpython-313-pytest-9.0.2.pyc,7123,c1d48eaf82b8b0c27eb4bc6fa6e9e3cd7b38c10c0faadac50190b2d93c54ad36
tests/__pycache__/test_tdc_gate.cpython-313-pytest-9.0.2.pyc,2113,81699e11540692d5741c2dd47dec475304875dc9fef03b5f99cf53f7c7cb2808
tests/__pycache__/test_verify_manuscript_values.cpython-313-pytest-9.0.2.pyc,3999,c58b69669d5e405bb253632aa0df66ed29f5bccc45e0ec7803380c7d211a2308
tests/conftest.py,205,21ab7421fbc0703e1e998350f1f1a4558224712298c6f2f432b38061870f8fcd
tests/test_ablation.py,1299,b82925f52219e721faf71cf25f232a4ea71d06ccf174112b1973466c83c4f4aa
tests/test_autogluon_budget_isolation.py,636,5c25c614eceeb1d7d11a360d858bbe6d6849fb6bf923dc7d244dd7fec7571693
tests/test_autogluon_budget_reporting.py,1836,a3f13db6bb7167c37a89c35ba9d72b3fee383cf057700fc0a340f81d5e19b057
tests/test_autogluon_budget_runner.py,505,e2d620d64216c07ec2961ab52de2d47456793810a0d9c60bf42033aa34c7e1a7
tests/test_candidate_pool_audit.py,3092,02322145dd64139f64e3e195b0bfcbf74fe9e121d3d4fcf4ffdb2c3eaf3c1b53
tests/test_candidate_subsets.py,2265,e2b34d63f7af83c664afdfa37a9d647dc408eb6adb80a935ff79e6e6d9163661
tests/test_cold_start.py,501,79f946cf1339d111061b6b5df8d555ba0175bedfce64b0344ca59def65c9efc5
tests/test_conformal.py,1431,17faeafbbae1c2a1bd71f6c434e4258d8ce20edadab0c129cebd14aec29c4da4
tests/test_conformal_script.py,1099,59c654c670b958dba0c167bc365c62eb09df3fdf75cacc5a65ae0fc78745bc5a
tests/test_heterogeneous_pool_status.py,580,72e5eb7bb3d919b7a9887dd97d61e10d886781b06fe61c1dcace11f6f191d150
tests/test_hierarchical_bootstrap.py,1288,4fb47b9b959f5db899ec5eec8d27029d9858c2f5f102d73875a91e437090e0f3
tests/test_moleculeace.py,615,29fb9ec4b0eae779f1965584f4d34116b58e750012bc0370084f1c46a9a90f01
tests/test_nested_output_isolation.py,699,19cd8fa3dd015bea0426190d865590da65e44890903bb8c9f53f84cd6d32c189
tests/test_no_test_leakage.py,930,08e0f2f888c4507045c56fbb46bbe90396196333ce79d95132a81201853cd29d
tests/test_ranking_metrics.py,2164,6e41feddfd67fac238e0903d375ed7fd57c8ff88374dcbb303b31df1721ed20c
tests/test_regret_metrics.py,2167,3e5783e53f43fe828fb78f2a3c8ab5de70cd038a716d889f29eec86afdd2de0e
tests/test_repeated_nested_reporting.py,1960,ffbb37b517d02ae517f51fb87a1678d4fc6ae0dfba000fe0b0cace0af5c14bfc
tests/test_repeated_nested_runner.py,560,6bc8c638a8208e1a43cacc450a2d7ec18743e86d2e9182f57b31b8df19ac022d
tests/test_reproducibility_manifest.py,514,f5ee84016b7a1150e0eb24403857564b5386eb772f24fe3d5052870c08c8ee0b
tests/test_reviewer_core_20260624.py,2976,70ae8ea09f6b0daf5e1bebc2dd30f3bdf33997321c36ee68202cb4c79af7f28c
tests/test_risk_coverage.py,1269,e18ae213c1697005b93cd1ac7f41806809e1d21e994c7a4e64654371e72d4e9e
tests/test_run_identity.py,819,2bd6f44c6df04c9d1bef3b0e2117d16b10574626318a91c7ea9a62ba83d3287d
tests/test_selection_closure.py,3354,247b2d9c85bc6dc88253a0d89774142736aa761c9d6702bcede2f61c4de02f2f
tests/test_selector_rules.py,2411,eb7a2611f0c781b4df146634e73fe99f473ef5ec0841465e0c89de64684a65cc
tests/test_stability_metrics.py,1046,d750f74537bad9f6e13668a2061a9528c3680ba9fb40516083a75f5a9132e2a7
tests/test_stage_b_cli.py,1721,7c315cc1ec96a52807583eb4ee1f16a49db8582a7fa7ed15b1bb4251118c462d
tests/test_stage_b_reporting.py,1672,e754b756ee6d4b499d3d98cf9ac8be79901905d2d8beb72e79d8140367259d86
tests/test_stage_c_cli.py,1635,45cf7bdddd06c154024011bb603d7dddd8312729555f3a337b40ed1c0a8770c8
tests/test_stage_c_reporting.py,1777,e0d46d8c8d2fb8098f9dbb72662cbc14ab76681737415e6f57e1a9ba6a0da28f
tests/test_stage_d_cli.py,2418,3bb8d79d35bc10347badae8d3b2d28a3af937ae8efc01da30fb4208760c0f15c
tests/test_stage_d_reporting.py,1846,4a773d5b77f7d650fbb22b484a30f4db04f93ca14f9d60ce836215fbd052a776
tests/test_stage_e_figures.py,1022,7154a80ead4d178bdae76893bb42ec794ce0d3f859a87b01211a6fb0294a40be
tests/test_stage_e_reporting.py,2899,7af90dbf9494ef5775d826d241d8ff9db09f80843bd24c8a148af69906d81551
tests/test_standardize.py,1689,2162e7784d6f136ab926d49ca0814b9592ab82343f8b05d9fe698519351c3b1a
tests/test_tdc_gate.py,866,edb859d4e212f5f54add545cd179a4271630804321365d28cfe2605757a4799a
tests/test_verify_manuscript_values.py,679,98ac22416a8d0ef0b765541580a08bf530b08f3247f2d9e601ff0a9c9f6a648e
VERSION,26,f1e084b254d6a7711df2342dcdc166b2eee127550612cf17cb55733b34ee0452
