dataset,task_type,outer_fold,inner_fold,outer_split_type,inner_split_type,candidate_order,candidate,family,inner_utility,inner_roc_auc,inner_pr_auc,inner_brier,minority_label,minority_threshold,minority_recall,majority_recall,balanced_recall,minority_constraint_feasible,minority_recall_target,fit_seconds
esol,regression,1,1,seeded_scaffold_group_balanced,seeded_scaffold_group_balanced,1,ridge_a0.1,linear,-2.5870680014047087,,,,,,,,,,,0.0056713999947533
esol,regression,1,2,seeded_scaffold_group_balanced,seeded_scaffold_group_balanced,1,ridge_a0.1,linear,-3.009550544470438,,,,,,,,,,,0.0051161000155843
esol,regression,1,3,seeded_scaffold_group_balanced,seeded_scaffold_group_balanced,1,ridge_a0.1,linear,-2.9880357120461443,,,,,,,,,,,0.0052224999526515
esol,regression,1,1,seeded_scaffold_group_balanced,seeded_scaffold_group_balanced,2,ridge_a1,linear,-1.9370475439247323,,,,,,,,,,,0.0043068000231869
esol,regression,1,2,seeded_scaffold_group_balanced,seeded_scaffold_group_balanced,2,ridge_a1,linear,-1.8846597055999823,,,,,,,,,,,0.0044451999710872
esol,regression,1,3,seeded_scaffold_group_balanced,seeded_scaffold_group_balanced,2,ridge_a1,linear,-1.924848404320424,,,,,,,,,,,0.0047571000177413
esol,regression,1,1,seeded_scaffold_group_balanced,seeded_scaffold_group_balanced,3,ridge_a10,linear,-1.5509540014835743,,,,,,,,,,,0.0044843999785371
esol,regression,1,2,seeded_scaffold_group_balanced,seeded_scaffold_group_balanced,3,ridge_a10,linear,-1.577978743433491,,,,,,,,,,,0.0041174000361934
esol,regression,1,3,seeded_scaffold_group_balanced,seeded_scaffold_group_balanced,3,ridge_a10,linear,-1.5831577198233109,,,,,,,,,,,0.00409350002883
esol,regression,1,1,seeded_scaffold_group_balanced,seeded_scaffold_group_balanced,4,elasticnet_a0.001,linear,-2.047397973491337,,,,,,,,,,,0.0475798000115901
esol,regression,1,2,seeded_scaffold_group_balanced,seeded_scaffold_group_balanced,4,elasticnet_a0.001,linear,-2.046327816281548,,,,,,,,,,,0.0474009999888949
esol,regression,1,3,seeded_scaffold_group_balanced,seeded_scaffold_group_balanced,4,elasticnet_a0.001,linear,-2.1107191808762726,,,,,,,,,,,0.0294903000467456
esol,regression,1,1,seeded_scaffold_group_balanced,seeded_scaffold_group_balanced,5,rf_60_sqrt,bagging,-1.4616489805691937,,,,,,,,,,,0.0782677999814041
esol,regression,1,2,seeded_scaffold_group_balanced,seeded_scaffold_group_balanced,5,rf_60_sqrt,bagging,-1.729392947557756,,,,,,,,,,,0.0884513999917544
esol,regression,1,3,seeded_scaffold_group_balanced,seeded_scaffold_group_balanced,5,rf_60_sqrt,bagging,-1.6542881176761353,,,,,,,,,,,0.0812025999766774
esol,regression,1,1,seeded_scaffold_group_balanced,seeded_scaffold_group_balanced,6,rf_90_d12,bagging,-1.56833496768546,,,,,,,,,,,0.1167967999936081
esol,regression,1,2,seeded_scaffold_group_balanced,seeded_scaffold_group_balanced,6,rf_90_d12,bagging,-1.6580643933637804,,,,,,,,,,,0.0919256000197492
esol,regression,1,3,seeded_scaffold_group_balanced,seeded_scaffold_group_balanced,6,rf_90_d12,bagging,-1.6622200230107926,,,,,,,,,,,0.0966896999743767
esol,regression,1,1,seeded_scaffold_group_balanced,seeded_scaffold_group_balanced,7,rf_90_leaf2,bagging,-1.5343999387207894,,,,,,,,,,,0.0913160000345669
esol,regression,1,2,seeded_scaffold_group_balanced,seeded_scaffold_group_balanced,7,rf_90_leaf2,bagging,-1.697388323660766,,,,,,,,,,,0.1086960000102408
esol,regression,1,3,seeded_scaffold_group_balanced,seeded_scaffold_group_balanced,7,rf_90_leaf2,bagging,-1.668520072420827,,,,,,,,,,,0.0928708999999798
esol,regression,1,1,seeded_scaffold_group_balanced,seeded_scaffold_group_balanced,8,rf_120_d20_leaf2,bagging,-1.5445415250889756,,,,,,,,,,,0.122725699970033
esol,regression,1,2,seeded_scaffold_group_balanced,seeded_scaffold_group_balanced,8,rf_120_d20_leaf2,bagging,-1.7133354962115903,,,,,,,,,,,0.1110553999897092
esol,regression,1,3,seeded_scaffold_group_balanced,seeded_scaffold_group_balanced,8,rf_120_d20_leaf2,bagging,-1.66163692008364,,,,,,,,,,,0.1142179000307805
esol,regression,1,1,seeded_scaffold_group_balanced,seeded_scaffold_group_balanced,9,et_60_sqrt,bagging,-1.4257267796238722,,,,,,,,,,,0.0544294000137597
esol,regression,1,2,seeded_scaffold_group_balanced,seeded_scaffold_group_balanced,9,et_60_sqrt,bagging,-1.7590644090452183,,,,,,,,,,,0.0523340000072494
esol,regression,1,3,seeded_scaffold_group_balanced,seeded_scaffold_group_balanced,9,et_60_sqrt,bagging,-1.6308648249989648,,,,,,,,,,,0.0576726999715901
esol,regression,1,1,seeded_scaffold_group_balanced,seeded_scaffold_group_balanced,10,et_90_d12,bagging,-1.547601703780493,,,,,,,,,,,0.0737298000021837
esol,regression,1,2,seeded_scaffold_group_balanced,seeded_scaffold_group_balanced,10,et_90_d12,bagging,-1.6665705990250987,,,,,,,,,,,0.0739123999956063
esol,regression,1,3,seeded_scaffold_group_balanced,seeded_scaffold_group_balanced,10,et_90_d12,bagging,-1.6432072928968773,,,,,,,,,,,0.0732533000409603
esol,regression,1,1,seeded_scaffold_group_balanced,seeded_scaffold_group_balanced,11,et_90_leaf2,bagging,-1.4569510935525078,,,,,,,,,,,0.0700312000117264
esol,regression,1,2,seeded_scaffold_group_balanced,seeded_scaffold_group_balanced,11,et_90_leaf2,bagging,-1.6831925224193167,,,,,,,,,,,0.0625740999821573
esol,regression,1,3,seeded_scaffold_group_balanced,seeded_scaffold_group_balanced,11,et_90_leaf2,bagging,-1.6150620022356243,,,,,,,,,,,0.0686326000140979
esol,regression,1,1,seeded_scaffold_group_balanced,seeded_scaffold_group_balanced,12,et_120_d20_leaf2,bagging,-1.4800712716454114,,,,,,,,,,,0.0923163999686949
esol,regression,1,2,seeded_scaffold_group_balanced,seeded_scaffold_group_balanced,12,et_120_d20_leaf2,bagging,-1.7309452624281598,,,,,,,,,,,0.0916472999961115
esol,regression,1,3,seeded_scaffold_group_balanced,seeded_scaffold_group_balanced,12,et_120_d20_leaf2,bagging,-1.6056965406990216,,,,,,,,,,,0.0779870999976992
esol,regression,1,1,seeded_scaffold_group_balanced,seeded_scaffold_group_balanced,13,histgb_lr0.05,boosting,-1.487434124762814,,,,,,,,,,,2.6528971000225283
esol,regression,1,2,seeded_scaffold_group_balanced,seeded_scaffold_group_balanced,13,histgb_lr0.05,boosting,-1.9997775367733224,,,,,,,,,,,1.2741276999586262
esol,regression,1,3,seeded_scaffold_group_balanced,seeded_scaffold_group_balanced,13,histgb_lr0.05,boosting,-1.6029469777336258,,,,,,,,,,,1.1215323000214994
esol,regression,1,1,seeded_scaffold_group_balanced,seeded_scaffold_group_balanced,14,histgb_lr0.1,boosting,-1.5014843432208838,,,,,,,,,,,0.987937600002624
esol,regression,1,2,seeded_scaffold_group_balanced,seeded_scaffold_group_balanced,14,histgb_lr0.1,boosting,-1.9912849944186215,,,,,,,,,,,1.0570312999770977
esol,regression,1,3,seeded_scaffold_group_balanced,seeded_scaffold_group_balanced,14,histgb_lr0.1,boosting,-1.5860945283338157,,,,,,,,,,,1.1278086000238543
esol,regression,1,1,seeded_scaffold_group_balanced,seeded_scaffold_group_balanced,15,gb_lr0.05_d2,boosting,-1.635490334170771,,,,,,,,,,,0.2496985999750904
esol,regression,1,2,seeded_scaffold_group_balanced,seeded_scaffold_group_balanced,15,gb_lr0.05_d2,boosting,-1.7588206336266632,,,,,,,,,,,0.2427794000250287
esol,regression,1,3,seeded_scaffold_group_balanced,seeded_scaffold_group_balanced,15,gb_lr0.05_d2,boosting,-1.7804019255782413,,,,,,,,,,,0.2135528000071644
esol,regression,1,1,seeded_scaffold_group_balanced,seeded_scaffold_group_balanced,16,gb_lr0.1_d3,boosting,-1.5147578211651704,,,,,,,,,,,0.3183436999679543
esol,regression,1,2,seeded_scaffold_group_balanced,seeded_scaffold_group_balanced,16,gb_lr0.1_d3,boosting,-1.7650616041274152,,,,,,,,,,,0.2922615999705158
esol,regression,1,3,seeded_scaffold_group_balanced,seeded_scaffold_group_balanced,16,gb_lr0.1_d3,boosting,-1.6374211801261591,,,,,,,,,,,0.3632487999857403
esol,regression,1,1,seeded_scaffold_group_balanced,seeded_scaffold_group_balanced,17,lgbm_60_l15,boosting,-1.5408939856689228,,,,,,,,,,,0.0378250999492593
esol,regression,1,2,seeded_scaffold_group_balanced,seeded_scaffold_group_balanced,17,lgbm_60_l15,boosting,-1.9528797639812077,,,,,,,,,,,0.0350878999452106
esol,regression,1,3,seeded_scaffold_group_balanced,seeded_scaffold_group_balanced,17,lgbm_60_l15,boosting,-1.6333125489691869,,,,,,,,,,,0.0337421000003814
esol,regression,1,1,seeded_scaffold_group_balanced,seeded_scaffold_group_balanced,18,lgbm_90_l31,boosting,-1.4987794871818985,,,,,,,,,,,0.0463999999919906
esol,regression,1,2,seeded_scaffold_group_balanced,seeded_scaffold_group_balanced,18,lgbm_90_l31,boosting,-1.9251118534950504,,,,,,,,,,,0.0527704000123776
esol,regression,1,3,seeded_scaffold_group_balanced,seeded_scaffold_group_balanced,18,lgbm_90_l31,boosting,-1.6315010543204045,,,,,,,,,,,0.0470980999525636
esol,regression,1,1,seeded_scaffold_group_balanced,seeded_scaffold_group_balanced,19,lgbm_60_l63,boosting,-1.4791102542634065,,,,,,,,,,,0.0298750000074505
esol,regression,1,2,seeded_scaffold_group_balanced,seeded_scaffold_group_balanced,19,lgbm_60_l63,boosting,-1.987903424713799,,,,,,,,,,,0.0321625000215135
esol,regression,1,3,seeded_scaffold_group_balanced,seeded_scaffold_group_balanced,19,lgbm_60_l63,boosting,-1.6089184906750893,,,,,,,,,,,0.032637899974361
esol,regression,1,1,seeded_scaffold_group_balanced,seeded_scaffold_group_balanced,20,lgbm_100_leaf10,boosting,-1.5201871230038817,,,,,,,,,,,0.1302315999637358
esol,regression,1,2,seeded_scaffold_group_balanced,seeded_scaffold_group_balanced,20,lgbm_100_leaf10,boosting,-1.877902168225257,,,,,,,,,,,0.0706466999836266
esol,regression,1,3,seeded_scaffold_group_balanced,seeded_scaffold_group_balanced,20,lgbm_100_leaf10,boosting,-1.5681240549218052,,,,,,,,,,,0.0758938000071793
esol,regression,1,1,seeded_scaffold_group_balanced,seeded_scaffold_group_balanced,21,lgbm_100_leaf30,boosting,-1.6065543687292916,,,,,,,,,,,0.0309378000092692
esol,regression,1,2,seeded_scaffold_group_balanced,seeded_scaffold_group_balanced,21,lgbm_100_leaf30,boosting,-2.065219809228401,,,,,,,,,,,0.0305292000412009
esol,regression,1,3,seeded_scaffold_group_balanced,seeded_scaffold_group_balanced,21,lgbm_100_leaf30,boosting,-1.6697486025328476,,,,,,,,,,,0.0329993999912403
esol,regression,1,1,seeded_scaffold_group_balanced,seeded_scaffold_group_balanced,22,lgbm_80_ff0.7,boosting,-1.4585627372268537,,,,,,,,,,,0.0472128000110387
esol,regression,1,2,seeded_scaffold_group_balanced,seeded_scaffold_group_balanced,22,lgbm_80_ff0.7,boosting,-1.91520882711756,,,,,,,,,,,0.0515351999783888
esol,regression,1,3,seeded_scaffold_group_balanced,seeded_scaffold_group_balanced,22,lgbm_80_ff0.7,boosting,-1.5973438202640362,,,,,,,,,,,0.0437853999901562
esol,regression,1,1,seeded_scaffold_group_balanced,seeded_scaffold_group_balanced,23,lgbm_80_bag0.8,boosting,-1.5054980459751024,,,,,,,,,,,0.0396379999583587
esol,regression,1,2,seeded_scaffold_group_balanced,seeded_scaffold_group_balanced,23,lgbm_80_bag0.8,boosting,-2.06923707980912,,,,,,,,,,,0.0434620000305585
esol,regression,1,3,seeded_scaffold_group_balanced,seeded_scaffold_group_balanced,23,lgbm_80_bag0.8,boosting,-1.6041029393907953,,,,,,,,,,,0.0481687000137753
esol,regression,1,1,seeded_scaffold_group_balanced,seeded_scaffold_group_balanced,24,lgbm_120_l15,boosting,-1.5045639160908113,,,,,,,,,,,0.0480714000295847
esol,regression,1,2,seeded_scaffold_group_balanced,seeded_scaffold_group_balanced,24,lgbm_120_l15,boosting,-1.9888293926040608,,,,,,,,,,,0.0458106999867595
esol,regression,1,3,seeded_scaffold_group_balanced,seeded_scaffold_group_balanced,24,lgbm_120_l15,boosting,-1.6121390579699058,,,,,,,,,,,0.045275600044988
esol,regression,1,1,seeded_scaffold_group_balanced,seeded_scaffold_group_balanced,25,xgb_60_d3,boosting,-1.5246371770791616,,,,,,,,,,,0.1569208999862894
esol,regression,1,2,seeded_scaffold_group_balanced,seeded_scaffold_group_balanced,25,xgb_60_d3,boosting,-1.8173062301120613,,,,,,,,,,,0.048743600025773
esol,regression,1,3,seeded_scaffold_group_balanced,seeded_scaffold_group_balanced,25,xgb_60_d3,boosting,-1.675307615164177,,,,,,,,,,,0.051561500004027
esol,regression,1,1,seeded_scaffold_group_balanced,seeded_scaffold_group_balanced,26,xgb_80_d5,boosting,-1.4571684049520426,,,,,,,,,,,0.0749484000261873
esol,regression,1,2,seeded_scaffold_group_balanced,seeded_scaffold_group_balanced,26,xgb_80_d5,boosting,-1.8867189916969196,,,,,,,,,,,0.085485299990978
esol,regression,1,3,seeded_scaffold_group_balanced,seeded_scaffold_group_balanced,26,xgb_80_d5,boosting,-1.6402558899988613,,,,,,,,,,,0.0947860000305809
esol,regression,1,1,seeded_scaffold_group_balanced,seeded_scaffold_group_balanced,27,xgb_100_d3,boosting,-1.5339751447329966,,,,,,,,,,,0.0767515000188723
esol,regression,1,2,seeded_scaffold_group_balanced,seeded_scaffold_group_balanced,27,xgb_100_d3,boosting,-1.7814879645185164,,,,,,,,,,,0.0753652999992482
esol,regression,1,3,seeded_scaffold_group_balanced,seeded_scaffold_group_balanced,27,xgb_100_d3,boosting,-1.67286396623469,,,,,,,,,,,0.081172999984119
esol,regression,1,1,seeded_scaffold_group_balanced,seeded_scaffold_group_balanced,28,xgb_60_d6,boosting,-1.4697103327143235,,,,,,,,,,,0.0826628999784588
esol,regression,1,2,seeded_scaffold_group_balanced,seeded_scaffold_group_balanced,28,xgb_60_d6,boosting,-1.8686606369667316,,,,,,,,,,,0.0902843000367283
esol,regression,1,3,seeded_scaffold_group_balanced,seeded_scaffold_group_balanced,28,xgb_60_d6,boosting,-1.6667487874122875,,,,,,,,,,,0.0943814000347629
esol,regression,1,1,seeded_scaffold_group_balanced,seeded_scaffold_group_balanced,29,cat_60_d4,boosting,-1.6162341791675352,,,,,,,,,,,0.3670239000348374
esol,regression,1,2,seeded_scaffold_group_balanced,seeded_scaffold_group_balanced,29,cat_60_d4,boosting,-1.720548311422572,,,,,,,,,,,0.1442280000192113
esol,regression,1,3,seeded_scaffold_group_balanced,seeded_scaffold_group_balanced,29,cat_60_d4,boosting,-1.7333652598470994,,,,,,,,,,,0.1340161000262014
esol,regression,1,1,seeded_scaffold_group_balanced,seeded_scaffold_group_balanced,30,cat_80_d6,boosting,-1.5540658987544511,,,,,,,,,,,0.3035147000337019
esol,regression,1,2,seeded_scaffold_group_balanced,seeded_scaffold_group_balanced,30,cat_80_d6,boosting,-1.757482703684074,,,,,,,,,,,0.3657701999763958
esol,regression,1,3,seeded_scaffold_group_balanced,seeded_scaffold_group_balanced,30,cat_80_d6,boosting,-1.6945634393036135,,,,,,,,,,,0.2841229999903589
esol,regression,1,1,seeded_scaffold_group_balanced,seeded_scaffold_group_balanced,31,cat_100_d4,boosting,-1.5989889427873183,,,,,,,,,,,0.2044862000038847
esol,regression,1,2,seeded_scaffold_group_balanced,seeded_scaffold_group_balanced,31,cat_100_d4,boosting,-1.7377655716501494,,,,,,,,,,,0.232828399981372
esol,regression,1,3,seeded_scaffold_group_balanced,seeded_scaffold_group_balanced,31,cat_100_d4,boosting,-1.7315121347010414,,,,,,,,,,,0.1896864000009372
esol,regression,1,1,seeded_scaffold_group_balanced,seeded_scaffold_group_balanced,32,cat_60_d8,boosting,-1.534951849843992,,,,,,,,,,,0.5088654999854043
esol,regression,1,2,seeded_scaffold_group_balanced,seeded_scaffold_group_balanced,32,cat_60_d8,boosting,-1.7683905086191467,,,,,,,,,,,0.4874567999504506
esol,regression,1,3,seeded_scaffold_group_balanced,seeded_scaffold_group_balanced,32,cat_60_d8,boosting,-1.6656524810195426,,,,,,,,,,,0.4899608999839984
esol,regression,2,1,seeded_scaffold_group_balanced,seeded_scaffold_group_balanced,1,ridge_a0.1,linear,-2.932922925997593,,,,,,,,,,,0.0088768999557942
esol,regression,2,2,seeded_scaffold_group_balanced,seeded_scaffold_group_balanced,1,ridge_a0.1,linear,-2.9999381961604845,,,,,,,,,,,0.0097479000105522
esol,regression,2,3,seeded_scaffold_group_balanced,seeded_scaffold_group_balanced,1,ridge_a0.1,linear,-3.2322576102277303,,,,,,,,,,,0.0081806000089272
esol,regression,2,1,seeded_scaffold_group_balanced,seeded_scaffold_group_balanced,2,ridge_a1,linear,-1.8800729688521751,,,,,,,,,,,0.0073889999766834
esol,regression,2,2,seeded_scaffold_group_balanced,seeded_scaffold_group_balanced,2,ridge_a1,linear,-2.065248448221568,,,,,,,,,,,0.0087900000507943
esol,regression,2,3,seeded_scaffold_group_balanced,seeded_scaffold_group_balanced,2,ridge_a1,linear,-2.198630931626678,,,,,,,,,,,0.0092408999917097
esol,regression,2,1,seeded_scaffold_group_balanced,seeded_scaffold_group_balanced,3,ridge_a10,linear,-1.4633290306190612,,,,,,,,,,,0.0077219000086188
esol,regression,2,2,seeded_scaffold_group_balanced,seeded_scaffold_group_balanced,3,ridge_a10,linear,-1.8223092076764893,,,,,,,,,,,0.0075981999980285
esol,regression,2,3,seeded_scaffold_group_balanced,seeded_scaffold_group_balanced,3,ridge_a10,linear,-1.6391411096141446,,,,,,,,,,,0.006211899977643
esol,regression,2,1,seeded_scaffold_group_balanced,seeded_scaffold_group_balanced,4,elasticnet_a0.001,linear,-2.093503093515332,,,,,,,,,,,0.0720398999983444
esol,regression,2,2,seeded_scaffold_group_balanced,seeded_scaffold_group_balanced,4,elasticnet_a0.001,linear,-2.2238717773009378,,,,,,,,,,,0.1012095999903976
esol,regression,2,3,seeded_scaffold_group_balanced,seeded_scaffold_group_balanced,4,elasticnet_a0.001,linear,-2.4913738260714084,,,,,,,,,,,0.053452499967534
esol,regression,2,1,seeded_scaffold_group_balanced,seeded_scaffold_group_balanced,5,rf_60_sqrt,bagging,-1.4075608158015105,,,,,,,,,,,0.0912465999717824
esol,regression,2,2,seeded_scaffold_group_balanced,seeded_scaffold_group_balanced,5,rf_60_sqrt,bagging,-1.7676340175149208,,,,,,,,,,,0.0941025000065565
esol,regression,2,3,seeded_scaffold_group_balanced,seeded_scaffold_group_balanced,5,rf_60_sqrt,bagging,-1.5105596478013583,,,,,,,,,,,0.0893869000137783
esol,regression,2,1,seeded_scaffold_group_balanced,seeded_scaffold_group_balanced,6,rf_90_d12,bagging,-1.477627654304227,,,,,,,,,,,0.1316249999799765
esol,regression,2,2,seeded_scaffold_group_balanced,seeded_scaffold_group_balanced,6,rf_90_d12,bagging,-1.9517232291992797,,,,,,,,,,,0.0845008000032976
esol,regression,2,3,seeded_scaffold_group_balanced,seeded_scaffold_group_balanced,6,rf_90_d12,bagging,-1.6555869941611805,,,,,,,,,,,0.0950901999603957
esol,regression,2,1,seeded_scaffold_group_balanced,seeded_scaffold_group_balanced,7,rf_90_leaf2,bagging,-1.4443075581871532,,,,,,,,,,,0.1007367999991402
esol,regression,2,2,seeded_scaffold_group_balanced,seeded_scaffold_group_balanced,7,rf_90_leaf2,bagging,-1.9355749015778945,,,,,,,,,,,0.1091696999501437
esol,regression,2,3,seeded_scaffold_group_balanced,seeded_scaffold_group_balanced,7,rf_90_leaf2,bagging,-1.5910717383016004,,,,,,,,,,,0.0878470999887213
esol,regression,2,1,seeded_scaffold_group_balanced,seeded_scaffold_group_balanced,8,rf_120_d20_leaf2,bagging,-1.442376580646844,,,,,,,,,,,0.1203602000023238
esol,regression,2,2,seeded_scaffold_group_balanced,seeded_scaffold_group_balanced,8,rf_120_d20_leaf2,bagging,-1.9299669734890637,,,,,,,,,,,0.1272744999732822
esol,regression,2,3,seeded_scaffold_group_balanced,seeded_scaffold_group_balanced,8,rf_120_d20_leaf2,bagging,-1.5921799690753748,,,,,,,,,,,0.1137631999445147
esol,regression,2,1,seeded_scaffold_group_balanced,seeded_scaffold_group_balanced,9,et_60_sqrt,bagging,-1.373673015370482,,,,,,,,,,,0.0515222999965772
esol,regression,2,2,seeded_scaffold_group_balanced,seeded_scaffold_group_balanced,9,et_60_sqrt,bagging,-1.7970604557211387,,,,,,,,,,,0.065808699990157
esol,regression,2,3,seeded_scaffold_group_balanced,seeded_scaffold_group_balanced,9,et_60_sqrt,bagging,-1.4442355487756433,,,,,,,,,,,0.0650834999978542
esol,regression,2,1,seeded_scaffold_group_balanced,seeded_scaffold_group_balanced,10,et_90_d12,bagging,-1.4790289843384086,,,,,,,,,,,0.0727636000374332
esol,regression,2,2,seeded_scaffold_group_balanced,seeded_scaffold_group_balanced,10,et_90_d12,bagging,-1.9594956097508696,,,,,,,,,,,0.0758668999769724
esol,regression,2,3,seeded_scaffold_group_balanced,seeded_scaffold_group_balanced,10,et_90_d12,bagging,-1.6274468254601546,,,,,,,,,,,0.0587613999960012
esol,regression,2,1,seeded_scaffold_group_balanced,seeded_scaffold_group_balanced,11,et_90_leaf2,bagging,-1.384229794225816,,,,,,,,,,,0.0926996999769471
esol,regression,2,2,seeded_scaffold_group_balanced,seeded_scaffold_group_balanced,11,et_90_leaf2,bagging,-1.8520664203136743,,,,,,,,,,,0.089760800008662
esol,regression,2,3,seeded_scaffold_group_balanced,seeded_scaffold_group_balanced,11,et_90_leaf2,bagging,-1.5368894407706502,,,,,,,,,,,0.0908167999587021
esol,regression,2,1,seeded_scaffold_group_balanced,seeded_scaffold_group_balanced,12,et_120_d20_leaf2,bagging,-1.4361586045303096,,,,,,,,,,,0.1142774999607354
esol,regression,2,2,seeded_scaffold_group_balanced,seeded_scaffold_group_balanced,12,et_120_d20_leaf2,bagging,-1.8839952396160915,,,,,,,,,,,0.1098891000146977
esol,regression,2,3,seeded_scaffold_group_balanced,seeded_scaffold_group_balanced,12,et_120_d20_leaf2,bagging,-1.5659884902696293,,,,,,,,,,,0.1199997999938204
esol,regression,2,1,seeded_scaffold_group_balanced,seeded_scaffold_group_balanced,13,histgb_lr0.05,boosting,-1.4545133039696598,,,,,,,,,,,1.31406419997802
esol,regression,2,2,seeded_scaffold_group_balanced,seeded_scaffold_group_balanced,13,histgb_lr0.05,boosting,-1.6430370586247287,,,,,,,,,,,1.2928615999990145
esol,regression,2,3,seeded_scaffold_group_balanced,seeded_scaffold_group_balanced,13,histgb_lr0.05,boosting,-1.4657743305582076,,,,,,,,,,,1.212925500003621
esol,regression,2,1,seeded_scaffold_group_balanced,seeded_scaffold_group_balanced,14,histgb_lr0.1,boosting,-1.439102162056461,,,,,,,,,,,0.9765145999845116
esol,regression,2,2,seeded_scaffold_group_balanced,seeded_scaffold_group_balanced,14,histgb_lr0.1,boosting,-1.5917466014422077,,,,,,,,,,,1.0405126999830827
esol,regression,2,3,seeded_scaffold_group_balanced,seeded_scaffold_group_balanced,14,histgb_lr0.1,boosting,-1.427467952177678,,,,,,,,,,,0.9518000999814832
esol,regression,2,1,seeded_scaffold_group_balanced,seeded_scaffold_group_balanced,15,gb_lr0.05_d2,boosting,-1.5433712857315225,,,,,,,,,,,0.2217631000094115
esol,regression,2,2,seeded_scaffold_group_balanced,seeded_scaffold_group_balanced,15,gb_lr0.05_d2,boosting,-2.045428524632276,,,,,,,,,,,0.2303315000026486
esol,regression,2,3,seeded_scaffold_group_balanced,seeded_scaffold_group_balanced,15,gb_lr0.05_d2,boosting,-1.7459989953224302,,,,,,,,,,,0.2338054000283591
esol,regression,2,1,seeded_scaffold_group_balanced,seeded_scaffold_group_balanced,16,gb_lr0.1_d3,boosting,-1.4996613686208788,,,,,,,,,,,0.3202413000399247
esol,regression,2,2,seeded_scaffold_group_balanced,seeded_scaffold_group_balanced,16,gb_lr0.1_d3,boosting,-1.8434986114613836,,,,,,,,,,,0.2977497999672778
esol,regression,2,3,seeded_scaffold_group_balanced,seeded_scaffold_group_balanced,16,gb_lr0.1_d3,boosting,-1.574730615297952,,,,,,,,,,,0.3122492999536916
esol,regression,2,1,seeded_scaffold_group_balanced,seeded_scaffold_group_balanced,17,lgbm_60_l15,boosting,-1.4684564911506108,,,,,,,,,,,0.0277803000062704
esol,regression,2,2,seeded_scaffold_group_balanced,seeded_scaffold_group_balanced,17,lgbm_60_l15,boosting,-1.7223960145195505,,,,,,,,,,,0.0298096999758854
esol,regression,2,3,seeded_scaffold_group_balanced,seeded_scaffold_group_balanced,17,lgbm_60_l15,boosting,-1.5113396212307642,,,,,,,,,,,0.0306527999928221
esol,regression,2,1,seeded_scaffold_group_balanced,seeded_scaffold_group_balanced,18,lgbm_90_l31,boosting,-1.448828327479014,,,,,,,,,,,0.0447698999778367
esol,regression,2,2,seeded_scaffold_group_balanced,seeded_scaffold_group_balanced,18,lgbm_90_l31,boosting,-1.6434286147234485,,,,,,,,,,,0.0509207000141032
esol,regression,2,3,seeded_scaffold_group_balanced,seeded_scaffold_group_balanced,18,lgbm_90_l31,boosting,-1.471986842973151,,,,,,,,,,,0.0711087000090628
esol,regression,2,1,seeded_scaffold_group_balanced,seeded_scaffold_group_balanced,19,lgbm_60_l63,boosting,-1.4604781004190444,,,,,,,,,,,0.0551725000259466
esol,regression,2,2,seeded_scaffold_group_balanced,seeded_scaffold_group_balanced,19,lgbm_60_l63,boosting,-1.6131712709522028,,,,,,,,,,,0.032674100017175
esol,regression,2,3,seeded_scaffold_group_balanced,seeded_scaffold_group_balanced,19,lgbm_60_l63,boosting,-1.4567894675833035,,,,,,,,,,,0.0407516999985091
esol,regression,2,1,seeded_scaffold_group_balanced,seeded_scaffold_group_balanced,20,lgbm_100_leaf10,boosting,-1.4064636190618935,,,,,,,,,,,0.0934404000290669
esol,regression,2,2,seeded_scaffold_group_balanced,seeded_scaffold_group_balanced,20,lgbm_100_leaf10,boosting,-1.6195277904637913,,,,,,,,,,,0.0908978999941609
esol,regression,2,3,seeded_scaffold_group_balanced,seeded_scaffold_group_balanced,20,lgbm_100_leaf10,boosting,-1.4806436821136206,,,,,,,,,,,0.0769473999971523
esol,regression,2,1,seeded_scaffold_group_balanced,seeded_scaffold_group_balanced,21,lgbm_100_leaf30,boosting,-1.498911890867863,,,,,,,,,,,0.041959099995438
esol,regression,2,2,seeded_scaffold_group_balanced,seeded_scaffold_group_balanced,21,lgbm_100_leaf30,boosting,-1.596596024383562,,,,,,,,,,,0.0364446999737992
esol,regression,2,3,seeded_scaffold_group_balanced,seeded_scaffold_group_balanced,21,lgbm_100_leaf30,boosting,-1.4494516584302175,,,,,,,,,,,0.0629656999954022
esol,regression,2,1,seeded_scaffold_group_balanced,seeded_scaffold_group_balanced,22,lgbm_80_ff0.7,boosting,-1.4467475749161962,,,,,,,,,,,0.0563496999675408
esol,regression,2,2,seeded_scaffold_group_balanced,seeded_scaffold_group_balanced,22,lgbm_80_ff0.7,boosting,-1.6132540549051797,,,,,,,,,,,0.0596773999859578
esol,regression,2,3,seeded_scaffold_group_balanced,seeded_scaffold_group_balanced,22,lgbm_80_ff0.7,boosting,-1.4726190139457844,,,,,,,,,,,0.0445118999923579
esol,regression,2,1,seeded_scaffold_group_balanced,seeded_scaffold_group_balanced,23,lgbm_80_bag0.8,boosting,-1.460202611355531,,,,,,,,,,,0.0342532999929972
esol,regression,2,2,seeded_scaffold_group_balanced,seeded_scaffold_group_balanced,23,lgbm_80_bag0.8,boosting,-1.5388996663131842,,,,,,,,,,,0.0443690999527461
esol,regression,2,3,seeded_scaffold_group_balanced,seeded_scaffold_group_balanced,23,lgbm_80_bag0.8,boosting,-1.4367368397611993,,,,,,,,,,,0.044450300047174
esol,regression,2,1,seeded_scaffold_group_balanced,seeded_scaffold_group_balanced,24,lgbm_120_l15,boosting,-1.4473950491216252,,,,,,,,,,,0.0564372999942861
esol,regression,2,2,seeded_scaffold_group_balanced,seeded_scaffold_group_balanced,24,lgbm_120_l15,boosting,-1.6483851833182224,,,,,,,,,,,0.0527594999875873
esol,regression,2,3,seeded_scaffold_group_balanced,seeded_scaffold_group_balanced,24,lgbm_120_l15,boosting,-1.467550638070543,,,,,,,,,,,0.0488248000037856
esol,regression,2,1,seeded_scaffold_group_balanced,seeded_scaffold_group_balanced,25,xgb_60_d3,boosting,-1.4943696043519663,,,,,,,,,,,0.0526554000098258
esol,regression,2,2,seeded_scaffold_group_balanced,seeded_scaffold_group_balanced,25,xgb_60_d3,boosting,-1.830504687037484,,,,,,,,,,,0.0590312000131234
esol,regression,2,3,seeded_scaffold_group_balanced,seeded_scaffold_group_balanced,25,xgb_60_d3,boosting,-1.6196346100994294,,,,,,,,,,,0.0527699999511241
esol,regression,2,1,seeded_scaffold_group_balanced,seeded_scaffold_group_balanced,26,xgb_80_d5,boosting,-1.468794270502533,,,,,,,,,,,0.0872585999895818
esol,regression,2,2,seeded_scaffold_group_balanced,seeded_scaffold_group_balanced,26,xgb_80_d5,boosting,-1.725872213525149,,,,,,,,,,,0.0803430000087246
esol,regression,2,3,seeded_scaffold_group_balanced,seeded_scaffold_group_balanced,26,xgb_80_d5,boosting,-1.510664569463387,,,,,,,,,,,0.0778848000336438
esol,regression,2,1,seeded_scaffold_group_balanced,seeded_scaffold_group_balanced,27,xgb_100_d3,boosting,-1.4679819940756849,,,,,,,,,,,0.0734387999982573
esol,regression,2,2,seeded_scaffold_group_balanced,seeded_scaffold_group_balanced,27,xgb_100_d3,boosting,-1.8505159226875756,,,,,,,,,,,0.0713872999767772
esol,regression,2,3,seeded_scaffold_group_balanced,seeded_scaffold_group_balanced,27,xgb_100_d3,boosting,-1.594646241643768,,,,,,,,,,,0.0786213999963365
esol,regression,2,1,seeded_scaffold_group_balanced,seeded_scaffold_group_balanced,28,xgb_60_d6,boosting,-1.4073356559711223,,,,,,,,,,,0.0703207000042311
esol,regression,2,2,seeded_scaffold_group_balanced,seeded_scaffold_group_balanced,28,xgb_60_d6,boosting,-1.624665815654795,,,,,,,,,,,0.0713011000188998
esol,regression,2,3,seeded_scaffold_group_balanced,seeded_scaffold_group_balanced,28,xgb_60_d6,boosting,-1.5025199878083242,,,,,,,,,,,0.0761766000068746
esol,regression,2,1,seeded_scaffold_group_balanced,seeded_scaffold_group_balanced,29,cat_60_d4,boosting,-1.4877202917116987,,,,,,,,,,,0.1496498000342399
esol,regression,2,2,seeded_scaffold_group_balanced,seeded_scaffold_group_balanced,29,cat_60_d4,boosting,-2.0062257067239435,,,,,,,,,,,0.1498645999818109
esol,regression,2,3,seeded_scaffold_group_balanced,seeded_scaffold_group_balanced,29,cat_60_d4,boosting,-1.7462859333841536,,,,,,,,,,,0.2106706000049598
esol,regression,2,1,seeded_scaffold_group_balanced,seeded_scaffold_group_balanced,30,cat_80_d6,boosting,-1.43751179330924,,,,,,,,,,,0.4220696999691427
esol,regression,2,2,seeded_scaffold_group_balanced,seeded_scaffold_group_balanced,30,cat_80_d6,boosting,-1.933870464647216,,,,,,,,,,,0.3875746999983676
esol,regression,2,3,seeded_scaffold_group_balanced,seeded_scaffold_group_balanced,30,cat_80_d6,boosting,-1.6522163446603828,,,,,,,,,,,0.3613660999690182
esol,regression,2,1,seeded_scaffold_group_balanced,seeded_scaffold_group_balanced,31,cat_100_d4,boosting,-1.5013086457969105,,,,,,,,,,,0.2697475999593735
esol,regression,2,2,seeded_scaffold_group_balanced,seeded_scaffold_group_balanced,31,cat_100_d4,boosting,-1.9854505944325187,,,,,,,,,,,0.2674257000326179
esol,regression,2,3,seeded_scaffold_group_balanced,seeded_scaffold_group_balanced,31,cat_100_d4,boosting,-1.7220139945717745,,,,,,,,,,,0.2785785000305623
esol,regression,2,1,seeded_scaffold_group_balanced,seeded_scaffold_group_balanced,32,cat_60_d8,boosting,-1.466156550323938,,,,,,,,,,,0.6063767000450753
esol,regression,2,2,seeded_scaffold_group_balanced,seeded_scaffold_group_balanced,32,cat_60_d8,boosting,-1.829381487291388,,,,,,,,,,,0.6127345000277273
esol,regression,2,3,seeded_scaffold_group_balanced,seeded_scaffold_group_balanced,32,cat_60_d8,boosting,-1.6179247622520077,,,,,,,,,,,0.6384047999745235
esol,regression,3,1,seeded_scaffold_group_balanced,seeded_scaffold_group_balanced,1,ridge_a0.1,linear,-2.987976447972522,,,,,,,,,,,0.0073822999838739
esol,regression,3,2,seeded_scaffold_group_balanced,seeded_scaffold_group_balanced,1,ridge_a0.1,linear,-3.6404403510130345,,,,,,,,,,,0.0066431000013835
esol,regression,3,3,seeded_scaffold_group_balanced,seeded_scaffold_group_balanced,1,ridge_a0.1,linear,-3.2741636588071543,,,,,,,,,,,0.0061972999828867
esol,regression,3,1,seeded_scaffold_group_balanced,seeded_scaffold_group_balanced,2,ridge_a1,linear,-2.095827783997379,,,,,,,,,,,0.0059520999784581
esol,regression,3,2,seeded_scaffold_group_balanced,seeded_scaffold_group_balanced,2,ridge_a1,linear,-2.164091281675459,,,,,,,,,,,0.0059981999802403
esol,regression,3,3,seeded_scaffold_group_balanced,seeded_scaffold_group_balanced,2,ridge_a1,linear,-2.2476422578093613,,,,,,,,,,,0.00588140002219
esol,regression,3,1,seeded_scaffold_group_balanced,seeded_scaffold_group_balanced,3,ridge_a10,linear,-1.927123011537672,,,,,,,,,,,0.0053603000123985
esol,regression,3,2,seeded_scaffold_group_balanced,seeded_scaffold_group_balanced,3,ridge_a10,linear,-1.7705221963490116,,,,,,,,,,,0.0068247999879531
esol,regression,3,3,seeded_scaffold_group_balanced,seeded_scaffold_group_balanced,3,ridge_a10,linear,-1.71923352478918,,,,,,,,,,,0.0064721000380814
esol,regression,3,1,seeded_scaffold_group_balanced,seeded_scaffold_group_balanced,4,elasticnet_a0.001,linear,-2.2658693711269184,,,,,,,,,,,0.072594300028868
esol,regression,3,2,seeded_scaffold_group_balanced,seeded_scaffold_group_balanced,4,elasticnet_a0.001,linear,-2.481614170776871,,,,,,,,,,,0.0316925999941304
esol,regression,3,3,seeded_scaffold_group_balanced,seeded_scaffold_group_balanced,4,elasticnet_a0.001,linear,-2.45135484340232,,,,,,,,,,,0.0664492999785579
esol,regression,3,1,seeded_scaffold_group_balanced,seeded_scaffold_group_balanced,5,rf_60_sqrt,bagging,-1.9012906260569429,,,,,,,,,,,0.0911510000005364
esol,regression,3,2,seeded_scaffold_group_balanced,seeded_scaffold_group_balanced,5,rf_60_sqrt,bagging,-1.7612215869957033,,,,,,,,,,,0.0994915000046603
esol,regression,3,3,seeded_scaffold_group_balanced,seeded_scaffold_group_balanced,5,rf_60_sqrt,bagging,-2.073749846282632,,,,,,,,,,,0.0933311999542638
esol,regression,3,1,seeded_scaffold_group_balanced,seeded_scaffold_group_balanced,6,rf_90_d12,bagging,-2.1630193668712567,,,,,,,,,,,0.1362178999697789
esol,regression,3,2,seeded_scaffold_group_balanced,seeded_scaffold_group_balanced,6,rf_90_d12,bagging,-1.8809884698325363,,,,,,,,,,,0.1322056999779306
esol,regression,3,3,seeded_scaffold_group_balanced,seeded_scaffold_group_balanced,6,rf_90_d12,bagging,-1.8120299320281628,,,,,,,,,,,0.1167022000299766
esol,regression,3,1,seeded_scaffold_group_balanced,seeded_scaffold_group_balanced,7,rf_90_leaf2,bagging,-2.0549087344123187,,,,,,,,,,,0.1222418999532237
esol,regression,3,2,seeded_scaffold_group_balanced,seeded_scaffold_group_balanced,7,rf_90_leaf2,bagging,-1.83989792350207,,,,,,,,,,,0.1321466999943368
esol,regression,3,3,seeded_scaffold_group_balanced,seeded_scaffold_group_balanced,7,rf_90_leaf2,bagging,-1.8462177527325097,,,,,,,,,,,0.1346377999871038
esol,regression,3,1,seeded_scaffold_group_balanced,seeded_scaffold_group_balanced,8,rf_120_d20_leaf2,bagging,-2.100693503670045,,,,,,,,,,,0.1662140999687835
esol,regression,3,2,seeded_scaffold_group_balanced,seeded_scaffold_group_balanced,8,rf_120_d20_leaf2,bagging,-1.850307239338376,,,,,,,,,,,0.136848900001496
esol,regression,3,3,seeded_scaffold_group_balanced,seeded_scaffold_group_balanced,8,rf_120_d20_leaf2,bagging,-1.8756836119634792,,,,,,,,,,,0.1282854999881237
esol,regression,3,1,seeded_scaffold_group_balanced,seeded_scaffold_group_balanced,9,et_60_sqrt,bagging,-1.8730105090701707,,,,,,,,,,,0.0534526999690569
esol,regression,3,2,seeded_scaffold_group_balanced,seeded_scaffold_group_balanced,9,et_60_sqrt,bagging,-1.738149797338315,,,,,,,,,,,0.0559770999825559
esol,regression,3,3,seeded_scaffold_group_balanced,seeded_scaffold_group_balanced,9,et_60_sqrt,bagging,-2.102768680774327,,,,,,,,,,,0.0532695999718271
esol,regression,3,1,seeded_scaffold_group_balanced,seeded_scaffold_group_balanced,10,et_90_d12,bagging,-2.1505507423407693,,,,,,,,,,,0.0707649000105448
esol,regression,3,2,seeded_scaffold_group_balanced,seeded_scaffold_group_balanced,10,et_90_d12,bagging,-1.859368943373896,,,,,,,,,,,0.0753235999727621
esol,regression,3,3,seeded_scaffold_group_balanced,seeded_scaffold_group_balanced,10,et_90_d12,bagging,-1.827496383443459,,,,,,,,,,,0.0699433000409044
esol,regression,3,1,seeded_scaffold_group_balanced,seeded_scaffold_group_balanced,11,et_90_leaf2,bagging,-2.0050276616631777,,,,,,,,,,,0.0738325999700464
esol,regression,3,2,seeded_scaffold_group_balanced,seeded_scaffold_group_balanced,11,et_90_leaf2,bagging,-1.7938721486957028,,,,,,,,,,,0.0727810999960638
esol,regression,3,3,seeded_scaffold_group_balanced,seeded_scaffold_group_balanced,11,et_90_leaf2,bagging,-1.9444497783984835,,,,,,,,,,,0.0767237999825738
esol,regression,3,1,seeded_scaffold_group_balanced,seeded_scaffold_group_balanced,12,et_120_d20_leaf2,bagging,-2.054010873886786,,,,,,,,,,,0.0923316000262275
esol,regression,3,2,seeded_scaffold_group_balanced,seeded_scaffold_group_balanced,12,et_120_d20_leaf2,bagging,-1.8373526650648515,,,,,,,,,,,0.0849880999885499
esol,regression,3,3,seeded_scaffold_group_balanced,seeded_scaffold_group_balanced,12,et_120_d20_leaf2,bagging,-1.933292895015737,,,,,,,,,,,0.1054385000024922
esol,regression,3,1,seeded_scaffold_group_balanced,seeded_scaffold_group_balanced,13,histgb_lr0.05,boosting,-2.069818939158749,,,,,,,,,,,1.4870302000199445
esol,regression,3,2,seeded_scaffold_group_balanced,seeded_scaffold_group_balanced,13,histgb_lr0.05,boosting,-1.867438347225972,,,,,,,,,,,1.2345076000201516
esol,regression,3,3,seeded_scaffold_group_balanced,seeded_scaffold_group_balanced,13,histgb_lr0.05,boosting,-2.1029828374737862,,,,,,,,,,,1.1906348000047728
esol,regression,3,1,seeded_scaffold_group_balanced,seeded_scaffold_group_balanced,14,histgb_lr0.1,boosting,-2.0189470514917054,,,,,,,,,,,0.9476090000243858
esol,regression,3,2,seeded_scaffold_group_balanced,seeded_scaffold_group_balanced,14,histgb_lr0.1,boosting,-1.7983546328945723,,,,,,,,,,,1.0097041999688372
esol,regression,3,3,seeded_scaffold_group_balanced,seeded_scaffold_group_balanced,14,histgb_lr0.1,boosting,-2.218586861286069,,,,,,,,,,,0.9656442999839784
esol,regression,3,1,seeded_scaffold_group_balanced,seeded_scaffold_group_balanced,15,gb_lr0.05_d2,boosting,-2.2170710115964374,,,,,,,,,,,0.2332182000391185
esol,regression,3,2,seeded_scaffold_group_balanced,seeded_scaffold_group_balanced,15,gb_lr0.05_d2,boosting,-1.936458443221302,,,,,,,,,,,0.2237333999946713
esol,regression,3,3,seeded_scaffold_group_balanced,seeded_scaffold_group_balanced,15,gb_lr0.05_d2,boosting,-1.9216420721243297,,,,,,,,,,,0.2331712999730371
esol,regression,3,1,seeded_scaffold_group_balanced,seeded_scaffold_group_balanced,16,gb_lr0.1_d3,boosting,-2.0358766002246456,,,,,,,,,,,0.3239353999961167
esol,regression,3,2,seeded_scaffold_group_balanced,seeded_scaffold_group_balanced,16,gb_lr0.1_d3,boosting,-1.7919133966918177,,,,,,,,,,,0.3524091999861412
esol,regression,3,3,seeded_scaffold_group_balanced,seeded_scaffold_group_balanced,16,gb_lr0.1_d3,boosting,-1.9982583639825289,,,,,,,,,,,0.369061800010968
esol,regression,3,1,seeded_scaffold_group_balanced,seeded_scaffold_group_balanced,17,lgbm_60_l15,boosting,-2.116976211754437,,,,,,,,,,,0.0400845999829471
esol,regression,3,2,seeded_scaffold_group_balanced,seeded_scaffold_group_balanced,17,lgbm_60_l15,boosting,-1.9755417496541408,,,,,,,,,,,0.0396506999968551
esol,regression,3,3,seeded_scaffold_group_balanced,seeded_scaffold_group_balanced,17,lgbm_60_l15,boosting,-2.051002447382803,,,,,,,,,,,0.0341209999751299
esol,regression,3,1,seeded_scaffold_group_balanced,seeded_scaffold_group_balanced,18,lgbm_90_l31,boosting,-2.0992228786986407,,,,,,,,,,,0.0426581000210717
esol,regression,3,2,seeded_scaffold_group_balanced,seeded_scaffold_group_balanced,18,lgbm_90_l31,boosting,-1.8709555153717072,,,,,,,,,,,0.0413016999955289
esol,regression,3,3,seeded_scaffold_group_balanced,seeded_scaffold_group_balanced,18,lgbm_90_l31,boosting,-2.1096505721941896,,,,,,,,,,,0.051530199998524
esol,regression,3,1,seeded_scaffold_group_balanced,seeded_scaffold_group_balanced,19,lgbm_60_l63,boosting,-2.081602238775245,,,,,,,,,,,0.0351017999928444
esol,regression,3,2,seeded_scaffold_group_balanced,seeded_scaffold_group_balanced,19,lgbm_60_l63,boosting,-1.8828250738075984,,,,,,,,,,,0.0443413000321015
esol,regression,3,3,seeded_scaffold_group_balanced,seeded_scaffold_group_balanced,19,lgbm_60_l63,boosting,-2.108139580085089,,,,,,,,,,,0.1419882000191137
esol,regression,3,1,seeded_scaffold_group_balanced,seeded_scaffold_group_balanced,20,lgbm_100_leaf10,boosting,-1.9472485542589464,,,,,,,,,,,0.2084690000046976
esol,regression,3,2,seeded_scaffold_group_balanced,seeded_scaffold_group_balanced,20,lgbm_100_leaf10,boosting,-1.6899653989223802,,,,,,,,,,,0.1081487999763339
esol,regression,3,3,seeded_scaffold_group_balanced,seeded_scaffold_group_balanced,20,lgbm_100_leaf10,boosting,-2.074416464929379,,,,,,,,,,,0.0843276000232435
esol,regression,3,1,seeded_scaffold_group_balanced,seeded_scaffold_group_balanced,21,lgbm_100_leaf30,boosting,-2.1406618923444194,,,,,,,,,,,0.0337025999906472
esol,regression,3,2,seeded_scaffold_group_balanced,seeded_scaffold_group_balanced,21,lgbm_100_leaf30,boosting,-2.0023411529086435,,,,,,,,,,,0.0338735000113956
esol,regression,3,3,seeded_scaffold_group_balanced,seeded_scaffold_group_balanced,21,lgbm_100_leaf30,boosting,-2.2522891340389197,,,,,,,,,,,0.0417739999829791
esol,regression,3,1,seeded_scaffold_group_balanced,seeded_scaffold_group_balanced,22,lgbm_80_ff0.7,boosting,-2.065780854879518,,,,,,,,,,,0.0630588000058196
esol,regression,3,2,seeded_scaffold_group_balanced,seeded_scaffold_group_balanced,22,lgbm_80_ff0.7,boosting,-1.8956944886700184,,,,,,,,,,,0.0602952999761328
esol,regression,3,3,seeded_scaffold_group_balanced,seeded_scaffold_group_balanced,22,lgbm_80_ff0.7,boosting,-2.141328823664621,,,,,,,,,,,0.0511373999761417
esol,regression,3,1,seeded_scaffold_group_balanced,seeded_scaffold_group_balanced,23,lgbm_80_bag0.8,boosting,-2.044475086625702,,,,,,,,,,,0.0454618000076152
esol,regression,3,2,seeded_scaffold_group_balanced,seeded_scaffold_group_balanced,23,lgbm_80_bag0.8,boosting,-1.8657905388465936,,,,,,,,,,,0.048578800051473
esol,regression,3,3,seeded_scaffold_group_balanced,seeded_scaffold_group_balanced,23,lgbm_80_bag0.8,boosting,-2.1793506634437905,,,,,,,,,,,0.0701831000042148
esol,regression,3,1,seeded_scaffold_group_balanced,seeded_scaffold_group_balanced,24,lgbm_120_l15,boosting,-2.0699815707254263,,,,,,,,,,,0.0573763999855145
esol,regression,3,2,seeded_scaffold_group_balanced,seeded_scaffold_group_balanced,24,lgbm_120_l15,boosting,-1.874555381737828,,,,,,,,,,,0.0600720000220462
esol,regression,3,3,seeded_scaffold_group_balanced,seeded_scaffold_group_balanced,24,lgbm_120_l15,boosting,-2.1180103153652494,,,,,,,,,,,0.0471607000217773
esol,regression,3,1,seeded_scaffold_group_balanced,seeded_scaffold_group_balanced,25,xgb_60_d3,boosting,-2.114109543511779,,,,,,,,,,,0.0579595000017434
esol,regression,3,2,seeded_scaffold_group_balanced,seeded_scaffold_group_balanced,25,xgb_60_d3,boosting,-1.8132735016738544,,,,,,,,,,,0.0596301000332459
esol,regression,3,3,seeded_scaffold_group_balanced,seeded_scaffold_group_balanced,25,xgb_60_d3,boosting,-2.016600180501724,,,,,,,,,,,0.0583918999764137
esol,regression,3,1,seeded_scaffold_group_balanced,seeded_scaffold_group_balanced,26,xgb_80_d5,boosting,-1.993285570695324,,,,,,,,,,,0.0942212999798357
esol,regression,3,2,seeded_scaffold_group_balanced,seeded_scaffold_group_balanced,26,xgb_80_d5,boosting,-1.759412152046488,,,,,,,,,,,0.0887983999564312
esol,regression,3,3,seeded_scaffold_group_balanced,seeded_scaffold_group_balanced,26,xgb_80_d5,boosting,-2.1702567935856183,,,,,,,,,,,0.0802149000228382
esol,regression,3,1,seeded_scaffold_group_balanced,seeded_scaffold_group_balanced,27,xgb_100_d3,boosting,-2.083544213919428,,,,,,,,,,,0.0741617000312544
esol,regression,3,2,seeded_scaffold_group_balanced,seeded_scaffold_group_balanced,27,xgb_100_d3,boosting,-1.8240475289291227,,,,,,,,,,,0.0686183999641798
esol,regression,3,3,seeded_scaffold_group_balanced,seeded_scaffold_group_balanced,27,xgb_100_d3,boosting,-1.9789045279614772,,,,,,,,,,,0.0743692000396549
esol,regression,3,1,seeded_scaffold_group_balanced,seeded_scaffold_group_balanced,28,xgb_60_d6,boosting,-1.935662925561564,,,,,,,,,,,0.0820269999676384
esol,regression,3,2,seeded_scaffold_group_balanced,seeded_scaffold_group_balanced,28,xgb_60_d6,boosting,-1.728381778738413,,,,,,,,,,,0.0734007999999448
esol,regression,3,3,seeded_scaffold_group_balanced,seeded_scaffold_group_balanced,28,xgb_60_d6,boosting,-2.218553888611969,,,,,,,,,,,0.0728854999761097
esol,regression,3,1,seeded_scaffold_group_balanced,seeded_scaffold_group_balanced,29,cat_60_d4,boosting,-2.191264764242216,,,,,,,,,,,0.1249272999702952
esol,regression,3,2,seeded_scaffold_group_balanced,seeded_scaffold_group_balanced,29,cat_60_d4,boosting,-1.924252761715796,,,,,,,,,,,0.1601396999903954
esol,regression,3,3,seeded_scaffold_group_balanced,seeded_scaffold_group_balanced,29,cat_60_d4,boosting,-1.8040602892341333,,,,,,,,,,,0.1432104000123217
esol,regression,3,1,seeded_scaffold_group_balanced,seeded_scaffold_group_balanced,30,cat_80_d6,boosting,-2.1204488425364207,,,,,,,,,,,0.3026205000351183
esol,regression,3,2,seeded_scaffold_group_balanced,seeded_scaffold_group_balanced,30,cat_80_d6,boosting,-1.890521687660208,,,,,,,,,,,0.2985168999875895
esol,regression,3,3,seeded_scaffold_group_balanced,seeded_scaffold_group_balanced,30,cat_80_d6,boosting,-1.857954154403945,,,,,,,,,,,0.2799414999899454
esol,regression,3,1,seeded_scaffold_group_balanced,seeded_scaffold_group_balanced,31,cat_100_d4,boosting,-2.166717626257864,,,,,,,,,,,0.2426027999608777
esol,regression,3,2,seeded_scaffold_group_balanced,seeded_scaffold_group_balanced,31,cat_100_d4,boosting,-1.9479521964333768,,,,,,,,,,,0.2065331999910995
esol,regression,3,3,seeded_scaffold_group_balanced,seeded_scaffold_group_balanced,31,cat_100_d4,boosting,-1.8210388744842927,,,,,,,,,,,0.2117053000256419
esol,regression,3,1,seeded_scaffold_group_balanced,seeded_scaffold_group_balanced,32,cat_60_d8,boosting,-2.091903071941581,,,,,,,,,,,0.5012164000072517
esol,regression,3,2,seeded_scaffold_group_balanced,seeded_scaffold_group_balanced,32,cat_60_d8,boosting,-1.9037385719086837,,,,,,,,,,,0.4917356999940239
esol,regression,3,3,seeded_scaffold_group_balanced,seeded_scaffold_group_balanced,32,cat_60_d8,boosting,-1.9525207211614384,,,,,,,,,,,0.4632751999888569
freesolv,regression,1,1,seeded_scaffold_group_balanced,seeded_scaffold_group_balanced,1,ridge_a0.1,linear,-3.957459351294504,,,,,,,,,,,0.0027638999745249
freesolv,regression,1,2,seeded_scaffold_group_balanced,seeded_scaffold_group_balanced,1,ridge_a0.1,linear,-3.5141472109116254,,,,,,,,,,,0.0021301999804563
freesolv,regression,1,3,seeded_scaffold_group_balanced,seeded_scaffold_group_balanced,1,ridge_a0.1,linear,-4.861385066671208,,,,,,,,,,,0.0026751999976113
freesolv,regression,1,1,seeded_scaffold_group_balanced,seeded_scaffold_group_balanced,2,ridge_a1,linear,-4.132426631314745,,,,,,,,,,,0.0020668000215664
freesolv,regression,1,2,seeded_scaffold_group_balanced,seeded_scaffold_group_balanced,2,ridge_a1,linear,-2.495152239686401,,,,,,,,,,,0.0025463000056333
freesolv,regression,1,3,seeded_scaffold_group_balanced,seeded_scaffold_group_balanced,2,ridge_a1,linear,-2.883932415252492,,,,,,,,,,,0.002438900002744
freesolv,regression,1,1,seeded_scaffold_group_balanced,seeded_scaffold_group_balanced,3,ridge_a10,linear,-4.523408884031346,,,,,,,,,,,0.0022154999896883
freesolv,regression,1,2,seeded_scaffold_group_balanced,seeded_scaffold_group_balanced,3,ridge_a10,linear,-2.2370383926730986,,,,,,,,,,,0.007562999962829
freesolv,regression,1,3,seeded_scaffold_group_balanced,seeded_scaffold_group_balanced,3,ridge_a10,linear,-2.41950424518996,,,,,,,,,,,0.0021396999945864
freesolv,regression,1,1,seeded_scaffold_group_balanced,seeded_scaffold_group_balanced,4,elasticnet_a0.001,linear,-4.0082269774583175,,,,,,,,,,,0.0233335999655537
freesolv,regression,1,2,seeded_scaffold_group_balanced,seeded_scaffold_group_balanced,4,elasticnet_a0.001,linear,-3.018598197062551,,,,,,,,,,,0.0237222000141628
freesolv,regression,1,3,seeded_scaffold_group_balanced,seeded_scaffold_group_balanced,4,elasticnet_a0.001,linear,-3.995860719198462,,,,,,,,,,,0.0308284999919123
freesolv,regression,1,1,seeded_scaffold_group_balanced,seeded_scaffold_group_balanced,5,rf_60_sqrt,bagging,-4.918777743925342,,,,,,,,,,,0.071480699989479
freesolv,regression,1,2,seeded_scaffold_group_balanced,seeded_scaffold_group_balanced,5,rf_60_sqrt,bagging,-2.396572506137655,,,,,,,,,,,0.0714581999927759
freesolv,regression,1,3,seeded_scaffold_group_balanced,seeded_scaffold_group_balanced,5,rf_60_sqrt,bagging,-2.726313608085341,,,,,,,,,,,0.0672266999608837
freesolv,regression,1,1,seeded_scaffold_group_balanced,seeded_scaffold_group_balanced,6,rf_90_d12,bagging,-4.95089643943111,,,,,,,,,,,0.0919669999857433
freesolv,regression,1,2,seeded_scaffold_group_balanced,seeded_scaffold_group_balanced,6,rf_90_d12,bagging,-2.526552808125579,,,,,,,,,,,0.0970222000032663
freesolv,regression,1,3,seeded_scaffold_group_balanced,seeded_scaffold_group_balanced,6,rf_90_d12,bagging,-2.67439649375427,,,,,,,,,,,0.0872681999462656
freesolv,regression,1,1,seeded_scaffold_group_balanced,seeded_scaffold_group_balanced,7,rf_90_leaf2,bagging,-4.936809870778975,,,,,,,,,,,0.1000885000103153
freesolv,regression,1,2,seeded_scaffold_group_balanced,seeded_scaffold_group_balanced,7,rf_90_leaf2,bagging,-2.4488974145819915,,,,,,,,,,,0.0894630000111647
freesolv,regression,1,3,seeded_scaffold_group_balanced,seeded_scaffold_group_balanced,7,rf_90_leaf2,bagging,-2.805568587678811,,,,,,,,,,,0.097060700005386
freesolv,regression,1,1,seeded_scaffold_group_balanced,seeded_scaffold_group_balanced,8,rf_120_d20_leaf2,bagging,-4.918183535074354,,,,,,,,,,,0.1267685000202618
freesolv,regression,1,2,seeded_scaffold_group_balanced,seeded_scaffold_group_balanced,8,rf_120_d20_leaf2,bagging,-2.4407724145303398,,,,,,,,,,,0.1348986999946646
freesolv,regression,1,3,seeded_scaffold_group_balanced,seeded_scaffold_group_balanced,8,rf_120_d20_leaf2,bagging,-2.724484961544695,,,,,,,,,,,0.1158178000478074
freesolv,regression,1,1,seeded_scaffold_group_balanced,seeded_scaffold_group_balanced,9,et_60_sqrt,bagging,-4.795335412482971,,,,,,,,,,,0.0556947999866679
freesolv,regression,1,2,seeded_scaffold_group_balanced,seeded_scaffold_group_balanced,9,et_60_sqrt,bagging,-2.3806737565392018,,,,,,,,,,,0.0485885000089183
freesolv,regression,1,3,seeded_scaffold_group_balanced,seeded_scaffold_group_balanced,9,et_60_sqrt,bagging,-2.555252048488728,,,,,,,,,,,0.0594433999503962
freesolv,regression,1,1,seeded_scaffold_group_balanced,seeded_scaffold_group_balanced,10,et_90_d12,bagging,-4.9351176167454,,,,,,,,,,,0.0711754999938421
freesolv,regression,1,2,seeded_scaffold_group_balanced,seeded_scaffold_group_balanced,10,et_90_d12,bagging,-2.4576589944573524,,,,,,,,,,,0.0731229000375606
freesolv,regression,1,3,seeded_scaffold_group_balanced,seeded_scaffold_group_balanced,10,et_90_d12,bagging,-2.6777054563989284,,,,,,,,,,,0.0792269999510608
freesolv,regression,1,1,seeded_scaffold_group_balanced,seeded_scaffold_group_balanced,11,et_90_leaf2,bagging,-4.826260736358736,,,,,,,,,,,0.0679615000262856
freesolv,regression,1,2,seeded_scaffold_group_balanced,seeded_scaffold_group_balanced,11,et_90_leaf2,bagging,-2.4511248178690024,,,,,,,,,,,0.0605854000314138
freesolv,regression,1,3,seeded_scaffold_group_balanced,seeded_scaffold_group_balanced,11,et_90_leaf2,bagging,-2.754137506546684,,,,,,,,,,,0.0601719999685883
freesolv,regression,1,1,seeded_scaffold_group_balanced,seeded_scaffold_group_balanced,12,et_120_d20_leaf2,bagging,-4.819400715424607,,,,,,,,,,,0.0835748999961651
freesolv,regression,1,2,seeded_scaffold_group_balanced,seeded_scaffold_group_balanced,12,et_120_d20_leaf2,bagging,-2.446767343197041,,,,,,,,,,,0.096839900012128
freesolv,regression,1,3,seeded_scaffold_group_balanced,seeded_scaffold_group_balanced,12,et_120_d20_leaf2,bagging,-2.715946526935892,,,,,,,,,,,0.0936637999839149
freesolv,regression,1,1,seeded_scaffold_group_balanced,seeded_scaffold_group_balanced,13,histgb_lr0.05,boosting,-4.603900728924579,,,,,,,,,,,0.7825748000177555
freesolv,regression,1,2,seeded_scaffold_group_balanced,seeded_scaffold_group_balanced,13,histgb_lr0.05,boosting,-2.733340805072284,,,,,,,,,,,0.7520290999673307
freesolv,regression,1,3,seeded_scaffold_group_balanced,seeded_scaffold_group_balanced,13,histgb_lr0.05,boosting,-2.2925287239419005,,,,,,,,,,,0.5483478999813087
freesolv,regression,1,1,seeded_scaffold_group_balanced,seeded_scaffold_group_balanced,14,histgb_lr0.1,boosting,-4.560605306757261,,,,,,,,,,,0.5941481999470852
freesolv,regression,1,2,seeded_scaffold_group_balanced,seeded_scaffold_group_balanced,14,histgb_lr0.1,boosting,-2.768212312209012,,,,,,,,,,,0.666838800010737
freesolv,regression,1,3,seeded_scaffold_group_balanced,seeded_scaffold_group_balanced,14,histgb_lr0.1,boosting,-2.3171771026428165,,,,,,,,,,,0.7047134000458755
freesolv,regression,1,1,seeded_scaffold_group_balanced,seeded_scaffold_group_balanced,15,gb_lr0.05_d2,boosting,-4.895022330277595,,,,,,,,,,,0.1435588999884203
freesolv,regression,1,2,seeded_scaffold_group_balanced,seeded_scaffold_group_balanced,15,gb_lr0.05_d2,boosting,-2.7094248515459207,,,,,,,,,,,0.1357566000078804
freesolv,regression,1,3,seeded_scaffold_group_balanced,seeded_scaffold_group_balanced,15,gb_lr0.05_d2,boosting,-2.8533867360755454,,,,,,,,,,,0.1338431000476703
freesolv,regression,1,1,seeded_scaffold_group_balanced,seeded_scaffold_group_balanced,16,gb_lr0.1_d3,boosting,-4.637231690280711,,,,,,,,,,,0.1876980999950319
freesolv,regression,1,2,seeded_scaffold_group_balanced,seeded_scaffold_group_balanced,16,gb_lr0.1_d3,boosting,-2.559742801132258,,,,,,,,,,,0.2032280000275932
freesolv,regression,1,3,seeded_scaffold_group_balanced,seeded_scaffold_group_balanced,16,gb_lr0.1_d3,boosting,-2.8549667457058097,,,,,,,,,,,0.1864092999603599
freesolv,regression,1,1,seeded_scaffold_group_balanced,seeded_scaffold_group_balanced,17,lgbm_60_l15,boosting,-4.680499438035632,,,,,,,,,,,0.022230300004594
freesolv,regression,1,2,seeded_scaffold_group_balanced,seeded_scaffold_group_balanced,17,lgbm_60_l15,boosting,-2.655896133637929,,,,,,,,,,,0.0204314999864436
freesolv,regression,1,3,seeded_scaffold_group_balanced,seeded_scaffold_group_balanced,17,lgbm_60_l15,boosting,-2.3787986439370585,,,,,,,,,,,0.0163999000214971
freesolv,regression,1,1,seeded_scaffold_group_balanced,seeded_scaffold_group_balanced,18,lgbm_90_l31,boosting,-4.614353155432364,,,,,,,,,,,0.0249623000272549
freesolv,regression,1,2,seeded_scaffold_group_balanced,seeded_scaffold_group_balanced,18,lgbm_90_l31,boosting,-2.7096355969674044,,,,,,,,,,,0.0209868000238202
freesolv,regression,1,3,seeded_scaffold_group_balanced,seeded_scaffold_group_balanced,18,lgbm_90_l31,boosting,-2.294326048521337,,,,,,,,,,,0.0283417000318877
freesolv,regression,1,1,seeded_scaffold_group_balanced,seeded_scaffold_group_balanced,19,lgbm_60_l63,boosting,-4.61264377638296,,,,,,,,,,,0.0216272000106982
freesolv,regression,1,2,seeded_scaffold_group_balanced,seeded_scaffold_group_balanced,19,lgbm_60_l63,boosting,-2.7138611418782146,,,,,,,,,,,0.0210747999954037
freesolv,regression,1,3,seeded_scaffold_group_balanced,seeded_scaffold_group_balanced,19,lgbm_60_l63,boosting,-2.2446188861264527,,,,,,,,,,,0.0198940999689511
freesolv,regression,1,1,seeded_scaffold_group_balanced,seeded_scaffold_group_balanced,20,lgbm_100_leaf10,boosting,-4.669667221995936,,,,,,,,,,,0.0615773000172339
freesolv,regression,1,2,seeded_scaffold_group_balanced,seeded_scaffold_group_balanced,20,lgbm_100_leaf10,boosting,-2.719590723075753,,,,,,,,,,,0.0621456000371836
freesolv,regression,1,3,seeded_scaffold_group_balanced,seeded_scaffold_group_balanced,20,lgbm_100_leaf10,boosting,-3.4312345590795337,,,,,,,,,,,0.0891860999981872
freesolv,regression,1,1,seeded_scaffold_group_balanced,seeded_scaffold_group_balanced,21,lgbm_100_leaf30,boosting,-4.645028983819177,,,,,,,,,,,0.0252842000336386
freesolv,regression,1,2,seeded_scaffold_group_balanced,seeded_scaffold_group_balanced,21,lgbm_100_leaf30,boosting,-2.715843480316631,,,,,,,,,,,0.0276186999981291
freesolv,regression,1,3,seeded_scaffold_group_balanced,seeded_scaffold_group_balanced,21,lgbm_100_leaf30,boosting,-3.096192486552668,,,,,,,,,,,0.022408400021959
freesolv,regression,1,1,seeded_scaffold_group_balanced,seeded_scaffold_group_balanced,22,lgbm_80_ff0.7,boosting,-4.623954621197448,,,,,,,,,,,0.0245252000167965
freesolv,regression,1,2,seeded_scaffold_group_balanced,seeded_scaffold_group_balanced,22,lgbm_80_ff0.7,boosting,-2.6473272481675854,,,,,,,,,,,0.0269990999950096
freesolv,regression,1,3,seeded_scaffold_group_balanced,seeded_scaffold_group_balanced,22,lgbm_80_ff0.7,boosting,-2.300768495041356,,,,,,,,,,,0.0235593999968841
freesolv,regression,1,1,seeded_scaffold_group_balanced,seeded_scaffold_group_balanced,23,lgbm_80_bag0.8,boosting,-4.623682526042029,,,,,,,,,,,0.0248152000131085
freesolv,regression,1,2,seeded_scaffold_group_balanced,seeded_scaffold_group_balanced,23,lgbm_80_bag0.8,boosting,-2.738853082615257,,,,,,,,,,,0.0282364000449888
freesolv,regression,1,3,seeded_scaffold_group_balanced,seeded_scaffold_group_balanced,23,lgbm_80_bag0.8,boosting,-3.0279411738696487,,,,,,,,,,,0.018211800022982
freesolv,regression,1,1,seeded_scaffold_group_balanced,seeded_scaffold_group_balanced,24,lgbm_120_l15,boosting,-4.606423053569129,,,,,,,,,,,0.0291399999987334
freesolv,regression,1,2,seeded_scaffold_group_balanced,seeded_scaffold_group_balanced,24,lgbm_120_l15,boosting,-2.7237979106676957,,,,,,,,,,,0.0290462000411935
freesolv,regression,1,3,seeded_scaffold_group_balanced,seeded_scaffold_group_balanced,24,lgbm_120_l15,boosting,-2.2403863103238724,,,,,,,,,,,0.030079900054261
freesolv,regression,1,1,seeded_scaffold_group_balanced,seeded_scaffold_group_balanced,25,xgb_60_d3,boosting,-4.760729249553154,,,,,,,,,,,0.0377791000064462
freesolv,regression,1,2,seeded_scaffold_group_balanced,seeded_scaffold_group_balanced,25,xgb_60_d3,boosting,-2.62676705264777,,,,,,,,,,,0.0409024000400677
freesolv,regression,1,3,seeded_scaffold_group_balanced,seeded_scaffold_group_balanced,25,xgb_60_d3,boosting,-2.8264609268644976,,,,,,,,,,,0.0392976999864913
freesolv,regression,1,1,seeded_scaffold_group_balanced,seeded_scaffold_group_balanced,26,xgb_80_d5,boosting,-4.670353765175978,,,,,,,,,,,0.0641251999768428
freesolv,regression,1,2,seeded_scaffold_group_balanced,seeded_scaffold_group_balanced,26,xgb_80_d5,boosting,-2.5905548761078987,,,,,,,,,,,0.0656297000241465
freesolv,regression,1,3,seeded_scaffold_group_balanced,seeded_scaffold_group_balanced,26,xgb_80_d5,boosting,-2.817978104433445,,,,,,,,,,,0.0641239000251516
freesolv,regression,1,1,seeded_scaffold_group_balanced,seeded_scaffold_group_balanced,27,xgb_100_d3,boosting,-4.656106334071613,,,,,,,,,,,0.063645800051745
freesolv,regression,1,2,seeded_scaffold_group_balanced,seeded_scaffold_group_balanced,27,xgb_100_d3,boosting,-2.583453994133765,,,,,,,,,,,0.0532474999781698
freesolv,regression,1,3,seeded_scaffold_group_balanced,seeded_scaffold_group_balanced,27,xgb_100_d3,boosting,-2.7755521389331124,,,,,,,,,,,0.0551661000354215
freesolv,regression,1,1,seeded_scaffold_group_balanced,seeded_scaffold_group_balanced,28,xgb_60_d6,boosting,-4.70235413992922,,,,,,,,,,,0.0582990999682806
freesolv,regression,1,2,seeded_scaffold_group_balanced,seeded_scaffold_group_balanced,28,xgb_60_d6,boosting,-2.5998489052380718,,,,,,,,,,,0.0599403999513015
freesolv,regression,1,3,seeded_scaffold_group_balanced,seeded_scaffold_group_balanced,28,xgb_60_d6,boosting,-2.6761861792251063,,,,,,,,,,,0.0524266999564133
freesolv,regression,1,1,seeded_scaffold_group_balanced,seeded_scaffold_group_balanced,29,cat_60_d4,boosting,-4.8373506112277775,,,,,,,,,,,0.1230182999861426
freesolv,regression,1,2,seeded_scaffold_group_balanced,seeded_scaffold_group_balanced,29,cat_60_d4,boosting,-2.5580748191358875,,,,,,,,,,,0.0905330000096
freesolv,regression,1,3,seeded_scaffold_group_balanced,seeded_scaffold_group_balanced,29,cat_60_d4,boosting,-2.8280623492057657,,,,,,,,,,,0.1104840000043623
freesolv,regression,1,1,seeded_scaffold_group_balanced,seeded_scaffold_group_balanced,30,cat_80_d6,boosting,-4.854703546083041,,,,,,,,,,,0.2467976000043563
freesolv,regression,1,2,seeded_scaffold_group_balanced,seeded_scaffold_group_balanced,30,cat_80_d6,boosting,-2.48615940385978,,,,,,,,,,,0.1731270000454969
freesolv,regression,1,3,seeded_scaffold_group_balanced,seeded_scaffold_group_balanced,30,cat_80_d6,boosting,-2.794713638348549,,,,,,,,,,,0.1865512000513263
freesolv,regression,1,1,seeded_scaffold_group_balanced,seeded_scaffold_group_balanced,31,cat_100_d4,boosting,-4.870061314431768,,,,,,,,,,,0.1426503999973647
freesolv,regression,1,2,seeded_scaffold_group_balanced,seeded_scaffold_group_balanced,31,cat_100_d4,boosting,-2.4922059274526958,,,,,,,,,,,0.1459919000044465
freesolv,regression,1,3,seeded_scaffold_group_balanced,seeded_scaffold_group_balanced,31,cat_100_d4,boosting,-2.83953263396079,,,,,,,,,,,0.1484031999716535
freesolv,regression,1,1,seeded_scaffold_group_balanced,seeded_scaffold_group_balanced,32,cat_60_d8,boosting,-4.896441285906281,,,,,,,,,,,0.3024486999493092
freesolv,regression,1,2,seeded_scaffold_group_balanced,seeded_scaffold_group_balanced,32,cat_60_d8,boosting,-2.42439967203915,,,,,,,,,,,0.2518043000018224
freesolv,regression,1,3,seeded_scaffold_group_balanced,seeded_scaffold_group_balanced,32,cat_60_d8,boosting,-2.7907926127758187,,,,,,,,,,,0.4139132000273093
freesolv,regression,2,1,seeded_scaffold_group_balanced,seeded_scaffold_group_balanced,1,ridge_a0.1,linear,-2.850984608727191,,,,,,,,,,,0.0141518000164069
freesolv,regression,2,2,seeded_scaffold_group_balanced,seeded_scaffold_group_balanced,1,ridge_a0.1,linear,-2.3093869479136715,,,,,,,,,,,0.0059807000216096
freesolv,regression,2,3,seeded_scaffold_group_balanced,seeded_scaffold_group_balanced,1,ridge_a0.1,linear,-2.5788632875483586,,,,,,,,,,,0.0041269999928772
freesolv,regression,2,1,seeded_scaffold_group_balanced,seeded_scaffold_group_balanced,2,ridge_a1,linear,-1.9878828497495928,,,,,,,,,,,0.0156595999724231
freesolv,regression,2,2,seeded_scaffold_group_balanced,seeded_scaffold_group_balanced,2,ridge_a1,linear,-2.044240774589631,,,,,,,,,,,0.0170574000221677
freesolv,regression,2,3,seeded_scaffold_group_balanced,seeded_scaffold_group_balanced,2,ridge_a1,linear,-2.238616687874025,,,,,,,,,,,0.0077807999914512
freesolv,regression,2,1,seeded_scaffold_group_balanced,seeded_scaffold_group_balanced,3,ridge_a10,linear,-1.7082140176918494,,,,,,,,,,,0.0042103000450879
freesolv,regression,2,2,seeded_scaffold_group_balanced,seeded_scaffold_group_balanced,3,ridge_a10,linear,-2.0553635540438897,,,,,,,,,,,0.0050573999760672
freesolv,regression,2,3,seeded_scaffold_group_balanced,seeded_scaffold_group_balanced,3,ridge_a10,linear,-2.3271100051431763,,,,,,,,,,,0.0044782999902963
freesolv,regression,2,1,seeded_scaffold_group_balanced,seeded_scaffold_group_balanced,4,elasticnet_a0.001,linear,-2.4757558347919217,,,,,,,,,,,0.037088599987328
freesolv,regression,2,2,seeded_scaffold_group_balanced,seeded_scaffold_group_balanced,4,elasticnet_a0.001,linear,-2.163329589877032,,,,,,,,,,,0.0203129000146873
freesolv,regression,2,3,seeded_scaffold_group_balanced,seeded_scaffold_group_balanced,4,elasticnet_a0.001,linear,-2.421040848558363,,,,,,,,,,,0.0335710000363178
freesolv,regression,2,1,seeded_scaffold_group_balanced,seeded_scaffold_group_balanced,5,rf_60_sqrt,bagging,-2.2183313271119047,,,,,,,,,,,0.0958816999918781
freesolv,regression,2,2,seeded_scaffold_group_balanced,seeded_scaffold_group_balanced,5,rf_60_sqrt,bagging,-2.1198283330584107,,,,,,,,,,,0.1006666999892331
freesolv,regression,2,3,seeded_scaffold_group_balanced,seeded_scaffold_group_balanced,5,rf_60_sqrt,bagging,-2.531552720272788,,,,,,,,,,,0.0957370999967679
freesolv,regression,2,1,seeded_scaffold_group_balanced,seeded_scaffold_group_balanced,6,rf_90_d12,bagging,-2.462119310500559,,,,,,,,,,,0.1299296000506729
freesolv,regression,2,2,seeded_scaffold_group_balanced,seeded_scaffold_group_balanced,6,rf_90_d12,bagging,-2.2992877583706544,,,,,,,,,,,0.1085645999992266
freesolv,regression,2,3,seeded_scaffold_group_balanced,seeded_scaffold_group_balanced,6,rf_90_d12,bagging,-2.826296218635626,,,,,,,,,,,0.1010418999940157
freesolv,regression,2,1,seeded_scaffold_group_balanced,seeded_scaffold_group_balanced,7,rf_90_leaf2,bagging,-2.493344230438953,,,,,,,,,,,0.0882318999501876
freesolv,regression,2,2,seeded_scaffold_group_balanced,seeded_scaffold_group_balanced,7,rf_90_leaf2,bagging,-2.273486767086002,,,,,,,,,,,0.0921824999968521
freesolv,regression,2,3,seeded_scaffold_group_balanced,seeded_scaffold_group_balanced,7,rf_90_leaf2,bagging,-2.7357322275613547,,,,,,,,,,,0.0846118999761529
freesolv,regression,2,1,seeded_scaffold_group_balanced,seeded_scaffold_group_balanced,8,rf_120_d20_leaf2,bagging,-2.5101865038322715,,,,,,,,,,,0.1297428000252694
freesolv,regression,2,2,seeded_scaffold_group_balanced,seeded_scaffold_group_balanced,8,rf_120_d20_leaf2,bagging,-2.28659322662824,,,,,,,,,,,0.118090400006622
freesolv,regression,2,3,seeded_scaffold_group_balanced,seeded_scaffold_group_balanced,8,rf_120_d20_leaf2,bagging,-2.759744225880165,,,,,,,,,,,0.1124429000192321
freesolv,regression,2,1,seeded_scaffold_group_balanced,seeded_scaffold_group_balanced,9,et_60_sqrt,bagging,-2.1602888116114443,,,,,,,,,,,0.0590226000058464
freesolv,regression,2,2,seeded_scaffold_group_balanced,seeded_scaffold_group_balanced,9,et_60_sqrt,bagging,-2.037788527714686,,,,,,,,,,,0.0563926000031642
freesolv,regression,2,3,seeded_scaffold_group_balanced,seeded_scaffold_group_balanced,9,et_60_sqrt,bagging,-2.524469292173229,,,,,,,,,,,0.05385850003222
freesolv,regression,2,1,seeded_scaffold_group_balanced,seeded_scaffold_group_balanced,10,et_90_d12,bagging,-2.350559694688388,,,,,,,,,,,0.0592294000089168
freesolv,regression,2,2,seeded_scaffold_group_balanced,seeded_scaffold_group_balanced,10,et_90_d12,bagging,-2.2408654155723644,,,,,,,,,,,0.0686491000233218
freesolv,regression,2,3,seeded_scaffold_group_balanced,seeded_scaffold_group_balanced,10,et_90_d12,bagging,-2.782203651482046,,,,,,,,,,,0.0791856999858282
freesolv,regression,2,1,seeded_scaffold_group_balanced,seeded_scaffold_group_balanced,11,et_90_leaf2,bagging,-2.401685639743438,,,,,,,,,,,0.0780620999867096
freesolv,regression,2,2,seeded_scaffold_group_balanced,seeded_scaffold_group_balanced,11,et_90_leaf2,bagging,-2.15131568089545,,,,,,,,,,,0.0685547000030055
freesolv,regression,2,3,seeded_scaffold_group_balanced,seeded_scaffold_group_balanced,11,et_90_leaf2,bagging,-2.583527803391592,,,,,,,,,,,0.0692154999705962
freesolv,regression,2,1,seeded_scaffold_group_balanced,seeded_scaffold_group_balanced,12,et_120_d20_leaf2,bagging,-2.443962621572092,,,,,,,,,,,0.0781054000253789
freesolv,regression,2,2,seeded_scaffold_group_balanced,seeded_scaffold_group_balanced,12,et_120_d20_leaf2,bagging,-2.1696637923292243,,,,,,,,,,,0.0861057000001892
freesolv,regression,2,3,seeded_scaffold_group_balanced,seeded_scaffold_group_balanced,12,et_120_d20_leaf2,bagging,-2.60992003485274,,,,,,,,,,,0.0797240000101737
freesolv,regression,2,1,seeded_scaffold_group_balanced,seeded_scaffold_group_balanced,13,histgb_lr0.05,boosting,-2.477563314415548,,,,,,,,,,,0.6188536999979988
freesolv,regression,2,2,seeded_scaffold_group_balanced,seeded_scaffold_group_balanced,13,histgb_lr0.05,boosting,-2.3643923359190127,,,,,,,,,,,0.8844531000358984
freesolv,regression,2,3,seeded_scaffold_group_balanced,seeded_scaffold_group_balanced,13,histgb_lr0.05,boosting,-2.7831854500768,,,,,,,,,,,0.7736191000440158
freesolv,regression,2,1,seeded_scaffold_group_balanced,seeded_scaffold_group_balanced,14,histgb_lr0.1,boosting,-2.4778901462124003,,,,,,,,,,,0.6758776000351645
freesolv,regression,2,2,seeded_scaffold_group_balanced,seeded_scaffold_group_balanced,14,histgb_lr0.1,boosting,-2.346668295636843,,,,,,,,,,,0.7002630999777466
freesolv,regression,2,3,seeded_scaffold_group_balanced,seeded_scaffold_group_balanced,14,histgb_lr0.1,boosting,-2.7727513178429755,,,,,,,,,,,0.6810878000105731
freesolv,regression,2,1,seeded_scaffold_group_balanced,seeded_scaffold_group_balanced,15,gb_lr0.05_d2,boosting,-2.310015799214126,,,,,,,,,,,0.1342374000232666
freesolv,regression,2,2,seeded_scaffold_group_balanced,seeded_scaffold_group_balanced,15,gb_lr0.05_d2,boosting,-2.3720329574925887,,,,,,,,,,,0.1229279999970458
freesolv,regression,2,3,seeded_scaffold_group_balanced,seeded_scaffold_group_balanced,15,gb_lr0.05_d2,boosting,-2.8588183844847475,,,,,,,,,,,0.1347861000103876
freesolv,regression,2,1,seeded_scaffold_group_balanced,seeded_scaffold_group_balanced,16,gb_lr0.1_d3,boosting,-1.99057463963582,,,,,,,,,,,0.2068773999926634
freesolv,regression,2,2,seeded_scaffold_group_balanced,seeded_scaffold_group_balanced,16,gb_lr0.1_d3,boosting,-2.108640313501678,,,,,,,,,,,0.2158219999982975
freesolv,regression,2,3,seeded_scaffold_group_balanced,seeded_scaffold_group_balanced,16,gb_lr0.1_d3,boosting,-2.5514887192833973,,,,,,,,,,,0.2087824000045657
freesolv,regression,2,1,seeded_scaffold_group_balanced,seeded_scaffold_group_balanced,17,lgbm_60_l15,boosting,-2.564235196016882,,,,,,,,,,,0.0287541999714449
freesolv,regression,2,2,seeded_scaffold_group_balanced,seeded_scaffold_group_balanced,17,lgbm_60_l15,boosting,-2.4081327476576733,,,,,,,,,,,0.0191105999983847
freesolv,regression,2,3,seeded_scaffold_group_balanced,seeded_scaffold_group_balanced,17,lgbm_60_l15,boosting,-2.8467399371735125,,,,,,,,,,,0.0204683999763801
freesolv,regression,2,1,seeded_scaffold_group_balanced,seeded_scaffold_group_balanced,18,lgbm_90_l31,boosting,-2.464781054834924,,,,,,,,,,,0.0412913999753072
freesolv,regression,2,2,seeded_scaffold_group_balanced,seeded_scaffold_group_balanced,18,lgbm_90_l31,boosting,-2.372784552219622,,,,,,,,,,,0.0548582999617792
freesolv,regression,2,3,seeded_scaffold_group_balanced,seeded_scaffold_group_balanced,18,lgbm_90_l31,boosting,-2.795636735972256,,,,,,,,,,,0.2610328000155277
freesolv,regression,2,1,seeded_scaffold_group_balanced,seeded_scaffold_group_balanced,19,lgbm_60_l63,boosting,-2.482543558741549,,,,,,,,,,,0.0683877000119537
freesolv,regression,2,2,seeded_scaffold_group_balanced,seeded_scaffold_group_balanced,19,lgbm_60_l63,boosting,-2.3882504203953983,,,,,,,,,,,0.0268085999996401
freesolv,regression,2,3,seeded_scaffold_group_balanced,seeded_scaffold_group_balanced,19,lgbm_60_l63,boosting,-2.791924955545539,,,,,,,,,,,0.03117710002698
freesolv,regression,2,1,seeded_scaffold_group_balanced,seeded_scaffold_group_balanced,20,lgbm_100_leaf10,boosting,-2.284296083600968,,,,,,,,,,,0.0464333000127226
freesolv,regression,2,2,seeded_scaffold_group_balanced,seeded_scaffold_group_balanced,20,lgbm_100_leaf10,boosting,-2.10172726379747,,,,,,,,,,,0.0501790999551303
freesolv,regression,2,3,seeded_scaffold_group_balanced,seeded_scaffold_group_balanced,20,lgbm_100_leaf10,boosting,-2.610100423882802,,,,,,,,,,,0.0508990000234916
freesolv,regression,2,1,seeded_scaffold_group_balanced,seeded_scaffold_group_balanced,21,lgbm_100_leaf30,boosting,-2.5014948769597725,,,,,,,,,,,0.0162051999941468
freesolv,regression,2,2,seeded_scaffold_group_balanced,seeded_scaffold_group_balanced,21,lgbm_100_leaf30,boosting,-2.4900486235784585,,,,,,,,,,,0.0195727000245824
freesolv,regression,2,3,seeded_scaffold_group_balanced,seeded_scaffold_group_balanced,21,lgbm_100_leaf30,boosting,-2.913485739539811,,,,,,,,,,,0.0167647000052966
freesolv,regression,2,1,seeded_scaffold_group_balanced,seeded_scaffold_group_balanced,22,lgbm_80_ff0.7,boosting,-2.4087692702282286,,,,,,,,,,,0.0203785999910905
freesolv,regression,2,2,seeded_scaffold_group_balanced,seeded_scaffold_group_balanced,22,lgbm_80_ff0.7,boosting,-2.3693233628792183,,,,,,,,,,,0.0215066999662667
freesolv,regression,2,3,seeded_scaffold_group_balanced,seeded_scaffold_group_balanced,22,lgbm_80_ff0.7,boosting,-2.740304716843617,,,,,,,,,,,0.0219596999813802
freesolv,regression,2,1,seeded_scaffold_group_balanced,seeded_scaffold_group_balanced,23,lgbm_80_bag0.8,boosting,-2.408707545271243,,,,,,,,,,,0.0258448999957181
freesolv,regression,2,2,seeded_scaffold_group_balanced,seeded_scaffold_group_balanced,23,lgbm_80_bag0.8,boosting,-2.40815906280804,,,,,,,,,,,0.0207863000105135
freesolv,regression,2,3,seeded_scaffold_group_balanced,seeded_scaffold_group_balanced,23,lgbm_80_bag0.8,boosting,-2.741830190239425,,,,,,,,,,,0.0254633000004105
freesolv,regression,2,1,seeded_scaffold_group_balanced,seeded_scaffold_group_balanced,24,lgbm_120_l15,boosting,-2.476805702474204,,,,,,,,,,,0.064539999992121
freesolv,regression,2,2,seeded_scaffold_group_balanced,seeded_scaffold_group_balanced,24,lgbm_120_l15,boosting,-2.3756157028439318,,,,,,,,,,,0.0859160000109113
freesolv,regression,2,3,seeded_scaffold_group_balanced,seeded_scaffold_group_balanced,24,lgbm_120_l15,boosting,-2.794092877450251,,,,,,,,,,,0.0624706000089645
freesolv,regression,2,1,seeded_scaffold_group_balanced,seeded_scaffold_group_balanced,25,xgb_60_d3,boosting,-2.1361755631563693,,,,,,,,,,,0.0477153999963775
freesolv,regression,2,2,seeded_scaffold_group_balanced,seeded_scaffold_group_balanced,25,xgb_60_d3,boosting,-2.130532535160976,,,,,,,,,,,0.0483510000049136
freesolv,regression,2,3,seeded_scaffold_group_balanced,seeded_scaffold_group_balanced,25,xgb_60_d3,boosting,-2.635528357295952,,,,,,,,,,,0.0474662000196985
freesolv,regression,2,1,seeded_scaffold_group_balanced,seeded_scaffold_group_balanced,26,xgb_80_d5,boosting,-2.1187196435897477,,,,,,,,,,,0.0740485999849625
freesolv,regression,2,2,seeded_scaffold_group_balanced,seeded_scaffold_group_balanced,26,xgb_80_d5,boosting,-2.0270478898333275,,,,,,,,,,,0.059140799974557
freesolv,regression,2,3,seeded_scaffold_group_balanced,seeded_scaffold_group_balanced,26,xgb_80_d5,boosting,-2.526335756179072,,,,,,,,,,,0.0620659000123851
freesolv,regression,2,1,seeded_scaffold_group_balanced,seeded_scaffold_group_balanced,27,xgb_100_d3,boosting,-2.1028554829313606,,,,,,,,,,,0.0496576000005006
freesolv,regression,2,2,seeded_scaffold_group_balanced,seeded_scaffold_group_balanced,27,xgb_100_d3,boosting,-2.135362211300473,,,,,,,,,,,0.0556176999816671
freesolv,regression,2,3,seeded_scaffold_group_balanced,seeded_scaffold_group_balanced,27,xgb_100_d3,boosting,-2.622157195283779,,,,,,,,,,,0.0504213999956846
freesolv,regression,2,1,seeded_scaffold_group_balanced,seeded_scaffold_group_balanced,28,xgb_60_d6,boosting,-2.036222353632471,,,,,,,,,,,0.0534056000178679
freesolv,regression,2,2,seeded_scaffold_group_balanced,seeded_scaffold_group_balanced,28,xgb_60_d6,boosting,-1.967130877564503,,,,,,,,,,,0.0627133999951183
freesolv,regression,2,3,seeded_scaffold_group_balanced,seeded_scaffold_group_balanced,28,xgb_60_d6,boosting,-2.478925123073953,,,,,,,,,,,0.0566545999608933
freesolv,regression,2,1,seeded_scaffold_group_balanced,seeded_scaffold_group_balanced,29,cat_60_d4,boosting,-2.3158699123043123,,,,,,,,,,,0.1127189000253565
freesolv,regression,2,2,seeded_scaffold_group_balanced,seeded_scaffold_group_balanced,29,cat_60_d4,boosting,-2.2613399853166705,,,,,,,,,,,0.1244730000034906
freesolv,regression,2,3,seeded_scaffold_group_balanced,seeded_scaffold_group_balanced,29,cat_60_d4,boosting,-2.8390863274460463,,,,,,,,,,,0.1070232999627478
freesolv,regression,2,1,seeded_scaffold_group_balanced,seeded_scaffold_group_balanced,30,cat_80_d6,boosting,-2.1904958073398677,,,,,,,,,,,0.2225482999929227
freesolv,regression,2,2,seeded_scaffold_group_balanced,seeded_scaffold_group_balanced,30,cat_80_d6,boosting,-2.2368266782139017,,,,,,,,,,,0.183983499999158
freesolv,regression,2,3,seeded_scaffold_group_balanced,seeded_scaffold_group_balanced,30,cat_80_d6,boosting,-2.713387607548849,,,,,,,,,,,0.1999092999612912
freesolv,regression,2,1,seeded_scaffold_group_balanced,seeded_scaffold_group_balanced,31,cat_100_d4,boosting,-2.3129628263254904,,,,,,,,,,,0.1661016000434756
freesolv,regression,2,2,seeded_scaffold_group_balanced,seeded_scaffold_group_balanced,31,cat_100_d4,boosting,-2.25726350627634,,,,,,,,,,,0.1427823000121861
freesolv,regression,2,3,seeded_scaffold_group_balanced,seeded_scaffold_group_balanced,31,cat_100_d4,boosting,-2.806142829568481,,,,,,,,,,,0.1317389999749139
freesolv,regression,2,1,seeded_scaffold_group_balanced,seeded_scaffold_group_balanced,32,cat_60_d8,boosting,-2.190544534151711,,,,,,,,,,,0.2766904000309296
freesolv,regression,2,2,seeded_scaffold_group_balanced,seeded_scaffold_group_balanced,32,cat_60_d8,boosting,-2.202138957235187,,,,,,,,,,,0.2904569000238552
freesolv,regression,2,3,seeded_scaffold_group_balanced,seeded_scaffold_group_balanced,32,cat_60_d8,boosting,-2.7509515133468487,,,,,,,,,,,0.2942246999591589
freesolv,regression,3,1,seeded_scaffold_group_balanced,seeded_scaffold_group_balanced,1,ridge_a0.1,linear,-3.227000682237714,,,,,,,,,,,0.0026308999513275
freesolv,regression,3,2,seeded_scaffold_group_balanced,seeded_scaffold_group_balanced,1,ridge_a0.1,linear,-2.891871557541036,,,,,,,,,,,0.0018198000034317
freesolv,regression,3,3,seeded_scaffold_group_balanced,seeded_scaffold_group_balanced,1,ridge_a0.1,linear,-3.34704600434649,,,,,,,,,,,0.0021608999813906
freesolv,regression,3,1,seeded_scaffold_group_balanced,seeded_scaffold_group_balanced,2,ridge_a1,linear,-2.415241589796081,,,,,,,,,,,0.0018647999968379
freesolv,regression,3,2,seeded_scaffold_group_balanced,seeded_scaffold_group_balanced,2,ridge_a1,linear,-2.1849913141499773,,,,,,,,,,,0.0018138000159524
freesolv,regression,3,3,seeded_scaffold_group_balanced,seeded_scaffold_group_balanced,2,ridge_a1,linear,-3.038368334118501,,,,,,,,,,,0.0019761000294238
freesolv,regression,3,1,seeded_scaffold_group_balanced,seeded_scaffold_group_balanced,3,ridge_a10,linear,-2.2652969644285674,,,,,,,,,,,0.0020707000512629
freesolv,regression,3,2,seeded_scaffold_group_balanced,seeded_scaffold_group_balanced,3,ridge_a10,linear,-2.2446430328684994,,,,,,,,,,,0.0033397999941371
freesolv,regression,3,3,seeded_scaffold_group_balanced,seeded_scaffold_group_balanced,3,ridge_a10,linear,-3.430058156208583,,,,,,,,,,,0.0016902000061236
freesolv,regression,3,1,seeded_scaffold_group_balanced,seeded_scaffold_group_balanced,4,elasticnet_a0.001,linear,-2.893141645412672,,,,,,,,,,,0.0426873000105842
freesolv,regression,3,2,seeded_scaffold_group_balanced,seeded_scaffold_group_balanced,4,elasticnet_a0.001,linear,-2.536743751074875,,,,,,,,,,,0.0386388999759219
freesolv,regression,3,3,seeded_scaffold_group_balanced,seeded_scaffold_group_balanced,4,elasticnet_a0.001,linear,-3.155041028389442,,,,,,,,,,,0.037061300012283
freesolv,regression,3,1,seeded_scaffold_group_balanced,seeded_scaffold_group_balanced,5,rf_60_sqrt,bagging,-2.4914360542004133,,,,,,,,,,,0.0695436000241898
freesolv,regression,3,2,seeded_scaffold_group_balanced,seeded_scaffold_group_balanced,5,rf_60_sqrt,bagging,-2.314448638989701,,,,,,,,,,,0.0747995999990962
freesolv,regression,3,3,seeded_scaffold_group_balanced,seeded_scaffold_group_balanced,5,rf_60_sqrt,bagging,-3.3927395358927126,,,,,,,,,,,0.0687162000103853
freesolv,regression,3,1,seeded_scaffold_group_balanced,seeded_scaffold_group_balanced,6,rf_90_d12,bagging,-2.8449215017777685,,,,,,,,,,,0.0913238999783061
freesolv,regression,3,2,seeded_scaffold_group_balanced,seeded_scaffold_group_balanced,6,rf_90_d12,bagging,-2.638822542294022,,,,,,,,,,,0.0952586999628692
freesolv,regression,3,3,seeded_scaffold_group_balanced,seeded_scaffold_group_balanced,6,rf_90_d12,bagging,-3.5690707578252496,,,,,,,,,,,0.10369899997022
freesolv,regression,3,1,seeded_scaffold_group_balanced,seeded_scaffold_group_balanced,7,rf_90_leaf2,bagging,-2.696430589348027,,,,,,,,,,,0.0954658999689854
freesolv,regression,3,2,seeded_scaffold_group_balanced,seeded_scaffold_group_balanced,7,rf_90_leaf2,bagging,-2.451877312167793,,,,,,,,,,,0.0898974000010639
freesolv,regression,3,3,seeded_scaffold_group_balanced,seeded_scaffold_group_balanced,7,rf_90_leaf2,bagging,-3.839695295302448,,,,,,,,,,,0.0980544000049121
freesolv,regression,3,1,seeded_scaffold_group_balanced,seeded_scaffold_group_balanced,8,rf_120_d20_leaf2,bagging,-2.7022918262544717,,,,,,,,,,,0.1095833999570459
freesolv,regression,3,2,seeded_scaffold_group_balanced,seeded_scaffold_group_balanced,8,rf_120_d20_leaf2,bagging,-2.490021635716733,,,,,,,,,,,0.1352857999736443
freesolv,regression,3,3,seeded_scaffold_group_balanced,seeded_scaffold_group_balanced,8,rf_120_d20_leaf2,bagging,-3.816591352139329,,,,,,,,,,,0.1249815000337548
freesolv,regression,3,1,seeded_scaffold_group_balanced,seeded_scaffold_group_balanced,9,et_60_sqrt,bagging,-2.4973913321986823,,,,,,,,,,,0.0586417000158689
freesolv,regression,3,2,seeded_scaffold_group_balanced,seeded_scaffold_group_balanced,9,et_60_sqrt,bagging,-2.27261342680145,,,,,,,,,,,0.053762600000482
freesolv,regression,3,3,seeded_scaffold_group_balanced,seeded_scaffold_group_balanced,9,et_60_sqrt,bagging,-3.261242917735788,,,,,,,,,,,0.0541252000257372
freesolv,regression,3,1,seeded_scaffold_group_balanced,seeded_scaffold_group_balanced,10,et_90_d12,bagging,-2.9062198660046388,,,,,,,,,,,0.0631393000367097
freesolv,regression,3,2,seeded_scaffold_group_balanced,seeded_scaffold_group_balanced,10,et_90_d12,bagging,-2.6358417985986837,,,,,,,,,,,0.0672303999890573
freesolv,regression,3,3,seeded_scaffold_group_balanced,seeded_scaffold_group_balanced,10,et_90_d12,bagging,-3.508716253585009,,,,,,,,,,,0.0705163999809883
freesolv,regression,3,1,seeded_scaffold_group_balanced,seeded_scaffold_group_balanced,11,et_90_leaf2,bagging,-2.552686107422886,,,,,,,,,,,0.0708141999784857
freesolv,regression,3,2,seeded_scaffold_group_balanced,seeded_scaffold_group_balanced,11,et_90_leaf2,bagging,-2.427350043099189,,,,,,,,,,,0.0760892000398598
freesolv,regression,3,3,seeded_scaffold_group_balanced,seeded_scaffold_group_balanced,11,et_90_leaf2,bagging,-3.621589874993583,,,,,,,,,,,0.0774466999573633
freesolv,regression,3,1,seeded_scaffold_group_balanced,seeded_scaffold_group_balanced,12,et_120_d20_leaf2,bagging,-2.567866402482809,,,,,,,,,,,0.094679600035306
freesolv,regression,3,2,seeded_scaffold_group_balanced,seeded_scaffold_group_balanced,12,et_120_d20_leaf2,bagging,-2.4540028563704417,,,,,,,,,,,0.089954899973236
freesolv,regression,3,3,seeded_scaffold_group_balanced,seeded_scaffold_group_balanced,12,et_120_d20_leaf2,bagging,-3.652492573174483,,,,,,,,,,,0.1149681999813765
freesolv,regression,3,1,seeded_scaffold_group_balanced,seeded_scaffold_group_balanced,13,histgb_lr0.05,boosting,-2.7222847824652754,,,,,,,,,,,0.9762528000283056
freesolv,regression,3,2,seeded_scaffold_group_balanced,seeded_scaffold_group_balanced,13,histgb_lr0.05,boosting,-2.796754324883975,,,,,,,,,,,0.9275017000036314
freesolv,regression,3,3,seeded_scaffold_group_balanced,seeded_scaffold_group_balanced,13,histgb_lr0.05,boosting,-3.900099186059092,,,,,,,,,,,0.9012067000148818
freesolv,regression,3,1,seeded_scaffold_group_balanced,seeded_scaffold_group_balanced,14,histgb_lr0.1,boosting,-2.62688245860819,,,,,,,,,,,0.5335868999827653
freesolv,regression,3,2,seeded_scaffold_group_balanced,seeded_scaffold_group_balanced,14,histgb_lr0.1,boosting,-2.7809004786766893,,,,,,,,,,,0.552566200029105
freesolv,regression,3,3,seeded_scaffold_group_balanced,seeded_scaffold_group_balanced,14,histgb_lr0.1,boosting,-3.779002939496527,,,,,,,,,,,0.6172616999829188
freesolv,regression,3,1,seeded_scaffold_group_balanced,seeded_scaffold_group_balanced,15,gb_lr0.05_d2,boosting,-3.355427153193432,,,,,,,,,,,0.1563395000412129
freesolv,regression,3,2,seeded_scaffold_group_balanced,seeded_scaffold_group_balanced,15,gb_lr0.05_d2,boosting,-3.3214477455616103,,,,,,,,,,,0.1712379000382498
freesolv,regression,3,3,seeded_scaffold_group_balanced,seeded_scaffold_group_balanced,15,gb_lr0.05_d2,boosting,-3.583081486585428,,,,,,,,,,,0.1551735999528318
freesolv,regression,3,1,seeded_scaffold_group_balanced,seeded_scaffold_group_balanced,16,gb_lr0.1_d3,boosting,-2.770628397705045,,,,,,,,,,,0.1923802999663166
freesolv,regression,3,2,seeded_scaffold_group_balanced,seeded_scaffold_group_balanced,16,gb_lr0.1_d3,boosting,-3.2809045132738905,,,,,,,,,,,0.1769204000011086
freesolv,regression,3,3,seeded_scaffold_group_balanced,seeded_scaffold_group_balanced,16,gb_lr0.1_d3,boosting,-3.348472819202444,,,,,,,,,,,0.184767400030978
freesolv,regression,3,1,seeded_scaffold_group_balanced,seeded_scaffold_group_balanced,17,lgbm_60_l15,boosting,-2.856838365925304,,,,,,,,,,,0.0216463999822735
freesolv,regression,3,2,seeded_scaffold_group_balanced,seeded_scaffold_group_balanced,17,lgbm_60_l15,boosting,-2.93528982031774,,,,,,,,,,,0.0217941000009886
freesolv,regression,3,3,seeded_scaffold_group_balanced,seeded_scaffold_group_balanced,17,lgbm_60_l15,boosting,-3.9917011288705817,,,,,,,,,,,0.0177018999820575
freesolv,regression,3,1,seeded_scaffold_group_balanced,seeded_scaffold_group_balanced,18,lgbm_90_l31,boosting,-2.733258696815326,,,,,,,,,,,0.0224977000034414
freesolv,regression,3,2,seeded_scaffold_group_balanced,seeded_scaffold_group_balanced,18,lgbm_90_l31,boosting,-2.8120004818141453,,,,,,,,,,,0.0219603999867104
freesolv,regression,3,3,seeded_scaffold_group_balanced,seeded_scaffold_group_balanced,18,lgbm_90_l31,boosting,-3.9196741614635098,,,,,,,,,,,0.0218145999824628
freesolv,regression,3,1,seeded_scaffold_group_balanced,seeded_scaffold_group_balanced,19,lgbm_60_l63,boosting,-2.7522526843732797,,,,,,,,,,,0.0169035999570041
freesolv,regression,3,2,seeded_scaffold_group_balanced,seeded_scaffold_group_balanced,19,lgbm_60_l63,boosting,-2.84106941100456,,,,,,,,,,,0.0159707999555394
freesolv,regression,3,3,seeded_scaffold_group_balanced,seeded_scaffold_group_balanced,19,lgbm_60_l63,boosting,-3.918558952831992,,,,,,,,,,,0.0155291000264696
freesolv,regression,3,1,seeded_scaffold_group_balanced,seeded_scaffold_group_balanced,20,lgbm_100_leaf10,boosting,-2.076267724565084,,,,,,,,,,,0.0419238000176847
freesolv,regression,3,2,seeded_scaffold_group_balanced,seeded_scaffold_group_balanced,20,lgbm_100_leaf10,boosting,-2.47339471052976,,,,,,,,,,,0.0420841000159271
freesolv,regression,3,3,seeded_scaffold_group_balanced,seeded_scaffold_group_balanced,20,lgbm_100_leaf10,boosting,-3.604999495618414,,,,,,,,,,,0.0850606999592855
freesolv,regression,3,1,seeded_scaffold_group_balanced,seeded_scaffold_group_balanced,21,lgbm_100_leaf30,boosting,-2.936585700049032,,,,,,,,,,,0.0184584999806247
freesolv,regression,3,2,seeded_scaffold_group_balanced,seeded_scaffold_group_balanced,21,lgbm_100_leaf30,boosting,-2.8325631395962225,,,,,,,,,,,0.0221424999763257
freesolv,regression,3,3,seeded_scaffold_group_balanced,seeded_scaffold_group_balanced,21,lgbm_100_leaf30,boosting,-4.229239616707264,,,,,,,,,,,0.0200879999902099
freesolv,regression,3,1,seeded_scaffold_group_balanced,seeded_scaffold_group_balanced,22,lgbm_80_ff0.7,boosting,-2.7813450272106914,,,,,,,,,,,0.0221644000266678
freesolv,regression,3,2,seeded_scaffold_group_balanced,seeded_scaffold_group_balanced,22,lgbm_80_ff0.7,boosting,-2.707184420026333,,,,,,,,,,,0.0229150999803096
freesolv,regression,3,3,seeded_scaffold_group_balanced,seeded_scaffold_group_balanced,22,lgbm_80_ff0.7,boosting,-3.883679872122528,,,,,,,,,,,0.0257743000402115
freesolv,regression,3,1,seeded_scaffold_group_balanced,seeded_scaffold_group_balanced,23,lgbm_80_bag0.8,boosting,-2.71130647221218,,,,,,,,,,,0.023734999995213
freesolv,regression,3,2,seeded_scaffold_group_balanced,seeded_scaffold_group_balanced,23,lgbm_80_bag0.8,boosting,-2.797145638938769,,,,,,,,,,,0.0211910000070929
freesolv,regression,3,3,seeded_scaffold_group_balanced,seeded_scaffold_group_balanced,23,lgbm_80_bag0.8,boosting,-3.878459284568713,,,,,,,,,,,0.025079800048843
freesolv,regression,3,1,seeded_scaffold_group_balanced,seeded_scaffold_group_balanced,24,lgbm_120_l15,boosting,-2.7366117775747103,,,,,,,,,,,0.0376834999769926
freesolv,regression,3,2,seeded_scaffold_group_balanced,seeded_scaffold_group_balanced,24,lgbm_120_l15,boosting,-2.77796966521508,,,,,,,,,,,0.0326451999717392
freesolv,regression,3,3,seeded_scaffold_group_balanced,seeded_scaffold_group_balanced,24,lgbm_120_l15,boosting,-3.9284941550561863,,,,,,,,,,,0.0364848999888636
freesolv,regression,3,1,seeded_scaffold_group_balanced,seeded_scaffold_group_balanced,25,xgb_60_d3,boosting,-2.7297174240138484,,,,,,,,,,,0.0540293999947607
freesolv,regression,3,2,seeded_scaffold_group_balanced,seeded_scaffold_group_balanced,25,xgb_60_d3,boosting,-2.9683638924587776,,,,,,,,,,,0.0430497999768704
freesolv,regression,3,3,seeded_scaffold_group_balanced,seeded_scaffold_group_balanced,25,xgb_60_d3,boosting,-3.48361830284194,,,,,,,,,,,0.0473099999944679
freesolv,regression,3,1,seeded_scaffold_group_balanced,seeded_scaffold_group_balanced,26,xgb_80_d5,boosting,-2.3779247759516817,,,,,,,,,,,0.0735146999941207
freesolv,regression,3,2,seeded_scaffold_group_balanced,seeded_scaffold_group_balanced,26,xgb_80_d5,boosting,-2.659428909366072,,,,,,,,,,,0.0677413000375963
freesolv,regression,3,3,seeded_scaffold_group_balanced,seeded_scaffold_group_balanced,26,xgb_80_d5,boosting,-3.297539299340241,,,,,,,,,,,0.0713147000060416
freesolv,regression,3,1,seeded_scaffold_group_balanced,seeded_scaffold_group_balanced,27,xgb_100_d3,boosting,-2.7383575627176024,,,,,,,,,,,0.0524212999735027
freesolv,regression,3,2,seeded_scaffold_group_balanced,seeded_scaffold_group_balanced,27,xgb_100_d3,boosting,-2.8373274781168267,,,,,,,,,,,0.050814900023397
freesolv,regression,3,3,seeded_scaffold_group_balanced,seeded_scaffold_group_balanced,27,xgb_100_d3,boosting,-3.415090872097509,,,,,,,,,,,0.0575046999729238
freesolv,regression,3,1,seeded_scaffold_group_balanced,seeded_scaffold_group_balanced,28,xgb_60_d6,boosting,-2.3154364377376764,,,,,,,,,,,0.0543665000004693
freesolv,regression,3,2,seeded_scaffold_group_balanced,seeded_scaffold_group_balanced,28,xgb_60_d6,boosting,-2.497301884667992,,,,,,,,,,,0.053399599972181
freesolv,regression,3,3,seeded_scaffold_group_balanced,seeded_scaffold_group_balanced,28,xgb_60_d6,boosting,-3.227979931144957,,,,,,,,,,,0.0555661999969743
freesolv,regression,3,1,seeded_scaffold_group_balanced,seeded_scaffold_group_balanced,29,cat_60_d4,boosting,-3.0006146197736814,,,,,,,,,,,0.1108605999615974
freesolv,regression,3,2,seeded_scaffold_group_balanced,seeded_scaffold_group_balanced,29,cat_60_d4,boosting,-2.8843113842427703,,,,,,,,,,,0.0973321999772451
freesolv,regression,3,3,seeded_scaffold_group_balanced,seeded_scaffold_group_balanced,29,cat_60_d4,boosting,-3.6810836163004015,,,,,,,,,,,0.1107025999808684
freesolv,regression,3,1,seeded_scaffold_group_balanced,seeded_scaffold_group_balanced,30,cat_80_d6,boosting,-2.885714329596508,,,,,,,,,,,0.173788100015372
freesolv,regression,3,2,seeded_scaffold_group_balanced,seeded_scaffold_group_balanced,30,cat_80_d6,boosting,-2.855772650619385,,,,,,,,,,,0.2045674999826587
freesolv,regression,3,3,seeded_scaffold_group_balanced,seeded_scaffold_group_balanced,30,cat_80_d6,boosting,-3.5895102035946795,,,,,,,,,,,0.1831665999488905
freesolv,regression,3,1,seeded_scaffold_group_balanced,seeded_scaffold_group_balanced,31,cat_100_d4,boosting,-2.969779466998233,,,,,,,,,,,0.2085720000322908
freesolv,regression,3,2,seeded_scaffold_group_balanced,seeded_scaffold_group_balanced,31,cat_100_d4,boosting,-2.866869777801083,,,,,,,,,,,0.1620309999561868
freesolv,regression,3,3,seeded_scaffold_group_balanced,seeded_scaffold_group_balanced,31,cat_100_d4,boosting,-3.690870998257363,,,,,,,,,,,0.1386969000450335
freesolv,regression,3,1,seeded_scaffold_group_balanced,seeded_scaffold_group_balanced,32,cat_60_d8,boosting,-2.764442830696441,,,,,,,,,,,0.319190600013826
freesolv,regression,3,2,seeded_scaffold_group_balanced,seeded_scaffold_group_balanced,32,cat_60_d8,boosting,-2.800707929279949,,,,,,,,,,,0.3661412999499589
freesolv,regression,3,3,seeded_scaffold_group_balanced,seeded_scaffold_group_balanced,32,cat_60_d8,boosting,-3.5532618142209547,,,,,,,,,,,0.2454070000094361
lipo,regression,1,1,seeded_scaffold_group_balanced,seeded_scaffold_group_balanced,1,ridge_a0.1,linear,-1.2173263740988192,,,,,,,,,,,0.0200433999998495
lipo,regression,1,2,seeded_scaffold_group_balanced,seeded_scaffold_group_balanced,1,ridge_a0.1,linear,-1.1186284972434877,,,,,,,,,,,0.0174723999807611
lipo,regression,1,3,seeded_scaffold_group_balanced,seeded_scaffold_group_balanced,1,ridge_a0.1,linear,-1.146674493077025,,,,,,,,,,,0.0512505000224337
lipo,regression,1,1,seeded_scaffold_group_balanced,seeded_scaffold_group_balanced,2,ridge_a1,linear,-1.2008734253758384,,,,,,,,,,,0.0212201999966055
lipo,regression,1,2,seeded_scaffold_group_balanced,seeded_scaffold_group_balanced,2,ridge_a1,linear,-1.1052826593538148,,,,,,,,,,,0.016994799952954
lipo,regression,1,3,seeded_scaffold_group_balanced,seeded_scaffold_group_balanced,2,ridge_a1,linear,-1.1295453512992264,,,,,,,,,,,0.0205362000269815
lipo,regression,1,1,seeded_scaffold_group_balanced,seeded_scaffold_group_balanced,3,ridge_a10,linear,-1.1259666224355307,,,,,,,,,,,0.0156536999857053
lipo,regression,1,2,seeded_scaffold_group_balanced,seeded_scaffold_group_balanced,3,ridge_a10,linear,-1.0489035909171456,,,,,,,,,,,0.0197693000081926
lipo,regression,1,3,seeded_scaffold_group_balanced,seeded_scaffold_group_balanced,3,ridge_a10,linear,-1.051982504309384,,,,,,,,,,,0.0199084000196307
lipo,regression,1,1,seeded_scaffold_group_balanced,seeded_scaffold_group_balanced,4,elasticnet_a0.001,linear,-1.1738899098889397,,,,,,,,,,,0.0369036000338383
lipo,regression,1,2,seeded_scaffold_group_balanced,seeded_scaffold_group_balanced,4,elasticnet_a0.001,linear,-1.0826290959488492,,,,,,,,,,,0.0406082000117749
lipo,regression,1,3,seeded_scaffold_group_balanced,seeded_scaffold_group_balanced,4,elasticnet_a0.001,linear,-1.1032484667728315,,,,,,,,,,,0.0384259999846108
lipo,regression,1,1,seeded_scaffold_group_balanced,seeded_scaffold_group_balanced,5,rf_60_sqrt,bagging,-1.0908927151223538,,,,,,,,,,,0.1089161999989301
lipo,regression,1,2,seeded_scaffold_group_balanced,seeded_scaffold_group_balanced,5,rf_60_sqrt,bagging,-1.0611484177813069,,,,,,,,,,,0.1112763999844901
lipo,regression,1,3,seeded_scaffold_group_balanced,seeded_scaffold_group_balanced,5,rf_60_sqrt,bagging,-1.0488831951249988,,,,,,,,,,,0.1069765000138431
lipo,regression,1,1,seeded_scaffold_group_balanced,seeded_scaffold_group_balanced,6,rf_90_d12,bagging,-1.1275578497771392,,,,,,,,,,,0.1477269000024534
lipo,regression,1,2,seeded_scaffold_group_balanced,seeded_scaffold_group_balanced,6,rf_90_d12,bagging,-1.0929340734992703,,,,,,,,,,,0.1457719000172801
lipo,regression,1,3,seeded_scaffold_group_balanced,seeded_scaffold_group_balanced,6,rf_90_d12,bagging,-1.0847932447206876,,,,,,,,,,,0.1415229000267572
lipo,regression,1,1,seeded_scaffold_group_balanced,seeded_scaffold_group_balanced,7,rf_90_leaf2,bagging,-1.100903276161153,,,,,,,,,,,0.1498645999818109
lipo,regression,1,2,seeded_scaffold_group_balanced,seeded_scaffold_group_balanced,7,rf_90_leaf2,bagging,-1.0476811442103553,,,,,,,,,,,0.1372098000138066
lipo,regression,1,3,seeded_scaffold_group_balanced,seeded_scaffold_group_balanced,7,rf_90_leaf2,bagging,-1.0473618628369867,,,,,,,,,,,0.1431508000241592
lipo,regression,1,1,seeded_scaffold_group_balanced,seeded_scaffold_group_balanced,8,rf_120_d20_leaf2,bagging,-1.1055917867152718,,,,,,,,,,,0.1776984999887645
lipo,regression,1,2,seeded_scaffold_group_balanced,seeded_scaffold_group_balanced,8,rf_120_d20_leaf2,bagging,-1.061735183093537,,,,,,,,,,,0.1938913000049069
lipo,regression,1,3,seeded_scaffold_group_balanced,seeded_scaffold_group_balanced,8,rf_120_d20_leaf2,bagging,-1.05898558244495,,,,,,,,,,,0.1855534000205807
lipo,regression,1,1,seeded_scaffold_group_balanced,seeded_scaffold_group_balanced,9,et_60_sqrt,bagging,-1.0703658043698014,,,,,,,,,,,0.0997990000178106
lipo,regression,1,2,seeded_scaffold_group_balanced,seeded_scaffold_group_balanced,9,et_60_sqrt,bagging,-1.0282410676286766,,,,,,,,,,,0.0975821000174619
lipo,regression,1,3,seeded_scaffold_group_balanced,seeded_scaffold_group_balanced,9,et_60_sqrt,bagging,-1.037356870573555,,,,,,,,,,,0.1101575000211596
lipo,regression,1,1,seeded_scaffold_group_balanced,seeded_scaffold_group_balanced,10,et_90_d12,bagging,-1.1163362012969753,,,,,,,,,,,0.1107111000455915
lipo,regression,1,2,seeded_scaffold_group_balanced,seeded_scaffold_group_balanced,10,et_90_d12,bagging,-1.078969653510746,,,,,,,,,,,0.1099321999936364
lipo,regression,1,3,seeded_scaffold_group_balanced,seeded_scaffold_group_balanced,10,et_90_d12,bagging,-1.07599287845392,,,,,,,,,,,0.0995805999846197
lipo,regression,1,1,seeded_scaffold_group_balanced,seeded_scaffold_group_balanced,11,et_90_leaf2,bagging,-1.074934556103673,,,,,,,,,,,0.1115844000014476
lipo,regression,1,2,seeded_scaffold_group_balanced,seeded_scaffold_group_balanced,11,et_90_leaf2,bagging,-1.0242007618977138,,,,,,,,,,,0.1134358999552205
lipo,regression,1,3,seeded_scaffold_group_balanced,seeded_scaffold_group_balanced,11,et_90_leaf2,bagging,-1.0399938684311392,,,,,,,,,,,0.113686199998483
lipo,regression,1,1,seeded_scaffold_group_balanced,seeded_scaffold_group_balanced,12,et_120_d20_leaf2,bagging,-1.0912791514507072,,,,,,,,,,,0.1301370999426581
lipo,regression,1,2,seeded_scaffold_group_balanced,seeded_scaffold_group_balanced,12,et_120_d20_leaf2,bagging,-1.0398915944296665,,,,,,,,,,,0.1344956000102684
lipo,regression,1,3,seeded_scaffold_group_balanced,seeded_scaffold_group_balanced,12,et_120_d20_leaf2,bagging,-1.0447562224045737,,,,,,,,,,,0.1358704000012949
lipo,regression,1,1,seeded_scaffold_group_balanced,seeded_scaffold_group_balanced,13,histgb_lr0.05,boosting,-1.081489270561163,,,,,,,,,,,1.5825486000394449
lipo,regression,1,2,seeded_scaffold_group_balanced,seeded_scaffold_group_balanced,13,histgb_lr0.05,boosting,-1.0343113244399065,,,,,,,,,,,1.3266179999918677
lipo,regression,1,3,seeded_scaffold_group_balanced,seeded_scaffold_group_balanced,13,histgb_lr0.05,boosting,-1.042180603809879,,,,,,,,,,,1.3676632999558933
lipo,regression,1,1,seeded_scaffold_group_balanced,seeded_scaffold_group_balanced,14,histgb_lr0.1,boosting,-1.065648378649004,,,,,,,,,,,1.753344399970956
lipo,regression,1,2,seeded_scaffold_group_balanced,seeded_scaffold_group_balanced,14,histgb_lr0.1,boosting,-1.0088223087571453,,,,,,,,,,,1.4086137000122108
lipo,regression,1,3,seeded_scaffold_group_balanced,seeded_scaffold_group_balanced,14,histgb_lr0.1,boosting,-1.021528309859158,,,,,,,,,,,1.264848099963274
lipo,regression,1,1,seeded_scaffold_group_balanced,seeded_scaffold_group_balanced,15,gb_lr0.05_d2,boosting,-1.1365830202013405,,,,,,,,,,,0.8363821000093594
lipo,regression,1,2,seeded_scaffold_group_balanced,seeded_scaffold_group_balanced,15,gb_lr0.05_d2,boosting,-1.1403691615950788,,,,,,,,,,,0.854257199971471
lipo,regression,1,3,seeded_scaffold_group_balanced,seeded_scaffold_group_balanced,15,gb_lr0.05_d2,boosting,-1.13461607877607,,,,,,,,,,,0.8706570000504144
lipo,regression,1,1,seeded_scaffold_group_balanced,seeded_scaffold_group_balanced,16,gb_lr0.1_d3,boosting,-1.0856642222184298,,,,,,,,,,,1.217805700027384
lipo,regression,1,2,seeded_scaffold_group_balanced,seeded_scaffold_group_balanced,16,gb_lr0.1_d3,boosting,-1.0660318158179187,,,,,,,,,,,1.2855689999996684
lipo,regression,1,3,seeded_scaffold_group_balanced,seeded_scaffold_group_balanced,16,gb_lr0.1_d3,boosting,-1.0782325339058114,,,,,,,,,,,1.3217921000323258
lipo,regression,1,1,seeded_scaffold_group_balanced,seeded_scaffold_group_balanced,17,lgbm_60_l15,boosting,-1.102301887695978,,,,,,,,,,,0.082032700011041
lipo,regression,1,2,seeded_scaffold_group_balanced,seeded_scaffold_group_balanced,17,lgbm_60_l15,boosting,-1.0633609912772983,,,,,,,,,,,0.0736484000226482
lipo,regression,1,3,seeded_scaffold_group_balanced,seeded_scaffold_group_balanced,17,lgbm_60_l15,boosting,-1.0785087380222846,,,,,,,,,,,0.0842715000035241
lipo,regression,1,1,seeded_scaffold_group_balanced,seeded_scaffold_group_balanced,18,lgbm_90_l31,boosting,-1.04981202173349,,,,,,,,,,,0.1358139000367373
lipo,regression,1,2,seeded_scaffold_group_balanced,seeded_scaffold_group_balanced,18,lgbm_90_l31,boosting,-1.010153185667546,,,,,,,,,,,0.1199267000192776
lipo,regression,1,3,seeded_scaffold_group_balanced,seeded_scaffold_group_balanced,18,lgbm_90_l31,boosting,-1.0178671421504506,,,,,,,,,,,0.2165667000226676
lipo,regression,1,1,seeded_scaffold_group_balanced,seeded_scaffold_group_balanced,19,lgbm_60_l63,boosting,-1.0656683135761715,,,,,,,,,,,0.1489078000304289
lipo,regression,1,2,seeded_scaffold_group_balanced,seeded_scaffold_group_balanced,19,lgbm_60_l63,boosting,-0.99025145054354,,,,,,,,,,,0.1360160000040196
lipo,regression,1,3,seeded_scaffold_group_balanced,seeded_scaffold_group_balanced,19,lgbm_60_l63,boosting,-1.0265481220355537,,,,,,,,,,,0.181464799970854
lipo,regression,1,1,seeded_scaffold_group_balanced,seeded_scaffold_group_balanced,20,lgbm_100_leaf10,boosting,-1.0336873434491076,,,,,,,,,,,0.6054285000427626
lipo,regression,1,2,seeded_scaffold_group_balanced,seeded_scaffold_group_balanced,20,lgbm_100_leaf10,boosting,-0.9951622758174996,,,,,,,,,,,0.1721976000117138
lipo,regression,1,3,seeded_scaffold_group_balanced,seeded_scaffold_group_balanced,20,lgbm_100_leaf10,boosting,-1.029560538617749,,,,,,,,,,,0.1418617999879643
lipo,regression,1,1,seeded_scaffold_group_balanced,seeded_scaffold_group_balanced,21,lgbm_100_leaf30,boosting,-1.0615853044586112,,,,,,,,,,,0.1232160999788902
lipo,regression,1,2,seeded_scaffold_group_balanced,seeded_scaffold_group_balanced,21,lgbm_100_leaf30,boosting,-0.9915426092104204,,,,,,,,,,,0.1366787999868393
lipo,regression,1,3,seeded_scaffold_group_balanced,seeded_scaffold_group_balanced,21,lgbm_100_leaf30,boosting,-1.010355264995837,,,,,,,,,,,0.1485213999985717
lipo,regression,1,1,seeded_scaffold_group_balanced,seeded_scaffold_group_balanced,22,lgbm_80_ff0.7,boosting,-1.0540901468505466,,,,,,,,,,,0.1683910000137984
lipo,regression,1,2,seeded_scaffold_group_balanced,seeded_scaffold_group_balanced,22,lgbm_80_ff0.7,boosting,-1.0008607318164795,,,,,,,,,,,0.1058227000175975
lipo,regression,1,3,seeded_scaffold_group_balanced,seeded_scaffold_group_balanced,22,lgbm_80_ff0.7,boosting,-1.0018599974386595,,,,,,,,,,,0.1058721999870613
lipo,regression,1,1,seeded_scaffold_group_balanced,seeded_scaffold_group_balanced,23,lgbm_80_bag0.8,boosting,-1.0423850037724436,,,,,,,,,,,0.1495313999475911
lipo,regression,1,2,seeded_scaffold_group_balanced,seeded_scaffold_group_balanced,23,lgbm_80_bag0.8,boosting,-0.9863426047904345,,,,,,,,,,,0.1350105000310577
lipo,regression,1,3,seeded_scaffold_group_balanced,seeded_scaffold_group_balanced,23,lgbm_80_bag0.8,boosting,-1.0233776541329147,,,,,,,,,,,0.1234877000097185
lipo,regression,1,1,seeded_scaffold_group_balanced,seeded_scaffold_group_balanced,24,lgbm_120_l15,boosting,-1.0845318302147438,,,,,,,,,,,0.1475043999962508
lipo,regression,1,2,seeded_scaffold_group_balanced,seeded_scaffold_group_balanced,24,lgbm_120_l15,boosting,-1.0345608019509729,,,,,,,,,,,0.123423199984245
lipo,regression,1,3,seeded_scaffold_group_balanced,seeded_scaffold_group_balanced,24,lgbm_120_l15,boosting,-1.0466053537347262,,,,,,,,,,,0.1242111999890767
lipo,regression,1,1,seeded_scaffold_group_balanced,seeded_scaffold_group_balanced,25,xgb_60_d3,boosting,-1.1165530669538883,,,,,,,,,,,0.107886400015559
lipo,regression,1,2,seeded_scaffold_group_balanced,seeded_scaffold_group_balanced,25,xgb_60_d3,boosting,-1.1018803793255432,,,,,,,,,,,0.0997606000164523
lipo,regression,1,3,seeded_scaffold_group_balanced,seeded_scaffold_group_balanced,25,xgb_60_d3,boosting,-1.1062099574931792,,,,,,,,,,,0.1032119000446982
lipo,regression,1,1,seeded_scaffold_group_balanced,seeded_scaffold_group_balanced,26,xgb_80_d5,boosting,-1.0756235640766765,,,,,,,,,,,0.1820286999572999
lipo,regression,1,2,seeded_scaffold_group_balanced,seeded_scaffold_group_balanced,26,xgb_80_d5,boosting,-1.043513319386819,,,,,,,,,,,0.1626175999990664
lipo,regression,1,3,seeded_scaffold_group_balanced,seeded_scaffold_group_balanced,26,xgb_80_d5,boosting,-1.0660631507000844,,,,,,,,,,,0.1468032000120729
lipo,regression,1,1,seeded_scaffold_group_balanced,seeded_scaffold_group_balanced,27,xgb_100_d3,boosting,-1.1059722425079397,,,,,,,,,,,0.1439539999701082
lipo,regression,1,2,seeded_scaffold_group_balanced,seeded_scaffold_group_balanced,27,xgb_100_d3,boosting,-1.0818096816116891,,,,,,,,,,,0.1771291000186465
lipo,regression,1,3,seeded_scaffold_group_balanced,seeded_scaffold_group_balanced,27,xgb_100_d3,boosting,-1.1035321699526246,,,,,,,,,,,0.2392706999671645
lipo,regression,1,1,seeded_scaffold_group_balanced,seeded_scaffold_group_balanced,28,xgb_60_d6,boosting,-1.0798817108594223,,,,,,,,,,,0.234917800000403
lipo,regression,1,2,seeded_scaffold_group_balanced,seeded_scaffold_group_balanced,28,xgb_60_d6,boosting,-1.038602346748592,,,,,,,,,,,0.1999239999568089
lipo,regression,1,3,seeded_scaffold_group_balanced,seeded_scaffold_group_balanced,28,xgb_60_d6,boosting,-1.0551450226789991,,,,,,,,,,,0.2261541999760083
lipo,regression,1,1,seeded_scaffold_group_balanced,seeded_scaffold_group_balanced,29,cat_60_d4,boosting,-1.1333273019222054,,,,,,,,,,,0.4763743999646976
lipo,regression,1,2,seeded_scaffold_group_balanced,seeded_scaffold_group_balanced,29,cat_60_d4,boosting,-1.117514964553382,,,,,,,,,,,0.4418004999752156
lipo,regression,1,3,seeded_scaffold_group_balanced,seeded_scaffold_group_balanced,29,cat_60_d4,boosting,-1.1168732027434336,,,,,,,,,,,0.4595302999950945
lipo,regression,1,1,seeded_scaffold_group_balanced,seeded_scaffold_group_balanced,30,cat_80_d6,boosting,-1.1097938208963116,,,,,,,,,,,1.3773155999951996
lipo,regression,1,2,seeded_scaffold_group_balanced,seeded_scaffold_group_balanced,30,cat_80_d6,boosting,-1.095054713147957,,,,,,,,,,,1.3548308000317777
lipo,regression,1,3,seeded_scaffold_group_balanced,seeded_scaffold_group_balanced,30,cat_80_d6,boosting,-1.0968477897554447,,,,,,,,,,,1.3329951000050642
lipo,regression,1,1,seeded_scaffold_group_balanced,seeded_scaffold_group_balanced,31,cat_100_d4,boosting,-1.128221483628409,,,,,,,,,,,0.5932138999924064
lipo,regression,1,2,seeded_scaffold_group_balanced,seeded_scaffold_group_balanced,31,cat_100_d4,boosting,-1.1186955501195808,,,,,,,,,,,0.5628585999947973
lipo,regression,1,3,seeded_scaffold_group_balanced,seeded_scaffold_group_balanced,31,cat_100_d4,boosting,-1.114985948800634,,,,,,,,,,,0.5680153999710456
lipo,regression,1,1,seeded_scaffold_group_balanced,seeded_scaffold_group_balanced,32,cat_60_d8,boosting,-1.088249943743786,,,,,,,,,,,3.325244100007694
lipo,regression,1,2,seeded_scaffold_group_balanced,seeded_scaffold_group_balanced,32,cat_60_d8,boosting,-1.084893381392014,,,,,,,,,,,3.313168399967253
lipo,regression,1,3,seeded_scaffold_group_balanced,seeded_scaffold_group_balanced,32,cat_60_d8,boosting,-1.0790901752661246,,,,,,,,,,,3.805478599970229
lipo,regression,2,1,seeded_scaffold_group_balanced,seeded_scaffold_group_balanced,1,ridge_a0.1,linear,-1.1168050557951938,,,,,,,,,,,0.0149243000196293
lipo,regression,2,2,seeded_scaffold_group_balanced,seeded_scaffold_group_balanced,1,ridge_a0.1,linear,-1.158695918672387,,,,,,,,,,,0.0135548999533057
lipo,regression,2,3,seeded_scaffold_group_balanced,seeded_scaffold_group_balanced,1,ridge_a0.1,linear,-1.1195999627574722,,,,,,,,,,,0.0143993999809026
lipo,regression,2,1,seeded_scaffold_group_balanced,seeded_scaffold_group_balanced,2,ridge_a1,linear,-1.097563131306954,,,,,,,,,,,0.0164936000364832
lipo,regression,2,2,seeded_scaffold_group_balanced,seeded_scaffold_group_balanced,2,ridge_a1,linear,-1.1377719180391213,,,,,,,,,,,0.0117389000370167
lipo,regression,2,3,seeded_scaffold_group_balanced,seeded_scaffold_group_balanced,2,ridge_a1,linear,-1.1062052222838137,,,,,,,,,,,0.017883000022266
lipo,regression,2,1,seeded_scaffold_group_balanced,seeded_scaffold_group_balanced,3,ridge_a10,linear,-1.0131430750069226,,,,,,,,,,,0.0176600000122562
lipo,regression,2,2,seeded_scaffold_group_balanced,seeded_scaffold_group_balanced,3,ridge_a10,linear,-1.0593634510245282,,,,,,,,,,,0.0137986000045202
lipo,regression,2,3,seeded_scaffold_group_balanced,seeded_scaffold_group_balanced,3,ridge_a10,linear,-1.0442031657852555,,,,,,,,,,,0.0135424999753013
lipo,regression,2,1,seeded_scaffold_group_balanced,seeded_scaffold_group_balanced,4,elasticnet_a0.001,linear,-1.0672119471411494,,,,,,,,,,,0.0304394999984651
lipo,regression,2,2,seeded_scaffold_group_balanced,seeded_scaffold_group_balanced,4,elasticnet_a0.001,linear,-1.1064746549004505,,,,,,,,,,,0.0329078999930061
lipo,regression,2,3,seeded_scaffold_group_balanced,seeded_scaffold_group_balanced,4,elasticnet_a0.001,linear,-1.082969859830754,,,,,,,,,,,0.0364609999815002
lipo,regression,2,1,seeded_scaffold_group_balanced,seeded_scaffold_group_balanced,5,rf_60_sqrt,bagging,-0.9644613560596892,,,,,,,,,,,0.1114469000021927
lipo,regression,2,2,seeded_scaffold_group_balanced,seeded_scaffold_group_balanced,5,rf_60_sqrt,bagging,-1.0530816286956148,,,,,,,,,,,0.1026879000128246
lipo,regression,2,3,seeded_scaffold_group_balanced,seeded_scaffold_group_balanced,5,rf_60_sqrt,bagging,-1.0364115499894146,,,,,,,,,,,0.0958491000346839
lipo,regression,2,1,seeded_scaffold_group_balanced,seeded_scaffold_group_balanced,6,rf_90_d12,bagging,-1.0137164724689838,,,,,,,,,,,0.1223651999607682
lipo,regression,2,2,seeded_scaffold_group_balanced,seeded_scaffold_group_balanced,6,rf_90_d12,bagging,-1.099611074452096,,,,,,,,,,,0.1248701000004075
lipo,regression,2,3,seeded_scaffold_group_balanced,seeded_scaffold_group_balanced,6,rf_90_d12,bagging,-1.0728994456645748,,,,,,,,,,,0.1126746999798342
lipo,regression,2,1,seeded_scaffold_group_balanced,seeded_scaffold_group_balanced,7,rf_90_leaf2,bagging,-0.9709040200953948,,,,,,,,,,,0.1193076000199653
lipo,regression,2,2,seeded_scaffold_group_balanced,seeded_scaffold_group_balanced,7,rf_90_leaf2,bagging,-1.054331918813607,,,,,,,,,,,0.1389119000523351
lipo,regression,2,3,seeded_scaffold_group_balanced,seeded_scaffold_group_balanced,7,rf_90_leaf2,bagging,-1.0438981224630737,,,,,,,,,,,0.1218518000096082
lipo,regression,2,1,seeded_scaffold_group_balanced,seeded_scaffold_group_balanced,8,rf_120_d20_leaf2,bagging,-0.9865924350564068,,,,,,,,,,,0.1562672000145539
lipo,regression,2,2,seeded_scaffold_group_balanced,seeded_scaffold_group_balanced,8,rf_120_d20_leaf2,bagging,-1.0612368118690412,,,,,,,,,,,0.1835281000239774
lipo,regression,2,3,seeded_scaffold_group_balanced,seeded_scaffold_group_balanced,8,rf_120_d20_leaf2,bagging,-1.0424419278765795,,,,,,,,,,,0.1537860999815166
lipo,regression,2,1,seeded_scaffold_group_balanced,seeded_scaffold_group_balanced,9,et_60_sqrt,bagging,-0.9347513714097316,,,,,,,,,,,0.0969206999870948
lipo,regression,2,2,seeded_scaffold_group_balanced,seeded_scaffold_group_balanced,9,et_60_sqrt,bagging,-1.0419524757228436,,,,,,,,,,,0.101707299996633
lipo,regression,2,3,seeded_scaffold_group_balanced,seeded_scaffold_group_balanced,9,et_60_sqrt,bagging,-1.0120381285958822,,,,,,,,,,,0.1153031000285409
lipo,regression,2,1,seeded_scaffold_group_balanced,seeded_scaffold_group_balanced,10,et_90_d12,bagging,-0.9972879925700884,,,,,,,,,,,0.0951391000417061
lipo,regression,2,2,seeded_scaffold_group_balanced,seeded_scaffold_group_balanced,10,et_90_d12,bagging,-1.0847398171633214,,,,,,,,,,,0.09034920000704
lipo,regression,2,3,seeded_scaffold_group_balanced,seeded_scaffold_group_balanced,10,et_90_d12,bagging,-1.0568203982783508,,,,,,,,,,,0.085364099999424
lipo,regression,2,1,seeded_scaffold_group_balanced,seeded_scaffold_group_balanced,11,et_90_leaf2,bagging,-0.946736958343743,,,,,,,,,,,0.1012288000201806
lipo,regression,2,2,seeded_scaffold_group_balanced,seeded_scaffold_group_balanced,11,et_90_leaf2,bagging,-1.0247310835552836,,,,,,,,,,,0.1041849000030197
lipo,regression,2,3,seeded_scaffold_group_balanced,seeded_scaffold_group_balanced,11,et_90_leaf2,bagging,-1.004511466823864,,,,,,,,,,,0.1105457000085152
lipo,regression,2,1,seeded_scaffold_group_balanced,seeded_scaffold_group_balanced,12,et_120_d20_leaf2,bagging,-0.9638288855245012,,,,,,,,,,,0.1215471999603323
lipo,regression,2,2,seeded_scaffold_group_balanced,seeded_scaffold_group_balanced,12,et_120_d20_leaf2,bagging,-1.0403818387442365,,,,,,,,,,,0.1171703000436537
lipo,regression,2,3,seeded_scaffold_group_balanced,seeded_scaffold_group_balanced,12,et_120_d20_leaf2,bagging,-1.0150425490604844,,,,,,,,,,,0.1300751999951899
lipo,regression,2,1,seeded_scaffold_group_balanced,seeded_scaffold_group_balanced,13,histgb_lr0.05,boosting,-0.9588070214634076,,,,,,,,,,,1.388332300004549
lipo,regression,2,2,seeded_scaffold_group_balanced,seeded_scaffold_group_balanced,13,histgb_lr0.05,boosting,-1.0036786821819816,,,,,,,,,,,1.724432600021828
lipo,regression,2,3,seeded_scaffold_group_balanced,seeded_scaffold_group_balanced,13,histgb_lr0.05,boosting,-1.0192781876584538,,,,,,,,,,,1.8403205999638883
lipo,regression,2,1,seeded_scaffold_group_balanced,seeded_scaffold_group_balanced,14,histgb_lr0.1,boosting,-0.9426968409223866,,,,,,,,,,,1.1149388999911023
lipo,regression,2,2,seeded_scaffold_group_balanced,seeded_scaffold_group_balanced,14,histgb_lr0.1,boosting,-0.974065963861618,,,,,,,,,,,1.0462640999467112
lipo,regression,2,3,seeded_scaffold_group_balanced,seeded_scaffold_group_balanced,14,histgb_lr0.1,boosting,-0.9898759262444304,,,,,,,,,,,1.3746617999859154
lipo,regression,2,1,seeded_scaffold_group_balanced,seeded_scaffold_group_balanced,15,gb_lr0.05_d2,boosting,-1.071979359820423,,,,,,,,,,,0.8457525999983773
lipo,regression,2,2,seeded_scaffold_group_balanced,seeded_scaffold_group_balanced,15,gb_lr0.05_d2,boosting,-1.1191384031799088,,,,,,,,,,,0.8841040999977849
lipo,regression,2,3,seeded_scaffold_group_balanced,seeded_scaffold_group_balanced,15,gb_lr0.05_d2,boosting,-1.125287500424789,,,,,,,,,,,0.8873123999801464
lipo,regression,2,1,seeded_scaffold_group_balanced,seeded_scaffold_group_balanced,16,gb_lr0.1_d3,boosting,-0.9749380098396652,,,,,,,,,,,1.270988899981603
lipo,regression,2,2,seeded_scaffold_group_balanced,seeded_scaffold_group_balanced,16,gb_lr0.1_d3,boosting,-1.0534475825181302,,,,,,,,,,,1.1824851999990642
lipo,regression,2,3,seeded_scaffold_group_balanced,seeded_scaffold_group_balanced,16,gb_lr0.1_d3,boosting,-1.0600713552515202,,,,,,,,,,,1.151407900033519
lipo,regression,2,1,seeded_scaffold_group_balanced,seeded_scaffold_group_balanced,17,lgbm_60_l15,boosting,-0.9880947101112272,,,,,,,,,,,0.063876700005494
lipo,regression,2,2,seeded_scaffold_group_balanced,seeded_scaffold_group_balanced,17,lgbm_60_l15,boosting,-1.0339552864023616,,,,,,,,,,,0.0685277999727986
lipo,regression,2,3,seeded_scaffold_group_balanced,seeded_scaffold_group_balanced,17,lgbm_60_l15,boosting,-1.0536865097906265,,,,,,,,,,,0.0633721000049263
lipo,regression,2,1,seeded_scaffold_group_balanced,seeded_scaffold_group_balanced,18,lgbm_90_l31,boosting,-0.9519615280616928,,,,,,,,,,,0.1287815000396222
lipo,regression,2,2,seeded_scaffold_group_balanced,seeded_scaffold_group_balanced,18,lgbm_90_l31,boosting,-0.965980955485328,,,,,,,,,,,0.1210808000178076
lipo,regression,2,3,seeded_scaffold_group_balanced,seeded_scaffold_group_balanced,18,lgbm_90_l31,boosting,-0.9853719046022156,,,,,,,,,,,0.1214139999938197
lipo,regression,2,1,seeded_scaffold_group_balanced,seeded_scaffold_group_balanced,19,lgbm_60_l63,boosting,-0.9419910305179792,,,,,,,,,,,0.1593859000131487
lipo,regression,2,2,seeded_scaffold_group_balanced,seeded_scaffold_group_balanced,19,lgbm_60_l63,boosting,-0.957925844994028,,,,,,,,,,,0.1396677999873645
lipo,regression,2,3,seeded_scaffold_group_balanced,seeded_scaffold_group_balanced,19,lgbm_60_l63,boosting,-0.949174786608881,,,,,,,,,,,0.1261021000100299
lipo,regression,2,1,seeded_scaffold_group_balanced,seeded_scaffold_group_balanced,20,lgbm_100_leaf10,boosting,-0.933213754300316,,,,,,,,,,,0.1250102000194601
lipo,regression,2,2,seeded_scaffold_group_balanced,seeded_scaffold_group_balanced,20,lgbm_100_leaf10,boosting,-0.9760904064642736,,,,,,,,,,,0.1520723999710753
lipo,regression,2,3,seeded_scaffold_group_balanced,seeded_scaffold_group_balanced,20,lgbm_100_leaf10,boosting,-0.971703135214966,,,,,,,,,,,0.1333976999740116
lipo,regression,2,1,seeded_scaffold_group_balanced,seeded_scaffold_group_balanced,21,lgbm_100_leaf30,boosting,-0.9404086620995884,,,,,,,,,,,0.1263171000173315
lipo,regression,2,2,seeded_scaffold_group_balanced,seeded_scaffold_group_balanced,21,lgbm_100_leaf30,boosting,-0.9643299379454324,,,,,,,,,,,0.1556683000526391
lipo,regression,2,3,seeded_scaffold_group_balanced,seeded_scaffold_group_balanced,21,lgbm_100_leaf30,boosting,-0.9918445243246748,,,,,,,,,,,0.1464265999966301
lipo,regression,2,1,seeded_scaffold_group_balanced,seeded_scaffold_group_balanced,22,lgbm_80_ff0.7,boosting,-0.9296183845566413,,,,,,,,,,,0.1346747999778017
lipo,regression,2,2,seeded_scaffold_group_balanced,seeded_scaffold_group_balanced,22,lgbm_80_ff0.7,boosting,-0.9604240623119108,,,,,,,,,,,0.1176039999700151
lipo,regression,2,3,seeded_scaffold_group_balanced,seeded_scaffold_group_balanced,22,lgbm_80_ff0.7,boosting,-0.976489267751165,,,,,,,,,,,0.1800978999817744
lipo,regression,2,1,seeded_scaffold_group_balanced,seeded_scaffold_group_balanced,23,lgbm_80_bag0.8,boosting,-0.9295405616079768,,,,,,,,,,,0.1402965000015683
lipo,regression,2,2,seeded_scaffold_group_balanced,seeded_scaffold_group_balanced,23,lgbm_80_bag0.8,boosting,-0.9588869037343616,,,,,,,,,,,0.1875670999870635
lipo,regression,2,3,seeded_scaffold_group_balanced,seeded_scaffold_group_balanced,23,lgbm_80_bag0.8,boosting,-0.9717235593048196,,,,,,,,,,,0.1428954000002704
lipo,regression,2,1,seeded_scaffold_group_balanced,seeded_scaffold_group_balanced,24,lgbm_120_l15,boosting,-0.9689476159852078,,,,,,,,,,,0.144457800022792
lipo,regression,2,2,seeded_scaffold_group_balanced,seeded_scaffold_group_balanced,24,lgbm_120_l15,boosting,-1.0016178772636528,,,,,,,,,,,0.1120704999775625
lipo,regression,2,3,seeded_scaffold_group_balanced,seeded_scaffold_group_balanced,24,lgbm_120_l15,boosting,-1.01683492950115,,,,,,,,,,,0.1123200000147335
lipo,regression,2,1,seeded_scaffold_group_balanced,seeded_scaffold_group_balanced,25,xgb_60_d3,boosting,-1.0245498888019464,,,,,,,,,,,0.120927199954167
lipo,regression,2,2,seeded_scaffold_group_balanced,seeded_scaffold_group_balanced,25,xgb_60_d3,boosting,-1.076254235201783,,,,,,,,,,,0.1211160999955609
lipo,regression,2,3,seeded_scaffold_group_balanced,seeded_scaffold_group_balanced,25,xgb_60_d3,boosting,-1.0702619411546086,,,,,,,,,,,0.110099799989257
lipo,regression,2,1,seeded_scaffold_group_balanced,seeded_scaffold_group_balanced,26,xgb_80_d5,boosting,-0.9563563827603284,,,,,,,,,,,0.1695332999806851
lipo,regression,2,2,seeded_scaffold_group_balanced,seeded_scaffold_group_balanced,26,xgb_80_d5,boosting,-1.0271875108433186,,,,,,,,,,,0.1779133999953046
lipo,regression,2,3,seeded_scaffold_group_balanced,seeded_scaffold_group_balanced,26,xgb_80_d5,boosting,-1.0157843585662054,,,,,,,,,,,0.1700754000339657
lipo,regression,2,1,seeded_scaffold_group_balanced,seeded_scaffold_group_balanced,27,xgb_100_d3,boosting,-1.0098951234083176,,,,,,,,,,,0.1452277000062167
lipo,regression,2,2,seeded_scaffold_group_balanced,seeded_scaffold_group_balanced,27,xgb_100_d3,boosting,-1.0642706377973372,,,,,,,,,,,0.1490708999917842
lipo,regression,2,3,seeded_scaffold_group_balanced,seeded_scaffold_group_balanced,27,xgb_100_d3,boosting,-1.0764851894569754,,,,,,,,,,,0.147542999999132
lipo,regression,2,1,seeded_scaffold_group_balanced,seeded_scaffold_group_balanced,28,xgb_60_d6,boosting,-0.9521152142694832,,,,,,,,,,,0.1634120000526309
lipo,regression,2,2,seeded_scaffold_group_balanced,seeded_scaffold_group_balanced,28,xgb_60_d6,boosting,-1.0007516214236878,,,,,,,,,,,0.1863795000244863
lipo,regression,2,3,seeded_scaffold_group_balanced,seeded_scaffold_group_balanced,28,xgb_60_d6,boosting,-1.0026084307558882,,,,,,,,,,,0.2480903000105172
lipo,regression,2,1,seeded_scaffold_group_balanced,seeded_scaffold_group_balanced,29,cat_60_d4,boosting,-1.0568135336942253,,,,,,,,,,,0.4761133999563753
lipo,regression,2,2,seeded_scaffold_group_balanced,seeded_scaffold_group_balanced,29,cat_60_d4,boosting,-1.0978269100607354,,,,,,,,,,,0.3929140999680385
lipo,regression,2,3,seeded_scaffold_group_balanced,seeded_scaffold_group_balanced,29,cat_60_d4,boosting,-1.1020177155626414,,,,,,,,,,,0.4808700000285171
lipo,regression,2,1,seeded_scaffold_group_balanced,seeded_scaffold_group_balanced,30,cat_80_d6,boosting,-1.0198522596521358,,,,,,,,,,,1.571427200047765
lipo,regression,2,2,seeded_scaffold_group_balanced,seeded_scaffold_group_balanced,30,cat_80_d6,boosting,-1.0765407437804366,,,,,,,,,,,1.5591225000098348
lipo,regression,2,3,seeded_scaffold_group_balanced,seeded_scaffold_group_balanced,30,cat_80_d6,boosting,-1.0798969879908904,,,,,,,,,,,1.5241834999760613
lipo,regression,2,1,seeded_scaffold_group_balanced,seeded_scaffold_group_balanced,31,cat_100_d4,boosting,-1.0555426577688316,,,,,,,,,,,0.703472499968484
lipo,regression,2,2,seeded_scaffold_group_balanced,seeded_scaffold_group_balanced,31,cat_100_d4,boosting,-1.097048450629717,,,,,,,,,,,0.5385060000116937
lipo,regression,2,3,seeded_scaffold_group_balanced,seeded_scaffold_group_balanced,31,cat_100_d4,boosting,-1.1056619597672153,,,,,,,,,,,0.5187635000329465
lipo,regression,2,1,seeded_scaffold_group_balanced,seeded_scaffold_group_balanced,32,cat_60_d8,boosting,-0.9974076827575284,,,,,,,,,,,3.366597499989439
lipo,regression,2,2,seeded_scaffold_group_balanced,seeded_scaffold_group_balanced,32,cat_60_d8,boosting,-1.0661901945239851,,,,,,,,,,,3.539692800026387
lipo,regression,2,3,seeded_scaffold_group_balanced,seeded_scaffold_group_balanced,32,cat_60_d8,boosting,-1.061226627931208,,,,,,,,,,,3.380986700009089
lipo,regression,3,1,seeded_scaffold_group_balanced,seeded_scaffold_group_balanced,1,ridge_a0.1,linear,-1.2355028725417634,,,,,,,,,,,0.0125237999600358
lipo,regression,3,2,seeded_scaffold_group_balanced,seeded_scaffold_group_balanced,1,ridge_a0.1,linear,-1.2044855596992368,,,,,,,,,,,0.0137130999937653
lipo,regression,3,3,seeded_scaffold_group_balanced,seeded_scaffold_group_balanced,1,ridge_a0.1,linear,-1.1581153526868246,,,,,,,,,,,0.0134167000069282
lipo,regression,3,1,seeded_scaffold_group_balanced,seeded_scaffold_group_balanced,2,ridge_a1,linear,-1.2197041394895172,,,,,,,,,,,0.0152680000173859
lipo,regression,3,2,seeded_scaffold_group_balanced,seeded_scaffold_group_balanced,2,ridge_a1,linear,-1.1889535222677097,,,,,,,,,,,0.0139579000533558
lipo,regression,3,3,seeded_scaffold_group_balanced,seeded_scaffold_group_balanced,2,ridge_a1,linear,-1.1421115752657156,,,,,,,,,,,0.0142154000350274
lipo,regression,3,1,seeded_scaffold_group_balanced,seeded_scaffold_group_balanced,3,ridge_a10,linear,-1.1428930842652096,,,,,,,,,,,0.0153009999776259
lipo,regression,3,2,seeded_scaffold_group_balanced,seeded_scaffold_group_balanced,3,ridge_a10,linear,-1.1178269341866849,,,,,,,,,,,0.0155625999905169
lipo,regression,3,3,seeded_scaffold_group_balanced,seeded_scaffold_group_balanced,3,ridge_a10,linear,-1.0634479275191115,,,,,,,,,,,0.0259336000308394
lipo,regression,3,1,seeded_scaffold_group_balanced,seeded_scaffold_group_balanced,4,elasticnet_a0.001,linear,-1.1923430023210695,,,,,,,,,,,0.0309141000034287
lipo,regression,3,2,seeded_scaffold_group_balanced,seeded_scaffold_group_balanced,4,elasticnet_a0.001,linear,-1.1617956922971937,,,,,,,,,,,0.0273306999588385
lipo,regression,3,3,seeded_scaffold_group_balanced,seeded_scaffold_group_balanced,4,elasticnet_a0.001,linear,-1.113722364515682,,,,,,,,,,,0.0249314999673515
lipo,regression,3,1,seeded_scaffold_group_balanced,seeded_scaffold_group_balanced,5,rf_60_sqrt,bagging,-1.091038361979787,,,,,,,,,,,0.1103107000235468
lipo,regression,3,2,seeded_scaffold_group_balanced,seeded_scaffold_group_balanced,5,rf_60_sqrt,bagging,-1.0791973636741294,,,,,,,,,,,0.1134320999844931
lipo,regression,3,3,seeded_scaffold_group_balanced,seeded_scaffold_group_balanced,5,rf_60_sqrt,bagging,-0.9844154554842172,,,,,,,,,,,0.0976900000241585
lipo,regression,3,1,seeded_scaffold_group_balanced,seeded_scaffold_group_balanced,6,rf_90_d12,bagging,-1.1425475822119124,,,,,,,,,,,0.1202820999897085
lipo,regression,3,2,seeded_scaffold_group_balanced,seeded_scaffold_group_balanced,6,rf_90_d12,bagging,-1.121738639066988,,,,,,,,,,,0.1328141000121832
lipo,regression,3,3,seeded_scaffold_group_balanced,seeded_scaffold_group_balanced,6,rf_90_d12,bagging,-1.0095413911408226,,,,,,,,,,,0.1261600999860093
lipo,regression,3,1,seeded_scaffold_group_balanced,seeded_scaffold_group_balanced,7,rf_90_leaf2,bagging,-1.0879960219163316,,,,,,,,,,,0.1401546000270173
lipo,regression,3,2,seeded_scaffold_group_balanced,seeded_scaffold_group_balanced,7,rf_90_leaf2,bagging,-1.0825771966705244,,,,,,,,,,,0.1205568999866955
lipo,regression,3,3,seeded_scaffold_group_balanced,seeded_scaffold_group_balanced,7,rf_90_leaf2,bagging,-0.9806497752395144,,,,,,,,,,,0.1206780000356957
lipo,regression,3,1,seeded_scaffold_group_balanced,seeded_scaffold_group_balanced,8,rf_120_d20_leaf2,bagging,-1.110409636833816,,,,,,,,,,,0.1826515999855473
lipo,regression,3,2,seeded_scaffold_group_balanced,seeded_scaffold_group_balanced,8,rf_120_d20_leaf2,bagging,-1.0991251932674206,,,,,,,,,,,0.1593609999981708
lipo,regression,3,3,seeded_scaffold_group_balanced,seeded_scaffold_group_balanced,8,rf_120_d20_leaf2,bagging,-0.99091537998087,,,,,,,,,,,0.1439535000245086
lipo,regression,3,1,seeded_scaffold_group_balanced,seeded_scaffold_group_balanced,9,et_60_sqrt,bagging,-1.070334950644947,,,,,,,,,,,0.1006313000107184
lipo,regression,3,2,seeded_scaffold_group_balanced,seeded_scaffold_group_balanced,9,et_60_sqrt,bagging,-1.0563769859894203,,,,,,,,,,,0.0990807000198401
lipo,regression,3,3,seeded_scaffold_group_balanced,seeded_scaffold_group_balanced,9,et_60_sqrt,bagging,-0.970853065712347,,,,,,,,,,,0.0957053999882191
lipo,regression,3,1,seeded_scaffold_group_balanced,seeded_scaffold_group_balanced,10,et_90_d12,bagging,-1.1310380528920256,,,,,,,,,,,0.0883581999805755
lipo,regression,3,2,seeded_scaffold_group_balanced,seeded_scaffold_group_balanced,10,et_90_d12,bagging,-1.112328085371591,,,,,,,,,,,0.0813765000202693
lipo,regression,3,3,seeded_scaffold_group_balanced,seeded_scaffold_group_balanced,10,et_90_d12,bagging,-0.9938182991545648,,,,,,,,,,,0.0733904000371694
lipo,regression,3,1,seeded_scaffold_group_balanced,seeded_scaffold_group_balanced,11,et_90_leaf2,bagging,-1.0747909661373447,,,,,,,,,,,0.0953576000174507
lipo,regression,3,2,seeded_scaffold_group_balanced,seeded_scaffold_group_balanced,11,et_90_leaf2,bagging,-1.0679129485510206,,,,,,,,,,,0.0961399999796412
lipo,regression,3,3,seeded_scaffold_group_balanced,seeded_scaffold_group_balanced,11,et_90_leaf2,bagging,-0.962423773496401,,,,,,,,,,,0.0933789000264369
lipo,regression,3,1,seeded_scaffold_group_balanced,seeded_scaffold_group_balanced,12,et_120_d20_leaf2,bagging,-1.0967740604909255,,,,,,,,,,,0.1221155999810434
lipo,regression,3,2,seeded_scaffold_group_balanced,seeded_scaffold_group_balanced,12,et_120_d20_leaf2,bagging,-1.077551361459396,,,,,,,,,,,0.1295315999886952
lipo,regression,3,3,seeded_scaffold_group_balanced,seeded_scaffold_group_balanced,12,et_120_d20_leaf2,bagging,-0.9761068676854584,,,,,,,,,,,0.1211696999962441
lipo,regression,3,1,seeded_scaffold_group_balanced,seeded_scaffold_group_balanced,13,histgb_lr0.05,boosting,-1.0728345476757628,,,,,,,,,,,1.233830300043337
lipo,regression,3,2,seeded_scaffold_group_balanced,seeded_scaffold_group_balanced,13,histgb_lr0.05,boosting,-1.0561120469987015,,,,,,,,,,,1.3518365999916568
lipo,regression,3,3,seeded_scaffold_group_balanced,seeded_scaffold_group_balanced,13,histgb_lr0.05,boosting,-0.9697131818100682,,,,,,,,,,,1.1960380999953486
lipo,regression,3,1,seeded_scaffold_group_balanced,seeded_scaffold_group_balanced,14,histgb_lr0.1,boosting,-1.0562883696562857,,,,,,,,,,,0.9818671999964864
lipo,regression,3,2,seeded_scaffold_group_balanced,seeded_scaffold_group_balanced,14,histgb_lr0.1,boosting,-1.0429204382448214,,,,,,,,,,,0.9024585000006482
lipo,regression,3,3,seeded_scaffold_group_balanced,seeded_scaffold_group_balanced,14,histgb_lr0.1,boosting,-0.9625827417400464,,,,,,,,,,,0.9899816000252032
lipo,regression,3,1,seeded_scaffold_group_balanced,seeded_scaffold_group_balanced,15,gb_lr0.05_d2,boosting,-1.1839742376376483,,,,,,,,,,,0.7646518999827094
lipo,regression,3,2,seeded_scaffold_group_balanced,seeded_scaffold_group_balanced,15,gb_lr0.05_d2,boosting,-1.164091863647735,,,,,,,,,,,0.9533379999920726
lipo,regression,3,3,seeded_scaffold_group_balanced,seeded_scaffold_group_balanced,15,gb_lr0.05_d2,boosting,-1.0397113288542916,,,,,,,,,,,0.9955869000405072
lipo,regression,3,1,seeded_scaffold_group_balanced,seeded_scaffold_group_balanced,16,gb_lr0.1_d3,boosting,-1.1271036096152105,,,,,,,,,,,1.4529022999922745
lipo,regression,3,2,seeded_scaffold_group_balanced,seeded_scaffold_group_balanced,16,gb_lr0.1_d3,boosting,-1.1061754276392524,,,,,,,,,,,1.401914000045508
lipo,regression,3,3,seeded_scaffold_group_balanced,seeded_scaffold_group_balanced,16,gb_lr0.1_d3,boosting,-0.9849049681791848,,,,,,,,,,,1.293187199975364
lipo,regression,3,1,seeded_scaffold_group_balanced,seeded_scaffold_group_balanced,17,lgbm_60_l15,boosting,-1.10282425133632,,,,,,,,,,,0.0618823000113479
lipo,regression,3,2,seeded_scaffold_group_balanced,seeded_scaffold_group_balanced,17,lgbm_60_l15,boosting,-1.0934308306541516,,,,,,,,,,,0.059987699962221
lipo,regression,3,3,seeded_scaffold_group_balanced,seeded_scaffold_group_balanced,17,lgbm_60_l15,boosting,-0.9905212240835868,,,,,,,,,,,0.0659867000067606
lipo,regression,3,1,seeded_scaffold_group_balanced,seeded_scaffold_group_balanced,18,lgbm_90_l31,boosting,-1.0474305316590011,,,,,,,,,,,0.1906267000013031
lipo,regression,3,2,seeded_scaffold_group_balanced,seeded_scaffold_group_balanced,18,lgbm_90_l31,boosting,-1.0267479438129088,,,,,,,,,,,0.1392108000000007
lipo,regression,3,3,seeded_scaffold_group_balanced,seeded_scaffold_group_balanced,18,lgbm_90_l31,boosting,-0.954752088833765,,,,,,,,,,,0.1396801999653689
lipo,regression,3,1,seeded_scaffold_group_balanced,seeded_scaffold_group_balanced,19,lgbm_60_l63,boosting,-1.049055368629708,,,,,,,,,,,0.1335759999928996
lipo,regression,3,2,seeded_scaffold_group_balanced,seeded_scaffold_group_balanced,19,lgbm_60_l63,boosting,-1.0175696465003237,,,,,,,,,,,0.1295525999739766
lipo,regression,3,3,seeded_scaffold_group_balanced,seeded_scaffold_group_balanced,19,lgbm_60_l63,boosting,-0.9512992494235613,,,,,,,,,,,0.1434927999507635
lipo,regression,3,1,seeded_scaffold_group_balanced,seeded_scaffold_group_balanced,20,lgbm_100_leaf10,boosting,-1.0574443539833545,,,,,,,,,,,0.1407574000186287
lipo,regression,3,2,seeded_scaffold_group_balanced,seeded_scaffold_group_balanced,20,lgbm_100_leaf10,boosting,-1.024105438491419,,,,,,,,,,,0.1646830999525264
lipo,regression,3,3,seeded_scaffold_group_balanced,seeded_scaffold_group_balanced,20,lgbm_100_leaf10,boosting,-0.9575793612047588,,,,,,,,,,,0.1432601000415161
lipo,regression,3,1,seeded_scaffold_group_balanced,seeded_scaffold_group_balanced,21,lgbm_100_leaf30,boosting,-1.0443267287353717,,,,,,,,,,,0.1556594999856315
lipo,regression,3,2,seeded_scaffold_group_balanced,seeded_scaffold_group_balanced,21,lgbm_100_leaf30,boosting,-1.0387358457036826,,,,,,,,,,,0.2090469000395387
lipo,regression,3,3,seeded_scaffold_group_balanced,seeded_scaffold_group_balanced,21,lgbm_100_leaf30,boosting,-0.9615296050538968,,,,,,,,,,,0.1951112999813631
lipo,regression,3,1,seeded_scaffold_group_balanced,seeded_scaffold_group_balanced,22,lgbm_80_ff0.7,boosting,-1.0350754442286632,,,,,,,,,,,0.1961635000188835
lipo,regression,3,2,seeded_scaffold_group_balanced,seeded_scaffold_group_balanced,22,lgbm_80_ff0.7,boosting,-1.0207483995944395,,,,,,,,,,,0.1599755999632179
lipo,regression,3,3,seeded_scaffold_group_balanced,seeded_scaffold_group_balanced,22,lgbm_80_ff0.7,boosting,-0.9539106328625204,,,,,,,,,,,0.2370288000092841
lipo,regression,3,1,seeded_scaffold_group_balanced,seeded_scaffold_group_balanced,23,lgbm_80_bag0.8,boosting,-1.0340670822078488,,,,,,,,,,,0.1929785999818705
lipo,regression,3,2,seeded_scaffold_group_balanced,seeded_scaffold_group_balanced,23,lgbm_80_bag0.8,boosting,-1.0232695043028528,,,,,,,,,,,0.1486682000104338
lipo,regression,3,3,seeded_scaffold_group_balanced,seeded_scaffold_group_balanced,23,lgbm_80_bag0.8,boosting,-0.9507981889074406,,,,,,,,,,,0.1557401000172831
lipo,regression,3,1,seeded_scaffold_group_balanced,seeded_scaffold_group_balanced,24,lgbm_120_l15,boosting,-1.0752771166109176,,,,,,,,,,,0.140395000053104
lipo,regression,3,2,seeded_scaffold_group_balanced,seeded_scaffold_group_balanced,24,lgbm_120_l15,boosting,-1.0597431139501583,,,,,,,,,,,0.1623545999755151
lipo,regression,3,3,seeded_scaffold_group_balanced,seeded_scaffold_group_balanced,24,lgbm_120_l15,boosting,-0.9667849626244462,,,,,,,,,,,0.1151057999813929
lipo,regression,3,1,seeded_scaffold_group_balanced,seeded_scaffold_group_balanced,25,xgb_60_d3,boosting,-1.1443623586639622,,,,,,,,,,,0.1158740000100806
lipo,regression,3,2,seeded_scaffold_group_balanced,seeded_scaffold_group_balanced,25,xgb_60_d3,boosting,-1.1219890607949168,,,,,,,,,,,0.120880100002978
lipo,regression,3,3,seeded_scaffold_group_balanced,seeded_scaffold_group_balanced,25,xgb_60_d3,boosting,-1.0153926577035592,,,,,,,,,,,0.117103099997621
lipo,regression,3,1,seeded_scaffold_group_balanced,seeded_scaffold_group_balanced,26,xgb_80_d5,boosting,-1.0935599889649616,,,,,,,,,,,0.1819281000061892
lipo,regression,3,2,seeded_scaffold_group_balanced,seeded_scaffold_group_balanced,26,xgb_80_d5,boosting,-1.0903279820317346,,,,,,,,,,,0.1855374000151641
lipo,regression,3,3,seeded_scaffold_group_balanced,seeded_scaffold_group_balanced,26,xgb_80_d5,boosting,-0.9694259432786324,,,,,,,,,,,0.1602597000310197
lipo,regression,3,1,seeded_scaffold_group_balanced,seeded_scaffold_group_balanced,27,xgb_100_d3,boosting,-1.1344304498630822,,,,,,,,,,,0.1479026000015437
lipo,regression,3,2,seeded_scaffold_group_balanced,seeded_scaffold_group_balanced,27,xgb_100_d3,boosting,-1.124281530489434,,,,,,,,,,,0.1228497000411152
lipo,regression,3,3,seeded_scaffold_group_balanced,seeded_scaffold_group_balanced,27,xgb_100_d3,boosting,-1.0008112799616842,,,,,,,,,,,0.1386101999669335
lipo,regression,3,1,seeded_scaffold_group_balanced,seeded_scaffold_group_balanced,28,xgb_60_d6,boosting,-1.0966791298841874,,,,,,,,,,,0.1316903000115417
lipo,regression,3,2,seeded_scaffold_group_balanced,seeded_scaffold_group_balanced,28,xgb_60_d6,boosting,-1.0758730151285456,,,,,,,,,,,0.1312403000192716
lipo,regression,3,3,seeded_scaffold_group_balanced,seeded_scaffold_group_balanced,28,xgb_60_d6,boosting,-0.9815813369995564,,,,,,,,,,,0.1439378000213764
lipo,regression,3,1,seeded_scaffold_group_balanced,seeded_scaffold_group_balanced,29,cat_60_d4,boosting,-1.1608750902785507,,,,,,,,,,,0.3226327000302262
lipo,regression,3,2,seeded_scaffold_group_balanced,seeded_scaffold_group_balanced,29,cat_60_d4,boosting,-1.1440348465350845,,,,,,,,,,,0.2983116999967024
lipo,regression,3,3,seeded_scaffold_group_balanced,seeded_scaffold_group_balanced,29,cat_60_d4,boosting,-1.0361085361698938,,,,,,,,,,,0.3249371999991126
lipo,regression,3,1,seeded_scaffold_group_balanced,seeded_scaffold_group_balanced,30,cat_80_d6,boosting,-1.1388452475748498,,,,,,,,,,,1.2780859000049531
lipo,regression,3,2,seeded_scaffold_group_balanced,seeded_scaffold_group_balanced,30,cat_80_d6,boosting,-1.1353403558748676,,,,,,,,,,,1.2809907000046223
lipo,regression,3,3,seeded_scaffold_group_balanced,seeded_scaffold_group_balanced,30,cat_80_d6,boosting,-1.0129628263824022,,,,,,,,,,,1.2395310000283644
lipo,regression,3,1,seeded_scaffold_group_balanced,seeded_scaffold_group_balanced,31,cat_100_d4,boosting,-1.1572847265517654,,,,,,,,,,,0.493595500010997
lipo,regression,3,2,seeded_scaffold_group_balanced,seeded_scaffold_group_balanced,31,cat_100_d4,boosting,-1.1436207646555188,,,,,,,,,,,0.500623700034339
lipo,regression,3,3,seeded_scaffold_group_balanced,seeded_scaffold_group_balanced,31,cat_100_d4,boosting,-1.027390663593653,,,,,,,,,,,0.489675700024236
lipo,regression,3,1,seeded_scaffold_group_balanced,seeded_scaffold_group_balanced,32,cat_60_d8,boosting,-1.132088454706147,,,,,,,,,,,3.3661263000103645
lipo,regression,3,2,seeded_scaffold_group_balanced,seeded_scaffold_group_balanced,32,cat_60_d8,boosting,-1.1156941337491353,,,,,,,,,,,3.2448844999889843
lipo,regression,3,3,seeded_scaffold_group_balanced,seeded_scaffold_group_balanced,32,cat_60_d8,boosting,-0.9955125384996988,,,,,,,,,,,3.3171781999990344
tdc_caco2_wang,regression,1,1,seeded_scaffold_group_balanced,seeded_scaffold_group_balanced,1,ridge_a0.1,linear,-1.0355100667552477,,,,,,,,,,,0.0051892999908886
tdc_caco2_wang,regression,1,2,seeded_scaffold_group_balanced,seeded_scaffold_group_balanced,1,ridge_a0.1,linear,-0.8650115221174145,,,,,,,,,,,0.0039484000299125
tdc_caco2_wang,regression,1,3,seeded_scaffold_group_balanced,seeded_scaffold_group_balanced,1,ridge_a0.1,linear,-0.8675235958986943,,,,,,,,,,,0.004130300018005
tdc_caco2_wang,regression,1,1,seeded_scaffold_group_balanced,seeded_scaffold_group_balanced,2,ridge_a1,linear,-0.7187596157676919,,,,,,,,,,,0.0041996000218205
tdc_caco2_wang,regression,1,2,seeded_scaffold_group_balanced,seeded_scaffold_group_balanced,2,ridge_a1,linear,-0.6351200779221291,,,,,,,,,,,0.0043235999764874
tdc_caco2_wang,regression,1,3,seeded_scaffold_group_balanced,seeded_scaffold_group_balanced,2,ridge_a1,linear,-0.6833510664213566,,,,,,,,,,,0.0041887999977916
tdc_caco2_wang,regression,1,1,seeded_scaffold_group_balanced,seeded_scaffold_group_balanced,3,ridge_a10,linear,-0.5371191155970214,,,,,,,,,,,0.0039028999744914
tdc_caco2_wang,regression,1,2,seeded_scaffold_group_balanced,seeded_scaffold_group_balanced,3,ridge_a10,linear,-0.5540063791662925,,,,,,,,,,,0.0040459000156261
tdc_caco2_wang,regression,1,3,seeded_scaffold_group_balanced,seeded_scaffold_group_balanced,3,ridge_a10,linear,-0.6225092913934182,,,,,,,,,,,0.0040871000383049
tdc_caco2_wang,regression,1,1,seeded_scaffold_group_balanced,seeded_scaffold_group_balanced,4,elasticnet_a0.001,linear,-0.7891583739477913,,,,,,,,,,,0.0372363000060431
tdc_caco2_wang,regression,1,2,seeded_scaffold_group_balanced,seeded_scaffold_group_balanced,4,elasticnet_a0.001,linear,-0.6633868072622161,,,,,,,,,,,0.0469978000037372
tdc_caco2_wang,regression,1,3,seeded_scaffold_group_balanced,seeded_scaffold_group_balanced,4,elasticnet_a0.001,linear,-0.699121199795816,,,,,,,,,,,0.0338269000058062
tdc_caco2_wang,regression,1,1,seeded_scaffold_group_balanced,seeded_scaffold_group_balanced,5,rf_60_sqrt,bagging,-0.4767119737796839,,,,,,,,,,,0.0695132000255398
tdc_caco2_wang,regression,1,2,seeded_scaffold_group_balanced,seeded_scaffold_group_balanced,5,rf_60_sqrt,bagging,-0.5825890894516899,,,,,,,,,,,0.0699468999519012
tdc_caco2_wang,regression,1,3,seeded_scaffold_group_balanced,seeded_scaffold_group_balanced,5,rf_60_sqrt,bagging,-0.6950015219905058,,,,,,,,,,,0.0674711000174284
tdc_caco2_wang,regression,1,1,seeded_scaffold_group_balanced,seeded_scaffold_group_balanced,6,rf_90_d12,bagging,-0.4829491179536257,,,,,,,,,,,0.0900252000428736
tdc_caco2_wang,regression,1,2,seeded_scaffold_group_balanced,seeded_scaffold_group_balanced,6,rf_90_d12,bagging,-0.6031490639384581,,,,,,,,,,,0.0936006000265479
tdc_caco2_wang,regression,1,3,seeded_scaffold_group_balanced,seeded_scaffold_group_balanced,6,rf_90_d12,bagging,-0.7032351034025189,,,,,,,,,,,0.0880188000155612
tdc_caco2_wang,regression,1,1,seeded_scaffold_group_balanced,seeded_scaffold_group_balanced,7,rf_90_leaf2,bagging,-0.4727344422054072,,,,,,,,,,,0.086481400008779
tdc_caco2_wang,regression,1,2,seeded_scaffold_group_balanced,seeded_scaffold_group_balanced,7,rf_90_leaf2,bagging,-0.5837126927189351,,,,,,,,,,,0.0881765999947674
tdc_caco2_wang,regression,1,3,seeded_scaffold_group_balanced,seeded_scaffold_group_balanced,7,rf_90_leaf2,bagging,-0.7110628893016862,,,,,,,,,,,0.0869933000067249
tdc_caco2_wang,regression,1,1,seeded_scaffold_group_balanced,seeded_scaffold_group_balanced,8,rf_120_d20_leaf2,bagging,-0.4732880049871846,,,,,,,,,,,0.1079679999966174
tdc_caco2_wang,regression,1,2,seeded_scaffold_group_balanced,seeded_scaffold_group_balanced,8,rf_120_d20_leaf2,bagging,-0.5863924193576151,,,,,,,,,,,0.1083228000206872
tdc_caco2_wang,regression,1,3,seeded_scaffold_group_balanced,seeded_scaffold_group_balanced,8,rf_120_d20_leaf2,bagging,-0.7099869149352438,,,,,,,,,,,0.1088775999960489
tdc_caco2_wang,regression,1,1,seeded_scaffold_group_balanced,seeded_scaffold_group_balanced,9,et_60_sqrt,bagging,-0.4738840375851698,,,,,,,,,,,0.0520082000293768
tdc_caco2_wang,regression,1,2,seeded_scaffold_group_balanced,seeded_scaffold_group_balanced,9,et_60_sqrt,bagging,-0.567869150528903,,,,,,,,,,,0.0515924000064842
tdc_caco2_wang,regression,1,3,seeded_scaffold_group_balanced,seeded_scaffold_group_balanced,9,et_60_sqrt,bagging,-0.6698825016550884,,,,,,,,,,,0.0660446999827399
tdc_caco2_wang,regression,1,1,seeded_scaffold_group_balanced,seeded_scaffold_group_balanced,10,et_90_d12,bagging,-0.4731497483097992,,,,,,,,,,,0.0660411000135354
tdc_caco2_wang,regression,1,2,seeded_scaffold_group_balanced,seeded_scaffold_group_balanced,10,et_90_d12,bagging,-0.5785127225940189,,,,,,,,,,,0.0689990000100806
tdc_caco2_wang,regression,1,3,seeded_scaffold_group_balanced,seeded_scaffold_group_balanced,10,et_90_d12,bagging,-0.7021568881980879,,,,,,,,,,,0.0567731999908573
tdc_caco2_wang,regression,1,1,seeded_scaffold_group_balanced,seeded_scaffold_group_balanced,11,et_90_leaf2,bagging,-0.4675046904793308,,,,,,,,,,,0.0634102000040002
tdc_caco2_wang,regression,1,2,seeded_scaffold_group_balanced,seeded_scaffold_group_balanced,11,et_90_leaf2,bagging,-0.5694640786903178,,,,,,,,,,,0.0567272000480443
tdc_caco2_wang,regression,1,3,seeded_scaffold_group_balanced,seeded_scaffold_group_balanced,11,et_90_leaf2,bagging,-0.6833117637418686,,,,,,,,,,,0.0571346000069752
tdc_caco2_wang,regression,1,1,seeded_scaffold_group_balanced,seeded_scaffold_group_balanced,12,et_120_d20_leaf2,bagging,-0.4574343353036039,,,,,,,,,,,0.0852565999957732
tdc_caco2_wang,regression,1,2,seeded_scaffold_group_balanced,seeded_scaffold_group_balanced,12,et_120_d20_leaf2,bagging,-0.563132857269225,,,,,,,,,,,0.1155676000053063
tdc_caco2_wang,regression,1,3,seeded_scaffold_group_balanced,seeded_scaffold_group_balanced,12,et_120_d20_leaf2,bagging,-0.6973321899335289,,,,,,,,,,,0.1016039000242017
tdc_caco2_wang,regression,1,1,seeded_scaffold_group_balanced,seeded_scaffold_group_balanced,13,histgb_lr0.05,boosting,-0.5024922736195653,,,,,,,,,,,1.074827299977187
tdc_caco2_wang,regression,1,2,seeded_scaffold_group_balanced,seeded_scaffold_group_balanced,13,histgb_lr0.05,boosting,-0.56037373225377,,,,,,,,,,,1.0572608999791555
tdc_caco2_wang,regression,1,3,seeded_scaffold_group_balanced,seeded_scaffold_group_balanced,13,histgb_lr0.05,boosting,-0.6793339990098927,,,,,,,,,,,0.9475480000255628
tdc_caco2_wang,regression,1,1,seeded_scaffold_group_balanced,seeded_scaffold_group_balanced,14,histgb_lr0.1,boosting,-0.4980622588080032,,,,,,,,,,,0.6876049000420608
tdc_caco2_wang,regression,1,2,seeded_scaffold_group_balanced,seeded_scaffold_group_balanced,14,histgb_lr0.1,boosting,-0.5572573905134808,,,,,,,,,,,0.6653185000177473
tdc_caco2_wang,regression,1,3,seeded_scaffold_group_balanced,seeded_scaffold_group_balanced,14,histgb_lr0.1,boosting,-0.6624373852405598,,,,,,,,,,,0.6507656000321731
tdc_caco2_wang,regression,1,1,seeded_scaffold_group_balanced,seeded_scaffold_group_balanced,15,gb_lr0.05_d2,boosting,-0.5216500781452541,,,,,,,,,,,0.1855261999880895
tdc_caco2_wang,regression,1,2,seeded_scaffold_group_balanced,seeded_scaffold_group_balanced,15,gb_lr0.05_d2,boosting,-0.6067121365854599,,,,,,,,,,,0.1888040999765508
tdc_caco2_wang,regression,1,3,seeded_scaffold_group_balanced,seeded_scaffold_group_balanced,15,gb_lr0.05_d2,boosting,-0.7305248157118416,,,,,,,,,,,0.185918600007426
tdc_caco2_wang,regression,1,1,seeded_scaffold_group_balanced,seeded_scaffold_group_balanced,16,gb_lr0.1_d3,boosting,-0.4946514480866617,,,,,,,,,,,0.2587001999490894
tdc_caco2_wang,regression,1,2,seeded_scaffold_group_balanced,seeded_scaffold_group_balanced,16,gb_lr0.1_d3,boosting,-0.592046106433161,,,,,,,,,,,0.2605097999912686
tdc_caco2_wang,regression,1,3,seeded_scaffold_group_balanced,seeded_scaffold_group_balanced,16,gb_lr0.1_d3,boosting,-0.6720102901082363,,,,,,,,,,,0.2619804000132717
tdc_caco2_wang,regression,1,1,seeded_scaffold_group_balanced,seeded_scaffold_group_balanced,17,lgbm_60_l15,boosting,-0.5100421394859735,,,,,,,,,,,0.0346834000083617
tdc_caco2_wang,regression,1,2,seeded_scaffold_group_balanced,seeded_scaffold_group_balanced,17,lgbm_60_l15,boosting,-0.5830484456339573,,,,,,,,,,,0.0313156999764032
tdc_caco2_wang,regression,1,3,seeded_scaffold_group_balanced,seeded_scaffold_group_balanced,17,lgbm_60_l15,boosting,-0.7009700864768497,,,,,,,,,,,0.028462300018873
tdc_caco2_wang,regression,1,1,seeded_scaffold_group_balanced,seeded_scaffold_group_balanced,18,lgbm_90_l31,boosting,-0.4943210879366472,,,,,,,,,,,0.0380175999598577
tdc_caco2_wang,regression,1,2,seeded_scaffold_group_balanced,seeded_scaffold_group_balanced,18,lgbm_90_l31,boosting,-0.5695646344097678,,,,,,,,,,,0.0373641999904066
tdc_caco2_wang,regression,1,3,seeded_scaffold_group_balanced,seeded_scaffold_group_balanced,18,lgbm_90_l31,boosting,-0.6781614705237363,,,,,,,,,,,0.0432881999877281
tdc_caco2_wang,regression,1,1,seeded_scaffold_group_balanced,seeded_scaffold_group_balanced,19,lgbm_60_l63,boosting,-0.4914239385497879,,,,,,,,,,,0.0333788999705575
tdc_caco2_wang,regression,1,2,seeded_scaffold_group_balanced,seeded_scaffold_group_balanced,19,lgbm_60_l63,boosting,-0.5588601842843062,,,,,,,,,,,0.0349860999849624
tdc_caco2_wang,regression,1,3,seeded_scaffold_group_balanced,seeded_scaffold_group_balanced,19,lgbm_60_l63,boosting,-0.6734445130814326,,,,,,,,,,,0.0312810999457724
tdc_caco2_wang,regression,1,1,seeded_scaffold_group_balanced,seeded_scaffold_group_balanced,20,lgbm_100_leaf10,boosting,-0.4669895692350036,,,,,,,,,,,0.076067799993325
tdc_caco2_wang,regression,1,2,seeded_scaffold_group_balanced,seeded_scaffold_group_balanced,20,lgbm_100_leaf10,boosting,-0.5317807389791409,,,,,,,,,,,0.0866821999661624
tdc_caco2_wang,regression,1,3,seeded_scaffold_group_balanced,seeded_scaffold_group_balanced,20,lgbm_100_leaf10,boosting,-0.6745224946986658,,,,,,,,,,,0.0727338000433519
tdc_caco2_wang,regression,1,1,seeded_scaffold_group_balanced,seeded_scaffold_group_balanced,21,lgbm_100_leaf30,boosting,-0.5160280887120867,,,,,,,,,,,0.0291302000405266
tdc_caco2_wang,regression,1,2,seeded_scaffold_group_balanced,seeded_scaffold_group_balanced,21,lgbm_100_leaf30,boosting,-0.557209870278476,,,,,,,,,,,0.0355373999918811
tdc_caco2_wang,regression,1,3,seeded_scaffold_group_balanced,seeded_scaffold_group_balanced,21,lgbm_100_leaf30,boosting,-0.6662072269717183,,,,,,,,,,,0.029653400008101
tdc_caco2_wang,regression,1,1,seeded_scaffold_group_balanced,seeded_scaffold_group_balanced,22,lgbm_80_ff0.7,boosting,-0.4912397697173331,,,,,,,,,,,0.0363774999859742
tdc_caco2_wang,regression,1,2,seeded_scaffold_group_balanced,seeded_scaffold_group_balanced,22,lgbm_80_ff0.7,boosting,-0.5470463162102907,,,,,,,,,,,0.0366442999802529
tdc_caco2_wang,regression,1,3,seeded_scaffold_group_balanced,seeded_scaffold_group_balanced,22,lgbm_80_ff0.7,boosting,-0.6763231819422127,,,,,,,,,,,0.0393531000008806
tdc_caco2_wang,regression,1,1,seeded_scaffold_group_balanced,seeded_scaffold_group_balanced,23,lgbm_80_bag0.8,boosting,-0.4936150202982212,,,,,,,,,,,0.0386456999694928
tdc_caco2_wang,regression,1,2,seeded_scaffold_group_balanced,seeded_scaffold_group_balanced,23,lgbm_80_bag0.8,boosting,-0.5529547756882657,,,,,,,,,,,0.0353460000478662
tdc_caco2_wang,regression,1,3,seeded_scaffold_group_balanced,seeded_scaffold_group_balanced,23,lgbm_80_bag0.8,boosting,-0.6474550269666103,,,,,,,,,,,0.032648499996867
tdc_caco2_wang,regression,1,1,seeded_scaffold_group_balanced,seeded_scaffold_group_balanced,24,lgbm_120_l15,boosting,-0.4963801522351515,,,,,,,,,,,0.0793506999616511
tdc_caco2_wang,regression,1,2,seeded_scaffold_group_balanced,seeded_scaffold_group_balanced,24,lgbm_120_l15,boosting,-0.5602734332964264,,,,,,,,,,,0.0531863999785855
tdc_caco2_wang,regression,1,3,seeded_scaffold_group_balanced,seeded_scaffold_group_balanced,24,lgbm_120_l15,boosting,-0.6819054844332876,,,,,,,,,,,0.0479854000150226
tdc_caco2_wang,regression,1,1,seeded_scaffold_group_balanced,seeded_scaffold_group_balanced,25,xgb_60_d3,boosting,-0.4777649647172753,,,,,,,,,,,0.0444412999786436
tdc_caco2_wang,regression,1,2,seeded_scaffold_group_balanced,seeded_scaffold_group_balanced,25,xgb_60_d3,boosting,-0.5908410691967714,,,,,,,,,,,0.0427706000045873
tdc_caco2_wang,regression,1,3,seeded_scaffold_group_balanced,seeded_scaffold_group_balanced,25,xgb_60_d3,boosting,-0.6790930494504639,,,,,,,,,,,0.0411133000161498
tdc_caco2_wang,regression,1,1,seeded_scaffold_group_balanced,seeded_scaffold_group_balanced,26,xgb_80_d5,boosting,-0.4747749672034756,,,,,,,,,,,0.0664488999755121
tdc_caco2_wang,regression,1,2,seeded_scaffold_group_balanced,seeded_scaffold_group_balanced,26,xgb_80_d5,boosting,-0.575967382933291,,,,,,,,,,,0.0783771999995224
tdc_caco2_wang,regression,1,3,seeded_scaffold_group_balanced,seeded_scaffold_group_balanced,26,xgb_80_d5,boosting,-0.6482409412048782,,,,,,,,,,,0.0712212999933399
tdc_caco2_wang,regression,1,1,seeded_scaffold_group_balanced,seeded_scaffold_group_balanced,27,xgb_100_d3,boosting,-0.4893295738059975,,,,,,,,,,,0.0627032999764196
tdc_caco2_wang,regression,1,2,seeded_scaffold_group_balanced,seeded_scaffold_group_balanced,27,xgb_100_d3,boosting,-0.5760461844957544,,,,,,,,,,,0.0679127000039443
tdc_caco2_wang,regression,1,3,seeded_scaffold_group_balanced,seeded_scaffold_group_balanced,27,xgb_100_d3,boosting,-0.676870983787838,,,,,,,,,,,0.0585168999969027
tdc_caco2_wang,regression,1,1,seeded_scaffold_group_balanced,seeded_scaffold_group_balanced,28,xgb_60_d6,boosting,-0.4851315688674487,,,,,,,,,,,0.060578099975828
tdc_caco2_wang,regression,1,2,seeded_scaffold_group_balanced,seeded_scaffold_group_balanced,28,xgb_60_d6,boosting,-0.547860911147223,,,,,,,,,,,0.0582429000060074
tdc_caco2_wang,regression,1,3,seeded_scaffold_group_balanced,seeded_scaffold_group_balanced,28,xgb_60_d6,boosting,-0.648063811659231,,,,,,,,,,,0.0627574999816715
tdc_caco2_wang,regression,1,1,seeded_scaffold_group_balanced,seeded_scaffold_group_balanced,29,cat_60_d4,boosting,-0.504345960526967,,,,,,,,,,,0.1765700000105425
tdc_caco2_wang,regression,1,2,seeded_scaffold_group_balanced,seeded_scaffold_group_balanced,29,cat_60_d4,boosting,-0.5976451672347873,,,,,,,,,,,0.1619423999800346
tdc_caco2_wang,regression,1,3,seeded_scaffold_group_balanced,seeded_scaffold_group_balanced,29,cat_60_d4,boosting,-0.7274980799686462,,,,,,,,,,,0.1766239000135101
tdc_caco2_wang,regression,1,1,seeded_scaffold_group_balanced,seeded_scaffold_group_balanced,30,cat_80_d6,boosting,-0.4912732256852936,,,,,,,,,,,0.5808503000298515
tdc_caco2_wang,regression,1,2,seeded_scaffold_group_balanced,seeded_scaffold_group_balanced,30,cat_80_d6,boosting,-0.5800486975508848,,,,,,,,,,,0.5359041999909095
tdc_caco2_wang,regression,1,3,seeded_scaffold_group_balanced,seeded_scaffold_group_balanced,30,cat_80_d6,boosting,-0.7141039943728514,,,,,,,,,,,0.4539184999885037
tdc_caco2_wang,regression,1,1,seeded_scaffold_group_balanced,seeded_scaffold_group_balanced,31,cat_100_d4,boosting,-0.5035851498496282,,,,,,,,,,,0.295866800006479
tdc_caco2_wang,regression,1,2,seeded_scaffold_group_balanced,seeded_scaffold_group_balanced,31,cat_100_d4,boosting,-0.6033340608386597,,,,,,,,,,,0.3042805999866687
tdc_caco2_wang,regression,1,3,seeded_scaffold_group_balanced,seeded_scaffold_group_balanced,31,cat_100_d4,boosting,-0.7172876661152578,,,,,,,,,,,0.2236330999876372
tdc_caco2_wang,regression,1,1,seeded_scaffold_group_balanced,seeded_scaffold_group_balanced,32,cat_60_d8,boosting,-0.4951434393581652,,,,,,,,,,,1.389308899990283
tdc_caco2_wang,regression,1,2,seeded_scaffold_group_balanced,seeded_scaffold_group_balanced,32,cat_60_d8,boosting,-0.5841369989167038,,,,,,,,,,,1.2112116999924183
tdc_caco2_wang,regression,1,3,seeded_scaffold_group_balanced,seeded_scaffold_group_balanced,32,cat_60_d8,boosting,-0.7266949646354687,,,,,,,,,,,1.026736699976027
tdc_caco2_wang,regression,2,1,seeded_scaffold_group_balanced,seeded_scaffold_group_balanced,1,ridge_a0.1,linear,-0.9570908412395848,,,,,,,,,,,0.0048264000215567
tdc_caco2_wang,regression,2,2,seeded_scaffold_group_balanced,seeded_scaffold_group_balanced,1,ridge_a0.1,linear,-0.8206570669559852,,,,,,,,,,,0.0042007999727502
tdc_caco2_wang,regression,2,3,seeded_scaffold_group_balanced,seeded_scaffold_group_balanced,1,ridge_a0.1,linear,-0.8339680895316249,,,,,,,,,,,0.0040251000318676
tdc_caco2_wang,regression,2,1,seeded_scaffold_group_balanced,seeded_scaffold_group_balanced,2,ridge_a1,linear,-0.7478455515186733,,,,,,,,,,,0.0051848999573849
tdc_caco2_wang,regression,2,2,seeded_scaffold_group_balanced,seeded_scaffold_group_balanced,2,ridge_a1,linear,-0.6585363447137161,,,,,,,,,,,0.0053740000003017
tdc_caco2_wang,regression,2,3,seeded_scaffold_group_balanced,seeded_scaffold_group_balanced,2,ridge_a1,linear,-0.6787412652653654,,,,,,,,,,,0.0043155999737791
tdc_caco2_wang,regression,2,1,seeded_scaffold_group_balanced,seeded_scaffold_group_balanced,3,ridge_a10,linear,-0.6044290466405995,,,,,,,,,,,0.0045849999878555
tdc_caco2_wang,regression,2,2,seeded_scaffold_group_balanced,seeded_scaffold_group_balanced,3,ridge_a10,linear,-0.5410045272908102,,,,,,,,,,,0.004418299999088
tdc_caco2_wang,regression,2,3,seeded_scaffold_group_balanced,seeded_scaffold_group_balanced,3,ridge_a10,linear,-0.5660972105895071,,,,,,,,,,,0.0042720999917946
tdc_caco2_wang,regression,2,1,seeded_scaffold_group_balanced,seeded_scaffold_group_balanced,4,elasticnet_a0.001,linear,-0.7688455212202655,,,,,,,,,,,0.084681799984537
tdc_caco2_wang,regression,2,2,seeded_scaffold_group_balanced,seeded_scaffold_group_balanced,4,elasticnet_a0.001,linear,-0.7088261217204906,,,,,,,,,,,0.0689762000110931
tdc_caco2_wang,regression,2,3,seeded_scaffold_group_balanced,seeded_scaffold_group_balanced,4,elasticnet_a0.001,linear,-0.7558734406504747,,,,,,,,,,,0.024513799988199
tdc_caco2_wang,regression,2,1,seeded_scaffold_group_balanced,seeded_scaffold_group_balanced,5,rf_60_sqrt,bagging,-0.6815207696348033,,,,,,,,,,,0.0710313000017777
tdc_caco2_wang,regression,2,2,seeded_scaffold_group_balanced,seeded_scaffold_group_balanced,5,rf_60_sqrt,bagging,-0.5438500831005704,,,,,,,,,,,0.0730682000285014
tdc_caco2_wang,regression,2,3,seeded_scaffold_group_balanced,seeded_scaffold_group_balanced,5,rf_60_sqrt,bagging,-0.6372399467340393,,,,,,,,,,,0.0655925999744795
tdc_caco2_wang,regression,2,1,seeded_scaffold_group_balanced,seeded_scaffold_group_balanced,6,rf_90_d12,bagging,-0.7020078579324034,,,,,,,,,,,0.0854030000045895
tdc_caco2_wang,regression,2,2,seeded_scaffold_group_balanced,seeded_scaffold_group_balanced,6,rf_90_d12,bagging,-0.5520333286400398,,,,,,,,,,,0.0970306000090204
tdc_caco2_wang,regression,2,3,seeded_scaffold_group_balanced,seeded_scaffold_group_balanced,6,rf_90_d12,bagging,-0.610732340145319,,,,,,,,,,,0.0874157000216655
tdc_caco2_wang,regression,2,1,seeded_scaffold_group_balanced,seeded_scaffold_group_balanced,7,rf_90_leaf2,bagging,-0.6930587768491155,,,,,,,,,,,0.0917472000000998
tdc_caco2_wang,regression,2,2,seeded_scaffold_group_balanced,seeded_scaffold_group_balanced,7,rf_90_leaf2,bagging,-0.5430922971374469,,,,,,,,,,,0.1026147999800741
tdc_caco2_wang,regression,2,3,seeded_scaffold_group_balanced,seeded_scaffold_group_balanced,7,rf_90_leaf2,bagging,-0.6385714233972196,,,,,,,,,,,0.1012334999977611
tdc_caco2_wang,regression,2,1,seeded_scaffold_group_balanced,seeded_scaffold_group_balanced,8,rf_120_d20_leaf2,bagging,-0.7008631898782866,,,,,,,,,,,0.1233854000456631
tdc_caco2_wang,regression,2,2,seeded_scaffold_group_balanced,seeded_scaffold_group_balanced,8,rf_120_d20_leaf2,bagging,-0.5478816815966399,,,,,,,,,,,0.1203356999903917
tdc_caco2_wang,regression,2,3,seeded_scaffold_group_balanced,seeded_scaffold_group_balanced,8,rf_120_d20_leaf2,bagging,-0.6369122202357257,,,,,,,,,,,0.1146972000133246
tdc_caco2_wang,regression,2,1,seeded_scaffold_group_balanced,seeded_scaffold_group_balanced,9,et_60_sqrt,bagging,-0.6614043382613746,,,,,,,,,,,0.0543663999997079
tdc_caco2_wang,regression,2,2,seeded_scaffold_group_balanced,seeded_scaffold_group_balanced,9,et_60_sqrt,bagging,-0.5329265438616694,,,,,,,,,,,0.0515947999665513
tdc_caco2_wang,regression,2,3,seeded_scaffold_group_balanced,seeded_scaffold_group_balanced,9,et_60_sqrt,bagging,-0.5820358285161843,,,,,,,,,,,0.0544421999948099
tdc_caco2_wang,regression,2,1,seeded_scaffold_group_balanced,seeded_scaffold_group_balanced,10,et_90_d12,bagging,-0.6900942873343582,,,,,,,,,,,0.0676425999845378
tdc_caco2_wang,regression,2,2,seeded_scaffold_group_balanced,seeded_scaffold_group_balanced,10,et_90_d12,bagging,-0.5348920794365802,,,,,,,,,,,0.0713009000173769
tdc_caco2_wang,regression,2,3,seeded_scaffold_group_balanced,seeded_scaffold_group_balanced,10,et_90_d12,bagging,-0.6085712279561921,,,,,,,,,,,0.0699752000509761
tdc_caco2_wang,regression,2,1,seeded_scaffold_group_balanced,seeded_scaffold_group_balanced,11,et_90_leaf2,bagging,-0.6886511047437581,,,,,,,,,,,0.0587864999542944
tdc_caco2_wang,regression,2,2,seeded_scaffold_group_balanced,seeded_scaffold_group_balanced,11,et_90_leaf2,bagging,-0.5358300381446232,,,,,,,,,,,0.0725659999880008
tdc_caco2_wang,regression,2,3,seeded_scaffold_group_balanced,seeded_scaffold_group_balanced,11,et_90_leaf2,bagging,-0.5795847665557746,,,,,,,,,,,0.0607229000306688
tdc_caco2_wang,regression,2,1,seeded_scaffold_group_balanced,seeded_scaffold_group_balanced,12,et_120_d20_leaf2,bagging,-0.7010779483304108,,,,,,,,,,,0.1039443999761715
tdc_caco2_wang,regression,2,2,seeded_scaffold_group_balanced,seeded_scaffold_group_balanced,12,et_120_d20_leaf2,bagging,-0.5342774803330581,,,,,,,,,,,0.0883749999920837
tdc_caco2_wang,regression,2,3,seeded_scaffold_group_balanced,seeded_scaffold_group_balanced,12,et_120_d20_leaf2,bagging,-0.5823516276787162,,,,,,,,,,,0.078388099966105
tdc_caco2_wang,regression,2,1,seeded_scaffold_group_balanced,seeded_scaffold_group_balanced,13,histgb_lr0.05,boosting,-0.6194277401964511,,,,,,,,,,,0.940809799998533
tdc_caco2_wang,regression,2,2,seeded_scaffold_group_balanced,seeded_scaffold_group_balanced,13,histgb_lr0.05,boosting,-0.5354467697274315,,,,,,,,,,,0.9250879000173882
tdc_caco2_wang,regression,2,3,seeded_scaffold_group_balanced,seeded_scaffold_group_balanced,13,histgb_lr0.05,boosting,-0.6460530979338682,,,,,,,,,,,0.9667401000042446
tdc_caco2_wang,regression,2,1,seeded_scaffold_group_balanced,seeded_scaffold_group_balanced,14,histgb_lr0.1,boosting,-0.6207184897548541,,,,,,,,,,,0.6310054999776185
tdc_caco2_wang,regression,2,2,seeded_scaffold_group_balanced,seeded_scaffold_group_balanced,14,histgb_lr0.1,boosting,-0.5240165635104089,,,,,,,,,,,0.6502781999879517
tdc_caco2_wang,regression,2,3,seeded_scaffold_group_balanced,seeded_scaffold_group_balanced,14,histgb_lr0.1,boosting,-0.6087958263755195,,,,,,,,,,,0.7449766999925487
tdc_caco2_wang,regression,2,1,seeded_scaffold_group_balanced,seeded_scaffold_group_balanced,15,gb_lr0.05_d2,boosting,-0.732809427008159,,,,,,,,,,,0.1939469999633729
tdc_caco2_wang,regression,2,2,seeded_scaffold_group_balanced,seeded_scaffold_group_balanced,15,gb_lr0.05_d2,boosting,-0.5997872787019778,,,,,,,,,,,0.1929626000346616
tdc_caco2_wang,regression,2,3,seeded_scaffold_group_balanced,seeded_scaffold_group_balanced,15,gb_lr0.05_d2,boosting,-0.7243148396582538,,,,,,,,,,,0.1751297999871894
tdc_caco2_wang,regression,2,1,seeded_scaffold_group_balanced,seeded_scaffold_group_balanced,16,gb_lr0.1_d3,boosting,-0.6113294860214887,,,,,,,,,,,0.2605379999731667
tdc_caco2_wang,regression,2,2,seeded_scaffold_group_balanced,seeded_scaffold_group_balanced,16,gb_lr0.1_d3,boosting,-0.5333217499652334,,,,,,,,,,,0.261315600015223
tdc_caco2_wang,regression,2,3,seeded_scaffold_group_balanced,seeded_scaffold_group_balanced,16,gb_lr0.1_d3,boosting,-0.6448784807766628,,,,,,,,,,,0.2591556000406854
tdc_caco2_wang,regression,2,1,seeded_scaffold_group_balanced,seeded_scaffold_group_balanced,17,lgbm_60_l15,boosting,-0.6555019388403787,,,,,,,,,,,0.0302374000311829
tdc_caco2_wang,regression,2,2,seeded_scaffold_group_balanced,seeded_scaffold_group_balanced,17,lgbm_60_l15,boosting,-0.5402324024396495,,,,,,,,,,,0.0298236000235192
tdc_caco2_wang,regression,2,3,seeded_scaffold_group_balanced,seeded_scaffold_group_balanced,17,lgbm_60_l15,boosting,-0.6707941298952244,,,,,,,,,,,0.0407620000187307
tdc_caco2_wang,regression,2,1,seeded_scaffold_group_balanced,seeded_scaffold_group_balanced,18,lgbm_90_l31,boosting,-0.629777843176459,,,,,,,,,,,0.0435208000126294
tdc_caco2_wang,regression,2,2,seeded_scaffold_group_balanced,seeded_scaffold_group_balanced,18,lgbm_90_l31,boosting,-0.5372180392420086,,,,,,,,,,,0.0414636000059545
tdc_caco2_wang,regression,2,3,seeded_scaffold_group_balanced,seeded_scaffold_group_balanced,18,lgbm_90_l31,boosting,-0.6471554768556117,,,,,,,,,,,0.0401025000028312
tdc_caco2_wang,regression,2,1,seeded_scaffold_group_balanced,seeded_scaffold_group_balanced,19,lgbm_60_l63,boosting,-0.6259178321309261,,,,,,,,,,,0.0306152999983169
tdc_caco2_wang,regression,2,2,seeded_scaffold_group_balanced,seeded_scaffold_group_balanced,19,lgbm_60_l63,boosting,-0.533974043053887,,,,,,,,,,,0.0330591000383719
tdc_caco2_wang,regression,2,3,seeded_scaffold_group_balanced,seeded_scaffold_group_balanced,19,lgbm_60_l63,boosting,-0.6374688616902705,,,,,,,,,,,0.0571753000258468
tdc_caco2_wang,regression,2,1,seeded_scaffold_group_balanced,seeded_scaffold_group_balanced,20,lgbm_100_leaf10,boosting,-0.6353618946361157,,,,,,,,,,,0.1312083000084385
tdc_caco2_wang,regression,2,2,seeded_scaffold_group_balanced,seeded_scaffold_group_balanced,20,lgbm_100_leaf10,boosting,-0.5601732178299785,,,,,,,,,,,0.0794075999874621
tdc_caco2_wang,regression,2,3,seeded_scaffold_group_balanced,seeded_scaffold_group_balanced,20,lgbm_100_leaf10,boosting,-0.7285966459811644,,,,,,,,,,,0.0809631999582052
tdc_caco2_wang,regression,2,1,seeded_scaffold_group_balanced,seeded_scaffold_group_balanced,21,lgbm_100_leaf30,boosting,-0.645745465599167,,,,,,,,,,,0.0321837000083178
tdc_caco2_wang,regression,2,2,seeded_scaffold_group_balanced,seeded_scaffold_group_balanced,21,lgbm_100_leaf30,boosting,-0.5324247247292715,,,,,,,,,,,0.030778200016357
tdc_caco2_wang,regression,2,3,seeded_scaffold_group_balanced,seeded_scaffold_group_balanced,21,lgbm_100_leaf30,boosting,-0.6418067753369532,,,,,,,,,,,0.0351233000401407
tdc_caco2_wang,regression,2,1,seeded_scaffold_group_balanced,seeded_scaffold_group_balanced,22,lgbm_80_ff0.7,boosting,-0.6244513898750738,,,,,,,,,,,0.0435467000352218
tdc_caco2_wang,regression,2,2,seeded_scaffold_group_balanced,seeded_scaffold_group_balanced,22,lgbm_80_ff0.7,boosting,-0.5268088241683482,,,,,,,,,,,0.0418411000282503
tdc_caco2_wang,regression,2,3,seeded_scaffold_group_balanced,seeded_scaffold_group_balanced,22,lgbm_80_ff0.7,boosting,-0.6737376833321319,,,,,,,,,,,0.0417499999748542
tdc_caco2_wang,regression,2,1,seeded_scaffold_group_balanced,seeded_scaffold_group_balanced,23,lgbm_80_bag0.8,boosting,-0.6501191062548513,,,,,,,,,,,0.0371185000403784
tdc_caco2_wang,regression,2,2,seeded_scaffold_group_balanced,seeded_scaffold_group_balanced,23,lgbm_80_bag0.8,boosting,-0.5330369983680303,,,,,,,,,,,0.0418349999818019
tdc_caco2_wang,regression,2,3,seeded_scaffold_group_balanced,seeded_scaffold_group_balanced,23,lgbm_80_bag0.8,boosting,-0.6268545781608574,,,,,,,,,,,0.0380350000341422
tdc_caco2_wang,regression,2,1,seeded_scaffold_group_balanced,seeded_scaffold_group_balanced,24,lgbm_120_l15,boosting,-0.6229980982808825,,,,,,,,,,,0.0697910999879241
tdc_caco2_wang,regression,2,2,seeded_scaffold_group_balanced,seeded_scaffold_group_balanced,24,lgbm_120_l15,boosting,-0.5280631964254381,,,,,,,,,,,0.0540463000070303
tdc_caco2_wang,regression,2,3,seeded_scaffold_group_balanced,seeded_scaffold_group_balanced,24,lgbm_120_l15,boosting,-0.6415399515477556,,,,,,,,,,,0.0534907000255771
tdc_caco2_wang,regression,2,1,seeded_scaffold_group_balanced,seeded_scaffold_group_balanced,25,xgb_60_d3,boosting,-0.6859770505301367,,,,,,,,,,,0.0445582000538706
tdc_caco2_wang,regression,2,2,seeded_scaffold_group_balanced,seeded_scaffold_group_balanced,25,xgb_60_d3,boosting,-0.5503136969746613,,,,,,,,,,,0.0467999000102281
tdc_caco2_wang,regression,2,3,seeded_scaffold_group_balanced,seeded_scaffold_group_balanced,25,xgb_60_d3,boosting,-0.6582377035831684,,,,,,,,,,,0.04002140002558
tdc_caco2_wang,regression,2,1,seeded_scaffold_group_balanced,seeded_scaffold_group_balanced,26,xgb_80_d5,boosting,-0.646870784204652,,,,,,,,,,,0.0640354999923147
tdc_caco2_wang,regression,2,2,seeded_scaffold_group_balanced,seeded_scaffold_group_balanced,26,xgb_80_d5,boosting,-0.5220540645856261,,,,,,,,,,,0.071176600002218
tdc_caco2_wang,regression,2,3,seeded_scaffold_group_balanced,seeded_scaffold_group_balanced,26,xgb_80_d5,boosting,-0.618002594257192,,,,,,,,,,,0.0728825000114739
tdc_caco2_wang,regression,2,1,seeded_scaffold_group_balanced,seeded_scaffold_group_balanced,27,xgb_100_d3,boosting,-0.6700871358980027,,,,,,,,,,,0.062037399969995
tdc_caco2_wang,regression,2,2,seeded_scaffold_group_balanced,seeded_scaffold_group_balanced,27,xgb_100_d3,boosting,-0.5347280733297134,,,,,,,,,,,0.0598418000154197
tdc_caco2_wang,regression,2,3,seeded_scaffold_group_balanced,seeded_scaffold_group_balanced,27,xgb_100_d3,boosting,-0.656784269556194,,,,,,,,,,,0.0681629999889992
tdc_caco2_wang,regression,2,1,seeded_scaffold_group_balanced,seeded_scaffold_group_balanced,28,xgb_60_d6,boosting,-0.6609979004918123,,,,,,,,,,,0.0757589000277221
tdc_caco2_wang,regression,2,2,seeded_scaffold_group_balanced,seeded_scaffold_group_balanced,28,xgb_60_d6,boosting,-0.5251399021722519,,,,,,,,,,,0.0820728000253439
tdc_caco2_wang,regression,2,3,seeded_scaffold_group_balanced,seeded_scaffold_group_balanced,28,xgb_60_d6,boosting,-0.6607840230223306,,,,,,,,,,,0.089159200026188
tdc_caco2_wang,regression,2,1,seeded_scaffold_group_balanced,seeded_scaffold_group_balanced,29,cat_60_d4,boosting,-0.7119592599368908,,,,,,,,,,,0.2376960999681614
tdc_caco2_wang,regression,2,2,seeded_scaffold_group_balanced,seeded_scaffold_group_balanced,29,cat_60_d4,boosting,-0.5822667883770594,,,,,,,,,,,0.2124090000288561
tdc_caco2_wang,regression,2,3,seeded_scaffold_group_balanced,seeded_scaffold_group_balanced,29,cat_60_d4,boosting,-0.683853451179766,,,,,,,,,,,0.2432888000039383
tdc_caco2_wang,regression,2,1,seeded_scaffold_group_balanced,seeded_scaffold_group_balanced,30,cat_80_d6,boosting,-0.6929892313342332,,,,,,,,,,,0.6088542999932542
tdc_caco2_wang,regression,2,2,seeded_scaffold_group_balanced,seeded_scaffold_group_balanced,30,cat_80_d6,boosting,-0.5549764430391761,,,,,,,,,,,0.5439862000057474
tdc_caco2_wang,regression,2,3,seeded_scaffold_group_balanced,seeded_scaffold_group_balanced,30,cat_80_d6,boosting,-0.6388068442474554,,,,,,,,,,,0.6880794999888167
tdc_caco2_wang,regression,2,1,seeded_scaffold_group_balanced,seeded_scaffold_group_balanced,31,cat_100_d4,boosting,-0.7187450040822781,,,,,,,,,,,0.3094328999868594
tdc_caco2_wang,regression,2,2,seeded_scaffold_group_balanced,seeded_scaffold_group_balanced,31,cat_100_d4,boosting,-0.5737481239730263,,,,,,,,,,,0.2541947000427171
tdc_caco2_wang,regression,2,3,seeded_scaffold_group_balanced,seeded_scaffold_group_balanced,31,cat_100_d4,boosting,-0.6837877209975779,,,,,,,,,,,0.2792895999737084
tdc_caco2_wang,regression,2,1,seeded_scaffold_group_balanced,seeded_scaffold_group_balanced,32,cat_60_d8,boosting,-0.7072980526983562,,,,,,,,,,,1.087813499965705
tdc_caco2_wang,regression,2,2,seeded_scaffold_group_balanced,seeded_scaffold_group_balanced,32,cat_60_d8,boosting,-0.5628138787156681,,,,,,,,,,,1.1275556000182403
tdc_caco2_wang,regression,2,3,seeded_scaffold_group_balanced,seeded_scaffold_group_balanced,32,cat_60_d8,boosting,-0.6263889346346411,,,,,,,,,,,1.2421718999976292
tdc_caco2_wang,regression,3,1,seeded_scaffold_group_balanced,seeded_scaffold_group_balanced,1,ridge_a0.1,linear,-0.9588516806544434,,,,,,,,,,,0.0041103999828919
tdc_caco2_wang,regression,3,2,seeded_scaffold_group_balanced,seeded_scaffold_group_balanced,1,ridge_a0.1,linear,-0.9865729800872736,,,,,,,,,,,0.0033070999779738
tdc_caco2_wang,regression,3,3,seeded_scaffold_group_balanced,seeded_scaffold_group_balanced,1,ridge_a0.1,linear,-0.872881646745521,,,,,,,,,,,0.0035745999775826
tdc_caco2_wang,regression,3,1,seeded_scaffold_group_balanced,seeded_scaffold_group_balanced,2,ridge_a1,linear,-0.7661816255824939,,,,,,,,,,,0.0029790999833494
tdc_caco2_wang,regression,3,2,seeded_scaffold_group_balanced,seeded_scaffold_group_balanced,2,ridge_a1,linear,-0.7708959182585615,,,,,,,,,,,0.0035387999960221
tdc_caco2_wang,regression,3,3,seeded_scaffold_group_balanced,seeded_scaffold_group_balanced,2,ridge_a1,linear,-0.6591896400869885,,,,,,,,,,,0.0037073999992571
tdc_caco2_wang,regression,3,1,seeded_scaffold_group_balanced,seeded_scaffold_group_balanced,3,ridge_a10,linear,-0.6249449446103212,,,,,,,,,,,0.003396900021471
tdc_caco2_wang,regression,3,2,seeded_scaffold_group_balanced,seeded_scaffold_group_balanced,3,ridge_a10,linear,-0.6321308029276959,,,,,,,,,,,0.0030020999838598
tdc_caco2_wang,regression,3,3,seeded_scaffold_group_balanced,seeded_scaffold_group_balanced,3,ridge_a10,linear,-0.5895373152341057,,,,,,,,,,,0.0030056000105105
tdc_caco2_wang,regression,3,1,seeded_scaffold_group_balanced,seeded_scaffold_group_balanced,4,elasticnet_a0.001,linear,-0.8303457507443949,,,,,,,,,,,0.0719631999963894
tdc_caco2_wang,regression,3,2,seeded_scaffold_group_balanced,seeded_scaffold_group_balanced,4,elasticnet_a0.001,linear,-0.7931153266408639,,,,,,,,,,,0.0305320000043138
tdc_caco2_wang,regression,3,3,seeded_scaffold_group_balanced,seeded_scaffold_group_balanced,4,elasticnet_a0.001,linear,-0.7021409698954963,,,,,,,,,,,0.0273263999843038
tdc_caco2_wang,regression,3,1,seeded_scaffold_group_balanced,seeded_scaffold_group_balanced,5,rf_60_sqrt,bagging,-0.6672568310366233,,,,,,,,,,,0.0760293999919667
tdc_caco2_wang,regression,3,2,seeded_scaffold_group_balanced,seeded_scaffold_group_balanced,5,rf_60_sqrt,bagging,-0.6177566145043709,,,,,,,,,,,0.0604405999765731
tdc_caco2_wang,regression,3,3,seeded_scaffold_group_balanced,seeded_scaffold_group_balanced,5,rf_60_sqrt,bagging,-0.6319567653837008,,,,,,,,,,,0.068348100001458
tdc_caco2_wang,regression,3,1,seeded_scaffold_group_balanced,seeded_scaffold_group_balanced,6,rf_90_d12,bagging,-0.6768761404454114,,,,,,,,,,,0.0892853999976068
tdc_caco2_wang,regression,3,2,seeded_scaffold_group_balanced,seeded_scaffold_group_balanced,6,rf_90_d12,bagging,-0.6294472224800703,,,,,,,,,,,0.1037111000041477
tdc_caco2_wang,regression,3,3,seeded_scaffold_group_balanced,seeded_scaffold_group_balanced,6,rf_90_d12,bagging,-0.6375550484773602,,,,,,,,,,,0.100465300027281
tdc_caco2_wang,regression,3,1,seeded_scaffold_group_balanced,seeded_scaffold_group_balanced,7,rf_90_leaf2,bagging,-0.6880913644614863,,,,,,,,,,,0.094489200040698
tdc_caco2_wang,regression,3,2,seeded_scaffold_group_balanced,seeded_scaffold_group_balanced,7,rf_90_leaf2,bagging,-0.6283813985869449,,,,,,,,,,,0.0920094999601133
tdc_caco2_wang,regression,3,3,seeded_scaffold_group_balanced,seeded_scaffold_group_balanced,7,rf_90_leaf2,bagging,-0.6526164732000374,,,,,,,,,,,0.0903883000137284
tdc_caco2_wang,regression,3,1,seeded_scaffold_group_balanced,seeded_scaffold_group_balanced,8,rf_120_d20_leaf2,bagging,-0.6948093288074036,,,,,,,,,,,0.1249341999646276
tdc_caco2_wang,regression,3,2,seeded_scaffold_group_balanced,seeded_scaffold_group_balanced,8,rf_120_d20_leaf2,bagging,-0.6312070944964664,,,,,,,,,,,0.1095452000154182
tdc_caco2_wang,regression,3,3,seeded_scaffold_group_balanced,seeded_scaffold_group_balanced,8,rf_120_d20_leaf2,bagging,-0.6359537858033443,,,,,,,,,,,0.1109424000023864
tdc_caco2_wang,regression,3,1,seeded_scaffold_group_balanced,seeded_scaffold_group_balanced,9,et_60_sqrt,bagging,-0.6097131514397341,,,,,,,,,,,0.0511986999772489
tdc_caco2_wang,regression,3,2,seeded_scaffold_group_balanced,seeded_scaffold_group_balanced,9,et_60_sqrt,bagging,-0.6072757908269469,,,,,,,,,,,0.0531966999988071
tdc_caco2_wang,regression,3,3,seeded_scaffold_group_balanced,seeded_scaffold_group_balanced,9,et_60_sqrt,bagging,-0.6119893278706959,,,,,,,,,,,0.0577047999831847
tdc_caco2_wang,regression,3,1,seeded_scaffold_group_balanced,seeded_scaffold_group_balanced,10,et_90_d12,bagging,-0.6503984865987561,,,,,,,,,,,0.0691467999713495
tdc_caco2_wang,regression,3,2,seeded_scaffold_group_balanced,seeded_scaffold_group_balanced,10,et_90_d12,bagging,-0.6091234988256069,,,,,,,,,,,0.0688920000102371
tdc_caco2_wang,regression,3,3,seeded_scaffold_group_balanced,seeded_scaffold_group_balanced,10,et_90_d12,bagging,-0.6320723364466604,,,,,,,,,,,0.060532699979376
tdc_caco2_wang,regression,3,1,seeded_scaffold_group_balanced,seeded_scaffold_group_balanced,11,et_90_leaf2,bagging,-0.6489260427424586,,,,,,,,,,,0.0695377000374719
tdc_caco2_wang,regression,3,2,seeded_scaffold_group_balanced,seeded_scaffold_group_balanced,11,et_90_leaf2,bagging,-0.6220545690498959,,,,,,,,,,,0.066558199992869
tdc_caco2_wang,regression,3,3,seeded_scaffold_group_balanced,seeded_scaffold_group_balanced,11,et_90_leaf2,bagging,-0.6047729214945416,,,,,,,,,,,0.0590747999958694
tdc_caco2_wang,regression,3,1,seeded_scaffold_group_balanced,seeded_scaffold_group_balanced,12,et_120_d20_leaf2,bagging,-0.6514027382560796,,,,,,,,,,,0.0780877999495714
tdc_caco2_wang,regression,3,2,seeded_scaffold_group_balanced,seeded_scaffold_group_balanced,12,et_120_d20_leaf2,bagging,-0.6127856420182185,,,,,,,,,,,0.074945000000298
tdc_caco2_wang,regression,3,3,seeded_scaffold_group_balanced,seeded_scaffold_group_balanced,12,et_120_d20_leaf2,bagging,-0.6148989926978392,,,,,,,,,,,0.0903150000376626
tdc_caco2_wang,regression,3,1,seeded_scaffold_group_balanced,seeded_scaffold_group_balanced,13,histgb_lr0.05,boosting,-0.6421500442487261,,,,,,,,,,,0.8153504999936558
tdc_caco2_wang,regression,3,2,seeded_scaffold_group_balanced,seeded_scaffold_group_balanced,13,histgb_lr0.05,boosting,-0.6564775347829208,,,,,,,,,,,0.8759698999929242
tdc_caco2_wang,regression,3,3,seeded_scaffold_group_balanced,seeded_scaffold_group_balanced,13,histgb_lr0.05,boosting,-0.6430609989025188,,,,,,,,,,,1.0448728000046683
tdc_caco2_wang,regression,3,1,seeded_scaffold_group_balanced,seeded_scaffold_group_balanced,14,histgb_lr0.1,boosting,-0.6292191111449016,,,,,,,,,,,0.7516071000136435
tdc_caco2_wang,regression,3,2,seeded_scaffold_group_balanced,seeded_scaffold_group_balanced,14,histgb_lr0.1,boosting,-0.6228966752594203,,,,,,,,,,,0.963406099996064
tdc_caco2_wang,regression,3,3,seeded_scaffold_group_balanced,seeded_scaffold_group_balanced,14,histgb_lr0.1,boosting,-0.6432470150078199,,,,,,,,,,,0.898279300017748
tdc_caco2_wang,regression,3,1,seeded_scaffold_group_balanced,seeded_scaffold_group_balanced,15,gb_lr0.05_d2,boosting,-0.7667341959419776,,,,,,,,,,,0.235046699992381
tdc_caco2_wang,regression,3,2,seeded_scaffold_group_balanced,seeded_scaffold_group_balanced,15,gb_lr0.05_d2,boosting,-0.7215159137770562,,,,,,,,,,,0.2306845000130124
tdc_caco2_wang,regression,3,3,seeded_scaffold_group_balanced,seeded_scaffold_group_balanced,15,gb_lr0.05_d2,boosting,-0.6931648469299743,,,,,,,,,,,0.2381937999743968
tdc_caco2_wang,regression,3,1,seeded_scaffold_group_balanced,seeded_scaffold_group_balanced,16,gb_lr0.1_d3,boosting,-0.6465634586694577,,,,,,,,,,,0.3566391000058502
tdc_caco2_wang,regression,3,2,seeded_scaffold_group_balanced,seeded_scaffold_group_balanced,16,gb_lr0.1_d3,boosting,-0.6390982070670046,,,,,,,,,,,0.3077257000259124
tdc_caco2_wang,regression,3,3,seeded_scaffold_group_balanced,seeded_scaffold_group_balanced,16,gb_lr0.1_d3,boosting,-0.7026309234834441,,,,,,,,,,,0.2562470000120811
tdc_caco2_wang,regression,3,1,seeded_scaffold_group_balanced,seeded_scaffold_group_balanced,17,lgbm_60_l15,boosting,-0.6663072180544297,,,,,,,,,,,0.0373695000307634
tdc_caco2_wang,regression,3,2,seeded_scaffold_group_balanced,seeded_scaffold_group_balanced,17,lgbm_60_l15,boosting,-0.6902803972117543,,,,,,,,,,,0.0279639000073075
tdc_caco2_wang,regression,3,3,seeded_scaffold_group_balanced,seeded_scaffold_group_balanced,17,lgbm_60_l15,boosting,-0.6667989097018548,,,,,,,,,,,0.028959599963855
tdc_caco2_wang,regression,3,1,seeded_scaffold_group_balanced,seeded_scaffold_group_balanced,18,lgbm_90_l31,boosting,-0.6457654987442154,,,,,,,,,,,0.0380110000260174
tdc_caco2_wang,regression,3,2,seeded_scaffold_group_balanced,seeded_scaffold_group_balanced,18,lgbm_90_l31,boosting,-0.6540012243624873,,,,,,,,,,,0.0393923999508842
tdc_caco2_wang,regression,3,3,seeded_scaffold_group_balanced,seeded_scaffold_group_balanced,18,lgbm_90_l31,boosting,-0.660410057994978,,,,,,,,,,,0.0408252000343054
tdc_caco2_wang,regression,3,1,seeded_scaffold_group_balanced,seeded_scaffold_group_balanced,19,lgbm_60_l63,boosting,-0.6388298409010651,,,,,,,,,,,0.0307358999853022
tdc_caco2_wang,regression,3,2,seeded_scaffold_group_balanced,seeded_scaffold_group_balanced,19,lgbm_60_l63,boosting,-0.6667553219618811,,,,,,,,,,,0.0312738000066019
tdc_caco2_wang,regression,3,3,seeded_scaffold_group_balanced,seeded_scaffold_group_balanced,19,lgbm_60_l63,boosting,-0.6601550926049206,,,,,,,,,,,0.033026700024493
tdc_caco2_wang,regression,3,1,seeded_scaffold_group_balanced,seeded_scaffold_group_balanced,20,lgbm_100_leaf10,boosting,-0.6388836528147243,,,,,,,,,,,0.0842055000248365
tdc_caco2_wang,regression,3,2,seeded_scaffold_group_balanced,seeded_scaffold_group_balanced,20,lgbm_100_leaf10,boosting,-0.62670973458064,,,,,,,,,,,0.0726843999582342
tdc_caco2_wang,regression,3,3,seeded_scaffold_group_balanced,seeded_scaffold_group_balanced,20,lgbm_100_leaf10,boosting,-0.5975151021410109,,,,,,,,,,,0.0694401000509969
tdc_caco2_wang,regression,3,1,seeded_scaffold_group_balanced,seeded_scaffold_group_balanced,21,lgbm_100_leaf30,boosting,-0.6958359154740771,,,,,,,,,,,0.0275511999498121
tdc_caco2_wang,regression,3,2,seeded_scaffold_group_balanced,seeded_scaffold_group_balanced,21,lgbm_100_leaf30,boosting,-0.665467060208662,,,,,,,,,,,0.0283582999836653
tdc_caco2_wang,regression,3,3,seeded_scaffold_group_balanced,seeded_scaffold_group_balanced,21,lgbm_100_leaf30,boosting,-0.7467620881110866,,,,,,,,,,,0.0313563999952748
tdc_caco2_wang,regression,3,1,seeded_scaffold_group_balanced,seeded_scaffold_group_balanced,22,lgbm_80_ff0.7,boosting,-0.6497995345669099,,,,,,,,,,,0.0400797000038437
tdc_caco2_wang,regression,3,2,seeded_scaffold_group_balanced,seeded_scaffold_group_balanced,22,lgbm_80_ff0.7,boosting,-0.6311823684136786,,,,,,,,,,,0.0325983999646268
tdc_caco2_wang,regression,3,3,seeded_scaffold_group_balanced,seeded_scaffold_group_balanced,22,lgbm_80_ff0.7,boosting,-0.6567466682442088,,,,,,,,,,,0.05163270002231
tdc_caco2_wang,regression,3,1,seeded_scaffold_group_balanced,seeded_scaffold_group_balanced,23,lgbm_80_bag0.8,boosting,-0.6428754252911852,,,,,,,,,,,0.0478556000161916
tdc_caco2_wang,regression,3,2,seeded_scaffold_group_balanced,seeded_scaffold_group_balanced,23,lgbm_80_bag0.8,boosting,-0.6538192186465388,,,,,,,,,,,0.0528881999780423
tdc_caco2_wang,regression,3,3,seeded_scaffold_group_balanced,seeded_scaffold_group_balanced,23,lgbm_80_bag0.8,boosting,-0.6782002832575702,,,,,,,,,,,0.0541406999691389
tdc_caco2_wang,regression,3,1,seeded_scaffold_group_balanced,seeded_scaffold_group_balanced,24,lgbm_120_l15,boosting,-0.6405042216365321,,,,,,,,,,,0.079620300035458
tdc_caco2_wang,regression,3,2,seeded_scaffold_group_balanced,seeded_scaffold_group_balanced,24,lgbm_120_l15,boosting,-0.656651631388949,,,,,,,,,,,0.1262038000277243
tdc_caco2_wang,regression,3,3,seeded_scaffold_group_balanced,seeded_scaffold_group_balanced,24,lgbm_120_l15,boosting,-0.6729262108065109,,,,,,,,,,,0.0858468000078573
tdc_caco2_wang,regression,3,1,seeded_scaffold_group_balanced,seeded_scaffold_group_balanced,25,xgb_60_d3,boosting,-0.6971467010454897,,,,,,,,,,,0.0594551999820396
tdc_caco2_wang,regression,3,2,seeded_scaffold_group_balanced,seeded_scaffold_group_balanced,25,xgb_60_d3,boosting,-0.6441265428537294,,,,,,,,,,,0.0643560999887995
tdc_caco2_wang,regression,3,3,seeded_scaffold_group_balanced,seeded_scaffold_group_balanced,25,xgb_60_d3,boosting,-0.6886140022646519,,,,,,,,,,,0.0704323000391013
tdc_caco2_wang,regression,3,1,seeded_scaffold_group_balanced,seeded_scaffold_group_balanced,26,xgb_80_d5,boosting,-0.6623529493664921,,,,,,,,,,,0.1130742999957874
tdc_caco2_wang,regression,3,2,seeded_scaffold_group_balanced,seeded_scaffold_group_balanced,26,xgb_80_d5,boosting,-0.6233182987902637,,,,,,,,,,,0.1176870000199414
tdc_caco2_wang,regression,3,3,seeded_scaffold_group_balanced,seeded_scaffold_group_balanced,26,xgb_80_d5,boosting,-0.6671176068565096,,,,,,,,,,,0.109781400009524
tdc_caco2_wang,regression,3,1,seeded_scaffold_group_balanced,seeded_scaffold_group_balanced,27,xgb_100_d3,boosting,-0.6970438793179311,,,,,,,,,,,0.0887889000005088
tdc_caco2_wang,regression,3,2,seeded_scaffold_group_balanced,seeded_scaffold_group_balanced,27,xgb_100_d3,boosting,-0.6543141187979769,,,,,,,,,,,0.0926111000007949
tdc_caco2_wang,regression,3,3,seeded_scaffold_group_balanced,seeded_scaffold_group_balanced,27,xgb_100_d3,boosting,-0.671028871220003,,,,,,,,,,,0.0775412999792024
tdc_caco2_wang,regression,3,1,seeded_scaffold_group_balanced,seeded_scaffold_group_balanced,28,xgb_60_d6,boosting,-0.6674042439362355,,,,,,,,,,,0.0733252000063657
tdc_caco2_wang,regression,3,2,seeded_scaffold_group_balanced,seeded_scaffold_group_balanced,28,xgb_60_d6,boosting,-0.6228275870338565,,,,,,,,,,,0.0756279999623075
tdc_caco2_wang,regression,3,3,seeded_scaffold_group_balanced,seeded_scaffold_group_balanced,28,xgb_60_d6,boosting,-0.5891055893016788,,,,,,,,,,,0.0770025999518111
tdc_caco2_wang,regression,3,1,seeded_scaffold_group_balanced,seeded_scaffold_group_balanced,29,cat_60_d4,boosting,-0.7299520699631237,,,,,,,,,,,0.1771500000031665
tdc_caco2_wang,regression,3,2,seeded_scaffold_group_balanced,seeded_scaffold_group_balanced,29,cat_60_d4,boosting,-0.7051375650560054,,,,,,,,,,,0.2248376999632455
tdc_caco2_wang,regression,3,3,seeded_scaffold_group_balanced,seeded_scaffold_group_balanced,29,cat_60_d4,boosting,-0.7084793186507482,,,,,,,,,,,0.2078543999814428
tdc_caco2_wang,regression,3,1,seeded_scaffold_group_balanced,seeded_scaffold_group_balanced,30,cat_80_d6,boosting,-0.7307016542039797,,,,,,,,,,,0.4704628000035882
tdc_caco2_wang,regression,3,2,seeded_scaffold_group_balanced,seeded_scaffold_group_balanced,30,cat_80_d6,boosting,-0.665106342313242,,,,,,,,,,,0.5185375000000931
tdc_caco2_wang,regression,3,3,seeded_scaffold_group_balanced,seeded_scaffold_group_balanced,30,cat_80_d6,boosting,-0.7050885482219804,,,,,,,,,,,0.5655915000243112
tdc_caco2_wang,regression,3,1,seeded_scaffold_group_balanced,seeded_scaffold_group_balanced,31,cat_100_d4,boosting,-0.7201467230658386,,,,,,,,,,,0.2515886999899521
tdc_caco2_wang,regression,3,2,seeded_scaffold_group_balanced,seeded_scaffold_group_balanced,31,cat_100_d4,boosting,-0.6985809130022097,,,,,,,,,,,0.2726071999641135
tdc_caco2_wang,regression,3,3,seeded_scaffold_group_balanced,seeded_scaffold_group_balanced,31,cat_100_d4,boosting,-0.6973383942331283,,,,,,,,,,,0.2706365000340156
tdc_caco2_wang,regression,3,1,seeded_scaffold_group_balanced,seeded_scaffold_group_balanced,32,cat_60_d8,boosting,-0.7131530100429825,,,,,,,,,,,1.0565199000411667
tdc_caco2_wang,regression,3,2,seeded_scaffold_group_balanced,seeded_scaffold_group_balanced,32,cat_60_d8,boosting,-0.6714361168413104,,,,,,,,,,,1.1226860999595374
tdc_caco2_wang,regression,3,3,seeded_scaffold_group_balanced,seeded_scaffold_group_balanced,32,cat_60_d8,boosting,-0.6876341566719176,,,,,,,,,,,1.3923834000015631
