dataset,task_type,outer_fold,inner_fold,outer_split_type,inner_split_type,candidate_order,candidate,family,inner_utility,inner_roc_auc,inner_pr_auc,inner_brier,minority_label,minority_threshold,minority_recall,majority_recall,balanced_recall,minority_constraint_feasible,minority_recall_target,fit_seconds
bbbp,classification,1,1,stratified_scaffold_group,stratified_scaffold_group,1,logreg_l2_c0.1,linear,0.8248524287035062,0.8248524287035062,0.9288547112346376,0.1327173724728496,0.0,0.7041885325668408,0.8023255813953488,0.6513761467889908,0.7268508640921698,1.0,0.8,0.0050271999789401
bbbp,classification,1,2,stratified_scaffold_group,stratified_scaffold_group,1,logreg_l2_c0.1,linear,0.8948586048283933,0.8948586048283933,0.9590006578146504,0.1125428628806666,0.0,0.616314962034342,0.8018018018018018,0.8096676737160121,0.805734737758907,1.0,0.8,0.004604100016877
bbbp,classification,1,3,stratified_scaffold_group,stratified_scaffold_group,1,logreg_l2_c0.1,linear,0.8629089979550102,0.8629089979550102,0.9362310229973554,0.1277795007099312,0.0,0.6572298272537804,0.8,0.7730061349693251,0.7865030674846626,1.0,0.8,0.0041869999840855
bbbp,classification,1,1,stratified_scaffold_group,stratified_scaffold_group,2,logreg_l2_c1,linear,0.8035168195718655,0.8035168195718655,0.9199666064042892,0.1354243900501202,0.0,0.9427652427836316,0.8023255813953488,0.5412844036697247,0.6718049925325368,1.0,0.8,0.0062875999719835
bbbp,classification,1,2,stratified_scaffold_group,stratified_scaffold_group,2,logreg_l2_c1,linear,0.8816853106883319,0.8816853106883319,0.9527123057588568,0.1192856301864611,0.0,0.8090761091489241,0.8018018018018018,0.7673716012084593,0.7845867015051305,1.0,0.8,0.0065055000013671
bbbp,classification,1,3,stratified_scaffold_group,stratified_scaffold_group,2,logreg_l2_c1,linear,0.8297290388548058,0.8297290388548058,0.9112705704006204,0.1438864133551326,0.0,0.8212834935910576,0.8,0.6993865030674846,0.7496932515337423,1.0,0.8,0.0056247999891638
bbbp,classification,1,1,stratified_scaffold_group,stratified_scaffold_group,3,logreg_l2_c10,linear,0.7713711684801935,0.7713711684801935,0.9065040353923643,0.1594437999422927,0.0,0.9967150598662984,0.8023255813953488,0.4923547400611621,0.6473401607282554,1.0,0.8,0.009154999977909
bbbp,classification,1,2,stratified_scaffold_group,stratified_scaffold_group,3,logreg_l2_c10,linear,0.8564274244032551,0.8564274244032551,0.9417131249599656,0.1428502679896143,0.0,0.9569635857728612,0.8108108108108107,0.7371601208459214,0.773985465828366,1.0,0.8,0.0091503000003285
bbbp,classification,1,3,stratified_scaffold_group,stratified_scaffold_group,3,logreg_l2_c10,linear,0.8058537832310839,0.8058537832310839,0.8940973956304632,0.1656142614190271,0.0,0.9633571019578648,0.8083333333333333,0.6411042944785276,0.7247188139059304,1.0,0.8,0.0078370999544858
bbbp,classification,1,1,stratified_scaffold_group,stratified_scaffold_group,4,logreg_l1_c1,linear,0.823927885641135,0.823927885641135,0.9293666967447156,0.1362934702347923,0.0,0.8636181731398427,0.8023255813953488,0.6269113149847095,0.7146184481900292,1.0,0.8,0.0101614000159315
bbbp,classification,1,2,stratified_scaffold_group,stratified_scaffold_group,4,logreg_l1_c1,linear,0.8721863857815519,0.8721863857815519,0.9475721815282864,0.119470645249548,0.0,0.7687164755063567,0.8108108108108107,0.7583081570996979,0.7845594839552543,1.0,0.8,0.01040590001503
bbbp,classification,1,3,stratified_scaffold_group,stratified_scaffold_group,4,logreg_l1_c1,linear,0.8327709611451943,0.8327709611451943,0.9218979234389508,0.1437917180595042,0.0,0.8215990434616983,0.8,0.6901840490797546,0.7450920245398773,1.0,0.8,0.0113456000108271
bbbp,classification,1,1,stratified_scaffold_group,stratified_scaffold_group,5,rf_60_sqrt,bagging,0.8737109736149634,0.8737109736149634,0.9440501491523958,0.1011695163554951,0.0,0.7691214470284238,0.8255813953488372,0.7828746177370031,0.8042280065429201,1.0,0.8,0.1107602999545633
bbbp,classification,1,2,stratified_scaffold_group,stratified_scaffold_group,5,rf_60_sqrt,bagging,0.904480008709616,0.904480008709616,0.9572850185733623,0.102806861633944,0.0,0.7855665566556655,0.8018018018018018,0.8217522658610272,0.8117770338314145,1.0,0.8,0.1081266999826766
bbbp,classification,1,3,stratified_scaffold_group,stratified_scaffold_group,5,rf_60_sqrt,bagging,0.8708972392638036,0.8708972392638036,0.928800089737178,0.1162790204063158,0.0,0.7540155945419104,0.8083333333333333,0.8282208588957055,0.8182770961145194,1.0,0.8,0.1139040000271052
bbbp,classification,1,1,stratified_scaffold_group,stratified_scaffold_group,6,rf_90_d12,bagging,0.8764134841049712,0.8764134841049712,0.9575989168976972,0.1079966969569894,0.0,0.7297980562951638,0.8023255813953488,0.764525993883792,0.7834257876395705,1.0,0.8,0.151062200020533
bbbp,classification,1,2,stratified_scaffold_group,stratified_scaffold_group,6,rf_90_d12,bagging,0.9013908167986716,0.9013908167986716,0.9557821775461504,0.1075325856715068,0.0,0.710171702702429,0.8018018018018018,0.8489425981873112,0.8253721999945565,1.0,0.8,0.1484265000326559
bbbp,classification,1,3,stratified_scaffold_group,stratified_scaffold_group,6,rf_90_d12,bagging,0.8852888548057259,0.8852888548057259,0.9456735256176866,0.1173233564813473,0.0,0.7258401372379544,0.8,0.8220858895705522,0.811042944785276,1.0,0.8,0.1549682999611832
bbbp,classification,1,1,stratified_scaffold_group,stratified_scaffold_group,7,rf_90_leaf2,bagging,0.8872590854135551,0.8872590854135551,0.9583878325217255,0.1041627501777207,0.0,0.7098797202764917,0.8023255813953488,0.8103975535168195,0.8063615674560842,1.0,0.8,0.1560679999529384
bbbp,classification,1,2,stratified_scaffold_group,stratified_scaffold_group,7,rf_90_leaf2,bagging,0.905527884379848,0.905527884379848,0.9587320911577628,0.1032998915912424,0.0,0.7233547959885891,0.8018018018018018,0.8277945619335347,0.8147981818676683,1.0,0.8,0.1471352999797091
bbbp,classification,1,3,stratified_scaffold_group,stratified_scaffold_group,7,rf_90_leaf2,bagging,0.8860812883435583,0.8860812883435583,0.9454453937542442,0.1140073063023311,0.0,0.7013388975896464,0.8,0.8558282208588958,0.8279141104294478,1.0,0.8,0.1688442999729886
bbbp,classification,1,1,stratified_scaffold_group,stratified_scaffold_group,8,rf_120_d20_leaf2,bagging,0.8779780954412915,0.8779780954412915,0.956388769143315,0.1051754175805865,0.0,0.7255916903574356,0.8023255813953488,0.7522935779816514,0.7773095796885001,1.0,0.8,0.1982459999853745
bbbp,classification,1,2,stratified_scaffold_group,stratified_scaffold_group,8,rf_120_d20_leaf2,bagging,0.8921912849405296,0.8921912849405296,0.9518364740118233,0.1059356803025621,0.0,0.7297531832899844,0.8018018018018018,0.8066465256797583,0.8042241637407801,1.0,0.8,0.1988803999847732
bbbp,classification,1,3,stratified_scaffold_group,stratified_scaffold_group,8,rf_120_d20_leaf2,bagging,0.8848031697341513,0.8848031697341513,0.9428051547909448,0.114000478964815,0.0,0.7125902877743596,0.8,0.8496932515337423,0.8248466257668712,1.0,0.8,0.194284500030335
bbbp,classification,1,1,stratified_scaffold_group,stratified_scaffold_group,9,et_60_sqrt,bagging,0.8765912808477349,0.8765912808477349,0.9565357735971374,0.0996717468805753,0.0,0.7710022522522523,0.8372093023255813,0.7828746177370031,0.8100419600312923,1.0,0.8,0.0654058000072836
bbbp,classification,1,2,stratified_scaffold_group,stratified_scaffold_group,9,et_60_sqrt,bagging,0.9125908385727116,0.9125908385727116,0.9635128885485876,0.1004276603019523,0.0,0.7539968956150562,0.8108108108108107,0.8610271903323263,0.8359190005715685,1.0,0.8,0.064734999963548
bbbp,classification,1,3,stratified_scaffold_group,stratified_scaffold_group,9,et_60_sqrt,bagging,0.8862857873210634,0.8862857873210634,0.937991659701156,0.1084718875969263,0.0,0.7705068226120858,0.8083333333333333,0.8159509202453987,0.812142126789366,1.0,0.8,0.0758043000241741
bbbp,classification,1,1,stratified_scaffold_group,stratified_scaffold_group,10,et_90_d12,bagging,0.8882903065215845,0.8882903065215845,0.9600626735856572,0.1077628251149401,0.0,0.7140835172620146,0.8023255813953488,0.7859327217125383,0.7941291515539435,1.0,0.8,0.0925161000341177
bbbp,classification,1,2,stratified_scaffold_group,stratified_scaffold_group,10,et_90_d12,bagging,0.9120600963501266,0.9120600963501266,0.9618563957676444,0.1087924540381926,0.0,0.6826243842194336,0.8108108108108107,0.8580060422960725,0.8344084265534416,1.0,0.8,0.0880552000016905
bbbp,classification,1,3,stratified_scaffold_group,stratified_scaffold_group,10,et_90_d12,bagging,0.8845858895705522,0.8845858895705522,0.9421397057586632,0.115923370538062,0.0,0.6871987463974916,0.8,0.852760736196319,0.8263803680981595,1.0,0.8,0.0911637000390328
bbbp,classification,1,1,stratified_scaffold_group,stratified_scaffold_group,11,et_90_leaf2,bagging,0.878333688926819,0.878333688926819,0.9584215670383398,0.1024458450246648,0.0,0.7166894783848711,0.8023255813953488,0.8103975535168195,0.8063615674560842,1.0,0.8,0.0899443999514915
bbbp,classification,1,2,stratified_scaffold_group,stratified_scaffold_group,11,et_90_leaf2,bagging,0.9172042132767207,0.9172042132767207,0.9629952479677716,0.0986689916694536,0.0,0.7105171010579792,0.8018018018018018,0.8580060422960725,0.8299039220489371,1.0,0.8,0.1026316999923437
bbbp,classification,1,3,stratified_scaffold_group,stratified_scaffold_group,11,et_90_leaf2,bagging,0.8894555214723927,0.8894555214723927,0.9411611344447156,0.1093058583697252,0.0,0.720254743071104,0.8083333333333333,0.8558282208588958,0.8320807770961145,1.0,0.8,0.0903582000173628
bbbp,classification,1,1,stratified_scaffold_group,stratified_scaffold_group,12,et_120_d20_leaf2,bagging,0.8774802645615531,0.8774802645615531,0.9567655632132824,0.1033995945246328,0.0,0.7272081783008579,0.8023255813953488,0.7614678899082569,0.7818967356518028,1.0,0.8,0.1207050000084564
bbbp,classification,1,2,stratified_scaffold_group,stratified_scaffold_group,12,et_120_d20_leaf2,bagging,0.9152989847853896,0.9152989847853896,0.963210092973176,0.1019397895553784,0.0,0.7027873643592669,0.8018018018018018,0.8549848942598187,0.8283933480308103,1.0,0.8,0.118325299990829
bbbp,classification,1,3,stratified_scaffold_group,stratified_scaffold_group,12,et_120_d20_leaf2,bagging,0.8972137014314929,0.8972137014314929,0.9431018498967684,0.1079880167431846,0.0,0.6771564208185837,0.8,0.8987730061349694,0.8493865030674848,1.0,0.8,0.1227764000068418
bbbp,classification,1,1,stratified_scaffold_group,stratified_scaffold_group,13,histgb_lr0.05,boosting,0.8520908896949009,0.8520908896949009,0.9390404411367348,0.0976314703651589,0.0,0.8748889272370313,0.8023255813953488,0.6972477064220184,0.7497866439086835,1.0,0.8,2.54444239998702
bbbp,classification,1,2,stratified_scaffold_group,stratified_scaffold_group,13,histgb_lr0.05,boosting,0.871342641735391,0.871342641735391,0.9455033282848584,0.1060148478241996,0.0,0.8712801965746166,0.8018018018018018,0.7945619335347432,0.7981818676682726,1.0,0.8,1.211405600013677
bbbp,classification,1,3,stratified_scaffold_group,stratified_scaffold_group,13,histgb_lr0.05,boosting,0.9033358895705522,0.9033358895705522,0.9558310703939732,0.106732621790287,0.0,0.8407944689943233,0.8083333333333333,0.8680981595092024,0.8382157464212678,1.0,0.8,1.0669996999786235
bbbp,classification,1,1,stratified_scaffold_group,stratified_scaffold_group,14,histgb_lr0.1,boosting,0.8637187966716449,0.8637187966716449,0.94723988568455,0.0991258977601395,0.0,0.869274184420014,0.813953488372093,0.7828746177370031,0.798414053054548,1.0,0.8,0.8640357000404038
bbbp,classification,1,2,stratified_scaffold_group,stratified_scaffold_group,14,histgb_lr0.1,boosting,0.8779020712555456,0.8779020712555456,0.9445772023803428,0.1028586377757086,0.0,0.8867465792846951,0.8018018018018018,0.8277945619335347,0.8147981818676683,1.0,0.8,0.8572659000055864
bbbp,classification,1,3,stratified_scaffold_group,stratified_scaffold_group,14,histgb_lr0.1,boosting,0.8905802658486708,0.8905802658486708,0.9437461093343076,0.1107548594947858,0.0,0.8764931156024068,0.8,0.8466257668711656,0.8233128834355828,1.0,0.8,0.8181124000111595
bbbp,classification,1,1,stratified_scaffold_group,stratified_scaffold_group,15,gb_lr0.05_d2,boosting,0.8501351255245004,0.8501351255245004,0.9398763699214576,0.1109612755824301,0.0,0.8081446661635703,0.813953488372093,0.7553516819571865,0.7846525851646398,1.0,0.8,0.4177378000458702
bbbp,classification,1,2,stratified_scaffold_group,stratified_scaffold_group,15,gb_lr0.05_d2,boosting,0.8242018453498815,0.8242018453498815,0.9111913910549984,0.1263208855801428,0.0,0.8353723112165765,0.8108108108108107,0.6978851963746223,0.7543480035927166,1.0,0.8,0.3742404999793507
bbbp,classification,1,3,stratified_scaffold_group,stratified_scaffold_group,15,gb_lr0.05_d2,boosting,0.7995398773006134,0.7995398773006134,0.894560362336566,0.1320887344695991,0.0,0.8439250026343519,0.8,0.5184049079754601,0.6592024539877301,1.0,0.8,0.377087400003802
bbbp,classification,1,1,stratified_scaffold_group,stratified_scaffold_group,16,gb_lr0.1_d3,boosting,0.8291195505298342,0.8291195505298342,0.9245739631863314,0.105227495790332,0.0,0.8448163940103657,0.8023255813953488,0.709480122324159,0.7559028518597539,1.0,0.8,0.5815535999718122
bbbp,classification,1,2,stratified_scaffold_group,stratified_scaffold_group,16,gb_lr0.1_d3,boosting,0.8686072779728369,0.8686072779728369,0.9401153148551412,0.1131770292573529,0.0,0.8672818165088166,0.8018018018018018,0.7673716012084593,0.7845867015051305,1.0,0.8,0.6170298000215553
bbbp,classification,1,3,stratified_scaffold_group,stratified_scaffold_group,16,gb_lr0.1_d3,boosting,0.8564672801635991,0.8564672801635991,0.9272446094495496,0.1158051371508927,0.0,0.8665733288339814,0.8,0.7576687116564417,0.7788343558282209,1.0,0.8,0.5799186999793164
bbbp,classification,1,1,stratified_scaffold_group,stratified_scaffold_group,17,lgbm_60_l15,boosting,0.8569625204466255,0.8569625204466255,0.9436752160822884,0.1036495869285449,0.0,0.8136567147617572,0.8023255813953488,0.764525993883792,0.7834257876395705,1.0,0.8,0.0489653999684378
bbbp,classification,1,2,stratified_scaffold_group,stratified_scaffold_group,17,lgbm_60_l15,boosting,0.8796984295473722,0.8796984295473722,0.9478852735204996,0.1043295602646299,0.0,0.8551235952091573,0.8018018018018018,0.7854984894259819,0.7936501456138918,1.0,0.8,0.0472379999700933
bbbp,classification,1,3,stratified_scaffold_group,stratified_scaffold_group,17,lgbm_60_l15,boosting,0.8761247443762782,0.8761247443762782,0.9389379498059892,0.1103857265278375,0.0,0.8346702732556412,0.8,0.8159509202453987,0.8079754601226994,1.0,0.8,0.0468408000306226
bbbp,classification,1,1,stratified_scaffold_group,stratified_scaffold_group,18,lgbm_90_l31,boosting,0.8470770215489652,0.8470770215489652,0.9386717992096172,0.0999243674655841,0.0,0.8781045371083133,0.8023255813953488,0.7217125382262997,0.7620190598108243,1.0,0.8,0.1049418000038713
bbbp,classification,1,2,stratified_scaffold_group,stratified_scaffold_group,18,lgbm_90_l31,boosting,0.8855502027707465,0.8855502027707465,0.9508308364180416,0.1042978144734653,0.0,0.9081564188094589,0.8018018018018018,0.770392749244713,0.7860972755232574,1.0,0.8,0.0985198999987915
bbbp,classification,1,3,stratified_scaffold_group,stratified_scaffold_group,18,lgbm_90_l31,boosting,0.9004217791411042,0.9004217791411042,0.9537365029846678,0.1085688316804686,0.0,0.8304723483401885,0.8,0.901840490797546,0.850920245398773,1.0,0.8,0.0825578999938443
bbbp,classification,1,1,stratified_scaffold_group,stratified_scaffold_group,19,lgbm_60_l63,boosting,0.8708306663821919,0.8708306663821919,0.9515150231981452,0.1002204699011584,0.0,0.869928686183898,0.8255813953488372,0.7675840978593272,0.7965827466040822,1.0,0.8,0.0845513000385835
bbbp,classification,1,2,stratified_scaffold_group,stratified_scaffold_group,19,lgbm_60_l63,boosting,0.8813859176396941,0.8813859176396941,0.947106012921666,0.1040004459025171,0.0,0.9032694220179762,0.8018018018018018,0.7734138972809668,0.7876078495413843,1.0,0.8,0.1498024000320583
bbbp,classification,1,3,stratified_scaffold_group,stratified_scaffold_group,19,lgbm_60_l63,boosting,0.8999360940695297,0.8999360940695297,0.9534815446032074,0.1069409929625862,0.0,0.8899785579735238,0.8,0.8588957055214724,0.8294478527607363,1.0,0.8,0.0980709999566897
bbbp,classification,1,1,stratified_scaffold_group,stratified_scaffold_group,20,lgbm_100_leaf10,boosting,0.8545800440935922,0.8545800440935922,0.9470534402527248,0.1051196342188194,0.0,0.9019183048450156,0.8023255813953488,0.7706422018348624,0.7864838916151056,1.0,0.8,0.1407578000216744
bbbp,classification,1,2,stratified_scaffold_group,stratified_scaffold_group,20,lgbm_100_leaf10,boosting,0.8836177567295391,0.8836177567295391,0.9528759475363082,0.1084028371367613,0.0,0.9403108211878602,0.8018018018018018,0.7341389728096677,0.7679703873057347,1.0,0.8,0.1245147000299766
bbbp,classification,1,3,stratified_scaffold_group,stratified_scaffold_group,20,lgbm_100_leaf10,boosting,0.8850971370143149,0.8850971370143149,0.9461669300275232,0.1182871879312153,0.0,0.934361567147266,0.8,0.7668711656441718,0.7834355828220859,1.0,0.8,0.1265086000203155
bbbp,classification,1,1,stratified_scaffold_group,stratified_scaffold_group,21,lgbm_100_leaf30,boosting,0.8487483109309437,0.8487483109309437,0.9369178694143164,0.0942049736964279,0.0,0.8672805617295469,0.8023255813953488,0.7186544342507645,0.7604900078230566,1.0,0.8,0.1003372999839484
bbbp,classification,1,2,stratified_scaffold_group,stratified_scaffold_group,21,lgbm_100_leaf30,boosting,0.8810865245910563,0.8810865245910563,0.9502599430775966,0.1055236813380667,0.0,0.874996779538158,0.8018018018018018,0.7915407854984894,0.7966712936501457,1.0,0.8,0.0743700999883003
bbbp,classification,1,3,stratified_scaffold_group,stratified_scaffold_group,21,lgbm_100_leaf30,boosting,0.8899923312883435,0.8899923312883435,0.9446470958557622,0.1099152911423377,0.0,0.8097186764106905,0.8,0.9079754601226994,0.8539877300613496,1.0,0.8,0.0657426000107079
bbbp,classification,1,1,stratified_scaffold_group,stratified_scaffold_group,22,lgbm_80_ff0.7,boosting,0.8731775833866724,0.8731775833866724,0.9500843250480868,0.09418575667,0.0,0.8643056393306007,0.8023255813953488,0.7951070336391437,0.7987163075172463,1.0,0.8,0.0776597000076435
bbbp,classification,1,2,stratified_scaffold_group,stratified_scaffold_group,22,lgbm_80_ff0.7,boosting,0.905854494978362,0.905854494978362,0.962268862911824,0.0955202023522371,0.0,0.871198749832354,0.8018018018018018,0.8429003021148036,0.8223510519583027,1.0,0.8,0.0779906000243499
bbbp,classification,1,3,stratified_scaffold_group,stratified_scaffold_group,22,lgbm_80_ff0.7,boosting,0.8865030674846626,0.8865030674846626,0.9442411062930746,0.1153805826514791,0.0,0.8859896633307484,0.8,0.843558282208589,0.8217791411042945,1.0,0.8,0.0887799999909475
bbbp,classification,1,1,stratified_scaffold_group,stratified_scaffold_group,23,lgbm_80_bag0.8,boosting,0.8747777540715456,0.8747777540715456,0.952895676903919,0.0946113752164008,0.0,0.8635165322473974,0.8023255813953488,0.7675840978593272,0.784954839627338,1.0,0.8,0.0877356000128202
bbbp,classification,1,2,stratified_scaffold_group,stratified_scaffold_group,23,lgbm_80_bag0.8,boosting,0.8994311532075883,0.8994311532075883,0.9572935912805612,0.0953483798087708,0.0,0.8681862270227587,0.8018018018018018,0.8398791540785498,0.8208404779401759,1.0,0.8,0.0818282000254839
bbbp,classification,1,3,stratified_scaffold_group,stratified_scaffold_group,23,lgbm_80_bag0.8,boosting,0.8893404907975461,0.8893404907975461,0.947312804282108,0.1127985326005178,0.0,0.882421769236573,0.8,0.8496932515337423,0.8248466257668712,1.0,0.8,0.0711799999698996
bbbp,classification,1,1,stratified_scaffold_group,stratified_scaffold_group,24,lgbm_120_l15,boosting,0.8599139463765024,0.8599139463765024,0.94471134516315,0.0986702557534101,0.0,0.8588515787896113,0.8023255813953488,0.7370030581039755,0.7696643197496622,1.0,0.8,0.0649171999539248
bbbp,classification,1,2,stratified_scaffold_group,stratified_scaffold_group,24,lgbm_120_l15,boosting,0.8835633216297869,0.8835633216297869,0.95089366365719,0.1024086061388113,0.0,0.8715807094524589,0.8018018018018018,0.7794561933534743,0.790628997577638,1.0,0.8,0.0664030000334605
bbbp,classification,1,3,stratified_scaffold_group,stratified_scaffold_group,24,lgbm_120_l15,boosting,0.8963317995910021,0.8963317995910021,0.9526926846284418,0.1067056388430376,0.0,0.8440979776204498,0.8083333333333333,0.852760736196319,0.8305470347648262,1.0,0.8,0.0662510999827645
bbbp,classification,1,1,stratified_scaffold_group,stratified_scaffold_group,25,xgb_60_d3,boosting,0.8533176872199701,0.8533176872199701,0.939297759367888,0.1050567264373309,0.0,0.8249913454055786,0.8023255813953488,0.7217125382262997,0.7620190598108243,1.0,0.8,0.1557171000167727
bbbp,classification,1,2,stratified_scaffold_group,stratified_scaffold_group,25,xgb_60_d3,boosting,0.8533518412672491,0.8533518412672491,0.9301770619239946,0.1123486480892411,0.0,0.8300113677978516,0.8018018018018018,0.770392749244713,0.7860972755232574,1.0,0.8,0.0676671999972313
bbbp,classification,1,3,stratified_scaffold_group,stratified_scaffold_group,25,xgb_60_d3,boosting,0.8462423312883436,0.8462423312883436,0.9242818125349972,0.1210937993508944,0.0,0.8239496946334839,0.8,0.7392638036809815,0.7696319018404908,1.0,0.8,0.0625100000179372
bbbp,classification,1,1,stratified_scaffold_group,stratified_scaffold_group,26,xgb_80_d5,boosting,0.8609096081359789,0.8609096081359789,0.948224909012358,0.1022887429525648,0.0,0.801426351070404,0.8023255813953488,0.8226299694189603,0.8124777754071546,1.0,0.8,0.0861854999675415
bbbp,classification,1,2,stratified_scaffold_group,stratified_scaffold_group,26,xgb_80_d5,boosting,0.8762145831632236,0.8762145831632236,0.9444702548500808,0.1044592312532775,0.0,0.8416661024093628,0.8018018018018018,0.8006042296072508,0.8012030157045262,1.0,0.8,0.091108200023882
bbbp,classification,1,3,stratified_scaffold_group,stratified_scaffold_group,26,xgb_80_d5,boosting,0.8649795501022495,0.8649795501022495,0.9328526996288868,0.116879155806159,0.0,0.8603000044822693,0.8,0.7699386503067485,0.7849693251533743,1.0,0.8,0.0912491999915801
bbbp,classification,1,1,stratified_scaffold_group,stratified_scaffold_group,27,xgb_100_d3,boosting,0.8520731100206244,0.8520731100206244,0.9404809697908574,0.1027934378332297,0.0,0.831221878528595,0.8023255813953488,0.709480122324159,0.7559028518597539,1.0,0.8,0.0862970000016503
bbbp,classification,1,2,stratified_scaffold_group,stratified_scaffold_group,27,xgb_100_d3,boosting,0.8627146784246482,0.8627146784246482,0.934933897745516,0.1101528857398312,0.0,0.8363946676254272,0.8108108108108107,0.7794561933534743,0.7951335020821425,1.0,0.8,0.0749547000159509
bbbp,classification,1,3,stratified_scaffold_group,stratified_scaffold_group,27,xgb_100_d3,boosting,0.8589851738241309,0.8589851738241309,0.9291802963940614,0.1172661084947816,0.0,0.8341253995895386,0.8,0.7392638036809815,0.7696319018404908,1.0,0.8,0.0802130000083707
bbbp,classification,1,1,stratified_scaffold_group,stratified_scaffold_group,28,xgb_60_d6,boosting,0.8547578408363559,0.8547578408363559,0.9449187231295186,0.101335835224851,0.0,0.845017671585083,0.8023255813953488,0.746177370030581,0.7742514757129649,1.0,0.8,0.0775290000019595
bbbp,classification,1,2,stratified_scaffold_group,stratified_scaffold_group,28,xgb_60_d6,boosting,0.9000299393048637,0.9000299393048637,0.958202413202344,0.0971863280440016,0.0,0.8455637693405151,0.8288288288288288,0.8096676737160121,0.8192482512724204,1.0,0.8,0.074117100040894
bbbp,classification,1,3,stratified_scaffold_group,stratified_scaffold_group,28,xgb_60_d6,boosting,0.8774667689161555,0.8774667689161555,0.9382671712704428,0.1143584152764511,0.0,0.8642594814300537,0.8,0.7760736196319018,0.7880368098159509,1.0,0.8,0.0731574000092223
bbbp,classification,1,1,stratified_scaffold_group,stratified_scaffold_group,29,cat_60_d4,boosting,0.8465436313206742,0.8465436313206742,0.9391669880301012,0.1054860973523892,0.0,0.817525735383869,0.8023255813953488,0.7431192660550459,0.7727224237251973,1.0,0.8,0.4106714999652467
bbbp,classification,1,2,stratified_scaffold_group,stratified_scaffold_group,29,cat_60_d4,boosting,0.8694101956941835,0.8694101956941835,0.9391891462817163,0.1103203429346837,0.0,0.8146725200713838,0.8018018018018018,0.8006042296072508,0.8012030157045262,1.0,0.8,0.2873986000195145
bbbp,classification,1,3,stratified_scaffold_group,stratified_scaffold_group,29,cat_60_d4,boosting,0.820232617586912,0.820232617586912,0.909907136954868,0.1243770186632233,0.0,0.8285465698115403,0.8,0.6012269938650306,0.7006134969325153,1.0,0.8,0.2867011000053026
bbbp,classification,1,1,stratified_scaffold_group,stratified_scaffold_group,30,cat_80_d6,boosting,0.8717196500960102,0.8717196500960102,0.9539078069527244,0.1025127662416719,0.0,0.8016628546357327,0.8023255813953488,0.8073394495412844,0.8048325154683167,1.0,0.8,0.9896724999998696
bbbp,classification,1,2,stratified_scaffold_group,stratified_scaffold_group,30,cat_80_d6,boosting,0.8926267657385483,0.8926267657385483,0.9570089873928778,0.1079493551795547,0.0,0.8167506604415934,0.8018018018018018,0.8066465256797583,0.8042241637407801,1.0,0.8,0.8807435000198893
bbbp,classification,1,3,stratified_scaffold_group,stratified_scaffold_group,30,cat_80_d6,boosting,0.858627300613497,0.858627300613497,0.9240019079318568,0.1156266205205355,0.0,0.8415189167718555,0.8,0.7177914110429447,0.7588957055214725,1.0,0.8,0.9411480000126176
bbbp,classification,1,1,stratified_scaffold_group,stratified_scaffold_group,31,cat_100_d4,boosting,0.8509174311926605,0.8509174311926605,0.9403620579360268,0.1052870180451236,0.0,0.820003807349665,0.8023255813953488,0.7522935779816514,0.7773095796885001,1.0,0.8,0.4313162000034936
bbbp,classification,1,2,stratified_scaffold_group,stratified_scaffold_group,31,cat_100_d4,boosting,0.8620614572276204,0.8620614572276204,0.9371406936202762,0.1113821579645868,0.0,0.8437243181123609,0.8198198198198199,0.6888217522658611,0.7543207860428405,1.0,0.8,0.3989938000449911
bbbp,classification,1,3,stratified_scaffold_group,stratified_scaffold_group,31,cat_100_d4,boosting,0.8457183026584869,0.8457183026584869,0.92181687486676,0.119180142057882,0.0,0.8236213157763447,0.8,0.6901840490797546,0.7450920245398773,1.0,0.8,0.4193079000106081
bbbp,classification,1,1,stratified_scaffold_group,stratified_scaffold_group,32,cat_60_d8,boosting,0.8686615461204751,0.8686615461204751,0.9518621778412532,0.1005973926568654,0.0,0.8324947254802948,0.8023255813953488,0.7706422018348624,0.7864838916151056,1.0,0.8,2.473696000000928
bbbp,classification,1,2,stratified_scaffold_group,stratified_scaffold_group,32,cat_60_d8,boosting,0.8925995481886719,0.8925995481886719,0.9570840629329762,0.1093086790332633,0.0,0.8300893586671609,0.8198198198198199,0.7915407854984894,0.8056803026591546,1.0,0.8,2.1976963999914005
bbbp,classification,1,3,stratified_scaffold_group,stratified_scaffold_group,32,cat_60_d8,boosting,0.863586400817996,0.863586400817996,0.930887387792556,0.1147884408653496,0.0,0.859375661208037,0.8,0.7668711656441718,0.7834355828220859,1.0,0.8,2.484228899993468
bbbp,classification,2,1,stratified_scaffold_group,stratified_scaffold_group,1,logreg_l2_c0.1,linear,0.885965361754458,0.885965361754458,0.95739115530281,0.1220914875032783,0.0,0.5356089021654218,0.8235294117647058,0.8222996515679443,0.8229145316663251,1.0,0.8,0.0060101000126451
bbbp,classification,2,2,stratified_scaffold_group,stratified_scaffold_group,1,logreg_l2_c0.1,linear,0.8182723577235771,0.8182723577235771,0.912902340532218,0.1545905723036834,0.0,0.6315438087460655,0.8,0.6605691056910569,0.7302845528455284,1.0,0.8,0.005636699963361
bbbp,classification,2,3,stratified_scaffold_group,stratified_scaffold_group,1,logreg_l2_c0.1,linear,0.8425508552935737,0.8425508552935737,0.9271018490202508,0.1288747799452629,0.0,0.6446557269684006,0.8058252427184466,0.7738095238095238,0.7898173832639852,1.0,0.8,0.0048153999960049
bbbp,classification,2,1,stratified_scaffold_group,stratified_scaffold_group,2,logreg_l2_c1,linear,0.855836236933798,0.855836236933798,0.946783964665962,0.1299980996838843,0.0,0.6936695826522834,0.8088235294117647,0.7874564459930313,0.798139987702398,1.0,0.8,0.0077946999808773
bbbp,classification,2,2,stratified_scaffold_group,stratified_scaffold_group,2,logreg_l2_c1,linear,0.7969308943089431,0.7969308943089431,0.9007105971092257,0.1596727446776372,0.0,0.8494907539627132,0.8066666666666666,0.6138211382113821,0.7102439024390244,1.0,0.8,0.0053324999753385
bbbp,classification,2,3,stratified_scaffold_group,stratified_scaffold_group,2,logreg_l2_c1,linear,0.8128178455848359,0.8128178455848359,0.906302858250312,0.1346522188929488,0.0,0.9013397054995196,0.8058252427184466,0.6666666666666666,0.7362459546925566,1.0,0.8,0.0073827000451274
bbbp,classification,2,1,stratified_scaffold_group,stratified_scaffold_group,3,logreg_l2_c10,linear,0.8348278335724533,0.8348278335724533,0.942568589223868,0.1494504659831958,0.0,0.8831787743256178,0.8088235294117647,0.7630662020905923,0.7859448657511785,1.0,0.8,0.0119378000381402
bbbp,classification,2,2,stratified_scaffold_group,stratified_scaffold_group,3,logreg_l2_c10,linear,0.7795731707317073,0.7795731707317073,0.8907947041858861,0.1819503619294284,0.0,0.964034407389848,0.8,0.6300813008130082,0.7150406504065041,1.0,0.8,0.0093281000154092
bbbp,classification,2,3,stratified_scaffold_group,stratified_scaffold_group,3,logreg_l2_c10,linear,0.7901930189551549,0.7901930189551549,0.8948869558380605,0.1621680113871484,0.0,0.992052958536015,0.8058252427184466,0.6190476190476191,0.7124364308830329,1.0,0.8,0.0133766999933868
bbbp,classification,2,1,stratified_scaffold_group,stratified_scaffold_group,4,logreg_l1_c1,linear,0.8409766345562615,0.8409766345562615,0.9417625557529972,0.1407072367482706,0.0,0.7071513518273029,0.8088235294117647,0.7560975609756098,0.7824605451936872,1.0,0.8,0.0182506000273861
bbbp,classification,2,2,stratified_scaffold_group,stratified_scaffold_group,4,logreg_l1_c1,linear,0.7951422764227642,0.7951422764227642,0.9016649822214255,0.1621521299682427,0.0,0.8250641262908467,0.8,0.6524390243902439,0.726219512195122,1.0,0.8,0.0073202999774366
bbbp,classification,2,3,stratified_scaffold_group,stratified_scaffold_group,4,logreg_l1_c1,linear,0.8259361997226075,0.8259361997226075,0.9181724321055922,0.137113234904126,0.0,0.9151496450282508,0.8058252427184466,0.6339285714285714,0.7198769070735089,1.0,0.8,0.0108582999673672
bbbp,classification,2,1,stratified_scaffold_group,stratified_scaffold_group,5,rf_60_sqrt,bagging,0.878945480631277,0.878945480631277,0.96172220775427,0.1002427367066379,0.0,0.7685930512555899,0.8088235294117647,0.7700348432055749,0.7894291863086698,1.0,0.8,0.109915799985174
bbbp,classification,2,2,stratified_scaffold_group,stratified_scaffold_group,5,rf_60_sqrt,bagging,0.827940379403794,0.827940379403794,0.9210319570051724,0.1222002606041429,0.0,0.8012007684918347,0.8200000000000001,0.6483739837398373,0.7341869918699186,1.0,0.8,0.108161799958907
bbbp,classification,2,3,stratified_scaffold_group,stratified_scaffold_group,5,rf_60_sqrt,bagging,0.8769504160887656,0.8769504160887656,0.9464384108980092,0.1050896859256816,0.0,0.7687441248354954,0.8058252427184466,0.7976190476190477,0.8017221451687471,1.0,0.8,0.1090572000248357
bbbp,classification,2,1,stratified_scaffold_group,stratified_scaffold_group,6,rf_90_d12,bagging,0.8911406025824965,0.8911406025824965,0.9687379716660256,0.1117439993445052,0.0,0.6970049903433488,0.8088235294117647,0.7839721254355401,0.7963978274236524,1.0,0.8,0.1595906000002287
bbbp,classification,2,2,stratified_scaffold_group,stratified_scaffold_group,6,rf_90_d12,bagging,0.842689701897019,0.842689701897019,0.9273003272716476,0.1292413842894548,0.0,0.6982451477350106,0.8,0.7439024390243902,0.7719512195121951,1.0,0.8,0.1566749999765306
bbbp,classification,2,3,stratified_scaffold_group,stratified_scaffold_group,6,rf_90_d12,bagging,0.8754334257975035,0.8754334257975035,0.9484994813578532,0.1169410083463455,0.0,0.6960274051947037,0.8058252427184466,0.7738095238095238,0.7898173832639852,1.0,0.8,0.1647493000491522
bbbp,classification,2,1,stratified_scaffold_group,stratified_scaffold_group,7,rf_90_leaf2,bagging,0.8912943226070916,0.8912943226070916,0.9681291928037224,0.1043491908230939,0.0,0.6764173717830416,0.8088235294117647,0.8466898954703833,0.8277567124410741,1.0,0.8,0.1547807999886572
bbbp,classification,2,2,stratified_scaffold_group,stratified_scaffold_group,7,rf_90_leaf2,bagging,0.8421070460704607,0.8421070460704607,0.9318040736739774,0.1245793120724086,0.0,0.7316470527147481,0.8066666666666666,0.7276422764227642,0.7671544715447154,1.0,0.8,0.1632297000032849
bbbp,classification,2,3,stratified_scaffold_group,stratified_scaffold_group,7,rf_90_leaf2,bagging,0.8674872861766065,0.8674872861766065,0.9313255800870126,0.1102168697581184,0.0,0.7020740449957197,0.8058252427184466,0.8065476190476191,0.8061864308830329,1.0,0.8,0.1567593999789096
bbbp,classification,2,1,stratified_scaffold_group,stratified_scaffold_group,8,rf_120_d20_leaf2,bagging,0.8905257224841157,0.8905257224841157,0.9694867941617394,0.1063508271501842,0.0,0.6957275735797854,0.8088235294117647,0.8118466898954704,0.8103351096536175,1.0,0.8,0.1965753000113181
bbbp,classification,2,2,stratified_scaffold_group,stratified_scaffold_group,8,rf_120_d20_leaf2,bagging,0.8443428184281843,0.8443428184281843,0.9336596330903688,0.1253907592373465,0.0,0.7346220115769893,0.8,0.7052845528455285,0.7526422764227643,1.0,0.8,0.2116594000253826
bbbp,classification,2,3,stratified_scaffold_group,stratified_scaffold_group,8,rf_120_d20_leaf2,bagging,0.8691631992602866,0.8691631992602866,0.9409289298361744,0.1124527471189651,0.0,0.7109686025460881,0.8058252427184466,0.7916666666666666,0.7987459546925566,1.0,0.8,0.1975351000437513
bbbp,classification,2,1,stratified_scaffold_group,stratified_scaffold_group,9,et_60_sqrt,bagging,0.8782537405205985,0.8782537405205985,0.9632600547592478,0.0976649269185719,0.0,0.7372340425531915,0.8235294117647058,0.818815331010453,0.8211723713875794,1.0,0.8,0.0753344999975524
bbbp,classification,2,2,stratified_scaffold_group,stratified_scaffold_group,9,et_60_sqrt,bagging,0.8417953929539295,0.8417953929539295,0.9315708991639444,0.1171717728680782,0.0,0.7702560873215786,0.8066666666666666,0.733739837398374,0.7702032520325204,1.0,0.8,0.0634011999936774
bbbp,classification,2,3,stratified_scaffold_group,stratified_scaffold_group,9,et_60_sqrt,bagging,0.8683107951918632,0.8683107951918632,0.9390981419372204,0.1066366818078126,0.0,0.7703109327983952,0.8155339805825242,0.8065476190476191,0.8110407998150717,1.0,0.8,0.069677599996794
bbbp,classification,2,1,stratified_scaffold_group,stratified_scaffold_group,10,et_90_d12,bagging,0.9007224841155974,0.9007224841155974,0.9736487118891908,0.1123515222862477,0.0,0.6571109288958923,0.8235294117647058,0.8153310104529616,0.8194302111088337,1.0,0.8,0.1019620000151917
bbbp,classification,2,2,stratified_scaffold_group,stratified_scaffold_group,10,et_90_d12,bagging,0.8346273712737129,0.8346273712737129,0.9299055555589508,0.1345145202408635,0.0,0.661992279219399,0.8,0.6991869918699187,0.7495934959349594,1.0,0.8,0.0943074999959208
bbbp,classification,2,3,stratified_scaffold_group,stratified_scaffold_group,10,et_90_d12,bagging,0.8782651410078595,0.8782651410078595,0.947004398534668,0.1188238355691059,0.0,0.6727795894395303,0.8058252427184466,0.8244047619047619,0.8151150023116043,1.0,0.8,0.0935475999722257
bbbp,classification,2,1,stratified_scaffold_group,stratified_scaffold_group,11,et_90_leaf2,bagging,0.8788942406230785,0.8788942406230785,0.9645989812073952,0.1018815979382907,0.0,0.7048891772177655,0.8235294117647058,0.8048780487804879,0.8142037302725968,1.0,0.8,0.1097960000042803
bbbp,classification,2,2,stratified_scaffold_group,stratified_scaffold_group,11,et_90_leaf2,bagging,0.8479200542005421,0.8479200542005421,0.9360906450332236,0.1196121529405835,0.0,0.714710754381956,0.8,0.7296747967479674,0.7648373983739838,1.0,0.8,0.0957149000023491
bbbp,classification,2,3,stratified_scaffold_group,stratified_scaffold_group,11,et_90_leaf2,bagging,0.8724283402681461,0.8724283402681461,0.9423759192773886,0.1062669330740291,0.0,0.6861508808847947,0.8058252427184466,0.8571428571428571,0.8314840499306518,1.0,0.8,0.095178699993994
bbbp,classification,2,1,stratified_scaffold_group,stratified_scaffold_group,12,et_120_d20_leaf2,bagging,0.8912943226070916,0.8912943226070916,0.9691302517823864,0.1056075724765059,0.0,0.6490649435345982,0.8235294117647058,0.8606271777003485,0.8420782947325272,1.0,0.8,0.1507788000162691
bbbp,classification,2,2,stratified_scaffold_group,stratified_scaffold_group,12,et_120_d20_leaf2,bagging,0.8432859078590785,0.8432859078590785,0.9305931335228071,0.1220397913751077,0.0,0.7024450060206714,0.8,0.7459349593495935,0.7729674796747967,1.0,0.8,0.1302394999656826
bbbp,classification,2,3,stratified_scaffold_group,stratified_scaffold_group,12,et_120_d20_leaf2,bagging,0.8748844197873324,0.8748844197873324,0.944464443716584,0.1094525159681364,0.0,0.6939324274395323,0.8058252427184466,0.8244047619047619,0.8151150023116043,1.0,0.8,0.1253607000107877
bbbp,classification,2,1,stratified_scaffold_group,stratified_scaffold_group,13,histgb_lr0.05,boosting,0.8856579217052675,0.8856579217052675,0.9685411002594304,0.0948927967103668,0.0,0.7861753996898897,0.8235294117647058,0.8501742160278746,0.8368518138962902,1.0,0.8,1.102079800039064
bbbp,classification,2,2,stratified_scaffold_group,stratified_scaffold_group,13,histgb_lr0.05,boosting,0.8295054200542006,0.8295054200542006,0.924294627955614,0.1201566736938468,0.0,0.865493603366074,0.8,0.6666666666666666,0.7333333333333334,1.0,0.8,1.0375097999931313
bbbp,classification,2,3,stratified_scaffold_group,stratified_scaffold_group,13,histgb_lr0.05,boosting,0.8773982894128525,0.8773982894128525,0.948461412937438,0.102077401455965,0.0,0.7966131458496215,0.8058252427184466,0.8511904761904762,0.8285078594544614,1.0,0.8,1.1951449000043797
bbbp,classification,2,1,stratified_scaffold_group,stratified_scaffold_group,14,histgb_lr0.1,boosting,0.8805339208854274,0.8805339208854274,0.9665651787673478,0.0970627823662716,0.0,0.8557081448621177,0.8088235294117647,0.794425087108014,0.8016243082598893,1.0,0.8,0.9779664000379852
bbbp,classification,2,2,stratified_scaffold_group,stratified_scaffold_group,14,histgb_lr0.1,boosting,0.8244918699186992,0.8244918699186992,0.918050126968682,0.1246499576882882,0.0,0.8988896636525648,0.8066666666666666,0.676829268292683,0.7417479674796748,1.0,0.8,0.8857171999989077
bbbp,classification,2,3,stratified_scaffold_group,stratified_scaffold_group,14,histgb_lr0.1,boosting,0.8709257975034674,0.8709257975034674,0.9445574429721252,0.1069490932964571,0.0,0.8562385666847673,0.8252427184466019,0.8422619047619048,0.8337523116042533,1.0,0.8,0.8939327000407502
bbbp,classification,2,1,stratified_scaffold_group,stratified_scaffold_group,15,gb_lr0.05_d2,boosting,0.841284074605452,0.841284074605452,0.953118290545919,0.1087299593290556,0.0,0.8325827825137314,0.8088235294117647,0.6759581881533101,0.7423908587825374,1.0,0.8,0.4758374999510124
bbbp,classification,2,2,stratified_scaffold_group,stratified_scaffold_group,15,gb_lr0.05_d2,boosting,0.7955758807588076,0.7955758807588076,0.9081841315720254,0.132101139556892,0.0,0.834266549287402,0.8,0.6260162601626016,0.7130081300813008,1.0,0.8,0.3522778000333346
bbbp,classification,2,3,stratified_scaffold_group,stratified_scaffold_group,15,gb_lr0.05_d2,boosting,0.817455501618123,0.817455501618123,0.9248595699505242,0.1222906435591854,0.0,0.850202234031088,0.8058252427184466,0.5952380952380952,0.7005316689782709,1.0,0.8,0.4434994999901391
bbbp,classification,2,1,stratified_scaffold_group,stratified_scaffold_group,16,gb_lr0.1_d3,boosting,0.8577577372412382,0.8577577372412382,0.9601936584216412,0.1031334168977943,0.0,0.8643021420800212,0.8088235294117647,0.6829268292682927,0.7458751793400287,1.0,0.8,0.6878531000111252
bbbp,classification,2,2,stratified_scaffold_group,stratified_scaffold_group,16,gb_lr0.1_d3,boosting,0.7984485094850948,0.7984485094850948,0.9047693903039472,0.1272102561442649,0.0,0.8810752945856128,0.8133333333333334,0.6280487804878049,0.7206910569105691,1.0,0.8,0.496717499976512
bbbp,classification,2,3,stratified_scaffold_group,stratified_scaffold_group,16,gb_lr0.1_d3,boosting,0.8484454461396208,0.8484454461396208,0.9399125978823296,0.1123674209388885,0.0,0.8789901269823863,0.8058252427184466,0.6994047619047619,0.7526150023116043,1.0,0.8,0.6760435000178404
bbbp,classification,2,1,stratified_scaffold_group,stratified_scaffold_group,17,lgbm_60_l15,boosting,0.8857091617134659,0.8857091617134659,0.970372953692892,0.099492460822421,0.0,0.8139593447469915,0.8088235294117647,0.7770034843205574,0.792913506866161,1.0,0.8,0.0522512999596074
bbbp,classification,2,2,stratified_scaffold_group,stratified_scaffold_group,17,lgbm_60_l15,boosting,0.8302777777777778,0.8302777777777778,0.9235921717021784,0.1199422039299362,0.0,0.853488652774971,0.8,0.6666666666666666,0.7333333333333334,1.0,0.8,0.0449833999737165
bbbp,classification,2,3,stratified_scaffold_group,stratified_scaffold_group,17,lgbm_60_l15,boosting,0.8641932501155802,0.8641932501155802,0.9446323870405317,0.1094398905239763,0.0,0.8361837511374319,0.8058252427184466,0.7946428571428571,0.8002340499306518,1.0,0.8,0.0462942000012844
bbbp,classification,2,1,stratified_scaffold_group,stratified_scaffold_group,18,lgbm_90_l31,boosting,0.8809950809592131,0.8809950809592131,0.9674449440851264,0.0967368772119363,0.0,0.8596354933484455,0.8088235294117647,0.7770034843205574,0.792913506866161,1.0,0.8,0.0862145999562926
bbbp,classification,2,2,stratified_scaffold_group,stratified_scaffold_group,18,lgbm_90_l31,boosting,0.8271476964769648,0.8271476964769648,0.9270067013058696,0.1217732594037524,0.0,0.8970896928123188,0.8,0.6626016260162602,0.7313008130081301,1.0,0.8,0.0804253999958746
bbbp,classification,2,3,stratified_scaffold_group,stratified_scaffold_group,18,lgbm_90_l31,boosting,0.8680073971336107,0.8680073971336107,0.9480738934568468,0.107933834423846,0.0,0.894593429712465,0.8058252427184466,0.7648809523809523,0.7853530975496994,1.0,0.8,0.1184529000311158
bbbp,classification,2,1,stratified_scaffold_group,stratified_scaffold_group,19,lgbm_60_l63,boosting,0.8772545603607297,0.8772545603607297,0.9670697745048648,0.101327981970823,0.0,0.893803079309924,0.8088235294117647,0.7560975609756098,0.7824605451936872,1.0,0.8,0.1111884999554604
bbbp,classification,2,2,stratified_scaffold_group,stratified_scaffold_group,19,lgbm_60_l63,boosting,0.8377574525745257,0.8377574525745257,0.9292816160888008,0.1201802242808093,0.0,0.8786879100535114,0.8,0.725609756097561,0.7628048780487805,1.0,0.8,0.0684973999741487
bbbp,classification,2,3,stratified_scaffold_group,stratified_scaffold_group,19,lgbm_60_l63,boosting,0.868209662505779,0.868209662505779,0.9470736803738352,0.1084926425691741,0.0,0.8975634940035448,0.8155339805825242,0.7857142857142857,0.800624133148405,1.0,0.8,0.0773613000055775
bbbp,classification,2,1,stratified_scaffold_group,stratified_scaffold_group,20,lgbm_100_leaf10,boosting,0.8814562410329985,0.8814562410329985,0.9668507740733356,0.0972312192072818,0.0,0.8900060738056096,0.8088235294117647,0.7874564459930313,0.798139987702398,1.0,0.8,0.1108425999991595
bbbp,classification,2,2,stratified_scaffold_group,stratified_scaffold_group,20,lgbm_100_leaf10,boosting,0.8357655826558266,0.8357655826558266,0.9270869736215658,0.1255419405239724,0.0,0.9332296872942172,0.8066666666666666,0.7073170731707317,0.7569918699186992,1.0,0.8,0.0934070000075735
bbbp,classification,2,3,stratified_scaffold_group,stratified_scaffold_group,20,lgbm_100_leaf10,boosting,0.8803455848358762,0.8803455848358762,0.9516540918198318,0.11001678406568,0.0,0.9043766054953312,0.8155339805825242,0.8095238095238095,0.8125288950531668,1.0,0.8,0.097371399984695
bbbp,classification,2,1,stratified_scaffold_group,stratified_scaffold_group,21,lgbm_100_leaf30,boosting,0.8812512810002051,0.8812512810002051,0.9673786403673896,0.0964595798499033,0.0,0.8705181990264733,0.8088235294117647,0.735191637630662,0.7720075835212133,1.0,0.8,0.0833862000145018
bbbp,classification,2,2,stratified_scaffold_group,stratified_scaffold_group,21,lgbm_100_leaf30,boosting,0.8265108401084009,0.8265108401084009,0.9193669832429296,0.1208655958458421,0.0,0.8547643175218068,0.8,0.6951219512195121,0.7475609756097561,1.0,0.8,0.0626624999567866
bbbp,classification,2,3,stratified_scaffold_group,stratified_scaffold_group,21,lgbm_100_leaf30,boosting,0.8645110957004161,0.8645110957004161,0.9429406645504984,0.1067493058507489,0.0,0.8536455560568547,0.8058252427184466,0.7976190476190477,0.8017221451687471,1.0,0.8,0.0896539000095799
bbbp,classification,2,1,stratified_scaffold_group,stratified_scaffold_group,22,lgbm_80_ff0.7,boosting,0.8815587210493954,0.8815587210493954,0.9667015003200397,0.0947657118458045,0.0,0.8535021060239161,0.8088235294117647,0.794425087108014,0.8016243082598893,1.0,0.8,0.0815908000222407
bbbp,classification,2,2,stratified_scaffold_group,stratified_scaffold_group,22,lgbm_80_ff0.7,boosting,0.832269647696477,0.832269647696477,0.9328690184222264,0.1229230408349925,0.0,0.9065334359787808,0.8,0.6849593495934959,0.7424796747967479,1.0,0.8,0.0882481000153347
bbbp,classification,2,3,stratified_scaffold_group,stratified_scaffold_group,22,lgbm_80_ff0.7,boosting,0.8759824318076745,0.8759824318076745,0.9490115368007056,0.1038350050585208,0.0,0.8808369033834403,0.8058252427184466,0.8005952380952381,0.8032102404068424,1.0,0.8,0.092060399998445
bbbp,classification,2,1,stratified_scaffold_group,stratified_scaffold_group,23,lgbm_80_bag0.8,boosting,0.8817124410739906,0.8817124410739906,0.9679445905340456,0.0952460151394517,0.0,0.8751748264580311,0.8088235294117647,0.7630662020905923,0.7859448657511785,1.0,0.8,0.0822120999800972
bbbp,classification,2,2,stratified_scaffold_group,stratified_scaffold_group,23,lgbm_80_bag0.8,boosting,0.8322289972899729,0.8322289972899729,0.9319647750363717,0.1250801191237635,0.0,0.8972604272102466,0.8,0.6869918699186992,0.7434959349593496,1.0,0.8,0.0749212999944575
bbbp,classification,2,3,stratified_scaffold_group,stratified_scaffold_group,23,lgbm_80_bag0.8,boosting,0.8688453536754508,0.8688453536754508,0.9440680447857984,0.1041406170540886,0.0,0.8891080776768024,0.8058252427184466,0.7827380952380952,0.7942816689782709,1.0,0.8,0.0824910000083036
bbbp,classification,2,1,stratified_scaffold_group,stratified_scaffold_group,24,lgbm_120_l15,boosting,0.8937026029924166,0.8937026029924166,0.9718056992661552,0.0943028927028534,0.0,0.7885544278670098,0.8088235294117647,0.8362369337979094,0.8225302316048371,1.0,0.8,0.099948699993547
bbbp,classification,2,2,stratified_scaffold_group,stratified_scaffold_group,24,lgbm_120_l15,boosting,0.8324051490514907,0.8324051490514907,0.9264482285517054,0.1214512377326873,0.0,0.8774717623434439,0.8200000000000001,0.6747967479674797,0.7473983739837399,1.0,0.8,0.0916794000077061
bbbp,classification,2,3,stratified_scaffold_group,stratified_scaffold_group,24,lgbm_120_l15,boosting,0.8678629218677764,0.8678629218677764,0.9476003403495216,0.1078461152294742,0.0,0.8571108882106225,0.8058252427184466,0.7827380952380952,0.7942816689782709,1.0,0.8,0.0783062999835237
bbbp,classification,2,1,stratified_scaffold_group,stratified_scaffold_group,25,xgb_60_d3,boosting,0.8752305800368928,0.8752305800368928,0.9663399332172464,0.1009518709632126,0.0,0.8320213556289673,0.8088235294117647,0.735191637630662,0.7720075835212133,1.0,0.8,0.0740411999868229
bbbp,classification,2,2,stratified_scaffold_group,stratified_scaffold_group,25,xgb_60_d3,boosting,0.816829268292683,0.816829268292683,0.9180059177507676,0.1215444172326528,0.0,0.8378974795341492,0.8,0.6260162601626016,0.7130081300813008,1.0,0.8,0.0637371000484563
bbbp,classification,2,3,stratified_scaffold_group,stratified_scaffold_group,25,xgb_60_d3,boosting,0.8623150716597319,0.8623150716597319,0.943340971999178,0.1116447095929096,0.0,0.8433956503868103,0.8058252427184466,0.7410714285714286,0.7734483356449375,1.0,0.8,0.0636351999710314
bbbp,classification,2,1,stratified_scaffold_group,stratified_scaffold_group,26,xgb_80_d5,boosting,0.8803289608526338,0.8803289608526338,0.9662406179486448,0.0982009967655023,0.0,0.8332366347312927,0.8235294117647058,0.8083623693379791,0.8159458905513425,1.0,0.8,0.1146218000212684
bbbp,classification,2,2,stratified_scaffold_group,stratified_scaffold_group,26,xgb_80_d5,boosting,0.835738482384824,0.835738482384824,0.929375905689274,0.1160094546469246,0.0,0.8194383382797241,0.8,0.7296747967479674,0.7648373983739838,1.0,0.8,0.1013370000291615
bbbp,classification,2,3,stratified_scaffold_group,stratified_scaffold_group,26,xgb_80_d5,boosting,0.8708969024503005,0.8708969024503005,0.9458993649143984,0.1085360416693536,0.0,0.8366182446479797,0.8058252427184466,0.8095238095238095,0.807674526121128,1.0,0.8,0.1056205999921076
bbbp,classification,2,1,stratified_scaffold_group,stratified_scaffold_group,27,xgb_100_d3,boosting,0.878586800573888,0.878586800573888,0.968031678611768,0.1011627555781989,0.0,0.835816502571106,0.8088235294117647,0.7386759581881533,0.773749743799959,1.0,0.8,0.0868795000133104
bbbp,classification,2,2,stratified_scaffold_group,stratified_scaffold_group,27,xgb_100_d3,boosting,0.8183265582655825,0.8183265582655825,0.9144272760838204,0.1219227722201116,0.0,0.8471677899360657,0.8,0.6382113821138211,0.7191056910569106,1.0,0.8,0.0859364999923855
bbbp,classification,2,3,stratified_scaffold_group,stratified_scaffold_group,27,xgb_100_d3,boosting,0.8581252889505318,0.8581252889505318,0.941771735602544,0.1129832739233847,0.0,0.8298232555389404,0.8058252427184466,0.7857142857142857,0.7957697642163661,1.0,0.8,0.1030363999889232
bbbp,classification,2,1,stratified_scaffold_group,stratified_scaffold_group,28,xgb_60_d6,boosting,0.8772033203525312,0.8772033203525312,0.9649761615867714,0.098085296747623,0.0,0.8292285799980164,0.8088235294117647,0.8118466898954704,0.8103351096536175,1.0,0.8,0.0881299000466242
bbbp,classification,2,2,stratified_scaffold_group,stratified_scaffold_group,28,xgb_60_d6,boosting,0.8269783197831979,0.8269783197831979,0.92198947295078,0.1197413085778358,0.0,0.8624845743179321,0.8,0.6646341463414634,0.7323170731707318,1.0,0.8,0.0808817999786697
bbbp,classification,2,3,stratified_scaffold_group,stratified_scaffold_group,28,xgb_60_d6,boosting,0.8757223763291725,0.8757223763291725,0.9486073801072068,0.1078132040333178,0.0,0.8413113951683044,0.8058252427184466,0.8214285714285714,0.8136269070735089,1.0,0.8,0.0861900000018067
bbbp,classification,2,1,stratified_scaffold_group,stratified_scaffold_group,29,cat_60_d4,boosting,0.8503023160483706,0.8503023160483706,0.9550830748504612,0.1064651245809545,0.0,0.823201345289489,0.8088235294117647,0.7177700348432056,0.7632967821274852,1.0,0.8,0.2924715999979526
bbbp,classification,2,2,stratified_scaffold_group,stratified_scaffold_group,29,cat_60_d4,boosting,0.8002845528455285,0.8002845528455285,0.916330525934585,0.1257678027421209,0.0,0.8423078550102555,0.8,0.5873983739837398,0.6936991869918699,1.0,0.8,0.2861725999973714
bbbp,classification,2,3,stratified_scaffold_group,stratified_scaffold_group,29,cat_60_d4,boosting,0.8399791955617197,0.8399791955617197,0.93260540106567,0.1191133804225978,0.0,0.8402937251993778,0.8058252427184466,0.6994047619047619,0.7526150023116043,1.0,0.8,0.2760949999792501
bbbp,classification,2,1,stratified_scaffold_group,stratified_scaffold_group,30,cat_80_d6,boosting,0.8717718794835009,0.8717718794835009,0.9647613875876386,0.1024993835311839,0.0,0.8185035866120949,0.8088235294117647,0.759581881533101,0.7842027054724329,1.0,0.8,0.9617442000308074
bbbp,classification,2,2,stratified_scaffold_group,stratified_scaffold_group,30,cat_80_d6,boosting,0.8128116531165311,0.8128116531165311,0.9140677529690306,0.1239972004508086,0.0,0.8478028455378023,0.8,0.6097560975609756,0.7048780487804878,1.0,0.8,0.8391889000195079
bbbp,classification,2,3,stratified_scaffold_group,stratified_scaffold_group,30,cat_80_d6,boosting,0.8602057327785484,0.8602057327785484,0.94107944029092,0.1134221348423297,0.0,0.8373511905612399,0.8155339805825242,0.7648809523809523,0.7902074664817382,1.0,0.8,0.8995713000185788
bbbp,classification,2,1,stratified_scaffold_group,stratified_scaffold_group,31,cat_100_d4,boosting,0.8640346382455422,0.8640346382455422,0.9613643457623984,0.1039811956832186,0.0,0.8198460801416738,0.8088235294117647,0.7421602787456446,0.7754919040787047,1.0,0.8,0.4496051999740302
bbbp,classification,2,2,stratified_scaffold_group,stratified_scaffold_group,31,cat_100_d4,boosting,0.8019715447154472,0.8019715447154472,0.90886870750528,0.1266997443106463,0.0,0.836288651763325,0.8,0.6138211382113821,0.7069105691056911,1.0,0.8,0.4077521000290289
bbbp,classification,2,3,stratified_scaffold_group,stratified_scaffold_group,31,cat_100_d4,boosting,0.842753120665742,0.842753120665742,0.9363323382242834,0.1182563201595582,0.0,0.8358996684477316,0.8058252427184466,0.6994047619047619,0.7526150023116043,1.0,0.8,0.4353767000138759
bbbp,classification,2,1,stratified_scaffold_group,stratified_scaffold_group,32,cat_60_d8,boosting,0.864393318302931,0.864393318302931,0.9612293673389692,0.1011914700764067,0.0,0.8330464735058858,0.8088235294117647,0.7317073170731707,0.7702654232424677,1.0,0.8,2.4906589000020176
bbbp,classification,2,2,stratified_scaffold_group,stratified_scaffold_group,32,cat_60_d8,boosting,0.8253455284552845,0.8253455284552845,0.9239255752591036,0.123311411232981,0.0,0.8415944408858299,0.8,0.6890243902439024,0.7445121951219512,1.0,0.8,2.2247105999849737
bbbp,classification,2,3,stratified_scaffold_group,stratified_scaffold_group,32,cat_60_d8,boosting,0.8765314378178456,0.8765314378178456,0.9441060073716928,0.1077713688820824,0.0,0.8145728033584597,0.8058252427184466,0.8244047619047619,0.8151150023116043,1.0,0.8,3.7535872000153176
bbbp,classification,3,1,stratified_scaffold_group,stratified_scaffold_group,1,logreg_l2_c0.1,linear,0.8427611367127497,0.8427611367127497,0.9257163353009332,0.1460846622418141,0.0,0.6175608964386959,0.8,0.7258064516129032,0.7629032258064516,1.0,0.8,0.0044766999781131
bbbp,classification,3,2,stratified_scaffold_group,stratified_scaffold_group,1,logreg_l2_c0.1,linear,0.825503355704698,0.825503355704698,0.9337368365680844,0.1306793732742421,0.0,0.7442318723101568,0.8072289156626506,0.6073825503355704,0.7073057329991106,1.0,0.8,0.0061735999770462
bbbp,classification,3,3,stratified_scaffold_group,stratified_scaffold_group,1,logreg_l2_c0.1,linear,0.8621464446206715,0.8621464446206715,0.9549902233668328,0.1278321493759388,0.0,0.6742068317333925,0.8041237113402062,0.7122507122507122,0.7581872117954592,1.0,0.8,0.0048057999811135
bbbp,classification,3,1,stratified_scaffold_group,stratified_scaffold_group,2,logreg_l2_c1,linear,0.8141129032258065,0.8141129032258065,0.910209194217048,0.1568383621022448,0.0,0.8016465263863931,0.8,0.6532258064516129,0.7266129032258064,1.0,0.8,0.0059848999953828
bbbp,classification,3,2,stratified_scaffold_group,stratified_scaffold_group,2,logreg_l2_c1,linear,0.808926983100186,0.808926983100186,0.9255303640396876,0.1365314652708541,0.0,0.9234927207482984,0.8072289156626506,0.6208053691275168,0.7140171423950837,1.0,0.8,0.0074208999867551
bbbp,classification,3,3,stratified_scaffold_group,stratified_scaffold_group,2,logreg_l2_c1,linear,0.8343613240520458,0.8343613240520458,0.9413268590731456,0.1360068570700889,0.0,0.8438738116725153,0.8041237113402062,0.6780626780626781,0.7410931947014421,1.0,0.8,0.0063908000010997
bbbp,classification,3,1,stratified_scaffold_group,stratified_scaffold_group,3,logreg_l2_c10,linear,0.7864247311827957,0.7864247311827957,0.897684520906214,0.1916808070038232,0.0,0.9479507729859282,0.8,0.6344086021505376,0.7172043010752689,1.0,0.8,0.0084676999831572
bbbp,classification,3,2,stratified_scaffold_group,stratified_scaffold_group,3,logreg_l2_c10,linear,0.7944934098811353,0.7944934098811353,0.9140479181980748,0.1465090373568896,0.0,0.9966859864563176,0.8072289156626506,0.5604026845637584,0.6838158001132045,1.0,0.8,0.0109718999592587
bbbp,classification,3,3,stratified_scaffold_group,stratified_scaffold_group,3,logreg_l2_c10,linear,0.8071636267512556,0.8071636267512556,0.9306017171760604,0.1644795675610892,0.0,0.972456097317446,0.8041237113402062,0.6410256410256411,0.7225746761829237,1.0,0.8,0.0102710000355727
bbbp,classification,3,1,stratified_scaffold_group,stratified_scaffold_group,4,logreg_l1_c1,linear,0.8099846390168971,0.8099846390168971,0.9127129689204206,0.1651817936419777,0.0,0.786138515980573,0.8,0.6451612903225806,0.7225806451612904,1.0,0.8,0.0104834000230766
bbbp,classification,3,2,stratified_scaffold_group,stratified_scaffold_group,4,logreg_l1_c1,linear,0.8192771084337349,0.8192771084337349,0.9286068628244228,0.1395385341119436,0.0,0.9210804719129624,0.8072289156626506,0.6073825503355704,0.7073057329991106,1.0,0.8,0.0171572000253945
bbbp,classification,3,3,stratified_scaffold_group,stratified_scaffold_group,4,logreg_l1_c1,linear,0.8176785032455136,0.8176785032455136,0.939276044512859,0.149713184892668,0.0,0.8515680762216933,0.8041237113402062,0.6581196581196581,0.7311216847299322,1.0,0.8,0.016806399973575
bbbp,classification,3,1,stratified_scaffold_group,stratified_scaffold_group,5,rf_60_sqrt,bagging,0.8552515360983102,0.8552515360983102,0.926047977164202,0.1308356133471979,0.0,0.8,0.8,0.7096774193548387,0.7548387096774194,1.0,0.8,0.112591799988877
bbbp,classification,3,2,stratified_scaffold_group,stratified_scaffold_group,5,rf_60_sqrt,bagging,0.827140777876607,0.827140777876607,0.9291228347024956,0.1115314087359418,0.0,0.8065998329156224,0.8072289156626506,0.6442953020134228,0.7257621088380367,1.0,0.8,0.1077420000219717
bbbp,classification,3,3,stratified_scaffold_group,stratified_scaffold_group,5,rf_60_sqrt,bagging,0.8874497018826916,0.8874497018826916,0.9589901191785052,0.1028152560862542,0.0,0.7690202342917998,0.8247422680412371,0.7663817663817664,0.7955620172115017,1.0,0.8,0.1083447000128217
bbbp,classification,3,1,stratified_scaffold_group,stratified_scaffold_group,6,rf_90_d12,bagging,0.8528801843317972,0.8528801843317972,0.933432914137541,0.137340515948347,0.0,0.7286091285889476,0.8,0.7016129032258065,0.7508064516129033,1.0,0.8,0.1623852999764494
bbbp,classification,3,2,stratified_scaffold_group,stratified_scaffold_group,6,rf_90_d12,bagging,0.8285760491630954,0.8285760491630954,0.9287796243219856,0.119261959371777,0.0,0.7451160846621876,0.8072289156626506,0.5906040268456376,0.6989164712541441,1.0,0.8,0.1630662000388838
bbbp,classification,3,3,stratified_scaffold_group,stratified_scaffold_group,6,rf_90_d12,bagging,0.8922225159338562,0.8922225159338562,0.964972215350422,0.1124524819561385,0.0,0.7003907018969673,0.8041237113402062,0.8005698005698005,0.8023467559550034,1.0,0.8,0.1577326999977231
bbbp,classification,3,1,stratified_scaffold_group,stratified_scaffold_group,7,rf_90_leaf2,bagging,0.8663402457757295,0.8663402457757295,0.939753884041052,0.1313848092053994,0.0,0.721433830203492,0.8,0.7580645161290323,0.7790322580645161,1.0,0.8,0.1562441000132821
bbbp,classification,3,2,stratified_scaffold_group,stratified_scaffold_group,7,rf_90_leaf2,bagging,0.8311231503193984,0.8311231503193984,0.9328636462547836,0.1152000095732708,0.0,0.7576805338949341,0.8072289156626506,0.6375838926174496,0.7224064041400502,1.0,0.8,0.164799399964977
bbbp,classification,3,3,stratified_scaffold_group,stratified_scaffold_group,7,rf_90_leaf2,bagging,0.8967456750961906,0.8967456750961906,0.964297663005848,0.1061992270079107,0.0,0.700851219512634,0.8041237113402062,0.8062678062678063,0.8051957588040062,1.0,0.8,0.1641237000003457
bbbp,classification,3,1,stratified_scaffold_group,stratified_scaffold_group,8,rf_120_d20_leaf2,bagging,0.8713133640552997,0.8713133640552997,0.941902852653432,0.1296312755761555,0.0,0.6994431752862545,0.8,0.8172043010752689,0.8086021505376344,1.0,0.8,0.1983752999803982
bbbp,classification,3,2,stratified_scaffold_group,stratified_scaffold_group,8,rf_120_d20_leaf2,bagging,0.8316083124444085,0.8316083124444085,0.9336301822636536,0.1147946043372817,0.0,0.747024370899903,0.8072289156626506,0.6510067114093959,0.7291178135360232,1.0,0.8,0.2061373000033199
bbbp,classification,3,3,stratified_scaffold_group,stratified_scaffold_group,8,rf_120_d20_leaf2,bagging,0.8991541104943168,0.8991541104943168,0.9676199355290628,0.1077583737798942,0.0,0.7021576979460179,0.8144329896907216,0.7891737891737892,0.8018033894322554,1.0,0.8,0.217865900020115
bbbp,classification,3,1,stratified_scaffold_group,stratified_scaffold_group,9,et_60_sqrt,bagging,0.8433947772657449,0.8433947772657449,0.9222198554757388,0.133812121582345,0.0,0.7869521511861681,0.8214285714285714,0.6935483870967742,0.7574884792626728,1.0,0.8,0.0656707999878563
bbbp,classification,3,2,stratified_scaffold_group,stratified_scaffold_group,9,et_60_sqrt,bagging,0.8208134551629336,0.8208134551629336,0.9268518645216556,0.1104372017838997,0.0,0.8372395833333334,0.8313253012048193,0.5771812080536913,0.7042532546292553,1.0,0.8,0.0636553000076673
bbbp,classification,3,3,stratified_scaffold_group,stratified_scaffold_group,9,et_60_sqrt,bagging,0.8975827532528563,0.8975827532528563,0.9670920761820812,0.1012043224003345,0.0,0.7541620007465473,0.8041237113402062,0.7977207977207977,0.8009222545305019,1.0,0.8,0.0736361999879591
bbbp,classification,3,1,stratified_scaffold_group,stratified_scaffold_group,10,et_90_d12,bagging,0.8499615975422428,0.8499615975422428,0.931858610779858,0.1395179565992006,0.0,0.6908056746976013,0.8,0.7231182795698925,0.7615591397849463,1.0,0.8,0.0933158999541774
bbbp,classification,3,2,stratified_scaffold_group,stratified_scaffold_group,10,et_90_d12,bagging,0.8155575321419908,0.8155575321419908,0.9210512935905404,0.1220361463321699,0.0,0.7463122626142588,0.8072289156626506,0.587248322147651,0.6972386189051508,1.0,0.8,0.0925716999918222
bbbp,classification,3,3,stratified_scaffold_group,stratified_scaffold_group,10,et_90_d12,bagging,0.884439157635034,0.884439157635034,0.9615447705260288,0.1152340114539455,0.0,0.6954965941251756,0.8041237113402062,0.7635327635327636,0.7838282374364849,1.0,0.8,0.1151687999954447
bbbp,classification,3,1,stratified_scaffold_group,stratified_scaffold_group,11,et_90_leaf2,bagging,0.8635368663594469,0.8635368663594469,0.9368875686774668,0.1274278083580066,0.0,0.7080188445100344,0.8,0.782258064516129,0.7911290322580645,1.0,0.8,0.0978976999758742
bbbp,classification,3,2,stratified_scaffold_group,stratified_scaffold_group,11,et_90_leaf2,bagging,0.8270397024338967,0.8270397024338967,0.929808813950336,0.1122607936722814,0.0,0.7697892278759757,0.8072289156626506,0.6510067114093959,0.7291178135360232,1.0,0.8,0.1002632000017911
bbbp,classification,3,3,stratified_scaffold_group,stratified_scaffold_group,11,et_90_leaf2,bagging,0.8988603988603988,0.8988603988603988,0.9669430148248436,0.1027595633852326,0.0,0.6971498906187195,0.8041237113402062,0.8461538461538461,0.8251387787470261,1.0,0.8,0.0973540000268258
bbbp,classification,3,1,stratified_scaffold_group,stratified_scaffold_group,12,et_120_d20_leaf2,bagging,0.8671082949308756,0.8671082949308756,0.9394795371737764,0.1287459989248391,0.0,0.6938796543401574,0.8,0.7688172043010753,0.7844086021505376,1.0,0.8,0.1231747000128962
bbbp,classification,3,2,stratified_scaffold_group,stratified_scaffold_group,12,et_120_d20_leaf2,bagging,0.8386835934341392,0.8386835934341392,0.9352647823495204,0.1104548969361473,0.0,0.7487547238903992,0.8072289156626506,0.6879194630872483,0.7475741893749495,1.0,0.8,0.1243445000145584
bbbp,classification,3,3,stratified_scaffold_group,stratified_scaffold_group,12,et_120_d20_leaf2,bagging,0.90382412547361,0.90382412547361,0.9693824517229096,0.1048641420733829,0.0,0.6868487285274817,0.8144329896907216,0.8148148148148148,0.8146239022527682,1.0,0.8,0.1180458000162616
bbbp,classification,3,1,stratified_scaffold_group,stratified_scaffold_group,13,histgb_lr0.05,boosting,0.8671850998463903,0.8671850998463903,0.9383847031967028,0.1307162153563589,0.0,0.8542732441612034,0.8,0.7553763440860215,0.7776881720430108,1.0,0.8,1.0561082999920473
bbbp,classification,3,2,stratified_scaffold_group,stratified_scaffold_group,13,histgb_lr0.05,boosting,0.8329020781111022,0.8329020781111022,0.9297300820753271,0.1091605890054697,0.0,0.8935460972954032,0.8072289156626506,0.6879194630872483,0.7475741893749495,1.0,0.8,1.1335818000370637
bbbp,classification,3,3,stratified_scaffold_group,stratified_scaffold_group,13,histgb_lr0.05,boosting,0.8493112462184628,0.8493112462184628,0.9478970112544968,0.112774779853473,0.0,0.8915977846854327,0.8041237113402062,0.7008547008547008,0.7524892060974535,1.0,0.8,1.086060900008306
bbbp,classification,3,1,stratified_scaffold_group,stratified_scaffold_group,14,histgb_lr0.1,boosting,0.8580645161290322,0.8580645161290322,0.9356663232601812,0.134560025642478,0.0,0.910173402252188,0.8,0.7016129032258065,0.7508064516129033,1.0,0.8,0.8795670000254177
bbbp,classification,3,2,stratified_scaffold_group,stratified_scaffold_group,14,histgb_lr0.1,boosting,0.8175386108191154,0.8175386108191154,0.9228316705961804,0.1132282945661671,0.0,0.9537084482086968,0.8072289156626506,0.5570469798657718,0.6821379477642112,1.0,0.8,0.877521600050386
bbbp,classification,3,3,stratified_scaffold_group,stratified_scaffold_group,14,histgb_lr0.1,boosting,0.8500748964666491,0.8500748964666491,0.9490934050498846,0.1148916431979087,0.0,0.9089828438645682,0.8041237113402062,0.7122507122507122,0.7581872117954592,1.0,0.8,0.9010653999866918
bbbp,classification,3,1,stratified_scaffold_group,stratified_scaffold_group,15,gb_lr0.05_d2,boosting,0.8178955453149002,0.8178955453149002,0.9053031816559832,0.1445207949463231,0.0,0.857874678685759,0.8,0.5994623655913979,0.6997311827956989,1.0,0.8,0.3602513000369072
bbbp,classification,3,2,stratified_scaffold_group,stratified_scaffold_group,15,gb_lr0.05_d2,boosting,0.7862254386674215,0.7862254386674215,0.9103017979558016,0.1209034310457927,0.0,0.856380636452827,0.8072289156626506,0.5369127516778524,0.6720708336702514,1.0,0.8,0.401772000011988
bbbp,classification,3,3,stratified_scaffold_group,stratified_scaffold_group,15,gb_lr0.05_d2,boosting,0.8091608658618967,0.8091608658618967,0.9260506175313248,0.124146900137512,0.0,0.8208055258282189,0.8041237113402062,0.6723646723646723,0.7382441918524393,1.0,0.8,0.3717319000279531
bbbp,classification,3,1,stratified_scaffold_group,stratified_scaffold_group,16,gb_lr0.1_d3,boosting,0.8567780337941628,0.8567780337941628,0.9280353375909868,0.1299505652239475,0.0,0.8769771682069885,0.8,0.7150537634408602,0.7575268817204301,1.0,0.8,0.5541527000023052
bbbp,classification,3,2,stratified_scaffold_group,stratified_scaffold_group,16,gb_lr0.1_d3,boosting,0.8206517344545968,0.8206517344545968,0.9319786803092788,0.1131131841659655,0.0,0.894900317230687,0.8072289156626506,0.6308724832214765,0.7190506994420636,1.0,0.8,0.6326531000086106
bbbp,classification,3,3,stratified_scaffold_group,stratified_scaffold_group,16,gb_lr0.1_d3,boosting,0.8377830645871883,0.8377830645871883,0.9415070032335472,0.1183794304477533,0.0,0.8592603411034543,0.8041237113402062,0.7464387464387464,0.7752812288894764,1.0,0.8,0.5895854000118561
bbbp,classification,3,1,stratified_scaffold_group,stratified_scaffold_group,17,lgbm_60_l15,boosting,0.8736943164362518,0.8736943164362518,0.9359051196750524,0.1277192487689112,0.0,0.8347950973105159,0.8,0.8091397849462365,0.8045698924731183,1.0,0.8,0.0493276999914087
bbbp,classification,3,2,stratified_scaffold_group,stratified_scaffold_group,17,lgbm_60_l15,boosting,0.8196005498504083,0.8196005498504083,0.9289737967484446,0.1128654663837388,0.0,0.8854007411095617,0.8072289156626506,0.6308724832214765,0.7190506994420636,1.0,0.8,0.0541340000345371
bbbp,classification,3,3,stratified_scaffold_group,stratified_scaffold_group,17,lgbm_60_l15,boosting,0.854524627720504,0.854524627720504,0.9457216057489526,0.1088978447902775,0.0,0.8510595428549022,0.8041237113402062,0.717948717948718,0.761036214644462,1.0,0.8,0.0572261999477632
bbbp,classification,3,1,stratified_scaffold_group,stratified_scaffold_group,18,lgbm_90_l31,boosting,0.8651305683563748,0.8651305683563748,0.9310329912910886,0.13119177046867,0.0,0.8701989567357706,0.8,0.7768817204301075,0.7884408602150538,1.0,0.8,0.0862723000464029
bbbp,classification,3,2,stratified_scaffold_group,stratified_scaffold_group,18,lgbm_90_l31,boosting,0.8132125818711086,0.8132125818711086,0.919789298972748,0.1141158044555031,0.0,0.9473563063989352,0.8072289156626506,0.5503355704697986,0.6787822430662247,1.0,0.8,0.0840419000014662
bbbp,classification,3,3,stratified_scaffold_group,stratified_scaffold_group,18,lgbm_90_l31,boosting,0.8622639292742386,0.8622639292742386,0.9563114797803584,0.1123756308561025,0.0,0.902057911932074,0.8041237113402062,0.7207977207977208,0.7624607160689635,1.0,0.8,0.0858621000079438
bbbp,classification,3,1,stratified_scaffold_group,stratified_scaffold_group,19,lgbm_60_l63,boosting,0.8602918586789554,0.8602918586789554,0.931197172566596,0.1335686941383053,0.0,0.9110690362838384,0.8,0.7016129032258065,0.7508064516129033,1.0,0.8,0.0623798000160604
bbbp,classification,3,2,stratified_scaffold_group,stratified_scaffold_group,19,lgbm_60_l63,boosting,0.821622058704617,0.821622058704617,0.9213176723390172,0.1096919449631685,0.0,0.9452892956560958,0.8192771084337349,0.5973154362416108,0.7082962723376729,1.0,0.8,0.068305600027088
bbbp,classification,3,3,stratified_scaffold_group,stratified_scaffold_group,19,lgbm_60_l63,boosting,0.8516609392898054,0.8516609392898054,0.951159613881357,0.1137849753466782,0.0,0.9171100188563682,0.8041237113402062,0.7008547008547008,0.7524892060974535,1.0,0.8,0.0655937000410631
bbbp,classification,3,1,stratified_scaffold_group,stratified_scaffold_group,20,lgbm_100_leaf10,boosting,0.8636520737327189,0.8636520737327189,0.9317217226762872,0.1400134701693212,0.0,0.930675009344036,0.8071428571428572,0.7338709677419355,0.7705069124423963,1.0,0.8,0.1018832999980077
bbbp,classification,3,2,stratified_scaffold_group,stratified_scaffold_group,20,lgbm_100_leaf10,boosting,0.8255437858817821,0.8255437858817821,0.930089229161115,0.1135686550305761,0.0,0.9475135006671012,0.8072289156626506,0.6476510067114094,0.72743996118703,1.0,0.8,0.0959233999601565
bbbp,classification,3,3,stratified_scaffold_group,stratified_scaffold_group,20,lgbm_100_leaf10,boosting,0.8664346344758715,0.8664346344758715,0.95285836890117,0.1061737896908549,0.0,0.9376096423338884,0.8041237113402062,0.7207977207977208,0.7624607160689635,1.0,0.8,0.0962670000153593
bbbp,classification,3,1,stratified_scaffold_group,stratified_scaffold_group,21,lgbm_100_leaf30,boosting,0.8584677419354839,0.8584677419354839,0.9306270680405608,0.1306287090814504,0.0,0.8550209218848088,0.8,0.7768817204301075,0.7884408602150538,1.0,0.8,0.063426700013224
bbbp,classification,3,2,stratified_scaffold_group,stratified_scaffold_group,21,lgbm_100_leaf30,boosting,0.8269588420797284,0.8269588420797284,0.9270207740649254,0.109552939137567,0.0,0.9238899116920946,0.8072289156626506,0.6208053691275168,0.7140171423950837,1.0,0.8,0.0689179999753832
bbbp,classification,3,3,stratified_scaffold_group,stratified_scaffold_group,21,lgbm_100_leaf30,boosting,0.8496049578523805,0.8496049578523805,0.9480271439310204,0.1095734837453526,0.0,0.8875146939888044,0.8041237113402062,0.698005698005698,0.7510647046729522,1.0,0.8,0.0699114000308327
bbbp,classification,3,1,stratified_scaffold_group,stratified_scaffold_group,22,lgbm_80_ff0.7,boosting,0.874942396313364,0.874942396313364,0.9390762517429146,0.1293997936285287,0.0,0.8907690191426975,0.8,0.7661290322580645,0.7830645161290323,1.0,0.8,0.0798969999887049
bbbp,classification,3,2,stratified_scaffold_group,stratified_scaffold_group,22,lgbm_80_ff0.7,boosting,0.8226328131317215,0.8226328131317215,0.9271499956768056,0.1115233059838358,0.0,0.9392877739248708,0.8072289156626506,0.6778523489932886,0.7425406323279696,1.0,0.8,0.0734951000194996
bbbp,classification,3,3,stratified_scaffold_group,stratified_scaffold_group,22,lgbm_80_ff0.7,boosting,0.8680794196258115,0.8680794196258115,0.9587675941541758,0.11140306666088,0.0,0.9093488330847486,0.8041237113402062,0.7378917378917379,0.7710077246159721,1.0,0.8,0.0696227000444196
bbbp,classification,3,1,stratified_scaffold_group,stratified_scaffold_group,23,lgbm_80_bag0.8,boosting,0.871121351766513,0.871121351766513,0.935626855789912,0.1291347168570843,0.0,0.8757591739149917,0.8,0.803763440860215,0.8018817204301075,1.0,0.8,0.065719700010959
bbbp,classification,3,2,stratified_scaffold_group,stratified_scaffold_group,23,lgbm_80_bag0.8,boosting,0.818387644537883,0.818387644537883,0.9191960528569576,0.1088289218410025,0.0,0.9421231224858804,0.8072289156626506,0.6308724832214765,0.7190506994420636,1.0,0.8,0.0733818000298924
bbbp,classification,3,3,stratified_scaffold_group,stratified_scaffold_group,23,lgbm_80_bag0.8,boosting,0.8785649249566776,0.8785649249566776,0.9588818977697344,0.1032749720294581,0.0,0.8770759422197854,0.8144329896907216,0.7521367521367521,0.7832848709137369,1.0,0.8,0.068893100018613
bbbp,classification,3,1,stratified_scaffold_group,stratified_scaffold_group,24,lgbm_120_l15,boosting,0.8639784946236558,0.8639784946236558,0.9318080261184566,0.1306752412232578,0.0,0.8693644505226676,0.8071428571428572,0.739247311827957,0.7731950844854071,1.0,0.8,0.0655345999985002
bbbp,classification,3,2,stratified_scaffold_group,stratified_scaffold_group,24,lgbm_120_l15,boosting,0.8336298212986172,0.8336298212986172,0.934724295339989,0.108501686389331,0.0,0.9066132567825108,0.8072289156626506,0.6543624161073825,0.7307956658850165,1.0,0.8,0.0781313000479713
bbbp,classification,3,3,stratified_scaffold_group,stratified_scaffold_group,24,lgbm_120_l15,boosting,0.8665521191294387,0.8665521191294387,0.9541129447739446,0.1078316827519446,0.0,0.8842089229051778,0.8041237113402062,0.7207977207977208,0.7624607160689635,1.0,0.8,0.0690605000127106
bbbp,classification,3,1,stratified_scaffold_group,stratified_scaffold_group,25,xgb_60_d3,boosting,0.8614439324116744,0.8614439324116744,0.9299219279220248,0.1328288728343133,0.0,0.8353510499000549,0.8071428571428572,0.7526881720430108,0.779915514592934,1.0,0.8,0.0562965999706648
bbbp,classification,3,2,stratified_scaffold_group,stratified_scaffold_group,25,xgb_60_d3,boosting,0.8194994744076979,0.8194994744076979,0.9316917023032428,0.111847931681163,0.0,0.8626641035079956,0.8072289156626506,0.610738255033557,0.7089835853481039,1.0,0.8,0.0665926999645307
bbbp,classification,3,3,stratified_scaffold_group,stratified_scaffold_group,25,xgb_60_d3,boosting,0.8481070285193996,0.8481070285193996,0.945051731801872,0.1102240915484978,0.0,0.845522403717041,0.8041237113402062,0.6923076923076923,0.7482157018239493,1.0,0.8,0.056096099957358
bbbp,classification,3,1,stratified_scaffold_group,stratified_scaffold_group,26,xgb_80_d5,boosting,0.865639400921659,0.865639400921659,0.9338297546719692,0.1319413756207542,0.0,0.8393808603286743,0.8,0.7580645161290323,0.7790322580645161,1.0,0.8,0.0742491999990306
bbbp,classification,3,2,stratified_scaffold_group,stratified_scaffold_group,26,xgb_80_d5,boosting,0.8239670089754992,0.8239670089754992,0.929564337622998,0.1091560768216291,0.0,0.8913593888282776,0.8072289156626506,0.6409395973154363,0.7240842564890435,1.0,0.8,0.0817534999805502
bbbp,classification,3,3,stratified_scaffold_group,stratified_scaffold_group,26,xgb_80_d5,boosting,0.8671835991423621,0.8671835991423621,0.9548205107671724,0.1025066057475106,0.0,0.8512348532676697,0.8041237113402062,0.717948717948718,0.761036214644462,1.0,0.8,0.0819067999836988
bbbp,classification,3,1,stratified_scaffold_group,stratified_scaffold_group,27,xgb_100_d3,boosting,0.8596102150537633,0.8596102150537633,0.9309820409851284,0.1343950290333591,0.0,0.8489606380462646,0.8,0.7123655913978495,0.7561827956989248,1.0,0.8,0.0696473999996669
bbbp,classification,3,2,stratified_scaffold_group,stratified_scaffold_group,27,xgb_100_d3,boosting,0.824573461631762,0.824573461631762,0.9349073388831316,0.1120635721661911,0.0,0.8706910610198975,0.8192771084337349,0.610738255033557,0.7150076817336459,1.0,0.8,0.0747403999557718
bbbp,classification,3,3,stratified_scaffold_group,stratified_scaffold_group,27,xgb_100_d3,boosting,0.8618674185684495,0.8618674185684495,0.9503307632711088,0.106452452806241,0.0,0.8290137052536011,0.8041237113402062,0.7321937321937322,0.7681587217669692,1.0,0.8,0.071921199967619
bbbp,classification,3,1,stratified_scaffold_group,stratified_scaffold_group,28,xgb_60_d6,boosting,0.8752304147465437,0.8752304147465437,0.941572489541685,0.1298521936922836,0.0,0.8499608039855957,0.8,0.7768817204301075,0.7884408602150538,1.0,0.8,0.0682191000087186
bbbp,classification,3,2,stratified_scaffold_group,stratified_scaffold_group,28,xgb_60_d6,boosting,0.8449907010592707,0.8449907010592707,0.937563219850332,0.1037441441402456,0.0,0.8654741048812866,0.8192771084337349,0.7281879194630873,0.773732513948411,1.0,0.8,0.0733442999771796
bbbp,classification,3,3,stratified_scaffold_group,stratified_scaffold_group,28,xgb_60_d6,boosting,0.8766851704996035,0.8766851704996035,0.9590102279495534,0.1013706244664219,0.0,0.8635140657424927,0.8144329896907216,0.7407407407407407,0.7775868652157312,1.0,0.8,0.0669703999883495
bbbp,classification,3,1,stratified_scaffold_group,stratified_scaffold_group,29,cat_60_d4,boosting,0.8428571428571429,0.8428571428571429,0.918770533378386,0.134715129861011,0.0,0.857016886024819,0.8,0.6801075268817204,0.7400537634408602,1.0,0.8,0.2429351000464521
bbbp,classification,3,2,stratified_scaffold_group,stratified_scaffold_group,29,cat_60_d4,boosting,0.8122826877981726,0.8122826877981726,0.9253458344470932,0.110639180675919,0.0,0.8533754866278408,0.8072289156626506,0.5838926174496645,0.6955607665561576,1.0,0.8,0.2675206999992952
bbbp,classification,3,3,stratified_scaffold_group,stratified_scaffold_group,29,cat_60_d4,boosting,0.8483860545716215,0.8483860545716215,0.9474846400201644,0.1162405342380205,0.0,0.8208287692122406,0.8041237113402062,0.7094017094017094,0.7567627103709578,1.0,0.8,0.2374349000165239
bbbp,classification,3,1,stratified_scaffold_group,stratified_scaffold_group,30,cat_80_d6,boosting,0.8628840245775729,0.8628840245775729,0.936244843775384,0.1380486856224203,0.0,0.8312263784468227,0.8,0.7795698924731183,0.7897849462365591,1.0,0.8,0.834897099994123
bbbp,classification,3,2,stratified_scaffold_group,stratified_scaffold_group,30,cat_80_d6,boosting,0.8307592787256408,0.8307592787256408,0.9371240361420684,0.1082430759085947,0.0,0.8543617334607355,0.8072289156626506,0.6577181208053692,0.7324735182340099,1.0,0.8,0.9669448000495322
bbbp,classification,3,3,stratified_scaffold_group,stratified_scaffold_group,30,cat_80_d6,boosting,0.8496196434340764,0.8496196434340764,0.9457079313416236,0.112822812395641,0.0,0.822400587381601,0.8041237113402062,0.7094017094017094,0.7567627103709578,1.0,0.8,0.8602681999909692
bbbp,classification,3,1,stratified_scaffold_group,stratified_scaffold_group,31,cat_100_d4,boosting,0.8462173579109064,0.8462173579109064,0.9185471072344652,0.1374774972136091,0.0,0.8536229663330271,0.8,0.6666666666666666,0.7333333333333334,1.0,0.8,0.3723891999688931
bbbp,classification,3,2,stratified_scaffold_group,stratified_scaffold_group,31,cat_100_d4,boosting,0.8118379558502465,0.8118379558502465,0.9241257750544876,0.1120074561161841,0.0,0.8619532848410757,0.8072289156626506,0.5469798657718121,0.6771043907172314,1.0,0.8,0.4610768999555148
bbbp,classification,3,3,stratified_scaffold_group,stratified_scaffold_group,31,cat_100_d4,boosting,0.8423355949129145,0.8423355949129145,0.9432044103665064,0.1153204892443526,0.0,0.8208506650868364,0.8041237113402062,0.7008547008547008,0.7524892060974535,1.0,0.8,0.4177731000236235
bbbp,classification,3,1,stratified_scaffold_group,stratified_scaffold_group,32,cat_60_d8,boosting,0.8440668202764977,0.8440668202764977,0.926011139295418,0.1366647077486104,0.0,0.8602824981525294,0.8,0.6827956989247311,0.7413978494623656,1.0,0.8,1.9622094000224024
bbbp,classification,3,2,stratified_scaffold_group,stratified_scaffold_group,32,cat_60_d8,boosting,0.8272822834964018,0.8272822834964018,0.9337865421441144,0.1077445614551126,0.0,0.8811604641918195,0.8072289156626506,0.6174496644295302,0.7123392900460904,1.0,0.8,2.4078825000324287
bbbp,classification,3,3,stratified_scaffold_group,stratified_scaffold_group,32,cat_60_d8,boosting,0.8602960613269892,0.8602960613269892,0.9536927586835016,0.1107610668292061,0.0,0.8456671124519561,0.8041237113402062,0.7008547008547008,0.7524892060974535,1.0,0.8,2.183334500005003
bace,classification,1,1,stratified_scaffold_group,stratified_scaffold_group,1,logreg_l2_c0.1,linear,0.8592658831544882,0.8592658831544882,0.8470894440878216,0.1499258828645711,1.0,0.521379890706302,0.8070175438596491,0.8155339805825242,0.8112757622210867,1.0,0.8,0.0060796000179834
bace,classification,1,2,stratified_scaffold_group,stratified_scaffold_group,1,logreg_l2_c0.1,linear,0.8120182555780934,0.8120182555780934,0.7254932162876981,0.1768221461804466,1.0,0.4726684754742082,0.8017241379310345,0.7568627450980392,0.7792934415145368,1.0,0.8,0.0039938999689184
bace,classification,1,3,stratified_scaffold_group,stratified_scaffold_group,1,logreg_l2_c0.1,linear,0.8182745098039217,0.8182745098039217,0.7390613337468732,0.1618517387809401,1.0,0.3374111947230225,0.8,0.7156862745098039,0.7578431372549019,1.0,0.8,0.004777499998454
bace,classification,1,1,stratified_scaffold_group,stratified_scaffold_group,2,logreg_l2_c1,linear,0.8460654062340317,0.8460654062340317,0.8370939686665416,0.1629066763019864,1.0,0.4751254860061673,0.8157894736842105,0.7475728155339806,0.7816811446090955,1.0,0.8,0.0088284999947063
bace,classification,1,2,stratified_scaffold_group,stratified_scaffold_group,2,logreg_l2_c1,linear,0.7901960784313726,0.7901960784313726,0.7045761475547826,0.1944618056697946,1.0,0.4044899495086459,0.8017241379310345,0.6862745098039216,0.743999323867478,1.0,0.8,0.0049366999883204
bace,classification,1,3,stratified_scaffold_group,stratified_scaffold_group,2,logreg_l2_c1,linear,0.8029019607843138,0.8029019607843138,0.7220818721019272,0.1742406258098785,1.0,0.2188573104447865,0.8,0.7352941176470589,0.7676470588235295,1.0,0.8,0.0068251999909989
bace,classification,1,1,stratified_scaffold_group,stratified_scaffold_group,3,logreg_l2_c10,linear,0.8286067109521377,0.8286067109521377,0.8231175556866641,0.1998004252489945,1.0,0.2862843006255805,0.8070175438596491,0.6601941747572815,0.7336058593084653,1.0,0.8,0.0115115999942645
bace,classification,1,2,stratified_scaffold_group,stratified_scaffold_group,3,logreg_l2_c10,linear,0.7597363083164299,0.7597363083164299,0.6760771844253868,0.2455629792508751,1.0,0.1676922131693473,0.8103448275862069,0.6274509803921569,0.7188979039891819,1.0,0.8,0.0080524999648332
bace,classification,1,3,stratified_scaffold_group,stratified_scaffold_group,3,logreg_l2_c10,linear,0.7863137254901961,0.7863137254901961,0.6942029227644376,0.1931654956738155,1.0,0.0360525089363544,0.8,0.6225490196078431,0.7112745098039216,1.0,0.8,0.0108027000096626
bace,classification,1,1,stratified_scaffold_group,stratified_scaffold_group,4,logreg_l1_c1,linear,0.8530488843467893,0.8530488843467893,0.851881408168968,0.1606207716873486,1.0,0.5837538229974661,0.8070175438596491,0.7766990291262136,0.7918582864929313,1.0,0.8,0.0322558000334538
bace,classification,1,2,stratified_scaffold_group,stratified_scaffold_group,4,logreg_l1_c1,linear,0.7773918187964841,0.7773918187964841,0.7018656124349039,0.1986873868047121,1.0,0.3868405543812027,0.8017241379310345,0.6666666666666667,0.7341954022988506,1.0,0.8,0.0102843000204302
bace,classification,1,3,stratified_scaffold_group,stratified_scaffold_group,4,logreg_l1_c1,linear,0.794235294117647,0.794235294117647,0.7125758135184307,0.184261116215209,1.0,0.2107467683062222,0.8,0.6862745098039216,0.7431372549019608,1.0,0.8,0.0627683000057004
bace,classification,1,1,stratified_scaffold_group,stratified_scaffold_group,5,rf_60_sqrt,bagging,0.906276613864759,0.906276613864759,0.9052774041913036,0.1331437345954896,1.0,0.5405365126676602,0.8070175438596491,0.854368932038835,0.830693237949242,1.0,0.8,0.1057794999796897
bace,classification,1,2,stratified_scaffold_group,stratified_scaffold_group,5,rf_60_sqrt,bagging,0.8173258958755916,0.8173258958755916,0.7563841967367578,0.1788713564601397,1.0,0.4333333333333333,0.8017241379310345,0.7490196078431373,0.7753718728870859,1.0,0.8,0.0958557000267319
bace,classification,1,3,stratified_scaffold_group,stratified_scaffold_group,5,rf_60_sqrt,bagging,0.8273333333333334,0.8273333333333334,0.7614455657445989,0.1570481936260049,1.0,0.2666666666666666,0.808,0.6568627450980392,0.7324313725490197,1.0,0.8,0.1080432000453583
bace,classification,1,1,stratified_scaffold_group,stratified_scaffold_group,6,rf_90_d12,bagging,0.90005961505706,0.90005961505706,0.9021016526380145,0.1411497835943913,1.0,0.5026702653780339,0.8070175438596491,0.854368932038835,0.830693237949242,1.0,0.8,0.158672799996566
bace,classification,1,2,stratified_scaffold_group,stratified_scaffold_group,6,rf_90_d12,bagging,0.8294793779580797,0.8294793779580797,0.7687608138770781,0.174755131522013,1.0,0.4279820805362259,0.8103448275862069,0.7529411764705882,0.7816430020283975,1.0,0.8,0.1450006999657489
bace,classification,1,3,stratified_scaffold_group,stratified_scaffold_group,6,rf_90_d12,bagging,0.8152941176470588,0.8152941176470588,0.7574332409081518,0.1619568050456873,1.0,0.2905612945342986,0.808,0.6617647058823529,0.7348823529411765,1.0,0.8,0.1435725999763235
bace,classification,1,1,stratified_scaffold_group,stratified_scaffold_group,7,rf_90_leaf2,bagging,0.9030403679100664,0.9030403679100664,0.8936109969670111,0.1376047728539181,1.0,0.5280042939808847,0.8245614035087719,0.8446601941747574,0.8346107988417646,1.0,0.8,0.151197700004559
bace,classification,1,2,stratified_scaffold_group,stratified_scaffold_group,7,rf_90_leaf2,bagging,0.8291413116970926,0.8291413116970926,0.7677987620921414,0.1742917016360689,1.0,0.4596648037325854,0.8017241379310345,0.7568627450980392,0.7792934415145368,1.0,0.8,0.152699299971573
bace,classification,1,3,stratified_scaffold_group,stratified_scaffold_group,7,rf_90_leaf2,bagging,0.8145098039215686,0.8145098039215686,0.7686111683843593,0.1611498383224434,1.0,0.304058130469939,0.8,0.7009803921568627,0.7504901960784314,1.0,0.8,0.1435766000067815
bace,classification,1,1,stratified_scaffold_group,stratified_scaffold_group,8,rf_120_d20_leaf2,bagging,0.9022738886050076,0.9022738886050076,0.8958237593124467,0.1379127769564578,1.0,0.5294423302285888,0.8245614035087719,0.8349514563106796,0.8297564299097258,1.0,0.8,0.2003376000211574
bace,classification,1,2,stratified_scaffold_group,stratified_scaffold_group,8,rf_120_d20_leaf2,bagging,0.8269100743745774,0.8269100743745774,0.7635205578185575,0.1749496634216668,1.0,0.4625364868329903,0.8103448275862069,0.7607843137254902,0.7855645706558485,1.0,0.8,0.203333500016015
bace,classification,1,3,stratified_scaffold_group,stratified_scaffold_group,8,rf_120_d20_leaf2,bagging,0.8222745098039215,0.8222745098039215,0.7640662420573249,0.1604389080781294,1.0,0.3208304057712003,0.8,0.7303921568627452,0.7651960784313726,1.0,0.8,0.1974874000297859
bace,classification,1,1,stratified_scaffold_group,stratified_scaffold_group,9,et_60_sqrt,bagging,0.89120252086527,0.89120252086527,0.8873200845928749,0.1324385386904761,1.0,0.4666666666666667,0.8771929824561403,0.8058252427184466,0.8415091125872934,1.0,0.8,0.0626136999926529
bace,classification,1,2,stratified_scaffold_group,stratified_scaffold_group,9,et_60_sqrt,bagging,0.812128127112914,0.812128127112914,0.7559464138501524,0.176433837111709,1.0,0.4666666666666667,0.8189655172413793,0.7215686274509804,0.7702670723461799,1.0,0.8,0.0681914999731816
bace,classification,1,3,stratified_scaffold_group,stratified_scaffold_group,9,et_60_sqrt,bagging,0.8055294117647058,0.8055294117647058,0.747945862422825,0.1641949089140025,1.0,0.25,0.8,0.6617647058823529,0.7308823529411765,1.0,0.8,0.0624167000059969
bace,classification,1,1,stratified_scaffold_group,stratified_scaffold_group,10,et_90_d12,bagging,0.9057656276613866,0.9057656276613866,0.9078421093425328,0.1332031459700198,1.0,0.518881800133941,0.8157894736842105,0.8155339805825242,0.8156617271333674,1.0,0.8,0.0982435999903827
bace,classification,1,2,stratified_scaffold_group,stratified_scaffold_group,10,et_90_d12,bagging,0.8202248140635564,0.8202248140635564,0.7631591177867133,0.1755265706170025,1.0,0.442355501051549,0.8146551724137931,0.7450980392156863,0.7798766058147397,1.0,0.8,0.0920795000274665
bace,classification,1,3,stratified_scaffold_group,stratified_scaffold_group,10,et_90_d12,bagging,0.8150196078431373,0.8150196078431373,0.7575227683202805,0.1599262128835712,1.0,0.2717142875515775,0.8,0.6715686274509804,0.7357843137254902,1.0,0.8,0.0922682000091299
bace,classification,1,1,stratified_scaffold_group,stratified_scaffold_group,11,et_90_leaf2,bagging,0.9143672287514903,0.9143672287514903,0.9189997351479468,0.1232457942921241,1.0,0.5959304377426691,0.8070175438596491,0.8737864077669903,0.8404019758133197,1.0,0.8,0.0934354000492021
bace,classification,1,2,stratified_scaffold_group,stratified_scaffold_group,11,et_90_leaf2,bagging,0.8244590939824206,0.8244590939824206,0.7568913816543695,0.1710072051419488,1.0,0.5021485130137715,0.8060344827586207,0.7529411764705882,0.7794878296146044,1.0,0.8,0.0934846000163815
bace,classification,1,3,stratified_scaffold_group,stratified_scaffold_group,11,et_90_leaf2,bagging,0.8287843137254902,0.8287843137254902,0.7760245392923083,0.1570321198976529,1.0,0.2901909744705136,0.816,0.7009803921568627,0.7584901960784314,1.0,0.8,0.0946715000318363
bace,classification,1,1,stratified_scaffold_group,stratified_scaffold_group,12,et_120_d20_leaf2,bagging,0.9139414069153466,0.9139414069153466,0.9149281614804654,0.124349187804811,1.0,0.584445145933094,0.8157894736842105,0.8640776699029127,0.8399335717935617,1.0,0.8,0.1275806000339798
bace,classification,1,2,stratified_scaffold_group,stratified_scaffold_group,12,et_120_d20_leaf2,bagging,0.8235294117647058,0.8235294117647058,0.7604860943422718,0.1726076981076696,1.0,0.4643993795948974,0.8103448275862069,0.7372549019607844,0.7737998647734956,1.0,0.8,0.1169611000223085
bace,classification,1,3,stratified_scaffold_group,stratified_scaffold_group,12,et_120_d20_leaf2,bagging,0.8294901960784313,0.8294901960784313,0.7739822600260999,0.1568473281700209,1.0,0.2801818006434194,0.8,0.6862745098039216,0.7431372549019608,1.0,0.8,0.1184494000044651
bace,classification,1,1,stratified_scaffold_group,stratified_scaffold_group,13,histgb_lr0.05,boosting,0.8927354794753875,0.8927354794753875,0.895949067277601,0.1297968497255857,1.0,0.567063594288599,0.8157894736842105,0.8252427184466019,0.8205160960654062,1.0,0.8,1.0496954999980517
bace,classification,1,2,stratified_scaffold_group,stratified_scaffold_group,13,histgb_lr0.05,boosting,0.8112491548343475,0.8112491548343475,0.7488341668903095,0.1871981960020735,1.0,0.3355184383273613,0.8017241379310345,0.7019607843137254,0.75184246112238,1.0,0.8,0.891918099950999
bace,classification,1,3,stratified_scaffold_group,stratified_scaffold_group,13,histgb_lr0.05,boosting,0.7864901960784313,0.7864901960784313,0.7087097412351958,0.1762759882910347,1.0,0.1825411321506325,0.808,0.6323529411764706,0.7201764705882353,1.0,0.8,1.0023932000040077
bace,classification,1,1,stratified_scaffold_group,stratified_scaffold_group,14,histgb_lr0.1,boosting,0.8816641117356498,0.8816641117356498,0.8854556863961405,0.1323924676454204,1.0,0.5800222196604781,0.8070175438596491,0.8446601941747574,0.8258388690172032,1.0,0.8,0.7893813999835402
bace,classification,1,2,stratified_scaffold_group,stratified_scaffold_group,14,histgb_lr0.1,boosting,0.8131676808654495,0.8131676808654495,0.7445616474307513,0.1851116513780697,1.0,0.3377227280088351,0.8017241379310345,0.7098039215686274,0.7557640297498309,1.0,0.8,0.7944893999956548
bace,classification,1,3,stratified_scaffold_group,stratified_scaffold_group,14,histgb_lr0.1,boosting,0.784,0.784,0.7099794698973194,0.1816007965034847,1.0,0.1545368041813496,0.808,0.6568627450980392,0.7324313725490197,1.0,0.8,0.9002378999721259
bace,classification,1,1,stratified_scaffold_group,stratified_scaffold_group,15,gb_lr0.05_d2,boosting,0.8665900187361608,0.8665900187361608,0.8626464208187044,0.176832447001888,1.0,0.4771918972690631,0.8070175438596491,0.8349514563106796,0.8209845000851643,1.0,0.8,0.3859379999921657
bace,classification,1,2,stratified_scaffold_group,stratified_scaffold_group,15,gb_lr0.05_d2,boosting,0.7550625422582827,0.7550625422582827,0.6926799254646343,0.2131795686454115,1.0,0.3540749828730797,0.8017241379310345,0.6313725490196078,0.7165483434753211,1.0,0.8,0.2690112999989651
bace,classification,1,3,stratified_scaffold_group,stratified_scaffold_group,15,gb_lr0.05_d2,boosting,0.7221372549019608,0.7221372549019608,0.649467032285397,0.196996448331321,1.0,0.2851994865298008,0.808,0.4166666666666666,0.6123333333333334,1.0,0.8,0.3222287999815307
bace,classification,1,1,stratified_scaffold_group,stratified_scaffold_group,16,gb_lr0.1_d3,boosting,0.8837506387327542,0.8837506387327542,0.8705254760233362,0.1414792512100386,1.0,0.5497906563701279,0.8070175438596491,0.8349514563106796,0.8209845000851643,1.0,0.8,0.5585064999759197
bace,classification,1,2,stratified_scaffold_group,stratified_scaffold_group,16,gb_lr0.1_d3,boosting,0.7828938471940501,0.7828938471940501,0.7152000739403888,0.2009020423090003,1.0,0.3228443617842458,0.8017241379310345,0.6313725490196078,0.7165483434753211,1.0,0.8,0.3977305999724194
bace,classification,1,3,stratified_scaffold_group,stratified_scaffold_group,16,gb_lr0.1_d3,boosting,0.7764117647058824,0.7764117647058824,0.6969883858028628,0.1741198227530592,1.0,0.2433138083708131,0.8,0.5490196078431373,0.6745098039215687,1.0,0.8,0.4751709999982267
bace,classification,1,1,stratified_scaffold_group,stratified_scaffold_group,17,lgbm_60_l15,boosting,0.8871146312382898,0.8871146312382898,0.8875401731071071,0.1362645638038335,1.0,0.5584834078031319,0.8333333333333334,0.8252427184466019,0.8292880258899676,1.0,0.8,0.0510724000050686
bace,classification,1,2,stratified_scaffold_group,stratified_scaffold_group,17,lgbm_60_l15,boosting,0.7996957403651116,0.7996957403651116,0.7442755275116163,0.1906612952900072,1.0,0.3701643238517454,0.8017241379310345,0.7254901960784313,0.7636071670047329,1.0,0.8,0.0330581999733112
bace,classification,1,3,stratified_scaffold_group,stratified_scaffold_group,17,lgbm_60_l15,boosting,0.7872745098039216,0.7872745098039216,0.7227857739262452,0.1714997534692488,1.0,0.2346574875000923,0.8,0.6176470588235294,0.7088235294117647,1.0,0.8,0.0398711000452749
bace,classification,1,1,stratified_scaffold_group,stratified_scaffold_group,18,lgbm_90_l31,boosting,0.8924799863737012,0.8924799863737012,0.8982041493553192,0.1264542464314319,1.0,0.616992653675575,0.8070175438596491,0.854368932038835,0.830693237949242,1.0,0.8,0.0767301999730989
bace,classification,1,2,stratified_scaffold_group,stratified_scaffold_group,18,lgbm_90_l31,boosting,0.7937204192021636,0.7937204192021636,0.7394056811907397,0.1990000735123067,1.0,0.3033876911849059,0.8017241379310345,0.6666666666666667,0.7341954022988506,1.0,0.8,0.0492762000067159
bace,classification,1,3,stratified_scaffold_group,stratified_scaffold_group,18,lgbm_90_l31,boosting,0.7970980392156862,0.7970980392156862,0.7052147247541137,0.1744038053545112,1.0,0.1785614487577984,0.8,0.6666666666666667,0.7333333333333334,1.0,0.8,0.0637930000084452
bace,classification,1,1,stratified_scaffold_group,stratified_scaffold_group,19,lgbm_60_l63,boosting,0.8828564128768523,0.8828564128768523,0.8844991746661948,0.1334897925565123,1.0,0.585492995182367,0.8245614035087719,0.8349514563106796,0.8297564299097258,1.0,0.8,0.0563779000076465
bace,classification,1,2,stratified_scaffold_group,stratified_scaffold_group,19,lgbm_60_l63,boosting,0.8052146720757268,0.8052146720757268,0.7591443787394561,0.1931609219375231,1.0,0.3226856154197016,0.8060344827586207,0.6941176470588235,0.7500760649087221,1.0,0.8,0.0393320000148378
bace,classification,1,3,stratified_scaffold_group,stratified_scaffold_group,19,lgbm_60_l63,boosting,0.7941960784313725,0.7941960784313725,0.708736825789486,0.1735936261502348,1.0,0.158331478414907,0.8,0.6519607843137255,0.7259803921568628,1.0,0.8,0.0516319999587722
bace,classification,1,1,stratified_scaffold_group,stratified_scaffold_group,20,lgbm_100_leaf10,boosting,0.8760432634985522,0.8760432634985522,0.8776037594301918,0.1412217019520372,1.0,0.5704792276480091,0.8508771929824561,0.8058252427184466,0.8283512178504513,1.0,0.8,0.098943299963139
bace,classification,1,2,stratified_scaffold_group,stratified_scaffold_group,20,lgbm_100_leaf10,boosting,0.7988421230561191,0.7988421230561191,0.7212726260490921,0.2077587498461377,1.0,0.281855658181468,0.8017241379310345,0.6980392156862745,0.7498816768086545,1.0,0.8,0.0799209999968297
bace,classification,1,3,stratified_scaffold_group,stratified_scaffold_group,20,lgbm_100_leaf10,boosting,0.7996470588235294,0.7996470588235294,0.7406523548477645,0.1777604496714876,1.0,0.1212589526809688,0.8,0.6225490196078431,0.7112745098039216,1.0,0.8,0.0959982000058516
bace,classification,1,1,stratified_scaffold_group,stratified_scaffold_group,21,lgbm_100_leaf30,boosting,0.8739993186850621,0.8739993186850621,0.8516674697349773,0.1332564512461795,1.0,0.5853489030313442,0.8070175438596491,0.8640776699029127,0.8355476068812808,1.0,0.8,0.062225799949374
bace,classification,1,2,stratified_scaffold_group,stratified_scaffold_group,21,lgbm_100_leaf30,boosting,0.7934077079107505,0.7934077079107505,0.7335795250391726,0.197958024645708,1.0,0.3320635076458474,0.8017241379310345,0.6901960784313725,0.7459601081812035,1.0,0.8,0.0391613999963738
bace,classification,1,3,stratified_scaffold_group,stratified_scaffold_group,21,lgbm_100_leaf30,boosting,0.7984901960784313,0.7984901960784313,0.7281082772471859,0.1694762538199709,1.0,0.1776408771366312,0.8,0.6274509803921569,0.7137254901960784,1.0,0.8,0.0496711999876424
bace,classification,1,1,stratified_scaffold_group,stratified_scaffold_group,22,lgbm_80_ff0.7,boosting,0.8943536024527337,0.8943536024527337,0.8994210460845781,0.1241955272220302,1.0,0.5975779171326958,0.8421052631578947,0.8349514563106796,0.8385283597342872,1.0,0.8,0.0723044999758713
bace,classification,1,2,stratified_scaffold_group,stratified_scaffold_group,22,lgbm_80_ff0.7,boosting,0.802974983096687,0.802974983096687,0.7439662084299878,0.1897069040799015,1.0,0.3556747927545738,0.8017241379310345,0.6784313725490196,0.7400777552400271,1.0,0.8,0.0500341999577358
bace,classification,1,3,stratified_scaffold_group,stratified_scaffold_group,22,lgbm_80_ff0.7,boosting,0.7994901960784313,0.7994901960784313,0.7121655464738426,0.176478891161016,1.0,0.1564106841719202,0.8,0.6470588235294117,0.7235294117647059,1.0,0.8,0.0571969999582506
bace,classification,1,1,stratified_scaffold_group,stratified_scaffold_group,23,lgbm_80_bag0.8,boosting,0.8745954692556634,0.8745954692556634,0.8459144576225478,0.1320592856548063,1.0,0.5962835076466505,0.8157894736842105,0.8058252427184466,0.8108073582013285,1.0,0.8,0.0606632999842986
bace,classification,1,2,stratified_scaffold_group,stratified_scaffold_group,23,lgbm_80_bag0.8,boosting,0.7954952670723462,0.7954952670723462,0.7373197360304644,0.2023366368875215,1.0,0.2924421456139104,0.8103448275862069,0.6941176470588235,0.7522312373225152,1.0,0.8,0.0409931000322103
bace,classification,1,3,stratified_scaffold_group,stratified_scaffold_group,23,lgbm_80_bag0.8,boosting,0.803764705882353,0.803764705882353,0.7442730834585756,0.1709162873134789,1.0,0.1800682154220952,0.808,0.6372549019607843,0.7226274509803922,1.0,0.8,0.0537769999937154
bace,classification,1,1,stratified_scaffold_group,stratified_scaffold_group,24,lgbm_120_l15,boosting,0.8969085334695963,0.8969085334695963,0.8948763062367842,0.1266701659961555,1.0,0.5995083781309558,0.8070175438596491,0.8349514563106796,0.8209845000851643,1.0,0.8,0.0644517000182531
bace,classification,1,2,stratified_scaffold_group,stratified_scaffold_group,24,lgbm_120_l15,boosting,0.8017917511832318,0.8017917511832318,0.745615706713304,0.1909277594936664,1.0,0.3388154952544261,0.8017241379310345,0.6745098039215687,0.7381169709263016,1.0,0.8,0.0543098999769426
bace,classification,1,3,stratified_scaffold_group,stratified_scaffold_group,24,lgbm_120_l15,boosting,0.7884313725490196,0.7884313725490196,0.7118433953775987,0.1751420518917761,1.0,0.1768512576562582,0.8,0.6127450980392157,0.7063725490196079,1.0,0.8,0.0643581000040285
bace,classification,1,1,stratified_scaffold_group,stratified_scaffold_group,25,xgb_60_d3,boosting,0.8936297053312894,0.8936297053312894,0.8795699477150768,0.1470091423239982,1.0,0.5420565009117126,0.8157894736842105,0.883495145631068,0.8496423096576393,1.0,0.8,0.0604780000285245
bace,classification,1,2,stratified_scaffold_group,stratified_scaffold_group,25,xgb_60_d3,boosting,0.8074881676808654,0.8074881676808654,0.7385296563674499,0.1908775920357048,1.0,0.357992947101593,0.8060344827586207,0.7098039215686274,0.7579192021636241,1.0,0.8,0.0536830000346526
bace,classification,1,3,stratified_scaffold_group,stratified_scaffold_group,25,xgb_60_d3,boosting,0.7675098039215686,0.7675098039215686,0.7095082385893472,0.1796176343537961,1.0,0.2499954104423523,0.808,0.4950980392156863,0.6515490196078432,1.0,0.8,0.0486679999739863
bace,classification,1,1,stratified_scaffold_group,stratified_scaffold_group,26,xgb_80_d5,boosting,0.894949753023335,0.894949753023335,0.8961205710237419,0.1305116949572627,1.0,0.5811627507209778,0.8070175438596491,0.8640776699029127,0.8355476068812808,1.0,0.8,0.0815333999926224
bace,classification,1,2,stratified_scaffold_group,stratified_scaffold_group,26,xgb_80_d5,boosting,0.8075895875591617,0.8075895875591617,0.7439146091627913,0.1863472086260367,1.0,0.3852742910385132,0.8146551724137931,0.7098039215686274,0.7622295469912103,1.0,0.8,0.0670745999668724
bace,classification,1,3,stratified_scaffold_group,stratified_scaffold_group,26,xgb_80_d5,boosting,0.7927058823529411,0.7927058823529411,0.7212743331379882,0.1687325897635982,1.0,0.2049348950386047,0.808,0.553921568627451,0.6809607843137255,1.0,0.8,0.0820737999747507
bace,classification,1,1,stratified_scaffold_group,stratified_scaffold_group,27,xgb_100_d3,boosting,0.8868591381366037,0.8868591381366037,0.881066682353223,0.1463201740618851,1.0,0.529273271560669,0.8157894736842105,0.8446601941747574,0.830224833929484,1.0,0.8,0.0749221000005491
bace,classification,1,2,stratified_scaffold_group,stratified_scaffold_group,27,xgb_100_d3,boosting,0.8027045300878972,0.8027045300878972,0.7334118968004777,0.1922630715534781,1.0,0.3894192576408386,0.8017241379310345,0.7019607843137254,0.75184246112238,1.0,0.8,0.0738292000023648
bace,classification,1,3,stratified_scaffold_group,stratified_scaffold_group,27,xgb_100_d3,boosting,0.7698235294117647,0.7698235294117647,0.7064893367219983,0.1776860868164036,1.0,0.2353665828704834,0.8,0.5098039215686274,0.6549019607843137,1.0,0.8,0.0664524000021629
bace,classification,1,1,stratified_scaffold_group,stratified_scaffold_group,28,xgb_60_d6,boosting,0.8999744506898315,0.8999744506898315,0.9088704328745194,0.1283199579415568,1.0,0.5581572651863098,0.8245614035087719,0.854368932038835,0.8394651677738034,1.0,0.8,0.074060599959921
bace,classification,1,2,stratified_scaffold_group,stratified_scaffold_group,28,xgb_60_d6,boosting,0.8170977011494253,0.8170977011494253,0.7543186910993661,0.1792116340894387,1.0,0.3956406116485595,0.8060344827586207,0.7372549019607844,0.7716446923597025,1.0,0.8,0.0603020999697037
bace,classification,1,3,stratified_scaffold_group,stratified_scaffold_group,28,xgb_60_d6,boosting,0.7862745098039214,0.7862745098039214,0.714990885718365,0.1726262284061905,1.0,0.1862610280513763,0.808,0.5833333333333333,0.6956666666666667,1.0,0.8,0.0660535999923013
bace,classification,1,1,stratified_scaffold_group,stratified_scaffold_group,29,cat_60_d4,boosting,0.8590103900528019,0.8590103900528019,0.8535651628746777,0.168549001267865,1.0,0.4556800831650049,0.8333333333333334,0.8058252427184466,0.81957928802589,1.0,0.8,0.2352936999523081
bace,classification,1,2,stratified_scaffold_group,stratified_scaffold_group,29,cat_60_d4,boosting,0.8043948613928329,0.8043948613928329,0.7275582032760527,0.1947052503772329,1.0,0.3800913325022628,0.8017241379310345,0.6941176470588235,0.747920892494929,1.0,0.8,0.1924605999956838
bace,classification,1,3,stratified_scaffold_group,stratified_scaffold_group,29,cat_60_d4,boosting,0.7775490196078432,0.7775490196078432,0.7319770816891531,0.1738420710739301,1.0,0.2776375133260238,0.8,0.5294117647058824,0.6647058823529413,1.0,0.8,0.2138599000172689
bace,classification,1,1,stratified_scaffold_group,stratified_scaffold_group,30,cat_80_d6,boosting,0.9039771759495828,0.9039771759495828,0.9100347175180898,0.141891056654903,1.0,0.5014299714796502,0.8421052631578947,0.8349514563106796,0.8385283597342872,1.0,0.8,0.7586146999965422
bace,classification,1,2,stratified_scaffold_group,stratified_scaffold_group,30,cat_80_d6,boosting,0.8113252197430696,0.8113252197430696,0.7487507526643333,0.1899338940888485,1.0,0.3682311026172348,0.8103448275862069,0.7372549019607844,0.7737998647734956,1.0,0.8,0.5897353999898769
bace,classification,1,3,stratified_scaffold_group,stratified_scaffold_group,30,cat_80_d6,boosting,0.7895294117647059,0.7895294117647059,0.7405333268047074,0.1691964477375118,1.0,0.2678082120664589,0.8,0.6029411764705883,0.7014705882352942,1.0,0.8,0.6647217000136152
bace,classification,1,1,stratified_scaffold_group,stratified_scaffold_group,31,cat_100_d4,boosting,0.892905808209845,0.892905808209845,0.9022947965751134,0.1552518188540557,1.0,0.4431932441742148,0.8421052631578947,0.8155339805825242,0.8288196218702095,1.0,0.8,0.3598387999809347
bace,classification,1,2,stratified_scaffold_group,stratified_scaffold_group,31,cat_100_d4,boosting,0.7980730223123732,0.7980730223123732,0.7260033267552035,0.1931202375813659,1.0,0.3837730425344008,0.8017241379310345,0.7058823529411764,0.7538032454361054,1.0,0.8,0.2859661999973468
bace,classification,1,3,stratified_scaffold_group,stratified_scaffold_group,31,cat_100_d4,boosting,0.7848627450980392,0.7848627450980392,0.717256059925657,0.1730170402826137,1.0,0.3083580399989589,0.8,0.6029411764705883,0.7014705882352942,1.0,0.8,0.3352054000133648
bace,classification,1,1,stratified_scaffold_group,stratified_scaffold_group,32,cat_60_d8,boosting,0.8850706864247998,0.8850706864247998,0.880486451839414,0.1435726858783389,1.0,0.5329108116698058,0.8070175438596491,0.8446601941747574,0.8258388690172032,1.0,0.8,1.8161555000115184
bace,classification,1,2,stratified_scaffold_group,stratified_scaffold_group,32,cat_60_d8,boosting,0.8091784989858013,0.8091784989858013,0.7469020027631175,0.1900475976953024,1.0,0.3722621553181674,0.8017241379310345,0.7137254901960784,0.7577248140635564,1.0,0.8,1.333522000000812
bace,classification,1,3,stratified_scaffold_group,stratified_scaffold_group,32,cat_60_d8,boosting,0.7841568627450978,0.7841568627450978,0.7167480155991658,0.1696690247631926,1.0,0.2118531945669044,0.8,0.5735294117647058,0.6867647058823529,1.0,0.8,1.6435602999990806
bace,classification,2,1,stratified_scaffold_group,stratified_scaffold_group,1,logreg_l2_c0.1,linear,0.8310687022900763,0.8310687022900763,0.7948220590316776,0.1640509862993079,1.0,0.4600927784847074,0.8015267175572519,0.7733333333333333,0.7874300254452926,1.0,0.8,0.0043323999852873
bace,classification,2,2,stratified_scaffold_group,stratified_scaffold_group,1,logreg_l2_c0.1,linear,0.8177379108587163,0.8177379108587163,0.8243091390715431,0.1799943393193859,1.0,0.3663915222965482,0.8205128205128205,0.651006711409396,0.7357597659611083,1.0,0.8,0.003718200023286
bace,classification,2,3,stratified_scaffold_group,stratified_scaffold_group,1,logreg_l2_c0.1,linear,0.8826713102409638,0.8826713102409638,0.8247803273645249,0.1466416173925793,1.0,0.5710740457962719,0.8046875,0.7831325301204819,0.793910015060241,1.0,0.8,0.0038427000399678
bace,classification,2,1,stratified_scaffold_group,stratified_scaffold_group,2,logreg_l2_c1,linear,0.8266412213740459,0.8266412213740459,0.7910304960153364,0.1765199232350255,1.0,0.3785867267413202,0.8015267175572519,0.7333333333333334,0.7674300254452926,1.0,0.8,0.0066731999977491
bace,classification,2,2,stratified_scaffold_group,stratified_scaffold_group,2,logreg_l2_c1,linear,0.7990234038891756,0.7990234038891756,0.8138561620003337,0.2009572492723419,1.0,0.219168496406281,0.8076923076923077,0.6308724832214765,0.7192823954568921,1.0,0.8,0.0062974999891594
bace,classification,2,3,stratified_scaffold_group,stratified_scaffold_group,2,logreg_l2_c1,linear,0.8798004518072289,0.8798004518072289,0.8217973374014602,0.1498209111550385,1.0,0.6916454776016272,0.8203125,0.8313253012048193,0.8258189006024097,1.0,0.8,0.0062001999467611
bace,classification,2,1,stratified_scaffold_group,stratified_scaffold_group,3,logreg_l2_c10,linear,0.8066921119592876,0.8066921119592876,0.7774629034365912,0.2114417034087171,1.0,0.1960546813600696,0.8091603053435115,0.6466666666666667,0.7279134860050891,1.0,0.8,0.0118128000176511
bace,classification,2,2,stratified_scaffold_group,stratified_scaffold_group,3,logreg_l2_c10,linear,0.7764369299604199,0.7764369299604199,0.7905790724434236,0.240687999822618,1.0,0.0496053332276411,0.8076923076923077,0.5369127516778524,0.67230252968508,1.0,0.8,0.0110521000460721
bace,classification,2,3,stratified_scaffold_group,stratified_scaffold_group,3,logreg_l2_c10,linear,0.8542451054216866,0.8542451054216866,0.7853425539852354,0.1928564957478876,1.0,0.7990795947301025,0.8046875,0.7710843373493976,0.7878859186746988,1.0,0.8,0.0115098999813199
bace,classification,2,1,stratified_scaffold_group,stratified_scaffold_group,4,logreg_l1_c1,linear,0.8179898218829517,0.8179898218829517,0.771923021883756,0.1735123615278472,1.0,0.4105181751955535,0.8015267175572519,0.74,0.770763358778626,1.0,0.8,0.0313995999749749
bace,classification,2,2,stratified_scaffold_group,stratified_scaffold_group,4,logreg_l1_c1,linear,0.8136078127688866,0.8136078127688866,0.8207772978968519,0.1883561788539532,1.0,0.2677599349937867,0.8141025641025641,0.6644295302013423,0.7392660471519532,1.0,0.8,0.0153014999814331
bace,classification,2,3,stratified_scaffold_group,stratified_scaffold_group,4,logreg_l1_c1,linear,0.875,0.875,0.7933125321289961,0.1502697845414019,1.0,0.5948902170736393,0.8203125,0.7831325301204819,0.801722515060241,1.0,0.8,0.0382231000112369
bace,classification,2,1,stratified_scaffold_group,stratified_scaffold_group,5,rf_60_sqrt,bagging,0.8605597964376589,0.8605597964376589,0.830744669907162,0.150749260855524,1.0,0.4333333333333333,0.8015267175572519,0.8066666666666666,0.8040966921119592,1.0,0.8,0.1093077000114135
bace,classification,2,2,stratified_scaffold_group,stratified_scaffold_group,5,rf_60_sqrt,bagging,0.814317673378076,0.814317673378076,0.8139937038196781,0.1879323368371686,1.0,0.3333333333333333,0.8012820512820513,0.697986577181208,0.7496343142316297,1.0,0.8,0.1081231000134721
bace,classification,2,3,stratified_scaffold_group,stratified_scaffold_group,5,rf_60_sqrt,bagging,0.8869540662650602,0.8869540662650602,0.8354720617809721,0.1390287267317603,1.0,0.5166666666666667,0.828125,0.8012048192771084,0.8146649096385542,1.0,0.8,0.1215738999890163
bace,classification,2,1,stratified_scaffold_group,stratified_scaffold_group,6,rf_90_d12,bagging,0.8589567430025447,0.8589567430025447,0.8457310343409155,0.1520074816017741,1.0,0.4359312031186694,0.8015267175572519,0.7866666666666666,0.7940966921119592,1.0,0.8,0.1569441000465303
bace,classification,2,2,stratified_scaffold_group,stratified_scaffold_group,6,rf_90_d12,bagging,0.8368396145241783,0.8368396145241783,0.8389944669349912,0.1799478362742715,1.0,0.3475228522988742,0.8012820512820513,0.7248322147651007,0.763057133023576,1.0,0.8,0.1499004999641329
bace,classification,2,3,stratified_scaffold_group,stratified_scaffold_group,6,rf_90_d12,bagging,0.8943900602409638,0.8943900602409638,0.8422507239631537,0.1412986168288684,1.0,0.5378512891449336,0.828125,0.8132530120481928,0.8206890060240963,1.0,0.8,0.1481727000209503
bace,classification,2,1,stratified_scaffold_group,stratified_scaffold_group,7,rf_90_leaf2,bagging,0.8553944020356234,0.8553944020356234,0.8304743034106307,0.1535519149972855,1.0,0.4448336999522906,0.8091603053435115,0.8,0.8045801526717558,1.0,0.8,0.1476897000102326
bace,classification,2,2,stratified_scaffold_group,stratified_scaffold_group,7,rf_90_leaf2,bagging,0.8223412493546721,0.8223412493546721,0.8252013420839512,0.1823702704284933,1.0,0.3425975048131138,0.8012820512820513,0.6912751677852349,0.7462786095336431,1.0,0.8,0.1504606999806128
bace,classification,2,3,stratified_scaffold_group,stratified_scaffold_group,7,rf_90_leaf2,bagging,0.8886012801204819,0.8886012801204819,0.8323090994283768,0.1430823153099732,1.0,0.5044188664355467,0.8046875,0.7891566265060241,0.7969220632530121,1.0,0.8,0.1482470000046305
bace,classification,2,1,stratified_scaffold_group,stratified_scaffold_group,8,rf_120_d20_leaf2,bagging,0.8551399491094147,0.8551399491094147,0.8348222300204087,0.1546862846821866,1.0,0.4318693275824618,0.816793893129771,0.7933333333333333,0.8050636132315522,1.0,0.8,0.1964915999560617
bace,classification,2,2,stratified_scaffold_group,stratified_scaffold_group,8,rf_120_d20_leaf2,bagging,0.8248365169506109,0.8248365169506109,0.827032236549131,0.1820217600875791,1.0,0.3312067527089241,0.8012820512820513,0.6644295302013423,0.7328557907416968,1.0,0.8,0.2080276000197045
bace,classification,2,3,stratified_scaffold_group,stratified_scaffold_group,8,rf_120_d20_leaf2,bagging,0.8923663403614458,0.8923663403614458,0.8339779748061947,0.1412783101174326,1.0,0.5188614566664346,0.8046875,0.7891566265060241,0.7969220632530121,1.0,0.8,0.2008351000258699
bace,classification,2,1,stratified_scaffold_group,stratified_scaffold_group,9,et_60_sqrt,bagging,0.8548091603053435,0.8548091603053435,0.8273606373671143,0.1489440419637469,1.0,0.4754312743461324,0.8015267175572519,0.8333333333333334,0.8174300254452926,1.0,0.8,0.068274300021585
bace,classification,2,2,stratified_scaffold_group,stratified_scaffold_group,9,et_60_sqrt,bagging,0.8160385475821718,0.8160385475821718,0.836712846768017,0.1878957925688904,1.0,0.3,0.8076923076923077,0.6912751677852349,0.7494837377387713,1.0,0.8,0.0642825000104494
bace,classification,2,3,stratified_scaffold_group,stratified_scaffold_group,9,et_60_sqrt,bagging,0.8785297439759037,0.8785297439759037,0.8017181069533922,0.1423380013615858,1.0,0.4833333333333333,0.828125,0.7831325301204819,0.805628765060241,1.0,0.8,0.0639144000015221
bace,classification,2,1,stratified_scaffold_group,stratified_scaffold_group,10,et_90_d12,bagging,0.8577353689567431,0.8577353689567431,0.8231193537286341,0.1511588210346966,1.0,0.4541242120080385,0.8091603053435115,0.8066666666666666,0.807913486005089,1.0,0.8,0.1047124000033363
bace,classification,2,2,stratified_scaffold_group,stratified_scaffold_group,10,et_90_d12,bagging,0.8239330579934607,0.8239330579934607,0.834637077253407,0.1854984456269665,1.0,0.3146400610206931,0.8076923076923077,0.6912751677852349,0.7494837377387713,1.0,0.8,0.0946892999927513
bace,classification,2,3,stratified_scaffold_group,stratified_scaffold_group,10,et_90_d12,bagging,0.8795651355421686,0.8795651355421686,0.8215406684410296,0.1448707627315159,1.0,0.5307864635084583,0.8125,0.7891566265060241,0.8008283132530121,1.0,0.8,0.093831299978774
bace,classification,2,1,stratified_scaffold_group,stratified_scaffold_group,11,et_90_leaf2,bagging,0.8514758269720101,0.8514758269720101,0.8295892765899848,0.1518613136455149,1.0,0.4192395235648846,0.8015267175572519,0.8,0.800763358778626,1.0,0.8,0.1042066999943926
bace,classification,2,2,stratified_scaffold_group,stratified_scaffold_group,11,et_90_leaf2,bagging,0.8349466528996732,0.8349466528996732,0.8423991312745922,0.1762223828856089,1.0,0.3457118398773139,0.8141025641025641,0.7449664429530201,0.7795345035277921,1.0,0.8,0.0957438999903388
bace,classification,2,3,stratified_scaffold_group,stratified_scaffold_group,11,et_90_leaf2,bagging,0.8811182228915663,0.8811182228915663,0.8247252221237538,0.1420675895045021,1.0,0.5086653387070601,0.8125,0.7710843373493976,0.7917921686746988,1.0,0.8,0.0953232999891042
bace,classification,2,1,stratified_scaffold_group,stratified_scaffold_group,12,et_120_d20_leaf2,bagging,0.854529262086514,0.854529262086514,0.8245247081204019,0.1514420942090138,1.0,0.4383300190719857,0.8091603053435115,0.8266666666666667,0.8179134860050891,1.0,0.8,0.1200359999784268
bace,classification,2,2,stratified_scaffold_group,stratified_scaffold_group,12,et_120_d20_leaf2,bagging,0.8274608501118569,0.8274608501118569,0.833770022286024,0.1785644559478408,1.0,0.3421781209066993,0.8076923076923077,0.7046979865771812,0.7561951471347444,1.0,0.8,0.1222826999728567
bace,classification,2,3,stratified_scaffold_group,stratified_scaffold_group,12,et_120_d20_leaf2,bagging,0.8833772590361446,0.8833772590361446,0.831821550537603,0.1420399006323038,1.0,0.5169947221047367,0.8046875,0.7771084337349398,0.7908979668674698,1.0,0.8,0.1242435000021942
bace,classification,2,1,stratified_scaffold_group,stratified_scaffold_group,13,histgb_lr0.05,boosting,0.835648854961832,0.835648854961832,0.822997433133963,0.1663789671919919,1.0,0.3267372221472524,0.8091603053435115,0.7133333333333334,0.7612468193384224,1.0,0.8,1.0431597999995574
bace,classification,2,2,stratified_scaffold_group,stratified_scaffold_group,13,histgb_lr0.05,boosting,0.8252452245740836,0.8252452245740836,0.8276537484041133,0.1863714832334187,1.0,0.266676437147639,0.8012820512820513,0.697986577181208,0.7496343142316297,1.0,0.8,1.0166636999929324
bace,classification,2,3,stratified_scaffold_group,stratified_scaffold_group,13,histgb_lr0.05,boosting,0.8905308734939759,0.8905308734939759,0.8448725142998702,0.1379376844888262,1.0,0.593551764930781,0.8359375,0.8132530120481928,0.8245952560240963,1.0,0.8,1.030160399968736
bace,classification,2,1,stratified_scaffold_group,stratified_scaffold_group,14,histgb_lr0.1,boosting,0.8331043256997457,0.8331043256997457,0.8059607660565683,0.1707688662768662,1.0,0.2839791938048033,0.816793893129771,0.72,0.7683969465648854,1.0,0.8,0.8419753999914974
bace,classification,2,2,stratified_scaffold_group,stratified_scaffold_group,14,histgb_lr0.1,boosting,0.8272672517638959,0.8272672517638959,0.8308963058904068,0.190040287538356,1.0,0.2378810038981704,0.8012820512820513,0.7114093959731543,0.7563457236276028,1.0,0.8,0.8524370999657549
bace,classification,2,3,stratified_scaffold_group,stratified_scaffold_group,14,histgb_lr0.1,boosting,0.8886483433734941,0.8886483433734941,0.8442828307245275,0.1354439803267055,1.0,0.5759892467067003,0.8125,0.8132530120481928,0.8128765060240963,1.0,0.8,0.8314094999805093
bace,classification,2,1,stratified_scaffold_group,stratified_scaffold_group,15,gb_lr0.05_d2,boosting,0.8267684478371501,0.8267684478371501,0.8322455106293916,0.1762441591816161,1.0,0.4499069068812293,0.8015267175572519,0.7466666666666666,0.7740966921119592,1.0,0.8,0.3082901000161655
bace,classification,2,2,stratified_scaffold_group,stratified_scaffold_group,15,gb_lr0.05_d2,boosting,0.7825460333849596,0.7825460333849596,0.7935081131274719,0.2104460026240903,1.0,0.331926730087008,0.8333333333333334,0.5838926174496644,0.7086129753914989,1.0,0.8,0.2851086999871768
bace,classification,2,3,stratified_scaffold_group,stratified_scaffold_group,15,gb_lr0.05_d2,boosting,0.8478445030120482,0.8478445030120482,0.7710822387840001,0.1725126429236014,1.0,0.5333856644357154,0.8046875,0.7710843373493976,0.7878859186746988,1.0,0.8,0.2755985999829136
bace,classification,2,1,stratified_scaffold_group,stratified_scaffold_group,16,gb_lr0.1_d3,boosting,0.8357760814249364,0.8357760814249364,0.8231501846662583,0.1598186279900246,1.0,0.4151881635082356,0.8015267175572519,0.7333333333333334,0.7674300254452926,1.0,0.8,0.4208864999818615
bace,classification,2,2,stratified_scaffold_group,stratified_scaffold_group,16,gb_lr0.1_d3,boosting,0.8243632765444846,0.8243632765444846,0.8321764993498522,0.1902025431393575,1.0,0.306695003853105,0.8012820512820513,0.7248322147651007,0.763057133023576,1.0,0.8,0.4032246000133455
bace,classification,2,3,stratified_scaffold_group,stratified_scaffold_group,16,gb_lr0.1_d3,boosting,0.8639401355421686,0.8639401355421686,0.7932842608284235,0.1524253055025051,1.0,0.5446296408599083,0.8125,0.7710843373493976,0.7917921686746988,1.0,0.8,0.4227014000061899
bace,classification,2,1,stratified_scaffold_group,stratified_scaffold_group,17,lgbm_60_l15,boosting,0.8246055979643766,0.8246055979643766,0.8188576600694546,0.1666543008921273,1.0,0.3545094400171257,0.8015267175572519,0.7266666666666667,0.7640966921119593,1.0,0.8,0.0438575000152923
bace,classification,2,2,stratified_scaffold_group,stratified_scaffold_group,17,lgbm_60_l15,boosting,0.8200826019617966,0.8200826019617966,0.8219777476528138,0.1898855114809014,1.0,0.2709972062229072,0.8012820512820513,0.6644295302013423,0.7328557907416968,1.0,0.8,0.038377099961508
bace,classification,2,3,stratified_scaffold_group,stratified_scaffold_group,17,lgbm_60_l15,boosting,0.880812311746988,0.880812311746988,0.8268499496443077,0.1438947985970152,1.0,0.5750694383211162,0.8046875,0.8192771084337349,0.8119823042168675,1.0,0.8,0.0366022000089287
bace,classification,2,1,stratified_scaffold_group,stratified_scaffold_group,18,lgbm_90_l31,boosting,0.8322900763358778,0.8322900763358778,0.8193986336782606,0.1655353372953398,1.0,0.2878391410195041,0.8244274809160306,0.7466666666666666,0.7855470737913486,1.0,0.8,0.0528648999752476
bace,classification,2,2,stratified_scaffold_group,stratified_scaffold_group,18,lgbm_90_l31,boosting,0.8312037515057649,0.8312037515057649,0.8391651651999739,0.1826207655659628,1.0,0.2529399226083491,0.8012820512820513,0.7114093959731543,0.7563457236276028,1.0,0.8,0.0504289999953471
bace,classification,2,3,stratified_scaffold_group,stratified_scaffold_group,18,lgbm_90_l31,boosting,0.8920604292168675,0.8920604292168675,0.8253744479207542,0.1328518149396697,1.0,0.6019227328033719,0.8203125,0.8373493975903614,0.8288309487951807,1.0,0.8,0.0576092000119388
bace,classification,2,1,stratified_scaffold_group,stratified_scaffold_group,19,lgbm_60_l63,boosting,0.8299491094147582,0.8299491094147582,0.8266180796163335,0.1653067254007335,1.0,0.3452652652818264,0.816793893129771,0.7533333333333333,0.7850636132315522,1.0,0.8,0.0484907999634742
bace,classification,2,2,stratified_scaffold_group,stratified_scaffold_group,19,lgbm_60_l63,boosting,0.8306444673894338,0.8306444673894338,0.8445242962280117,0.1883003178711031,1.0,0.2064649800234164,0.8397435897435898,0.6577181208053691,0.7487308552744794,1.0,0.8,0.0451751000364311
bace,classification,2,3,stratified_scaffold_group,stratified_scaffold_group,19,lgbm_60_l63,boosting,0.8890248493975904,0.8890248493975904,0.8135764868607459,0.134563125002213,1.0,0.6149786189648012,0.8125,0.8192771084337349,0.8158885542168675,1.0,0.8,0.0448253999929875
bace,classification,2,1,stratified_scaffold_group,stratified_scaffold_group,20,lgbm_100_leaf10,boosting,0.8379389312977098,0.8379389312977098,0.8246382318912147,0.1708970726285081,1.0,0.3651726905680251,0.8015267175572519,0.7733333333333333,0.7874300254452926,1.0,0.8,0.0897697999607771
bace,classification,2,2,stratified_scaffold_group,stratified_scaffold_group,20,lgbm_100_leaf10,boosting,0.8454654964722079,0.8454654964722079,0.8479560138103969,0.1865743320698473,1.0,0.2012556216953953,0.8076923076923077,0.7248322147651007,0.7662622612287042,1.0,0.8,0.0876856999821029
bace,classification,2,3,stratified_scaffold_group,stratified_scaffold_group,20,lgbm_100_leaf10,boosting,0.8898719879518073,0.8898719879518073,0.8251635260320673,0.1355738533569602,1.0,0.6272409867184948,0.8125,0.8253012048192772,0.8189006024096386,1.0,0.8,0.0864942999905906
bace,classification,2,1,stratified_scaffold_group,stratified_scaffold_group,21,lgbm_100_leaf30,boosting,0.8307124681933843,0.8307124681933843,0.8280287882812419,0.16300973327991,1.0,0.3372165010936731,0.8015267175572519,0.72,0.760763358778626,1.0,0.8,0.0447801999980583
bace,classification,2,2,stratified_scaffold_group,stratified_scaffold_group,21,lgbm_100_leaf30,boosting,0.8329461366374118,0.8329461366374118,0.8360668917027179,0.1802707180184753,1.0,0.3070947105423982,0.8012820512820513,0.7248322147651007,0.763057133023576,1.0,0.8,0.0519651999929919
bace,classification,2,3,stratified_scaffold_group,stratified_scaffold_group,21,lgbm_100_leaf30,boosting,0.8831419427710844,0.8831419427710844,0.8028923033194645,0.1409933024736882,1.0,0.5509113189279101,0.8203125,0.8012048192771084,0.8107586596385542,1.0,0.8,0.0473981000250205
bace,classification,2,1,stratified_scaffold_group,stratified_scaffold_group,22,lgbm_80_ff0.7,boosting,0.8431806615776082,0.8431806615776082,0.8373048276590472,0.1604156474811451,1.0,0.3947464391945364,0.8091603053435115,0.7933333333333333,0.8012468193384223,1.0,0.8,0.0497108999988995
bace,classification,2,2,stratified_scaffold_group,stratified_scaffold_group,22,lgbm_80_ff0.7,boosting,0.8356350025813113,0.8356350025813113,0.8460375678675972,0.1851432621052303,1.0,0.2456106730592411,0.8012820512820513,0.697986577181208,0.7496343142316297,1.0,0.8,0.0470014000311493
bace,classification,2,3,stratified_scaffold_group,stratified_scaffold_group,22,lgbm_80_ff0.7,boosting,0.8891660391566265,0.8891660391566265,0.8299371804424351,0.1350046866440882,1.0,0.5978443426951447,0.8203125,0.8192771084337349,0.8197948042168675,1.0,0.8,0.0498613999807275
bace,classification,2,1,stratified_scaffold_group,stratified_scaffold_group,23,lgbm_80_bag0.8,boosting,0.8309669211195928,0.8309669211195928,0.822922407837904,0.166585016914721,1.0,0.3145137321197542,0.8091603053435115,0.7466666666666666,0.777913486005089,1.0,0.8,0.0460644999984651
bace,classification,2,2,stratified_scaffold_group,stratified_scaffold_group,23,lgbm_80_bag0.8,boosting,0.8329031147823093,0.8329031147823093,0.8372567187264619,0.1873994171117025,1.0,0.2501835273527047,0.8141025641025641,0.6912751677852349,0.7526888659438995,1.0,0.8,0.0443835000041872
bace,classification,2,3,stratified_scaffold_group,stratified_scaffold_group,23,lgbm_80_bag0.8,boosting,0.8855892319277109,0.8855892319277109,0.8211678449810694,0.1362869676179166,1.0,0.576001081489734,0.8046875,0.8132530120481928,0.8089702560240963,1.0,0.8,0.0510114000062458
bace,classification,2,1,stratified_scaffold_group,stratified_scaffold_group,24,lgbm_120_l15,boosting,0.8295928753180662,0.8295928753180662,0.8256904115330025,0.1668547149153034,1.0,0.3419618195967355,0.8244274809160306,0.76,0.7922137404580153,1.0,0.8,0.0613523999927565
bace,classification,2,2,stratified_scaffold_group,stratified_scaffold_group,24,lgbm_120_l15,boosting,0.8314618826363792,0.8314618826363792,0.839772939497044,0.1853763218802792,1.0,0.2605607115466139,0.8012820512820513,0.7181208053691275,0.7597014283255894,1.0,0.8,0.0562582000275142
bace,classification,2,3,stratified_scaffold_group,stratified_scaffold_group,24,lgbm_120_l15,boosting,0.8894484186746988,0.8894484186746988,0.8302533543589149,0.1364744325737451,1.0,0.6169052179667401,0.8046875,0.8253012048192772,0.8149943524096386,1.0,0.8,0.0741194000001996
bace,classification,2,1,stratified_scaffold_group,stratified_scaffold_group,25,xgb_60_d3,boosting,0.8303816793893128,0.8303816793893128,0.8299137375849757,0.1653680608976139,1.0,0.3806744217872619,0.8015267175572519,0.72,0.760763358778626,1.0,0.8,0.0472884000046178
bace,classification,2,2,stratified_scaffold_group,stratified_scaffold_group,25,xgb_60_d3,boosting,0.8243847874720358,0.8243847874720358,0.8195492199770193,0.1910539693542932,1.0,0.3489698469638824,0.8012820512820513,0.7449664429530201,0.7731242471175357,1.0,0.8,0.0465259000193327
bace,classification,2,3,stratified_scaffold_group,stratified_scaffold_group,25,xgb_60_d3,boosting,0.868128765060241,0.868128765060241,0.799874038049137,0.1562125923551325,1.0,0.5440235137939453,0.8125,0.7891566265060241,0.8008283132530121,1.0,0.8,0.0498487000004388
bace,classification,2,1,stratified_scaffold_group,stratified_scaffold_group,26,xgb_80_d5,boosting,0.8277099236641221,0.8277099236641221,0.8175150633836746,0.1628632972647228,1.0,0.3510454297065735,0.8015267175572519,0.72,0.760763358778626,1.0,0.8,0.0759960999712348
bace,classification,2,2,stratified_scaffold_group,stratified_scaffold_group,26,xgb_80_d5,boosting,0.837678540698675,0.837678540698675,0.8398113004599439,0.185195449191545,1.0,0.3366227447986603,0.8012820512820513,0.785234899328859,0.7932584753054552,1.0,0.8,0.0746938999509438
bace,classification,2,3,stratified_scaffold_group,stratified_scaffold_group,26,xgb_80_d5,boosting,0.8844126506024097,0.8844126506024097,0.8419472537652793,0.1416412834767932,1.0,0.5420131683349609,0.8125,0.7891566265060241,0.8008283132530121,1.0,0.8,0.0684810999664478
bace,classification,2,1,stratified_scaffold_group,stratified_scaffold_group,27,xgb_100_d3,boosting,0.825648854961832,0.825648854961832,0.8358612347057947,0.16689737198777,1.0,0.3694946765899658,0.8015267175572519,0.6933333333333334,0.7474300254452926,1.0,0.8,0.07295530004194
bace,classification,2,2,stratified_scaffold_group,stratified_scaffold_group,27,xgb_100_d3,boosting,0.823976079848563,0.823976079848563,0.8244600518520961,0.1908353403072817,1.0,0.3093855679035187,0.8141025641025641,0.6778523489932886,0.7459774565479264,1.0,0.8,0.0703785000368952
bace,classification,2,3,stratified_scaffold_group,stratified_scaffold_group,27,xgb_100_d3,boosting,0.8752353162650602,0.8752353162650602,0.8073568761521089,0.1506043436892852,1.0,0.5565170645713806,0.8046875,0.7771084337349398,0.7908979668674698,1.0,0.8,0.0693525000242516
bace,classification,2,1,stratified_scaffold_group,stratified_scaffold_group,28,xgb_60_d6,boosting,0.8432315521628498,0.8432315521628498,0.8382049485138258,0.1582043100037052,1.0,0.3717473447322845,0.8015267175572519,0.7866666666666666,0.7940966921119592,1.0,0.8,0.0632285999599844
bace,classification,2,2,stratified_scaffold_group,stratified_scaffold_group,28,xgb_60_d6,boosting,0.8294828773016693,0.8294828773016693,0.8394106961005425,0.1842502373442986,1.0,0.298325777053833,0.8012820512820513,0.7046979865771812,0.7529900189296163,1.0,0.8,0.0600432999781332
bace,classification,2,3,stratified_scaffold_group,stratified_scaffold_group,28,xgb_60_d6,boosting,0.8920839608433735,0.8920839608433735,0.8346570498000775,0.1358101059415114,1.0,0.5559714436531067,0.8046875,0.8253012048192772,0.8149943524096386,1.0,0.8,0.0691073999623768
bace,classification,2,1,stratified_scaffold_group,stratified_scaffold_group,29,cat_60_d4,boosting,0.8298727735368957,0.8298727735368957,0.8102261707347042,0.1681153275374595,1.0,0.4382070222575392,0.8091603053435115,0.76,0.7845801526717557,1.0,0.8,0.2270326999714598
bace,classification,2,2,stratified_scaffold_group,stratified_scaffold_group,29,cat_60_d4,boosting,0.8175658234383065,0.8175658234383065,0.8213617388024699,0.1979286549343239,1.0,0.3306553366018301,0.8141025641025641,0.651006711409396,0.7325546377559801,1.0,0.8,0.177138399973046
bace,classification,2,3,stratified_scaffold_group,stratified_scaffold_group,29,cat_60_d4,boosting,0.877964984939759,0.877964984939759,0.805495440910515,0.1547202075773061,1.0,0.526787310993186,0.8125,0.7831325301204819,0.797816265060241,1.0,0.8,0.1936360000399872
bace,classification,2,1,stratified_scaffold_group,stratified_scaffold_group,30,cat_80_d6,boosting,0.8382442748091603,0.8382442748091603,0.8329533295935115,0.1597184293529549,1.0,0.3705114595525223,0.8015267175572519,0.72,0.760763358778626,1.0,0.8,0.6661076999735087
bace,classification,2,2,stratified_scaffold_group,stratified_scaffold_group,30,cat_80_d6,boosting,0.83417225950783,0.83417225950783,0.8327668335532505,0.1883741020207987,1.0,0.3188388318131109,0.8076923076923077,0.697986577181208,0.7528394424367579,1.0,0.8,0.5170995999942534
bace,classification,2,3,stratified_scaffold_group,stratified_scaffold_group,30,cat_80_d6,boosting,0.8792827560240963,0.8792827560240963,0.8187435696630544,0.1478504868476725,1.0,0.5411034102669593,0.828125,0.8132530120481928,0.8206890060240963,1.0,0.8,0.5362868999945931
bace,classification,2,1,stratified_scaffold_group,stratified_scaffold_group,31,cat_100_d4,boosting,0.834325699745547,0.834325699745547,0.8285434922256155,0.1659324073522388,1.0,0.4530976052696032,0.8015267175572519,0.7266666666666667,0.7640966921119593,1.0,0.8,0.3305937999975867
bace,classification,2,2,stratified_scaffold_group,stratified_scaffold_group,31,cat_100_d4,boosting,0.8287084839098261,0.8287084839098261,0.8355439956532518,0.1903970202506647,1.0,0.3501592459666874,0.8012820512820513,0.6778523489932886,0.73956720013767,1.0,0.8,0.2699600999476388
bace,classification,2,3,stratified_scaffold_group,stratified_scaffold_group,31,cat_100_d4,boosting,0.885730421686747,0.885730421686747,0.8274044112755852,0.1515643173771205,1.0,0.561659667893124,0.8046875,0.8192771084337349,0.8119823042168675,1.0,0.8,0.281671600008849
bace,classification,2,1,stratified_scaffold_group,stratified_scaffold_group,32,cat_60_d8,boosting,0.8416030534351145,0.8416030534351145,0.8282814513578781,0.1600899098771282,1.0,0.3631673085223801,0.8015267175572519,0.7533333333333333,0.7774300254452926,1.0,0.8,1.5447818000102416
bace,classification,2,2,stratified_scaffold_group,stratified_scaffold_group,32,cat_60_d8,boosting,0.8273748064016521,0.8273748064016521,0.8470782832319949,0.1882188607547972,1.0,0.2698092722737812,0.8269230769230769,0.6845637583892618,0.7557434176561693,1.0,0.8,1.1599683999666013
bace,classification,2,3,stratified_scaffold_group,stratified_scaffold_group,32,cat_60_d8,boosting,0.8901073042168675,0.8901073042168675,0.8264883189752292,0.1408304029881661,1.0,0.5230347376356412,0.828125,0.7891566265060241,0.8086408132530121,1.0,0.8,1.2654669000185097
bace,classification,3,1,stratified_scaffold_group,stratified_scaffold_group,1,logreg_l2_c0.1,linear,0.853976850584601,0.853976850584601,0.8385464331527059,0.1569488604344295,1.0,0.4273506971887353,0.8037383177570093,0.7531380753138075,0.7784381965354084,1.0,0.8,0.0044298999710008
bace,classification,3,2,stratified_scaffold_group,stratified_scaffold_group,1,logreg_l2_c0.1,linear,0.8271613190730838,0.8271613190730838,0.7407862828821035,0.1739378951002637,1.0,0.4714536970157331,0.803030303030303,0.6882352941176471,0.745632798573975,1.0,0.8,0.0050604999996721
bace,classification,3,3,stratified_scaffold_group,stratified_scaffold_group,1,logreg_l2_c0.1,linear,0.9168108974358976,0.9168108974358976,0.8979454995196523,0.1204565978907745,1.0,0.4872778623667089,0.8,0.8509615384615384,0.8254807692307693,1.0,0.8,0.0048529999912716
bace,classification,3,1,stratified_scaffold_group,stratified_scaffold_group,2,logreg_l2_c1,linear,0.8438098776052867,0.8438098776052867,0.83377732411966,0.1636881881241725,1.0,0.4092226183290433,0.8130841121495327,0.7322175732217573,0.772650842685645,1.0,0.8,0.0063032999751158
bace,classification,3,2,stratified_scaffold_group,stratified_scaffold_group,2,logreg_l2_c1,linear,0.8221702317290553,0.8221702317290553,0.7386279540988621,0.1880142301552275,1.0,0.3754733812463177,0.8257575757575758,0.6705882352941177,0.7481729055258468,1.0,0.8,0.0085395000060088
bace,classification,3,3,stratified_scaffold_group,stratified_scaffold_group,2,logreg_l2_c1,linear,0.8963942307692307,0.8963942307692307,0.881182262873529,0.1320896571924985,1.0,0.3827760506792191,0.8066666666666666,0.7980769230769231,0.8023717948717949,1.0,0.8,0.0077893999987281
bace,classification,3,1,stratified_scaffold_group,stratified_scaffold_group,3,logreg_l2_c10,linear,0.8074433973331249,0.8074433973331249,0.8017631524810057,0.212272519223819,1.0,0.219588462185353,0.8037383177570093,0.6569037656903766,0.7303210417236929,1.0,0.8,0.01195800001733
bace,classification,3,2,stratified_scaffold_group,stratified_scaffold_group,3,logreg_l2_c10,linear,0.8050579322638146,0.8050579322638146,0.7298334124416983,0.2254980407077104,1.0,0.2675444438448316,0.8257575757575758,0.6764705882352942,0.751114081996435,1.0,0.8,0.012899599969387
bace,classification,3,3,stratified_scaffold_group,stratified_scaffold_group,3,logreg_l2_c10,linear,0.8757532051282051,0.8757532051282051,0.8527469200907725,0.1688421990487054,1.0,0.2356612631190174,0.8066666666666666,0.7740384615384616,0.7903525641025642,1.0,0.8,0.0138325000298209
bace,classification,3,1,stratified_scaffold_group,stratified_scaffold_group,4,logreg_l1_c1,linear,0.8478668908614554,0.8478668908614554,0.8311012014355155,0.1586300917437217,1.0,0.4661921060745635,0.8037383177570093,0.7447698744769875,0.7742540961169984,1.0,0.8,0.0362709999899379
bace,classification,3,2,stratified_scaffold_group,stratified_scaffold_group,4,logreg_l1_c1,linear,0.8180704099821747,0.8180704099821747,0.7416785619270412,0.1867727209859269,1.0,0.4359608519061466,0.8106060606060606,0.6882352941176471,0.7494206773618538,1.0,0.8,0.0713533000089228
bace,classification,3,3,stratified_scaffold_group,stratified_scaffold_group,4,logreg_l1_c1,linear,0.8948557692307693,0.8948557692307693,0.8765113833740934,0.1297183956575609,1.0,0.4245561836537767,0.8,0.8221153846153846,0.8110576923076923,1.0,0.8,0.0517568999784998
bace,classification,3,1,stratified_scaffold_group,stratified_scaffold_group,5,rf_60_sqrt,bagging,0.860829781410081,0.860829781410081,0.8380417158940296,0.1497224867005317,1.0,0.4333333333333333,0.8084112149532711,0.8117154811715481,0.8100633480624095,1.0,0.8,0.1096988999634049
bace,classification,3,2,stratified_scaffold_group,stratified_scaffold_group,5,rf_60_sqrt,bagging,0.8406417112299466,0.8406417112299466,0.7771666157469483,0.1628790422059134,1.0,0.4399712643678161,0.8106060606060606,0.7470588235294118,0.7788324420677362,1.0,0.8,0.1005555000156164
bace,classification,3,3,stratified_scaffold_group,stratified_scaffold_group,5,rf_60_sqrt,bagging,0.9188782051282052,0.9188782051282052,0.8945541031299478,0.1100123061047322,1.0,0.5278587196467991,0.8066666666666666,0.908653846153846,0.8576602564102564,1.0,0.8,0.1042264000279828
bace,classification,3,1,stratified_scaffold_group,stratified_scaffold_group,6,rf_90_d12,bagging,0.8670570523599108,0.8670570523599108,0.8423059825652665,0.1508395981470984,1.0,0.4210502685898602,0.8084112149532711,0.8200836820083682,0.8142474484808196,1.0,0.8,0.1569048999808728
bace,classification,3,2,stratified_scaffold_group,stratified_scaffold_group,6,rf_90_d12,bagging,0.8317513368983958,0.8317513368983958,0.7659087048571824,0.1684307901801432,1.0,0.4106188831913858,0.803030303030303,0.711764705882353,0.7573975044563279,1.0,0.8,0.1513994000270031
bace,classification,3,3,stratified_scaffold_group,stratified_scaffold_group,6,rf_90_d12,bagging,0.9180608974358976,0.9180608974358976,0.9081812650587358,0.1163396961870194,1.0,0.5083936723342461,0.8,0.9182692307692308,0.8591346153846153,1.0,0.8,0.1475668999482877
bace,classification,3,1,stratified_scaffold_group,stratified_scaffold_group,7,rf_90_leaf2,bagging,0.8663531849998044,0.8663531849998044,0.8420668729443176,0.1501564598636213,1.0,0.454459519040081,0.8037383177570093,0.8284518828451883,0.8160951003010988,1.0,0.8,0.1514606999699026
bace,classification,3,2,stratified_scaffold_group,stratified_scaffold_group,7,rf_90_leaf2,bagging,0.8320632798573975,0.8320632798573975,0.780006905717085,0.1675510238838428,1.0,0.470594724679476,0.803030303030303,0.7411764705882353,0.7721033868092692,1.0,0.8,0.1543819000362418
bace,classification,3,3,stratified_scaffold_group,stratified_scaffold_group,7,rf_90_leaf2,bagging,0.9267147435897436,0.9267147435897436,0.9134608046691792,0.1136861591600679,1.0,0.5292064137851301,0.8,0.903846153846154,0.851923076923077,1.0,0.8,0.1658809999935329
bace,classification,3,1,stratified_scaffold_group,stratified_scaffold_group,8,rf_120_d20_leaf2,bagging,0.8684452352090095,0.8684452352090095,0.8434715296164538,0.1493337299471244,1.0,0.4474627382461499,0.8037383177570093,0.8326359832635983,0.8181871505103038,1.0,0.8,0.2132828999892808
bace,classification,3,2,stratified_scaffold_group,stratified_scaffold_group,8,rf_120_d20_leaf2,bagging,0.8411541889483065,0.8411541889483065,0.7844090392384123,0.1638811159925656,1.0,0.4530691341982826,0.803030303030303,0.7352941176470589,0.7691622103386809,1.0,0.8,0.2088844000245444
bace,classification,3,3,stratified_scaffold_group,stratified_scaffold_group,8,rf_120_d20_leaf2,bagging,0.9286378205128204,0.9286378205128204,0.911735613079624,0.1137172070246243,1.0,0.5098716803033176,0.8066666666666666,0.908653846153846,0.8576602564102564,1.0,0.8,0.2139458999736234
bace,classification,3,1,stratified_scaffold_group,stratified_scaffold_group,9,et_60_sqrt,bagging,0.8695987956047392,0.8695987956047392,0.84393432949985,0.1448618070654893,1.0,0.3857575757575757,0.8084112149532711,0.8284518828451883,0.8184315488992298,1.0,0.8,0.0755310999811627
bace,classification,3,2,stratified_scaffold_group,stratified_scaffold_group,9,et_60_sqrt,bagging,0.8400401069518717,0.8400401069518717,0.7746449382322751,0.1632264109682904,1.0,0.45,0.8257575757575758,0.7411764705882353,0.7834670231729055,1.0,0.8,0.0640893999952822
bace,classification,3,3,stratified_scaffold_group,stratified_scaffold_group,9,et_60_sqrt,bagging,0.917948717948718,0.917948717948718,0.8896668214803958,0.1095575871905059,1.0,0.5166666666666667,0.8066666666666666,0.8942307692307693,0.8504487179487179,1.0,0.8,0.0621240000473335
bace,classification,3,1,stratified_scaffold_group,stratified_scaffold_group,10,et_90_d12,bagging,0.876031361201267,0.876031361201267,0.8417761870836171,0.1448088054210017,1.0,0.4042674231447573,0.8177570093457944,0.8242677824267782,0.8210123958862863,1.0,0.8,0.0927780999918468
bace,classification,3,2,stratified_scaffold_group,stratified_scaffold_group,10,et_90_d12,bagging,0.8486408199643494,0.8486408199643494,0.78923781956726,0.1606164622574688,1.0,0.4432287756272149,0.803030303030303,0.7294117647058824,0.7662210338680927,1.0,0.8,0.0915606000344269
bace,classification,3,3,stratified_scaffold_group,stratified_scaffold_group,10,et_90_d12,bagging,0.9285096153846154,0.9285096153846154,0.9090586286016982,0.109978162351602,1.0,0.5295411435286511,0.8,0.9134615384615384,0.8567307692307693,1.0,0.8,0.0930496999644674
bace,classification,3,1,stratified_scaffold_group,stratified_scaffold_group,11,et_90_leaf2,bagging,0.869501036249169,0.869501036249169,0.8406679160731172,0.1441989189664002,1.0,0.467982606918175,0.8037383177570093,0.8326359832635983,0.8181871505103038,1.0,0.8,0.0905349000240676
bace,classification,3,2,stratified_scaffold_group,stratified_scaffold_group,11,et_90_leaf2,bagging,0.844451871657754,0.844451871657754,0.7818856540270023,0.160378863599963,1.0,0.4798231574421863,0.8106060606060606,0.7588235294117647,0.7847147950089126,1.0,0.8,0.0911215000087395
bace,classification,3,3,stratified_scaffold_group,stratified_scaffold_group,11,et_90_leaf2,bagging,0.9287660256410256,0.9287660256410256,0.9099344011883778,0.1071013115072743,1.0,0.5225792312464889,0.8,0.9230769230769232,0.8615384615384616,1.0,0.8,0.0926898999605327
bace,classification,3,1,stratified_scaffold_group,stratified_scaffold_group,12,et_120_d20_leaf2,bagging,0.8723556094318227,0.8723556094318227,0.8425193423497752,0.1423189173763496,1.0,0.459527888356575,0.8130841121495327,0.8368200836820083,0.8249520979157705,1.0,0.8,0.131883000023663
bace,classification,3,2,stratified_scaffold_group,stratified_scaffold_group,12,et_120_d20_leaf2,bagging,0.8395499108734403,0.8395499108734403,0.7799755040711553,0.1627283004377865,1.0,0.4612118529033732,0.8181818181818182,0.7411764705882353,0.7796791443850268,1.0,0.8,0.1103376999963074
bace,classification,3,3,stratified_scaffold_group,stratified_scaffold_group,12,et_120_d20_leaf2,bagging,0.9279326923076924,0.9279326923076924,0.906029931865525,0.1079947791246644,1.0,0.5211854474049221,0.8066666666666666,0.9230769230769232,0.8648717948717949,1.0,0.8,0.1309312999946996
bace,classification,3,1,stratified_scaffold_group,stratified_scaffold_group,13,histgb_lr0.05,boosting,0.8576623782896023,0.8576623782896023,0.8337357004838604,0.1584748722356715,1.0,0.3041506646872697,0.8037383177570093,0.7615062761506276,0.7826222969538185,1.0,0.8,1.0186661999905482
bace,classification,3,2,stratified_scaffold_group,stratified_scaffold_group,13,histgb_lr0.05,boosting,0.8375222816399287,0.8375222816399287,0.7557213516303317,0.1622364179754985,1.0,0.454172842886175,0.803030303030303,0.7823529411764706,0.7926916221033868,1.0,0.8,1.0157192000187931
bace,classification,3,3,stratified_scaffold_group,stratified_scaffold_group,13,histgb_lr0.05,boosting,0.9220032051282052,0.9220032051282052,0.9051763227623336,0.1084522080273323,1.0,0.4556370138920209,0.82,0.8894230769230769,0.8547115384615385,1.0,0.8,1.0134272999712266
bace,classification,3,1,stratified_scaffold_group,stratified_scaffold_group,14,histgb_lr0.1,boosting,0.8603898643100145,0.8603898643100145,0.8320915325762201,0.1575924151118691,1.0,0.2994827268239762,0.8037383177570093,0.7949790794979079,0.7993586986274586,1.0,0.8,0.7083589999820106
bace,classification,3,2,stratified_scaffold_group,stratified_scaffold_group,14,histgb_lr0.1,boosting,0.8448752228163993,0.8448752228163993,0.7668630928156541,0.1615102341201544,1.0,0.437931906439716,0.803030303030303,0.7529411764705882,0.7779857397504456,1.0,0.8,0.8063321000081487
bace,classification,3,3,stratified_scaffold_group,stratified_scaffold_group,14,histgb_lr0.1,boosting,0.926201923076923,0.926201923076923,0.91226674805038,0.1039444487921206,1.0,0.4109395296989771,0.8133333333333334,0.903846153846154,0.8585897435897436,1.0,0.8,0.7759616000112146
bace,classification,3,1,stratified_scaffold_group,stratified_scaffold_group,15,gb_lr0.05_d2,boosting,0.8418546904938803,0.8418546904938803,0.8192819117804111,0.1813928442097867,1.0,0.3696199055451079,0.8037383177570093,0.7280334728033473,0.7658858952801784,1.0,0.8,0.3010892999591306
bace,classification,3,2,stratified_scaffold_group,stratified_scaffold_group,15,gb_lr0.05_d2,boosting,0.7896613190730838,0.7896613190730838,0.7297161975626705,0.1876837003202174,1.0,0.4009117013523186,0.8257575757575758,0.6294117647058823,0.727584670231729,1.0,0.8,0.3455605000490322
bace,classification,3,3,stratified_scaffold_group,stratified_scaffold_group,15,gb_lr0.05_d2,boosting,0.8890705128205126,0.8890705128205126,0.8769424994685724,0.1521746473072866,1.0,0.4416397356315228,0.8,0.7932692307692308,0.7966346153846154,1.0,0.8,0.3148660999722779
bace,classification,3,1,stratified_scaffold_group,stratified_scaffold_group,16,gb_lr0.1_d3,boosting,0.8560982286004771,0.8560982286004771,0.832613479142101,0.1580524854870841,1.0,0.3452295727895564,0.8037383177570093,0.7615062761506276,0.7826222969538185,1.0,0.8,0.4262263999553397
bace,classification,3,2,stratified_scaffold_group,stratified_scaffold_group,16,gb_lr0.1_d3,boosting,0.8180035650623887,0.8180035650623887,0.7440261138685125,0.1734089752767764,1.0,0.4158214676362399,0.8257575757575758,0.6882352941176471,0.7569964349376115,1.0,0.8,0.5074636999634095
bace,classification,3,3,stratified_scaffold_group,stratified_scaffold_group,16,gb_lr0.1_d3,boosting,0.9035256410256408,0.9035256410256408,0.900571710661892,0.1190189255506228,1.0,0.4489452112409917,0.8133333333333334,0.875,0.8441666666666667,1.0,0.8,0.4715058999718167
bace,classification,3,1,stratified_scaffold_group,stratified_scaffold_group,17,lgbm_60_l15,boosting,0.8630489187815273,0.8630489187815273,0.8382403538132871,0.1560426533772372,1.0,0.3265478747602885,0.822429906542056,0.7531380753138075,0.7877839909279318,1.0,0.8,0.036371299996972
bace,classification,3,2,stratified_scaffold_group,stratified_scaffold_group,17,lgbm_60_l15,boosting,0.828988413547237,0.828988413547237,0.7540121473253908,0.1656636227079422,1.0,0.4545294544359884,0.803030303030303,0.7294117647058824,0.7662210338680927,1.0,0.8,0.0409127000020816
bace,classification,3,3,stratified_scaffold_group,stratified_scaffold_group,17,lgbm_60_l15,boosting,0.9096314102564104,0.9096314102564104,0.8932181327052009,0.1197776146827905,1.0,0.4482272939427167,0.8066666666666666,0.8653846153846154,0.836025641025641,1.0,0.8,0.0435739000095054
bace,classification,3,1,stratified_scaffold_group,stratified_scaffold_group,18,lgbm_90_l31,boosting,0.8642415829194854,0.8642415829194854,0.8362123218032758,0.154192940578431,1.0,0.3501216313984632,0.8037383177570093,0.799163179916318,0.8014507488366637,1.0,0.8,0.0603581999894231
bace,classification,3,2,stratified_scaffold_group,stratified_scaffold_group,18,lgbm_90_l31,boosting,0.8443181818181819,0.8443181818181819,0.7752567742202896,0.1586003927572076,1.0,0.4951304188714238,0.8106060606060606,0.7941176470588236,0.8023618538324421,1.0,0.8,0.1450989000150002
bace,classification,3,3,stratified_scaffold_group,stratified_scaffold_group,18,lgbm_90_l31,boosting,0.9201442307692308,0.9201442307692308,0.9043949928284704,0.1093449319827409,1.0,0.4714989811293712,0.8,0.8942307692307693,0.8471153846153847,1.0,0.8,0.0763382000150159
bace,classification,3,1,stratified_scaffold_group,stratified_scaffold_group,19,lgbm_60_l63,boosting,0.8592949595276268,0.8592949595276268,0.8336397859688057,0.1572322519873662,1.0,0.3070615033482363,0.8084112149532711,0.7824267782426778,0.7954189965979744,1.0,0.8,0.1007988000055775
bace,classification,3,2,stratified_scaffold_group,stratified_scaffold_group,19,lgbm_60_l63,boosting,0.8430704099821748,0.8430704099821748,0.7776570766574666,0.1607961952406307,1.0,0.4670735117475861,0.803030303030303,0.7529411764705882,0.7779857397504456,1.0,0.8,0.077997000014875
bace,classification,3,3,stratified_scaffold_group,stratified_scaffold_group,19,lgbm_60_l63,boosting,0.9228365384615383,0.9228365384615383,0.9081808753885304,0.1066346266112841,1.0,0.4902773485187791,0.8,0.9182692307692308,0.8591346153846153,1.0,0.8,0.0569273000000976
bace,classification,3,1,stratified_scaffold_group,stratified_scaffold_group,20,lgbm_100_leaf10,boosting,0.8666757908731866,0.8666757908731866,0.8470143610076204,0.1499573464215861,1.0,0.3199306607118548,0.8130841121495327,0.7949790794979079,0.8040315958237203,1.0,0.8,0.124605499964673
bace,classification,3,2,stratified_scaffold_group,stratified_scaffold_group,20,lgbm_100_leaf10,boosting,0.8431595365418895,0.8431595365418895,0.7867308934559122,0.1671627559753047,1.0,0.4057283130020307,0.803030303030303,0.7235294117647059,0.7632798573975044,1.0,0.8,0.1318063999642618
bace,classification,3,3,stratified_scaffold_group,stratified_scaffold_group,20,lgbm_100_leaf10,boosting,0.9238621794871794,0.9238621794871794,0.9097144789626368,0.1025428726976081,1.0,0.4658990858970317,0.8066666666666666,0.903846153846154,0.8552564102564102,1.0,0.8,0.1208064000238664
bace,classification,3,1,stratified_scaffold_group,stratified_scaffold_group,21,lgbm_100_leaf30,boosting,0.8596664450787941,0.8596664450787941,0.8362355330643311,0.1591368440357906,1.0,0.3032421576617828,0.8084112149532711,0.7698744769874477,0.7891428459703593,1.0,0.8,0.0484688999713398
bace,classification,3,2,stratified_scaffold_group,stratified_scaffold_group,21,lgbm_100_leaf30,boosting,0.8425579322638146,0.8425579322638146,0.7797842922368659,0.1599979658041725,1.0,0.4374606590037141,0.8257575757575758,0.7705882352941177,0.7981729055258467,1.0,0.8,0.0607061999617144
bace,classification,3,3,stratified_scaffold_group,stratified_scaffold_group,21,lgbm_100_leaf30,boosting,0.9129326923076924,0.9129326923076924,0.9004660378495442,0.1127909544813201,1.0,0.4165185690739661,0.8066666666666666,0.8798076923076923,0.8432371794871795,1.0,0.8,0.0557039999985136
bace,classification,3,1,stratified_scaffold_group,stratified_scaffold_group,22,lgbm_80_ff0.7,boosting,0.8630391428459704,0.8630391428459704,0.8380419854647403,0.151757481660977,1.0,0.3357001889861172,0.8130841121495327,0.7907949790794979,0.8019395456145153,1.0,0.8,0.0597460999852046
bace,classification,3,2,stratified_scaffold_group,stratified_scaffold_group,22,lgbm_80_ff0.7,boosting,0.8527183600713013,0.8527183600713013,0.7812312496220245,0.1549757870540165,1.0,0.410602401160455,0.8560606060606061,0.7588235294117647,0.8074420677361853,1.0,0.8,0.0763109000399708
bace,classification,3,3,stratified_scaffold_group,stratified_scaffold_group,22,lgbm_80_ff0.7,boosting,0.929471153846154,0.929471153846154,0.9127163314391468,0.101634087979651,1.0,0.455833652245842,0.82,0.908653846153846,0.864326923076923,1.0,0.8,0.0658237999887205
bace,classification,3,1,stratified_scaffold_group,stratified_scaffold_group,23,lgbm_80_bag0.8,boosting,0.8691197747624448,0.8691197747624448,0.8462941125069361,0.1497186713582886,1.0,0.3622488826635443,0.8084112149532711,0.8075313807531381,0.8079712978532045,1.0,0.8,0.0692350000026635
bace,classification,3,2,stratified_scaffold_group,stratified_scaffold_group,23,lgbm_80_bag0.8,boosting,0.8466577540106952,0.8466577540106952,0.7781113427545552,0.1603130937482927,1.0,0.4226322483473989,0.803030303030303,0.7764705882352941,0.7897504456327986,1.0,0.8,0.0689361999975517
bace,classification,3,3,stratified_scaffold_group,stratified_scaffold_group,23,lgbm_80_bag0.8,boosting,0.9282852564102564,0.9282852564102564,0.9159325183469896,0.1018768082640304,1.0,0.50011110106887,0.8,0.908653846153846,0.854326923076923,1.0,0.8,0.0814278000034391
bace,classification,3,1,stratified_scaffold_group,stratified_scaffold_group,24,lgbm_120_l15,boosting,0.8635768193016071,0.8635768193016071,0.8391130243170137,0.1541075998539616,1.0,0.3226340142349192,0.8037383177570093,0.7615062761506276,0.7826222969538185,1.0,0.8,0.0656739000114612
bace,classification,3,2,stratified_scaffold_group,stratified_scaffold_group,24,lgbm_120_l15,boosting,0.8360071301247771,0.8360071301247771,0.7616789248067177,0.1622909237044368,1.0,0.4313383828473011,0.803030303030303,0.7529411764705882,0.7779857397504456,1.0,0.8,0.0877705999882891
bace,classification,3,3,stratified_scaffold_group,stratified_scaffold_group,24,lgbm_120_l15,boosting,0.9233173076923076,0.9233173076923076,0.9081020526473808,0.1081969898545201,1.0,0.4878834594726612,0.8,0.8846153846153846,0.8423076923076923,1.0,0.8,0.0759512000367976
bace,classification,3,1,stratified_scaffold_group,stratified_scaffold_group,25,xgb_60_d3,boosting,0.8499100613928754,0.8499100613928754,0.826793337000567,0.1754035425456591,1.0,0.3309780359268188,0.8037383177570093,0.7615062761506276,0.7826222969538185,1.0,0.8,0.0558716999948956
bace,classification,3,2,stratified_scaffold_group,stratified_scaffold_group,25,xgb_60_d3,boosting,0.8049465240641711,0.8049465240641711,0.7328833090311894,0.1782156341329792,1.0,0.3736025094985962,0.803030303030303,0.6647058823529413,0.7338680926916221,1.0,0.8,0.0619691999745555
bace,classification,3,3,stratified_scaffold_group,stratified_scaffold_group,25,xgb_60_d3,boosting,0.903878205128205,0.903878205128205,0.8914635973459291,0.1308675044605852,1.0,0.443192720413208,0.8,0.8269230769230769,0.8134615384615385,1.0,0.8,0.0610666999709792
bace,classification,3,1,stratified_scaffold_group,stratified_scaffold_group,26,xgb_80_d5,boosting,0.8645935165995386,0.8645935165995386,0.8415655256687846,0.1555701049720385,1.0,0.3420524597167969,0.8130841121495327,0.8117154811715481,0.8123997966605404,1.0,0.8,0.0876255000475794
bace,classification,3,2,stratified_scaffold_group,stratified_scaffold_group,26,xgb_80_d5,boosting,0.8189839572192513,0.8189839572192513,0.747889351350387,0.1721032046522231,1.0,0.3671972453594208,0.8409090909090909,0.7,0.7704545454545455,1.0,0.8,0.0957066999981179
bace,classification,3,3,stratified_scaffold_group,stratified_scaffold_group,26,xgb_80_d5,boosting,0.9129647435897434,0.9129647435897434,0.9082303744316736,0.1141638229308335,1.0,0.4709181487560272,0.8,0.8798076923076923,0.8399038461538462,1.0,0.8,0.0728257999871857
bace,classification,3,1,stratified_scaffold_group,stratified_scaffold_group,27,xgb_100_d3,boosting,0.8493332811950105,0.8493332811950105,0.8278475802440026,0.1730713595530693,1.0,0.33620285987854,0.8037383177570093,0.7824267782426778,0.7930825479998436,1.0,0.8,0.0678989999578334
bace,classification,3,2,stratified_scaffold_group,stratified_scaffold_group,27,xgb_100_d3,boosting,0.8202094474153299,0.8202094474153299,0.7614951061936797,0.1724623941159214,1.0,0.3691875040531158,0.8106060606060606,0.6647058823529413,0.7376559714795009,1.0,0.8,0.0738173000281676
bace,classification,3,3,stratified_scaffold_group,stratified_scaffold_group,27,xgb_100_d3,boosting,0.8993108974358975,0.8993108974358975,0.891914182618145,0.129495410362957,1.0,0.4912161231040954,0.8,0.8605769230769231,0.8302884615384616,1.0,0.8,0.0841001999797299
bace,classification,3,1,stratified_scaffold_group,stratified_scaffold_group,28,xgb_60_d6,boosting,0.86649982403316,0.86649982403316,0.8410284289905081,0.1519008399479365,1.0,0.3735185861587524,0.8037383177570093,0.8117154811715481,0.8077268994642788,1.0,0.8,0.0684895999729633
bace,classification,3,2,stratified_scaffold_group,stratified_scaffold_group,28,xgb_60_d6,boosting,0.8252673796791444,0.8252673796791444,0.7569587835312295,0.1708106469180455,1.0,0.3568534851074219,0.8106060606060606,0.7,0.7553030303030303,1.0,0.8,0.0704713999875821
bace,classification,3,3,stratified_scaffold_group,stratified_scaffold_group,28,xgb_60_d6,boosting,0.9223878205128204,0.9223878205128204,0.9123177775557746,0.1067236386391849,1.0,0.4210213422775268,0.84,0.8846153846153846,0.8623076923076922,1.0,0.8,0.06664550001733
bace,classification,3,1,stratified_scaffold_group,stratified_scaffold_group,29,cat_60_d4,boosting,0.8467133304657255,0.8467133304657255,0.8267470706974812,0.1726516109079982,1.0,0.3581478381351632,0.8037383177570093,0.7907949790794979,0.7972666484182536,1.0,0.8,0.2366939999628812
bace,classification,3,2,stratified_scaffold_group,stratified_scaffold_group,29,cat_60_d4,boosting,0.805325311942959,0.805325311942959,0.7411094631586195,0.1794606595573643,1.0,0.3952705904669523,0.8106060606060606,0.6588235294117647,0.7347147950089126,1.0,0.8,0.2961407999973744
bace,classification,3,3,stratified_scaffold_group,stratified_scaffold_group,29,cat_60_d4,boosting,0.9004326923076923,0.9004326923076923,0.8935363379673393,0.1321335796123605,1.0,0.4523981919553821,0.8,0.8846153846153846,0.8423076923076923,1.0,0.8,0.2442281999974511
bace,classification,3,1,stratified_scaffold_group,stratified_scaffold_group,30,cat_80_d6,boosting,0.8612501466390333,0.8612501466390333,0.8385654475593203,0.1576873581668047,1.0,0.4156412564870931,0.8037383177570093,0.8410041841004184,0.8223712509287139,1.0,0.8,0.6632883999845944
bace,classification,3,2,stratified_scaffold_group,stratified_scaffold_group,30,cat_80_d6,boosting,0.8391488413547237,0.8391488413547237,0.7667292957608072,0.1640299769113813,1.0,0.4339612851794454,0.803030303030303,0.7058823529411764,0.7544563279857397,1.0,0.8,0.6696398999774829
bace,classification,3,3,stratified_scaffold_group,stratified_scaffold_group,30,cat_80_d6,boosting,0.9080929487179488,0.9080929487179488,0.8950476498872422,0.1255803254080009,1.0,0.4744768993249765,0.8066666666666666,0.8701923076923077,0.8384294871794872,1.0,0.8,0.7917086000088602
bace,classification,3,1,stratified_scaffold_group,stratified_scaffold_group,31,cat_100_d4,boosting,0.859363391076526,0.859363391076526,0.8370556335062749,0.1685374401670027,1.0,0.3481538755515472,0.8037383177570093,0.7405857740585774,0.7721620459077934,1.0,0.8,0.3428238999913446
bace,classification,3,2,stratified_scaffold_group,stratified_scaffold_group,31,cat_100_d4,boosting,0.8118092691622103,0.8118092691622103,0.7411955555653659,0.1775824585005848,1.0,0.4236925777426107,0.803030303030303,0.7235294117647059,0.7632798573975044,1.0,0.8,0.3201689000125043
bace,classification,3,3,stratified_scaffold_group,stratified_scaffold_group,31,cat_100_d4,boosting,0.908028846153846,0.908028846153846,0.8932140864745324,0.1304868131028038,1.0,0.4489866256607918,0.8066666666666666,0.8701923076923077,0.8384294871794872,1.0,0.8,0.3449001000262797
bace,classification,3,1,stratified_scaffold_group,stratified_scaffold_group,32,cat_60_d8,boosting,0.865903491964181,0.865903491964181,0.8413389371378074,0.1573518817153574,1.0,0.3589243547177213,0.8037383177570093,0.8158995815899581,0.8098189496734838,1.0,0.8,1.890393299981952
bace,classification,3,2,stratified_scaffold_group,stratified_scaffold_group,32,cat_60_d8,boosting,0.8305035650623885,0.8305035650623885,0.7530120998548675,0.1682339829074812,1.0,0.411925425677703,0.803030303030303,0.711764705882353,0.7573975044563279,1.0,0.8,2.020297400013078
bace,classification,3,3,stratified_scaffold_group,stratified_scaffold_group,32,cat_60_d8,boosting,0.9173557692307692,0.9173557692307692,0.907448407766343,0.1147432020344121,1.0,0.4653610373066761,0.8266666666666667,0.8894230769230769,0.8580448717948718,1.0,0.8,2.2550117999780923
clintox,classification,1,1,stratified_scaffold_group,stratified_scaffold_group,1,logreg_l2_c0.1,linear,0.7560428849902534,0.7560428849902534,0.1913253037454197,0.0948515127312354,1.0,0.1749325632174492,0.8333333333333334,0.4807017543859649,0.6570175438596492,1.0,0.8,0.0042842000257223
clintox,classification,1,2,stratified_scaffold_group,stratified_scaffold_group,1,logreg_l2_c0.1,linear,0.7254877645502645,0.7254877645502645,0.3131800079109886,0.0854834416950915,1.0,0.1322295832863398,0.8214285714285714,0.3888888888888888,0.6051587301587301,1.0,0.8,0.0036662999773398
clintox,classification,1,3,stratified_scaffold_group,stratified_scaffold_group,1,logreg_l2_c0.1,linear,0.772834274952919,0.772834274952919,0.3942017073997232,0.1040008037090565,1.0,0.1461720666751823,0.8148148148148148,0.5296610169491525,0.6722379158819836,1.0,0.8,0.0039677000022493
clintox,classification,1,1,stratified_scaffold_group,stratified_scaffold_group,2,logreg_l2_c1,linear,0.7384990253411307,0.7384990253411307,0.2051549698797937,0.067359477520062,1.0,0.0446622857714972,0.8333333333333334,0.5684210526315789,0.7008771929824562,1.0,0.8,0.0050365999923087
clintox,classification,1,2,stratified_scaffold_group,stratified_scaffold_group,2,logreg_l2_c1,linear,0.7153191137566137,0.7153191137566137,0.2632744730785923,0.0631553112439267,1.0,0.0109462578771105,0.8214285714285714,0.3194444444444444,0.5704365079365079,1.0,0.8,0.0061434999806806
clintox,classification,1,3,stratified_scaffold_group,stratified_scaffold_group,2,logreg_l2_c1,linear,0.7759730069052102,0.7759730069052102,0.3482957527111061,0.0890385605789096,1.0,0.0159096633975195,0.8148148148148148,0.4703389830508474,0.6425768989328311,1.0,0.8,0.0075490000308491
clintox,classification,1,1,stratified_scaffold_group,stratified_scaffold_group,3,logreg_l2_c10,linear,0.7260233918128656,0.7260233918128656,0.2060001403555921,0.0654076692659819,1.0,0.0059852406279595,0.8333333333333334,0.5824561403508772,0.7078947368421054,1.0,0.8,0.0089884000481106
clintox,classification,1,2,stratified_scaffold_group,stratified_scaffold_group,3,logreg_l2_c10,linear,0.7068039021164021,0.7068039021164021,0.263181663596216,0.064247920614591,1.0,0.0002718361208176,0.8571428571428571,0.2824074074074074,0.5697751322751323,1.0,0.8,0.0067718999926
clintox,classification,1,3,stratified_scaffold_group,stratified_scaffold_group,3,logreg_l2_c10,linear,0.7700094161958569,0.7700094161958569,0.323654678341539,0.0959755361051468,1.0,0.0011221713295657,0.8148148148148148,0.5,0.6574074074074074,1.0,0.8,0.0096800000173971
clintox,classification,1,1,stratified_scaffold_group,stratified_scaffold_group,4,logreg_l1_c1,linear,0.6865497076023391,0.6865497076023391,0.1739059642238479,0.0913012570015631,1.0,0.0119472792003793,0.8888888888888888,0.3403508771929824,0.6146198830409356,1.0,0.8,0.010437799966894
clintox,classification,1,2,stratified_scaffold_group,stratified_scaffold_group,4,logreg_l1_c1,linear,0.7135003306878306,0.7135003306878306,0.2041830252747846,0.0788940017066583,1.0,0.0179374287399421,0.8214285714285714,0.3587962962962963,0.5901124338624338,1.0,0.8,0.0051409000298008
clintox,classification,1,3,stratified_scaffold_group,stratified_scaffold_group,4,logreg_l1_c1,linear,0.7842906465787821,0.7842906465787821,0.3522270705591789,0.1046216401106125,1.0,0.0416003504326373,0.8148148148148148,0.5635593220338984,0.6891870684243566,1.0,0.8,0.0076994000119157
clintox,classification,1,1,stratified_scaffold_group,stratified_scaffold_group,5,rf_60_sqrt,bagging,0.7226120857699805,0.7226120857699805,0.1575474801073862,0.0552257988839703,1.0,0.0666666666666666,0.8888888888888888,0.4456140350877193,0.6672514619883041,1.0,0.8,0.10495449998416
clintox,classification,1,2,stratified_scaffold_group,stratified_scaffold_group,5,rf_60_sqrt,bagging,0.7661623677248676,0.7661623677248676,0.2402866018164877,0.0533160649916887,1.0,0.0666666666666666,0.8571428571428571,0.5162037037037037,0.6866732804232805,1.0,0.8,0.1197416000068187
clintox,classification,1,3,stratified_scaffold_group,stratified_scaffold_group,5,rf_60_sqrt,bagging,0.7674984306340239,0.7674984306340239,0.3717707419951693,0.0828770734915553,1.0,0.0666666666666666,0.8518518518518519,0.5254237288135593,0.6886377903327056,1.0,0.8,0.10966020001797
clintox,classification,1,1,stratified_scaffold_group,stratified_scaffold_group,6,rf_90_d12,bagging,0.719298245614035,0.719298245614035,0.2178196527732947,0.0585296007890172,1.0,0.1058347606693591,0.8333333333333334,0.4385964912280702,0.6359649122807018,1.0,0.8,0.1875314000062644
clintox,classification,1,2,stratified_scaffold_group,stratified_scaffold_group,6,rf_90_d12,bagging,0.7838541666666666,0.7838541666666666,0.2372244056058362,0.0579066217745128,1.0,0.1396837608682686,0.8214285714285714,0.6458333333333333,0.7336309523809523,1.0,0.8,0.162056399974972
clintox,classification,1,3,stratified_scaffold_group,stratified_scaffold_group,6,rf_90_d12,bagging,0.8192875078468298,0.8192875078468298,0.477343685925894,0.0794260434843649,1.0,0.115285222770069,0.8148148148148148,0.5635593220338984,0.6891870684243566,1.0,0.8,0.1723707999917678
clintox,classification,1,1,stratified_scaffold_group,stratified_scaffold_group,7,rf_90_leaf2,bagging,0.7710526315789474,0.7710526315789474,0.2419065872968734,0.0573562291074051,1.0,0.1218635326176924,0.8333333333333334,0.5543859649122806,0.6938596491228071,1.0,0.8,0.1703747999854385
clintox,classification,1,2,stratified_scaffold_group,stratified_scaffold_group,7,rf_90_leaf2,bagging,0.7630208333333334,0.7630208333333334,0.1956533794135534,0.0586272842330991,1.0,0.1108371771132528,0.8214285714285714,0.4976851851851852,0.6595568783068784,1.0,0.8,0.1639578999602235
clintox,classification,1,3,stratified_scaffold_group,stratified_scaffold_group,7,rf_90_leaf2,bagging,0.7758160703075958,0.7758160703075958,0.4258041163509563,0.0805101216891162,1.0,0.1176358454525654,0.8148148148148148,0.5550847457627119,0.6849497802887634,1.0,0.8,0.1625396000454202
clintox,classification,1,1,stratified_scaffold_group,stratified_scaffold_group,8,rf_120_d20_leaf2,bagging,0.760916179337232,0.760916179337232,0.1972219091900588,0.058368679640664,1.0,0.1180382739019206,0.8333333333333334,0.512280701754386,0.6728070175438596,1.0,0.8,0.2383072999655269
clintox,classification,1,2,stratified_scaffold_group,stratified_scaffold_group,8,rf_120_d20_leaf2,bagging,0.7466517857142857,0.7466517857142857,0.1825225180183168,0.0595649274568002,1.0,0.1128457381315405,0.8214285714285714,0.4884259259259259,0.6549272486772486,1.0,0.8,0.2463797000236809
clintox,classification,1,3,stratified_scaffold_group,stratified_scaffold_group,8,rf_120_d20_leaf2,bagging,0.7513339610797238,0.7513339610797238,0.3983548510934518,0.0809878001502068,1.0,0.103844759270767,0.8148148148148148,0.423728813559322,0.6192718141870683,1.0,0.8,0.2609563000150956
clintox,classification,1,1,stratified_scaffold_group,stratified_scaffold_group,9,et_60_sqrt,bagging,0.7432748538011695,0.7432748538011695,0.1645719940260581,0.0549077984312903,1.0,0.0666666666666666,0.8333333333333334,0.4631578947368421,0.6482456140350877,1.0,0.8,0.0769542000489309
clintox,classification,1,2,stratified_scaffold_group,stratified_scaffold_group,9,et_60_sqrt,bagging,0.7556216931216932,0.7556216931216932,0.2158762411131158,0.0532622787745704,1.0,0.05,0.8214285714285714,0.4351851851851852,0.6283068783068784,1.0,0.8,0.088763799984008
clintox,classification,1,3,stratified_scaffold_group,stratified_scaffold_group,9,et_60_sqrt,bagging,0.7908035153797865,0.7908035153797865,0.3292122046834373,0.0823619932838417,1.0,0.0666666666666666,0.8518518518518519,0.5805084745762712,0.7161801632140615,1.0,0.8,0.0767213000217452
clintox,classification,1,1,stratified_scaffold_group,stratified_scaffold_group,10,et_90_d12,bagging,0.7160818713450292,0.7160818713450292,0.1686197091764509,0.0683884414008787,1.0,0.1533642540412665,0.8333333333333334,0.543859649122807,0.6885964912280702,1.0,0.8,0.1045350999920629
clintox,classification,1,2,stratified_scaffold_group,stratified_scaffold_group,10,et_90_d12,bagging,0.7182126322751323,0.7182126322751323,0.1942350183681891,0.074129911166899,1.0,0.1726233835153833,0.8214285714285714,0.4513888888888888,0.6364087301587301,1.0,0.8,0.0999859999865293
clintox,classification,1,3,stratified_scaffold_group,stratified_scaffold_group,10,et_90_d12,bagging,0.7860169491525424,0.7860169491525424,0.3251894694112674,0.0872250952274494,1.0,0.1955256693881471,0.8148148148148148,0.6906779661016949,0.7527463904582548,1.0,0.8,0.1056922000134363
clintox,classification,1,1,stratified_scaffold_group,stratified_scaffold_group,11,et_90_leaf2,bagging,0.7710526315789473,0.7710526315789473,0.1957930816380231,0.0591879026132437,1.0,0.117815080698865,0.8333333333333334,0.5508771929824561,0.6921052631578948,1.0,0.8,0.099567900004331
clintox,classification,1,2,stratified_scaffold_group,stratified_scaffold_group,11,et_90_leaf2,bagging,0.7758763227513227,0.7758763227513227,0.2303603487778033,0.0573525464826739,1.0,0.1268402460188726,0.8214285714285714,0.6388888888888888,0.7301587301587301,1.0,0.8,0.0940648000105284
clintox,classification,1,3,stratified_scaffold_group,stratified_scaffold_group,11,et_90_leaf2,bagging,0.7924513496547395,0.7924513496547395,0.3552837907396531,0.081145661188016,1.0,0.125494725856784,0.8148148148148148,0.6483050847457628,0.7315599497802887,1.0,0.8,0.1053113000234589
clintox,classification,1,1,stratified_scaffold_group,stratified_scaffold_group,12,et_120_d20_leaf2,bagging,0.759551656920078,0.759551656920078,0.185920722479534,0.0602119494793187,1.0,0.123223989803055,0.8333333333333334,0.5508771929824561,0.6921052631578948,1.0,0.8,0.1351526000071317
clintox,classification,1,2,stratified_scaffold_group,stratified_scaffold_group,12,et_120_d20_leaf2,bagging,0.7572337962962963,0.7572337962962963,0.2023864820074702,0.0591280206900681,1.0,0.1309905153825777,0.8214285714285714,0.6273148148148149,0.7243716931216931,1.0,0.8,0.1371404000092297
clintox,classification,1,3,stratified_scaffold_group,stratified_scaffold_group,12,et_120_d20_leaf2,bagging,0.8051632140615193,0.8051632140615193,0.3924533582723554,0.0800786349046815,1.0,0.1386956005334685,0.8148148148148148,0.6398305084745763,0.7273226616446955,1.0,0.8,0.1478463999810628
clintox,classification,1,1,stratified_scaffold_group,stratified_scaffold_group,13,histgb_lr0.05,boosting,0.6818713450292397,0.6818713450292397,0.2244597404319368,0.0529281728662684,1.0,0.0131034144217285,0.8333333333333334,0.5298245614035088,0.6815789473684211,1.0,0.8,1.5180585999623872
clintox,classification,1,2,stratified_scaffold_group,stratified_scaffold_group,13,histgb_lr0.05,boosting,0.7425181878306878,0.7425181878306878,0.2351270920996207,0.0535390512786532,1.0,0.0129643097674526,0.8214285714285714,0.5208333333333333,0.6711309523809523,1.0,0.8,1.4909069999703206
clintox,classification,1,3,stratified_scaffold_group,stratified_scaffold_group,13,histgb_lr0.05,boosting,0.7924513496547395,0.7924513496547395,0.2978706383110825,0.0885747934422551,1.0,0.0226090381281026,0.8148148148148148,0.7076271186440678,0.7612209667294413,1.0,0.8,1.5268143999855963
clintox,classification,1,1,stratified_scaffold_group,stratified_scaffold_group,14,histgb_lr0.1,boosting,0.6883040935672515,0.6883040935672515,0.2144217275500347,0.0538456435093153,1.0,0.0052309986929023,0.8333333333333334,0.5228070175438597,0.6780701754385965,1.0,0.8,1.2910813000053167
clintox,classification,1,2,stratified_scaffold_group,stratified_scaffold_group,14,histgb_lr0.1,boosting,0.6964699074074073,0.6964699074074073,0.1939993226994398,0.0553479955501224,1.0,0.0017802479548656,0.8214285714285714,0.3078703703703703,0.5646494708994709,1.0,0.8,1.2368759000091814
clintox,classification,1,3,stratified_scaffold_group,stratified_scaffold_group,14,histgb_lr0.1,boosting,0.7968455743879472,0.7968455743879472,0.289401369619751,0.0949573410300764,1.0,0.0071991670806507,0.8148148148148148,0.6186440677966102,0.7167294413057125,1.0,0.8,1.0719681999762545
clintox,classification,1,1,stratified_scaffold_group,stratified_scaffold_group,15,gb_lr0.05_d2,boosting,0.69317738791423,0.69317738791423,0.123498282461792,0.0585432963354708,1.0,0.0473412708555832,0.8333333333333334,0.4666666666666667,0.65,1.0,0.8,0.3488327999948524
clintox,classification,1,2,stratified_scaffold_group,stratified_scaffold_group,15,gb_lr0.05_d2,boosting,0.695436507936508,0.695436507936508,0.1504133014896292,0.056366505203633,1.0,0.0463343167595321,0.8214285714285714,0.4629629629629629,0.6421957671957672,1.0,0.8,0.2803896000259556
clintox,classification,1,3,stratified_scaffold_group,stratified_scaffold_group,15,gb_lr0.05_d2,boosting,0.705743879472693,0.705743879472693,0.2745766006940455,0.0876166304517824,1.0,0.034647636136683,0.8148148148148148,0.3771186440677966,0.5959667294413057,1.0,0.8,0.3543798999744467
clintox,classification,1,1,stratified_scaffold_group,stratified_scaffold_group,16,gb_lr0.1_d3,boosting,0.6702729044834307,0.6702729044834307,0.0976252765620132,0.0670020111910724,1.0,0.0226422963017066,0.8333333333333334,0.5017543859649123,0.6675438596491228,1.0,0.8,0.5376725000096485
clintox,classification,1,2,stratified_scaffold_group,stratified_scaffold_group,16,gb_lr0.1_d3,boosting,0.7499586640211641,0.7499586640211641,0.1786077823696106,0.0564551444255206,1.0,0.0241774351332358,0.8214285714285714,0.6388888888888888,0.7301587301587301,1.0,0.8,0.4774913000292144
clintox,classification,1,3,stratified_scaffold_group,stratified_scaffold_group,16,gb_lr0.1_d3,boosting,0.7536095417451348,0.7536095417451348,0.3491259209255519,0.0862569515354058,1.0,0.015970841303312,0.8148148148148148,0.4279661016949152,0.621390458254865,1.0,0.8,0.5614093999611214
clintox,classification,1,1,stratified_scaffold_group,stratified_scaffold_group,17,lgbm_60_l15,boosting,0.7335282651072125,0.7335282651072125,0.19733159530116,0.0532583138372727,1.0,0.0262399936315893,0.8333333333333334,0.5087719298245614,0.6710526315789473,1.0,0.8,0.0567049999954178
clintox,classification,1,2,stratified_scaffold_group,stratified_scaffold_group,17,lgbm_60_l15,boosting,0.7699652777777778,0.7699652777777778,0.2219930224919502,0.053412497312368,1.0,0.0224307784223736,0.8214285714285714,0.5324074074074074,0.6769179894179894,1.0,0.8,0.0518844000180251
clintox,classification,1,3,stratified_scaffold_group,stratified_scaffold_group,17,lgbm_60_l15,boosting,0.7709510357815442,0.7709510357815442,0.2845473651992297,0.0861129735092492,1.0,0.0314584853940971,0.8148148148148148,0.6610169491525424,0.7379158819836786,1.0,0.8,0.0610695999930612
clintox,classification,1,1,stratified_scaffold_group,stratified_scaffold_group,18,lgbm_90_l31,boosting,0.7680311890838206,0.7680311890838206,0.2100758760750714,0.0542054718357848,1.0,0.0171408604604133,0.8333333333333334,0.656140350877193,0.7447368421052631,1.0,0.8,0.1046687999623827
clintox,classification,1,2,stratified_scaffold_group,stratified_scaffold_group,18,lgbm_90_l31,boosting,0.8015459656084656,0.8015459656084656,0.2699318552804861,0.0525524547753303,1.0,0.010752342238062,0.8214285714285714,0.5740740740740741,0.6977513227513228,1.0,0.8,0.0749703999608755
clintox,classification,1,3,stratified_scaffold_group,stratified_scaffold_group,18,lgbm_90_l31,boosting,0.7941776522284997,0.7941776522284997,0.3101443060469064,0.0891645766566908,1.0,0.014647577328232,0.8148148148148148,0.6483050847457628,0.7315599497802887,1.0,0.8,0.1079790000221692
clintox,classification,1,1,stratified_scaffold_group,stratified_scaffold_group,19,lgbm_60_l63,boosting,0.7456140350877193,0.7456140350877193,0.222446038934122,0.053514794882159,1.0,0.0078940795306582,0.8333333333333334,0.5368421052631579,0.6850877192982456,1.0,0.8,0.0825257000396959
clintox,classification,1,2,stratified_scaffold_group,stratified_scaffold_group,19,lgbm_60_l63,boosting,0.7625248015873016,0.7625248015873016,0.2291919015294579,0.0536783411066276,1.0,0.009023216351818,0.8214285714285714,0.5555555555555556,0.6884920634920635,1.0,0.8,0.0624471000046469
clintox,classification,1,3,stratified_scaffold_group,stratified_scaffold_group,19,lgbm_60_l63,boosting,0.7971594475831764,0.7971594475831764,0.2867962787504015,0.0890981791578608,1.0,0.0110923697457236,0.8148148148148148,0.6228813559322034,0.7188480853735091,1.0,0.8,0.0758371000410988
clintox,classification,1,1,stratified_scaffold_group,stratified_scaffold_group,20,lgbm_100_leaf10,boosting,0.6917153996101365,0.6917153996101365,0.1735643847491485,0.0565501997948421,1.0,0.0024467049379576,0.8333333333333334,0.4105263157894737,0.6219298245614036,1.0,0.8,0.1242218000115826
clintox,classification,1,2,stratified_scaffold_group,stratified_scaffold_group,20,lgbm_100_leaf10,boosting,0.7788938492063492,0.7788938492063492,0.2244175290477672,0.0560992643563737,1.0,0.003618447792358,0.8214285714285714,0.5902777777777778,0.7058531746031746,1.0,0.8,0.0973842000239528
clintox,classification,1,3,stratified_scaffold_group,stratified_scaffold_group,20,lgbm_100_leaf10,boosting,0.7513339610797238,0.7513339610797238,0.2660145278870618,0.0951055409347124,1.0,0.0016126687284406,0.8148148148148148,0.4067796610169492,0.6107972379158819,1.0,0.8,0.1179949000361375
clintox,classification,1,1,stratified_scaffold_group,stratified_scaffold_group,21,lgbm_100_leaf30,boosting,0.7044834307992202,0.7044834307992202,0.1494217777551695,0.0552114538693051,1.0,0.017089064026985,0.8333333333333334,0.5719298245614035,0.7026315789473685,1.0,0.8,0.0678525000112131
clintox,classification,1,2,stratified_scaffold_group,stratified_scaffold_group,21,lgbm_100_leaf30,boosting,0.7526041666666667,0.7526041666666667,0.2474689421825472,0.0523857259764135,1.0,0.0115153746163265,0.8214285714285714,0.4791666666666666,0.6502976190476191,1.0,0.8,0.0490735999774187
clintox,classification,1,3,stratified_scaffold_group,stratified_scaffold_group,21,lgbm_100_leaf30,boosting,0.797316384180791,0.797316384180791,0.3645488842308994,0.0832249603778762,1.0,0.0190629944217883,0.8148148148148148,0.6694915254237288,0.7421531701192718,1.0,0.8,0.1222147000371478
clintox,classification,1,1,stratified_scaffold_group,stratified_scaffold_group,22,lgbm_80_ff0.7,boosting,0.7384015594541911,0.7384015594541911,0.2295255770429519,0.0527680079973654,1.0,0.0080405822576323,0.8333333333333334,0.5298245614035088,0.6815789473684211,1.0,0.8,0.0891800000099465
clintox,classification,1,2,stratified_scaffold_group,stratified_scaffold_group,22,lgbm_80_ff0.7,boosting,0.7689732142857143,0.7689732142857143,0.2332425950734329,0.0545521912613526,1.0,0.0068086084673839,0.8214285714285714,0.5532407407407407,0.687334656084656,1.0,0.8,0.0775428999913856
clintox,classification,1,3,stratified_scaffold_group,stratified_scaffold_group,22,lgbm_80_ff0.7,boosting,0.7926082862523541,0.7926082862523541,0.3071872042135547,0.0891608232746209,1.0,0.0133622926117599,0.8148148148148148,0.7203389830508475,0.7675768989328311,1.0,0.8,0.0834889000398106
clintox,classification,1,1,stratified_scaffold_group,stratified_scaffold_group,23,lgbm_80_bag0.8,boosting,0.773196881091618,0.773196881091618,0.234012751998004,0.0535358206851618,1.0,0.0094179298082272,0.8333333333333334,0.5684210526315789,0.7008771929824562,1.0,0.8,0.097485099977348
clintox,classification,1,2,stratified_scaffold_group,stratified_scaffold_group,23,lgbm_80_bag0.8,boosting,0.7822007275132276,0.7822007275132276,0.2641877790188462,0.0527374894866506,1.0,0.0096660955212081,0.8571428571428571,0.599537037037037,0.728339947089947,1.0,0.8,0.0785929000121541
clintox,classification,1,3,stratified_scaffold_group,stratified_scaffold_group,23,lgbm_80_bag0.8,boosting,0.7910389202762085,0.7910389202762085,0.3442420480077488,0.086242062968228,1.0,0.0060865517967126,0.8148148148148148,0.5338983050847458,0.6743565599497803,1.0,0.8,0.1211697999970056
clintox,classification,1,1,stratified_scaffold_group,stratified_scaffold_group,24,lgbm_120_l15,boosting,0.7444444444444444,0.7444444444444444,0.1931615458975172,0.0537954434169024,1.0,0.0191120431445108,0.8333333333333334,0.631578947368421,0.7324561403508771,1.0,0.8,0.0916418000124394
clintox,classification,1,2,stratified_scaffold_group,stratified_scaffold_group,24,lgbm_120_l15,boosting,0.7685598544973544,0.7685598544973544,0.2310524677900302,0.0537445746489739,1.0,0.0102659982413742,0.8214285714285714,0.5300925925925926,0.675760582010582,1.0,0.8,0.0675460000056773
clintox,classification,1,3,stratified_scaffold_group,stratified_scaffold_group,24,lgbm_120_l15,boosting,0.7806811048336473,0.7806811048336473,0.2770735409594905,0.0897546108941571,1.0,0.0226583042984155,0.8148148148148148,0.7033898305084746,0.7591023226616447,1.0,0.8,0.0781391000491567
clintox,classification,1,1,stratified_scaffold_group,stratified_scaffold_group,25,xgb_60_d3,boosting,0.7960038986354775,0.7960038986354775,0.2621150399893622,0.0503475030560515,1.0,0.0514687821269035,0.8333333333333334,0.6245614035087719,0.7289473684210526,1.0,0.8,0.0548945000045932
clintox,classification,1,2,stratified_scaffold_group,stratified_scaffold_group,25,xgb_60_d3,boosting,0.7896412037037037,0.7896412037037037,0.2581504509391207,0.0521249113922244,1.0,0.0443728081882,0.8214285714285714,0.5763888888888888,0.6989087301587301,1.0,0.8,0.0537213000352494
clintox,classification,1,3,stratified_scaffold_group,stratified_scaffold_group,25,xgb_60_d3,boosting,0.7755021971123666,0.7755021971123666,0.3755063861891554,0.0818149279478208,1.0,0.0351201631128788,0.8148148148148148,0.5593220338983051,0.6870684243565599,1.0,0.8,0.0599914999911561
clintox,classification,1,1,stratified_scaffold_group,stratified_scaffold_group,26,xgb_80_d5,boosting,0.7771929824561402,0.7771929824561402,0.2610689317534693,0.0507842992839602,1.0,0.0388873629271984,0.8333333333333334,0.6245614035087719,0.7289473684210526,1.0,0.8,0.0846016000141389
clintox,classification,1,2,stratified_scaffold_group,stratified_scaffold_group,26,xgb_80_d5,boosting,0.7843501984126985,0.7843501984126985,0.2625363720983187,0.0523965098333396,1.0,0.030534679070115,0.8214285714285714,0.5625,0.6919642857142857,1.0,0.8,0.0785878000315278
clintox,classification,1,3,stratified_scaffold_group,stratified_scaffold_group,26,xgb_80_d5,boosting,0.8028091650973006,0.8028091650973006,0.3715396480449328,0.0803508965075148,1.0,0.0440653264522552,0.8148148148148148,0.7203389830508475,0.7675768989328311,1.0,0.8,0.0858513000421226
clintox,classification,1,1,stratified_scaffold_group,stratified_scaffold_group,27,xgb_100_d3,boosting,0.791130604288499,0.791130604288499,0.2397018003861442,0.0516308421297993,1.0,0.0646671280264854,0.8333333333333334,0.7087719298245614,0.7710526315789474,1.0,0.8,0.0883129999856464
clintox,classification,1,2,stratified_scaffold_group,stratified_scaffold_group,27,xgb_100_d3,boosting,0.79286541005291,0.79286541005291,0.258732077085076,0.0520271168726621,1.0,0.0431066490709781,0.8214285714285714,0.5925925925925926,0.707010582010582,1.0,0.8,0.0737502999836579
clintox,classification,1,3,stratified_scaffold_group,stratified_scaffold_group,27,xgb_100_d3,boosting,0.76702762084118,0.76702762084118,0.3379683374261847,0.0828918937542712,1.0,0.0340800359845161,0.8148148148148148,0.5550847457627119,0.6849497802887634,1.0,0.8,0.073759599996265
clintox,classification,1,1,stratified_scaffold_group,stratified_scaffold_group,28,xgb_60_d6,boosting,0.795224171539961,0.795224171539961,0.2868939469304166,0.0501428328389994,1.0,0.0483162775635719,0.8333333333333334,0.6771929824561403,0.7552631578947369,1.0,0.8,0.0634095999994315
clintox,classification,1,2,stratified_scaffold_group,stratified_scaffold_group,28,xgb_60_d6,boosting,0.7791418650793651,0.7791418650793651,0.2866161876791266,0.0518538719418722,1.0,0.0296805351972579,0.8214285714285714,0.5625,0.6919642857142857,1.0,0.8,0.0586065999814309
clintox,classification,1,3,stratified_scaffold_group,stratified_scaffold_group,28,xgb_60_d6,boosting,0.8136377903327056,0.8136377903327056,0.392174721125761,0.0798890626443864,1.0,0.0303402598947286,0.8148148148148148,0.6864406779661016,0.7506277463904583,1.0,0.8,0.0699239000095985
clintox,classification,1,1,stratified_scaffold_group,stratified_scaffold_group,29,cat_60_d4,boosting,0.7307017543859649,0.7307017543859649,0.142235764575058,0.0541542976736919,1.0,0.0539836719305402,0.8333333333333334,0.5684210526315789,0.7008771929824562,1.0,0.8,0.29345260001719
clintox,classification,1,2,stratified_scaffold_group,stratified_scaffold_group,29,cat_60_d4,boosting,0.6780340608465609,0.6780340608465609,0.1725428867694875,0.054990269087698,1.0,0.0481002752660185,0.8214285714285714,0.3564814814814815,0.5889550264550265,1.0,0.8,0.2764010999817401
clintox,classification,1,3,stratified_scaffold_group,stratified_scaffold_group,29,cat_60_d4,boosting,0.6937382297551788,0.6937382297551788,0.243579210763368,0.0904634725085504,1.0,0.0374080779588549,0.8148148148148148,0.3686440677966102,0.5917294413057125,1.0,0.8,0.2696871000225656
clintox,classification,1,1,stratified_scaffold_group,stratified_scaffold_group,30,cat_80_d6,boosting,0.6891812865497076,0.6891812865497076,0.1363530238657157,0.0544087109962757,1.0,0.0394100650877708,0.8333333333333334,0.4666666666666667,0.65,1.0,0.8,1.0344790000235662
clintox,classification,1,2,stratified_scaffold_group,stratified_scaffold_group,30,cat_80_d6,boosting,0.68729332010582,0.68729332010582,0.1765284444417793,0.0548725147075374,1.0,0.0361783868354755,0.8571428571428571,0.2800925925925925,0.5686177248677249,1.0,0.8,1.0697455999907106
clintox,classification,1,3,stratified_scaffold_group,stratified_scaffold_group,30,cat_80_d6,boosting,0.7616917765222849,0.7616917765222849,0.2858856451598993,0.0890932304804547,1.0,0.0361201345252596,0.8148148148148148,0.461864406779661,0.6383396107972379,1.0,0.8,1.2000803000410087
clintox,classification,1,1,stratified_scaffold_group,stratified_scaffold_group,31,cat_100_d4,boosting,0.770662768031189,0.770662768031189,0.2110102069120364,0.0527644997998767,1.0,0.0520911581318378,0.8333333333333334,0.5754385964912281,0.7043859649122808,1.0,0.8,0.4674184999894351
clintox,classification,1,2,stratified_scaffold_group,stratified_scaffold_group,31,cat_100_d4,boosting,0.7016782407407407,0.7016782407407407,0.1560735883640336,0.0554494260344923,1.0,0.0463788958731431,0.8214285714285714,0.375,0.5982142857142857,1.0,0.8,0.4019984999904409
clintox,classification,1,3,stratified_scaffold_group,stratified_scaffold_group,31,cat_100_d4,boosting,0.7381512868801003,0.7381512868801003,0.3615861546570479,0.0882157417697001,1.0,0.0423327491552751,0.8148148148148148,0.4872881355932204,0.6510514752040175,1.0,0.8,0.5301908000255935
clintox,classification,1,1,stratified_scaffold_group,stratified_scaffold_group,32,cat_60_d8,boosting,0.7190058479532164,0.7190058479532164,0.1235014855151834,0.0547960716512885,1.0,0.0414507602293298,0.8333333333333334,0.5368421052631579,0.6850877192982456,1.0,0.8,2.6436009000171907
clintox,classification,1,2,stratified_scaffold_group,stratified_scaffold_group,32,cat_60_d8,boosting,0.6719163359788359,0.6719163359788359,0.192095193998469,0.0548237909356341,1.0,0.0321805089829897,0.8214285714285714,0.3495370370370371,0.5854828042328042,1.0,0.8,2.500369999965187
clintox,classification,1,3,stratified_scaffold_group,stratified_scaffold_group,32,cat_60_d8,boosting,0.6730225988700564,0.6730225988700564,0.231154350438273,0.0912712119963535,1.0,0.0257928293142621,0.8148148148148148,0.347457627118644,0.5811362209667295,1.0,0.8,2.9543619999894872
clintox,classification,2,1,stratified_scaffold_group,stratified_scaffold_group,1,logreg_l2_c0.1,linear,0.7795613477431659,0.7795613477431659,0.3097378690561294,0.0997580599102151,1.0,0.1856182300945569,0.8181818181818182,0.5734265734265734,0.6958041958041958,1.0,0.8,0.0057799000060185
clintox,classification,2,2,stratified_scaffold_group,stratified_scaffold_group,1,logreg_l2_c0.1,linear,0.7512390670553937,0.7512390670553937,0.3360454256359693,0.1057280383111025,1.0,0.1149266119589227,0.8571428571428571,0.3795918367346939,0.6183673469387755,1.0,0.8,0.0051019000238738
clintox,classification,2,3,stratified_scaffold_group,stratified_scaffold_group,1,logreg_l2_c0.1,linear,0.6929824561403508,0.6929824561403508,0.2548041686937243,0.0970368241103699,1.0,0.1309093343185584,0.8421052631578947,0.4128787878787878,0.6274920255183413,1.0,0.8,0.0041586000006645
clintox,classification,2,1,stratified_scaffold_group,stratified_scaffold_group,2,logreg_l2_c1,linear,0.757787666878576,0.757787666878576,0.2664126978005968,0.0859881539541302,1.0,0.0437403864749505,0.8181818181818182,0.6083916083916083,0.7132867132867133,1.0,0.8,0.0062762000015936
clintox,classification,2,2,stratified_scaffold_group,stratified_scaffold_group,2,logreg_l2_c1,linear,0.726603498542274,0.726603498542274,0.2576239716880169,0.1000032511936794,1.0,0.0109163833636698,0.8214285714285714,0.3673469387755101,0.5943877551020408,1.0,0.8,0.0069412000011652
clintox,classification,2,3,stratified_scaffold_group,stratified_scaffold_group,2,logreg_l2_c1,linear,0.6339712918660287,0.6339712918660287,0.2544475116242644,0.0829816771772377,1.0,0.0059459685751828,0.8421052631578947,0.2083333333333333,0.5252192982456141,1.0,0.8,0.006243199983146
clintox,classification,2,1,stratified_scaffold_group,stratified_scaffold_group,3,logreg_l2_c10,linear,0.7511125238397965,0.7511125238397965,0.2439280770573567,0.0890205126349563,1.0,0.0050668541161914,0.8181818181818182,0.6223776223776224,0.7202797202797203,1.0,0.8,0.0091508000041358
clintox,classification,2,2,stratified_scaffold_group,stratified_scaffold_group,3,logreg_l2_c10,linear,0.7223760932944606,0.7223760932944606,0.2503723433749029,0.1069799154853348,1.0,0.0009172914396744,0.8214285714285714,0.473469387755102,0.6474489795918368,1.0,0.8,0.0084064999828115
clintox,classification,2,3,stratified_scaffold_group,stratified_scaffold_group,3,logreg_l2_c10,linear,0.6100478468899522,0.6100478468899522,0.2623111392804487,0.0859191204169868,1.0,0.00010716595578,0.8421052631578947,0.1818181818181817,0.5119617224880382,1.0,0.8,0.0083941000048071
clintox,classification,2,1,stratified_scaffold_group,stratified_scaffold_group,4,logreg_l1_c1,linear,0.7903687221869039,0.7903687221869039,0.3172146335132401,0.0871202426322748,1.0,0.0813644482206407,0.8181818181818182,0.6748251748251748,0.7465034965034965,1.0,0.8,0.0074740999843925
clintox,classification,2,2,stratified_scaffold_group,stratified_scaffold_group,4,logreg_l1_c1,linear,0.7165451895043732,0.7165451895043732,0.2657217332574531,0.1097640936260695,1.0,0.0162788839173951,0.8214285714285714,0.3673469387755101,0.5943877551020408,1.0,0.8,0.0081398999900557
clintox,classification,2,3,stratified_scaffold_group,stratified_scaffold_group,4,logreg_l1_c1,linear,0.6941786283891547,0.6941786283891547,0.2446908874506398,0.1031697449162528,1.0,0.034538558215176,0.8421052631578947,0.4924242424242424,0.6672647527910686,1.0,0.8,0.0059832000406458
clintox,classification,2,1,stratified_scaffold_group,stratified_scaffold_group,5,rf_60_sqrt,bagging,0.7677209154481882,0.7677209154481882,0.2921046112506519,0.0599665574992904,1.0,0.0973621103117506,0.8181818181818182,0.6748251748251748,0.7465034965034965,1.0,0.8,0.1317356000072322
clintox,classification,2,2,stratified_scaffold_group,stratified_scaffold_group,5,rf_60_sqrt,bagging,0.7072886297376093,0.7072886297376093,0.3031674477641841,0.0850112752323135,1.0,0.0333333333333333,0.8571428571428571,0.2244897959183673,0.5408163265306123,1.0,0.8,0.1374725000350736
clintox,classification,2,3,stratified_scaffold_group,stratified_scaffold_group,5,rf_60_sqrt,bagging,0.754585326953748,0.754585326953748,0.3297016612511373,0.0570260191490333,1.0,0.0666666666666666,0.8421052631578947,0.4696969696969697,0.6559011164274322,1.0,0.8,0.1343866999959573
clintox,classification,2,1,stratified_scaffold_group,stratified_scaffold_group,6,rf_90_d12,bagging,0.8347107438016529,0.8347107438016529,0.439671351977337,0.0585466142567547,1.0,0.1437807501431655,0.8181818181818182,0.7447552447552448,0.7814685314685315,1.0,0.8,0.193139900045935
clintox,classification,2,2,stratified_scaffold_group,stratified_scaffold_group,6,rf_90_d12,bagging,0.7026967930029153,0.7026967930029153,0.2772631110157627,0.0862599407203157,1.0,0.0815992344983526,0.8214285714285714,0.5265306122448979,0.6739795918367346,1.0,0.8,0.197883200016804
clintox,classification,2,3,stratified_scaffold_group,stratified_scaffold_group,6,rf_90_d12,bagging,0.7747208931419457,0.7747208931419457,0.2893400269656185,0.0611531439574926,1.0,0.1111723398537019,0.8421052631578947,0.5075757575757576,0.6748405103668261,1.0,0.8,0.1560705999727361
clintox,classification,2,1,stratified_scaffold_group,stratified_scaffold_group,7,rf_90_leaf2,bagging,0.7941830896376351,0.7941830896376351,0.3423286165126108,0.0612076109225818,1.0,0.1448146913576719,0.8181818181818182,0.6888111888111887,0.7534965034965035,1.0,0.8,0.1490497999475337
clintox,classification,2,2,stratified_scaffold_group,stratified_scaffold_group,7,rf_90_leaf2,bagging,0.7346209912536443,0.7346209912536443,0.316535504036622,0.0839015730499728,1.0,0.0919202061383531,0.8214285714285714,0.5020408163265306,0.661734693877551,1.0,0.8,0.1541020000004209
clintox,classification,2,3,stratified_scaffold_group,stratified_scaffold_group,7,rf_90_leaf2,bagging,0.7236842105263157,0.7236842105263157,0.27614754760333,0.0631027167435336,1.0,0.1149103389872897,0.8421052631578947,0.4583333333333333,0.6502192982456141,1.0,0.8,0.1531383999972604
clintox,classification,2,1,stratified_scaffold_group,stratified_scaffold_group,8,rf_120_d20_leaf2,bagging,0.7979974570883661,0.7979974570883661,0.3614523550463844,0.0604810106345688,1.0,0.1296445404192978,0.8181818181818182,0.6223776223776224,0.7202797202797203,1.0,0.8,0.2586690000025555
clintox,classification,2,2,stratified_scaffold_group,stratified_scaffold_group,8,rf_120_d20_leaf2,bagging,0.7330174927113703,0.7330174927113703,0.3160834015724295,0.0843890415894707,1.0,0.0896277973725441,0.8214285714285714,0.4530612244897959,0.6372448979591836,1.0,0.8,0.2555252000456676
clintox,classification,2,3,stratified_scaffold_group,stratified_scaffold_group,8,rf_120_d20_leaf2,bagging,0.7773125996810207,0.7773125996810207,0.2933950307362612,0.0616405762303221,1.0,0.1398497294166671,0.8421052631578947,0.5984848484848485,0.7202950558213717,1.0,0.8,0.216905300039798
clintox,classification,2,1,stratified_scaffold_group,stratified_scaffold_group,9,et_60_sqrt,bagging,0.760807374443738,0.760807374443738,0.3285007701667918,0.0591975813940317,1.0,0.0666666666666666,0.8181818181818182,0.5664335664335665,0.6923076923076923,1.0,0.8,0.0746286999783478
clintox,classification,2,2,stratified_scaffold_group,stratified_scaffold_group,9,et_60_sqrt,bagging,0.7548104956268222,0.7548104956268222,0.3174263021149139,0.0836284525176277,1.0,0.0666666666666666,0.8214285714285714,0.5673469387755101,0.6943877551020408,1.0,0.8,0.0741044000023976
clintox,classification,2,3,stratified_scaffold_group,stratified_scaffold_group,9,et_60_sqrt,bagging,0.7267743221690589,0.7267743221690589,0.3061805541166651,0.0560070014718286,1.0,0.0485656913367756,0.8421052631578947,0.3939393939393939,0.6180223285486444,1.0,0.8,0.0739436000003479
clintox,classification,2,1,stratified_scaffold_group,stratified_scaffold_group,10,et_90_d12,bagging,0.777177368086459,0.777177368086459,0.2952630733209946,0.0657392009952776,1.0,0.1481825328059655,0.8181818181818182,0.6363636363636364,0.7272727272727273,1.0,0.8,0.0938851999817416
clintox,classification,2,2,stratified_scaffold_group,stratified_scaffold_group,10,et_90_d12,bagging,0.7825801749271137,0.7825801749271137,0.382270917719936,0.080904580562834,1.0,0.1524150571880301,0.8214285714285714,0.726530612244898,0.7739795918367347,1.0,0.8,0.0992109999642707
clintox,classification,2,3,stratified_scaffold_group,stratified_scaffold_group,10,et_90_d12,bagging,0.7645534290271132,0.7645534290271132,0.2995620075748226,0.06597364273282,1.0,0.1643781833753533,0.8421052631578947,0.5946969696969697,0.7184011164274322,1.0,0.8,0.1111354000167921
clintox,classification,2,1,stratified_scaffold_group,stratified_scaffold_group,11,et_90_leaf2,bagging,0.7844882390336936,0.7844882390336936,0.3230096734925213,0.0615224367275965,1.0,0.1299261778035008,0.8181818181818182,0.6468531468531469,0.7325174825174825,1.0,0.8,0.1020999999600462
clintox,classification,2,2,stratified_scaffold_group,stratified_scaffold_group,11,et_90_leaf2,bagging,0.7245626822157434,0.7245626822157434,0.3143987623698555,0.0855406082785487,1.0,0.0993410257561961,0.8214285714285714,0.5061224489795919,0.6637755102040817,1.0,0.8,0.0921251000254415
clintox,classification,2,3,stratified_scaffold_group,stratified_scaffold_group,11,et_90_leaf2,bagging,0.7539872408293461,0.7539872408293461,0.3450220956226517,0.0596300624200819,1.0,0.090824119736961,0.8421052631578947,0.3863636363636363,0.6142344497607655,1.0,0.8,0.098846900044009
clintox,classification,2,1,stratified_scaffold_group,stratified_scaffold_group,12,et_120_d20_leaf2,bagging,0.7826605212968849,0.7826605212968849,0.3259978492204794,0.0620218254998407,1.0,0.1297458651193842,0.8181818181818182,0.6293706293706294,0.7237762237762237,1.0,0.8,0.1278827000060118
clintox,classification,2,2,stratified_scaffold_group,stratified_scaffold_group,12,et_120_d20_leaf2,bagging,0.7296647230320701,0.7296647230320701,0.3222252427874997,0.0856909301876034,1.0,0.1009451897872625,0.8214285714285714,0.5061224489795919,0.6637755102040817,1.0,0.8,0.1219470999785699
clintox,classification,2,3,stratified_scaffold_group,stratified_scaffold_group,12,et_120_d20_leaf2,bagging,0.7535885167464115,0.7535885167464115,0.3376768695548066,0.0599112776242723,1.0,0.1141877435205683,0.8421052631578947,0.4772727272727273,0.659688995215311,1.0,0.8,0.109543600003235
clintox,classification,2,1,stratified_scaffold_group,stratified_scaffold_group,13,histgb_lr0.05,boosting,0.7981563890654799,0.7981563890654799,0.3452370500991714,0.0581260119972507,1.0,0.0286251595984231,0.8181818181818182,0.7307692307692308,0.7744755244755246,1.0,0.8,0.990263000014238
clintox,classification,2,2,stratified_scaffold_group,stratified_scaffold_group,13,histgb_lr0.05,boosting,0.7579446064139942,0.7579446064139942,0.3975281177567049,0.0819854614614457,1.0,0.0079508287343329,0.8214285714285714,0.4653061224489796,0.6433673469387755,1.0,0.8,0.9918452999554574
clintox,classification,2,3,stratified_scaffold_group,stratified_scaffold_group,13,histgb_lr0.05,boosting,0.7017543859649122,0.7017543859649122,0.2616728957019973,0.0586082636739801,1.0,0.0086356277161721,0.8421052631578947,0.4431818181818182,0.6426435406698565,1.0,0.8,0.973615900031291
clintox,classification,2,1,stratified_scaffold_group,stratified_scaffold_group,14,histgb_lr0.1,boosting,0.7688334392879848,0.7688334392879848,0.2791686244466557,0.0608810285314859,1.0,0.0061289472339354,0.8181818181818182,0.6293706293706294,0.7237762237762237,1.0,0.8,0.8832089999923483
clintox,classification,2,2,stratified_scaffold_group,stratified_scaffold_group,14,histgb_lr0.1,boosting,0.7384110787172011,0.7384110787172011,0.3522689897149295,0.0872700657564075,1.0,0.0020365805183426,0.8214285714285714,0.4612244897959183,0.6413265306122449,1.0,0.8,1.0652119999867864
clintox,classification,2,3,stratified_scaffold_group,stratified_scaffold_group,14,histgb_lr0.1,boosting,0.6634768740031898,0.6634768740031898,0.2537029084365743,0.0583653704842485,1.0,0.0016242433629825,0.8421052631578947,0.3106060606060605,0.5763556618819776,1.0,0.8,1.0643203999497928
clintox,classification,2,1,stratified_scaffold_group,stratified_scaffold_group,15,gb_lr0.05_d2,boosting,0.7027972027972027,0.7027972027972027,0.2433367321072155,0.061765003282888,1.0,0.0371797660207626,0.9090909090909092,0.3531468531468531,0.631118881118881,1.0,0.8,0.3128778000245802
clintox,classification,2,2,stratified_scaffold_group,stratified_scaffold_group,15,gb_lr0.05_d2,boosting,0.6950437317784257,0.6950437317784257,0.205870552470602,0.0915462050103249,1.0,0.0386265393442901,0.8214285714285714,0.4408163265306122,0.6311224489795918,1.0,0.8,0.3453892000252381
clintox,classification,2,3,stratified_scaffold_group,stratified_scaffold_group,15,gb_lr0.05_d2,boosting,0.7607655502392344,0.7607655502392344,0.2280463876127121,0.0582467914646183,1.0,0.0606844942051279,0.8421052631578947,0.6515151515151515,0.746810207336523,1.0,0.8,0.3431420000270009
clintox,classification,2,1,stratified_scaffold_group,stratified_scaffold_group,16,gb_lr0.1_d3,boosting,0.7320406865861412,0.7320406865861412,0.2652692258319556,0.0639430029148722,1.0,0.0227963658026084,0.8181818181818182,0.5874125874125874,0.7027972027972028,1.0,0.8,0.4738093000487424
clintox,classification,2,2,stratified_scaffold_group,stratified_scaffold_group,16,gb_lr0.1_d3,boosting,0.7146501457725948,0.7146501457725948,0.2026980279167609,0.0988808313983196,1.0,0.0151730725794807,0.8214285714285714,0.4897959183673469,0.6556122448979591,1.0,0.8,0.4195130000007339
clintox,classification,2,3,stratified_scaffold_group,stratified_scaffold_group,16,gb_lr0.1_d3,boosting,0.7882775119617225,0.7882775119617225,0.22191412928362,0.0616259972097876,1.0,0.0276357715095579,0.8421052631578947,0.6628787878787878,0.7524920255183413,1.0,0.8,0.4056527999928221
clintox,classification,2,1,stratified_scaffold_group,stratified_scaffold_group,17,lgbm_60_l15,boosting,0.7782898919262556,0.7782898919262556,0.3044033074715738,0.059443399159694,1.0,0.0287963307776847,0.8181818181818182,0.6048951048951049,0.7115384615384616,1.0,0.8,0.0401375999790616
clintox,classification,2,2,stratified_scaffold_group,stratified_scaffold_group,17,lgbm_60_l15,boosting,0.7569241982507289,0.7569241982507289,0.3604510141230145,0.0837403229570573,1.0,0.0178871324007517,0.8214285714285714,0.5102040816326531,0.6658163265306123,1.0,0.8,0.0412118000094778
clintox,classification,2,3,stratified_scaffold_group,stratified_scaffold_group,17,lgbm_60_l15,boosting,0.7265749601275917,0.7265749601275917,0.2561727089614005,0.0579591404439357,1.0,0.0237967638745011,0.8421052631578947,0.5416666666666667,0.6918859649122807,1.0,0.8,0.0567545000230893
clintox,classification,2,1,stratified_scaffold_group,stratified_scaffold_group,18,lgbm_90_l31,boosting,0.784965034965035,0.784965034965035,0.3462687026398036,0.0576418379224154,1.0,0.0176548462292538,0.8181818181818182,0.6468531468531469,0.7325174825174825,1.0,0.8,0.0973160000285133
clintox,classification,2,2,stratified_scaffold_group,stratified_scaffold_group,18,lgbm_90_l31,boosting,0.7487609329446063,0.7487609329446063,0.3420832461492777,0.0863604898179411,1.0,0.005785404143419,0.8214285714285714,0.3836734693877551,0.6025510204081632,1.0,0.8,0.1099464999861083
clintox,classification,2,3,stratified_scaffold_group,stratified_scaffold_group,18,lgbm_90_l31,boosting,0.7025518341307815,0.7025518341307815,0.2495667015482162,0.0584094191457896,1.0,0.0097493871229568,0.8421052631578947,0.4696969696969697,0.6559011164274322,1.0,0.8,0.1214593999902717
clintox,classification,2,1,stratified_scaffold_group,stratified_scaffold_group,19,lgbm_60_l63,boosting,0.7813095994914178,0.7813095994914178,0.3655039247590484,0.0569589616079449,1.0,0.0104411100321512,0.8181818181818182,0.5314685314685315,0.6748251748251748,1.0,0.8,0.0744858999969437
clintox,classification,2,2,stratified_scaffold_group,stratified_scaffold_group,19,lgbm_60_l63,boosting,0.7573615160349855,0.7573615160349855,0.370915234500983,0.085170296432163,1.0,0.0093398048956932,0.8214285714285714,0.5755102040816327,0.698469387755102,1.0,0.8,0.0998686000239104
clintox,classification,2,3,stratified_scaffold_group,stratified_scaffold_group,19,lgbm_60_l63,boosting,0.689194577352472,0.689194577352472,0.2534174682056597,0.0582724150448613,1.0,0.0055692202609632,0.8421052631578947,0.428030303030303,0.6350677830940988,1.0,0.8,0.0837828000076115
clintox,classification,2,1,stratified_scaffold_group,stratified_scaffold_group,20,lgbm_100_leaf10,boosting,0.7744755244755246,0.7744755244755246,0.3485399781554587,0.0587689622971367,1.0,0.0063217896679453,0.8636363636363636,0.6293706293706294,0.7465034965034965,1.0,0.8,0.1332350000157021
clintox,classification,2,2,stratified_scaffold_group,stratified_scaffold_group,20,lgbm_100_leaf10,boosting,0.775,0.775,0.3667670968294986,0.0880377190889129,1.0,0.0023500616627862,0.8214285714285714,0.5714285714285714,0.6964285714285714,1.0,0.8,0.1496841000043787
clintox,classification,2,3,stratified_scaffold_group,stratified_scaffold_group,20,lgbm_100_leaf10,boosting,0.682615629984051,0.682615629984051,0.221285090662459,0.059822625771349,1.0,0.0027906021088966,0.8421052631578947,0.4393939393939394,0.6407496012759171,1.0,0.8,0.1121308999718166
clintox,classification,2,1,stratified_scaffold_group,stratified_scaffold_group,21,lgbm_100_leaf30,boosting,0.8041958041958042,0.8041958041958042,0.3690192750756516,0.0561714371226155,1.0,0.0286151715348116,0.8181818181818182,0.6678321678321678,0.743006993006993,1.0,0.8,0.0526057999813929
clintox,classification,2,2,stratified_scaffold_group,stratified_scaffold_group,21,lgbm_100_leaf30,boosting,0.7805393586005831,0.7805393586005831,0.3490195022357518,0.0843753708519597,1.0,0.0136181911449358,0.8214285714285714,0.5795918367346939,0.7005102040816327,1.0,0.8,0.0618350000004284
clintox,classification,2,3,stratified_scaffold_group,stratified_scaffold_group,21,lgbm_100_leaf30,boosting,0.7125199362041468,0.7125199362041468,0.2381662382799849,0.0601353743998378,1.0,0.0105289984299861,0.8421052631578947,0.4507575757575758,0.6464314194577352,1.0,0.8,0.0554951999802142
clintox,classification,2,1,stratified_scaffold_group,stratified_scaffold_group,22,lgbm_80_ff0.7,boosting,0.7898919262555626,0.7898919262555626,0.364785593353899,0.0567069039098112,1.0,0.0106379289232972,0.8181818181818182,0.6538461538461539,0.736013986013986,1.0,0.8,0.070863000000827
clintox,classification,2,2,stratified_scaffold_group,stratified_scaffold_group,22,lgbm_80_ff0.7,boosting,0.7454081632653061,0.7454081632653061,0.3352128133866667,0.0875872144143902,1.0,0.0031079117017768,0.8214285714285714,0.3755102040816326,0.598469387755102,1.0,0.8,0.0767848999821581
clintox,classification,2,3,stratified_scaffold_group,stratified_scaffold_group,22,lgbm_80_ff0.7,boosting,0.7133173843700158,0.7133173843700158,0.2873464923249897,0.057222372503835,1.0,0.0056758102514496,0.8421052631578947,0.446969696969697,0.6445374800637959,1.0,0.8,0.0662862000172026
clintox,classification,2,1,stratified_scaffold_group,stratified_scaffold_group,23,lgbm_80_bag0.8,boosting,0.781150667514304,0.781150667514304,0.3083523119502013,0.0600830111012813,1.0,0.0187882266905335,0.8181818181818182,0.6888111888111887,0.7534965034965035,1.0,0.8,0.0613838999997824
clintox,classification,2,2,stratified_scaffold_group,stratified_scaffold_group,23,lgbm_80_bag0.8,boosting,0.7885568513119533,0.7885568513119533,0.2945814669812669,0.0908331549239313,1.0,0.0097576457834785,0.8214285714285714,0.6204081632653061,0.7209183673469388,1.0,0.8,0.0710589999798685
clintox,classification,2,3,stratified_scaffold_group,stratified_scaffold_group,23,lgbm_80_bag0.8,boosting,0.7470095693779903,0.7470095693779903,0.2562541379212477,0.0590130810415236,1.0,0.0097004250051355,0.8421052631578947,0.571969696969697,0.7070374800637959,1.0,0.8,0.0709490000153891
clintox,classification,2,1,stratified_scaffold_group,stratified_scaffold_group,24,lgbm_120_l15,boosting,0.7929116338207246,0.7929116338207246,0.3832506567938392,0.0560756743232888,1.0,0.0147506590500539,0.8181818181818182,0.6293706293706294,0.7237762237762237,1.0,0.8,0.0761449999990873
clintox,classification,2,2,stratified_scaffold_group,stratified_scaffold_group,24,lgbm_120_l15,boosting,0.7534256559766763,0.7534256559766763,0.3745987786312749,0.0849998785532046,1.0,0.0065029343779154,0.8214285714285714,0.4326530612244897,0.6270408163265306,1.0,0.8,0.0944858999573625
clintox,classification,2,3,stratified_scaffold_group,stratified_scaffold_group,24,lgbm_120_l15,boosting,0.7149122807017544,0.7149122807017544,0.2641343794393038,0.0579938284805449,1.0,0.0094556881674505,0.8421052631578947,0.5189393939393939,0.6805223285486444,1.0,0.8,0.0670011999900452
clintox,classification,2,1,stratified_scaffold_group,stratified_scaffold_group,25,xgb_60_d3,boosting,0.7960108073744437,0.7960108073744437,0.3249441806918953,0.0572575170048637,1.0,0.0490420162677764,0.8181818181818182,0.6468531468531469,0.7325174825174825,1.0,0.8,0.050538899959065
clintox,classification,2,2,stratified_scaffold_group,stratified_scaffold_group,25,xgb_60_d3,boosting,0.7837463556851312,0.7837463556851312,0.4184585249097687,0.0802270487421628,1.0,0.0365811362862587,0.8214285714285714,0.5755102040816327,0.698469387755102,1.0,0.8,0.0530921000172384
clintox,classification,2,3,stratified_scaffold_group,stratified_scaffold_group,25,xgb_60_d3,boosting,0.7358452950558214,0.7358452950558214,0.2150424418286097,0.0591074550991151,1.0,0.0482091419398784,0.8421052631578947,0.6287878787878788,0.7354465709728868,1.0,0.8,0.0529946000315249
clintox,classification,2,1,stratified_scaffold_group,stratified_scaffold_group,26,xgb_80_d5,boosting,0.7941830896376351,0.7941830896376351,0.3297519457547019,0.0583301925028438,1.0,0.047918114811182,0.8636363636363636,0.7167832167832168,0.7902097902097902,1.0,0.8,0.0713914000079967
clintox,classification,2,2,stratified_scaffold_group,stratified_scaffold_group,26,xgb_80_d5,boosting,0.7605685131195334,0.7605685131195334,0.3909874994931754,0.0815861598264692,1.0,0.0215050559490919,0.8214285714285714,0.5020408163265306,0.661734693877551,1.0,0.8,0.0684309000498615
clintox,classification,2,3,stratified_scaffold_group,stratified_scaffold_group,26,xgb_80_d5,boosting,0.7695374800637957,0.7695374800637957,0.2373512467995018,0.0581274851559185,1.0,0.0285261999815702,0.8421052631578947,0.5909090909090908,0.7165071770334928,1.0,0.8,0.0733322000014595
clintox,classification,2,1,stratified_scaffold_group,stratified_scaffold_group,27,xgb_100_d3,boosting,0.8054672600127145,0.8054672600127145,0.3591682595084271,0.0566057511131091,1.0,0.0633563101291656,0.8181818181818182,0.7377622377622377,0.7779720279720279,1.0,0.8,0.0743729000096209
clintox,classification,2,2,stratified_scaffold_group,stratified_scaffold_group,27,xgb_100_d3,boosting,0.7659620991253645,0.7659620991253645,0.3764130320135991,0.0825128731048525,1.0,0.0343718789517879,0.8214285714285714,0.5755102040816327,0.698469387755102,1.0,0.8,0.074787399964407
clintox,classification,2,3,stratified_scaffold_group,stratified_scaffold_group,27,xgb_100_d3,boosting,0.7543859649122807,0.7543859649122807,0.24593853956747,0.0580175295219136,1.0,0.0463576167821884,0.8421052631578947,0.6666666666666667,0.7543859649122807,1.0,0.8,0.0802705000387504
clintox,classification,2,1,stratified_scaffold_group,stratified_scaffold_group,28,xgb_60_d6,boosting,0.7915607120152576,0.7915607120152576,0.3386494742211567,0.0572853518399702,1.0,0.0394161157310009,0.8181818181818182,0.6503496503496504,0.7342657342657344,1.0,0.8,0.0642080999678
clintox,classification,2,2,stratified_scaffold_group,stratified_scaffold_group,28,xgb_60_d6,boosting,0.7696064139941691,0.7696064139941691,0.3722884616933249,0.0835351453333177,1.0,0.0334351696074008,0.8214285714285714,0.6285714285714286,0.725,1.0,0.8,0.0664888000464998
clintox,classification,2,3,stratified_scaffold_group,stratified_scaffold_group,28,xgb_60_d6,boosting,0.7639553429027113,0.7639553429027113,0.252862053233869,0.0592964816940849,1.0,0.0353394709527492,0.8421052631578947,0.6553030303030303,0.7487041467304625,1.0,0.8,0.0609125000191852
clintox,classification,2,1,stratified_scaffold_group,stratified_scaffold_group,29,cat_60_d4,boosting,0.7195645263827082,0.7195645263827082,0.297499797263854,0.0605209479098947,1.0,0.0413345947949006,0.8181818181818182,0.3846153846153846,0.6013986013986015,1.0,0.8,0.2703016999876126
clintox,classification,2,2,stratified_scaffold_group,stratified_scaffold_group,29,cat_60_d4,boosting,0.7210641399416908,0.7210641399416908,0.2837748297832326,0.0878800026413936,1.0,0.0425183312413808,0.8214285714285714,0.4081632653061224,0.6147959183673469,1.0,0.8,0.2938109000097029
clintox,classification,2,3,stratified_scaffold_group,stratified_scaffold_group,29,cat_60_d4,boosting,0.7188995215311005,0.7188995215311005,0.2314106812239182,0.058404770192231,1.0,0.0486658459678985,0.8947368421052632,0.4696969696969697,0.6822169059011165,1.0,0.8,0.3115289999986999
clintox,classification,2,1,stratified_scaffold_group,stratified_scaffold_group,30,cat_80_d6,boosting,0.7654164017800381,0.7654164017800381,0.3034629940752239,0.0597098974997213,1.0,0.0440728175422399,0.8181818181818182,0.548951048951049,0.6835664335664335,1.0,0.8,0.9560041000368074
clintox,classification,2,2,stratified_scaffold_group,stratified_scaffold_group,30,cat_80_d6,boosting,0.704737609329446,0.704737609329446,0.2996538244639738,0.0892179544522722,1.0,0.0356482772848323,0.8214285714285714,0.4489795918367347,0.6352040816326531,1.0,0.8,1.1517365999752656
clintox,classification,2,3,stratified_scaffold_group,stratified_scaffold_group,30,cat_80_d6,boosting,0.8454944178628389,0.8454944178628389,0.3853786050922789,0.0523826714885322,1.0,0.0635210289836216,0.8421052631578947,0.75,0.7960526315789473,1.0,0.8,1.1498545999638736
clintox,classification,2,1,stratified_scaffold_group,stratified_scaffold_group,31,cat_100_d4,boosting,0.7593769866497139,0.7593769866497139,0.2947514173689615,0.060440027622115,1.0,0.0528516968396378,0.8181818181818182,0.56993006993007,0.6940559440559442,1.0,0.8,0.4435894000343978
clintox,classification,2,2,stratified_scaffold_group,stratified_scaffold_group,31,cat_100_d4,boosting,0.767128279883382,0.767128279883382,0.3066897624956953,0.0880641699330159,1.0,0.0450035221024453,0.8214285714285714,0.4816326530612245,0.6515306122448979,1.0,0.8,0.466332100040745
clintox,classification,2,3,stratified_scaffold_group,stratified_scaffold_group,31,cat_100_d4,boosting,0.7324561403508771,0.7324561403508771,0.2578683872722523,0.0580466254597317,1.0,0.0549620041068022,0.8421052631578947,0.5795454545454546,0.7108253588516746,1.0,0.8,0.4499725999776274
clintox,classification,2,1,stratified_scaffold_group,stratified_scaffold_group,32,cat_60_d8,boosting,0.7736808645899554,0.7736808645899554,0.2902331605847046,0.0602114509737979,1.0,0.0448834947903736,0.8181818181818182,0.5769230769230769,0.6975524475524475,1.0,0.8,2.2072824999922886
clintox,classification,2,2,stratified_scaffold_group,stratified_scaffold_group,32,cat_60_d8,boosting,0.7346209912536443,0.7346209912536443,0.2480564783067236,0.0909508852001647,1.0,0.0357076694778862,0.8214285714285714,0.563265306122449,0.6923469387755101,1.0,0.8,2.825059399998281
clintox,classification,2,3,stratified_scaffold_group,stratified_scaffold_group,32,cat_60_d8,boosting,0.7436204146730462,0.7436204146730462,0.296792194935107,0.055471498920695,1.0,0.0424905781889167,0.8421052631578947,0.5795454545454546,0.7108253588516746,1.0,0.8,2.8053413999732584
clintox,classification,3,1,stratified_scaffold_group,stratified_scaffold_group,1,logreg_l2_c0.1,linear,0.7731859326309541,0.7731859326309541,0.4942051700405782,0.084135540281843,1.0,0.1296109761005906,0.8260869565217391,0.4334470989761092,0.6297670277489242,1.0,0.8,0.0046970000257715
clintox,classification,3,2,stratified_scaffold_group,stratified_scaffold_group,1,logreg_l2_c0.1,linear,0.7096119133574007,0.7096119133574007,0.2984635355366724,0.117917533168389,1.0,0.1010979033856238,0.8,0.4657039711191335,0.6328519855595668,1.0,0.8,0.0040436999988742
clintox,classification,3,3,stratified_scaffold_group,stratified_scaffold_group,1,logreg_l2_c0.1,linear,0.7613951145807101,0.7613951145807101,0.2649314501664042,0.0819676163975652,1.0,0.1599237374938693,0.8421052631578947,0.4952153110047846,0.6686602870813396,1.0,0.8,0.0036020000115968
clintox,classification,3,1,stratified_scaffold_group,stratified_scaffold_group,2,logreg_l2_c1,linear,0.7469209081466093,0.7469209081466093,0.491694572013886,0.058581412101502,1.0,0.0130840652163747,0.8260869565217391,0.3856655290102388,0.605876242765989,1.0,0.8,0.0055555999861098
clintox,classification,3,2,stratified_scaffold_group,stratified_scaffold_group,2,logreg_l2_c1,linear,0.6879512635379061,0.6879512635379061,0.2875170280183542,0.1170966439642789,1.0,0.0050374585960723,0.8,0.3393501805054152,0.5696750902527077,1.0,0.8,0.0060685999924317
clintox,classification,3,3,stratified_scaffold_group,stratified_scaffold_group,2,logreg_l2_c1,linear,0.7525812138000504,0.7525812138000504,0.1939126261267828,0.0562566878489041,1.0,0.0342747887098942,0.8421052631578947,0.5430622009569378,0.6925837320574162,1.0,0.8,0.0058273000176995
clintox,classification,3,1,stratified_scaffold_group,stratified_scaffold_group,3,logreg_l2_c10,linear,0.7322303012316367,0.7322303012316367,0.4520088349723064,0.0592306908740145,1.0,0.0003614317716075,0.8260869565217391,0.3481228668941979,0.5871049117079685,1.0,0.8,0.0090382999624125
clintox,classification,3,2,stratified_scaffold_group,stratified_scaffold_group,3,logreg_l2_c10,linear,0.674774368231047,0.674774368231047,0.2800795793244132,0.1200033483330016,1.0,0.0001158366879869,0.8,0.3032490974729241,0.5516245487364622,1.0,0.8,0.0098062999895773
clintox,classification,3,3,stratified_scaffold_group,stratified_scaffold_group,3,logreg_l2_c10,linear,0.7353311508436162,0.7353311508436162,0.1482454048871145,0.057902744842012,1.0,0.0022600852108086,0.8421052631578947,0.5047846889952153,0.6734449760765551,1.0,0.8,0.0086329999612644
clintox,classification,3,1,stratified_scaffold_group,stratified_scaffold_group,4,logreg_l1_c1,linear,0.7583469357471435,0.7583469357471435,0.5246413403634514,0.071694676286379,1.0,0.0248866443538186,0.8260869565217391,0.5187713310580204,0.6724291437898797,1.0,0.8,0.0121754999854601
clintox,classification,3,2,stratified_scaffold_group,stratified_scaffold_group,4,logreg_l1_c1,linear,0.7332581227436823,0.7332581227436823,0.386747249116035,0.111159633424908,1.0,0.008424014700496,0.8,0.4440433212996389,0.6220216606498195,1.0,0.8,0.0147025999613106
clintox,classification,3,3,stratified_scaffold_group,stratified_scaffold_group,4,logreg_l1_c1,linear,0.745026441702342,0.745026441702342,0.1677468106315182,0.063495844993588,1.0,0.0199888512759142,0.8421052631578947,0.3923444976076555,0.6172248803827751,1.0,0.8,0.0080554999876767
clintox,classification,3,1,stratified_scaffold_group,stratified_scaffold_group,5,rf_60_sqrt,bagging,0.8484938418162932,0.8484938418162932,0.3174625121866377,0.0597910337215492,1.0,0.0991886879925822,0.8260869565217391,0.7133105802047781,0.7696987683632586,1.0,0.8,0.1097340999986045
clintox,classification,3,2,stratified_scaffold_group,stratified_scaffold_group,5,rf_60_sqrt,bagging,0.7893953068592058,0.7893953068592058,0.3637474450451063,0.1024726260970289,1.0,0.0652265988987717,0.8,0.6859205776173285,0.7429602888086643,1.0,0.8,0.1342569999978877
clintox,classification,3,3,stratified_scaffold_group,stratified_scaffold_group,5,rf_60_sqrt,bagging,0.7364643666582725,0.7364643666582725,0.13382457776318,0.042360685271548,1.0,0.0649552395997893,0.8421052631578947,0.4545454545454546,0.6483253588516746,1.0,0.8,0.142644899955485
clintox,classification,3,1,stratified_scaffold_group,stratified_scaffold_group,6,rf_90_d12,bagging,0.8545036355542365,0.8545036355542365,0.3273364265818008,0.0630057507775013,1.0,0.1629038076695239,0.8260869565217391,0.7610921501706485,0.7935895533461939,1.0,0.8,0.1959478000062517
clintox,classification,3,2,stratified_scaffold_group,stratified_scaffold_group,6,rf_90_d12,bagging,0.7726985559566788,0.7726985559566788,0.3433233748673984,0.1008821365179463,1.0,0.0765939368790414,0.8,0.6028880866425993,0.7014440433212996,1.0,0.8,0.2063943999819457
clintox,classification,3,3,stratified_scaffold_group,stratified_scaffold_group,6,rf_90_d12,bagging,0.7702090153613699,0.7702090153613699,0.1741859315669417,0.0493846070618295,1.0,0.1218233446465912,0.8421052631578947,0.4832535885167464,0.6626794258373205,1.0,0.8,0.2090862999903038
clintox,classification,3,1,stratified_scaffold_group,stratified_scaffold_group,7,rf_90_leaf2,bagging,0.8461937972993026,0.8461937972993026,0.3614481163293618,0.0616848887214794,1.0,0.1715734686732537,0.8260869565217391,0.7849829351535836,0.8055349458376614,1.0,0.8,0.2039778999751433
clintox,classification,3,2,stratified_scaffold_group,stratified_scaffold_group,7,rf_90_leaf2,bagging,0.7441787003610107,0.7441787003610107,0.2978121099497004,0.1021585869799121,1.0,0.0664724410181341,0.8,0.4512635379061371,0.6256317689530686,1.0,0.8,0.207983799977228
clintox,classification,3,3,stratified_scaffold_group,stratified_scaffold_group,7,rf_90_leaf2,bagging,0.7445227902291615,0.7445227902291615,0.2267360127857357,0.0463383680994747,1.0,0.0869433955717931,0.8421052631578947,0.3708133971291866,0.6064593301435406,1.0,0.8,0.1820843999739736
clintox,classification,3,1,stratified_scaffold_group,stratified_scaffold_group,8,rf_120_d20_leaf2,bagging,0.8482712568630361,0.8482712568630361,0.3840884180940867,0.0616300036463491,1.0,0.1706817234086801,0.8260869565217391,0.7610921501706485,0.7935895533461939,1.0,0.8,0.2639239999698475
clintox,classification,3,2,stratified_scaffold_group,stratified_scaffold_group,8,rf_120_d20_leaf2,bagging,0.7361462093862816,0.7361462093862816,0.3102295004793156,0.1016553616892748,1.0,0.0581217982275137,0.8,0.3393501805054152,0.5696750902527077,1.0,0.8,0.251036399975419
clintox,classification,3,3,stratified_scaffold_group,stratified_scaffold_group,8,rf_120_d20_leaf2,bagging,0.7620246789221858,0.7620246789221858,0.2190232928550198,0.046737100225175,1.0,0.109271434506898,0.8421052631578947,0.4904306220095693,0.666267942583732,1.0,0.8,0.264585500000976
clintox,classification,3,1,stratified_scaffold_group,stratified_scaffold_group,9,et_60_sqrt,bagging,0.7414304792995993,0.7414304792995993,0.236720098058449,0.0628255214050435,1.0,0.0640583554376657,0.8260869565217391,0.5017064846416383,0.6638967205816887,1.0,0.8,0.0984486000379547
clintox,classification,3,2,stratified_scaffold_group,stratified_scaffold_group,9,et_60_sqrt,bagging,0.7467057761732852,0.7467057761732852,0.3282833854858501,0.1040406881195332,1.0,0.0333333333333333,0.85,0.4584837545126353,0.6542418772563177,1.0,0.8,0.0941255000070668
clintox,classification,3,3,stratified_scaffold_group,stratified_scaffold_group,9,et_60_sqrt,bagging,0.7324981113069756,0.7324981113069756,0.1614648411748773,0.0428039391221846,1.0,0.0483412322274881,0.9473684210526316,0.361244019138756,0.6543062200956937,1.0,0.8,0.08747820003191
clintox,classification,3,1,stratified_scaffold_group,stratified_scaffold_group,10,et_90_d12,bagging,0.7561210862145719,0.7561210862145719,0.2758830675530721,0.0713810132389329,1.0,0.1519896679906872,0.8260869565217391,0.5051194539249146,0.6656032052233269,1.0,0.8,0.1310660000308416
clintox,classification,3,2,stratified_scaffold_group,stratified_scaffold_group,10,et_90_d12,bagging,0.7718862815884475,0.7718862815884475,0.3659738538504907,0.0965275604574577,1.0,0.1061692069891761,0.8,0.6173285198555957,0.7086642599277979,1.0,0.8,0.1212567000184208
clintox,classification,3,3,stratified_scaffold_group,stratified_scaffold_group,10,et_90_d12,bagging,0.8292621505917904,0.8292621505917904,0.2046137845649203,0.0540417723594625,1.0,0.2063925412782885,0.8421052631578947,0.7583732057416268,0.8002392344497608,1.0,0.8,0.1110002000350505
clintox,classification,3,1,stratified_scaffold_group,stratified_scaffold_group,11,et_90_leaf2,bagging,0.7725923727556018,0.7725923727556018,0.2948824078449335,0.0637560571607633,1.0,0.1277550814318408,0.8260869565217391,0.6109215017064846,0.7185042291141119,1.0,0.8,0.092643899959512
clintox,classification,3,2,stratified_scaffold_group,stratified_scaffold_group,11,et_90_leaf2,bagging,0.7653880866425993,0.7653880866425993,0.3476685390008688,0.0986354489706073,1.0,0.0706295167387602,0.825,0.5234657039711191,0.6742328519855596,1.0,0.8,0.0929298999835737
clintox,classification,3,3,stratified_scaffold_group,stratified_scaffold_group,11,et_90_leaf2,bagging,0.7757491815663561,0.7757491815663561,0.1824074483020788,0.0457318613994535,1.0,0.0799684978617665,0.8421052631578947,0.4186602870813397,0.6303827751196172,1.0,0.8,0.0961110000498592
clintox,classification,3,1,stratified_scaffold_group,stratified_scaffold_group,12,et_120_d20_leaf2,bagging,0.7932185784240985,0.7932185784240985,0.2817062517873446,0.064349737287365,1.0,0.1463281140165837,0.8260869565217391,0.6757679180887373,0.7509274373052381,1.0,0.8,0.1249059999827295
clintox,classification,3,2,stratified_scaffold_group,stratified_scaffold_group,12,et_120_d20_leaf2,bagging,0.7661552346570397,0.7661552346570397,0.3406846631551056,0.0989188523317515,1.0,0.0790495834768134,0.8,0.5667870036101084,0.6833935018050542,1.0,0.8,0.1302627999684773
clintox,classification,3,3,stratified_scaffold_group,stratified_scaffold_group,12,et_120_d20_leaf2,bagging,0.7795265676152103,0.7795265676152103,0.1886266201705483,0.0462110920022142,1.0,0.0886456778717069,0.8421052631578947,0.4641148325358851,0.6531100478468899,1.0,0.8,0.1233268000069074
clintox,classification,3,1,stratified_scaffold_group,stratified_scaffold_group,13,histgb_lr0.05,boosting,0.752114557055943,0.752114557055943,0.3158149180333746,0.0606227132151617,1.0,0.0068575252456158,0.8260869565217391,0.4027303754266211,0.6144086659741801,1.0,0.8,1.258195100002922
clintox,classification,3,2,stratified_scaffold_group,stratified_scaffold_group,13,histgb_lr0.05,boosting,0.7539711191335738,0.7539711191335738,0.4052025371546018,0.1071009500791115,1.0,0.0032165396378714,0.8,0.5342960288808665,0.6671480144404333,1.0,0.8,1.2301549999974668
clintox,classification,3,3,stratified_scaffold_group,stratified_scaffold_group,13,histgb_lr0.05,boosting,0.7935028959959709,0.7935028959959709,0.1561281577313392,0.0417772016037493,1.0,0.0158646361862788,0.8421052631578947,0.5885167464114833,0.715311004784689,1.0,0.8,1.1081613999558613
clintox,classification,3,1,stratified_scaffold_group,stratified_scaffold_group,14,histgb_lr0.1,boosting,0.7072265914824157,0.7072265914824157,0.2977647521126907,0.0623343566983995,1.0,0.0027120517329539,0.8260869565217391,0.4436860068259386,0.6348864816738389,1.0,0.8,0.8809639000101015
clintox,classification,3,2,stratified_scaffold_group,stratified_scaffold_group,14,histgb_lr0.1,boosting,0.7326714801444043,0.7326714801444043,0.3303195123138864,0.1137100873907111,1.0,0.000830373666652,0.8,0.4945848375451264,0.6472924187725633,1.0,0.8,0.8946241000085138
clintox,classification,3,3,stratified_scaffold_group,stratified_scaffold_group,14,histgb_lr0.1,boosting,0.8045832284059431,0.8045832284059431,0.1888781073968498,0.0418501483776015,1.0,0.0121500340222953,0.8421052631578947,0.6985645933014354,0.770334928229665,1.0,0.8,0.944929499994032
clintox,classification,3,1,stratified_scaffold_group,stratified_scaffold_group,15,gb_lr0.05_d2,boosting,0.7945540881436416,0.7945540881436416,0.2474872042018097,0.0638066076506314,1.0,0.0686579187628245,0.8260869565217391,0.6962457337883958,0.7611663451550674,1.0,0.8,0.4710433000000193
clintox,classification,3,2,stratified_scaffold_group,stratified_scaffold_group,15,gb_lr0.05_d2,boosting,0.7748194945848376,0.7748194945848376,0.3467369496475335,0.1069144710511382,1.0,0.0373099363778109,0.825,0.6245487364620939,0.7247743682310469,1.0,0.8,0.4503215000149794
clintox,classification,3,3,stratified_scaffold_group,stratified_scaffold_group,15,gb_lr0.05_d2,boosting,0.8347393603626291,0.8347393603626291,0.2439702042963299,0.0379935881290246,1.0,0.0650871761008422,0.8421052631578947,0.6244019138755981,0.7332535885167464,1.0,0.8,0.3887927000178024
clintox,classification,3,1,stratified_scaffold_group,stratified_scaffold_group,16,gb_lr0.1_d3,boosting,0.8309096305089776,0.8309096305089776,0.3327908538371416,0.0572967058953542,1.0,0.0424531419155952,0.8260869565217391,0.6996587030716723,0.7628728297967058,1.0,0.8,0.5160995000042021
clintox,classification,3,2,stratified_scaffold_group,stratified_scaffold_group,16,gb_lr0.1_d3,boosting,0.7466606498194946,0.7466606498194946,0.3375734616201166,0.1065215065234487,1.0,0.0121479760714847,0.8,0.5306859205776173,0.6653429602888087,1.0,0.8,0.5430756999994628
clintox,classification,3,3,stratified_scaffold_group,stratified_scaffold_group,16,gb_lr0.1_d3,boosting,0.793754721732561,0.793754721732561,0.1745934010578765,0.039845302752574,1.0,0.0314818951588217,0.8421052631578947,0.6578947368421053,0.75,1.0,0.8,0.4572545999544672
clintox,classification,3,1,stratified_scaffold_group,stratified_scaffold_group,17,lgbm_60_l15,boosting,0.8211158925656625,0.8211158925656625,0.4394345925652692,0.0552447662081074,1.0,0.0198713918924454,0.8260869565217391,0.5221843003412969,0.6741356284315181,1.0,0.8,0.0523576999548822
clintox,classification,3,2,stratified_scaffold_group,stratified_scaffold_group,17,lgbm_60_l15,boosting,0.7345667870036102,0.7345667870036102,0.3948287045053349,0.1053726253029452,1.0,0.0067293612401481,0.8,0.4187725631768952,0.6093862815884477,1.0,0.8,0.0766445000190287
clintox,classification,3,3,stratified_scaffold_group,stratified_scaffold_group,17,lgbm_60_l15,boosting,0.7907328128934776,0.7907328128934776,0.2082840491111449,0.03858943713464,1.0,0.0218177688566913,0.8421052631578947,0.5263157894736843,0.6842105263157895,1.0,0.8,0.0574159999960102
clintox,classification,3,1,stratified_scaffold_group,stratified_scaffold_group,18,lgbm_90_l31,boosting,0.8028639263985753,0.8028639263985753,0.492833991524127,0.0535049182951873,1.0,0.0088918273664368,0.8260869565217391,0.5051194539249146,0.6656032052233269,1.0,0.8,0.0835065999999642
clintox,classification,3,2,stratified_scaffold_group,stratified_scaffold_group,18,lgbm_90_l31,boosting,0.7580776173285199,0.7580776173285199,0.3923151244762198,0.1092719540223409,1.0,0.0049361280454886,0.8,0.6209386281588447,0.7104693140794224,1.0,0.8,0.0797924000071361
clintox,classification,3,3,stratified_scaffold_group,stratified_scaffold_group,18,lgbm_90_l31,boosting,0.7816670863762278,0.7816670863762278,0.1931904859544947,0.0392593469827315,1.0,0.0091289085143212,0.8421052631578947,0.5406698564593302,0.6913875598086124,1.0,0.8,0.0708940000040456
clintox,classification,3,1,stratified_scaffold_group,stratified_scaffold_group,19,lgbm_60_l63,boosting,0.8030123163674135,0.8030123163674135,0.5481410452585864,0.0525506519311892,1.0,0.0055361334686204,0.8260869565217391,0.4368600682593856,0.6314735123905624,1.0,0.8,0.0639555000234395
clintox,classification,3,2,stratified_scaffold_group,stratified_scaffold_group,19,lgbm_60_l63,boosting,0.7388537906137184,0.7388537906137184,0.3648907049095848,0.1105165390399484,1.0,0.0031664452360126,0.8,0.5415162454873645,0.6707581227436823,1.0,0.8,0.0646409000037238
clintox,classification,3,3,stratified_scaffold_group,stratified_scaffold_group,19,lgbm_60_l63,boosting,0.8003021908839083,0.8003021908839083,0.1914847221971675,0.0395195827904958,1.0,0.0087228217821832,0.8421052631578947,0.5813397129186603,0.7117224880382775,1.0,0.8,0.0556735999998636
clintox,classification,3,1,stratified_scaffold_group,stratified_scaffold_group,20,lgbm_100_leaf10,boosting,0.8145867339367859,0.8145867339367859,0.4273585092981711,0.0591803564439897,1.0,0.0040405383508119,0.8260869565217391,0.5665529010238908,0.696319928772815,1.0,0.8,0.0967046999721787
clintox,classification,3,2,stratified_scaffold_group,stratified_scaffold_group,20,lgbm_100_leaf10,boosting,0.7636732851985559,0.7636732851985559,0.4010021582984603,0.1148083473274524,1.0,0.0011394512528005,0.8,0.5306859205776173,0.6653429602888087,1.0,0.8,0.1080436999909579
clintox,classification,3,3,stratified_scaffold_group,stratified_scaffold_group,20,lgbm_100_leaf10,boosting,0.7655502392344498,0.7655502392344498,0.1685255679172601,0.0414815794651934,1.0,0.0066148666618568,0.8421052631578947,0.6889952153110048,0.7655502392344498,1.0,0.8,0.0986670999554917
clintox,classification,3,1,stratified_scaffold_group,stratified_scaffold_group,21,lgbm_100_leaf30,boosting,0.8031607063362516,0.8031607063362516,0.5355639096519532,0.0489727979434924,1.0,0.0157799851152728,0.8260869565217391,0.5665529010238908,0.696319928772815,1.0,0.8,0.0667556000407785
clintox,classification,3,2,stratified_scaffold_group,stratified_scaffold_group,21,lgbm_100_leaf30,boosting,0.7551895306859205,0.7551895306859205,0.3645239342345151,0.1108661414041673,1.0,0.0038637444200293,0.8,0.4873646209386282,0.6436823104693141,1.0,0.8,0.0666692000231705
clintox,classification,3,3,stratified_scaffold_group,stratified_scaffold_group,21,lgbm_100_leaf30,boosting,0.7987912364643666,0.7987912364643666,0.2532973370322895,0.0370749385297996,1.0,0.011222776972885,0.8421052631578947,0.5143540669856459,0.6782296650717703,1.0,0.8,0.0559069000300951
clintox,classification,3,1,stratified_scaffold_group,stratified_scaffold_group,22,lgbm_80_ff0.7,boosting,0.7929217984864223,0.7929217984864223,0.5313915791728075,0.0537179052041092,1.0,0.0047303649502467,0.8260869565217391,0.4505119453924915,0.6382994509571154,1.0,0.8,0.0803927999804727
clintox,classification,3,2,stratified_scaffold_group,stratified_scaffold_group,22,lgbm_80_ff0.7,boosting,0.7630415162454873,0.7630415162454873,0.371234119853044,0.1130076234519888,1.0,0.0035606051072441,0.8,0.6389891696750902,0.7194945848375451,1.0,0.8,0.071972600009758
clintox,classification,3,3,stratified_scaffold_group,stratified_scaffold_group,22,lgbm_80_ff0.7,boosting,0.7776378745907833,0.7776378745907833,0.1941969973111907,0.0403230521087922,1.0,0.0030798602352552,0.8421052631578947,0.3803827751196172,0.611244019138756,1.0,0.8,0.0638390000094659
clintox,classification,3,1,stratified_scaffold_group,stratified_scaffold_group,23,lgbm_80_bag0.8,boosting,0.8105060097937379,0.8105060097937379,0.5548900163280998,0.0503919553045937,1.0,0.0083388787216631,0.8260869565217391,0.5187713310580204,0.6724291437898797,1.0,0.8,0.071214499999769
clintox,classification,3,2,stratified_scaffold_group,stratified_scaffold_group,23,lgbm_80_bag0.8,boosting,0.724413357400722,0.724413357400722,0.3476077160327585,0.1130199560882551,1.0,0.0020017276288371,0.8,0.4259927797833934,0.6129963898916968,1.0,0.8,0.0720181999495253
clintox,classification,3,3,stratified_scaffold_group,stratified_scaffold_group,23,lgbm_80_bag0.8,boosting,0.7835557794006548,0.7835557794006548,0.2089197642401994,0.0387464190780799,1.0,0.0076269849110869,0.8421052631578947,0.5550239234449761,0.6985645933014354,1.0,0.8,0.0620561999967321
clintox,classification,3,1,stratified_scaffold_group,stratified_scaffold_group,24,lgbm_120_l15,boosting,0.7898056091408221,0.7898056091408221,0.4628072963649866,0.0547404736882911,1.0,0.0109389573294701,0.8260869565217391,0.4812286689419796,0.6536578127318593,1.0,0.8,0.0684515999746508
clintox,classification,3,2,stratified_scaffold_group,stratified_scaffold_group,24,lgbm_120_l15,boosting,0.7609657039711192,0.7609657039711192,0.3974261126154774,0.1088066116053493,1.0,0.0044929476577016,0.8,0.6101083032490975,0.7050541516245488,1.0,0.8,0.0738838000106625
clintox,classification,3,3,stratified_scaffold_group,stratified_scaffold_group,24,lgbm_120_l15,boosting,0.7947620246789222,0.7947620246789222,0.1990976995775284,0.0394001455546346,1.0,0.0123989666666147,0.8421052631578947,0.5956937799043063,0.7188995215311005,1.0,0.8,0.0872366999974474
clintox,classification,3,1,stratified_scaffold_group,stratified_scaffold_group,25,xgb_60_d3,boosting,0.8171093634070337,0.8171093634070337,0.4723471404983122,0.0537561001109135,1.0,0.0477019287645816,0.8260869565217391,0.6450511945392492,0.7355690755304942,1.0,0.8,0.0543629999738186
clintox,classification,3,2,stratified_scaffold_group,stratified_scaffold_group,25,xgb_60_d3,boosting,0.7778429602888087,0.7778429602888087,0.4143333022265476,0.1012634114433498,1.0,0.0322060696780681,0.8,0.6750902527075813,0.7375451263537907,1.0,0.8,0.0586270000203512
clintox,classification,3,3,stratified_scaffold_group,stratified_scaffold_group,25,xgb_60_d3,boosting,0.8217073784940822,0.8217073784940822,0.1810276899476881,0.0396430845798732,1.0,0.0687764734029769,0.8421052631578947,0.7440191387559809,0.7930622009569378,1.0,0.8,0.0501721000182442
clintox,classification,3,1,stratified_scaffold_group,stratified_scaffold_group,26,xgb_80_d5,boosting,0.8378839590443686,0.8378839590443686,0.5575042590702197,0.0509153336071615,1.0,0.0443145707249641,0.8260869565217391,0.7133105802047781,0.7696987683632586,1.0,0.8,0.0743986000306904
clintox,classification,3,2,stratified_scaffold_group,stratified_scaffold_group,26,xgb_80_d5,boosting,0.7781137184115523,0.7781137184115523,0.4233189469612549,0.1022299112874053,1.0,0.016259092837572,0.8,0.5956678700361011,0.6978339350180506,1.0,0.8,0.0774558999692089
clintox,classification,3,3,stratified_scaffold_group,stratified_scaffold_group,26,xgb_80_d5,boosting,0.8083606144547973,0.8083606144547973,0.1844849637445711,0.0392118013270476,1.0,0.0483744814991951,0.8421052631578947,0.7416267942583732,0.7918660287081339,1.0,0.8,0.0745932999998331
clintox,classification,3,1,stratified_scaffold_group,stratified_scaffold_group,27,xgb_100_d3,boosting,0.830167680664787,0.830167680664787,0.5435370965070525,0.050025886967712,1.0,0.0516636781394481,0.8260869565217391,0.7098976109215017,0.7679922837216204,1.0,0.8,0.0740864999825134
clintox,classification,3,2,stratified_scaffold_group,stratified_scaffold_group,27,xgb_100_d3,boosting,0.7609657039711191,0.7609657039711191,0.379184670103467,0.1055781027223207,1.0,0.0253904908895492,0.825,0.6137184115523466,0.7193592057761733,1.0,0.8,0.0770077999914065
clintox,classification,3,3,stratified_scaffold_group,stratified_scaffold_group,27,xgb_100_d3,boosting,0.8219592042306724,0.8219592042306724,0.1709829512792768,0.0399555734717547,1.0,0.0640496239066124,0.8421052631578947,0.736842105263158,0.7894736842105263,1.0,0.8,0.0766785999876447
clintox,classification,3,1,stratified_scaffold_group,stratified_scaffold_group,28,xgb_60_d6,boosting,0.8297225107582726,0.8297225107582726,0.5151128016936767,0.0521275006688419,1.0,0.037507489323616,0.8260869565217391,0.6655290102389079,0.7458079833803235,1.0,0.8,0.0622790000052191
clintox,classification,3,2,stratified_scaffold_group,stratified_scaffold_group,28,xgb_60_d6,boosting,0.751037906137184,0.751037906137184,0.3969585442286524,0.1050932200201019,1.0,0.0166603215038776,0.8,0.5992779783393503,0.6996389891696752,1.0,0.8,0.0587467000004835
clintox,classification,3,3,stratified_scaffold_group,stratified_scaffold_group,28,xgb_60_d6,boosting,0.8156635608159153,0.8156635608159153,0.208598010442489,0.0382637906170374,1.0,0.0292090363800525,0.8421052631578947,0.6626794258373205,0.7523923444976076,1.0,0.8,0.0669574000057764
clintox,classification,3,1,stratified_scaffold_group,stratified_scaffold_group,29,cat_60_d4,boosting,0.7627986348122867,0.7627986348122867,0.219955117602097,0.0641237162061185,1.0,0.0532490223663907,0.8695652173913043,0.5426621160409557,0.7061136667161301,1.0,0.8,0.3011038000113331
clintox,classification,3,2,stratified_scaffold_group,stratified_scaffold_group,29,cat_60_d4,boosting,0.741471119133574,0.741471119133574,0.3424387130996008,0.1121972453660141,1.0,0.0331357498573852,0.825,0.5631768953068592,0.6940884476534296,1.0,0.8,0.3505354999797418
clintox,classification,3,3,stratified_scaffold_group,stratified_scaffold_group,29,cat_60_d4,boosting,0.7679425837320574,0.7679425837320574,0.1599316838008271,0.0406846351776883,1.0,0.0574711204519806,0.8421052631578947,0.5311004784688995,0.6866028708133971,1.0,0.8,0.3063600999885238
clintox,classification,3,1,stratified_scaffold_group,stratified_scaffold_group,30,cat_80_d6,boosting,0.835658109511797,0.835658109511797,0.303603367941526,0.0613587218216303,1.0,0.0687424467489273,0.8260869565217391,0.8191126279863481,0.8225997922540436,1.0,0.8,1.1016612999956124
clintox,classification,3,2,stratified_scaffold_group,stratified_scaffold_group,30,cat_80_d6,boosting,0.7689981949458484,0.7689981949458484,0.3467912177547946,0.1128005593545715,1.0,0.0329598607876391,0.8,0.6498194945848376,0.7249097472924189,1.0,0.8,1.261695499997586
clintox,classification,3,3,stratified_scaffold_group,stratified_scaffold_group,30,cat_80_d6,boosting,0.8033240997229917,0.8033240997229917,0.1666554846854457,0.0395778382133752,1.0,0.0553747863874484,0.8421052631578947,0.6339712918660287,0.7380382775119617,1.0,0.8,1.265673300018534
clintox,classification,3,1,stratified_scaffold_group,stratified_scaffold_group,31,cat_100_d4,boosting,0.8475293070188455,0.8475293070188455,0.3450516840716015,0.0605760184962633,1.0,0.0712087467524379,0.8260869565217391,0.7474402730375427,0.7867636147796409,1.0,0.8,0.5971366000012495
clintox,classification,3,2,stratified_scaffold_group,stratified_scaffold_group,31,cat_100_d4,boosting,0.7611462093862816,0.7611462093862816,0.339619453380585,0.1120793653047838,1.0,0.033645258729124,0.8,0.592057761732852,0.696028880866426,1.0,0.8,0.5985678000142798
clintox,classification,3,3,stratified_scaffold_group,stratified_scaffold_group,31,cat_100_d4,boosting,0.823344245781919,0.823344245781919,0.2489002124251726,0.038092554333665,1.0,0.0741541230898033,0.8421052631578947,0.736842105263158,0.7894736842105263,1.0,0.8,0.5701339999795891
clintox,classification,3,1,stratified_scaffold_group,stratified_scaffold_group,32,cat_60_d8,boosting,0.8067220655883662,0.8067220655883662,0.3444159756124023,0.0615273361979382,1.0,0.05238633199968,0.8260869565217391,0.6723549488054608,0.7492209526636,1.0,0.8,3.082931599987205
clintox,classification,3,2,stratified_scaffold_group,stratified_scaffold_group,32,cat_60_d8,boosting,0.7308212996389891,0.7308212996389891,0.2606914372793672,0.1159050828629806,1.0,0.0251381842838346,0.8,0.5126353790613718,0.6563176895306859,1.0,0.8,2.838722000014968
clintox,classification,3,3,stratified_scaffold_group,stratified_scaffold_group,32,cat_60_d8,boosting,0.8256106774112314,0.8256106774112314,0.2044874446782282,0.0392215927962188,1.0,0.0616550165897329,0.8421052631578947,0.7535885167464115,0.7978468899521531,1.0,0.8,2.6693835000041872
tdc_hia_hou,classification,1,1,stratified_scaffold_group,stratified_scaffold_group,1,logreg_l2_c0.1,linear,0.8273381294964028,0.8273381294964028,0.9704795316572188,0.0944839306895162,0.0,0.8064827554420091,0.8333333333333334,0.5179856115107914,0.6756594724220624,1.0,0.8,0.001853099965956
tdc_hia_hou,classification,1,2,stratified_scaffold_group,stratified_scaffold_group,1,logreg_l2_c0.1,linear,0.730911330049261,0.730911330049261,0.9432382376998776,0.1086429520501738,0.0,0.8666300382102283,0.8571428571428572,0.5172413793103449,0.687192118226601,1.0,0.8,0.0022376999841071
tdc_hia_hou,classification,1,3,stratified_scaffold_group,stratified_scaffold_group,1,logreg_l2_c0.1,linear,0.9158040027605244,0.9158040027605244,0.9815234100611616,0.0881955113581388,0.0,0.649702814733169,0.8260869565217391,0.8968253968253969,0.861456176673568,1.0,0.8,0.0014919999521225
tdc_hia_hou,classification,1,1,stratified_scaffold_group,stratified_scaffold_group,2,logreg_l2_c1,linear,0.8393285371702639,0.8393285371702639,0.9718936626062092,0.0685779260946896,0.0,0.9486179246879988,0.8333333333333334,0.4892086330935252,0.6612709832134293,1.0,0.8,0.0028678000089712
tdc_hia_hou,classification,1,2,stratified_scaffold_group,stratified_scaffold_group,2,logreg_l2_c1,linear,0.7253694581280787,0.7253694581280787,0.945896195142772,0.1063059128502338,0.0,0.9810328141307958,0.8571428571428572,0.4827586206896552,0.6699507389162562,1.0,0.8,0.0018832000205293
tdc_hia_hou,classification,1,3,stratified_scaffold_group,stratified_scaffold_group,2,logreg_l2_c1,linear,0.8692201518288475,0.8692201518288475,0.9662193431341424,0.0778863459060759,0.0,0.8790184053570045,0.8260869565217391,0.8095238095238095,0.8178053830227743,1.0,0.8,0.0026305000064894
tdc_hia_hou,classification,1,1,stratified_scaffold_group,stratified_scaffold_group,3,logreg_l2_c10,linear,0.8449240607513989,0.8449240607513989,0.9727101720403424,0.0653204235962529,0.0,0.9892298685309134,0.8333333333333334,0.5467625899280576,0.6900479616306955,1.0,0.8,0.0033392999903298
tdc_hia_hou,classification,1,2,stratified_scaffold_group,stratified_scaffold_group,3,logreg_l2_c10,linear,0.7278325123152709,0.7278325123152709,0.9486141515692128,0.1112345496418018,0.0,0.9984174305729332,0.8571428571428572,0.4655172413793103,0.6613300492610837,1.0,0.8,0.0020777999889105
tdc_hia_hou,classification,1,3,stratified_scaffold_group,stratified_scaffold_group,3,logreg_l2_c10,linear,0.8485162180814354,0.8485162180814354,0.959278059549602,0.0853538408227334,0.0,0.9703305246264688,0.8260869565217391,0.7619047619047619,0.7939958592132506,1.0,0.8,0.0026751999976113
tdc_hia_hou,classification,1,1,stratified_scaffold_group,stratified_scaffold_group,4,logreg_l1_c1,linear,0.8145483613109513,0.8145483613109513,0.9669909161658764,0.0880199889729872,0.0,0.9452876490361584,0.8333333333333334,0.4748201438848921,0.6540767386091128,1.0,0.8,0.0029112999909557
tdc_hia_hou,classification,1,2,stratified_scaffold_group,stratified_scaffold_group,4,logreg_l1_c1,linear,0.7814039408866995,0.7814039408866995,0.9627680032291852,0.1337268763875627,0.0,0.9369594061542756,0.8571428571428572,0.646551724137931,0.7518472906403941,1.0,0.8,0.0020851000444963
tdc_hia_hou,classification,1,3,stratified_scaffold_group,stratified_scaffold_group,4,logreg_l1_c1,linear,0.8416149068322982,0.8416149068322982,0.9567557717555966,0.1044388538030354,0.0,0.7895751977227052,0.8260869565217391,0.7777777777777778,0.8019323671497585,1.0,0.8,0.0023290999815799
tdc_hia_hou,classification,1,1,stratified_scaffold_group,stratified_scaffold_group,5,rf_60_sqrt,bagging,0.8782973621103117,0.8782973621103117,0.97809314970104,0.0706953290870488,0.0,0.9,0.8888888888888888,0.6906474820143885,0.7897681854516387,1.0,0.8,0.0994563000276684
tdc_hia_hou,classification,1,2,stratified_scaffold_group,stratified_scaffold_group,5,rf_60_sqrt,bagging,0.7946428571428572,0.7946428571428572,0.9665629621574834,0.0823397435897435,0.0,0.9166666666666666,0.8571428571428572,0.5344827586206896,0.6958128078817734,1.0,0.8,0.0882856000098399
tdc_hia_hou,classification,1,3,stratified_scaffold_group,stratified_scaffold_group,5,rf_60_sqrt,bagging,0.9035541752933058,0.9035541752933058,0.977771863883132,0.0870581655480984,0.0,0.8666666666666667,0.9130434782608696,0.7142857142857143,0.813664596273292,1.0,0.8,0.0896039000363089
tdc_hia_hou,classification,1,1,stratified_scaffold_group,stratified_scaffold_group,6,rf_90_d12,bagging,0.8888888888888888,0.8888888888888888,0.9808823776401372,0.0707536876973256,0.0,0.8412602328096076,0.8333333333333334,0.8201438848920863,0.8267386091127098,1.0,0.8,0.1473856999655254
tdc_hia_hou,classification,1,2,stratified_scaffold_group,stratified_scaffold_group,6,rf_90_d12,bagging,0.7641625615763546,0.7641625615763546,0.9630718572990002,0.0894591405589807,0.0,0.8929351319658112,0.8571428571428572,0.5172413793103449,0.687192118226601,1.0,0.8,0.1386515999911353
tdc_hia_hou,classification,1,3,stratified_scaffold_group,stratified_scaffold_group,6,rf_90_d12,bagging,0.9340924775707384,0.9340924775707384,0.9868224716714682,0.0838416541232873,0.0,0.7928389509191206,0.8260869565217391,0.873015873015873,0.8495514147688061,1.0,0.8,0.135402400046587
tdc_hia_hou,classification,1,1,stratified_scaffold_group,stratified_scaffold_group,7,rf_90_leaf2,bagging,0.8820943245403676,0.8820943245403676,0.9822379996116122,0.0748975164498348,0.0,0.8204488400107581,0.8333333333333334,0.6834532374100719,0.7583932853717026,1.0,0.8,0.140032599971164
tdc_hia_hou,classification,1,2,stratified_scaffold_group,stratified_scaffold_group,7,rf_90_leaf2,bagging,0.7616995073891626,0.7616995073891626,0.961069474599126,0.0946597026458508,0.0,0.8755757492474863,0.8571428571428572,0.4568965517241379,0.6570197044334976,1.0,0.8,0.1393375999759882
tdc_hia_hou,classification,1,3,stratified_scaffold_group,stratified_scaffold_group,7,rf_90_leaf2,bagging,0.9416839199447896,0.9416839199447896,0.9887718147797684,0.0840693026056135,0.0,0.7464164879048221,0.8260869565217391,0.8888888888888888,0.857487922705314,1.0,0.8,0.1371500000241212
tdc_hia_hou,classification,1,1,stratified_scaffold_group,stratified_scaffold_group,8,rf_120_d20_leaf2,bagging,0.876898481215028,0.876898481215028,0.9811402029941112,0.0746500621287521,0.0,0.8343803984515559,0.8333333333333334,0.6187050359712231,0.7260191846522782,1.0,0.8,0.1767277999897487
tdc_hia_hou,classification,1,2,stratified_scaffold_group,stratified_scaffold_group,8,rf_120_d20_leaf2,bagging,0.7370689655172415,0.7370689655172415,0.952668318819377,0.094646438189085,0.0,0.9151955748375258,0.8571428571428572,0.293103448275862,0.5751231527093597,1.0,0.8,0.1865681000053882
tdc_hia_hou,classification,1,3,stratified_scaffold_group,stratified_scaffold_group,8,rf_120_d20_leaf2,bagging,0.932367149758454,0.932367149758454,0.9860617366421652,0.0834510994053339,0.0,0.736733052280228,0.8695652173913043,0.9126984126984128,0.8911318150448585,1.0,0.8,0.1810192000120878
tdc_hia_hou,classification,1,1,stratified_scaffold_group,stratified_scaffold_group,9,et_60_sqrt,bagging,0.902078337330136,0.902078337330136,0.9793257796016912,0.0655644019815994,0.0,0.8,0.8333333333333334,0.9064748201438848,0.8699040767386091,1.0,0.8,0.0689676999463699
tdc_hia_hou,classification,1,2,stratified_scaffold_group,stratified_scaffold_group,9,et_60_sqrt,bagging,0.7635467980295567,0.7635467980295567,0.9499015907442766,0.0879508547008547,0.0,0.95,0.9285714285714286,0.3879310344827586,0.6582512315270936,1.0,0.8,0.072351700044237
tdc_hia_hou,classification,1,3,stratified_scaffold_group,stratified_scaffold_group,9,et_60_sqrt,bagging,0.8773291925465838,0.8773291925465838,0.9621529929414776,0.0789187173750932,0.0,0.8333333333333334,0.8260869565217391,0.8253968253968254,0.8257418909592822,1.0,0.8,0.0601026000222191
tdc_hia_hou,classification,1,1,stratified_scaffold_group,stratified_scaffold_group,10,et_90_d12,bagging,0.8880895283772982,0.8880895283772982,0.9816828981606356,0.0729062595625941,0.0,0.8044675248315105,0.8333333333333334,0.7338129496402878,0.7835731414868106,1.0,0.8,0.0904905999777838
tdc_hia_hou,classification,1,2,stratified_scaffold_group,stratified_scaffold_group,10,et_90_d12,bagging,0.746305418719212,0.746305418719212,0.9470149266590636,0.0920588741187859,0.0,0.8968569137262277,0.8571428571428572,0.5258620689655172,0.6915024630541873,1.0,0.8,0.0918390000006184
tdc_hia_hou,classification,1,3,stratified_scaffold_group,stratified_scaffold_group,10,et_90_d12,bagging,0.870600414078675,0.870600414078675,0.967215035701074,0.0848864660149617,0.0,0.8005089433547782,0.8260869565217391,0.6984126984126984,0.7622498274672187,1.0,0.8,0.0896370999980717
tdc_hia_hou,classification,1,1,stratified_scaffold_group,stratified_scaffold_group,11,et_90_leaf2,bagging,0.9064748201438848,0.9064748201438848,0.98570842077134,0.0688456244751194,0.0,0.7650412028623784,0.8333333333333334,0.8561151079136691,0.8447242206235013,1.0,0.8,0.0891656999592669
tdc_hia_hou,classification,1,2,stratified_scaffold_group,stratified_scaffold_group,11,et_90_leaf2,bagging,0.7204433497536946,0.7204433497536946,0.9429062697306826,0.0926855281892639,0.0,0.9241107592330556,0.8571428571428572,0.2672413793103448,0.562192118226601,1.0,0.8,0.0963190000038594
tdc_hia_hou,classification,1,3,stratified_scaffold_group,stratified_scaffold_group,11,et_90_leaf2,bagging,0.935472739820566,0.935472739820566,0.987152920771595,0.077799665158532,0.0,0.7407683747602859,0.8260869565217391,0.8888888888888888,0.857487922705314,1.0,0.8,0.0951850000419654
tdc_hia_hou,classification,1,1,stratified_scaffold_group,stratified_scaffold_group,12,et_120_d20_leaf2,bagging,0.9204636290967226,0.9204636290967226,0.9881980587100186,0.0692802657916044,0.0,0.7577854781450392,0.8333333333333334,0.8705035971223022,0.8519184652278178,1.0,0.8,0.114865000010468
tdc_hia_hou,classification,1,2,stratified_scaffold_group,stratified_scaffold_group,12,et_120_d20_leaf2,bagging,0.729064039408867,0.729064039408867,0.9407220071105428,0.0930813183831337,0.0,0.9155915272898189,0.8571428571428572,0.3362068965517241,0.5966748768472907,1.0,0.8,0.1270213999669067
tdc_hia_hou,classification,1,3,stratified_scaffold_group,stratified_scaffold_group,12,et_120_d20_leaf2,bagging,0.9161490683229814,0.9161490683229814,0.982308458208294,0.0815956659975008,0.0,0.7550322869179779,0.8260869565217391,0.8333333333333334,0.8297101449275363,1.0,0.8,0.1202923000091686
tdc_hia_hou,classification,1,1,stratified_scaffold_group,stratified_scaffold_group,13,histgb_lr0.05,boosting,0.8433253397282173,0.8433253397282173,0.9763589867234876,0.0793584401779909,0.0,0.9363592462874284,0.8333333333333334,0.6834532374100719,0.7583932853717026,1.0,0.8,0.7459858999936841
tdc_hia_hou,classification,1,2,stratified_scaffold_group,stratified_scaffold_group,13,histgb_lr0.05,boosting,0.8282019704433498,0.8282019704433498,0.9770094842675394,0.0944440435531094,0.0,0.975851388365319,0.8571428571428572,0.6810344827586207,0.7690886699507389,1.0,0.8,0.7882370000006631
tdc_hia_hou,classification,1,3,stratified_scaffold_group,stratified_scaffold_group,13,histgb_lr0.05,boosting,0.8409247757073844,0.8409247757073844,0.964569722182174,0.0942919620553293,0.0,0.963330592889968,0.8260869565217391,0.6031746031746031,0.7146307798481711,1.0,0.8,0.7774913000175729
tdc_hia_hou,classification,1,1,stratified_scaffold_group,stratified_scaffold_group,14,histgb_lr0.1,boosting,0.8221422861710631,0.8221422861710631,0.9728694285716158,0.0824469179832586,0.0,0.9824540454127828,0.8333333333333334,0.5755395683453237,0.7044364508393286,1.0,0.8,0.6023539999732748
tdc_hia_hou,classification,1,2,stratified_scaffold_group,stratified_scaffold_group,14,histgb_lr0.1,boosting,0.8300492610837438,0.8300492610837438,0.9767490761832074,0.100323462381941,0.0,0.9904667220477966,0.8571428571428572,0.6810344827586207,0.7690886699507389,1.0,0.8,0.7068138999748044
tdc_hia_hou,classification,1,3,stratified_scaffold_group,stratified_scaffold_group,14,histgb_lr0.1,boosting,0.8426501035196687,0.8426501035196687,0.9645600552021076,0.0945292243208279,0.0,0.9751126152202668,0.8260869565217391,0.6507936507936508,0.738440303657695,1.0,0.8,0.6211017000023276
tdc_hia_hou,classification,1,1,stratified_scaffold_group,stratified_scaffold_group,15,gb_lr0.05_d2,boosting,0.8269384492406076,0.8269384492406076,0.9706901424371313,0.0744722622092377,0.0,0.9330933083271504,0.8333333333333334,0.6402877697841727,0.7368105515587531,1.0,0.8,0.1741834999993443
tdc_hia_hou,classification,1,2,stratified_scaffold_group,stratified_scaffold_group,15,gb_lr0.05_d2,boosting,0.6961206896551724,0.6961206896551724,0.9339737215695804,0.0912131298780849,0.0,inf,1.0,0.0,0.5,1.0,0.8,0.173996600031387
tdc_hia_hou,classification,1,3,stratified_scaffold_group,stratified_scaffold_group,15,gb_lr0.05_d2,boosting,0.879399585921325,0.879399585921325,0.968405254152908,0.0843350481778482,0.0,0.8990840816492742,0.8260869565217391,0.8492063492063492,0.8376466528640442,1.0,0.8,0.1623136000125669
tdc_hia_hou,classification,1,1,stratified_scaffold_group,stratified_scaffold_group,16,gb_lr0.1_d3,boosting,0.8629096722621903,0.8629096722621903,0.9791240109354584,0.0794677860222706,0.0,0.966193730347634,0.8333333333333334,0.8129496402877698,0.8231414868105515,1.0,0.8,0.234006600046996
tdc_hia_hou,classification,1,2,stratified_scaffold_group,stratified_scaffold_group,16,gb_lr0.1_d3,boosting,0.7875615763546798,0.7875615763546798,0.9691310522358624,0.0956839646439043,0.0,0.9916626278946622,0.8571428571428572,0.5775862068965517,0.7173645320197044,1.0,0.8,0.2609997999970801
tdc_hia_hou,classification,1,3,stratified_scaffold_group,stratified_scaffold_group,16,gb_lr0.1_d3,boosting,0.847135955831608,0.847135955831608,0.9506581093166552,0.0924927974701874,0.0,0.9832581723071562,0.8695652173913043,0.6507936507936508,0.7601794340924776,1.0,0.8,0.2352903000428341
tdc_hia_hou,classification,1,1,stratified_scaffold_group,stratified_scaffold_group,17,lgbm_60_l15,boosting,0.8381294964028778,0.8381294964028778,0.9749599993064588,0.0758675227163029,0.0,0.9290377592848978,0.8333333333333334,0.7266187050359713,0.7799760191846523,1.0,0.8,0.0263364000129513
tdc_hia_hou,classification,1,2,stratified_scaffold_group,stratified_scaffold_group,17,lgbm_60_l15,boosting,0.7986453201970443,0.7986453201970443,0.9721142611350716,0.095367265470966,0.0,0.958633627785853,0.8571428571428572,0.646551724137931,0.7518472906403941,1.0,0.8,0.0271308000083081
tdc_hia_hou,classification,1,3,stratified_scaffold_group,stratified_scaffold_group,17,lgbm_60_l15,boosting,0.849896480331263,0.849896480331263,0.96685766354275,0.094285784494171,0.0,0.8980011254125676,0.8260869565217391,0.6984126984126984,0.7622498274672187,1.0,0.8,0.0210735999862663
tdc_hia_hou,classification,1,1,stratified_scaffold_group,stratified_scaffold_group,18,lgbm_90_l31,boosting,0.8269384492406076,0.8269384492406076,0.9719068790717236,0.0756235090945955,0.0,0.9581409536890528,0.8333333333333334,0.6258992805755396,0.7296163069544365,1.0,0.8,0.0330321999499574
tdc_hia_hou,classification,1,2,stratified_scaffold_group,stratified_scaffold_group,18,lgbm_90_l31,boosting,0.8251231527093597,0.8251231527093597,0.9764199949541728,0.1012295237755751,0.0,0.972443498147653,0.8571428571428572,0.6810344827586207,0.7690886699507389,1.0,0.8,0.0327106999466195
tdc_hia_hou,classification,1,3,stratified_scaffold_group,stratified_scaffold_group,18,lgbm_90_l31,boosting,0.8371290545203588,0.8371290545203588,0.96396620259204,0.0963241070817622,0.0,0.9258454295691108,0.8260869565217391,0.6904761904761905,0.7582815734989647,1.0,0.8,0.0299625999759882
tdc_hia_hou,classification,1,1,stratified_scaffold_group,stratified_scaffold_group,19,lgbm_60_l63,boosting,0.8133493205435651,0.8133493205435651,0.9670613481382104,0.0755139791618358,0.0,0.96881132250753,0.8333333333333334,0.5755395683453237,0.7044364508393286,1.0,0.8,0.0301902000210247
tdc_hia_hou,classification,1,2,stratified_scaffold_group,stratified_scaffold_group,19,lgbm_60_l63,boosting,0.8349753694581281,0.8349753694581281,0.9782487033182152,0.099339686514295,0.0,0.9679466333878324,0.8571428571428572,0.7068965517241379,0.7820197044334976,1.0,0.8,0.0355150999967008
tdc_hia_hou,classification,1,3,stratified_scaffold_group,stratified_scaffold_group,19,lgbm_60_l63,boosting,0.8291925465838509,0.8291925465838509,0.961851860007792,0.0978845555671256,0.0,0.936356451571894,0.8260869565217391,0.6666666666666666,0.7463768115942029,1.0,0.8,0.0313727000029757
tdc_hia_hou,classification,1,1,stratified_scaffold_group,stratified_scaffold_group,20,lgbm_100_leaf10,boosting,0.8836930455635491,0.8836930455635491,0.9798792682393624,0.0681208372138341,0.0,0.973701517153277,0.8333333333333334,0.8705035971223022,0.8519184652278178,1.0,0.8,0.0976848999853245
tdc_hia_hou,classification,1,2,stratified_scaffold_group,stratified_scaffold_group,20,lgbm_100_leaf10,boosting,0.7543103448275862,0.7543103448275862,0.9616768856301336,0.1075080435234699,0.0,0.9972959309489494,0.8571428571428572,0.4655172413793103,0.6613300492610837,1.0,0.8,0.0756445999722927
tdc_hia_hou,classification,1,3,stratified_scaffold_group,stratified_scaffold_group,20,lgbm_100_leaf10,boosting,0.8443754313319531,0.8443754313319531,0.9574441170092752,0.0942907673657261,0.0,0.97721002864412,0.8260869565217391,0.7380952380952381,0.7820910973084887,1.0,0.8,0.0677847000188194
tdc_hia_hou,classification,1,1,stratified_scaffold_group,stratified_scaffold_group,21,lgbm_100_leaf30,boosting,0.7649880095923262,0.7649880095923262,0.96264971893663,0.0877939631845187,0.0,0.9427442316845804,0.8333333333333334,0.5683453237410072,0.7008393285371703,1.0,0.8,0.0214294000179506
tdc_hia_hou,classification,1,2,stratified_scaffold_group,stratified_scaffold_group,21,lgbm_100_leaf30,boosting,0.7598522167487685,0.7598522167487685,0.9645687948472504,0.1071424275867724,0.0,0.9814077947724156,0.8571428571428572,0.4913793103448275,0.6742610837438424,1.0,0.8,0.023129700042773
tdc_hia_hou,classification,1,3,stratified_scaffold_group,stratified_scaffold_group,21,lgbm_100_leaf30,boosting,0.7550034506556246,0.7550034506556246,0.9433330340185718,0.1059049665843322,0.0,0.936027170083944,0.8260869565217391,0.5476190476190477,0.6868530020703933,1.0,0.8,0.0212058000033721
tdc_hia_hou,classification,1,1,stratified_scaffold_group,stratified_scaffold_group,22,lgbm_80_ff0.7,boosting,0.8005595523581136,0.8005595523581136,0.9665626607316818,0.0765639277546815,0.0,0.9749587978821908,0.8333333333333334,0.5611510791366906,0.697242206235012,1.0,0.8,0.0288143000216223
tdc_hia_hou,classification,1,2,stratified_scaffold_group,stratified_scaffold_group,22,lgbm_80_ff0.7,boosting,0.8300492610837438,0.8300492610837438,0.977238031763985,0.1007883831494071,0.0,0.972729663597398,0.8571428571428572,0.7241379310344828,0.7906403940886699,1.0,0.8,0.0330937000107951
tdc_hia_hou,classification,1,3,stratified_scaffold_group,stratified_scaffold_group,22,lgbm_80_ff0.7,boosting,0.818840579710145,0.818840579710145,0.9543731904425916,0.1000138273390876,0.0,0.9468054615601708,0.8260869565217391,0.6825396825396826,0.7543133195307108,1.0,0.8,0.0280417000176385
tdc_hia_hou,classification,1,1,stratified_scaffold_group,stratified_scaffold_group,23,lgbm_80_bag0.8,boosting,0.7689848121502798,0.7689848121502798,0.960141630466328,0.0777340518190972,0.0,0.9788318325864688,0.8333333333333334,0.460431654676259,0.6468824940047961,1.0,0.8,0.0259558000252582
tdc_hia_hou,classification,1,2,stratified_scaffold_group,stratified_scaffold_group,23,lgbm_80_bag0.8,boosting,0.7937192118226601,0.7937192118226601,0.9714091092857916,0.0970900979707907,0.0,0.9742191317068218,0.8571428571428572,0.6293103448275862,0.7432266009852218,1.0,0.8,0.0306653999723494
tdc_hia_hou,classification,1,3,stratified_scaffold_group,stratified_scaffold_group,23,lgbm_80_bag0.8,boosting,0.8385093167701864,0.8385093167701864,0.9646532328070144,0.0966456024617919,0.0,0.9234150005851982,0.8260869565217391,0.7301587301587301,0.7781228433402346,1.0,0.8,0.026343600009568
tdc_hia_hou,classification,1,1,stratified_scaffold_group,stratified_scaffold_group,24,lgbm_120_l15,boosting,0.82414068745004,0.82414068745004,0.9700393004722748,0.0741306066647888,0.0,0.9626388442089804,0.8333333333333334,0.6187050359712231,0.7260191846522782,1.0,0.8,0.036179999995511
tdc_hia_hou,classification,1,2,stratified_scaffold_group,stratified_scaffold_group,24,lgbm_120_l15,boosting,0.8208128078817734,0.8208128078817734,0.9757681915437976,0.0991680355257572,0.0,0.9752616231084988,0.8571428571428572,0.6379310344827587,0.7475369458128079,1.0,0.8,0.04045239998959
tdc_hia_hou,classification,1,3,stratified_scaffold_group,stratified_scaffold_group,24,lgbm_120_l15,boosting,0.8450655624568669,0.8450655624568669,0.9662514817321382,0.0938399996407097,0.0,0.9129272700064386,0.8260869565217391,0.7222222222222222,0.7741545893719807,1.0,0.8,0.0405399000155739
tdc_hia_hou,classification,1,1,stratified_scaffold_group,stratified_scaffold_group,25,xgb_60_d3,boosting,0.8972821742605915,0.8972821742605915,0.984810994453564,0.0663363807725207,0.0,0.9093912839889526,0.8333333333333334,0.8129496402877698,0.8231414868105515,1.0,0.8,0.039728500007186
tdc_hia_hou,classification,1,2,stratified_scaffold_group,stratified_scaffold_group,25,xgb_60_d3,boosting,0.75,0.75,0.961788078000398,0.0957343618862633,0.0,0.9690450429916382,0.8571428571428572,0.5172413793103449,0.687192118226601,1.0,0.8,0.0447999999742023
tdc_hia_hou,classification,1,3,stratified_scaffold_group,stratified_scaffold_group,25,xgb_60_d3,boosting,0.8647342995169082,0.8647342995169082,0.9578207986004444,0.0864763712907879,0.0,0.8932384848594666,0.8260869565217391,0.8650793650793651,0.8455831608005522,1.0,0.8,0.039075499982573
tdc_hia_hou,classification,1,1,stratified_scaffold_group,stratified_scaffold_group,26,xgb_80_d5,boosting,0.8760991207034372,0.8760991207034372,0.9815119550558704,0.0673033207392769,0.0,0.9383305907249452,0.8333333333333334,0.7266187050359713,0.7799760191846523,1.0,0.8,0.0552078000036999
tdc_hia_hou,classification,1,2,stratified_scaffold_group,stratified_scaffold_group,26,xgb_80_d5,boosting,0.7616995073891626,0.7616995073891626,0.9651877777456878,0.1008018201087791,0.0,0.9802907705307008,0.8571428571428572,0.5172413793103449,0.687192118226601,1.0,0.8,0.058874599984847
tdc_hia_hou,classification,1,3,stratified_scaffold_group,stratified_scaffold_group,26,xgb_80_d5,boosting,0.8795721187025535,0.8795721187025535,0.9692312026469748,0.0861522006373759,0.0,0.8969175815582275,0.8260869565217391,0.8809523809523809,0.8535196687370601,1.0,0.8,0.0510853999876417
tdc_hia_hou,classification,1,1,stratified_scaffold_group,stratified_scaffold_group,27,xgb_100_d3,boosting,0.8776978417266186,0.8776978417266186,0.9813049246512172,0.0717162298680919,0.0,0.9208826422691344,0.8333333333333334,0.7338129496402878,0.7835731414868106,1.0,0.8,0.0536298000370152
tdc_hia_hou,classification,1,2,stratified_scaffold_group,stratified_scaffold_group,27,xgb_100_d3,boosting,0.7783251231527093,0.7783251231527093,0.9674659739839512,0.0956347289019413,0.0,0.9640377163887024,0.8571428571428572,0.5948275862068966,0.7259852216748769,1.0,0.8,0.0599214999820105
tdc_hia_hou,classification,1,3,stratified_scaffold_group,stratified_scaffold_group,27,xgb_100_d3,boosting,0.8567977915804003,0.8567977915804003,0.9540823488207536,0.0805412881249761,0.0,0.9075191617012024,0.8695652173913043,0.8253968253968254,0.8474810213940649,1.0,0.8,0.0769666999694891
tdc_hia_hou,classification,1,1,stratified_scaffold_group,stratified_scaffold_group,28,xgb_60_d6,boosting,0.8669064748201439,0.8669064748201439,0.9800717655750903,0.0720126262113506,0.0,0.941923439502716,0.8333333333333334,0.7410071942446043,0.7871702637889688,1.0,0.8,0.04796570003964
tdc_hia_hou,classification,1,2,stratified_scaffold_group,stratified_scaffold_group,28,xgb_60_d6,boosting,0.7530788177339902,0.7530788177339902,0.9600831759293328,0.0999531589691479,0.0,0.9714435935020448,0.8571428571428572,0.603448275862069,0.7302955665024631,1.0,0.8,0.0488970999722369
tdc_hia_hou,classification,1,3,stratified_scaffold_group,stratified_scaffold_group,28,xgb_60_d6,boosting,0.8775017253278123,0.8775017253278123,0.9654219176483791,0.0786814256296873,0.0,0.9029764533042908,0.8260869565217391,0.8809523809523809,0.8535196687370601,1.0,0.8,0.0452777000027708
tdc_hia_hou,classification,1,1,stratified_scaffold_group,stratified_scaffold_group,29,cat_60_d4,boosting,0.864908073541167,0.864908073541167,0.9749800500465406,0.0754954136858623,0.0,0.9093001197907504,0.8333333333333334,0.7841726618705036,0.8087529976019185,1.0,0.8,0.182167200022377
tdc_hia_hou,classification,1,2,stratified_scaffold_group,stratified_scaffold_group,29,cat_60_d4,boosting,0.7850985221674878,0.7850985221674878,0.9674772820521784,0.0903865499604055,0.0,0.950439775183647,0.8571428571428572,0.6293103448275862,0.7432266009852218,1.0,0.8,0.1586195999989286
tdc_hia_hou,classification,1,3,stratified_scaffold_group,stratified_scaffold_group,29,cat_60_d4,boosting,0.8630089717046239,0.8630089717046239,0.962210019919736,0.0744089273517747,0.0,0.9358489263247276,0.8695652173913043,0.626984126984127,0.7482746721877156,1.0,0.8,0.1819970000069588
tdc_hia_hou,classification,1,1,stratified_scaffold_group,stratified_scaffold_group,30,cat_80_d6,boosting,0.916466826538769,0.916466826538769,0.9866873983133584,0.0684968611063565,0.0,0.8963419352478471,0.8333333333333334,0.8920863309352518,0.8627098321342925,1.0,0.8,0.4934830999700352
tdc_hia_hou,classification,1,2,stratified_scaffold_group,stratified_scaffold_group,30,cat_80_d6,boosting,0.7327586206896552,0.7327586206896552,0.9437632208510228,0.0901680701580712,0.0,0.9722259071381903,0.8571428571428572,0.4655172413793103,0.6613300492610837,1.0,0.8,0.4570464999997057
tdc_hia_hou,classification,1,3,stratified_scaffold_group,stratified_scaffold_group,30,cat_80_d6,boosting,0.9064872325741892,0.9064872325741892,0.9800380411395518,0.0776338753795696,0.0,0.9336523660695656,0.8260869565217391,0.746031746031746,0.7860593512767426,1.0,0.8,0.5038251999649219
tdc_hia_hou,classification,1,1,stratified_scaffold_group,stratified_scaffold_group,31,cat_100_d4,boosting,0.903277378097522,0.903277378097522,0.9851836995261308,0.0721560727285393,0.0,0.9062242727595404,0.8333333333333334,0.841726618705036,0.8375299760191847,1.0,0.8,0.397889000014402
tdc_hia_hou,classification,1,2,stratified_scaffold_group,stratified_scaffold_group,31,cat_100_d4,boosting,0.7580049261083744,0.7580049261083744,0.9603266681544076,0.0869662965053236,0.0,0.9646463451405116,0.8571428571428572,0.4482758620689655,0.6527093596059114,1.0,0.8,0.2857021000236273
tdc_hia_hou,classification,1,3,stratified_scaffold_group,stratified_scaffold_group,31,cat_100_d4,boosting,0.8716356107660456,0.8716356107660456,0.9696866696384524,0.080659008723023,0.0,0.923418403397326,0.8260869565217391,0.746031746031746,0.7860593512767426,1.0,0.8,0.3259048999752849
tdc_hia_hou,classification,1,1,stratified_scaffold_group,stratified_scaffold_group,32,cat_60_d8,boosting,0.8940847322142286,0.8940847322142286,0.9828833414254864,0.0697681274261316,0.0,0.9217720600541436,0.8888888888888888,0.7985611510791367,0.8437250199840127,1.0,0.8,0.9564767999690956
tdc_hia_hou,classification,1,2,stratified_scaffold_group,stratified_scaffold_group,32,cat_60_d8,boosting,0.7192118226600985,0.7192118226600985,0.9389681636967212,0.0876768561944366,0.0,0.9841853890833048,0.8571428571428572,0.2068965517241379,0.5320197044334976,1.0,0.8,0.6552864999976009
tdc_hia_hou,classification,1,3,stratified_scaffold_group,stratified_scaffold_group,32,cat_60_d8,boosting,0.9006211180124224,0.9006211180124224,0.9783519427343376,0.0802187729959902,0.0,0.9276827384419628,0.8260869565217391,0.7857142857142857,0.8059006211180124,1.0,0.8,0.6760056999628432
tdc_hia_hou,classification,2,1,stratified_scaffold_group,stratified_scaffold_group,1,logreg_l2_c0.1,linear,0.9878542510121456,0.9878542510121456,0.997472870763272,0.0668467200602645,0.0,0.461151756298054,0.8421052631578947,0.989010989010989,0.915558126084442,1.0,0.8,0.0025508000398986
tdc_hia_hou,classification,2,2,stratified_scaffold_group,stratified_scaffold_group,1,logreg_l2_c0.1,linear,0.7966386554621849,0.7966386554621849,0.9281737330877308,0.1215132758817158,0.0,0.817070834189383,0.8095238095238095,0.6588235294117647,0.7341736694677872,1.0,0.8,0.0018922000308521
tdc_hia_hou,classification,2,3,stratified_scaffold_group,stratified_scaffold_group,1,logreg_l2_c0.1,linear,0.9311926605504588,0.9311926605504588,0.991612079814967,0.0856925893172535,0.0,0.6991368911637231,0.8333333333333334,0.7981651376146789,0.8157492354740061,1.0,0.8,0.0018245000392198
tdc_hia_hou,classification,2,1,stratified_scaffold_group,stratified_scaffold_group,2,logreg_l2_c1,linear,0.9814921920185078,0.9814921920185078,0.9959840299582388,0.0366312458597464,0.0,0.5812456979621081,0.8421052631578947,0.989010989010989,0.915558126084442,1.0,0.8,0.00191279995488
tdc_hia_hou,classification,2,2,stratified_scaffold_group,stratified_scaffold_group,2,logreg_l2_c1,linear,0.7932773109243698,0.7932773109243698,0.927667638223677,0.1222335868189406,0.0,0.9659125857457396,0.8095238095238095,0.4588235294117647,0.6341736694677871,1.0,0.8,0.0016917000175453
tdc_hia_hou,classification,2,3,stratified_scaffold_group,stratified_scaffold_group,2,logreg_l2_c1,linear,0.9304281345565748,0.9304281345565748,0.9913139411343972,0.0644404628045935,0.0,0.8203048290588618,0.8333333333333334,0.8348623853211009,0.8340978593272171,1.0,0.8,0.0026236000121571
tdc_hia_hou,classification,2,1,stratified_scaffold_group,stratified_scaffold_group,3,logreg_l2_c10,linear,0.978021978021978,0.978021978021978,0.9951200280987852,0.0357579700212383,0.0,0.7476465978204819,0.8421052631578947,0.967032967032967,0.9045691150954308,1.0,0.8,0.0023082999978214
tdc_hia_hou,classification,2,2,stratified_scaffold_group,stratified_scaffold_group,3,logreg_l2_c10,linear,0.8005602240896358,0.8005602240896358,0.9317159297975476,0.1274763713279398,0.0,0.9959302711186154,0.8095238095238095,0.4117647058823529,0.6106442577030813,1.0,0.8,0.0018942999886348
tdc_hia_hou,classification,2,3,stratified_scaffold_group,stratified_scaffold_group,3,logreg_l2_c10,linear,0.9296636085626911,0.9296636085626911,0.9912573054261272,0.0635762124495445,0.0,0.9154862674444336,0.8333333333333334,0.8440366972477065,0.8386850152905199,1.0,0.8,0.0018988000229001
tdc_hia_hou,classification,2,1,stratified_scaffold_group,stratified_scaffold_group,4,logreg_l1_c1,linear,0.9473684210526316,0.9473684210526316,0.9873307045914604,0.0714921987785238,0.0,0.5892259824181866,0.8421052631578947,0.8791208791208791,0.8606130711393869,1.0,0.8,0.0024027000181376
tdc_hia_hou,classification,2,2,stratified_scaffold_group,stratified_scaffold_group,4,logreg_l1_c1,linear,0.7086834733893558,0.7086834733893558,0.8882232548088141,0.1396351571664818,0.0,0.9722355546737452,0.8095238095238095,0.3647058823529411,0.5871148459383754,1.0,0.8,0.0032001999788917
tdc_hia_hou,classification,2,3,stratified_scaffold_group,stratified_scaffold_group,4,logreg_l1_c1,linear,0.8692660550458715,0.8692660550458715,0.9823065006103268,0.1151903955284662,0.0,0.6629406456725273,0.8333333333333334,0.8348623853211009,0.8340978593272171,1.0,0.8,0.0019826000207103
tdc_hia_hou,classification,2,1,stratified_scaffold_group,stratified_scaffold_group,5,rf_60_sqrt,bagging,0.9540196645459804,0.9540196645459804,0.988582230583707,0.0754520202020202,0.0,0.7833333333333333,0.8421052631578947,0.8791208791208791,0.8606130711393869,1.0,0.8,0.0992108000209555
tdc_hia_hou,classification,2,2,stratified_scaffold_group,stratified_scaffold_group,5,rf_60_sqrt,bagging,0.8280112044817928,0.8280112044817928,0.9475751849343104,0.1348873165618448,0.0,0.9166666666666666,0.8571428571428572,0.6352941176470588,0.746218487394958,1.0,0.8,0.1077250000089407
tdc_hia_hou,classification,2,3,stratified_scaffold_group,stratified_scaffold_group,5,rf_60_sqrt,bagging,0.8872324159021406,0.8872324159021406,0.9820633597021896,0.0624357208448117,0.0,0.8,0.8333333333333334,0.8348623853211009,0.8340978593272171,1.0,0.8,0.1000126000144518
tdc_hia_hou,classification,2,1,stratified_scaffold_group,stratified_scaffold_group,6,rf_90_d12,bagging,0.9762868710237133,0.9762868710237133,0.994919867305454,0.0694075467591582,0.0,0.7111246048106539,0.8421052631578947,0.967032967032967,0.9045691150954308,1.0,0.8,0.1461759000085294
tdc_hia_hou,classification,2,2,stratified_scaffold_group,stratified_scaffold_group,6,rf_90_d12,bagging,0.8523809523809524,0.8523809523809524,0.960314143694442,0.1323779009375599,0.0,0.8777777777777778,0.8095238095238095,0.7176470588235294,0.7635854341736694,1.0,0.8,0.1464541999739594
tdc_hia_hou,classification,2,3,stratified_scaffold_group,stratified_scaffold_group,6,rf_90_d12,bagging,0.9220183486238532,0.9220183486238532,0.988688851821889,0.0619266867471519,0.0,0.7812617602330433,0.8333333333333334,0.8715596330275229,0.8524464831804281,1.0,0.8,0.1327554999734275
tdc_hia_hou,classification,2,1,stratified_scaffold_group,stratified_scaffold_group,7,rf_90_leaf2,bagging,0.951417004048583,0.951417004048583,0.9882074126603232,0.0760667685831793,0.0,0.6584322836370026,0.8421052631578947,0.956043956043956,0.8990746096009254,1.0,0.8,0.1450803000479936
tdc_hia_hou,classification,2,2,stratified_scaffold_group,stratified_scaffold_group,7,rf_90_leaf2,bagging,0.8459383753501402,0.8459383753501402,0.9423174290101812,0.1289738586567049,0.0,0.8133410836000144,0.8095238095238095,0.8117647058823529,0.8106442577030812,1.0,0.8,0.1534011999610811
tdc_hia_hou,classification,2,3,stratified_scaffold_group,stratified_scaffold_group,7,rf_90_leaf2,bagging,0.8990825688073395,0.8990825688073395,0.983963100984926,0.0706244142463062,0.0,0.7545197986574498,0.8333333333333334,0.8440366972477065,0.8386850152905199,1.0,0.8,0.1455462999874726
tdc_hia_hou,classification,2,1,stratified_scaffold_group,stratified_scaffold_group,8,rf_120_d20_leaf2,bagging,0.9600925390399077,0.9600925390399077,0.9909676647902554,0.0777033794495758,0.0,0.6814354419628444,0.8421052631578947,0.945054945054945,0.8935801041064199,1.0,0.8,0.1766929000150412
tdc_hia_hou,classification,2,2,stratified_scaffold_group,stratified_scaffold_group,8,rf_120_d20_leaf2,bagging,0.8442577030812326,0.8442577030812326,0.9416362826232488,0.1286958013968945,0.0,0.8314763987857726,0.9047619047619048,0.7764705882352941,0.8406162464985995,1.0,0.8,0.1753518999903462
tdc_hia_hou,classification,2,3,stratified_scaffold_group,stratified_scaffold_group,8,rf_120_d20_leaf2,bagging,0.912079510703364,0.912079510703364,0.987437562306037,0.0690064649683994,0.0,0.7612607659127234,0.8333333333333334,0.8165137614678899,0.8249235474006116,1.0,0.8,0.1876138999941758
tdc_hia_hou,classification,2,1,stratified_scaffold_group,stratified_scaffold_group,9,et_60_sqrt,bagging,0.9519953730480046,0.9519953730480046,0.9874225033856848,0.0617070707070707,0.0,0.75,0.8421052631578947,0.945054945054945,0.8935801041064199,1.0,0.8,0.064382700016722
tdc_hia_hou,classification,2,2,stratified_scaffold_group,stratified_scaffold_group,9,et_60_sqrt,bagging,0.811484593837535,0.811484593837535,0.9320724302787105,0.1348768343815513,0.0,0.95,0.9047619047619048,0.5529411764705883,0.7288515406162466,1.0,0.8,0.0628126000519841
tdc_hia_hou,classification,2,3,stratified_scaffold_group,stratified_scaffold_group,9,et_60_sqrt,bagging,0.9331039755351682,0.9331039755351682,0.9907143965795404,0.0560032139577594,0.0,0.8166666666666667,0.9166666666666666,0.8348623853211009,0.8757645259938838,1.0,0.8,0.0567621000227518
tdc_hia_hou,classification,2,1,stratified_scaffold_group,stratified_scaffold_group,10,et_90_d12,bagging,0.9606709080393292,0.9606709080393292,0.9913511243749736,0.0686816151524429,0.0,0.6517297471068376,0.8421052631578947,0.978021978021978,0.9100636205899364,1.0,0.8,0.091412300011143
tdc_hia_hou,classification,2,2,stratified_scaffold_group,stratified_scaffold_group,10,et_90_d12,bagging,0.8778711484593837,0.8778711484593837,0.9695126101420762,0.1329320030234904,0.0,0.8964762145964177,0.8095238095238095,0.7529411764705882,0.7812324929971989,1.0,0.8,0.0971462999586947
tdc_hia_hou,classification,2,3,stratified_scaffold_group,stratified_scaffold_group,10,et_90_d12,bagging,0.9449541284403667,0.9449541284403667,0.9934333499699456,0.0641566391534001,0.0,0.7328110306052494,0.8333333333333334,0.8532110091743119,0.8432721712538227,1.0,0.8,0.0932100000209175
tdc_hia_hou,classification,2,1,stratified_scaffold_group,stratified_scaffold_group,11,et_90_leaf2,bagging,0.959514170040486,0.959514170040486,0.9910609658308944,0.0665855100034106,0.0,0.7135414375036845,0.8421052631578947,0.9010989010989012,0.8716020821283978,1.0,0.8,0.0933762000058777
tdc_hia_hou,classification,2,2,stratified_scaffold_group,stratified_scaffold_group,11,et_90_leaf2,bagging,0.8481792717086835,0.8481792717086835,0.953966140341568,0.1241399364986018,0.0,0.8034535105429197,0.8095238095238095,0.8235294117647058,0.8165266106442577,1.0,0.8,0.0963745999615639
tdc_hia_hou,classification,2,3,stratified_scaffold_group,stratified_scaffold_group,11,et_90_leaf2,bagging,0.9426605504587156,0.9426605504587156,0.9932755061513454,0.0674815937154001,0.0,0.7711392458471156,0.8333333333333334,0.8165137614678899,0.8249235474006116,1.0,0.8,0.0946840000106021
tdc_hia_hou,classification,2,1,stratified_scaffold_group,stratified_scaffold_group,12,et_120_d20_leaf2,bagging,0.9589358010410644,0.9589358010410644,0.9909232505845332,0.0684550874337965,0.0,0.6822711174677826,0.8421052631578947,0.9230769230769232,0.8825910931174089,1.0,0.8,0.1066302999970503
tdc_hia_hou,classification,2,2,stratified_scaffold_group,stratified_scaffold_group,12,et_120_d20_leaf2,bagging,0.8358543417366947,0.8358543417366947,0.94724689946423,0.1270271846783099,0.0,0.817554583067338,0.8095238095238095,0.7647058823529411,0.7871148459383753,1.0,0.8,0.1303900000057183
tdc_hia_hou,classification,2,3,stratified_scaffold_group,stratified_scaffold_group,12,et_120_d20_leaf2,bagging,0.9327217125382262,0.9327217125382262,0.9918847293303767,0.0685351646326027,0.0,0.7732005174767607,0.8333333333333334,0.8165137614678899,0.8249235474006116,1.0,0.8,0.1204656999907456
tdc_hia_hou,classification,2,1,stratified_scaffold_group,stratified_scaffold_group,13,histgb_lr0.05,boosting,0.9242336610757664,0.9242336610757664,0.9840231418442816,0.0815535353578301,0.0,0.6866757282863629,0.8421052631578947,0.9010989010989012,0.8716020821283978,1.0,0.8,0.6593790000188164
tdc_hia_hou,classification,2,2,stratified_scaffold_group,stratified_scaffold_group,13,histgb_lr0.05,boosting,0.6722689075630253,0.6722689075630253,0.9073480262118816,0.1789334868181271,0.0,0.9853513345570202,0.8095238095238095,0.4823529411764706,0.6459383753501401,1.0,0.8,0.6229383000172675
tdc_hia_hou,classification,2,3,stratified_scaffold_group,stratified_scaffold_group,13,histgb_lr0.05,boosting,0.8967889908256882,0.8967889908256882,0.9781874013178404,0.0549251540259762,0.0,0.7111260849658437,0.8333333333333334,0.9174311926605504,0.8753822629969419,1.0,0.8,0.6405841000378132
tdc_hia_hou,classification,2,1,stratified_scaffold_group,stratified_scaffold_group,14,histgb_lr0.1,boosting,0.9381145170618856,0.9381145170618856,0.9870619053373716,0.0758024035572828,0.0,0.8632080598217771,0.8421052631578947,0.8791208791208791,0.8606130711393869,1.0,0.8,1.0530553000280634
tdc_hia_hou,classification,2,2,stratified_scaffold_group,stratified_scaffold_group,14,histgb_lr0.1,boosting,0.661624649859944,0.661624649859944,0.8991569569783161,0.1836176002188738,0.0,0.9962999109825996,0.9047619047619048,0.3764705882352941,0.6406162464985994,1.0,0.8,0.8319819999742322
tdc_hia_hou,classification,2,3,stratified_scaffold_group,stratified_scaffold_group,14,histgb_lr0.1,boosting,0.8891437308868502,0.8891437308868502,0.980820090880202,0.0600632827842443,0.0,0.6645638479874608,0.8333333333333334,0.8990825688073395,0.8662079510703364,1.0,0.8,0.7423198000178672
tdc_hia_hou,classification,2,1,stratified_scaffold_group,stratified_scaffold_group,15,gb_lr0.05_d2,boosting,0.8901098901098901,0.8901098901098901,0.9670947381570516,0.0797465285009669,0.0,0.9245857210555892,0.8421052631578947,0.6813186813186813,0.761711972238288,1.0,0.8,0.1827515999902971
tdc_hia_hou,classification,2,2,stratified_scaffold_group,stratified_scaffold_group,15,gb_lr0.05_d2,boosting,0.711204481792717,0.711204481792717,0.8930586394621425,0.1534873249550757,0.0,0.9617123484627492,0.8095238095238095,0.5176470588235295,0.6635854341736696,1.0,0.8,0.2021443999838084
tdc_hia_hou,classification,2,3,stratified_scaffold_group,stratified_scaffold_group,15,gb_lr0.05_d2,boosting,0.7951070336391438,0.7951070336391438,0.9615581639172138,0.0886598363823511,0.0,0.9067297126467108,0.8333333333333334,0.6605504587155964,0.7469418960244649,1.0,0.8,0.1876449999981559
tdc_hia_hou,classification,2,1,stratified_scaffold_group,stratified_scaffold_group,16,gb_lr0.1_d3,boosting,0.9115095430884904,0.9115095430884904,0.9779123774652734,0.0613317372242653,0.0,0.9710936738053408,0.8421052631578947,0.7582417582417582,0.8001735106998265,1.0,0.8,0.2720599999884143
tdc_hia_hou,classification,2,2,stratified_scaffold_group,stratified_scaffold_group,16,gb_lr0.1_d3,boosting,0.7529411764705882,0.7529411764705882,0.9045994739806588,0.1566935682596471,0.0,0.9944337800061984,0.8095238095238095,0.5058823529411764,0.657703081232493,1.0,0.8,0.2580955000012181
tdc_hia_hou,classification,2,3,stratified_scaffold_group,stratified_scaffold_group,16,gb_lr0.1_d3,boosting,0.786697247706422,0.786697247706422,0.9599590393408703,0.0907222801504278,0.0,0.976999321863354,0.8333333333333334,0.5045871559633027,0.668960244648318,1.0,0.8,0.243625900009647
tdc_hia_hou,classification,2,1,stratified_scaffold_group,stratified_scaffold_group,17,lgbm_60_l15,boosting,0.8687102371312897,0.8687102371312897,0.9683138970209026,0.0978852922625576,0.0,0.909356220259332,0.8947368421052632,0.6923076923076923,0.7935222672064777,1.0,0.8,0.0323246999760158
tdc_hia_hou,classification,2,2,stratified_scaffold_group,stratified_scaffold_group,17,lgbm_60_l15,boosting,0.672829131652661,0.672829131652661,0.8957179671737184,0.1737399116528107,0.0,0.9744884245863624,0.8095238095238095,0.4117647058823529,0.6106442577030813,1.0,0.8,0.049497700005304
tdc_hia_hou,classification,2,3,stratified_scaffold_group,stratified_scaffold_group,17,lgbm_60_l15,boosting,0.879204892966361,0.879204892966361,0.9810719047261725,0.0686476347915918,0.0,0.7794055802127267,0.8333333333333334,0.908256880733945,0.8707951070336392,1.0,0.8,0.0226679000188596
tdc_hia_hou,classification,2,1,stratified_scaffold_group,stratified_scaffold_group,18,lgbm_90_l31,boosting,0.898207056101793,0.898207056101793,0.9748301833966044,0.0840520956601281,0.0,0.9034190087216798,0.8421052631578947,0.7912087912087912,0.8166570271833429,1.0,0.8,0.1365316999726928
tdc_hia_hou,classification,2,2,stratified_scaffold_group,stratified_scaffold_group,18,lgbm_90_l31,boosting,0.6829131652661065,0.6829131652661065,0.9028972814048511,0.1759677940130288,0.0,0.9890935381063106,0.8095238095238095,0.4117647058823529,0.6106442577030813,1.0,0.8,0.0712903999956324
tdc_hia_hou,classification,2,3,stratified_scaffold_group,stratified_scaffold_group,18,lgbm_90_l31,boosting,0.900611620795107,0.900611620795107,0.9863405484314054,0.0653741419209963,0.0,0.815410880456693,0.9166666666666666,0.8715596330275229,0.8941131498470948,1.0,0.8,0.0375537000363692
tdc_hia_hou,classification,2,1,stratified_scaffold_group,stratified_scaffold_group,19,lgbm_60_l63,boosting,0.9034123770965876,0.9034123770965876,0.9751852694953788,0.0784860533569405,0.0,0.8827329564852008,0.8421052631578947,0.8021978021978022,0.8221515326778485,1.0,0.8,0.0455221000011079
tdc_hia_hou,classification,2,2,stratified_scaffold_group,stratified_scaffold_group,19,lgbm_60_l63,boosting,0.6661064425770308,0.6661064425770308,0.8833751319858194,0.1743250383914681,0.0,0.9908179239056,0.8095238095238095,0.388235294117647,0.5988795518207283,1.0,0.8,0.0530451000086031
tdc_hia_hou,classification,2,3,stratified_scaffold_group,stratified_scaffold_group,19,lgbm_60_l63,boosting,0.8876146788990826,0.8876146788990826,0.9829047963859844,0.0666355974176347,0.0,0.8241114811440421,0.9166666666666666,0.8532110091743119,0.8849388379204892,1.0,0.8,0.0423745000152848
tdc_hia_hou,classification,2,1,stratified_scaffold_group,stratified_scaffold_group,20,lgbm_100_leaf10,boosting,0.934065934065934,0.934065934065934,0.982115440046306,0.0555843116861337,0.0,0.9352390471855508,0.8421052631578947,0.8461538461538461,0.8441295546558705,1.0,0.8,0.1186631000018678
tdc_hia_hou,classification,2,2,stratified_scaffold_group,stratified_scaffold_group,20,lgbm_100_leaf10,boosting,0.6997198879551821,0.6997198879551821,0.9151417894525984,0.1888269808001253,0.0,0.9956725999620238,0.8095238095238095,0.6352941176470588,0.7224089635854342,1.0,0.8,0.1863378999987617
tdc_hia_hou,classification,2,3,stratified_scaffold_group,stratified_scaffold_group,20,lgbm_100_leaf10,boosting,0.8868501529051988,0.8868501529051988,0.98475161478321,0.0532835161785384,0.0,0.9749324295894756,0.8333333333333334,0.6972477064220184,0.7652905198776758,1.0,0.8,0.1359136000392027
tdc_hia_hou,classification,2,1,stratified_scaffold_group,stratified_scaffold_group,21,lgbm_100_leaf30,boosting,0.9190283400809716,0.9190283400809716,0.9821578952387312,0.0841810701444971,0.0,0.6509354387805366,0.8421052631578947,0.9010989010989012,0.8716020821283978,1.0,0.8,0.0377173000015318
tdc_hia_hou,classification,2,2,stratified_scaffold_group,stratified_scaffold_group,21,lgbm_100_leaf30,boosting,0.6408963585434174,0.6408963585434174,0.8719990418234939,0.1736583902608448,0.0,0.9673252367439796,0.8571428571428572,0.4705882352941176,0.6638655462184875,1.0,0.8,0.0338176999939605
tdc_hia_hou,classification,2,3,stratified_scaffold_group,stratified_scaffold_group,21,lgbm_100_leaf30,boosting,0.8983180428134557,0.8983180428134557,0.985128535511852,0.065566480358595,0.0,0.7239289793980214,0.8333333333333334,0.8807339449541285,0.857033639143731,1.0,0.8,0.0287957999971695
tdc_hia_hou,classification,2,1,stratified_scaffold_group,stratified_scaffold_group,22,lgbm_80_ff0.7,boosting,0.9051474840948524,0.9051474840948524,0.9761118308028012,0.0788438920930229,0.0,0.9033112900415782,0.8421052631578947,0.8241758241758241,0.8331405436668594,1.0,0.8,0.0327698999899439
tdc_hia_hou,classification,2,2,stratified_scaffold_group,stratified_scaffold_group,22,lgbm_80_ff0.7,boosting,0.6896358543417367,0.6896358543417367,0.9068006880995324,0.1803950423662322,0.0,0.9907276681429564,0.8095238095238095,0.4588235294117647,0.6341736694677871,1.0,0.8,0.0326541999820619
tdc_hia_hou,classification,2,3,stratified_scaffold_group,stratified_scaffold_group,22,lgbm_80_ff0.7,boosting,0.8876146788990826,0.8876146788990826,0.9846732985123284,0.0678333828208363,0.0,0.851153869026554,0.8333333333333334,0.8256880733944955,0.8295107033639144,1.0,0.8,0.0299037000513635
tdc_hia_hou,classification,2,1,stratified_scaffold_group,stratified_scaffold_group,23,lgbm_80_bag0.8,boosting,0.912087912087912,0.912087912087912,0.9793133886168268,0.0800223803390989,0.0,0.8904882567841421,0.8421052631578947,0.8131868131868132,0.8276460381723539,1.0,0.8,0.0268590000341646
tdc_hia_hou,classification,2,2,stratified_scaffold_group,stratified_scaffold_group,23,lgbm_80_bag0.8,boosting,0.6873949579831933,0.6873949579831933,0.8940879781628366,0.1805598157031371,0.0,0.9909384576674676,0.8095238095238095,0.4352941176470588,0.6224089635854342,1.0,0.8,0.0307234000065363
tdc_hia_hou,classification,2,3,stratified_scaffold_group,stratified_scaffold_group,23,lgbm_80_bag0.8,boosting,0.897553516819572,0.897553516819572,0.9857498922176908,0.0666328773382179,0.0,0.7966192186062094,0.9166666666666666,0.8807339449541285,0.8987003058103975,1.0,0.8,0.0295805999776348
tdc_hia_hou,classification,2,1,stratified_scaffold_group,stratified_scaffold_group,24,lgbm_120_l15,boosting,0.8987854251012146,0.8987854251012146,0.9751920717338152,0.0844331749448629,0.0,0.9066271152810096,0.8421052631578947,0.7802197802197802,0.8111625216888374,1.0,0.8,0.0439790000091306
tdc_hia_hou,classification,2,2,stratified_scaffold_group,stratified_scaffold_group,24,lgbm_120_l15,boosting,0.6812324929971989,0.6812324929971989,0.8998348992515655,0.1771004242844234,0.0,0.9903808487044636,0.8095238095238095,0.4117647058823529,0.6106442577030813,1.0,0.8,0.0783266000216826
tdc_hia_hou,classification,2,3,stratified_scaffold_group,stratified_scaffold_group,24,lgbm_120_l15,boosting,0.8967889908256882,0.8967889908256882,0.9847524279016576,0.0665448928185057,0.0,0.813407410608273,0.8333333333333334,0.8899082568807339,0.8616207951070336,1.0,0.8,0.054630700033158
tdc_hia_hou,classification,2,1,stratified_scaffold_group,stratified_scaffold_group,25,xgb_60_d3,boosting,0.9412955465587044,0.9412955465587044,0.9858997028586788,0.0677174718041717,0.0,0.8552610278129578,0.8421052631578947,0.8571428571428571,0.849624060150376,1.0,0.8,0.052817000017967
tdc_hia_hou,classification,2,2,stratified_scaffold_group,stratified_scaffold_group,25,xgb_60_d3,boosting,0.7383753501400561,0.7383753501400561,0.9202621154406844,0.1561772300837842,0.0,0.974547564983368,0.8095238095238095,0.5176470588235295,0.6635854341736696,1.0,0.8,0.0534918999765068
tdc_hia_hou,classification,2,3,stratified_scaffold_group,stratified_scaffold_group,25,xgb_60_d3,boosting,0.8814984709480121,0.8814984709480121,0.983685921855273,0.0640768093373341,0.0,0.8808553218841553,0.8333333333333334,0.7247706422018348,0.7790519877675841,1.0,0.8,0.0531400999752804
tdc_hia_hou,classification,2,1,stratified_scaffold_group,stratified_scaffold_group,26,xgb_80_d5,boosting,0.9410063620589936,0.9410063620589936,0.9861487493882556,0.0616806403142326,0.0,0.910283088684082,0.8421052631578947,0.8021978021978022,0.8221515326778485,1.0,0.8,0.0656914000282995
tdc_hia_hou,classification,2,2,stratified_scaffold_group,stratified_scaffold_group,26,xgb_80_d5,boosting,0.7484593837535014,0.7484593837535014,0.9188466740780232,0.1578882162544229,0.0,0.9818354845046996,0.8095238095238095,0.5058823529411764,0.657703081232493,1.0,0.8,0.0706416000030003
tdc_hia_hou,classification,2,3,stratified_scaffold_group,stratified_scaffold_group,26,xgb_80_d5,boosting,0.8952599388379207,0.8952599388379207,0.985695844570907,0.055690652883518,0.0,0.8908803462982178,0.8333333333333334,0.7889908256880734,0.8111620795107034,1.0,0.8,0.0696667000302113
tdc_hia_hou,classification,2,1,stratified_scaffold_group,stratified_scaffold_group,27,xgb_100_d3,boosting,0.9407171775592827,0.9407171775592827,0.9853382887478972,0.0690402594774471,0.0,0.8695389032363892,0.8947368421052632,0.8571428571428571,0.8759398496240601,1.0,0.8,0.0618021999835036
tdc_hia_hou,classification,2,2,stratified_scaffold_group,stratified_scaffold_group,27,xgb_100_d3,boosting,0.7103641456582633,0.7103641456582633,0.8994082650881279,0.162843528673216,0.0,0.975774347782135,0.8095238095238095,0.5529411764705883,0.6812324929971989,1.0,0.8,0.0668702999828383
tdc_hia_hou,classification,2,3,stratified_scaffold_group,stratified_scaffold_group,27,xgb_100_d3,boosting,0.8868501529051989,0.8868501529051989,0.9850081551541696,0.0628019674734342,0.0,0.8983458280563354,0.8333333333333334,0.7431192660550459,0.7882262996941896,1.0,0.8,0.0585983999771997
tdc_hia_hou,classification,2,1,stratified_scaffold_group,stratified_scaffold_group,28,xgb_60_d6,boosting,0.9485251590514748,0.9485251590514748,0.987653369445202,0.0665702712180422,0.0,0.895691990852356,0.8947368421052632,0.8791208791208791,0.8869288606130712,1.0,0.8,0.0537983000394888
tdc_hia_hou,classification,2,2,stratified_scaffold_group,stratified_scaffold_group,28,xgb_60_d6,boosting,0.7557422969187676,0.7557422969187676,0.9237652731627009,0.1588239358647987,0.0,0.9780860543251038,0.9047619047619048,0.5411764705882353,0.72296918767507,1.0,0.8,0.0545351000037044
tdc_hia_hou,classification,2,3,stratified_scaffold_group,stratified_scaffold_group,28,xgb_60_d6,boosting,0.8814984709480124,0.8814984709480124,0.9823614501714852,0.0543775008238614,0.0,0.9157791137695312,0.8333333333333334,0.7706422018348624,0.8019877675840978,1.0,0.8,0.0556499999947845
tdc_hia_hou,classification,2,1,stratified_scaffold_group,stratified_scaffold_group,29,cat_60_d4,boosting,0.924812030075188,0.924812030075188,0.97324653345528,0.0753787378633783,0.0,0.8388725384997355,0.8421052631578947,0.912087912087912,0.8770965876229033,1.0,0.8,0.2244665999896824
tdc_hia_hou,classification,2,2,stratified_scaffold_group,stratified_scaffold_group,29,cat_60_d4,boosting,0.7708683473389356,0.7708683473389356,0.9089873969655172,0.1468054595961306,0.0,0.9614814271082328,0.8095238095238095,0.3764705882352941,0.5929971988795518,1.0,0.8,0.2031459999852813
tdc_hia_hou,classification,2,3,stratified_scaffold_group,stratified_scaffold_group,29,cat_60_d4,boosting,0.9067278287461774,0.9067278287461774,0.9884916147991868,0.064449976084572,0.0,0.8187244044208168,0.8333333333333334,0.8807339449541285,0.857033639143731,1.0,0.8,0.254493199987337
tdc_hia_hou,classification,2,1,stratified_scaffold_group,stratified_scaffold_group,30,cat_80_d6,boosting,0.9398496240601504,0.9398496240601504,0.9857449476548458,0.0654647025306118,0.0,0.8862530823487412,0.8421052631578947,0.8681318681318682,0.8551185656448814,1.0,0.8,0.5304406000068411
tdc_hia_hou,classification,2,2,stratified_scaffold_group,stratified_scaffold_group,30,cat_80_d6,boosting,0.7904761904761904,0.7904761904761904,0.933469856807738,0.1516163714739647,0.0,0.9632844315971164,0.8095238095238095,0.5882352941176471,0.6988795518207283,1.0,0.8,0.4915601999964565
tdc_hia_hou,classification,2,3,stratified_scaffold_group,stratified_scaffold_group,30,cat_80_d6,boosting,0.9235474006116208,0.9235474006116208,0.9908529625874308,0.0547201365852674,0.0,0.9000394792490604,0.8333333333333334,0.7706422018348624,0.8019877675840978,1.0,0.8,0.5063549999613315
tdc_hia_hou,classification,2,1,stratified_scaffold_group,stratified_scaffold_group,31,cat_100_d4,boosting,0.9352226720647774,0.9352226720647774,0.9833187169748832,0.0684110457270456,0.0,0.8873438722097022,0.8421052631578947,0.8571428571428571,0.849624060150376,1.0,0.8,0.3035956000094302
tdc_hia_hou,classification,2,2,stratified_scaffold_group,stratified_scaffold_group,31,cat_100_d4,boosting,0.7820728291316527,0.7820728291316527,0.9283611068511912,0.1497524974890343,0.0,0.9583855143224126,0.8095238095238095,0.5411764705882353,0.6753501400560225,1.0,0.8,0.3082441000151448
tdc_hia_hou,classification,2,3,stratified_scaffold_group,stratified_scaffold_group,31,cat_100_d4,boosting,0.8868501529051988,0.8868501529051988,0.9857380818700796,0.0626522921457359,0.0,0.9003956932885203,0.8333333333333334,0.6880733944954128,0.7607033639143731,1.0,0.8,0.3387143000145443
tdc_hia_hou,classification,2,1,stratified_scaffold_group,stratified_scaffold_group,32,cat_60_d8,boosting,0.949681897050318,0.949681897050318,0.9874767939752472,0.0717868210706805,0.0,0.8020531978888675,0.8421052631578947,0.989010989010989,0.915558126084442,1.0,0.8,0.8779080000240356
tdc_hia_hou,classification,2,2,stratified_scaffold_group,stratified_scaffold_group,32,cat_60_d8,boosting,0.8436974789915966,0.8436974789915966,0.9535435093868208,0.1539574969693086,0.0,0.9592335202309212,0.8095238095238095,0.7176470588235294,0.7635854341736694,1.0,0.8,0.6790304000023752
tdc_hia_hou,classification,2,3,stratified_scaffold_group,stratified_scaffold_group,32,cat_60_d8,boosting,0.8470948012232417,0.8470948012232417,0.9763514856937718,0.0548284445872147,0.0,0.9387431197437964,0.8333333333333334,0.5779816513761468,0.7056574923547401,1.0,0.8,0.6841495999833569
tdc_hia_hou,classification,3,1,stratified_scaffold_group,stratified_scaffold_group,1,logreg_l2_c0.1,linear,0.7056623931623931,0.7056623931623931,0.9462969443101624,0.1346121315217066,0.0,0.7830032831422193,0.8125,0.5128205128205128,0.6626602564102564,1.0,0.8,0.0031316999811679
tdc_hia_hou,classification,3,2,stratified_scaffold_group,stratified_scaffold_group,1,logreg_l2_c0.1,linear,0.8695652173913043,0.8695652173913043,0.9791139149840236,0.0941149702327508,0.0,0.7166705859128322,0.8,0.8,0.8,1.0,0.8,0.0021202000207267
tdc_hia_hou,classification,3,3,stratified_scaffold_group,stratified_scaffold_group,1,logreg_l2_c0.1,linear,0.8649237472766884,0.8649237472766884,0.9707161651036844,0.1190699240523676,0.0,0.6691844691973196,0.8333333333333334,0.7156862745098039,0.7745098039215687,1.0,0.8,0.0021543999901041
tdc_hia_hou,classification,3,1,stratified_scaffold_group,stratified_scaffold_group,2,logreg_l2_c1,linear,0.6949786324786325,0.6949786324786325,0.9451511379662128,0.1248592113678475,0.0,0.9142100838112662,0.8125,0.5726495726495726,0.6925747863247863,1.0,0.8,0.0024748999858275
tdc_hia_hou,classification,3,2,stratified_scaffold_group,stratified_scaffold_group,2,logreg_l2_c1,linear,0.8371014492753625,0.8371014492753625,0.9719046663074948,0.0836176431143079,0.0,0.9052088904564884,0.8,0.7304347826086957,0.7652173913043478,1.0,0.8,0.002472200023476
tdc_hia_hou,classification,3,3,stratified_scaffold_group,stratified_scaffold_group,2,logreg_l2_c1,linear,0.8687363834422658,0.8687363834422658,0.9698950021746074,0.1066784564327749,0.0,0.8188840904306345,0.8333333333333334,0.7549019607843137,0.7941176470588236,1.0,0.8,0.002510699967388
tdc_hia_hou,classification,3,1,stratified_scaffold_group,stratified_scaffold_group,3,logreg_l2_c10,linear,0.6858974358974359,0.6858974358974359,0.9428581467242044,0.1274248204690954,0.0,0.9842176347608396,0.8125,0.5726495726495726,0.6925747863247863,1.0,0.8,0.0027801000396721
tdc_hia_hou,classification,3,2,stratified_scaffold_group,stratified_scaffold_group,3,logreg_l2_c10,linear,0.817391304347826,0.817391304347826,0.9689178250384292,0.0916227244711893,0.0,0.9845819692324842,0.8,0.6521739130434783,0.7260869565217392,1.0,0.8,0.0028473000274971
tdc_hia_hou,classification,3,3,stratified_scaffold_group,stratified_scaffold_group,3,logreg_l2_c10,linear,0.8649237472766884,0.8649237472766884,0.9690291330347054,0.1145683252216732,0.0,0.9341296104479382,0.8333333333333334,0.7647058823529411,0.7990196078431373,1.0,0.8,0.0030895000090822
tdc_hia_hou,classification,3,1,stratified_scaffold_group,stratified_scaffold_group,4,logreg_l1_c1,linear,0.6981837606837606,0.6981837606837606,0.950247101528934,0.148270773915434,0.0,0.9057635939682256,0.8125,0.5726495726495726,0.6925747863247863,1.0,0.8,0.0033129000221379
tdc_hia_hou,classification,3,2,stratified_scaffold_group,stratified_scaffold_group,4,logreg_l1_c1,linear,0.8469565217391304,0.8469565217391304,0.976600568235806,0.0931648228261019,0.0,0.7842419464245227,0.8,0.808695652173913,0.8043478260869565,1.0,0.8,0.0032447999692521
tdc_hia_hou,classification,3,3,stratified_scaffold_group,stratified_scaffold_group,4,logreg_l1_c1,linear,0.8671023965141613,0.8671023965141613,0.9725709722457886,0.117836126961604,0.0,0.8393441114011415,0.8888888888888888,0.6470588235294118,0.7679738562091503,1.0,0.8,0.0033173999981954
tdc_hia_hou,classification,3,1,stratified_scaffold_group,stratified_scaffold_group,5,rf_60_sqrt,bagging,0.749465811965812,0.749465811965812,0.9535536742313332,0.0952046783625731,0.0,0.9166666666666666,0.8125,0.4786324786324786,0.6455662393162394,1.0,0.8,0.1316939999815076
tdc_hia_hou,classification,3,2,stratified_scaffold_group,stratified_scaffold_group,5,rf_60_sqrt,bagging,0.8481159420289855,0.8481159420289855,0.972972565644768,0.0826923076923076,0.0,0.8333333333333334,0.8,0.7739130434782608,0.7869565217391304,1.0,0.8,0.1273277999716811
tdc_hia_hou,classification,3,3,stratified_scaffold_group,stratified_scaffold_group,5,rf_60_sqrt,bagging,0.8278867102396514,0.8278867102396514,0.9525787485903254,0.0914791666666666,0.0,0.9,0.8333333333333334,0.4901960784313725,0.6617647058823529,1.0,0.8,0.1269232999766245
tdc_hia_hou,classification,3,1,stratified_scaffold_group,stratified_scaffold_group,6,rf_90_d12,bagging,0.8231837606837608,0.8231837606837608,0.9710557124476396,0.090122979473189,0.0,0.8575713254518921,0.8125,0.6153846153846154,0.7139423076923077,1.0,0.8,0.1839793000253848
tdc_hia_hou,classification,3,2,stratified_scaffold_group,stratified_scaffold_group,6,rf_90_d12,bagging,0.8544927536231883,0.8544927536231883,0.977186301246557,0.0843709097416186,0.0,0.7948482781702778,0.8,0.8260869565217391,0.8130434782608695,1.0,0.8,0.1876865999656729
tdc_hia_hou,classification,3,3,stratified_scaffold_group,stratified_scaffold_group,6,rf_90_d12,bagging,0.8066448801742918,0.8066448801742918,0.943904984035168,0.0973426499369403,0.0,0.8855226370421336,0.8333333333333334,0.3529411764705882,0.5931372549019608,1.0,0.8,0.1831802999950014
tdc_hia_hou,classification,3,1,stratified_scaffold_group,stratified_scaffold_group,7,rf_90_leaf2,bagging,0.7612179487179487,0.7612179487179487,0.9540094519729287,0.0990698151570216,0.0,0.8348999342457101,0.8125,0.5213675213675214,0.6669337606837606,1.0,0.8,0.1748900000238791
tdc_hia_hou,classification,3,2,stratified_scaffold_group,stratified_scaffold_group,7,rf_90_leaf2,bagging,0.88,0.88,0.9761129746134654,0.0847578125641318,0.0,0.7018663947041894,0.8,0.9130434782608696,0.8565217391304347,1.0,0.8,0.1801582000334747
tdc_hia_hou,classification,3,3,stratified_scaffold_group,stratified_scaffold_group,7,rf_90_leaf2,bagging,0.8028322440087146,0.8028322440087146,0.9426275806040314,0.1052155325975138,0.0,0.8540316571120786,0.8888888888888888,0.3431372549019608,0.6160130718954249,1.0,0.8,0.1878193999873474
tdc_hia_hou,classification,3,1,stratified_scaffold_group,stratified_scaffold_group,8,rf_120_d20_leaf2,bagging,0.7596153846153846,0.7596153846153846,0.952487480201643,0.0975181963736861,0.0,0.8441787445688533,0.8125,0.4871794871794871,0.6498397435897436,1.0,0.8,0.1715821999823674
tdc_hia_hou,classification,3,2,stratified_scaffold_group,stratified_scaffold_group,8,rf_120_d20_leaf2,bagging,0.8840579710144927,0.8840579710144927,0.97924576762202,0.0838079227337142,0.0,0.7217486856460689,0.8,0.9130434782608696,0.8565217391304347,1.0,0.8,0.1873834999860264
tdc_hia_hou,classification,3,3,stratified_scaffold_group,stratified_scaffold_group,8,rf_120_d20_leaf2,bagging,0.8050108932461874,0.8050108932461874,0.946682483534936,0.1035525135877971,0.0,0.854227059943211,0.8333333333333334,0.3725490196078431,0.6029411764705883,1.0,0.8,0.1704564999672584
tdc_hia_hou,classification,3,1,stratified_scaffold_group,stratified_scaffold_group,9,et_60_sqrt,bagging,0.7286324786324787,0.7286324786324787,0.9449682810362842,0.0936758563074352,0.0,0.95,0.875,0.2905982905982906,0.5827991452991453,1.0,0.8,0.0767380999750457
tdc_hia_hou,classification,3,2,stratified_scaffold_group,stratified_scaffold_group,9,et_60_sqrt,bagging,0.8588405797101448,0.8588405797101448,0.9712568986497216,0.075809829059829,0.0,0.85,0.8,0.8173913043478261,0.808695652173913,1.0,0.8,0.0567006000201217
tdc_hia_hou,classification,3,3,stratified_scaffold_group,stratified_scaffold_group,9,et_60_sqrt,bagging,0.8118191721132898,0.8118191721132898,0.9466445068084706,0.0939236111111111,0.0,0.9333333333333332,0.8333333333333334,0.4215686274509804,0.6274509803921569,1.0,0.8,0.0669797000009566
tdc_hia_hou,classification,3,1,stratified_scaffold_group,stratified_scaffold_group,10,et_90_d12,bagging,0.7457264957264957,0.7457264957264957,0.9544052759551386,0.102258099267082,0.0,0.8068528416092733,0.8125,0.6324786324786325,0.7224893162393162,1.0,0.8,0.0862010000273585
tdc_hia_hou,classification,3,2,stratified_scaffold_group,stratified_scaffold_group,10,et_90_d12,bagging,0.9257971014492754,0.9257971014492754,0.9901197432061362,0.0799368539338137,0.0,0.7033373780221777,0.8,0.8956521739130435,0.8478260869565217,1.0,0.8,0.0917959000216797
tdc_hia_hou,classification,3,3,stratified_scaffold_group,stratified_scaffold_group,10,et_90_d12,bagging,0.8120915032679739,0.8120915032679739,0.9523595025678716,0.100529972807263,0.0,0.8607306040233715,0.8333333333333334,0.4117647058823529,0.6225490196078431,1.0,0.8,0.0878179999999702
tdc_hia_hou,classification,3,1,stratified_scaffold_group,stratified_scaffold_group,11,et_90_leaf2,bagging,0.7435897435897435,0.7435897435897435,0.950955024835732,0.0993017780141819,0.0,0.8766265740946504,0.8125,0.4188034188034188,0.6156517094017094,1.0,0.8,0.0882623000070452
tdc_hia_hou,classification,3,2,stratified_scaffold_group,stratified_scaffold_group,11,et_90_leaf2,bagging,0.8666666666666667,0.8666666666666667,0.9759093291859192,0.0794226625163593,0.0,0.732496530617227,0.8,0.8695652173913043,0.8347826086956522,1.0,0.8,0.0936591000063344
tdc_hia_hou,classification,3,3,stratified_scaffold_group,stratified_scaffold_group,11,et_90_leaf2,bagging,0.829520697167756,0.829520697167756,0.9521310662456606,0.1000561966603072,0.0,0.8103405413428939,0.8333333333333334,0.6176470588235294,0.7254901960784315,1.0,0.8,0.0985947999870404
tdc_hia_hou,classification,3,1,stratified_scaffold_group,stratified_scaffold_group,12,et_120_d20_leaf2,bagging,0.7633547008547008,0.7633547008547008,0.9575750903106914,0.0993095372754603,0.0,0.8605552924280998,0.8125,0.4786324786324786,0.6455662393162394,1.0,0.8,0.1123731000116095
tdc_hia_hou,classification,3,2,stratified_scaffold_group,stratified_scaffold_group,12,et_120_d20_leaf2,bagging,0.8718840579710145,0.8718840579710145,0.9800623884287252,0.0822373131621661,0.0,0.7445035542273203,0.8,0.8347826086956521,0.817391304347826,1.0,0.8,0.1098463999805972
tdc_hia_hou,classification,3,3,stratified_scaffold_group,stratified_scaffold_group,12,et_120_d20_leaf2,bagging,0.8425925925925927,0.8425925925925927,0.959821818279112,0.0982751608635887,0.0,0.8120007538394162,0.8333333333333334,0.5980392156862745,0.7156862745098039,1.0,0.8,0.1042401000158861
tdc_hia_hou,classification,3,1,stratified_scaffold_group,stratified_scaffold_group,13,histgb_lr0.05,boosting,0.6736111111111112,0.6736111111111112,0.9422050820755316,0.1402352492492636,0.0,0.9658182609996144,0.8125,0.5470085470085471,0.6797542735042735,1.0,0.8,0.7108349000336602
tdc_hia_hou,classification,3,2,stratified_scaffold_group,stratified_scaffold_group,13,histgb_lr0.05,boosting,0.7478260869565216,0.7478260869565216,0.9547601557074208,0.0883264643420962,0.0,0.9567513684634325,0.8,0.6173913043478261,0.7086956521739131,1.0,0.8,0.7869952999753878
tdc_hia_hou,classification,3,3,stratified_scaffold_group,stratified_scaffold_group,13,histgb_lr0.05,boosting,0.883442265795207,0.883442265795207,0.9768708170085236,0.0916358267623835,0.0,0.8899239678325502,0.8333333333333334,0.803921568627451,0.8186274509803921,1.0,0.8,0.8005266999825835
tdc_hia_hou,classification,3,1,stratified_scaffold_group,stratified_scaffold_group,14,histgb_lr0.1,boosting,0.6965811965811965,0.6965811965811965,0.945682430247292,0.1488911071180853,0.0,0.9725078485337166,0.8125,0.6495726495726496,0.7310363247863247,1.0,0.8,0.5498014999902807
tdc_hia_hou,classification,3,2,stratified_scaffold_group,stratified_scaffold_group,14,histgb_lr0.1,boosting,0.7356521739130435,0.7356521739130435,0.9492913046227182,0.0905367706981533,0.0,0.9790781445724684,0.8,0.6086956521739131,0.7043478260869566,1.0,0.8,0.5781504999613389
tdc_hia_hou,classification,3,3,stratified_scaffold_group,stratified_scaffold_group,14,histgb_lr0.1,boosting,0.8785403050108932,0.8785403050108932,0.9763403619123404,0.096485881712282,0.0,0.9050758784743702,0.8333333333333334,0.8137254901960784,0.8235294117647058,1.0,0.8,0.5634876999538392
tdc_hia_hou,classification,3,1,stratified_scaffold_group,stratified_scaffold_group,15,gb_lr0.05_d2,boosting,0.7176816239316239,0.7176816239316239,0.9503498982916192,0.1044610898994201,0.0,0.9292306305839192,0.8125,0.6239316239316239,0.718215811965812,1.0,0.8,0.1475610000197775
tdc_hia_hou,classification,3,2,stratified_scaffold_group,stratified_scaffold_group,15,gb_lr0.05_d2,boosting,0.8092753623188405,0.8092753623188405,0.9606710684870082,0.0801306938336566,0.0,0.912907021113865,0.8,0.6869565217391305,0.7434782608695653,1.0,0.8,0.1504567000083625
tdc_hia_hou,classification,3,3,stratified_scaffold_group,stratified_scaffold_group,15,gb_lr0.05_d2,boosting,0.789760348583878,0.789760348583878,0.9511804730634176,0.1043178444091766,0.0,0.9371484213811052,0.8333333333333334,0.4509803921568627,0.6421568627450981,1.0,0.8,0.1488939999835565
tdc_hia_hou,classification,3,1,stratified_scaffold_group,stratified_scaffold_group,16,gb_lr0.1_d3,boosting,0.7216880341880342,0.7216880341880342,0.95308522506668,0.1257182436921019,0.0,0.9782202354054036,0.8125,0.5470085470085471,0.6797542735042735,1.0,0.8,0.2265460999915376
tdc_hia_hou,classification,3,2,stratified_scaffold_group,stratified_scaffold_group,16,gb_lr0.1_d3,boosting,0.8040579710144928,0.8040579710144928,0.9512528040809128,0.0826610130645466,0.0,0.9635878227901108,0.8,0.6869565217391305,0.7434782608695653,1.0,0.8,0.2161519000073894
tdc_hia_hou,classification,3,3,stratified_scaffold_group,stratified_scaffold_group,16,gb_lr0.1_d3,boosting,0.7867647058823528,0.7867647058823528,0.9524613293351446,0.1163811773664821,0.0,0.9799000053625284,0.8333333333333334,0.4215686274509804,0.6274509803921569,1.0,0.8,0.2191886000218801
tdc_hia_hou,classification,3,1,stratified_scaffold_group,stratified_scaffold_group,17,lgbm_60_l15,boosting,0.6858974358974359,0.6858974358974359,0.9431598469002442,0.1103183516683415,0.0,0.961948469632826,0.8125,0.4871794871794871,0.6498397435897436,1.0,0.8,0.0219428000273183
tdc_hia_hou,classification,3,2,stratified_scaffold_group,stratified_scaffold_group,17,lgbm_60_l15,boosting,0.8220289855072465,0.8220289855072465,0.9638349039929216,0.0826487526986466,0.0,0.8960387997934459,0.8,0.7391304347826086,0.7695652173913043,1.0,0.8,0.0202187000541016
tdc_hia_hou,classification,3,3,stratified_scaffold_group,stratified_scaffold_group,17,lgbm_60_l15,boosting,0.8562091503267973,0.8562091503267973,0.9717008081492936,0.0968951279106467,0.0,0.8615462564871219,0.8333333333333334,0.7450980392156863,0.7892156862745099,1.0,0.8,0.0211591999977827
tdc_hia_hou,classification,3,1,stratified_scaffold_group,stratified_scaffold_group,18,lgbm_90_l31,boosting,0.6917735042735044,0.6917735042735044,0.9393312580229272,0.1079875462586105,0.0,0.9794682168218916,0.8125,0.4957264957264957,0.6541132478632479,1.0,0.8,0.0425560000003315
tdc_hia_hou,classification,3,2,stratified_scaffold_group,stratified_scaffold_group,18,lgbm_90_l31,boosting,0.8168115942028985,0.8168115942028985,0.9612394336422452,0.0791746496460758,0.0,0.924706033869972,0.8666666666666667,0.7130434782608696,0.7898550724637681,1.0,0.8,0.0305099000106565
tdc_hia_hou,classification,3,3,stratified_scaffold_group,stratified_scaffold_group,18,lgbm_90_l31,boosting,0.8513071895424836,0.8513071895424836,0.9704458021315132,0.099710066408769,0.0,0.9042577593394244,0.8333333333333334,0.7156862745098039,0.7745098039215687,1.0,0.8,0.0268778000026941
tdc_hia_hou,classification,3,1,stratified_scaffold_group,stratified_scaffold_group,19,lgbm_60_l63,boosting,0.7136752136752137,0.7136752136752137,0.94808887789366,0.1076690715279567,0.0,0.970453185844552,0.8125,0.5811965811965812,0.6968482905982907,1.0,0.8,0.0215119000058621
tdc_hia_hou,classification,3,2,stratified_scaffold_group,stratified_scaffold_group,19,lgbm_60_l63,boosting,0.8446376811594203,0.8446376811594203,0.9735153345376636,0.0805669674031556,0.0,0.9128230026248708,0.8666666666666667,0.782608695652174,0.8246376811594203,1.0,0.8,0.021485700039193
tdc_hia_hou,classification,3,3,stratified_scaffold_group,stratified_scaffold_group,19,lgbm_60_l63,boosting,0.85239651416122,0.85239651416122,0.9704877871560128,0.0947493440263935,0.0,0.8915908065510137,0.8333333333333334,0.7549019607843137,0.7941176470588236,1.0,0.8,0.0226537000271491
tdc_hia_hou,classification,3,1,stratified_scaffold_group,stratified_scaffold_group,20,lgbm_100_leaf10,boosting,0.7489316239316239,0.7489316239316239,0.9609820328993156,0.1229382330861824,0.0,0.982429329803914,0.8125,0.6666666666666666,0.7395833333333333,1.0,0.8,0.0644917000317946
tdc_hia_hou,classification,3,2,stratified_scaffold_group,stratified_scaffold_group,20,lgbm_100_leaf10,boosting,0.816231884057971,0.816231884057971,0.9630620226715672,0.0814274936146744,0.0,0.982094604798929,0.8,0.7043478260869566,0.7521739130434784,1.0,0.8,0.0607340999995358
tdc_hia_hou,classification,3,3,stratified_scaffold_group,stratified_scaffold_group,20,lgbm_100_leaf10,boosting,0.8845315904139434,0.8845315904139434,0.976050521116243,0.0778585621071386,0.0,0.9845033163925072,0.8888888888888888,0.6764705882352942,0.7826797385620915,1.0,0.8,0.0587412000168114
tdc_hia_hou,classification,3,1,stratified_scaffold_group,stratified_scaffold_group,21,lgbm_100_leaf30,boosting,0.6591880341880342,0.6591880341880342,0.936068369978802,0.1111829132845213,0.0,0.944024822505352,0.8125,0.4786324786324786,0.6455662393162394,1.0,0.8,0.0201668000081554
tdc_hia_hou,classification,3,2,stratified_scaffold_group,stratified_scaffold_group,21,lgbm_100_leaf30,boosting,0.8927536231884058,0.8927536231884058,0.9836080168162564,0.0776383683753521,0.0,0.8272187269402942,0.8,0.9043478260869564,0.8521739130434782,1.0,0.8,0.0200961999944411
tdc_hia_hou,classification,3,3,stratified_scaffold_group,stratified_scaffold_group,21,lgbm_100_leaf30,boosting,0.7799564270152506,0.7799564270152506,0.9529709550369484,0.106181154164501,0.0,0.9313013686282838,0.8333333333333334,0.5098039215686274,0.6715686274509804,1.0,0.8,0.0187865999760106
tdc_hia_hou,classification,3,1,stratified_scaffold_group,stratified_scaffold_group,22,lgbm_80_ff0.7,boosting,0.6506410256410257,0.6506410256410257,0.9349247035918872,0.116186436558171,0.0,0.986317655698715,0.8125,0.4102564102564102,0.6113782051282051,1.0,0.8,0.0244094000081531
tdc_hia_hou,classification,3,2,stratified_scaffold_group,stratified_scaffold_group,22,lgbm_80_ff0.7,boosting,0.8527536231884059,0.8527536231884059,0.973587305123201,0.0748584316100422,0.0,0.9204723971920924,0.8,0.7652173913043478,0.782608695652174,1.0,0.8,0.0217246999964118
tdc_hia_hou,classification,3,3,stratified_scaffold_group,stratified_scaffold_group,22,lgbm_80_ff0.7,boosting,0.8496732026143792,0.8496732026143792,0.9700718763951066,0.0981191090116389,0.0,0.9146735187450968,0.8333333333333334,0.6764705882352942,0.7549019607843137,1.0,0.8,0.0237423999933525
tdc_hia_hou,classification,3,1,stratified_scaffold_group,stratified_scaffold_group,23,lgbm_80_bag0.8,boosting,0.688034188034188,0.688034188034188,0.9411824999717632,0.1076315290343423,0.0,0.9875330448270292,0.8125,0.376068376068376,0.594284188034188,1.0,0.8,0.0298673000070266
tdc_hia_hou,classification,3,2,stratified_scaffold_group,stratified_scaffold_group,23,lgbm_80_bag0.8,boosting,0.8649275362318841,0.8649275362318841,0.9761890425397746,0.0757870079690977,0.0,0.9403529010493612,0.9333333333333332,0.7739130434782608,0.8536231884057971,1.0,0.8,0.038487400044687
tdc_hia_hou,classification,3,3,stratified_scaffold_group,stratified_scaffold_group,23,lgbm_80_bag0.8,boosting,0.8556644880174292,0.8556644880174292,0.970565493162852,0.0997550738098909,0.0,0.8361067510140603,0.8333333333333334,0.8333333333333334,0.8333333333333334,1.0,0.8,0.0310784999746829
tdc_hia_hou,classification,3,1,stratified_scaffold_group,stratified_scaffold_group,24,lgbm_120_l15,boosting,0.6923076923076923,0.6923076923076923,0.9410148634274296,0.1084406641379082,0.0,0.9819743336331992,0.8125,0.4957264957264957,0.6541132478632479,1.0,0.8,0.0441798999672755
tdc_hia_hou,classification,3,2,stratified_scaffold_group,stratified_scaffold_group,24,lgbm_120_l15,boosting,0.8284057971014493,0.8284057971014493,0.9681165509131936,0.0768664833489535,0.0,0.9175279538618186,0.8,0.7304347826086957,0.7652173913043478,1.0,0.8,0.0352138000307604
tdc_hia_hou,classification,3,3,stratified_scaffold_group,stratified_scaffold_group,24,lgbm_120_l15,boosting,0.8671023965141612,0.8671023965141612,0.9743078045591737,0.0956952908881139,0.0,0.8900808291795832,0.8333333333333334,0.7450980392156863,0.7892156862745099,1.0,0.8,0.0358964999904856
tdc_hia_hou,classification,3,1,stratified_scaffold_group,stratified_scaffold_group,25,xgb_60_d3,boosting,0.7542735042735043,0.7542735042735043,0.9592218187858256,0.099111528894235,0.0,0.9316816329956056,0.8125,0.5470085470085471,0.6797542735042735,1.0,0.8,0.0408831000095233
tdc_hia_hou,classification,3,2,stratified_scaffold_group,stratified_scaffold_group,25,xgb_60_d3,boosting,0.8243478260869566,0.8243478260869566,0.961206850573586,0.0793233708661371,0.0,0.8042201995849609,0.8,0.9391304347826088,0.8695652173913044,1.0,0.8,0.0430971999885514
tdc_hia_hou,classification,3,3,stratified_scaffold_group,stratified_scaffold_group,25,xgb_60_d3,boosting,0.8589324618736384,0.8589324618736384,0.9704376081132492,0.0887619702911577,0.0,0.9006600379943848,0.8333333333333334,0.7254901960784313,0.7794117647058824,1.0,0.8,0.0401472000521607
tdc_hia_hou,classification,3,1,stratified_scaffold_group,stratified_scaffold_group,26,xgb_80_d5,boosting,0.7441239316239316,0.7441239316239316,0.9598371174725416,0.104719450378415,0.0,0.9551721215248108,0.8125,0.5811965811965812,0.6968482905982907,1.0,0.8,0.0504455000045709
tdc_hia_hou,classification,3,2,stratified_scaffold_group,stratified_scaffold_group,26,xgb_80_d5,boosting,0.8371014492753623,0.8371014492753623,0.9606711445272887,0.0753411692795117,0.0,0.8573298454284668,0.8,0.9130434782608696,0.8565217391304347,1.0,0.8,0.0522103999974206
tdc_hia_hou,classification,3,3,stratified_scaffold_group,stratified_scaffold_group,26,xgb_80_d5,boosting,0.8730936819172113,0.8730936819172113,0.9743045947436352,0.0855577188117364,0.0,0.9102584719657898,0.8333333333333334,0.7254901960784313,0.7794117647058824,1.0,0.8,0.0525606000446714
tdc_hia_hou,classification,3,1,stratified_scaffold_group,stratified_scaffold_group,27,xgb_100_d3,boosting,0.7398504273504274,0.7398504273504274,0.9572243434224732,0.1023958386797237,0.0,0.9337524771690368,0.8125,0.5897435897435898,0.7011217948717949,1.0,0.8,0.0488745000329799
tdc_hia_hou,classification,3,2,stratified_scaffold_group,stratified_scaffold_group,27,xgb_100_d3,boosting,0.856231884057971,0.856231884057971,0.9733827667655892,0.0749412128397905,0.0,0.8158203959465027,0.8,0.9217391304347826,0.8608695652173913,1.0,0.8,0.0524827999761328
tdc_hia_hou,classification,3,3,stratified_scaffold_group,stratified_scaffold_group,27,xgb_100_d3,boosting,0.8643790849673203,0.8643790849673203,0.9718834353208178,0.0863719628165138,0.0,0.9053513407707214,0.8333333333333334,0.7450980392156863,0.7892156862745099,1.0,0.8,0.0506938000326044
tdc_hia_hou,classification,3,1,stratified_scaffold_group,stratified_scaffold_group,28,xgb_60_d6,boosting,0.7735042735042736,0.7735042735042736,0.9647441472325436,0.1016110674013207,0.0,0.947252094745636,0.8125,0.6495726495726496,0.7310363247863247,1.0,0.8,0.0453046999755315
tdc_hia_hou,classification,3,2,stratified_scaffold_group,stratified_scaffold_group,28,xgb_60_d6,boosting,0.8365217391304347,0.8365217391304347,0.9511543390976476,0.0730311436440227,0.0,0.8993146419525146,0.8,0.8695652173913043,0.8347826086956522,1.0,0.8,0.0435735000064596
tdc_hia_hou,classification,3,3,stratified_scaffold_group,stratified_scaffold_group,28,xgb_60_d6,boosting,0.855119825708061,0.855119825708061,0.9686273449907812,0.0855197283782729,0.0,0.9250041246414183,0.8333333333333334,0.6764705882352942,0.7549019607843137,1.0,0.8,0.0455462000099942
tdc_hia_hou,classification,3,1,stratified_scaffold_group,stratified_scaffold_group,29,cat_60_d4,boosting,0.827991452991453,0.827991452991453,0.9729191820602174,0.0957238177444508,0.0,0.9118135808525744,0.8125,0.7777777777777778,0.7951388888888888,1.0,0.8,0.2071809999761171
tdc_hia_hou,classification,3,2,stratified_scaffold_group,stratified_scaffold_group,29,cat_60_d4,boosting,0.8626086956521739,0.8626086956521739,0.9695522520477616,0.0735363675580403,0.0,0.8943724422154647,0.8,0.8,0.8,1.0,0.8,0.1813651000265963
tdc_hia_hou,classification,3,3,stratified_scaffold_group,stratified_scaffold_group,29,cat_60_d4,boosting,0.8262527233115469,0.8262527233115469,0.9604091719170154,0.0950144451076624,0.0,0.929722640292288,0.8333333333333334,0.5686274509803921,0.7009803921568627,1.0,0.8,0.1616360999760218
tdc_hia_hou,classification,3,1,stratified_scaffold_group,stratified_scaffold_group,30,cat_80_d6,boosting,0.7521367521367521,0.7521367521367521,0.9572172594298554,0.0994065320842692,0.0,0.9404213346162036,0.8125,0.5470085470085471,0.6797542735042735,1.0,0.8,0.4168544999556616
tdc_hia_hou,classification,3,2,stratified_scaffold_group,stratified_scaffold_group,30,cat_80_d6,boosting,0.8817391304347826,0.8817391304347826,0.9819079524726356,0.0758225368400975,0.0,0.9090103539431744,0.8,0.808695652173913,0.8043478260869565,1.0,0.8,0.4407432999578304
tdc_hia_hou,classification,3,3,stratified_scaffold_group,stratified_scaffold_group,30,cat_80_d6,boosting,0.8371459694989106,0.8371459694989106,0.9608607173926302,0.0877766086171409,0.0,0.9298364582488208,0.8333333333333334,0.5392156862745098,0.6862745098039216,1.0,0.8,0.3729865000350401
tdc_hia_hou,classification,3,1,stratified_scaffold_group,stratified_scaffold_group,31,cat_100_d4,boosting,0.7751068376068376,0.7751068376068376,0.9629488183001929,0.0992327233368331,0.0,0.9142615663100968,0.8125,0.6410256410256411,0.7267628205128205,1.0,0.8,0.2532756999717094
tdc_hia_hou,classification,3,2,stratified_scaffold_group,stratified_scaffold_group,31,cat_100_d4,boosting,0.8481159420289854,0.8481159420289854,0.9729239994438836,0.0762042264536862,0.0,0.8840157187694503,0.8,0.8173913043478261,0.808695652173913,1.0,0.8,0.271262000023853
tdc_hia_hou,classification,3,3,stratified_scaffold_group,stratified_scaffold_group,31,cat_100_d4,boosting,0.8229847494553377,0.8229847494553377,0.9567436950025388,0.0897972625162648,0.0,0.9287646311699091,0.8333333333333334,0.5980392156862745,0.7156862745098039,1.0,0.8,0.2409870999981649
tdc_hia_hou,classification,3,1,stratified_scaffold_group,stratified_scaffold_group,32,cat_60_d8,boosting,0.811965811965812,0.811965811965812,0.9714506228969776,0.0993732796862692,0.0,0.9249675238447164,0.875,0.6581196581196581,0.766559829059829,1.0,0.8,0.7746178999659605
tdc_hia_hou,classification,3,2,stratified_scaffold_group,stratified_scaffold_group,32,cat_60_d8,boosting,0.8307246376811595,0.8307246376811595,0.9724584341216926,0.0789801718912861,0.0,0.9441372443983456,0.8,0.5478260869565217,0.6739130434782609,1.0,0.8,0.8696696999832056
tdc_hia_hou,classification,3,3,stratified_scaffold_group,stratified_scaffold_group,32,cat_60_d8,boosting,0.8474945533769063,0.8474945533769063,0.9593297758279886,0.0890145278016922,0.0,0.9203323528620558,0.8333333333333334,0.7352941176470589,0.7843137254901962,1.0,0.8,0.6691736999782734
tdc_pgp_broccatelli,classification,1,1,stratified_scaffold_group,stratified_scaffold_group,1,logreg_l2_c0.1,linear,0.8779169737165314,0.8779169737165314,0.9076937212516628,0.1393326377850418,0.0,0.4282394567510706,0.8022598870056497,0.8097826086956522,0.806021247850651,1.0,0.8,0.0039231000118888
tdc_pgp_broccatelli,classification,1,2,stratified_scaffold_group,stratified_scaffold_group,1,logreg_l2_c0.1,linear,0.8700551132884262,0.8700551132884262,0.9085092895478428,0.1457416300872288,1.0,0.4643655915312376,0.8028169014084507,0.782608695652174,0.7927127985303124,1.0,0.8,0.0049334000214003
tdc_pgp_broccatelli,classification,1,3,stratified_scaffold_group,stratified_scaffold_group,1,logreg_l2_c0.1,linear,0.8835584536562646,0.8835584536562646,0.9035146538075566,0.1346124499589551,0.0,0.4910191577860093,0.8270676691729324,0.8407079646017699,0.8338878168873511,1.0,0.8,0.0049454999971203
tdc_pgp_broccatelli,classification,1,1,stratified_scaffold_group,stratified_scaffold_group,2,logreg_l2_c1,linear,0.8761974944731025,0.8761974944731025,0.9026772348922464,0.1411332480215991,0.0,0.3663387833410289,0.8022598870056497,0.8315217391304348,0.8168908130680422,1.0,0.8,0.0050418000319041
tdc_pgp_broccatelli,classification,1,2,stratified_scaffold_group,stratified_scaffold_group,2,logreg_l2_c1,linear,0.8555419473361912,0.8555419473361912,0.895740345217203,0.1639663267607522,1.0,0.4235645934855158,0.8028169014084507,0.7391304347826086,0.7709736680955297,1.0,0.8,0.0073118999716825
tdc_pgp_broccatelli,classification,1,3,stratified_scaffold_group,stratified_scaffold_group,2,logreg_l2_c1,linear,0.874841972187105,0.874841972187105,0.8926560703651464,0.1474539477563954,0.0,0.5537131340604252,0.8045112781954887,0.8141592920353983,0.8093352851154435,1.0,0.8,0.0053848000243306
tdc_pgp_broccatelli,classification,1,1,stratified_scaffold_group,stratified_scaffold_group,3,logreg_l2_c10,linear,0.8687361827560796,0.8687361827560796,0.8882301641028939,0.1603939697886204,0.0,0.4353948299813888,0.807909604519774,0.7934782608695652,0.8006939326946696,1.0,0.8,0.0053131000022403
tdc_pgp_broccatelli,classification,1,2,stratified_scaffold_group,stratified_scaffold_group,3,logreg_l2_c10,linear,0.842865890998163,0.842865890998163,0.8840526317209616,0.189516212733038,1.0,0.4668813358304351,0.8028169014084507,0.7478260869565218,0.7753214941824862,1.0,0.8,0.0056713999947533
tdc_pgp_broccatelli,classification,1,3,stratified_scaffold_group,stratified_scaffold_group,3,logreg_l2_c10,linear,0.8604697584669639,0.8604697584669639,0.8721067195550403,0.1812932061107453,0.0,0.7951042439796212,0.8195488721804511,0.7699115044247787,0.794730188302615,1.0,0.8,0.0066236999700777
tdc_pgp_broccatelli,classification,1,1,stratified_scaffold_group,stratified_scaffold_group,4,logreg_l1_c1,linear,0.8862687300417589,0.8862687300417589,0.9097527944249134,0.1365795524948999,0.0,0.3043868577685629,0.8022598870056497,0.8260869565217391,0.8141734217636944,1.0,0.8,0.0080651000025682
tdc_pgp_broccatelli,classification,1,2,stratified_scaffold_group,stratified_scaffold_group,4,logreg_l1_c1,linear,0.8623392529087569,0.8623392529087569,0.9019846599629888,0.1632169773414857,1.0,0.4068593466913515,0.823943661971831,0.7043478260869565,0.7641457440293937,1.0,0.8,0.0094677000306546
tdc_pgp_broccatelli,classification,1,3,stratified_scaffold_group,stratified_scaffold_group,4,logreg_l1_c1,linear,0.8779692594317653,0.8779692594317653,0.8896301754368351,0.149919127722591,0.0,0.6304122964479686,0.8120300751879699,0.7522123893805309,0.7821212322842503,1.0,0.8,0.009819500031881
tdc_pgp_broccatelli,classification,1,1,stratified_scaffold_group,stratified_scaffold_group,5,rf_60_sqrt,bagging,0.9158990420044216,0.9158990420044216,0.9272903165289492,0.1289019698368728,0.0,0.4,0.8361581920903955,0.8641304347826086,0.8501443134365021,1.0,0.8,0.1289196999859996
tdc_pgp_broccatelli,classification,1,2,stratified_scaffold_group,stratified_scaffold_group,5,rf_60_sqrt,bagging,0.8589712186160441,0.8589712186160441,0.8976299438555688,0.1565726329442282,1.0,0.4,0.8098591549295775,0.7043478260869565,0.757103490508267,1.0,0.8,0.1109075999702327
tdc_pgp_broccatelli,classification,1,3,stratified_scaffold_group,stratified_scaffold_group,5,rf_60_sqrt,bagging,0.8754075454122031,0.8754075454122031,0.884200268837228,0.136039972899729,0.0,0.4166666666666667,0.8045112781954887,0.7964601769911505,0.8004857275933196,1.0,0.8,0.122930500016082
tdc_pgp_broccatelli,classification,1,1,stratified_scaffold_group,stratified_scaffold_group,6,rf_90_d12,bagging,0.9083763203144192,0.9083763203144192,0.9267057044805328,0.1346408338463869,0.0,0.3707269448094105,0.807909604519774,0.8641304347826086,0.8360200196511913,1.0,0.8,0.2152946999995038
tdc_pgp_broccatelli,classification,1,2,stratified_scaffold_group,stratified_scaffold_group,6,rf_90_d12,bagging,0.8619718309859155,0.8619718309859155,0.9110550867191476,0.1556029744745686,1.0,0.3690821484587014,0.8169014084507042,0.7130434782608696,0.764972443355787,1.0,0.8,0.182847700023558
tdc_pgp_broccatelli,classification,1,3,stratified_scaffold_group,stratified_scaffold_group,6,rf_90_d12,bagging,0.8840242198416395,0.8840242198416395,0.8938494045827595,0.1312521337485297,0.0,0.4041760285324565,0.8195488721804511,0.7964601769911505,0.8080045245858007,1.0,0.8,0.173310299986042
tdc_pgp_broccatelli,classification,1,1,stratified_scaffold_group,stratified_scaffold_group,7,rf_90_leaf2,bagging,0.9225313190862195,0.9225313190862195,0.9373776961318876,0.1298181042760153,0.0,0.3645549448471726,0.807909604519774,0.8858695652173914,0.8468895848685827,1.0,0.8,0.175473699986469
tdc_pgp_broccatelli,classification,1,2,stratified_scaffold_group,stratified_scaffold_group,7,rf_90_leaf2,bagging,0.8666258420085732,0.8666258420085732,0.9073545844582428,0.1564677205934029,1.0,0.3998572069728026,0.8028169014084507,0.7913043478260869,0.7970606246172689,1.0,0.8,0.1919531000312417
tdc_pgp_broccatelli,classification,1,3,stratified_scaffold_group,stratified_scaffold_group,7,rf_90_leaf2,bagging,0.8940049238139598,0.8940049238139598,0.9014579131086512,0.1310798742500011,0.0,0.4006005415296708,0.8120300751879699,0.8407079646017699,0.8263690198948699,1.0,0.8,0.1734711999888532
tdc_pgp_broccatelli,classification,1,1,stratified_scaffold_group,stratified_scaffold_group,8,rf_120_d20_leaf2,bagging,0.9222549742078112,0.9222549742078112,0.937840142804726,0.1297419806746856,0.0,0.3524371636939987,0.8022598870056497,0.8858695652173914,0.8440647261115205,1.0,0.8,0.1958808999625034
tdc_pgp_broccatelli,classification,1,2,stratified_scaffold_group,stratified_scaffold_group,8,rf_120_d20_leaf2,bagging,0.8625229638701776,0.8625229638701776,0.9050939413607731,0.1591653049996996,1.0,0.3767275480406736,0.8098591549295775,0.7130434782608696,0.7614513165952235,1.0,0.8,0.2495748000219464
tdc_pgp_broccatelli,classification,1,3,stratified_scaffold_group,stratified_scaffold_group,8,rf_120_d20_leaf2,bagging,0.8921418590724599,0.8921418590724599,0.9005264241772485,0.1323561696287598,0.0,0.4018973966361312,0.8045112781954887,0.8141592920353983,0.8093352851154435,1.0,0.8,0.2161339999875053
tdc_pgp_broccatelli,classification,1,1,stratified_scaffold_group,stratified_scaffold_group,9,et_60_sqrt,bagging,0.910111152051093,0.910111152051093,0.9284345426082796,0.1225292397660818,0.0,0.4,0.807909604519774,0.8478260869565217,0.8278678457381479,1.0,0.8,0.0748142999946139
tdc_pgp_broccatelli,classification,1,2,stratified_scaffold_group,stratified_scaffold_group,9,et_60_sqrt,bagging,0.8690140845070423,0.8690140845070423,0.9096219794740196,0.1507544314742758,1.0,0.4,0.8028169014084507,0.7391304347826086,0.7709736680955297,1.0,0.8,0.0665246000280603
tdc_pgp_broccatelli,classification,1,3,stratified_scaffold_group,stratified_scaffold_group,9,et_60_sqrt,bagging,0.8758400425843369,0.8758400425843369,0.8727209491082256,0.1351524390243902,0.0,0.4166666666666667,0.8270676691729324,0.8141592920353983,0.8206134806041654,1.0,0.8,0.0760056000435724
tdc_pgp_broccatelli,classification,1,1,stratified_scaffold_group,stratified_scaffold_group,10,et_90_d12,bagging,0.9082842053549496,0.9082842053549496,0.92972227350347,0.1263754742280255,0.0,0.3531569487307139,0.8192090395480226,0.8641304347826086,0.8416697371653157,1.0,0.8,0.1047408999875187
tdc_pgp_broccatelli,classification,1,2,stratified_scaffold_group,stratified_scaffold_group,10,et_90_d12,bagging,0.8655235762400489,0.8655235762400489,0.9108249691384048,0.1525638835181497,1.0,0.385769221170668,0.8169014084507042,0.7304347826086957,0.7736680955297,1.0,0.8,0.11108050000621
tdc_pgp_broccatelli,classification,1,3,stratified_scaffold_group,stratified_scaffold_group,10,et_90_d12,bagging,0.8896134140661389,0.8896134140661389,0.9008682411944146,0.1290437480634554,0.0,0.3819812493604121,0.8195488721804511,0.8141592920353983,0.8168540821079247,1.0,0.8,0.1104028999689035
tdc_pgp_broccatelli,classification,1,1,stratified_scaffold_group,stratified_scaffold_group,11,et_90_leaf2,bagging,0.9178334561532792,0.9178334561532792,0.9367588691086344,0.1216654451254504,0.0,0.3579806418838845,0.8305084745762712,0.8695652173913043,0.8500368459837877,1.0,0.8,0.095608000003267
tdc_pgp_broccatelli,classification,1,2,stratified_scaffold_group,stratified_scaffold_group,11,et_90_leaf2,bagging,0.8642988364972444,0.8642988364972444,0.9092975963254182,0.1559672997695178,1.0,0.3916593311569897,0.8028169014084507,0.7304347826086957,0.7666258420085732,1.0,0.8,0.1167561000329442
tdc_pgp_broccatelli,classification,1,3,stratified_scaffold_group,stratified_scaffold_group,11,et_90_leaf2,bagging,0.8796327100938186,0.8796327100938186,0.8925605937877672,0.1321041785810063,0.0,0.3820490776574132,0.8045112781954887,0.7787610619469026,0.7916361700711957,1.0,0.8,0.1323059999849647
tdc_pgp_broccatelli,classification,1,1,stratified_scaffold_group,stratified_scaffold_group,12,et_120_d20_leaf2,bagging,0.923391058707934,0.923391058707934,0.9400153082516424,0.1198636490922323,0.0,0.3487849783018932,0.8305084745762712,0.875,0.8527542372881356,1.0,0.8,0.1696155000245198
tdc_pgp_broccatelli,classification,1,2,stratified_scaffold_group,stratified_scaffold_group,12,et_120_d20_leaf2,bagging,0.8657072872014697,0.8657072872014697,0.9089491931655754,0.1568091818870668,1.0,0.3750147408695182,0.8028169014084507,0.7304347826086957,0.7666258420085732,1.0,0.8,0.1651258999481797
tdc_pgp_broccatelli,classification,1,3,stratified_scaffold_group,stratified_scaffold_group,12,et_120_d20_leaf2,bagging,0.8806973185175327,0.8806973185175327,0.8915457370309203,0.1325683620661118,0.0,0.3884229761310857,0.8120300751879699,0.7876106194690266,0.7998203473284982,1.0,0.8,0.1664643000112846
tdc_pgp_broccatelli,classification,1,1,stratified_scaffold_group,stratified_scaffold_group,13,histgb_lr0.05,boosting,0.8971997052321297,0.8971997052321297,0.9198125314209292,0.1261440225463535,0.0,0.3196744244226593,0.807909604519774,0.8315217391304348,0.8197156718251044,1.0,0.8,1.1631439999910071
tdc_pgp_broccatelli,classification,1,2,stratified_scaffold_group,stratified_scaffold_group,13,histgb_lr0.05,boosting,0.8703000612369871,0.8703000612369871,0.9102036849992158,0.1480709705293419,1.0,0.3621524968294794,0.8028169014084507,0.7217391304347827,0.7622780159216167,1.0,0.8,1.2663251000340097
tdc_pgp_broccatelli,classification,1,3,stratified_scaffold_group,stratified_scaffold_group,13,histgb_lr0.05,boosting,0.8761727327167477,0.8761727327167477,0.8829488961779542,0.1375172666645358,0.0,0.488028416175763,0.8120300751879699,0.7610619469026548,0.7865460110453124,1.0,0.8,1.3487593000172635
tdc_pgp_broccatelli,classification,1,1,stratified_scaffold_group,stratified_scaffold_group,14,histgb_lr0.1,boosting,0.9035863424220094,0.9035863424220094,0.9257681318313868,0.1231641587182614,0.0,0.3232984503697738,0.8135593220338984,0.8206521739130435,0.8171057479734709,1.0,0.8,1.004985100007616
tdc_pgp_broccatelli,classification,1,2,stratified_scaffold_group,stratified_scaffold_group,14,histgb_lr0.1,boosting,0.8767299448867116,0.8767299448867116,0.9139350447396156,0.1514804619146809,1.0,0.388217075486144,0.8098591549295775,0.7304347826086957,0.7701469687691366,1.0,0.8,1.2885345999966376
tdc_pgp_broccatelli,classification,1,3,stratified_scaffold_group,stratified_scaffold_group,14,histgb_lr0.1,boosting,0.8859538226096215,0.8859538226096215,0.9005835386329419,0.1328707429175563,0.0,0.4548330768505852,0.8045112781954887,0.7964601769911505,0.8004857275933196,1.0,0.8,1.269033299991861
tdc_pgp_broccatelli,classification,1,1,stratified_scaffold_group,stratified_scaffold_group,15,gb_lr0.05_d2,boosting,0.8711158192090396,0.8711158192090396,0.8876440894836259,0.1542872905259281,0.0,0.4498047306768057,0.807909604519774,0.7934782608695652,0.8006939326946696,1.0,0.8,0.2574829999939538
tdc_pgp_broccatelli,classification,1,2,stratified_scaffold_group,stratified_scaffold_group,15,gb_lr0.05_d2,boosting,0.8357624004898959,0.8357624004898959,0.8857965247452967,0.1655028139953741,1.0,0.3411344810217807,0.8028169014084507,0.6608695652173913,0.731843233312921,1.0,0.8,0.3200537000084296
tdc_pgp_broccatelli,classification,1,3,stratified_scaffold_group,stratified_scaffold_group,15,gb_lr0.05_d2,boosting,0.8366824139996007,0.8366824139996007,0.8561437278121073,0.1611449525552537,0.0,0.5207864689762516,0.8270676691729324,0.7256637168141593,0.7763656929935459,1.0,0.8,0.309215800021775
tdc_pgp_broccatelli,classification,1,1,stratified_scaffold_group,stratified_scaffold_group,16,gb_lr0.1_d3,boosting,0.8869595922377793,0.8869595922377793,0.9095986697117544,0.1330873618619669,0.0,0.4443490051375816,0.8022598870056497,0.8260869565217391,0.8141734217636944,1.0,0.8,0.3977026999928057
tdc_pgp_broccatelli,classification,1,2,stratified_scaffold_group,stratified_scaffold_group,16,gb_lr0.1_d3,boosting,0.8456215554194734,0.8456215554194734,0.8725397113577062,0.1585921539540813,1.0,0.3015529438132016,0.8028169014084507,0.6434782608695653,0.723147581139008,1.0,0.8,0.5094345000106841
tdc_pgp_broccatelli,classification,1,3,stratified_scaffold_group,stratified_scaffold_group,16,gb_lr0.1_d3,boosting,0.8561780557588663,0.8561780557588663,0.8731749033370304,0.1478403202267464,0.0,0.4726540675912669,0.8120300751879699,0.7699115044247787,0.7909707898063743,1.0,0.8,0.4641218000324443
tdc_pgp_broccatelli,classification,1,1,stratified_scaffold_group,stratified_scaffold_group,17,lgbm_60_l15,boosting,0.8985814296241708,0.8985814296241708,0.9189411475157546,0.1313429452123154,0.0,0.3671929740129508,0.807909604519774,0.8532608695652174,0.8305852370424958,1.0,0.8,0.0394566999748349
tdc_pgp_broccatelli,classification,1,2,stratified_scaffold_group,stratified_scaffold_group,17,lgbm_60_l15,boosting,0.8563380281690142,0.8563380281690142,0.9004639269395709,0.1511477249466041,1.0,0.3759568037656185,0.8028169014084507,0.6869565217391305,0.7448867115737906,1.0,0.8,0.0591300000087358
tdc_pgp_broccatelli,classification,1,3,stratified_scaffold_group,stratified_scaffold_group,17,lgbm_60_l15,boosting,0.8618005189966065,0.8618005189966065,0.869674777670043,0.1453406537296667,0.0,0.4936583957548813,0.8120300751879699,0.7256637168141593,0.7688468960010646,1.0,0.8,0.051666599989403
tdc_pgp_broccatelli,classification,1,1,stratified_scaffold_group,stratified_scaffold_group,18,lgbm_90_l31,boosting,0.9051830017194792,0.9051830017194792,0.9254694388829066,0.1228227448609736,0.0,0.320132797836425,0.807909604519774,0.8369565217391305,0.8224330631294523,1.0,0.8,0.0511508000199683
tdc_pgp_broccatelli,classification,1,2,stratified_scaffold_group,stratified_scaffold_group,18,lgbm_90_l31,boosting,0.8609308022045314,0.8609308022045314,0.9045752238419772,0.1547956171539535,1.0,0.3486673779905946,0.8098591549295775,0.6782608695652175,0.7440600122473975,1.0,0.8,0.1067013000138104
tdc_pgp_broccatelli,classification,1,3,stratified_scaffold_group,stratified_scaffold_group,18,lgbm_90_l31,boosting,0.8691197019096413,0.8691197019096413,0.8821219695423976,0.1406993721704025,0.0,0.4373980479057476,0.8045112781954887,0.7699115044247787,0.7872113913101337,1.0,0.8,0.0617401000345125
tdc_pgp_broccatelli,classification,1,1,stratified_scaffold_group,stratified_scaffold_group,19,lgbm_60_l63,boosting,0.8997175141242938,0.8997175141242938,0.9221069293734284,0.1271741581619086,0.0,0.3229335133293131,0.8135593220338984,0.8369565217391305,0.8252579218865144,1.0,0.8,0.0524436999694444
tdc_pgp_broccatelli,classification,1,2,stratified_scaffold_group,stratified_scaffold_group,19,lgbm_60_l63,boosting,0.867911818738518,0.867911818738518,0.9063347901790542,0.1477180391707819,1.0,0.3664351947068857,0.8028169014084507,0.7565217391304347,0.7796693202694427,1.0,0.8,0.0621577000129036
tdc_pgp_broccatelli,classification,1,3,stratified_scaffold_group,stratified_scaffold_group,19,lgbm_60_l63,boosting,0.8743096679752478,0.8743096679752478,0.8866421266690075,0.1410564228689554,0.0,0.4900250013955313,0.8045112781954887,0.7787610619469026,0.7916361700711957,1.0,0.8,0.0492444999981671
tdc_pgp_broccatelli,classification,1,1,stratified_scaffold_group,stratified_scaffold_group,20,lgbm_100_leaf10,boosting,0.9041697371653156,0.9041697371653156,0.9214253974465408,0.1234867505962993,0.0,0.2752086620396372,0.8135593220338984,0.8478260869565217,0.83069270449521,1.0,0.8,0.2289459999883547
tdc_pgp_broccatelli,classification,1,2,stratified_scaffold_group,stratified_scaffold_group,20,lgbm_100_leaf10,boosting,0.8730557256582977,0.8730557256582977,0.911616198741461,0.1522520594714887,1.0,0.2862199325714902,0.8028169014084507,0.7217391304347827,0.7622780159216167,1.0,0.8,0.1738350000232458
tdc_pgp_broccatelli,classification,1,3,stratified_scaffold_group,stratified_scaffold_group,20,lgbm_100_leaf10,boosting,0.8819615410206934,0.8819615410206934,0.8965828783814186,0.1378154331071346,0.0,0.4602198772133961,0.8045112781954887,0.7964601769911505,0.8004857275933196,1.0,0.8,0.1732661999994889
tdc_pgp_broccatelli,classification,1,1,stratified_scaffold_group,stratified_scaffold_group,21,lgbm_100_leaf30,boosting,0.8972918201915993,0.8972918201915993,0.9161895244185922,0.1312623101121788,0.0,0.3336125511542099,0.8192090395480226,0.8315217391304348,0.8253653893392288,1.0,0.8,0.0552657000371255
tdc_pgp_broccatelli,classification,1,2,stratified_scaffold_group,stratified_scaffold_group,21,lgbm_100_leaf30,boosting,0.8598285364360073,0.8598285364360073,0.8978298330388751,0.1545714027538588,1.0,0.3800593890571964,0.8028169014084507,0.7217391304347827,0.7622780159216167,1.0,0.8,0.1783276000060141
tdc_pgp_broccatelli,classification,1,3,stratified_scaffold_group,stratified_scaffold_group,21,lgbm_100_leaf30,boosting,0.8657262625590525,0.8657262625590525,0.8843213813443267,0.1418123105706054,0.0,0.4600296666965497,0.8045112781954887,0.7787610619469026,0.7916361700711957,1.0,0.8,0.0887729999958537
tdc_pgp_broccatelli,classification,1,1,stratified_scaffold_group,stratified_scaffold_group,22,lgbm_80_ff0.7,boosting,0.9045074920167034,0.9045074920167034,0.9240638403039184,0.1257474946681001,0.0,0.3576689756518628,0.8531073446327684,0.8206521739130435,0.8368797592729059,1.0,0.8,0.106652499991469
tdc_pgp_broccatelli,classification,1,2,stratified_scaffold_group,stratified_scaffold_group,22,lgbm_80_ff0.7,boosting,0.8591549295774649,0.8591549295774649,0.9018140652342108,0.1595200265369228,1.0,0.3055244204276581,0.8098591549295775,0.6608695652173913,0.7353643600734844,1.0,0.8,0.0561662999680265
tdc_pgp_broccatelli,classification,1,3,stratified_scaffold_group,stratified_scaffold_group,22,lgbm_80_ff0.7,boosting,0.8696520061214984,0.8696520061214984,0.8791225507840273,0.1430653906299057,0.0,0.4808562895966907,0.8120300751879699,0.7610619469026548,0.7865460110453124,1.0,0.8,0.0881046000286005
tdc_pgp_broccatelli,classification,1,1,stratified_scaffold_group,stratified_scaffold_group,23,lgbm_80_bag0.8,boosting,0.905981331368214,0.905981331368214,0.9266925742505152,0.1232206657322914,0.0,0.2900292858116929,0.8022598870056497,0.8586956521739131,0.8304777695897814,1.0,0.8,0.1054251000168733
tdc_pgp_broccatelli,classification,1,2,stratified_scaffold_group,stratified_scaffold_group,23,lgbm_80_bag0.8,boosting,0.8701775872627067,0.8701775872627067,0.9117588609524098,0.1491888280874291,1.0,0.3769323559880222,0.8028169014084507,0.7652173913043478,0.7840171463563993,1.0,0.8,0.0562543999985791
tdc_pgp_broccatelli,classification,1,3,stratified_scaffold_group,stratified_scaffold_group,23,lgbm_80_bag0.8,boosting,0.8641958879499634,0.8641958879499634,0.8827850970316735,0.1428480029820243,0.0,0.5199206758002084,0.8120300751879699,0.7610619469026548,0.7865460110453124,1.0,0.8,0.0790979999583214
tdc_pgp_broccatelli,classification,1,1,stratified_scaffold_group,stratified_scaffold_group,24,lgbm_120_l15,boosting,0.9072095308278064,0.9072095308278064,0.9282820749351336,0.1196670550693077,0.0,0.3044570323480082,0.807909604519774,0.8641304347826086,0.8360200196511913,1.0,0.8,0.1217041999916546
tdc_pgp_broccatelli,classification,1,2,stratified_scaffold_group,stratified_scaffold_group,24,lgbm_120_l15,boosting,0.8666258420085732,0.8666258420085732,0.9090574047772484,0.14900747530136,1.0,0.3860172784932196,0.8028169014084507,0.7217391304347827,0.7622780159216167,1.0,0.8,0.1620308000128716
tdc_pgp_broccatelli,classification,1,3,stratified_scaffold_group,stratified_scaffold_group,24,lgbm_120_l15,boosting,0.8745758200811764,0.8745758200811764,0.8884567144350295,0.1383791588244701,0.0,0.4883786891684549,0.8045112781954887,0.7964601769911505,0.8004857275933196,1.0,0.8,0.1547508999938145
tdc_pgp_broccatelli,classification,1,1,stratified_scaffold_group,stratified_scaffold_group,25,xgb_60_d3,boosting,0.8778862687300418,0.8778862687300418,0.899241033023844,0.1425548848135293,0.0,0.4097858369350433,0.8135593220338984,0.7771739130434783,0.7953666175386883,1.0,0.8,0.0499714000034146
tdc_pgp_broccatelli,classification,1,2,stratified_scaffold_group,stratified_scaffold_group,25,xgb_60_d3,boosting,0.8373545621555419,0.8373545621555419,0.8917136428455267,0.1616767194474709,1.0,0.3099083602428436,0.8098591549295775,0.6,0.7049295774647888,1.0,0.8,0.1044095999677665
tdc_pgp_broccatelli,classification,1,3,stratified_scaffold_group,stratified_scaffold_group,25,xgb_60_d3,boosting,0.8506221305476079,0.8506221305476079,0.862623136328988,0.1491931858154571,0.0,0.4712865352630615,0.8270676691729324,0.7433628318584071,0.7852152505156698,1.0,0.8,0.0483288000104948
tdc_pgp_broccatelli,classification,1,1,stratified_scaffold_group,stratified_scaffold_group,26,xgb_80_d5,boosting,0.8967391304347826,0.8967391304347826,0.915972835586692,0.1299586784090826,0.0,0.347841203212738,0.8135593220338984,0.8315217391304348,0.8225405305821666,1.0,0.8,0.0851876999950036
tdc_pgp_broccatelli,classification,1,2,stratified_scaffold_group,stratified_scaffold_group,26,xgb_80_d5,boosting,0.8427434170238824,0.8427434170238824,0.89344066582751,0.1625047804678725,1.0,0.278536319732666,0.8028169014084507,0.6,0.7014084507042253,1.0,0.8,0.1121334999916143
tdc_pgp_broccatelli,classification,1,3,stratified_scaffold_group,stratified_scaffold_group,26,xgb_80_d5,boosting,0.8649610752545079,0.8649610752545079,0.8842350217663968,0.1416727610798765,0.0,0.4516930878162384,0.8045112781954887,0.7876106194690266,0.7960609488322576,1.0,0.8,0.1332732000155374
tdc_pgp_broccatelli,classification,1,1,stratified_scaffold_group,stratified_scaffold_group,27,xgb_100_d3,boosting,0.8908744780152297,0.8908744780152297,0.9090566577526163,0.1370036088689734,0.0,0.3883668184280395,0.807909604519774,0.8152173913043478,0.811563497912061,1.0,0.8,0.0908466000109911
tdc_pgp_broccatelli,classification,1,2,stratified_scaffold_group,stratified_scaffold_group,27,xgb_100_d3,boosting,0.8360073484384568,0.8360073484384568,0.887825238970918,0.163205959641756,1.0,0.3045669496059418,0.8028169014084507,0.5739130434782609,0.6883649724433558,1.0,0.8,0.1011811000062152
tdc_pgp_broccatelli,classification,1,3,stratified_scaffold_group,stratified_scaffold_group,27,xgb_100_d3,boosting,0.8513207798256703,0.8513207798256703,0.8678621274902005,0.1481726507651147,0.0,0.4694857001304626,0.8045112781954887,0.7610619469026548,0.7827866125490718,1.0,0.8,0.1135539999813772
tdc_pgp_broccatelli,classification,1,1,stratified_scaffold_group,stratified_scaffold_group,28,xgb_60_d6,boosting,0.9023274379759272,0.9023274379759272,0.919604963245552,0.1276789796714243,0.0,0.3283083736896515,0.807909604519774,0.8478260869565217,0.8278678457381479,1.0,0.8,0.0980678999912925
tdc_pgp_broccatelli,classification,1,2,stratified_scaffold_group,stratified_scaffold_group,28,xgb_60_d6,boosting,0.8428046540110226,0.8428046540110226,0.8903745920145727,0.1616507545913585,1.0,0.2904870510101318,0.8098591549295775,0.6347826086956522,0.7223208818126148,1.0,0.8,0.1162339000147767
tdc_pgp_broccatelli,classification,1,3,stratified_scaffold_group,stratified_scaffold_group,28,xgb_60_d6,boosting,0.865526648479606,0.865526648479606,0.8814808967593177,0.1414509167901934,0.0,0.506824791431427,0.8345864661654135,0.7433628318584071,0.7889746490119103,1.0,0.8,0.0995547999627888
tdc_pgp_broccatelli,classification,1,1,stratified_scaffold_group,stratified_scaffold_group,29,cat_60_d4,boosting,0.8920412675018423,0.8920412675018423,0.9111525788973528,0.138574651141102,0.0,0.4429615298454469,0.8248587570621468,0.7934782608695652,0.809168508965856,1.0,0.8,0.272905699966941
tdc_pgp_broccatelli,classification,1,2,stratified_scaffold_group,stratified_scaffold_group,29,cat_60_d4,boosting,0.8707287201469688,0.8707287201469688,0.9053586776509704,0.1498331725993181,1.0,0.3834842659008309,0.8169014084507042,0.7652173913043478,0.791059399877526,1.0,0.8,0.2763010999769903
tdc_pgp_broccatelli,classification,1,3,stratified_scaffold_group,stratified_scaffold_group,29,cat_60_d4,boosting,0.85162020094484,0.85162020094484,0.8702171452463818,0.151749858298371,0.0,0.4988987294058214,0.8045112781954887,0.7256637168141593,0.7650874975048241,1.0,0.8,0.2886999999755062
tdc_pgp_broccatelli,classification,1,1,stratified_scaffold_group,stratified_scaffold_group,30,cat_80_d6,boosting,0.9047531319086218,0.9047531319086218,0.9271441365888368,0.1252522246426448,0.0,0.3962251781284528,0.8192090395480226,0.8478260869565217,0.8335175632522722,1.0,0.8,0.7416718000313267
tdc_pgp_broccatelli,classification,1,2,stratified_scaffold_group,stratified_scaffold_group,30,cat_80_d6,boosting,0.8676668707899572,0.8676668707899572,0.912170213785202,0.1445537395890029,1.0,0.3664900725110027,0.8028169014084507,0.7565217391304347,0.7796693202694427,1.0,0.8,0.7181465000030585
tdc_pgp_broccatelli,classification,1,3,stratified_scaffold_group,stratified_scaffold_group,30,cat_80_d6,boosting,0.875906580610819,0.875906580610819,0.8899554671295054,0.1373413662083502,0.0,0.4743488265116107,0.8345864661654135,0.7876106194690266,0.81109854281722,1.0,0.8,0.7510076999897137
tdc_pgp_broccatelli,classification,1,1,stratified_scaffold_group,stratified_scaffold_group,31,cat_100_d4,boosting,0.8999631540162122,0.8999631540162122,0.9175697815839532,0.133876132226269,0.0,0.4222640719933404,0.8248587570621468,0.8152173913043478,0.8200380741832474,1.0,0.8,0.3886821000487543
tdc_pgp_broccatelli,classification,1,2,stratified_scaffold_group,stratified_scaffold_group,31,cat_100_d4,boosting,0.8658297611757502,0.8658297611757502,0.9024108775538846,0.1518806956850027,1.0,0.3651322730595894,0.8309859154929577,0.7478260869565218,0.7894060012247397,1.0,0.8,0.4159082000260241
tdc_pgp_broccatelli,classification,1,3,stratified_scaffold_group,stratified_scaffold_group,31,cat_100_d4,boosting,0.8562113247721074,0.8562113247721074,0.8768204213319722,0.1492623594214146,0.0,0.4860477477947652,0.8045112781954887,0.7433628318584071,0.773937055026948,1.0,0.8,0.4459849999984726
tdc_pgp_broccatelli,classification,1,1,stratified_scaffold_group,stratified_scaffold_group,32,cat_60_d8,boosting,0.9053365266519284,0.9053365266519284,0.9289484041799788,0.1207616869524252,0.0,0.3968617209562879,0.807909604519774,0.8532608695652174,0.8305852370424958,1.0,0.8,1.3528176000108942
tdc_pgp_broccatelli,classification,1,2,stratified_scaffold_group,stratified_scaffold_group,32,cat_60_d8,boosting,0.8581139007960809,0.8581139007960809,0.9063202278974812,0.1494335357968319,1.0,0.3168095161694372,0.8098591549295775,0.6434782608695653,0.7266687078995714,1.0,0.8,1.3181311000371352
tdc_pgp_broccatelli,classification,1,3,stratified_scaffold_group,stratified_scaffold_group,32,cat_60_d8,boosting,0.8721804511278196,0.8721804511278196,0.887360912049957,0.138914154311761,0.0,0.4397713178162609,0.8045112781954887,0.7699115044247787,0.7872113913101337,1.0,0.8,1.1640823999769054
tdc_pgp_broccatelli,classification,2,1,stratified_scaffold_group,stratified_scaffold_group,1,logreg_l2_c0.1,linear,0.8880534670008354,0.8880534670008354,0.9080714795317464,0.1331336634353058,0.0,0.4564521027770637,0.8011695906432749,0.8181818181818182,0.8096757044125465,1.0,0.8,0.0033453999785706
tdc_pgp_broccatelli,classification,2,2,stratified_scaffold_group,stratified_scaffold_group,1,logreg_l2_c0.1,linear,0.874796055898418,0.874796055898418,0.90444728202548,0.1397000913307315,1.0,0.5452817623212252,0.8031496062992126,0.8918918918918919,0.8475207490955523,1.0,0.8,0.0038229000056162
tdc_pgp_broccatelli,classification,2,3,stratified_scaffold_group,stratified_scaffold_group,1,logreg_l2_c0.1,linear,0.8804584360945886,0.8804584360945886,0.9146070986783348,0.1381881440722542,1.0,0.4325285067283447,0.8114754098360656,0.8053097345132744,0.80839257217467,1.0,0.8,0.0039832000038586
tdc_pgp_broccatelli,classification,2,1,stratified_scaffold_group,stratified_scaffold_group,2,logreg_l2_c1,linear,0.8854332801701223,0.8854332801701223,0.9044413425377869,0.1303986406581163,0.0,0.4983328033224991,0.8187134502923976,0.8051948051948052,0.8119541277436014,1.0,0.8,0.0049906999920494
tdc_pgp_broccatelli,classification,2,2,stratified_scaffold_group,stratified_scaffold_group,2,logreg_l2_c1,linear,0.8645811165496204,0.8645811165496204,0.8930014693752504,0.1427345697383681,1.0,0.5730075459006537,0.8031496062992126,0.8738738738738738,0.8385117400865432,1.0,0.8,0.004569899989292
tdc_pgp_broccatelli,classification,2,3,stratified_scaffold_group,stratified_scaffold_group,2,logreg_l2_c1,linear,0.8856811257797765,0.8856811257797765,0.917201065369034,0.1317249624887626,1.0,0.4907348961359507,0.8032786885245902,0.8672566371681416,0.8352676628463659,1.0,0.8,0.0050880999770015
tdc_pgp_broccatelli,classification,2,1,stratified_scaffold_group,stratified_scaffold_group,3,logreg_l2_c10,linear,0.8812941444520391,0.8812941444520391,0.8962267569863197,0.1432832253431837,0.0,0.4556397410798183,0.8187134502923976,0.8311688311688312,0.8249411407306144,1.0,0.8,0.0042751000146381
tdc_pgp_broccatelli,classification,2,2,stratified_scaffold_group,stratified_scaffold_group,3,logreg_l2_c10,linear,0.8474143434773356,0.8474143434773356,0.8736401782990011,0.1647539722016828,1.0,0.3922150903632224,0.8110236220472441,0.7927927927927928,0.8019082074200184,1.0,0.8,0.0065048999967984
tdc_pgp_broccatelli,classification,2,3,stratified_scaffold_group,stratified_scaffold_group,3,logreg_l2_c10,linear,0.8755258958363558,0.8755258958363558,0.9043186804159298,0.1496739179939504,1.0,0.3908534319326234,0.8032786885245902,0.8230088495575221,0.8131437690410561,1.0,0.8,0.0057999999844469
tdc_pgp_broccatelli,classification,2,1,stratified_scaffold_group,stratified_scaffold_group,4,logreg_l1_c1,linear,0.8810093415356574,0.8810093415356574,0.8952800269252914,0.1386905857775998,0.0,0.4095102676624347,0.8011695906432749,0.7987012987012987,0.7999354446722868,1.0,0.8,0.0076149000087752
tdc_pgp_broccatelli,classification,2,2,stratified_scaffold_group,stratified_scaffold_group,4,logreg_l1_c1,linear,0.8649358019436759,0.8649358019436759,0.8881721870198186,0.1463366297709933,1.0,0.5085524416466431,0.8031496062992126,0.8558558558558559,0.8295027310775342,1.0,0.8,0.0107866000034846
tdc_pgp_broccatelli,classification,2,3,stratified_scaffold_group,stratified_scaffold_group,4,logreg_l1_c1,linear,0.8716088785724648,0.8716088785724648,0.899277079133337,0.146627031582146,1.0,0.3864581328197574,0.8032786885245902,0.831858407079646,0.8175685478021181,1.0,0.8,0.0083993999869562
tdc_pgp_broccatelli,classification,2,1,stratified_scaffold_group,stratified_scaffold_group,5,rf_60_sqrt,bagging,0.9129452418926104,0.9129452418926104,0.9199363997062456,0.12658547008547,0.0,0.45,0.8070175438596492,0.8376623376623377,0.8223399407609935,1.0,0.8,0.1040641000145115
tdc_pgp_broccatelli,classification,2,2,stratified_scaffold_group,stratified_scaffold_group,5,rf_60_sqrt,bagging,0.8848691210895936,0.8848691210895936,0.8999234031552983,0.1510924369747898,1.0,0.45,0.8110236220472441,0.8108108108108107,0.8109172164290275,1.0,0.8,0.1102112999651581
tdc_pgp_broccatelli,classification,2,3,stratified_scaffold_group,stratified_scaffold_group,5,rf_60_sqrt,bagging,0.9213695052952272,0.9213695052952272,0.9375380615294556,0.1257399527186761,1.0,0.4333333333333333,0.8360655737704918,0.8761061946902655,0.8560858842303787,1.0,0.8,0.1215354999876581
tdc_pgp_broccatelli,classification,2,1,stratified_scaffold_group,stratified_scaffold_group,6,rf_90_d12,bagging,0.9257993468519784,0.9257993468519784,0.9328475723659664,0.1237963476373187,0.0,0.3980326209547682,0.8128654970760234,0.8896103896103896,0.8512379433432065,1.0,0.8,0.169709799985867
tdc_pgp_broccatelli,classification,2,2,stratified_scaffold_group,stratified_scaffold_group,6,rf_90_d12,bagging,0.8950840604383912,0.8950840604383912,0.9063670304711676,0.1536780670419391,1.0,0.418469983230134,0.8188976377952756,0.8468468468468469,0.8328722423210613,1.0,0.8,0.1740813000360503
tdc_pgp_broccatelli,classification,2,3,stratified_scaffold_group,stratified_scaffold_group,6,rf_90_d12,bagging,0.906064123023357,0.906064123023357,0.928766070424946,0.1373245617274503,1.0,0.4149577506842036,0.8032786885245902,0.8761061946902655,0.8396924416074278,1.0,0.8,0.1658888999954797
tdc_pgp_broccatelli,classification,2,1,stratified_scaffold_group,stratified_scaffold_group,7,rf_90_leaf2,bagging,0.9215462899673426,0.9215462899673426,0.9322787046542756,0.1222939448304903,0.0,0.3907308941820485,0.8245614035087719,0.8831168831168831,0.8538391433128275,1.0,0.8,0.1542107999557629
tdc_pgp_broccatelli,classification,2,2,stratified_scaffold_group,stratified_scaffold_group,7,rf_90_leaf2,bagging,0.8936653188621692,0.8936653188621692,0.9076683922032666,0.1585444843203796,1.0,0.3860574697429635,0.8503937007874016,0.8198198198198199,0.8351067603036108,1.0,0.8,0.1763750999816693
tdc_pgp_broccatelli,classification,2,3,stratified_scaffold_group,stratified_scaffold_group,7,rf_90_leaf2,bagging,0.9170898012476424,0.9170898012476424,0.9366935665506334,0.1330641351615852,1.0,0.428941176602353,0.8032786885245902,0.9026548672566372,0.8529667778906136,1.0,0.8,0.161736199981533
tdc_pgp_broccatelli,classification,2,1,stratified_scaffold_group,stratified_scaffold_group,8,rf_120_d20_leaf2,bagging,0.9264449001291108,0.9264449001291108,0.9356570638321932,0.1207179189692098,0.0,0.3860717847954867,0.8011695906432749,0.8701298701298701,0.8356497303865724,1.0,0.8,0.1990461000241339
tdc_pgp_broccatelli,classification,2,2,stratified_scaffold_group,stratified_scaffold_group,8,rf_120_d20_leaf2,bagging,0.8935943817833581,0.8935943817833581,0.9073775198366408,0.1571632938829169,1.0,0.4089592327679854,0.8110236220472441,0.8558558558558559,0.83343973895155,1.0,0.8,0.213277900009416
tdc_pgp_broccatelli,classification,2,3,stratified_scaffold_group,stratified_scaffold_group,8,rf_120_d20_leaf2,bagging,0.916944726534165,0.916944726534165,0.9364477914080904,0.1317574958697101,1.0,0.4256595915442587,0.8032786885245902,0.9026548672566372,0.8529667778906136,1.0,0.8,0.2165273000136949
tdc_pgp_broccatelli,classification,2,1,stratified_scaffold_group,stratified_scaffold_group,9,et_60_sqrt,bagging,0.9272233614338878,0.9272233614338878,0.9329325146550044,0.1129393162393162,0.0,0.4166666666666667,0.8011695906432749,0.8506493506493507,0.8259094706463128,1.0,0.8,0.0778227999689988
tdc_pgp_broccatelli,classification,2,2,stratified_scaffold_group,stratified_scaffold_group,9,et_60_sqrt,bagging,0.873944810952685,0.873944810952685,0.8879846293866691,0.1580695611577964,1.0,0.4,0.8110236220472441,0.7837837837837838,0.7974037029155139,1.0,0.8,0.0757751999772153
tdc_pgp_broccatelli,classification,2,3,stratified_scaffold_group,stratified_scaffold_group,9,et_60_sqrt,bagging,0.9088930799361672,0.9088930799361672,0.928549801272599,0.1271832151300236,1.0,0.4166666666666667,0.8114754098360656,0.8495575221238938,0.8305164659799797,1.0,0.8,0.0780012999894097
tdc_pgp_broccatelli,classification,2,1,stratified_scaffold_group,stratified_scaffold_group,10,et_90_d12,bagging,0.9192678666362876,0.9192678666362876,0.931802724763498,0.1191746994447398,0.0,0.3937199045815639,0.8011695906432749,0.8571428571428571,0.829156223893066,1.0,0.8,0.0980316000059247
tdc_pgp_broccatelli,classification,2,2,stratified_scaffold_group,stratified_scaffold_group,10,et_90_d12,bagging,0.8860750514293821,0.8860750514293821,0.9028141999734324,0.153310687495135,1.0,0.4151077021005346,0.8031496062992126,0.8378378378378378,0.8204937220685252,1.0,0.8,0.1198330000042915
tdc_pgp_broccatelli,classification,2,3,stratified_scaffold_group,stratified_scaffold_group,10,et_90_d12,bagging,0.8957638183664586,0.8957638183664586,0.922757864097916,0.1381429649057014,1.0,0.4073495095412046,0.8032786885245902,0.8407079646017699,0.82199332656318,1.0,0.8,0.101432700001169
tdc_pgp_broccatelli,classification,2,1,stratified_scaffold_group,stratified_scaffold_group,11,et_90_leaf2,bagging,0.9275081643502696,0.9275081643502696,0.93799629112553,0.1133956725275027,0.0,0.3754478688589608,0.8070175438596492,0.8766233766233766,0.8418204602415129,1.0,0.8,0.0994917000061832
tdc_pgp_broccatelli,classification,2,2,stratified_scaffold_group,stratified_scaffold_group,11,et_90_leaf2,bagging,0.8806128963609279,0.8806128963609279,0.8998429022874734,0.1589315697808694,1.0,0.4050006153295878,0.8031496062992126,0.8108108108108107,0.8069802085550117,1.0,0.8,0.0940352999605238
tdc_pgp_broccatelli,classification,2,3,stratified_scaffold_group,stratified_scaffold_group,11,et_90_leaf2,bagging,0.9118671115624546,0.9118671115624546,0.9333622817291612,0.1296633394990647,1.0,0.3948510874198104,0.8032786885245902,0.8584070796460177,0.8308428840853039,1.0,0.8,0.0958499000407755
tdc_pgp_broccatelli,classification,2,1,stratified_scaffold_group,stratified_scaffold_group,12,et_120_d20_leaf2,bagging,0.9280018227386648,0.9280018227386648,0.9366313547706836,0.1141071547445744,0.0,0.3720697627817811,0.8128654970760234,0.8831168831168831,0.8479911900964532,1.0,0.8,0.1320897000259719
tdc_pgp_broccatelli,classification,2,2,stratified_scaffold_group,stratified_scaffold_group,12,et_120_d20_leaf2,bagging,0.8830247570405051,0.8830247570405051,0.9002481879918232,0.1605115326856298,1.0,0.4138298870465949,0.8031496062992126,0.8198198198198199,0.8114847130595162,1.0,0.8,0.1583159000147134
tdc_pgp_broccatelli,classification,2,3,stratified_scaffold_group,stratified_scaffold_group,12,et_120_d20_leaf2,bagging,0.914913680545481,0.914913680545481,0.9361184483593626,0.1286705655403128,1.0,0.4033580076496763,0.8032786885245902,0.8761061946902655,0.8396924416074278,1.0,0.8,0.1244198000058531
tdc_pgp_broccatelli,classification,2,1,stratified_scaffold_group,stratified_scaffold_group,13,histgb_lr0.05,boosting,0.8972431077694235,0.8972431077694235,0.9104416169142532,0.1247246280356522,0.0,0.3960515963577887,0.8011695906432749,0.8441558441558441,0.8226627173995595,1.0,0.8,1.4809900000109335
tdc_pgp_broccatelli,classification,2,2,stratified_scaffold_group,stratified_scaffold_group,13,histgb_lr0.05,boosting,0.8693339008299639,0.8693339008299639,0.8868712971692996,0.1503766398564043,1.0,0.4203791391163675,0.8031496062992126,0.7747747747747747,0.7889621905369937,1.0,0.8,1.2658162000006996
tdc_pgp_broccatelli,classification,2,3,stratified_scaffold_group,stratified_scaffold_group,13,histgb_lr0.05,boosting,0.8993181488466561,0.8993181488466561,0.9204314310788428,0.1319932505401404,1.0,0.3678101417245903,0.819672131147541,0.8495575221238938,0.8346148266357174,1.0,0.8,1.20819139998639
tdc_pgp_broccatelli,classification,2,1,stratified_scaffold_group,stratified_scaffold_group,14,histgb_lr0.1,boosting,0.8988759778233463,0.8988759778233463,0.9118471733079496,0.1276381200278756,0.0,0.3297432043233564,0.8011695906432749,0.8506493506493507,0.8259094706463128,1.0,0.8,1.032439700036775
tdc_pgp_broccatelli,classification,2,2,stratified_scaffold_group,stratified_scaffold_group,14,histgb_lr0.1,boosting,0.8647229907072427,0.8647229907072427,0.8855535660784504,0.1567618363869934,1.0,0.3242145251888404,0.8503937007874016,0.7567567567567568,0.8035752287720792,1.0,0.8,1.0872152000083588
tdc_pgp_broccatelli,classification,2,3,stratified_scaffold_group,stratified_scaffold_group,14,histgb_lr0.1,boosting,0.8918468011025678,0.8918468011025678,0.9189093789126952,0.1350428301597653,1.0,0.328426936251006,0.8032786885245902,0.8141592920353982,0.8087189902799942,1.0,0.8,1.0993864000192843
tdc_pgp_broccatelli,classification,2,1,stratified_scaffold_group,stratified_scaffold_group,15,gb_lr0.05_d2,boosting,0.8620034935824408,0.8620034935824408,0.8782967294047291,0.1511407676448443,0.0,0.4920503808600043,0.8011695906432749,0.7792207792207793,0.790195184932027,1.0,0.8,0.2532352000125684
tdc_pgp_broccatelli,classification,2,2,stratified_scaffold_group,stratified_scaffold_group,15,gb_lr0.05_d2,boosting,0.8598992693480882,0.8598992693480882,0.8826536496549189,0.1564983354658799,1.0,0.4067362977431463,0.8031496062992126,0.7387387387387387,0.7709441725189756,1.0,0.8,0.2970562999835238
tdc_pgp_broccatelli,classification,2,3,stratified_scaffold_group,stratified_scaffold_group,15,gb_lr0.05_d2,boosting,0.8639924561148992,0.8639924561148992,0.8959616805573483,0.152574206315242,1.0,0.4565899389761837,0.8032786885245902,0.8230088495575221,0.8131437690410561,1.0,0.8,0.2852533000404946
tdc_pgp_broccatelli,classification,2,1,stratified_scaffold_group,stratified_scaffold_group,16,gb_lr0.1_d3,boosting,0.8852813852813853,0.8852813852813853,0.9037965288468812,0.1332883903302205,0.0,0.5383656300994826,0.8654970760233918,0.7857142857142857,0.8256056808688388,1.0,0.8,0.390870500006713
tdc_pgp_broccatelli,classification,2,2,stratified_scaffold_group,stratified_scaffold_group,16,gb_lr0.1_d3,boosting,0.8652550187983259,0.8652550187983259,0.8812103985735273,0.1451208526206802,1.0,0.4878552661261665,0.8031496062992126,0.7927927927927928,0.7979711995460027,1.0,0.8,0.4256203999975696
tdc_pgp_broccatelli,classification,2,3,stratified_scaffold_group,stratified_scaffold_group,16,gb_lr0.1_d3,boosting,0.890468591324532,0.890468591324532,0.9088539242862832,0.1341028385984297,1.0,0.4479005140359104,0.8278688524590164,0.8672566371681416,0.847562744813579,1.0,0.8,0.4541601000237278
tdc_pgp_broccatelli,classification,2,1,stratified_scaffold_group,stratified_scaffold_group,17,lgbm_60_l15,boosting,0.889819245082403,0.889819245082403,0.9001616701057911,0.1312168010505114,0.0,0.4156449357478423,0.8070175438596492,0.8051948051948052,0.8061061745272272,1.0,0.8,0.055945900036022
tdc_pgp_broccatelli,classification,2,2,stratified_scaffold_group,stratified_scaffold_group,17,lgbm_60_l15,boosting,0.8617436333971765,0.8617436333971765,0.88335631612169,0.1517078742060116,1.0,0.4163085370741435,0.8031496062992126,0.7747747747747747,0.7889621905369937,1.0,0.8,0.0569361999514512
tdc_pgp_broccatelli,classification,2,3,stratified_scaffold_group,stratified_scaffold_group,17,lgbm_60_l15,boosting,0.8834324677208761,0.8834324677208761,0.9090234358222008,0.1394627123107692,1.0,0.3713477626651165,0.8032786885245902,0.8141592920353982,0.8087189902799942,1.0,0.8,0.0458714000415056
tdc_pgp_broccatelli,classification,2,1,stratified_scaffold_group,stratified_scaffold_group,18,lgbm_90_l31,boosting,0.9041922989291412,0.9041922989291412,0.9174084083626745,0.1195230156428423,0.0,0.3458619615277198,0.8070175438596492,0.8571428571428571,0.8320802005012531,1.0,0.8,0.0545082000317052
tdc_pgp_broccatelli,classification,2,2,stratified_scaffold_group,stratified_scaffold_group,18,lgbm_90_l31,boosting,0.868766404199475,0.868766404199475,0.8890944152409208,0.1513790585606799,1.0,0.3922955363766888,0.8031496062992126,0.7657657657657657,0.7844576860324892,1.0,0.8,0.1429111000034026
tdc_pgp_broccatelli,classification,2,3,stratified_scaffold_group,stratified_scaffold_group,18,lgbm_90_l31,boosting,0.9018569563325112,0.9018569563325112,0.9221294426302192,0.1307010383427285,1.0,0.3813018139321565,0.8114754098360656,0.8495575221238938,0.8305164659799797,1.0,0.8,0.142424099962227
tdc_pgp_broccatelli,classification,2,1,stratified_scaffold_group,stratified_scaffold_group,19,lgbm_60_l63,boosting,0.8984962406015038,0.8984962406015038,0.9128127087696308,0.1240130892512541,0.0,0.3618414571397205,0.8011695906432749,0.8441558441558441,0.8226627173995595,1.0,0.8,0.0624344000243581
tdc_pgp_broccatelli,classification,2,2,stratified_scaffold_group,stratified_scaffold_group,19,lgbm_60_l63,boosting,0.8628076895793431,0.8628076895793431,0.8828646444271594,0.1545018224130064,1.0,0.3733180693443099,0.8031496062992126,0.7117117117117118,0.7574306590054622,1.0,0.8,0.0619947000523097
tdc_pgp_broccatelli,classification,2,3,stratified_scaffold_group,stratified_scaffold_group,19,lgbm_60_l63,boosting,0.8969244160742784,0.8969244160742784,0.919380517300696,0.1311715952303747,1.0,0.346122275690021,0.8114754098360656,0.8584070796460177,0.8349412447410416,1.0,0.8,0.0604914000141434
tdc_pgp_broccatelli,classification,2,1,stratified_scaffold_group,stratified_scaffold_group,20,lgbm_100_leaf10,boosting,0.905711247816511,0.905711247816511,0.9222294764550126,0.1187859846380167,0.0,0.3057154832337688,0.8128654970760234,0.8571428571428571,0.8350041771094403,1.0,0.8,0.1216423999867402
tdc_pgp_broccatelli,classification,2,2,stratified_scaffold_group,stratified_scaffold_group,20,lgbm_100_leaf10,boosting,0.8629495637369654,0.8629495637369654,0.8828960022324255,0.1579647466025642,1.0,0.3544842808405234,0.8110236220472441,0.7837837837837838,0.7974037029155139,1.0,0.8,0.1378573999973014
tdc_pgp_broccatelli,classification,2,3,stratified_scaffold_group,stratified_scaffold_group,20,lgbm_100_leaf10,boosting,0.9041781517481504,0.9041781517481504,0.9234926062730584,0.1322651041615395,1.0,0.3488222604483776,0.8032786885245902,0.8584070796460177,0.8308428840853039,1.0,0.8,0.1720092000323347
tdc_pgp_broccatelli,classification,2,1,stratified_scaffold_group,stratified_scaffold_group,21,lgbm_100_leaf30,boosting,0.891964760385813,0.891964760385813,0.903337245884794,0.1291151531954907,0.0,0.4239991916541758,0.8070175438596492,0.8376623376623377,0.8223399407609935,1.0,0.8,0.0575387999997474
tdc_pgp_broccatelli,classification,2,2,stratified_scaffold_group,stratified_scaffold_group,21,lgbm_100_leaf30,boosting,0.8764985457898844,0.8764985457898844,0.8941360134086556,0.1410511848999237,1.0,0.4657614380770827,0.8031496062992126,0.7837837837837838,0.7934666950414981,1.0,0.8,0.0793590999674052
tdc_pgp_broccatelli,classification,2,3,stratified_scaffold_group,stratified_scaffold_group,21,lgbm_100_leaf30,boosting,0.8878572464819382,0.8878572464819382,0.9104142198564728,0.1397734934670003,1.0,0.3980313870898319,0.8032786885245902,0.8672566371681416,0.8352676628463659,1.0,0.8,0.0567849000217393
tdc_pgp_broccatelli,classification,2,1,stratified_scaffold_group,stratified_scaffold_group,22,lgbm_80_ff0.7,boosting,0.9044960887066152,0.9044960887066152,0.9176948120192564,0.1196292578057904,0.0,0.3167916127486742,0.8011695906432749,0.8766233766233766,0.8388964836333257,1.0,0.8,0.055459700000938
tdc_pgp_broccatelli,classification,2,2,stratified_scaffold_group,stratified_scaffold_group,22,lgbm_80_ff0.7,boosting,0.8656451727317869,0.8656451727317869,0.8832337655989627,0.1539707003661368,1.0,0.3496826399152488,0.8110236220472441,0.7297297297297297,0.7703766758884869,1.0,0.8,0.057421899982728
tdc_pgp_broccatelli,classification,2,3,stratified_scaffold_group,stratified_scaffold_group,22,lgbm_80_ff0.7,boosting,0.9000435224140433,0.9000435224140433,0.9232212157119136,0.1301239684132625,1.0,0.3250595141443002,0.8442622950819673,0.8141592920353982,0.8292107935586828,1.0,0.8,0.0567491000401787
tdc_pgp_broccatelli,classification,2,1,stratified_scaffold_group,stratified_scaffold_group,23,lgbm_80_bag0.8,boosting,0.9004329004329006,0.9004329004329006,0.9131874758918428,0.1214850107822898,0.0,0.3395205694822904,0.8011695906432749,0.8506493506493507,0.8259094706463128,1.0,0.8,0.0519182999851182
tdc_pgp_broccatelli,classification,2,2,stratified_scaffold_group,stratified_scaffold_group,23,lgbm_80_bag0.8,boosting,0.8689082783570973,0.8689082783570973,0.8870887820042479,0.1505042816943616,1.0,0.3633024441860026,0.8110236220472441,0.8018018018018018,0.806412711924523,1.0,0.8,0.0619596000178717
tdc_pgp_broccatelli,classification,2,3,stratified_scaffold_group,stratified_scaffold_group,23,lgbm_80_bag0.8,boosting,0.8964891919338459,0.8964891919338459,0.9154290072439196,0.135653413602023,1.0,0.3687911278262623,0.8032786885245902,0.8407079646017699,0.82199332656318,1.0,0.8,0.060620000003837
tdc_pgp_broccatelli,classification,2,1,stratified_scaffold_group,stratified_scaffold_group,24,lgbm_120_l15,boosting,0.901002506265664,0.901002506265664,0.9113514467242904,0.1237038601750005,0.0,0.3604919856969079,0.8011695906432749,0.8636363636363636,0.8324029771398193,1.0,0.8,0.0718973000184632
tdc_pgp_broccatelli,classification,2,2,stratified_scaffold_group,stratified_scaffold_group,24,lgbm_120_l15,boosting,0.8660707952046535,0.8660707952046535,0.8898115387984883,0.1517256533549285,1.0,0.3976988186210178,0.8031496062992126,0.7567567567567568,0.7799531815279848,1.0,0.8,0.1246443000272847
tdc_pgp_broccatelli,classification,2,3,stratified_scaffold_group,stratified_scaffold_group,24,lgbm_120_l15,boosting,0.8934426229508198,0.8934426229508198,0.9161269493762196,0.1346795143713894,1.0,0.3959937788191634,0.8032786885245902,0.8495575221238938,0.826418105324242,1.0,0.8,0.0877110000001266
tdc_pgp_broccatelli,classification,2,1,stratified_scaffold_group,stratified_scaffold_group,25,xgb_60_d3,boosting,0.8873699400015189,0.8873699400015189,0.902258980325884,0.1324361882278326,0.0,0.4825082719326019,0.8713450292397661,0.7922077922077922,0.8317764107237792,1.0,0.8,0.053280199994333
tdc_pgp_broccatelli,classification,2,2,stratified_scaffold_group,stratified_scaffold_group,25,xgb_60_d3,boosting,0.8662836064410867,0.8662836064410867,0.889681156398426,0.1496563463232334,1.0,0.3686613738536834,0.8267716535433071,0.7567567567567568,0.791764205150032,1.0,0.8,0.064216699975077
tdc_pgp_broccatelli,classification,2,3,stratified_scaffold_group,stratified_scaffold_group,25,xgb_60_d3,boosting,0.8819817205861018,0.8819817205861018,0.9105159365502724,0.1396903649556349,1.0,0.44546839594841,0.8114754098360656,0.8761061946902655,0.8437908022631655,1.0,0.8,0.0581971999490633
tdc_pgp_broccatelli,classification,2,1,stratified_scaffold_group,stratified_scaffold_group,26,xgb_80_d5,boosting,0.891053391053391,0.891053391053391,0.9058722530980248,0.1258616496844472,0.0,0.3823442757129669,0.8128654970760234,0.8311688311688312,0.8220171641224273,1.0,0.8,0.078586199961137
tdc_pgp_broccatelli,classification,2,2,stratified_scaffold_group,stratified_scaffold_group,26,xgb_80_d5,boosting,0.8728098176917074,0.8728098176917074,0.8887509069648039,0.147089176141158,1.0,0.3906395733356476,0.8110236220472441,0.7837837837837838,0.7974037029155139,1.0,0.8,0.0800404999754391
tdc_pgp_broccatelli,classification,2,3,stratified_scaffold_group,stratified_scaffold_group,26,xgb_80_d5,boosting,0.8872769476280284,0.8872769476280284,0.9108113496761534,0.1396025692994553,1.0,0.3847609162330627,0.8114754098360656,0.8407079646017699,0.8260916872189177,1.0,0.8,0.0864477999857626
tdc_pgp_broccatelli,classification,2,1,stratified_scaffold_group,stratified_scaffold_group,27,xgb_100_d3,boosting,0.896236804131541,0.896236804131541,0.9077345082392608,0.1295191368689389,0.0,0.4580369591712951,0.8245614035087719,0.7922077922077922,0.8083845978582821,1.0,0.8,0.0716011999757029
tdc_pgp_broccatelli,classification,2,2,stratified_scaffold_group,stratified_scaffold_group,27,xgb_100_d3,boosting,0.8621692558700432,0.8621692558700432,0.8805215271956723,0.1521592700829832,1.0,0.403703361749649,0.8031496062992126,0.7747747747747747,0.7889621905369937,1.0,0.8,0.0766978000174276
tdc_pgp_broccatelli,classification,2,3,stratified_scaffold_group,stratified_scaffold_group,27,xgb_100_d3,boosting,0.891048890178442,0.891048890178442,0.9146154564091936,0.1350006442074596,1.0,0.4689655005931854,0.8032786885245902,0.8849557522123894,0.8441172203684898,1.0,0.8,0.0861559999757446
tdc_pgp_broccatelli,classification,2,1,stratified_scaffold_group,stratified_scaffold_group,28,xgb_60_d6,boosting,0.906622617148933,0.906622617148933,0.9187214261305156,0.1195557740337464,0.0,0.3479461073875427,0.8011695906432749,0.8246753246753247,0.8129224576592997,1.0,0.8,0.072987399995327
tdc_pgp_broccatelli,classification,2,2,stratified_scaffold_group,stratified_scaffold_group,28,xgb_60_d6,boosting,0.8801163368092502,0.8801163368092502,0.8941961857516355,0.1404515347180609,1.0,0.4233775436878204,0.8188976377952756,0.8018018018018018,0.8103497197985388,1.0,0.8,0.0851518999552354
tdc_pgp_broccatelli,classification,2,3,stratified_scaffold_group,stratified_scaffold_group,28,xgb_60_d6,boosting,0.8849557522123894,0.8849557522123894,0.9077601699893548,0.1409152499936805,1.0,0.3076965808868408,0.8278688524590164,0.7876106194690266,0.8077397359640215,1.0,0.8,0.0823528000037185
tdc_pgp_broccatelli,classification,2,1,stratified_scaffold_group,stratified_scaffold_group,29,cat_60_d4,boosting,0.885243411559201,0.885243411559201,0.9008415066810808,0.1358812574506065,0.0,0.4564589306105096,0.8128654970760234,0.8116883116883117,0.8122769043821676,1.0,0.8,0.2325389999896288
tdc_pgp_broccatelli,classification,2,2,stratified_scaffold_group,stratified_scaffold_group,29,cat_60_d4,boosting,0.86195644463361,0.86195644463361,0.8772991876440474,0.156943159084543,1.0,0.4006082053072295,0.8031496062992126,0.7387387387387387,0.7709441725189756,1.0,0.8,0.2204093000036664
tdc_pgp_broccatelli,classification,2,3,stratified_scaffold_group,stratified_scaffold_group,29,cat_60_d4,boosting,0.8803858987378501,0.8803858987378501,0.9091509186312527,0.1418959768767104,1.0,0.4433785860516583,0.8114754098360656,0.8495575221238938,0.8305164659799797,1.0,0.8,0.2713357000029646
tdc_pgp_broccatelli,classification,2,1,stratified_scaffold_group,stratified_scaffold_group,30,cat_80_d6,boosting,0.8986481354902408,0.8986481354902408,0.9079729693434088,0.1292630456594318,0.0,0.4205280396960426,0.8011695906432749,0.8441558441558441,0.8226627173995595,1.0,0.8,0.5905110000167042
tdc_pgp_broccatelli,classification,2,2,stratified_scaffold_group,stratified_scaffold_group,30,cat_80_d6,boosting,0.8705398311697524,0.8705398311697524,0.879684723775452,0.150912985685048,1.0,0.4613918961302092,0.8031496062992126,0.8288288288288288,0.8159892175640207,1.0,0.8,0.5742348000057973
tdc_pgp_broccatelli,classification,2,3,stratified_scaffold_group,stratified_scaffold_group,30,cat_80_d6,boosting,0.8858262004932539,0.8858262004932539,0.9190563598709672,0.1340036954878721,1.0,0.4362905174787179,0.8032786885245902,0.8672566371681416,0.8352676628463659,1.0,0.8,0.6508140999940224
tdc_pgp_broccatelli,classification,2,1,stratified_scaffold_group,stratified_scaffold_group,31,cat_100_d4,boosting,0.8883572567783095,0.8883572567783095,0.9014606357855132,0.1355857282618214,0.0,0.4565277193640487,0.8128654970760234,0.8311688311688312,0.8220171641224273,1.0,0.8,0.360644600004889
tdc_pgp_broccatelli,classification,2,2,stratified_scaffold_group,stratified_scaffold_group,31,cat_100_d4,boosting,0.8626658154217208,0.8626658154217208,0.8813935377822137,0.153766805784589,1.0,0.411778069879022,0.8110236220472441,0.8018018018018018,0.806412711924523,1.0,0.8,0.4147211000090465
tdc_pgp_broccatelli,classification,2,3,stratified_scaffold_group,stratified_scaffold_group,31,cat_100_d4,boosting,0.8752357464094007,0.8752357464094007,0.9096396566213296,0.1440988987030965,1.0,0.4202415468547962,0.819672131147541,0.8141592920353982,0.8169157115914696,1.0,0.8,0.4561432999907993
tdc_pgp_broccatelli,classification,2,1,stratified_scaffold_group,stratified_scaffold_group,32,cat_60_d8,boosting,0.8928001822738665,0.8928001822738665,0.9101091698839748,0.128065806800924,0.0,0.4182914526921242,0.8011695906432749,0.8181818181818182,0.8096757044125465,1.0,0.8,1.384756600018591
tdc_pgp_broccatelli,classification,2,2,stratified_scaffold_group,stratified_scaffold_group,32,cat_60_d8,boosting,0.8778463502872952,0.8778463502872952,0.8958563606379615,0.1450293443616873,1.0,0.3945390799389109,0.8346456692913385,0.8018018018018018,0.8182237355465702,1.0,0.8,1.336949500022456
tdc_pgp_broccatelli,classification,2,3,stratified_scaffold_group,stratified_scaffold_group,32,cat_60_d8,boosting,0.8895981430436676,0.8895981430436676,0.917440027153092,0.1356425426126066,1.0,0.3874129017706269,0.8032786885245902,0.8407079646017699,0.82199332656318,1.0,0.8,1.3009176999912595
tdc_pgp_broccatelli,classification,3,1,stratified_scaffold_group,stratified_scaffold_group,1,logreg_l2_c0.1,linear,0.8398333692451341,0.8398333692451341,0.8678516371548586,0.159282718409356,0.0,0.4412021630056603,0.8067226890756303,0.7008547008547008,0.7537886949651655,1.0,0.8,0.0037094000144861
tdc_pgp_broccatelli,classification,3,2,stratified_scaffold_group,stratified_scaffold_group,1,logreg_l2_c0.1,linear,0.8897863470557581,0.8897863470557581,0.9408425569846396,0.1340727448261183,0.0,0.5071218676060377,0.8217821782178218,0.7947368421052632,0.8082595101615425,1.0,0.8,0.0037873000255785
tdc_pgp_broccatelli,classification,3,3,stratified_scaffold_group,stratified_scaffold_group,1,logreg_l2_c0.1,linear,0.9026053639846744,0.9026053639846744,0.9451610441336972,0.127120697252188,0.0,0.4262388910391589,0.8,0.8344827586206897,0.8172413793103448,1.0,0.8,0.0049711999599821
tdc_pgp_broccatelli,classification,3,1,stratified_scaffold_group,stratified_scaffold_group,2,logreg_l2_c1,linear,0.8417726064784888,0.8417726064784888,0.868533957497944,0.1702943867695967,0.0,0.4829779889300895,0.8151260504201681,0.6752136752136753,0.7451698628169217,1.0,0.8,0.0062162000103853
tdc_pgp_broccatelli,classification,3,2,stratified_scaffold_group,stratified_scaffold_group,2,logreg_l2_c1,linear,0.8945284002084419,0.8945284002084419,0.945339177478599,0.1291659223833506,0.0,0.5065339432091902,0.8217821782178218,0.8526315789473684,0.8372068785825951,1.0,0.8,0.0042804999975487
tdc_pgp_broccatelli,classification,3,3,stratified_scaffold_group,stratified_scaffold_group,2,logreg_l2_c1,linear,0.8956321839080459,0.8956321839080459,0.937647736413818,0.1288040897340117,0.0,0.4582493478043842,0.8333333333333334,0.8551724137931035,0.8442528735632184,1.0,0.8,0.0058849999913945
tdc_pgp_broccatelli,classification,3,1,stratified_scaffold_group,stratified_scaffold_group,3,logreg_l2_c10,linear,0.8439991381167852,0.8439991381167852,0.8675091226171243,0.1855239280089525,0.0,0.4142611542536961,0.8067226890756303,0.7521367521367521,0.7794297206061912,1.0,0.8,0.0065531999571248
tdc_pgp_broccatelli,classification,3,2,stratified_scaffold_group,stratified_scaffold_group,3,logreg_l2_c10,linear,0.8913496612819176,0.8913496612819176,0.9444381465611448,0.1431887780457571,0.0,0.6669047230909667,0.8118811881188119,0.8263157894736842,0.819098488796248,1.0,0.8,0.0059941000072285
tdc_pgp_broccatelli,classification,3,3,stratified_scaffold_group,stratified_scaffold_group,3,logreg_l2_c10,linear,0.8874329501915709,0.8874329501915709,0.9316966697955082,0.1339144508347211,0.0,0.4002331499473492,0.8111111111111111,0.8827586206896552,0.8469348659003831,1.0,0.8,0.0057379000354558
tdc_pgp_broccatelli,classification,3,1,stratified_scaffold_group,stratified_scaffold_group,4,logreg_l1_c1,linear,0.8039215686274509,0.8039215686274509,0.8425283243594519,0.2000422050239758,0.0,0.5663897907031352,0.8151260504201681,0.6752136752136753,0.7451698628169217,1.0,0.8,0.0082224999787285
tdc_pgp_broccatelli,classification,3,2,stratified_scaffold_group,stratified_scaffold_group,4,logreg_l1_c1,linear,0.8792079207920793,0.8792079207920793,0.937807198768134,0.142466705914404,0.0,0.4399989058235332,0.801980198019802,0.8210526315789474,0.8115164147993748,1.0,0.8,0.0065266999881714
tdc_pgp_broccatelli,classification,3,3,stratified_scaffold_group,stratified_scaffold_group,4,logreg_l1_c1,linear,0.8900383141762452,0.8900383141762452,0.9304918878658622,0.1396290683306808,0.0,0.4872090065366063,0.8,0.8413793103448276,0.8206896551724139,1.0,0.8,0.0087391000124625
tdc_pgp_broccatelli,classification,3,1,stratified_scaffold_group,stratified_scaffold_group,5,rf_60_sqrt,bagging,0.8789413201177907,0.8789413201177907,0.8948108051388849,0.1408250941619585,0.0,0.5,0.8235294117647058,0.717948717948718,0.7707390648567118,1.0,0.8,0.1210829999763518
tdc_pgp_broccatelli,classification,3,2,stratified_scaffold_group,stratified_scaffold_group,5,rf_60_sqrt,bagging,0.8897342365815529,0.8897342365815529,0.924661626700334,0.1429295532646048,0.0,0.45,0.801980198019802,0.8315789473684211,0.8167795726941116,1.0,0.8,0.1025193000095896
tdc_pgp_broccatelli,classification,3,3,stratified_scaffold_group,stratified_scaffold_group,5,rf_60_sqrt,bagging,0.9142911877394636,0.9142911877394636,0.9488866988489332,0.122047281323877,0.0,0.4666666666666667,0.8,0.8689655172413793,0.8344827586206897,1.0,0.8,0.1154388999566435
tdc_pgp_broccatelli,classification,3,1,stratified_scaffold_group,stratified_scaffold_group,6,rf_90_d12,bagging,0.9033972563384328,0.9033972563384328,0.9169226385175586,0.132940807909743,0.0,0.4312018865993658,0.8067226890756303,0.8803418803418803,0.8435322847087553,1.0,0.8,0.1768339999835007
tdc_pgp_broccatelli,classification,3,2,stratified_scaffold_group,stratified_scaffold_group,6,rf_90_d12,bagging,0.89421573736321,0.89421573736321,0.9344870285485516,0.1409635904542907,0.0,0.390965586158748,0.801980198019802,0.8789473684210526,0.8404637832204274,1.0,0.8,0.1842811999958939
tdc_pgp_broccatelli,classification,3,3,stratified_scaffold_group,stratified_scaffold_group,6,rf_90_d12,bagging,0.9095019157088122,0.9095019157088122,0.946680168495105,0.1309242917119755,0.0,0.4179246848168271,0.8,0.8551724137931035,0.8275862068965518,1.0,0.8,0.1858810999547131
tdc_pgp_broccatelli,classification,3,1,stratified_scaffold_group,stratified_scaffold_group,7,rf_90_leaf2,bagging,0.8954248366013072,0.8954248366013072,0.9108251657525096,0.1344860868792088,0.0,0.423186806140842,0.8235294117647058,0.811965811965812,0.8177476118652589,1.0,0.8,0.1789168999530375
tdc_pgp_broccatelli,classification,3,2,stratified_scaffold_group,stratified_scaffold_group,7,rf_90_leaf2,bagging,0.8982803543512244,0.8982803543512244,0.9359174784971545,0.1448705450429679,0.0,0.4138027531229702,0.801980198019802,0.8526315789473684,0.8273058884835852,1.0,0.8,0.1469463999965228
tdc_pgp_broccatelli,classification,3,3,stratified_scaffold_group,stratified_scaffold_group,7,rf_90_leaf2,bagging,0.926360153256705,0.926360153256705,0.9568014425361178,0.1265180419413093,0.0,0.4216643782013826,0.8111111111111111,0.8689655172413793,0.8400383141762452,1.0,0.8,0.1646142000099644
tdc_pgp_broccatelli,classification,3,1,stratified_scaffold_group,stratified_scaffold_group,8,rf_120_d20_leaf2,bagging,0.9054083171730232,0.9054083171730232,0.918783115523812,0.1301609748290562,0.0,0.4228574385333166,0.8151260504201681,0.8632478632478633,0.8391869568340157,1.0,0.8,0.2097644999739714
tdc_pgp_broccatelli,classification,3,2,stratified_scaffold_group,stratified_scaffold_group,8,rf_120_d20_leaf2,bagging,0.8987493486190724,0.8987493486190724,0.9344062279719628,0.144642912876648,0.0,0.400795920720835,0.801980198019802,0.8578947368421053,0.8299374674309536,1.0,0.8,0.1810980000300333
tdc_pgp_broccatelli,classification,3,3,stratified_scaffold_group,stratified_scaffold_group,8,rf_120_d20_leaf2,bagging,0.9273563218390806,0.9273563218390806,0.9573091653239084,0.12792768438711,0.0,0.4067985792919947,0.8,0.8758620689655172,0.8379310344827586,1.0,0.8,0.2131823999807238
tdc_pgp_broccatelli,classification,3,1,stratified_scaffold_group,stratified_scaffold_group,9,et_60_sqrt,bagging,0.8911872441284207,0.8911872441284207,0.9042953923856106,0.131843220338983,0.0,0.4666666666666667,0.8067226890756303,0.8290598290598291,0.8178912590677296,1.0,0.8,0.0763197000487707
tdc_pgp_broccatelli,classification,3,2,stratified_scaffold_group,stratified_scaffold_group,9,et_60_sqrt,bagging,0.8986711829077645,0.8986711829077645,0.9261598607704324,0.1346687667048492,0.0,0.4333333333333333,0.8118811881188119,0.8736842105263158,0.8427826993225639,1.0,0.8,0.0594378000241704
tdc_pgp_broccatelli,classification,3,3,stratified_scaffold_group,stratified_scaffold_group,9,et_60_sqrt,bagging,0.9135249042145592,0.9135249042145592,0.9485755618126576,0.1230650118203309,0.0,0.4166666666666667,0.8,0.8896551724137931,0.8448275862068966,1.0,0.8,0.0710855000070296
tdc_pgp_broccatelli,classification,3,1,stratified_scaffold_group,stratified_scaffold_group,10,et_90_d12,bagging,0.8945629533864827,0.8945629533864827,0.9086875771076112,0.1328875738252419,0.0,0.4231743978914446,0.8151260504201681,0.8547008547008547,0.8349134525605113,1.0,0.8,0.0924461999675259
tdc_pgp_broccatelli,classification,3,2,stratified_scaffold_group,stratified_scaffold_group,10,et_90_d12,bagging,0.8890046899426786,0.8890046899426786,0.9248323337913076,0.142189886191387,0.0,0.4018119381854403,0.801980198019802,0.8578947368421053,0.8299374674309536,1.0,0.8,0.1020744999987073
tdc_pgp_broccatelli,classification,3,3,stratified_scaffold_group,stratified_scaffold_group,10,et_90_d12,bagging,0.912183908045977,0.912183908045977,0.9490359796418176,0.1296548190254587,0.0,0.3965934310352647,0.8,0.8551724137931035,0.8275862068965518,1.0,0.8,0.1037275999551639
tdc_pgp_broccatelli,classification,3,1,stratified_scaffold_group,stratified_scaffold_group,11,et_90_leaf2,bagging,0.9002370178840767,0.9002370178840767,0.9145166748608228,0.1278749505654929,0.0,0.4031019866415861,0.8319327731092436,0.8632478632478633,0.8475903181785535,1.0,0.8,0.0955345999682322
tdc_pgp_broccatelli,classification,3,2,stratified_scaffold_group,stratified_scaffold_group,11,et_90_leaf2,bagging,0.8983845752996352,0.8983845752996352,0.9360204468140298,0.1456266458076613,0.0,0.3665738668333372,0.801980198019802,0.8736842105263158,0.8378322042730589,1.0,0.8,0.0813063000096008
tdc_pgp_broccatelli,classification,3,3,stratified_scaffold_group,stratified_scaffold_group,11,et_90_leaf2,bagging,0.9188505747126436,0.9188505747126436,0.9529700828813504,0.1285345140339919,0.0,0.3689231598042245,0.8,0.8827586206896552,0.8413793103448276,1.0,0.8,0.100483999995049
tdc_pgp_broccatelli,classification,3,1,stratified_scaffold_group,stratified_scaffold_group,12,et_120_d20_leaf2,bagging,0.903253609135962,0.903253609135962,0.913018553559909,0.1277792447128286,0.0,0.4123275853106415,0.8403361344537815,0.8632478632478633,0.8517919988508225,1.0,0.8,0.1246591999661177
tdc_pgp_broccatelli,classification,3,2,stratified_scaffold_group,stratified_scaffold_group,12,et_120_d20_leaf2,bagging,0.901823866597186,0.901823866597186,0.937387154878658,0.1435708822287204,0.0,0.3723136286749808,0.801980198019802,0.868421052631579,0.8352006253256905,1.0,0.8,0.1201442999881692
tdc_pgp_broccatelli,classification,3,3,stratified_scaffold_group,stratified_scaffold_group,12,et_120_d20_leaf2,bagging,0.9203831417624522,0.9203831417624522,0.9539461891376452,0.1288361979588849,0.0,0.3660776316809412,0.8,0.8827586206896552,0.8413793103448276,1.0,0.8,0.1258739000186324
tdc_pgp_broccatelli,classification,3,1,stratified_scaffold_group,stratified_scaffold_group,13,histgb_lr0.05,boosting,0.8613086260145084,0.8613086260145084,0.8810217232240513,0.1606228749704125,0.0,0.4692867431361041,0.8067226890756303,0.6837606837606838,0.745241686418157,1.0,0.8,1.117965699988417
tdc_pgp_broccatelli,classification,3,2,stratified_scaffold_group,stratified_scaffold_group,13,histgb_lr0.05,boosting,0.8749869723814486,0.8749869723814486,0.9311106076976908,0.1513144363063914,0.0,0.4485653597121732,0.8118811881188119,0.7526315789473684,0.7822563835330902,1.0,0.8,1.0616586999967694
tdc_pgp_broccatelli,classification,3,3,stratified_scaffold_group,stratified_scaffold_group,13,histgb_lr0.05,boosting,0.9125670498084292,0.9125670498084292,0.949521514546646,0.1218112267189971,0.0,0.4142654573430849,0.8,0.8413793103448276,0.8206896551724139,1.0,0.8,1.1586088999756612
tdc_pgp_broccatelli,classification,3,1,stratified_scaffold_group,stratified_scaffold_group,14,histgb_lr0.1,boosting,0.8664081017022193,0.8664081017022193,0.8862171123498628,0.1633808239781093,0.0,0.3694075011421813,0.8067226890756303,0.7521367521367521,0.7794297206061912,1.0,0.8,0.8982621000031941
tdc_pgp_broccatelli,classification,3,2,stratified_scaffold_group,stratified_scaffold_group,14,histgb_lr0.1,boosting,0.8740489838457529,0.8740489838457529,0.9287330668197976,0.1573545880912649,0.0,0.446367611265301,0.801980198019802,0.7842105263157895,0.7930953621677957,1.0,0.8,1.0399741000146605
tdc_pgp_broccatelli,classification,3,3,stratified_scaffold_group,stratified_scaffold_group,14,histgb_lr0.1,boosting,0.9130268199233716,0.9130268199233716,0.9503249669301986,0.1280899568088525,0.0,0.3639926647922592,0.8,0.8620689655172413,0.8310344827586207,1.0,0.8,1.0797194999759083
tdc_pgp_broccatelli,classification,3,1,stratified_scaffold_group,stratified_scaffold_group,15,gb_lr0.05_d2,boosting,0.8780435251023487,0.8780435251023487,0.8940647000181907,0.1534735045623835,0.0,0.6008515117125116,0.8235294117647058,0.7692307692307693,0.7963800904977376,1.0,0.8,0.352986299956683
tdc_pgp_broccatelli,classification,3,2,stratified_scaffold_group,stratified_scaffold_group,15,gb_lr0.05_d2,boosting,0.8726159458051067,0.8726159458051067,0.9259133211117204,0.1487922759000685,0.0,0.4984967625344369,0.8118811881188119,0.7684210526315789,0.7901511203751954,1.0,0.8,0.3195775999920442
tdc_pgp_broccatelli,classification,3,3,stratified_scaffold_group,stratified_scaffold_group,15,gb_lr0.05_d2,boosting,0.8772796934865901,0.8772796934865901,0.9239113164031652,0.1420637315236039,0.0,0.5077168505938546,0.8,0.8,0.8,1.0,0.8,0.3387424999964423
tdc_pgp_broccatelli,classification,3,1,stratified_scaffold_group,stratified_scaffold_group,16,gb_lr0.1_d3,boosting,0.8717948717948718,0.8717948717948718,0.8855762468845746,0.1486539127128684,0.0,0.5916353330637238,0.8067226890756303,0.811965811965812,0.8093442505207211,1.0,0.8,0.4491418999969028
tdc_pgp_broccatelli,classification,3,2,stratified_scaffold_group,stratified_scaffold_group,16,gb_lr0.1_d3,boosting,0.9041688379364252,0.9041688379364252,0.9466597971309484,0.1230053062306371,0.0,0.4721956216968287,0.801980198019802,0.8368421052631579,0.8194111516414799,1.0,0.8,0.4228151999996044
tdc_pgp_broccatelli,classification,3,3,stratified_scaffold_group,stratified_scaffold_group,16,gb_lr0.1_d3,boosting,0.8993869731800767,0.8993869731800767,0.9397799815874976,0.1282353727579745,0.0,0.4802650174600454,0.8222222222222222,0.8344827586206897,0.8283524904214559,1.0,0.8,0.4836864999961108
tdc_pgp_broccatelli,classification,3,1,stratified_scaffold_group,stratified_scaffold_group,17,lgbm_60_l15,boosting,0.8685628097392805,0.8685628097392805,0.8895709487292845,0.1468300040009611,0.0,0.5717461886922002,0.8067226890756303,0.7435897435897436,0.7751562163326869,1.0,0.8,0.0801012000301852
tdc_pgp_broccatelli,classification,3,2,stratified_scaffold_group,stratified_scaffold_group,17,lgbm_60_l15,boosting,0.8682126107347578,0.8682126107347578,0.9219145645197564,0.15642441991034,0.0,0.3986383983686773,0.801980198019802,0.7736842105263158,0.7878322042730589,1.0,0.8,0.0698506000335328
tdc_pgp_broccatelli,classification,3,3,stratified_scaffold_group,stratified_scaffold_group,17,lgbm_60_l15,boosting,0.9134099616858238,0.9134099616858238,0.9495392231178788,0.119779724944083,0.0,0.443917943449956,0.8333333333333334,0.8620689655172413,0.8477011494252873,1.0,0.8,0.0573716000071726
tdc_pgp_broccatelli,classification,3,1,stratified_scaffold_group,stratified_scaffold_group,18,lgbm_90_l31,boosting,0.8627450980392157,0.8627450980392157,0.8810116731479442,0.1556871621812364,0.0,0.5524961973058216,0.8151260504201681,0.717948717948718,0.766537384184443,1.0,0.8,0.1200918999966234
tdc_pgp_broccatelli,classification,3,2,stratified_scaffold_group,stratified_scaffold_group,18,lgbm_90_l31,boosting,0.8763939551849921,0.8763939551849921,0.9319923740015033,0.1478243164903005,0.0,0.4208252897246672,0.801980198019802,0.8052631578947368,0.8036216779572694,1.0,0.8,0.1404473000438884
tdc_pgp_broccatelli,classification,3,3,stratified_scaffold_group,stratified_scaffold_group,18,lgbm_90_l31,boosting,0.923295019157088,0.923295019157088,0.9552784646179748,0.1133813123488381,0.0,0.4143803107323129,0.8111111111111111,0.8551724137931035,0.8331417624521074,1.0,0.8,0.0770428000250831
tdc_pgp_broccatelli,classification,3,1,stratified_scaffold_group,stratified_scaffold_group,19,lgbm_60_l63,boosting,0.8586511527687998,0.8586511527687998,0.8785173810454481,0.1634595360390434,0.0,0.534583098997818,0.8151260504201681,0.6752136752136753,0.7451698628169217,1.0,0.8,0.0560012999922037
tdc_pgp_broccatelli,classification,3,2,stratified_scaffold_group,stratified_scaffold_group,19,lgbm_60_l63,boosting,0.8796248045857217,0.8796248045857217,0.9349635838623964,0.1461973917622496,0.0,0.3618711834989125,0.8118811881188119,0.8473684210526315,0.8296248045857217,1.0,0.8,0.0335128000006079
tdc_pgp_broccatelli,classification,3,3,stratified_scaffold_group,stratified_scaffold_group,19,lgbm_60_l63,boosting,0.9176245210727968,0.9176245210727968,0.9529941730973068,0.1178642014954229,0.0,0.3865716314210539,0.8,0.8689655172413793,0.8344827586206897,1.0,0.8,0.0382879999815486
tdc_pgp_broccatelli,classification,3,1,stratified_scaffold_group,stratified_scaffold_group,20,lgbm_100_leaf10,boosting,0.8571428571428572,0.8571428571428572,0.8731783415292982,0.1644632477677848,0.0,0.5744248422233348,0.8319327731092436,0.6324786324786325,0.732205702793938,1.0,0.8,0.0787275999900884
tdc_pgp_broccatelli,classification,3,2,stratified_scaffold_group,stratified_scaffold_group,20,lgbm_100_leaf10,boosting,0.8776446065659197,0.8776446065659197,0.9196127121300596,0.1509400375192294,0.0,0.3610391316352631,0.801980198019802,0.8157894736842105,0.8088848358520062,1.0,0.8,0.0772829000488855
tdc_pgp_broccatelli,classification,3,3,stratified_scaffold_group,stratified_scaffold_group,20,lgbm_100_leaf10,boosting,0.9049808429118774,0.9049808429118774,0.9448329069041154,0.133408634528208,0.0,0.3780725506505448,0.8222222222222222,0.8551724137931035,0.8386973180076629,1.0,0.8,0.0914307000348344
tdc_pgp_broccatelli,classification,3,1,stratified_scaffold_group,stratified_scaffold_group,21,lgbm_100_leaf30,boosting,0.8669826905121023,0.8669826905121023,0.8864243043467421,0.1532671837231844,0.0,0.5276826334427881,0.8067226890756303,0.7435897435897436,0.7751562163326869,1.0,0.8,0.037267800013069
tdc_pgp_broccatelli,classification,3,2,stratified_scaffold_group,stratified_scaffold_group,21,lgbm_100_leaf30,boosting,0.89009900990099,0.89009900990099,0.9387797695472236,0.1340047225847767,0.0,0.4357575736147943,0.8118811881188119,0.8631578947368421,0.837519541427827,1.0,0.8,0.035200500045903
tdc_pgp_broccatelli,classification,3,3,stratified_scaffold_group,stratified_scaffold_group,21,lgbm_100_leaf30,boosting,0.9104214559386972,0.9104214559386972,0.9469057815274892,0.122876375706986,0.0,0.4990496475635363,0.8222222222222222,0.8137931034482758,0.8180076628352491,1.0,0.8,0.0433431999990716
tdc_pgp_broccatelli,classification,3,1,stratified_scaffold_group,stratified_scaffold_group,22,lgbm_80_ff0.7,boosting,0.8740932270344035,0.8740932270344035,0.8908157158920055,0.1484543097082992,0.0,0.5381230560759444,0.8151260504201681,0.7435897435897436,0.7793578970049558,1.0,0.8,0.0700497000361792
tdc_pgp_broccatelli,classification,3,2,stratified_scaffold_group,stratified_scaffold_group,22,lgbm_80_ff0.7,boosting,0.873892652423137,0.873892652423137,0.9284987749742863,0.15217915808528,0.0,0.3940790562829777,0.801980198019802,0.7947368421052632,0.7983585200625326,1.0,0.8,0.0398928000358864
tdc_pgp_broccatelli,classification,3,3,stratified_scaffold_group,stratified_scaffold_group,22,lgbm_80_ff0.7,boosting,0.9159386973180076,0.9159386973180076,0.9512864482440077,0.1189560933846787,0.0,0.4275341260100163,0.8111111111111111,0.8758620689655172,0.8434865900383142,1.0,0.8,0.043498000013642
tdc_pgp_broccatelli,classification,3,1,stratified_scaffold_group,stratified_scaffold_group,23,lgbm_80_bag0.8,boosting,0.8693528693528693,0.8693528693528693,0.8880883987639473,0.1550951698869744,0.0,0.4867105602552675,0.8067226890756303,0.7264957264957265,0.7666092077856783,1.0,0.8,0.0419419000390917
tdc_pgp_broccatelli,classification,3,2,stratified_scaffold_group,stratified_scaffold_group,23,lgbm_80_bag0.8,boosting,0.8835330901511205,0.8835330901511205,0.9352211553464552,0.1463357348379012,0.0,0.387908561670262,0.801980198019802,0.8421052631578947,0.8220427305888484,1.0,0.8,0.0351451000315137
tdc_pgp_broccatelli,classification,3,3,stratified_scaffold_group,stratified_scaffold_group,23,lgbm_80_bag0.8,boosting,0.9178544061302684,0.9178544061302684,0.9509122995654048,0.1157242648048541,0.0,0.3983881275202694,0.8,0.8827586206896552,0.8413793103448276,1.0,0.8,0.039562800026033
tdc_pgp_broccatelli,classification,3,1,stratified_scaffold_group,stratified_scaffold_group,24,lgbm_120_l15,boosting,0.8695683401565755,0.8695683401565755,0.8899716761329114,0.1482266402613267,0.0,0.5413077648821399,0.8151260504201681,0.7521367521367521,0.7836314012784601,1.0,0.8,0.0506469000247307
tdc_pgp_broccatelli,classification,3,2,stratified_scaffold_group,stratified_scaffold_group,24,lgbm_120_l15,boosting,0.8745700885878062,0.8745700885878062,0.9300039758177798,0.1489347123430696,0.0,0.4203903991850291,0.801980198019802,0.8052631578947368,0.8036216779572694,1.0,0.8,0.0518370000063441
tdc_pgp_broccatelli,classification,3,3,stratified_scaffold_group,stratified_scaffold_group,24,lgbm_120_l15,boosting,0.9192337164750958,0.9192337164750958,0.9529778004428006,0.1154315249630624,0.0,0.4108476065495919,0.8333333333333334,0.8620689655172413,0.8477011494252873,1.0,0.8,0.055292599950917
tdc_pgp_broccatelli,classification,3,1,stratified_scaffold_group,stratified_scaffold_group,25,xgb_60_d3,boosting,0.8817065287653523,0.8817065287653523,0.901110257782508,0.1415658122308401,0.0,0.5852425694465637,0.8319327731092436,0.8290598290598291,0.8304963010845363,1.0,0.8,0.0472415999975055
tdc_pgp_broccatelli,classification,3,2,stratified_scaffold_group,stratified_scaffold_group,25,xgb_60_d3,boosting,0.8867118290776446,0.8867118290776446,0.9347073732326046,0.1379743799449487,0.0,0.4438067376613617,0.8118811881188119,0.8105263157894737,0.8112037519541428,1.0,0.8,0.0441353000351227
tdc_pgp_broccatelli,classification,3,3,stratified_scaffold_group,stratified_scaffold_group,25,xgb_60_d3,boosting,0.8993103448275862,0.8993103448275862,0.9398726873346384,0.1287442956030967,0.0,0.4141062796115875,0.8,0.8620689655172413,0.8310344827586207,1.0,0.8,0.0519871999858878
tdc_pgp_broccatelli,classification,3,1,stratified_scaffold_group,stratified_scaffold_group,26,xgb_80_d5,boosting,0.8829275299863536,0.8829275299863536,0.9004775159668034,0.13418457409196,0.0,0.4801408946514129,0.8151260504201681,0.8461538461538461,0.830639948287007,1.0,0.8,0.078101199993398
tdc_pgp_broccatelli,classification,3,2,stratified_scaffold_group,stratified_scaffold_group,26,xgb_80_d5,boosting,0.8807191245440333,0.8807191245440333,0.9312342814040712,0.1468914793365815,0.0,0.4378821551799774,0.8118811881188119,0.7736842105263158,0.7927826993225638,1.0,0.8,0.0734246000065468
tdc_pgp_broccatelli,classification,3,3,stratified_scaffold_group,stratified_scaffold_group,26,xgb_80_d5,boosting,0.9090421455938698,0.9090421455938698,0.9460036557828791,0.1221603093956522,0.0,0.4318121969699859,0.8,0.8689655172413793,0.8344827586206897,1.0,0.8,0.0746597999823279
tdc_pgp_broccatelli,classification,3,1,stratified_scaffold_group,stratified_scaffold_group,27,xgb_100_d3,boosting,0.8669108669108668,0.8669108669108668,0.8853364938719571,0.1495747679742791,0.0,0.5420851111412048,0.8151260504201681,0.7692307692307693,0.7921784098254687,1.0,0.8,0.0699145999969914
tdc_pgp_broccatelli,classification,3,2,stratified_scaffold_group,stratified_scaffold_group,27,xgb_100_d3,boosting,0.8875716519020324,0.8875716519020324,0.9313603059169095,0.140957374566663,0.0,0.4111862778663635,0.8118811881188119,0.8473684210526315,0.8296248045857217,1.0,0.8,0.0753155999700538
tdc_pgp_broccatelli,classification,3,3,stratified_scaffold_group,stratified_scaffold_group,27,xgb_100_d3,boosting,0.903448275862069,0.903448275862069,0.942276595002413,0.125590181973161,0.0,0.4275982975959778,0.8111111111111111,0.8689655172413793,0.8400383141762452,1.0,0.8,0.0964205000200308
tdc_pgp_broccatelli,classification,3,1,stratified_scaffold_group,stratified_scaffold_group,28,xgb_60_d6,boosting,0.8785462903109962,0.8785462903109962,0.8973920033261905,0.138437389974923,0.0,0.5087626576423645,0.8235294117647058,0.811965811965812,0.8177476118652589,1.0,0.8,0.089862200024072
tdc_pgp_broccatelli,classification,3,2,stratified_scaffold_group,stratified_scaffold_group,28,xgb_60_d6,boosting,0.8811360083376759,0.8811360083376759,0.9299987181207828,0.149081502202439,0.0,0.4014226496219635,0.8217821782178218,0.7894736842105263,0.8056279312141741,1.0,0.8,0.0912660000030882
tdc_pgp_broccatelli,classification,3,3,stratified_scaffold_group,stratified_scaffold_group,28,xgb_60_d6,boosting,0.9027586206896552,0.9027586206896552,0.9424333891574728,0.1288830616326916,0.0,0.4380379915237427,0.8,0.8413793103448276,0.8206896551724139,1.0,0.8,0.084436299977824
tdc_pgp_broccatelli,classification,3,1,stratified_scaffold_group,stratified_scaffold_group,29,cat_60_d4,boosting,0.8857286504345329,0.8857286504345329,0.904308531339502,0.1423416274418085,0.0,0.518539054920515,0.8067226890756303,0.8632478632478633,0.8349852761617468,1.0,0.8,0.2710075000068173
tdc_pgp_broccatelli,classification,3,2,stratified_scaffold_group,stratified_scaffold_group,29,cat_60_d4,boosting,0.8853048462741011,0.8853048462741011,0.9314959633385262,0.1362064581881876,0.0,0.465545410137061,0.8118811881188119,0.8105263157894737,0.8112037519541428,1.0,0.8,0.2655463999835774
tdc_pgp_broccatelli,classification,3,3,stratified_scaffold_group,stratified_scaffold_group,29,cat_60_d4,boosting,0.9091954022988508,0.9091954022988508,0.948011361008599,0.1249866048567924,0.0,0.460451912782383,0.8,0.8206896551724138,0.8103448275862069,1.0,0.8,0.245986099995207
tdc_pgp_broccatelli,classification,3,1,stratified_scaffold_group,stratified_scaffold_group,30,cat_80_d6,boosting,0.8988005458593693,0.8988005458593693,0.9159416248200872,0.1306980029683966,0.0,0.4764826204645391,0.8151260504201681,0.8632478632478633,0.8391869568340157,1.0,0.8,0.509498400031589
tdc_pgp_broccatelli,classification,3,2,stratified_scaffold_group,stratified_scaffold_group,30,cat_80_d6,boosting,0.8866076081292339,0.8866076081292339,0.9303870003610812,0.135365095112355,0.0,0.4953862186255292,0.801980198019802,0.8,0.800990099009901,1.0,0.8,0.4717000999953598
tdc_pgp_broccatelli,classification,3,3,stratified_scaffold_group,stratified_scaffold_group,30,cat_80_d6,boosting,0.9033716475095784,0.9033716475095784,0.9455131000338296,0.1243115752236307,0.0,0.392703715446554,0.8,0.8758620689655172,0.8379310344827586,1.0,0.8,0.5421269999933429
tdc_pgp_broccatelli,classification,3,1,stratified_scaffold_group,stratified_scaffold_group,31,cat_100_d4,boosting,0.8951375421963658,0.8951375421963658,0.9109761643382998,0.1382133146364793,0.0,0.5381246881289887,0.8487394957983193,0.8547008547008547,0.851720175249587,1.0,0.8,0.303333299991209
tdc_pgp_broccatelli,classification,3,2,stratified_scaffold_group,stratified_scaffold_group,31,cat_100_d4,boosting,0.8883272537780094,0.8883272537780094,0.9375248767127874,0.135857719144195,0.0,0.4723664940037423,0.8118811881188119,0.8157894736842105,0.8138353309015112,1.0,0.8,0.2591797999921255
tdc_pgp_broccatelli,classification,3,3,stratified_scaffold_group,stratified_scaffold_group,31,cat_100_d4,boosting,0.9085823754789272,0.9085823754789272,0.9467251407058208,0.125169506679572,0.0,0.4466540728756115,0.8222222222222222,0.8482758620689655,0.8352490421455938,1.0,0.8,0.2945784999756142
tdc_pgp_broccatelli,classification,3,1,stratified_scaffold_group,stratified_scaffold_group,32,cat_60_d8,boosting,0.874955110249228,0.874955110249228,0.8963799740787167,0.1406456933292122,0.0,0.4680656751995102,0.8067226890756303,0.8034188034188035,0.8050707462472169,1.0,0.8,1.2170696000102907
tdc_pgp_broccatelli,classification,3,2,stratified_scaffold_group,stratified_scaffold_group,32,cat_60_d8,boosting,0.8898384575299635,0.8898384575299635,0.938637281300031,0.1399982877255408,0.0,0.452325774596218,0.801980198019802,0.7947368421052632,0.7983585200625326,1.0,0.8,1.0625466000055894
tdc_pgp_broccatelli,classification,3,3,stratified_scaffold_group,stratified_scaffold_group,32,cat_60_d8,boosting,0.9103448275862068,0.9103448275862068,0.946548432089036,0.124786234118099,0.0,0.3646835355023495,0.8111111111111111,0.8827586206896552,0.8469348659003831,1.0,0.8,1.1539795999997295
