dataset,task_type,outer_fold,outer_split_type,candidate_order,candidate,family,n_train,n_test,outer_utility,fit_seconds,roc_auc,pr_auc,brier,rmse,mae,r2,spearman
bbbp,classification,1,stratified_scaffold_group,1,logreg_l2_c0.1,linear,1206,833,0.8241982155775259,0.0067103000474162,0.8241982155775259,0.9313904951856048,0.1443869422449168,,,,
bbbp,classification,1,stratified_scaffold_group,2,logreg_l2_c1,linear,1206,833,0.8001567398119122,0.0092112999991513,0.8001567398119122,0.9159810469960836,0.1562115131233294,,,,
bbbp,classification,1,stratified_scaffold_group,3,logreg_l2_c10,linear,1206,833,0.7795474640302227,0.0185143999988213,0.7795474640302227,0.900960061362088,0.1861599178348418,,,,
bbbp,classification,1,stratified_scaffold_group,4,logreg_l1_c1,linear,1206,833,0.7956153042359939,0.0218997999909333,0.7956153042359939,0.9190309112367168,0.1652969719841739,,,,
bbbp,classification,1,stratified_scaffold_group,5,rf_60_sqrt,bagging,1206,833,0.849292661361627,0.1500929999747313,0.849292661361627,0.933089249796538,0.1162493451943207,,,,
bbbp,classification,1,stratified_scaffold_group,6,rf_90_d12,bagging,1206,833,0.8409975082388876,0.2386736000189557,0.8409975082388876,0.934192755832323,0.1259656186146005,,,,
bbbp,classification,1,stratified_scaffold_group,7,rf_90_leaf2,bagging,1206,833,0.8550237119202636,0.2192364000366069,0.8550237119202636,0.9386524714869048,0.1195370043407637,,,,
bbbp,classification,1,stratified_scaffold_group,8,rf_120_d20_leaf2,bagging,1206,833,0.8368619885861266,0.2724866999778896,0.8368619885861266,0.9323536591975248,0.1254187816321859,,,,
bbbp,classification,1,stratified_scaffold_group,9,et_60_sqrt,bagging,1206,833,0.8621654207861104,0.0936826999532058,0.8621654207861104,0.9396389922030264,0.1122460769767126,,,,
bbbp,classification,1,stratified_scaffold_group,10,et_90_d12,bagging,1206,833,0.8614540631782011,0.1281070000259205,0.8614540631782011,0.9449373737400824,0.1249772508569489,,,,
bbbp,classification,1,stratified_scaffold_group,11,et_90_leaf2,bagging,1206,833,0.8567036411863997,0.1307993999798782,0.8567036411863997,0.9372422380802568,0.1157852098804622,,,,
bbbp,classification,1,stratified_scaffold_group,12,et_120_d20_leaf2,bagging,1206,833,0.8660678402057713,0.1627141000353731,0.8660678402057713,0.946459499549606,0.1153675701298419,,,,
bbbp,classification,1,stratified_scaffold_group,13,histgb_lr0.05,boosting,1206,833,0.8168153685395063,1.7987962999613956,0.8168153685395063,0.9251413157714072,0.1251440956774534,,,,
bbbp,classification,1,stratified_scaffold_group,14,histgb_lr0.1,boosting,1206,833,0.8378265412748171,1.2917427999782376,0.8378265412748171,0.9375429203981708,0.1245990712424738,,,,
bbbp,classification,1,stratified_scaffold_group,15,gb_lr0.05_d2,boosting,1206,833,0.7774174101760309,0.6799695999943651,0.7774174101760309,0.9077825536965028,0.1356731209394692,,,,
bbbp,classification,1,stratified_scaffold_group,16,gb_lr0.1_d3,boosting,1206,833,0.8236194839643115,0.9587124999961816,0.8236194839643115,0.9287740208739372,0.1227475643050604,,,,
bbbp,classification,1,stratified_scaffold_group,17,lgbm_60_l15,boosting,1206,833,0.8061811751466925,0.1005715000210329,0.8061811751466925,0.916749169922902,0.1257460539117453,,,,
bbbp,classification,1,stratified_scaffold_group,18,lgbm_90_l31,boosting,1206,833,0.8294630656699622,0.1112005999893881,0.8294630656699622,0.931109734289116,0.12573087586133,,,,
bbbp,classification,1,stratified_scaffold_group,19,lgbm_60_l63,boosting,1206,833,0.8200345631380114,0.0820042000268586,0.8200345631380114,0.926945174552305,0.1288815334347575,,,,
bbbp,classification,1,stratified_scaffold_group,20,lgbm_100_leaf10,boosting,1206,833,0.8503215175628969,0.1060408999910578,0.8503215175628969,0.941637225649474,0.1215292250213886,,,,
bbbp,classification,1,stratified_scaffold_group,21,lgbm_100_leaf30,boosting,1206,833,0.8284743991640542,0.1291914000175893,0.8284743991640542,0.9304435829180102,0.1220435578060227,,,,
bbbp,classification,1,stratified_scaffold_group,22,lgbm_80_ff0.7,boosting,1206,833,0.840073145245559,0.097018799977377,0.840073145245559,0.9360376097564788,0.1218820436626639,,,,
bbbp,classification,1,stratified_scaffold_group,23,lgbm_80_bag0.8,boosting,1206,833,0.8403866248693835,0.0947453999542631,0.8403866248693835,0.9384144562599834,0.1213825232329094,,,,
bbbp,classification,1,stratified_scaffold_group,24,lgbm_120_l15,boosting,1206,833,0.8281488626316214,0.0812389999628067,0.8281488626316214,0.9296566291824134,0.1230126209104596,,,,
bbbp,classification,1,stratified_scaffold_group,25,xgb_60_d3,boosting,1206,833,0.7941765131420304,0.0860560999717563,0.7941765131420304,0.908847868939104,0.1269767861244361,,,,
bbbp,classification,1,stratified_scaffold_group,26,xgb_80_d5,boosting,1206,833,0.8348806366047745,0.1259998999885283,0.8348806366047745,0.934452939610829,0.1202750571146359,,,,
bbbp,classification,1,stratified_scaffold_group,27,xgb_100_d3,boosting,1206,833,0.8033879913190258,0.1150280000292696,0.8033879913190258,0.91941116312259,0.1256298792516206,,,,
bbbp,classification,1,stratified_scaffold_group,28,xgb_60_d6,boosting,1206,833,0.844510087613536,0.0982582999859005,0.844510087613536,0.9387662877135288,0.116504146078649,,,,
bbbp,classification,1,stratified_scaffold_group,29,cat_60_d4,boosting,1206,833,0.7842215256008359,0.2710735000437125,0.7842215256008359,0.9145508333340346,0.13183437722414,,,,
bbbp,classification,1,stratified_scaffold_group,30,cat_80_d6,boosting,1206,833,0.8315288160115746,1.013073300011456,0.8315288160115746,0.930374520086566,0.1216885139938108,,,,
bbbp,classification,1,stratified_scaffold_group,31,cat_100_d4,boosting,1206,833,0.7927738927738928,0.4869984000106342,0.7927738927738928,0.915579842039379,0.1278041498307567,,,,
bbbp,classification,1,stratified_scaffold_group,32,cat_60_d8,boosting,1206,833,0.8429788602202395,3.103958700026851,0.8429788602202395,0.9399110939522464,0.1193726322320889,,,,
bbbp,classification,2,stratified_scaffold_group,1,logreg_l2_c0.1,linear,1415,624,0.8950058104532154,0.007488600036595,0.8950058104532154,0.9616623203982838,0.1165891182060789,,,,
bbbp,classification,2,stratified_scaffold_group,2,logreg_l2_c1,linear,1415,624,0.8523024795934083,0.0118730000103823,0.8523024795934083,0.942805506057424,0.1398279560675654,,,,
bbbp,classification,2,stratified_scaffold_group,3,logreg_l2_c10,linear,1415,624,0.8104252131666271,0.0176876000477932,0.8104252131666271,0.9186890437603036,0.1699331652116874,,,,
bbbp,classification,2,stratified_scaffold_group,4,logreg_l1_c1,linear,1415,624,0.8615291992775436,0.0230108999530784,0.8615291992775436,0.9458988441800074,0.135648573053806,,,,
bbbp,classification,2,stratified_scaffold_group,5,rf_60_sqrt,bagging,1415,624,0.8884673004494352,0.127802699978929,0.8884673004494352,0.9481374671775388,0.1068132657563394,,,,
bbbp,classification,2,stratified_scaffold_group,6,rf_90_d12,bagging,1415,624,0.8954118421236857,0.1589236999861896,0.8954118421236857,0.9581606655611636,0.1174171980224283,,,,
bbbp,classification,2,stratified_scaffold_group,7,rf_90_leaf2,bagging,1415,624,0.9133612421768896,0.171957700047642,0.9133612421768896,0.9652856135603252,0.1005902509457764,,,,
bbbp,classification,2,stratified_scaffold_group,8,rf_120_d20_leaf2,bagging,1415,624,0.908320849026224,0.2200185999972745,0.908320849026224,0.9626276379879708,0.1033913975121692,,,,
bbbp,classification,2,stratified_scaffold_group,9,et_60_sqrt,bagging,1415,624,0.8875152261876427,0.0760673999902792,0.8875152261876427,0.945026919247221,0.101676381808002,,,,
bbbp,classification,2,stratified_scaffold_group,10,et_90_d12,bagging,1415,624,0.8769023983870743,0.1001948000048287,0.8769023983870743,0.9458773329624314,0.1201644214143551,,,,
bbbp,classification,2,stratified_scaffold_group,11,et_90_leaf2,bagging,1415,624,0.9082508435657982,0.1100363999721594,0.9082508435657982,0.9610307712252112,0.0983039831917713,,,,
bbbp,classification,2,stratified_scaffold_group,12,et_120_d20_leaf2,bagging,1415,624,0.9101969953656386,0.1350938999676145,0.9101969953656386,0.9613119823453802,0.1014252420954617,,,,
bbbp,classification,2,stratified_scaffold_group,13,histgb_lr0.05,boosting,1415,624,0.8983170687313611,1.5268234999966808,0.8983170687313611,0.9570314129364836,0.0959794330793475,,,,
bbbp,classification,2,stratified_scaffold_group,14,histgb_lr0.1,boosting,1415,624,0.899500161012559,1.246451600047294,0.899500161012559,0.9603844301764042,0.0976248590678333,,,,
bbbp,classification,2,stratified_scaffold_group,15,gb_lr0.05_d2,boosting,1415,624,0.8377833471010739,0.7133254999644123,0.8377833471010739,0.9212350948384106,0.126342617052023,,,,
bbbp,classification,2,stratified_scaffold_group,16,gb_lr0.1_d3,boosting,1415,624,0.8654425045153522,1.0491191999753935,0.8654425045153522,0.9354945724557532,0.1081111495184476,,,,
bbbp,classification,2,stratified_scaffold_group,17,lgbm_60_l15,boosting,1415,624,0.8857230864007392,0.0848500999854877,0.8857230864007392,0.9439976601143236,0.1016021820487104,,,,
bbbp,classification,2,stratified_scaffold_group,18,lgbm_90_l31,boosting,1415,624,0.8903574478809347,0.273399600002449,0.8903574478809347,0.9503294172551842,0.0999431166154413,,,,
bbbp,classification,2,stratified_scaffold_group,19,lgbm_60_l63,boosting,1415,624,0.8902174369600829,0.1839471999555826,0.8902174369600829,0.9503342178756246,0.0981343735977234,,,,
bbbp,classification,2,stratified_scaffold_group,20,lgbm_100_leaf10,boosting,1415,624,0.8848410175993728,0.2324676000280305,0.8848410175993728,0.9410514327407282,0.0967301283687561,,,,
bbbp,classification,2,stratified_scaffold_group,21,lgbm_100_leaf30,boosting,1415,624,0.8952718312028338,0.2909576999954879,0.8952718312028338,0.9554313159871276,0.0961043740176763,,,,
bbbp,classification,2,stratified_scaffold_group,22,lgbm_80_ff0.7,boosting,1415,624,0.899192136986685,0.2199572999961674,0.899192136986685,0.958283771882275,0.0949679370350033,,,,
bbbp,classification,2,stratified_scaffold_group,23,lgbm_80_bag0.8,boosting,1415,624,0.8936197023367825,0.2080178000032901,0.8936197023367825,0.9525028957691828,0.0950557054331199,,,,
bbbp,classification,2,stratified_scaffold_group,24,lgbm_120_l15,boosting,1415,624,0.8957758705179004,0.1092588999890722,0.8957758705179004,0.9565833071297012,0.0983826318695858,,,,
bbbp,classification,2,stratified_scaffold_group,25,xgb_60_d3,boosting,1415,624,0.8613611861725214,0.1121191000565886,0.8613611861725214,0.9283552086590984,0.1122219764533893,,,,
bbbp,classification,2,stratified_scaffold_group,26,xgb_80_d5,boosting,1415,624,0.8895383839939517,0.156793900008779,0.8895383839939517,0.9463836376536904,0.1020469087786915,,,,
bbbp,classification,2,stratified_scaffold_group,27,xgb_100_d3,boosting,1415,624,0.8704058916595494,0.1407525000395253,0.8704058916595494,0.9330548697361642,0.1087387892160375,,,,
bbbp,classification,2,stratified_scaffold_group,28,xgb_60_d6,boosting,1415,624,0.8936897077972081,0.1309963999665342,0.8936897077972081,0.9527322031734892,0.0980920455180499,,,,
bbbp,classification,2,stratified_scaffold_group,29,cat_60_d4,boosting,1415,624,0.8662755694944206,0.3719103999901563,0.8662755694944206,0.938001918200744,0.1160399221753034,,,,
bbbp,classification,2,stratified_scaffold_group,30,cat_80_d6,boosting,1415,624,0.881788779524803,1.0950337999965996,0.881788779524803,0.9515965391948076,0.1116732477231172,,,,
bbbp,classification,2,stratified_scaffold_group,31,cat_100_d4,boosting,1415,624,0.8673746552231074,0.4782208999968134,0.8673746552231074,0.944377815747922,0.1184222172360216,,,,
bbbp,classification,2,stratified_scaffold_group,32,cat_60_d8,boosting,1415,624,0.8967839491480334,3.1260146000422537,0.8967839491480334,0.9593513092457644,0.1042025164486804,,,,
bbbp,classification,3,stratified_scaffold_group,1,logreg_l2_c0.1,linear,1457,582,0.8726074652109115,0.0085980999865569,0.8726074652109115,0.9507078073577494,0.1247476202902978,,,,
bbbp,classification,3,stratified_scaffold_group,2,logreg_l2_c1,linear,1457,582,0.8532662390943953,0.016679499996826,0.8532662390943953,0.944798198730992,0.1383835946428481,,,,
bbbp,classification,3,stratified_scaffold_group,3,logreg_l2_c10,linear,1457,582,0.8231910511244704,0.0242324999999254,0.8231910511244704,0.9334298185763354,0.1671610275963565,,,,
bbbp,classification,3,stratified_scaffold_group,4,logreg_l1_c1,linear,1457,582,0.854723110672003,0.0290068999747745,0.854723110672003,0.9418715824023652,0.1355498702419404,,,,
bbbp,classification,3,stratified_scaffold_group,5,rf_60_sqrt,bagging,1457,582,0.8583066798399114,0.1619320000172592,0.8583066798399114,0.9374470050025352,0.1086914987699728,,,,
bbbp,classification,3,stratified_scaffold_group,6,rf_90_d12,bagging,1457,582,0.8826716010516269,0.22480570001062,0.8826716010516269,0.9539135161478196,0.1164394862359959,,,,
bbbp,classification,3,stratified_scaffold_group,7,rf_90_leaf2,bagging,1457,582,0.8794899274913341,0.2289540000492707,0.8794899274913341,0.9529379448099764,0.1096698355957808,,,,
bbbp,classification,3,stratified_scaffold_group,8,rf_120_d20_leaf2,bagging,1457,582,0.888967965570943,0.3053685000049881,0.888967965570943,0.95707901962316,0.1085377141690027,,,,
bbbp,classification,3,stratified_scaffold_group,9,et_60_sqrt,bagging,1457,582,0.8846057236632785,0.1023667000117711,0.8846057236632785,0.9505446872490562,0.1031741200776335,,,,
bbbp,classification,3,stratified_scaffold_group,10,et_90_d12,bagging,1457,582,0.8841954552305038,0.1309108000132255,0.8841954552305038,0.9555426506740928,0.116523356087222,,,,
bbbp,classification,3,stratified_scaffold_group,11,et_90_leaf2,bagging,1457,582,0.8852001942495438,0.1379357000114396,0.8852001942495438,0.95596400711687,0.1063281338733327,,,,
bbbp,classification,3,stratified_scaffold_group,12,et_120_d20_leaf2,bagging,1457,582,0.8866068288761995,0.1845206000143662,0.8866068288761995,0.9536443356505352,0.1078752217047388,,,,
bbbp,classification,3,stratified_scaffold_group,13,histgb_lr0.05,boosting,1457,582,0.8732940368739219,1.8237241000169888,0.8732940368739219,0.9463917174024588,0.1037555257060704,,,,
bbbp,classification,3,stratified_scaffold_group,14,histgb_lr0.1,boosting,1457,582,0.8782340037175342,1.218499200011138,0.8782340037175342,0.9494242369449348,0.0997206318605639,,,,
bbbp,classification,3,stratified_scaffold_group,15,gb_lr0.05_d2,boosting,1457,582,0.8072659376726895,0.745201499958057,0.8072659376726895,0.917160270975084,0.1208660123973656,,,,
bbbp,classification,3,stratified_scaffold_group,16,gb_lr0.1_d3,boosting,1457,582,0.8460572366327846,0.9320874999975786,0.8460572366327846,0.9398800175502502,0.1099793365641437,,,,
bbbp,classification,3,stratified_scaffold_group,17,lgbm_60_l15,boosting,1457,582,0.8532997303950298,0.056486599962227,0.8532997303950298,0.9375357124255628,0.109372758317525,,,,
bbbp,classification,3,stratified_scaffold_group,18,lgbm_90_l31,boosting,1457,582,0.8707654436760051,0.1046212000073865,0.8707654436760051,0.9445921962467828,0.1054433930166217,,,,
bbbp,classification,3,stratified_scaffold_group,19,lgbm_60_l63,boosting,1457,582,0.8739136259356632,0.109603299992159,0.8739136259356632,0.9460654818531632,0.1062682207109964,,,,
bbbp,classification,3,stratified_scaffold_group,20,lgbm_100_leaf10,boosting,1457,582,0.8855518529062076,0.1242581999977119,0.8855518529062076,0.9558965838448577,0.1022372154404395,,,,
bbbp,classification,3,stratified_scaffold_group,21,lgbm_100_leaf30,boosting,1457,582,0.8721720783026607,0.1184094999916851,0.8721720783026607,0.946196507643692,0.103977965684704,,,,
bbbp,classification,3,stratified_scaffold_group,22,lgbm_80_ff0.7,boosting,1457,582,0.8765259473851665,0.0992862000130117,0.8765259473851665,0.9484411097658042,0.1028524836448215,,,,
bbbp,classification,3,stratified_scaffold_group,23,lgbm_80_bag0.8,boosting,1457,582,0.8751360584088285,0.0924989000195637,0.8751360584088285,0.947033754709688,0.1032601647617239,,,,
bbbp,classification,3,stratified_scaffold_group,24,lgbm_120_l15,boosting,1457,582,0.8688062025888774,0.086212099995464,0.8688062025888774,0.9436911263763366,0.1042880886131552,,,,
bbbp,classification,3,stratified_scaffold_group,25,xgb_60_d3,boosting,1457,582,0.843168611953045,0.0862423999933525,0.843168611953045,0.9327683397109212,0.1113526759740791,,,,
bbbp,classification,3,stratified_scaffold_group,26,xgb_80_d5,boosting,1457,582,0.8630959358306679,0.1201527999946847,0.8630959358306679,0.945672021147506,0.1050554898198859,,,,
bbbp,classification,3,stratified_scaffold_group,27,xgb_100_d3,boosting,1457,582,0.8468359093725407,0.1120151999639347,0.8468359093725407,0.9352198913860582,0.1097533079150615,,,,
bbbp,classification,3,stratified_scaffold_group,28,xgb_60_d6,boosting,1457,582,0.866043170286518,0.1222592000267468,0.866043170286518,0.9479629775583664,0.1050360613372144,,,,
bbbp,classification,3,stratified_scaffold_group,29,cat_60_d4,boosting,1457,582,0.8552087345312054,0.2576763000106439,0.8552087345312054,0.944018799285546,0.1109169793942621,,,,
bbbp,classification,3,stratified_scaffold_group,30,cat_80_d6,boosting,1457,582,0.8658757137833448,0.908173399977386,0.8658757137833448,0.947011933727124,0.1067439772887445,,,,
bbbp,classification,3,stratified_scaffold_group,31,cat_100_d4,boosting,1457,582,0.854270978113435,0.490645499958191,0.854270978113435,0.9385290128345612,0.1102026276373984,,,,
bbbp,classification,3,stratified_scaffold_group,32,cat_60_d8,boosting,1457,582,0.8647537552120835,2.5484160000341944,0.8647537552120835,0.9421563607471696,0.1044229358596115,,,,
bace,classification,1,stratified_scaffold_group,1,logreg_l2_c0.1,linear,922,591,0.8664832014677216,0.0061862000147812,0.8664832014677216,0.8481072398567112,0.1473828947419909,,,,
bace,classification,1,stratified_scaffold_group,2,logreg_l2_c1,linear,922,591,0.8583190001146658,0.0099229000043123,0.8583190001146658,0.8484996144643091,0.1588247355003414,,,,
bace,classification,1,stratified_scaffold_group,3,logreg_l2_c10,linear,922,591,0.8395252837977296,0.0172733000363223,0.8395252837977296,0.8330095701332385,0.1927311943070779,,,,
bace,classification,1,stratified_scaffold_group,4,logreg_l1_c1,linear,922,591,0.8555842219928907,0.044365000037942,0.8555842219928907,0.8341628856228007,0.1581183872066728,,,,
bace,classification,1,stratified_scaffold_group,5,rf_60_sqrt,bagging,922,591,0.8808966861598438,0.1140841000014916,0.8808966861598438,0.8638282043432403,0.1380264304066625,,,,
bace,classification,1,stratified_scaffold_group,6,rf_90_d12,bagging,922,591,0.873890608875129,0.1697075000265613,0.873890608875129,0.858050949510966,0.1478620387039207,,,,
bace,classification,1,stratified_scaffold_group,7,rf_90_leaf2,bagging,922,591,0.8775025799793602,0.1626766999834217,0.8775025799793602,0.8635326417704039,0.1431638010243613,,,,
bace,classification,1,stratified_scaffold_group,8,rf_120_d20_leaf2,bagging,922,591,0.8761265909872721,0.196829600026831,0.8761265909872721,0.8630163411718751,0.1427186826686642,,,,
bace,classification,1,stratified_scaffold_group,9,et_60_sqrt,bagging,922,591,0.8783568398119481,0.0772882999735884,0.8783568398119481,0.8547714276613669,0.1347667587027373,,,,
bace,classification,1,stratified_scaffold_group,10,et_90_d12,bagging,922,591,0.8748882008943929,0.1015410000109113,0.8748882008943929,0.8555284203550633,0.1429349335951531,,,,
bace,classification,1,stratified_scaffold_group,11,et_90_leaf2,bagging,922,591,0.8720788900355464,0.1005016000126488,0.8720788900355464,0.8569213574444159,0.1400679210484939,,,,
bace,classification,1,stratified_scaffold_group,12,et_120_d20_leaf2,bagging,922,591,0.8760119252379315,0.1448383000097237,0.8760119252379315,0.8614868905642848,0.1382099312551978,,,,
bace,classification,1,stratified_scaffold_group,13,histgb_lr0.05,boosting,922,591,0.8668386652906777,1.0852182999951765,0.8668386652906777,0.8498127456863289,0.1474568929820815,,,,
bace,classification,1,stratified_scaffold_group,14,histgb_lr0.1,boosting,922,591,0.8772961816305469,0.870725599990692,0.8772961816305469,0.8590362882410023,0.1427314190708409,,,,
bace,classification,1,stratified_scaffold_group,15,gb_lr0.05_d2,boosting,922,591,0.8355635821580094,0.4807188999839127,0.8355635821580094,0.8125898198617031,0.1826166504786864,,,,
bace,classification,1,stratified_scaffold_group,16,gb_lr0.1_d3,boosting,922,591,0.8602568512785231,0.7803422000142746,0.8602568512785231,0.8309326191068878,0.1532330865246587,,,,
bace,classification,1,stratified_scaffold_group,17,lgbm_60_l15,boosting,922,591,0.8698314413484691,0.0658015999943018,0.8698314413484691,0.8512824290330573,0.149598965260831,,,,
bace,classification,1,stratified_scaffold_group,18,lgbm_90_l31,boosting,922,591,0.873535145052173,0.1701666999724693,0.873535145052173,0.8452185886314618,0.1442039426218973,,,,
bace,classification,1,stratified_scaffold_group,19,lgbm_60_l63,boosting,922,591,0.8782880403623438,0.1205428999965079,0.8782880403623438,0.8535519803705537,0.1394028985556311,,,,
bace,classification,1,stratified_scaffold_group,20,lgbm_100_leaf10,boosting,922,591,0.8664946680426555,0.1347461999976076,0.8664946680426555,0.8417394736211729,0.1517157232889046,,,,
bace,classification,1,stratified_scaffold_group,21,lgbm_100_leaf30,boosting,922,591,0.8799678935901847,0.1945179000031203,0.8799678935901847,0.8626792990207561,0.1377769332699595,,,,
bace,classification,1,stratified_scaffold_group,22,lgbm_80_ff0.7,boosting,922,591,0.8771471161564041,0.1640718000126071,0.8771471161564041,0.8583934006284399,0.1406209018334484,,,,
bace,classification,1,stratified_scaffold_group,23,lgbm_80_bag0.8,boosting,922,591,0.8738103428505906,0.1178388000116683,0.8738103428505906,0.8544024372803197,0.1401603195973885,,,,
bace,classification,1,stratified_scaffold_group,24,lgbm_120_l15,boosting,922,591,0.8737014103887168,0.2173183999839238,0.8737014103887168,0.8537250365596573,0.1432566592292215,,,,
bace,classification,1,stratified_scaffold_group,25,xgb_60_d3,boosting,922,591,0.8716488934755189,0.073919599992223,0.8716488934755189,0.8547910405816889,0.1563704094365758,,,,
bace,classification,1,stratified_scaffold_group,26,xgb_80_d5,boosting,922,591,0.8774223139548217,0.1119238999672234,0.8774223139548217,0.855658903166887,0.1439777489609756,,,,
bace,classification,1,stratified_scaffold_group,27,xgb_100_d3,boosting,922,591,0.8624469670909299,0.1068653999827802,0.8624469670909299,0.8452563124900931,0.1606506494590205,,,,
bace,classification,1,stratified_scaffold_group,28,xgb_60_d6,boosting,922,591,0.8702614379084967,0.1016252000117674,0.8702614379084967,0.8469924717290762,0.1482852844577272,,,,
bace,classification,1,stratified_scaffold_group,29,cat_60_d4,boosting,922,591,0.8568684783855063,0.3181737999548204,0.8568684783855063,0.8443104965183663,0.1652615171487085,,,,
bace,classification,1,stratified_scaffold_group,30,cat_80_d6,boosting,922,591,0.8654569430111227,1.0491153000039048,0.8654569430111227,0.8448124544554508,0.1564715114640625,,,,
bace,classification,1,stratified_scaffold_group,31,cat_100_d4,boosting,922,591,0.8669647976149524,0.5215853999834508,0.8669647976149524,0.8444089138942545,0.1634885571839976,,,,
bace,classification,1,stratified_scaffold_group,32,cat_60_d8,boosting,922,591,0.8687191835798647,2.021873499965295,0.8687191835798647,0.8431256213475551,0.1530184558054664,,,,
bace,classification,2,stratified_scaffold_group,1,logreg_l2_c0.1,linear,924,589,0.8244006294547811,0.0057716000010259,0.8244006294547811,0.7983022514901638,0.1703865151943225,,,,
bace,classification,2,stratified_scaffold_group,2,logreg_l2_c1,linear,924,589,0.8206748125520689,0.0097699000034481,0.8206748125520689,0.7889740475360846,0.1773895268172978,,,,
bace,classification,2,stratified_scaffold_group,3,logreg_l2_c10,linear,924,589,0.805435990002777,0.0185037999763153,0.805435990002777,0.7733878493639715,0.2023596089527656,,,,
bace,classification,2,stratified_scaffold_group,4,logreg_l1_c1,linear,924,589,0.8049384430250857,0.0682880000094883,0.8049384430250857,0.7778162597595155,0.1898193888706998,,,,
bace,classification,2,stratified_scaffold_group,5,rf_60_sqrt,bagging,924,589,0.8428214384893087,0.1096387000288814,0.8428214384893087,0.8219878559170241,0.1623848945074084,,,,
bace,classification,2,stratified_scaffold_group,6,rf_90_d12,bagging,924,589,0.8416354253448115,0.1579560999525711,0.8416354253448115,0.8246145984077492,0.1627130914567177,,,,
bace,classification,2,stratified_scaffold_group,7,rf_90_leaf2,bagging,924,589,0.8501110802554847,0.1687291999696754,0.8501110802554847,0.8242473980247609,0.1589102083926763,,,,
bace,classification,2,stratified_scaffold_group,8,rf_120_d20_leaf2,bagging,924,589,0.8514417291493103,0.221573399961926,0.8514417291493103,0.8254429386625054,0.158564273015541,,,,
bace,classification,2,stratified_scaffold_group,9,et_60_sqrt,bagging,924,589,0.8431569934277516,0.0764070999575778,0.8431569934277516,0.8059641730345196,0.1613976383749788,,,,
bace,classification,2,stratified_scaffold_group,10,et_90_d12,bagging,924,589,0.8466513931315376,0.1025204000179655,0.8466513931315376,0.8260986639162468,0.1605065378948164,,,,
bace,classification,2,stratified_scaffold_group,11,et_90_leaf2,bagging,924,589,0.8527260946033509,0.1100677999784238,0.8527260946033509,0.8149218455070196,0.1571490040295413,,,,
bace,classification,2,stratified_scaffold_group,12,et_120_d20_leaf2,bagging,924,589,0.8515921503286125,0.1415351000032387,0.8515921503286125,0.8213488052795603,0.1571302490139869,,,,
bace,classification,2,stratified_scaffold_group,13,histgb_lr0.05,boosting,924,589,0.8410973803573081,1.0397753000142984,0.8410973803573081,0.8082581083844271,0.1630965334387991,,,,
bace,classification,2,stratified_scaffold_group,14,histgb_lr0.1,boosting,924,589,0.8338193094510784,0.9403151999576947,0.8338193094510784,0.7937793182920397,0.1715977995533147,,,,
bace,classification,2,stratified_scaffold_group,15,gb_lr0.05_d2,boosting,924,589,0.794767657132278,0.4061584000010043,0.794767657132278,0.7585905935041536,0.1922551592009769,,,,
bace,classification,2,stratified_scaffold_group,16,gb_lr0.1_d3,boosting,924,589,0.8162084606127927,0.6623223999631591,0.8162084606127927,0.8038407157736468,0.175579788206197,,,,
bace,classification,2,stratified_scaffold_group,17,lgbm_60_l15,boosting,924,589,0.8346813385170786,0.1437894999980926,0.8346813385170786,0.8027591363263702,0.1685980731339104,,,,
bace,classification,2,stratified_scaffold_group,18,lgbm_90_l31,boosting,924,589,0.8378459687123947,0.1351280999951996,0.8378459687123947,0.79457657928442,0.1701236537379292,,,,
bace,classification,2,stratified_scaffold_group,19,lgbm_60_l63,boosting,924,589,0.8336573174118301,0.1094701999682001,0.8336573174118301,0.7815433063629504,0.1743860618583247,,,,
bace,classification,2,stratified_scaffold_group,20,lgbm_100_leaf10,boosting,924,589,0.8245047671942979,0.1971854000003077,0.8245047671942979,0.8063849954591318,0.1794172513369035,,,,
bace,classification,2,stratified_scaffold_group,21,lgbm_100_leaf30,boosting,924,589,0.8366425992779782,0.2005406999960541,0.8366425992779782,0.7915822784328165,0.1690185765787577,,,,
bace,classification,2,stratified_scaffold_group,22,lgbm_80_ff0.7,boosting,924,589,0.8355433675830788,0.110205200035125,0.8355433675830788,0.7923078529771785,0.1740933051861571,,,,
bace,classification,2,stratified_scaffold_group,23,lgbm_80_bag0.8,boosting,924,589,0.8362144774599648,0.166111099999398,0.8362144774599648,0.8035659434742399,0.1710393755002612,,,,
bace,classification,2,stratified_scaffold_group,24,lgbm_120_l15,boosting,924,589,0.8365963158381932,0.1542291999794542,0.8365963158381932,0.8016064078468883,0.1675917750273954,,,,
bace,classification,2,stratified_scaffold_group,25,xgb_60_d3,boosting,924,589,0.815178654077571,0.0797771000070497,0.815178654077571,0.780809844949305,0.1807033813953997,,,,
bace,classification,2,stratified_scaffold_group,26,xgb_80_d5,boosting,924,589,0.8295901601407017,0.1111201999592594,0.8295901601407017,0.8021244755534186,0.1711833424119618,,,,
bace,classification,2,stratified_scaffold_group,27,xgb_100_d3,boosting,924,589,0.818001943904471,0.1000546000432223,0.818001943904471,0.7823607197003142,0.180496326625254,,,,
bace,classification,2,stratified_scaffold_group,28,xgb_60_d6,boosting,924,589,0.8283810052763121,0.1006113999756053,0.8283810052763121,0.8008200911691595,0.1702210912642753,,,,
bace,classification,2,stratified_scaffold_group,29,cat_60_d4,boosting,924,589,0.8194945848375452,0.3347873000311665,0.8194945848375452,0.7921743415118261,0.1777757837998339,,,,
bace,classification,2,stratified_scaffold_group,30,cat_80_d6,boosting,924,589,0.8297000833101916,1.004503800009843,0.8297000833101916,0.7942843654720471,0.1715946063451316,,,,
bace,classification,2,stratified_scaffold_group,31,cat_100_d4,boosting,924,589,0.8152365083773025,0.4976643000263721,0.8152365083773025,0.7824413099232815,0.1794199757630761,,,,
bace,classification,2,stratified_scaffold_group,32,cat_60_d8,boosting,924,589,0.8198069980560955,2.292088699992746,0.8198069980560955,0.8008217279898557,0.1757037174331268,,,,
bace,classification,3,stratified_scaffold_group,1,logreg_l2_c0.1,linear,1180,333,0.8652910776713787,0.0079935999820008,0.8652910776713787,0.7848510758637534,0.1434089824258047,,,,
bace,classification,3,stratified_scaffold_group,2,logreg_l2_c1,linear,1180,333,0.8542711658306733,0.0126457000151276,0.8542711658306733,0.7780856960170154,0.1507669989659923,,,,
bace,classification,3,stratified_scaffold_group,3,logreg_l2_c10,linear,1180,333,0.8168794649642803,0.0232077999971807,0.8168794649642803,0.7258217345868706,0.1886794579804893,,,,
bace,classification,3,stratified_scaffold_group,4,logreg_l1_c1,linear,1180,333,0.8466332269341845,0.0826276000007055,0.8466332269341845,0.7591592816806163,0.1533774517344489,,,,
bace,classification,3,stratified_scaffold_group,5,rf_60_sqrt,bagging,1180,333,0.8916818665450675,0.1200668000383302,0.8916818665450675,0.8250866351969186,0.1315242278406034,,,,
bace,classification,3,stratified_scaffold_group,6,rf_90_d12,bagging,1180,333,0.88828089375285,0.1721557999844662,0.88828089375285,0.8273321017482721,0.1375719169566843,,,,
bace,classification,3,stratified_scaffold_group,7,rf_90_leaf2,bagging,1180,333,0.8897248822009425,0.1609727999893948,0.8897248822009425,0.8283684020382247,0.1343220234484026,,,,
bace,classification,3,stratified_scaffold_group,8,rf_120_d20_leaf2,bagging,1180,333,0.8846709226326189,0.205387599999085,0.8846709226326189,0.820095030481927,0.1355828509708061,,,,
bace,classification,3,stratified_scaffold_group,9,et_60_sqrt,bagging,1180,333,0.8832459340325277,0.0935689999605529,0.8832459340325277,0.8307935253828583,0.1330364138641749,,,,
bace,classification,3,stratified_scaffold_group,10,et_90_d12,bagging,1180,333,0.8860769113847089,0.1189821999869309,0.8860769113847089,0.8214919261451128,0.1374948817054232,,,,
bace,classification,3,stratified_scaffold_group,11,et_90_leaf2,bagging,1180,333,0.8966028271773826,0.1059734000009484,0.8966028271773826,0.8406836962113857,0.127898329213115,,,,
bace,classification,3,stratified_scaffold_group,12,et_120_d20_leaf2,bagging,1180,333,0.8992628058975528,0.1349440999911166,0.8992628058975528,0.8421181074659966,0.1279865810363882,,,,
bace,classification,3,stratified_scaffold_group,13,histgb_lr0.05,boosting,1180,333,0.8799209606323148,1.1124369000317529,0.8799209606323148,0.8019769118755511,0.1335580322456776,,,,
bace,classification,3,stratified_scaffold_group,14,histgb_lr0.1,boosting,1180,333,0.8844809241526067,0.8876453000120819,0.8844809241526067,0.8034301243923412,0.1288326449671296,,,,
bace,classification,3,stratified_scaffold_group,15,gb_lr0.05_d2,boosting,1180,333,0.845170238638091,0.5200862999772653,0.845170238638091,0.7635883260811753,0.1706897198310984,,,,
bace,classification,3,stratified_scaffold_group,16,gb_lr0.1_d3,boosting,1180,333,0.8715990272077824,0.8815345999901183,0.8715990272077824,0.7952822182199338,0.1430094026942481,,,,
bace,classification,3,stratified_scaffold_group,17,lgbm_60_l15,boosting,1180,333,0.8785909712722298,0.0711274000350385,0.8785909712722298,0.7989501553290257,0.1367774969145147,,,,
bace,classification,3,stratified_scaffold_group,18,lgbm_90_l31,boosting,1180,333,0.8836829305365557,0.1426925999694503,0.8836829305365557,0.8101596132143248,0.1315089167472246,,,,
bace,classification,3,stratified_scaffold_group,19,lgbm_60_l63,boosting,1180,333,0.8910738714090287,0.1315494999871589,0.8910738714090287,0.8173970317232221,0.1267812855298546,,,,
bace,classification,3,stratified_scaffold_group,20,lgbm_100_leaf10,boosting,1180,333,0.8903138774889799,0.2947413999936543,0.8903138774889799,0.8203975798858463,0.1284533429558792,,,,
bace,classification,3,stratified_scaffold_group,21,lgbm_100_leaf30,boosting,1180,333,0.8845189238486092,0.1906222000252455,0.8845189238486092,0.8249657513695401,0.1308168432834892,,,,
bace,classification,3,stratified_scaffold_group,22,lgbm_80_ff0.7,boosting,1180,333,0.8923468612251102,0.1731369000044651,0.8923468612251102,0.8422491372710847,0.1245966718814147,,,,
bace,classification,3,stratified_scaffold_group,23,lgbm_80_bag0.8,boosting,1180,333,0.8912828697370421,0.2778326999978162,0.8912828697370421,0.8269622743012158,0.1247159127104423,,,,
bace,classification,3,stratified_scaffold_group,24,lgbm_120_l15,boosting,1180,333,0.8825239398084815,0.1074576000100933,0.8825239398084815,0.8079138608247894,0.1318802527792473,,,,
bace,classification,3,stratified_scaffold_group,25,xgb_60_d3,boosting,1180,333,0.866203070375437,0.1013142000301741,0.866203070375437,0.7873461185166825,0.1509355077099221,,,,
bace,classification,3,stratified_scaffold_group,26,xgb_80_d5,boosting,1180,333,0.8789329685362517,0.1426006000256166,0.8789329685362517,0.8106268272735964,0.1352408365647729,,,,
bace,classification,3,stratified_scaffold_group,27,xgb_100_d3,boosting,1180,333,0.8662030703754371,0.1339150000130757,0.8662030703754371,0.7844984253891101,0.1499318008558249,,,,
bace,classification,3,stratified_scaffold_group,28,xgb_60_d6,boosting,1180,333,0.880718954248366,0.1393196000135503,0.880718954248366,0.8023015282244161,0.1344532068795427,,,,
bace,classification,3,stratified_scaffold_group,29,cat_60_d4,boosting,1180,333,0.8586791305669554,0.4311036000144668,0.8586791305669554,0.7898037696190296,0.1537055315581933,,,,
bace,classification,3,stratified_scaffold_group,30,cat_80_d6,boosting,1180,333,0.8766529867761058,1.1236139999818988,0.8766529867761058,0.8001242652808492,0.1428137708965682,,,,
bace,classification,3,stratified_scaffold_group,31,cat_100_d4,boosting,1180,333,0.8649300805593555,0.5317023000097834,0.8649300805593555,0.7960198502729445,0.1523273567830791,,,,
bace,classification,3,stratified_scaffold_group,32,cat_60_d8,boosting,1180,333,0.8745820033439733,2.339516600011848,0.8745820033439733,0.7941988585996596,0.1395655800094342,,,,
clintox,classification,1,stratified_scaffold_group,1,logreg_l2_c0.1,linear,1038,442,0.845718948534126,0.0084501000237651,0.845718948534126,0.4740433928653679,0.0983145847552529,,,,
clintox,classification,1,stratified_scaffold_group,2,logreg_l2_c1,linear,1038,442,0.8160517573002274,0.0111891000415198,0.8160517573002274,0.4455683952789585,0.0849771031917986,,,,
clintox,classification,1,stratified_scaffold_group,3,logreg_l2_c10,linear,1038,442,0.7950107827708808,0.0183646000223234,0.7950107827708808,0.4090180873997813,0.092448608440857,,,,
clintox,classification,1,stratified_scaffold_group,4,logreg_l1_c1,linear,1038,442,0.8032290027394067,0.014800600009039,0.8032290027394067,0.3783090391914868,0.0999447020342351,,,,
clintox,classification,1,stratified_scaffold_group,5,rf_60_sqrt,bagging,1038,442,0.7957976336189311,0.154334100021515,0.7957976336189311,0.3391892453516675,0.0768902218168782,,,,
clintox,classification,1,stratified_scaffold_group,6,rf_90_d12,bagging,1038,442,0.8707233199277262,0.2282162999617867,0.8707233199277262,0.4532249579166221,0.0755001986780644,,,,
clintox,classification,1,stratified_scaffold_group,7,rf_90_leaf2,bagging,1038,442,0.8547531619747042,0.229300900013186,0.8547531619747042,0.395948642603152,0.0747018318888774,,,,
clintox,classification,1,stratified_scaffold_group,8,rf_120_d20_leaf2,bagging,1038,442,0.8423384041499097,0.2912749000242911,0.8423384041499097,0.3855637071001888,0.0760894383030312,,,,
clintox,classification,1,stratified_scaffold_group,9,et_60_sqrt,bagging,1038,442,0.8002273124672143,0.0965364000294357,0.8002273124672143,0.299492269995873,0.0783966501798096,,,,
clintox,classification,1,stratified_scaffold_group,10,et_90_d12,bagging,1038,442,0.8725301626158419,0.1365947999875061,0.8725301626158419,0.4102600739615278,0.0799911461372193,,,,
clintox,classification,1,stratified_scaffold_group,11,et_90_leaf2,bagging,1038,442,0.845718948534126,0.1363808000460267,0.845718948534126,0.3721206680332581,0.0750694036333116,,,,
clintox,classification,1,stratified_scaffold_group,12,et_120_d20_leaf2,bagging,1038,442,0.8703153231917001,0.1758121000020764,0.8703153231917001,0.3749393638920744,0.074828904250576,,,,
clintox,classification,1,stratified_scaffold_group,13,histgb_lr0.05,boosting,1038,442,0.8688581919916069,1.4351946999668144,0.8688581919916069,0.4544066651043739,0.07356913267896,,,,
clintox,classification,1,stratified_scaffold_group,14,histgb_lr0.1,boosting,1038,442,0.840997843445824,1.165237099980004,0.840997843445824,0.3738537209417566,0.0802161843016595,,,,
clintox,classification,1,stratified_scaffold_group,15,gb_lr0.05_d2,boosting,1038,442,0.751733986128111,0.5361795999924652,0.751733986128111,0.2495276378483147,0.0844475905035056,,,,
clintox,classification,1,stratified_scaffold_group,16,gb_lr0.1_d3,boosting,1038,442,0.8169551786442852,0.7249393999809399,0.8169551786442852,0.311749876408214,0.0845577927615042,,,,
clintox,classification,1,stratified_scaffold_group,17,lgbm_60_l15,boosting,1038,442,0.8641953721513085,0.0506476000300608,0.8641953721513085,0.4286237735102025,0.0745198606832576,,,,
clintox,classification,1,stratified_scaffold_group,18,lgbm_90_l31,boosting,1038,442,0.8709564609197412,0.1233826000243425,0.8709564609197412,0.461468580269637,0.0782179957441429,,,,
clintox,classification,1,stratified_scaffold_group,19,lgbm_60_l63,boosting,1038,442,0.8702570379436965,0.1514909000252373,0.8702570379436965,0.453894611740969,0.0783747220702818,,,,
clintox,classification,1,stratified_scaffold_group,20,lgbm_100_leaf10,boosting,1038,442,0.8589496998309728,0.1130509999929927,0.8589496998309728,0.3925423896359422,0.0827322232557792,,,,
clintox,classification,1,stratified_scaffold_group,21,lgbm_100_leaf30,boosting,1038,442,0.8715393133997785,0.0837013999698683,0.8715393133997785,0.4681015573735407,0.0744010271308233,,,,
clintox,classification,1,stratified_scaffold_group,22,lgbm_80_ff0.7,boosting,1038,442,0.8613976802471295,0.0795212999801151,0.8613976802471295,0.3837831616595352,0.0824097010885891,,,,
clintox,classification,1,stratified_scaffold_group,23,lgbm_80_bag0.8,boosting,1038,442,0.8682753395115695,0.0805915999808348,0.8682753395115695,0.4806824285959901,0.0757354435034325,,,,
clintox,classification,1,stratified_scaffold_group,24,lgbm_120_l15,boosting,1038,442,0.8739290085679314,0.0781559000024572,0.8739290085679314,0.4389013991114319,0.0757158880648341,,,,
clintox,classification,1,stratified_scaffold_group,25,xgb_60_d3,boosting,1038,442,0.8627090983272133,0.0678632000344805,0.8627090983272133,0.4954716876600845,0.0725732128219447,,,,
clintox,classification,1,stratified_scaffold_group,26,xgb_80_d5,boosting,1038,442,0.875735851256047,0.0858387000043876,0.875735851256047,0.5058964089318285,0.0712265434527683,,,,
clintox,classification,1,stratified_scaffold_group,27,xgb_100_d3,boosting,1038,442,0.8471177944862156,0.0869128999765962,0.8471177944862156,0.4569266742160257,0.0728264524403828,,,,
clintox,classification,1,stratified_scaffold_group,28,xgb_60_d6,boosting,1038,442,0.8753861397680248,0.072935200005304,0.8753861397680248,0.4827843231682734,0.0727859933882957,,,,
clintox,classification,1,stratified_scaffold_group,29,cat_60_d4,boosting,1038,442,0.7707058343533253,0.3012667999719269,0.7707058343533253,0.3592183898138476,0.080650648000633,,,,
clintox,classification,1,stratified_scaffold_group,30,cat_80_d6,boosting,1038,442,0.828000233140992,1.1870855999877676,0.828000233140992,0.3369454952749917,0.0809048400459308,,,,
clintox,classification,1,stratified_scaffold_group,31,cat_100_d4,boosting,1038,442,0.8217637116045928,0.5942514999769628,0.8217637116045928,0.3664475598993312,0.0794634937501152,,,,
clintox,classification,1,stratified_scaffold_group,32,cat_60_d8,boosting,1038,442,0.8022964387713469,3.0272875999799,0.8022964387713469,0.3501756266755566,0.0819436130887004,,,,
clintox,classification,2,stratified_scaffold_group,1,logreg_l2_c0.1,linear,1055,425,0.7891777617848146,0.0085206000367179,0.7891777617848146,0.319078226076645,0.0946011396877348,,,,
clintox,classification,2,stratified_scaffold_group,2,logreg_l2_c1,linear,1055,425,0.7696563512054697,0.0121143999858759,0.7696563512054697,0.3423291645158254,0.0703228537664418,,,,
clintox,classification,2,stratified_scaffold_group,3,logreg_l2_c10,linear,1055,425,0.7674073407700611,0.0191236999817192,0.7674073407700611,0.3392893169188755,0.06585104793981,,,,
clintox,classification,2,stratified_scaffold_group,4,logreg_l1_c1,linear,1055,425,0.7888179201151493,0.0256816000328399,0.7888179201151493,0.3322025393450764,0.0883824143464112,,,,
clintox,classification,2,stratified_scaffold_group,5,rf_60_sqrt,bagging,1055,425,0.7634041021950342,0.1396303999936208,0.7634041021950342,0.2277096789315938,0.0573560071656335,,,,
clintox,classification,2,stratified_scaffold_group,6,rf_90_d12,bagging,1055,425,0.729444044620367,0.187991399958264,0.729444044620367,0.2005163932541939,0.0692804041809831,,,,
clintox,classification,2,stratified_scaffold_group,7,rf_90_leaf2,bagging,1055,425,0.797813961856783,0.222174399998039,0.797813961856783,0.2781981029609532,0.0599565503403338,,,,
clintox,classification,2,stratified_scaffold_group,8,rf_120_d20_leaf2,bagging,1055,425,0.7929560993163007,0.2891116000246256,0.7929560993163007,0.2915779822145724,0.0600985552419528,,,,
clintox,classification,2,stratified_scaffold_group,9,et_60_sqrt,bagging,1055,425,0.7849046419575387,0.0993413999676704,0.7849046419575387,0.2731782293759225,0.0556114550175557,,,,
clintox,classification,2,stratified_scaffold_group,10,et_90_d12,bagging,1055,425,0.7645286074127385,0.1335885000298731,0.7645286074127385,0.2325608665715902,0.0741738394274725,,,,
clintox,classification,2,stratified_scaffold_group,11,et_90_leaf2,bagging,1055,425,0.7870187117668226,0.1195613000309094,0.7870187117668226,0.2555581298981405,0.0614507239714289,,,,
clintox,classification,2,stratified_scaffold_group,12,et_120_d20_leaf2,bagging,1055,425,0.7820708888089241,0.1585478999768383,0.7820708888089241,0.2518471985517546,0.0632138358466394,,,,
clintox,classification,2,stratified_scaffold_group,13,histgb_lr0.05,boosting,1055,425,0.7589510615329256,1.4175954000093045,0.7589510615329256,0.2311780834028481,0.0578951284936917,,,,
clintox,classification,2,stratified_scaffold_group,14,histgb_lr0.1,boosting,1055,425,0.7310633321338611,1.176313999982085,0.7310633321338611,0.248848038371028,0.0574001687096751,,,,
clintox,classification,2,stratified_scaffold_group,15,gb_lr0.05_d2,boosting,1055,425,0.7746491543720763,0.4640327999950386,0.7746491543720763,0.2568420108857583,0.055702104734623,,,,
clintox,classification,2,stratified_scaffold_group,16,gb_lr0.1_d3,boosting,1055,425,0.7988934868657791,0.6192445000051521,0.7988934868657791,0.3097420772525977,0.0547164711280891,,,,
clintox,classification,2,stratified_scaffold_group,17,lgbm_60_l15,boosting,1055,425,0.7763134220942784,0.0501751999836415,0.7763134220942784,0.2792705020017192,0.0547936426749443,,,,
clintox,classification,2,stratified_scaffold_group,18,lgbm_90_l31,boosting,1055,425,0.785534364879453,0.108788099954836,0.785534364879453,0.3212838320365832,0.0530937374240722,,,,
clintox,classification,2,stratified_scaffold_group,19,lgbm_60_l63,boosting,1055,425,0.7804516012954299,0.0954790000105276,0.7804516012954299,0.3397535177655924,0.0528839158034392,,,,
clintox,classification,2,stratified_scaffold_group,20,lgbm_100_leaf10,boosting,1055,425,0.7336272040302267,0.103195899981074,0.7336272040302267,0.2897835505864893,0.0564979894218042,,,,
clintox,classification,2,stratified_scaffold_group,21,lgbm_100_leaf30,boosting,1055,425,0.7952500899604175,0.0817661000182852,0.7952500899604175,0.2884036872740302,0.0543923781168054,,,,
clintox,classification,2,stratified_scaffold_group,22,lgbm_80_ff0.7,boosting,1055,425,0.7902123065851024,0.0767432000138796,0.7902123065851024,0.3134628047428686,0.0545001370603645,,,,
clintox,classification,2,stratified_scaffold_group,23,lgbm_80_bag0.8,boosting,1055,425,0.7971392587261605,0.0740168999764137,0.7971392587261605,0.3012082177707795,0.0554523729296559,,,,
clintox,classification,2,stratified_scaffold_group,24,lgbm_120_l15,boosting,1055,425,0.7754587981288232,0.0912105000461451,0.7754587981288232,0.2766215117524188,0.0552069730142811,,,,
clintox,classification,2,stratified_scaffold_group,25,xgb_60_d3,boosting,1055,425,0.7847247211227061,0.0619976000161841,0.7847247211227061,0.2386082585703759,0.056079626715692,,,,
clintox,classification,2,stratified_scaffold_group,26,xgb_80_d5,boosting,1055,425,0.7653382511694854,0.0876113999984227,0.7653382511694854,0.2779130839921632,0.0554574601183498,,,,
clintox,classification,2,stratified_scaffold_group,27,xgb_100_d3,boosting,1055,425,0.7790572148254767,0.0790227999677881,0.7790572148254767,0.2758701479851764,0.0555967381246368,,,,
clintox,classification,2,stratified_scaffold_group,28,xgb_60_d6,boosting,1055,425,0.817560273479669,0.0808740999782458,0.817560273479669,0.345917634533395,0.0521399964671697,,,,
clintox,classification,2,stratified_scaffold_group,29,cat_60_d4,boosting,1055,425,0.7817110471392588,0.3065088000148535,0.7817110471392588,0.2464734144294358,0.0562907859116034,,,,
clintox,classification,2,stratified_scaffold_group,30,cat_80_d6,boosting,1055,425,0.8042461317020511,1.3471816999954171,0.8042461317020511,0.2666690607107476,0.0552012309100366,,,,
clintox,classification,2,stratified_scaffold_group,31,cat_100_d4,boosting,1055,425,0.7823407700611731,0.5779304999741726,0.7823407700611731,0.2936985484485686,0.0551859220179456,,,,
clintox,classification,2,stratified_scaffold_group,32,cat_60_d8,boosting,1055,425,0.7968243972652033,3.0598123999661766,0.7968243972652033,0.2958122970120117,0.0553754066741948,,,,
clintox,classification,3,stratified_scaffold_group,1,logreg_l2_c0.1,linear,867,613,0.7933225311274092,0.0072545000002719,0.7933225311274092,0.3454028515184944,0.0880376031614736,,,,
clintox,classification,3,stratified_scaffold_group,2,logreg_l2_c1,linear,867,613,0.7797202797202798,0.0097010000026784,0.7797202797202798,0.3105635982922747,0.0780591530583359,,,,
clintox,classification,3,stratified_scaffold_group,3,logreg_l2_c10,linear,867,613,0.7721729490022173,0.0158307999954558,0.7721729490022173,0.2724057257137486,0.0864682282986869,,,,
clintox,classification,3,stratified_scaffold_group,4,logreg_l1_c1,linear,867,613,0.765990107453522,0.0146463999990373,0.765990107453522,0.2533661886887074,0.0879599054796937,,,,
clintox,classification,3,stratified_scaffold_group,5,rf_60_sqrt,bagging,867,613,0.8419324577861163,0.1526972000137902,0.8419324577861163,0.324951635501715,0.0534887490932006,,,,
clintox,classification,3,stratified_scaffold_group,6,rf_90_d12,bagging,867,613,0.8272641992154187,0.233953199989628,0.8272641992154187,0.3237260053267995,0.060649349353966,,,,
clintox,classification,3,stratified_scaffold_group,7,rf_90_leaf2,bagging,867,613,0.8005287395531299,0.1930084999767132,0.8005287395531299,0.3009617955194064,0.0581377580074244,,,,
clintox,classification,3,stratified_scaffold_group,8,rf_120_d20_leaf2,bagging,867,613,0.8232133719938597,0.2530142000177875,0.8232133719938597,0.3278270411149335,0.0576826844761399,,,,
clintox,classification,3,stratified_scaffold_group,9,et_60_sqrt,bagging,867,613,0.8183736994712605,0.0815185999963432,0.8183736994712605,0.3265131414665349,0.0539901049820277,,,,
clintox,classification,3,stratified_scaffold_group,10,et_90_d12,bagging,867,613,0.8109329694695548,0.1121809000032953,0.8109329694695548,0.3515302057410757,0.0685512562937739,,,,
clintox,classification,3,stratified_scaffold_group,11,et_90_leaf2,bagging,867,613,0.8272641992154188,0.1132753000129014,0.8272641992154188,0.3106591222007254,0.0575110428395645,,,,
clintox,classification,3,stratified_scaffold_group,12,et_120_d20_leaf2,bagging,867,613,0.8364745011086474,0.1471165000111796,0.8364745011086474,0.3393569522866906,0.0574130438152416,,,,
clintox,classification,3,stratified_scaffold_group,13,histgb_lr0.05,boosting,867,613,0.838563875149241,1.4224793000030331,0.838563875149241,0.4294587183663521,0.0502569354163037,,,,
clintox,classification,3,stratified_scaffold_group,14,histgb_lr0.1,boosting,867,613,0.8258144294729661,1.0783416000194848,0.8258144294729661,0.4224943276467662,0.0512094177057287,,,,
clintox,classification,3,stratified_scaffold_group,15,gb_lr0.05_d2,boosting,867,613,0.8330206378986866,0.4763881999533623,0.8330206378986866,0.292613740648825,0.0561148441980651,,,,
clintox,classification,3,stratified_scaffold_group,16,gb_lr0.1_d3,boosting,867,613,0.8139817499573596,0.6818060999503359,0.8139817499573596,0.2771586799951318,0.0565342649743056,,,,
clintox,classification,3,stratified_scaffold_group,17,lgbm_60_l15,boosting,867,613,0.8381374722838137,0.1073695999803021,0.8381374722838137,0.3297305698211291,0.05351554325835,,,,
clintox,classification,3,stratified_scaffold_group,18,lgbm_90_l31,boosting,867,613,0.8414634146341463,0.2429679000051692,0.8414634146341463,0.3893080929532426,0.052047697408174,,,,
clintox,classification,3,stratified_scaffold_group,19,lgbm_60_l63,boosting,867,613,0.8505031553812041,0.0722601000452414,0.8505031553812041,0.3694230360437166,0.0534467005536525,,,,
clintox,classification,3,stratified_scaffold_group,20,lgbm_100_leaf10,boosting,867,613,0.8304195804195804,0.0993220999953337,0.8304195804195804,0.3593217556413874,0.0554398711389086,,,,
clintox,classification,3,stratified_scaffold_group,21,lgbm_100_leaf30,boosting,867,613,0.852549889135255,0.0699772000079974,0.852549889135255,0.4390937756300696,0.0498389200419187,,,,
clintox,classification,3,stratified_scaffold_group,22,lgbm_80_ff0.7,boosting,867,613,0.8324236738870885,0.0709297999856062,0.8324236738870885,0.3564144614519003,0.0552138001915839,,,,
clintox,classification,3,stratified_scaffold_group,23,lgbm_80_bag0.8,boosting,867,613,0.8325515947467167,0.0789536000229418,0.8325515947467167,0.3642429303895959,0.0534054751165554,,,,
clintox,classification,3,stratified_scaffold_group,24,lgbm_120_l15,boosting,867,613,0.8435527886747399,0.0786967999883927,0.8435527886747399,0.3553903044416609,0.0532668921422622,,,,
clintox,classification,3,stratified_scaffold_group,25,xgb_60_d3,boosting,867,613,0.8375831485587584,0.0602138000540435,0.8375831485587584,0.3709825547146392,0.0525404071273611,,,,
clintox,classification,3,stratified_scaffold_group,26,xgb_80_d5,boosting,867,613,0.8513133208255159,0.0890121000120416,0.8513133208255159,0.4433473211542497,0.050715054386714,,,,
clintox,classification,3,stratified_scaffold_group,27,xgb_100_d3,boosting,867,613,0.832274432884189,0.0813684000167995,0.832274432884189,0.3566657849647163,0.0530857909543365,,,,
clintox,classification,3,stratified_scaffold_group,28,xgb_60_d6,boosting,867,613,0.8318480300187617,0.0719160000444389,0.8318480300187617,0.3883869750673033,0.0520116444228314,,,,
clintox,classification,3,stratified_scaffold_group,29,cat_60_d4,boosting,867,613,0.8126812212178065,0.2759808999835513,0.8126812212178065,0.303156757497543,0.0565946014623191,,,,
clintox,classification,3,stratified_scaffold_group,30,cat_80_d6,boosting,867,613,0.8104212860310421,1.1365360000054352,0.8104212860310421,0.3998464809836034,0.055389349564935,,,,
clintox,classification,3,stratified_scaffold_group,31,cat_100_d4,boosting,867,613,0.8337881630564558,0.5654553000349551,0.8337881630564558,0.3172836777314082,0.05609134840018,,,,
clintox,classification,3,stratified_scaffold_group,32,cat_60_d8,boosting,867,613,0.8253880266075388,2.974371600023005,0.8253880266075388,0.3559648505251644,0.0550845886687176,,,,
esol,regression,1,seeded_scaffold_group_balanced,1,ridge_a0.1,linear,752,376,-2.65759491471521,0.0065585999982431,,,,2.65759491471521,1.981313771000568,-0.1648084783688066,0.5699388393549056
esol,regression,1,seeded_scaffold_group_balanced,2,ridge_a1,linear,752,376,-1.8308460021710435,0.0073655000305734,,,,1.8308460021710435,1.4384599125106283,0.4471840218599194,0.7098611031966631
esol,regression,1,seeded_scaffold_group_balanced,3,ridge_a10,linear,752,376,-1.6639647834608884,0.0069322999916039,,,,1.6639647834608884,1.2943345120435066,0.5433691847869221,0.7865336524677287
esol,regression,1,seeded_scaffold_group_balanced,4,elasticnet_a0.001,linear,752,376,-1.8730869647881216,0.0264053000137209,,,,1.8730869647881216,1.470173054074987,0.4213808033654798,0.6975010878232154
esol,regression,1,seeded_scaffold_group_balanced,5,rf_60_sqrt,bagging,752,376,-1.7541513763720444,0.0914676000247709,,,,1.7541513763720444,1.331965603524234,0.4925291600947961,0.7945962251655122
esol,regression,1,seeded_scaffold_group_balanced,6,rf_90_d12,bagging,752,376,-2.005335566938886,0.1174190000165253,,,,2.005335566938886,1.5496667825166417,0.3367899967051123,0.7579659809799395
esol,regression,1,seeded_scaffold_group_balanced,7,rf_90_leaf2,bagging,752,376,-1.8996516035156237,0.1247840000432916,,,,1.8996516035156237,1.4701917900018753,0.4048521458555627,0.7866698910964033
esol,regression,1,seeded_scaffold_group_balanced,8,rf_120_d20_leaf2,bagging,752,376,-1.932727985886317,0.1617288999841548,,,,1.932727985886317,1.491625764073352,0.3839465053832469,0.7673917300807905
esol,regression,1,seeded_scaffold_group_balanced,9,et_60_sqrt,bagging,752,376,-1.7285681203794472,0.0619349000044167,,,,1.7285681203794472,1.3010845744680852,0.507223540162518,0.78743709404512
esol,regression,1,seeded_scaffold_group_balanced,10,et_90_d12,bagging,752,376,-1.987304826902548,0.0647508999682031,,,,1.987304826902548,1.518262059349696,0.3486627297528746,0.7550507765485531
esol,regression,1,seeded_scaffold_group_balanced,11,et_90_leaf2,bagging,752,376,-1.854529091196254,0.0698529999935999,,,,1.854529091196254,1.4124548558262917,0.4327895081100841,0.7718649172012324
esol,regression,1,seeded_scaffold_group_balanced,12,et_120_d20_leaf2,bagging,752,376,-1.8915351417376876,0.0897016999660991,,,,1.8915351417376876,1.4498984738444811,0.4099269452579982,0.7761040041428249
esol,regression,1,seeded_scaffold_group_balanced,13,histgb_lr0.05,boosting,752,376,-1.699966203426667,1.385472199996002,,,,1.699966203426667,1.3086935889348228,0.5233961681918744,0.7973234123304692
esol,regression,1,seeded_scaffold_group_balanced,14,histgb_lr0.1,boosting,752,376,-1.6757988032751636,0.9011807999922894,,,,1.6757988032751636,1.2925390715006428,0.5368510254541814,0.7922525122200037
esol,regression,1,seeded_scaffold_group_balanced,15,gb_lr0.05_d2,boosting,752,376,-2.0720210013972227,0.3011992000392638,,,,2.0720210013972227,1.6303035858196422,0.2919478255028186,0.7412454006249448
esol,regression,1,seeded_scaffold_group_balanced,16,gb_lr0.1_d3,boosting,752,376,-1.841700114102512,0.4535726000322029,,,,1.841700114102512,1.4092185465309135,0.4406098885150872,0.7688199210830651
esol,regression,1,seeded_scaffold_group_balanced,17,lgbm_60_l15,boosting,752,376,-1.8165758221865564,0.0304895000299438,,,,1.8165758221865564,1.406713021501624,0.4557680750110816,0.782258862371492
esol,regression,1,seeded_scaffold_group_balanced,18,lgbm_90_l31,boosting,752,376,-1.7031263983464382,0.053090900008101,,,,1.7031263983464382,1.302080204560571,0.5216225317949579,0.7873793075558364
esol,regression,1,seeded_scaffold_group_balanced,19,lgbm_60_l63,boosting,752,376,-1.7047581292200609,0.0389519000309519,,,,1.7047581292200609,1.291719759277541,0.5207054451766265,0.7840534240825822
esol,regression,1,seeded_scaffold_group_balanced,20,lgbm_100_leaf10,boosting,752,376,-1.7225900447012332,0.0840120000066235,,,,1.7225900447012332,1.2731148390028195,0.5106260800635365,0.78819813342035
esol,regression,1,seeded_scaffold_group_balanced,21,lgbm_100_leaf30,boosting,752,376,-1.8111263712901324,0.0439511000295169,,,,1.8111263712901324,1.3842323246016557,0.459028403254323,0.7597393571157022
esol,regression,1,seeded_scaffold_group_balanced,22,lgbm_80_ff0.7,boosting,752,376,-1.7015715207690028,0.0565822999924421,,,,1.7015715207690028,1.303269877480761,0.5224956071735805,0.7814074924867059
esol,regression,1,seeded_scaffold_group_balanced,23,lgbm_80_bag0.8,boosting,752,376,-1.7130167030738377,0.0733417999581433,,,,1.7130167030738377,1.3014404207861998,0.516050383288289,0.7803446794698327
esol,regression,1,seeded_scaffold_group_balanced,24,lgbm_120_l15,boosting,752,376,-1.7049053388491089,0.0624477000092156,,,,1.7049053388491089,1.3126466036772615,0.520622665316214,0.7939253332812176
esol,regression,1,seeded_scaffold_group_balanced,25,xgb_60_d3,boosting,752,376,-1.915660765013245,0.056486000015866,,,,1.915660765013245,1.4887710112739116,0.3947787560238061,0.7563615285072076
esol,regression,1,seeded_scaffold_group_balanced,26,xgb_80_d5,boosting,752,376,-1.7968605486669422,0.0870389000046998,,,,1.7968605486669422,1.365411417414533,0.4675170552453161,0.7862797133099748
esol,regression,1,seeded_scaffold_group_balanced,27,xgb_100_d3,boosting,752,376,-1.8986096220034825,0.0656824000179767,,,,1.8986096220034825,1.4759274401690097,0.4055048581578392,0.7682148212873752
esol,regression,1,seeded_scaffold_group_balanced,28,xgb_60_d6,boosting,752,376,-1.7103298652984968,0.0762351999874226,,,,1.7103298652984968,1.2958903116238245,0.5175673263099556,0.8118713988346918
esol,regression,1,seeded_scaffold_group_balanced,29,cat_60_d4,boosting,752,376,-2.001832778593505,0.1292958999983966,,,,2.001832778593505,1.5596860904991643,0.3391048764717724,0.7641959562695465
esol,regression,1,seeded_scaffold_group_balanced,30,cat_80_d6,boosting,752,376,-1.96201424158842,0.3403490000055171,,,,1.96201424158842,1.5188919324629715,0.365135174430224,0.7626823842666639
esol,regression,1,seeded_scaffold_group_balanced,31,cat_100_d4,boosting,752,376,-2.009801426913865,0.1970178999472409,,,,2.009801426913865,1.5719592701904104,0.333832784945881,0.7545692324504697
esol,regression,1,seeded_scaffold_group_balanced,32,cat_60_d8,boosting,752,376,-1.936491223854536,0.4283151000272482,,,,1.936491223854536,1.4988420290033282,0.3815451193964879,0.7804797316515394
esol,regression,2,seeded_scaffold_group_balanced,1,ridge_a0.1,linear,752,376,-3.0100521277069543,0.0064515000558458,,,,3.0100521277069543,2.114556513421079,-1.1896267631270985,0.4459016695062533
esol,regression,2,seeded_scaffold_group_balanced,2,ridge_a1,linear,752,376,-2.057444694855231,0.0060774000012315,,,,2.057444694855231,1.53431178359402,-0.023006514305683,0.5692173250429309
esol,regression,2,seeded_scaffold_group_balanced,3,ridge_a10,linear,752,376,-1.549075709813476,0.0135690000024624,,,,1.549075709813476,1.1972849659171512,0.4200809872811242,0.6734637832050633
esol,regression,2,seeded_scaffold_group_balanced,4,elasticnet_a0.001,linear,752,376,-2.148219358465329,0.0368726000306196,,,,2.148219358465329,1.5922007782852394,-0.1152681788973633,0.5471686996167556
esol,regression,2,seeded_scaffold_group_balanced,5,rf_60_sqrt,bagging,752,376,-1.4065886227594768,0.0719463999848812,,,,1.4065886227594768,1.0717259237302783,0.521858697993921,0.7299835197995792
esol,regression,2,seeded_scaffold_group_balanced,6,rf_90_d12,bagging,752,376,-1.5629125588578108,0.1070099999778904,,,,1.5629125588578108,1.1854575324556595,0.4096746663995521,0.6849297727618404
esol,regression,2,seeded_scaffold_group_balanced,7,rf_90_leaf2,bagging,752,376,-1.4964699030656716,0.0923243000288494,,,,1.4964699030656716,1.135012516482425,0.4587996949044238,0.7235948386462884
esol,regression,2,seeded_scaffold_group_balanced,8,rf_120_d20_leaf2,bagging,752,376,-1.5121783659197694,0.1319995999801904,,,,1.5121783659197694,1.150068574794488,0.4473780890944138,0.7090302258559399
esol,regression,2,seeded_scaffold_group_balanced,9,et_60_sqrt,bagging,752,376,-1.41655983171162,0.0637899999856017,,,,1.41655983171162,1.0696241578014185,0.5150556490967668,0.7373723794634586
esol,regression,2,seeded_scaffold_group_balanced,10,et_90_d12,bagging,752,376,-1.5295165833607032,0.0715983000118285,,,,1.5295165833607032,1.1647903132794848,0.4346330209732316,0.7034412815522243
esol,regression,2,seeded_scaffold_group_balanced,11,et_90_leaf2,bagging,752,376,-1.4466810024895354,0.0675617000088095,,,,1.4466810024895354,1.0900677078580343,0.4942130542347851,0.7406572451688129
esol,regression,2,seeded_scaffold_group_balanced,12,et_120_d20_leaf2,bagging,752,376,-1.4602106651957438,0.0920586999855004,,,,1.4602106651957438,1.109300796147804,0.4847083659993249,0.7314528035906107
esol,regression,2,seeded_scaffold_group_balanced,13,histgb_lr0.05,boosting,752,376,-1.480453311186042,1.1725551999988966,,,,1.480453311186042,1.1635444368248935,0.4703225420646081,0.6964231373370972
esol,regression,2,seeded_scaffold_group_balanced,14,histgb_lr0.1,boosting,752,376,-1.4960444904252983,1.2007789999479428,,,,1.4960444904252983,1.1777441948277056,0.4591073532478378,0.6881789987367116
esol,regression,2,seeded_scaffold_group_balanced,15,gb_lr0.05_d2,boosting,752,376,-1.6675278957413715,0.3417913999874145,,,,1.6675278957413715,1.2862476227266977,0.3280015443272812,0.6169722281587158
esol,regression,2,seeded_scaffold_group_balanced,16,gb_lr0.1_d3,boosting,752,376,-1.5370915866046546,0.5253120000124909,,,,1.5370915866046546,1.174472089274178,0.4290191403826958,0.6675979881565965
esol,regression,2,seeded_scaffold_group_balanced,17,lgbm_60_l15,boosting,752,376,-1.5247474353832071,0.0328538999892771,,,,1.5247474353832071,1.190505672446078,0.4381532379506316,0.6804250287830959
esol,regression,2,seeded_scaffold_group_balanced,18,lgbm_90_l31,boosting,752,376,-1.515569909175451,0.0809126999811269,,,,1.515569909175451,1.1924967432207323,0.4448964467835576,0.6821512866345145
esol,regression,2,seeded_scaffold_group_balanced,19,lgbm_60_l63,boosting,752,376,-1.5035000652487618,0.0430814999854192,,,,1.5035000652487618,1.1751590250262474,0.4537028160569825,0.6892032199197261
esol,regression,2,seeded_scaffold_group_balanced,20,lgbm_100_leaf10,boosting,752,376,-1.4952204462731158,0.0825798999867402,,,,1.4952204462731158,1.1359152790327354,0.4597030530025365,0.6774989439210843
esol,regression,2,seeded_scaffold_group_balanced,21,lgbm_100_leaf30,boosting,752,376,-1.5209314459367844,0.0504495000350289,,,,1.5209314459367844,1.1697850743366338,0.4409619895719305,0.6849597277921184
esol,regression,2,seeded_scaffold_group_balanced,22,lgbm_80_ff0.7,boosting,752,376,-1.474809645523942,0.0645814000163227,,,,1.474809645523942,1.1516937190012808,0.4743532327061847,0.6989924672791369
esol,regression,2,seeded_scaffold_group_balanced,23,lgbm_80_bag0.8,boosting,752,376,-1.4746262159541212,0.0492371000000275,,,,1.4746262159541212,1.1479399785783566,0.4744839792938877,0.7017134541859325
esol,regression,2,seeded_scaffold_group_balanced,24,lgbm_120_l15,boosting,752,376,-1.4785911843966122,0.0459691000287421,,,,1.4785911843966122,1.1604640853230497,0.4716541697110051,0.6999692304673604
esol,regression,2,seeded_scaffold_group_balanced,25,xgb_60_d3,boosting,752,376,-1.5630186993526276,0.0536499000154435,,,,1.5630186993526276,1.1936568957922309,0.4095944833461227,0.6702549488451787
esol,regression,2,seeded_scaffold_group_balanced,26,xgb_80_d5,boosting,752,376,-1.493349964665831,0.0859463000087998,,,,1.493349964665831,1.1387621324404755,0.4610540021252421,0.6950995593727546
esol,regression,2,seeded_scaffold_group_balanced,27,xgb_100_d3,boosting,752,376,-1.5390035913089932,0.0736094000167213,,,,1.5390035913089932,1.1722559791670202,0.4275977584701099,0.6819097667757972
esol,regression,2,seeded_scaffold_group_balanced,28,xgb_60_d6,boosting,752,376,-1.4811892526255368,0.0892202000250108,,,,1.4811892526255368,1.1290164685017885,0.4697958000503184,0.6986712100826526
esol,regression,2,seeded_scaffold_group_balanced,29,cat_60_d4,boosting,752,376,-1.5965634085054123,0.1629348999704234,,,,1.5965634085054123,1.2320340870243476,0.3839805818047388,0.667494678767846
esol,regression,2,seeded_scaffold_group_balanced,30,cat_80_d6,boosting,752,376,-1.5586305325286918,0.3993357000290416,,,,1.5586305325286918,1.1953046446017683,0.4129049505544064,0.6829967535102346
esol,regression,2,seeded_scaffold_group_balanced,31,cat_100_d4,boosting,752,376,-1.5883943038396098,0.1931336999987252,,,,1.5883943038396098,1.2192594469588067,0.3902684030988871,0.6705140560581512
esol,regression,2,seeded_scaffold_group_balanced,32,cat_60_d8,boosting,752,376,-1.532749037179305,0.5072061999817379,,,,1.532749037179305,1.1788623702019958,0.4322408222909751,0.6832529367629497
esol,regression,3,seeded_scaffold_group_balanced,1,ridge_a0.1,linear,752,376,-2.7415853741874967,0.0061370999901555,,,,2.7415853741874967,2.105861652597468,-1.7261754496731787,0.3853739715078367
esol,regression,3,seeded_scaffold_group_balanced,2,ridge_a1,linear,752,376,-1.9729748378291896,0.0065428999951109,,,,1.9729748378291896,1.5273835635274011,-0.4118655664080626,0.4846326322027747
esol,regression,3,seeded_scaffold_group_balanced,3,ridge_a10,linear,752,376,-1.57027849041434,0.0067344999988563,,,,1.57027849041434,1.239402273009432,0.1056580197220384,0.5835572988189611
esol,regression,3,seeded_scaffold_group_balanced,4,elasticnet_a0.001,linear,752,376,-2.033851630967433,0.0469089999678544,,,,2.033851630967433,1.5738360172636967,-0.5003368959848975,0.4741265487752495
esol,regression,3,seeded_scaffold_group_balanced,5,rf_60_sqrt,bagging,752,376,-1.812971658206592,0.0736632999614812,,,,1.812971658206592,1.446723040885188,-0.1921537883882242,0.4385128922205052
esol,regression,3,seeded_scaffold_group_balanced,6,rf_90_d12,bagging,752,376,-1.6994347617577557,0.0958833000040613,,,,1.6994347617577557,1.377180064087964,-0.0475125824038382,0.4226408843765603
esol,regression,3,seeded_scaffold_group_balanced,7,rf_90_leaf2,bagging,752,376,-1.724844397955938,0.0935003000195138,,,,1.724844397955938,1.388958841713529,-0.0790711921669504,0.4241298136537565
esol,regression,3,seeded_scaffold_group_balanced,8,rf_120_d20_leaf2,bagging,752,376,-1.6990988850230602,0.1141709000221453,,,,1.6990988850230602,1.3780798402344814,-0.0470985619951056,0.4272022431311545
esol,regression,3,seeded_scaffold_group_balanced,9,et_60_sqrt,bagging,752,376,-1.8181788611412064,0.0556593000073917,,,,1.8181788611412064,1.4375318823877066,-0.1990118125115874,0.4723998027743225
esol,regression,3,seeded_scaffold_group_balanced,10,et_90_d12,bagging,752,376,-1.7320126537566627,0.0667507999460212,,,,1.7320126537566627,1.3996876697265934,-0.0880588218339095,0.4173537870098798
esol,regression,3,seeded_scaffold_group_balanced,11,et_90_leaf2,bagging,752,376,-1.738665783747767,0.0602893000468611,,,,1.738665783747767,1.3973513089122265,-0.0964339341497728,0.4295025260159326
esol,regression,3,seeded_scaffold_group_balanced,12,et_120_d20_leaf2,bagging,752,376,-1.7125403267757149,0.0885872000362724,,,,1.7125403267757149,1.376170250093094,-0.0637311260675832,0.4372741003941113
esol,regression,3,seeded_scaffold_group_balanced,13,histgb_lr0.05,boosting,752,376,-1.7316587970122896,1.0200824000057764,,,,1.7316587970122896,1.381538881109931,-0.0876142781738678,0.4853601772022659
esol,regression,3,seeded_scaffold_group_balanced,14,histgb_lr0.1,boosting,752,376,-1.7010195518364604,0.8890931999776512,,,,1.7010195518364604,1.3503146633670606,-0.0494671871158398,0.5013812673176595
esol,regression,3,seeded_scaffold_group_balanced,15,gb_lr0.05_d2,boosting,752,376,-1.7538880644108588,0.3401208999566734,,,,1.7538880644108588,1.4418840140125926,-0.1157168670139694,0.4262472545100291
esol,regression,3,seeded_scaffold_group_balanced,16,gb_lr0.1_d3,boosting,752,376,-1.7806837621020106,0.5284128999919631,,,,1.7806837621020106,1.4269508276391247,-0.1500688754904828,0.447520658348203
esol,regression,3,seeded_scaffold_group_balanced,17,lgbm_60_l15,boosting,752,376,-1.792149735583034,0.0429470000090077,,,,1.792149735583034,1.4366497310663953,-0.1649273411167706,0.4433507125742009
esol,regression,3,seeded_scaffold_group_balanced,18,lgbm_90_l31,boosting,752,376,-1.740126152351777,0.0889601000235416,,,,1.740126152351777,1.3747221992681458,-0.0982765771244675,0.4897461559002742
esol,regression,3,seeded_scaffold_group_balanced,19,lgbm_60_l63,boosting,752,376,-1.7782617256080042,0.0616724999854341,,,,1.7782617256080042,1.413398113750593,-0.146942419844019,0.484833340923382
esol,regression,3,seeded_scaffold_group_balanced,20,lgbm_100_leaf10,boosting,752,376,-1.7158789928394624,0.1272005000500939,,,,1.7158789928394624,1.3628038939366092,-0.0678827419989331,0.5267929820711865
esol,regression,3,seeded_scaffold_group_balanced,21,lgbm_100_leaf30,boosting,752,376,-1.7611177478578643,0.0600697000045329,,,,1.7611177478578643,1.3928229453691654,-0.1249339942551877,0.4772422025192991
esol,regression,3,seeded_scaffold_group_balanced,22,lgbm_80_ff0.7,boosting,752,376,-1.7199547634566623,0.0705540000344626,,,,1.7199547634566623,1.3596395981573213,-0.0729619047568115,0.5093162559527393
esol,regression,3,seeded_scaffold_group_balanced,23,lgbm_80_bag0.8,boosting,752,376,-1.723059550528925,0.0641710000345483,,,,1.723059550528925,1.3695024129566782,-0.0768391288521483,0.4897380566089995
esol,regression,3,seeded_scaffold_group_balanced,24,lgbm_120_l15,boosting,752,376,-1.7387142011229508,0.0892130999709479,,,,1.7387142011229508,1.3841216094964215,-0.09649500073636,0.48984057273577
esol,regression,3,seeded_scaffold_group_balanced,25,xgb_60_d3,boosting,752,376,-1.7606760007126911,0.0521966000087559,,,,1.7606760007126911,1.417149604676886,-0.1243697230053464,0.4427559427408786
esol,regression,3,seeded_scaffold_group_balanced,26,xgb_80_d5,boosting,752,376,-1.7606997961345716,0.0898185000405646,,,,1.7606997961345716,1.4317819118905577,-0.1244001147783842,0.4707466716196479
esol,regression,3,seeded_scaffold_group_balanced,27,xgb_100_d3,boosting,752,376,-1.7307790747986804,0.0649332000175491,,,,1.7307790747986804,1.3880968380481638,-0.086509493092338,0.4450713629223865
esol,regression,3,seeded_scaffold_group_balanced,28,xgb_60_d6,boosting,752,376,-1.7447694684181747,0.0802258000476285,,,,1.7447694684181747,1.3885648902832195,-0.10414563341348,0.4945876618499246
esol,regression,3,seeded_scaffold_group_balanced,29,cat_60_d4,boosting,752,376,-1.730978233216533,0.1324242999544367,,,,1.730978233216533,1.413356793764644,-0.0867595538476211,0.4246325001603788
esol,regression,3,seeded_scaffold_group_balanced,30,cat_80_d6,boosting,752,376,-1.705613070582341,0.271612600015942,,,,1.705613070582341,1.374975305092429,-0.0551429082280165,0.4704670285579395
esol,regression,3,seeded_scaffold_group_balanced,31,cat_100_d4,boosting,752,376,-1.703684334917291,0.2714754000189714,,,,1.703684334917291,1.383072562958734,-0.0527579111427127,0.441461158813605
esol,regression,3,seeded_scaffold_group_balanced,32,cat_60_d8,boosting,752,376,-1.6814103055088463,0.5893670000368729,,,,1.6814103055088463,1.353186951891312,-0.0254102709534667,0.4685391708093688
freesolv,regression,1,seeded_scaffold_group_balanced,1,ridge_a0.1,linear,428,214,-3.3326213913168394,0.0048684999928809,,,,3.3326213913168394,2.23550603917826,0.3858452979973288,0.7084305269396942
freesolv,regression,1,seeded_scaffold_group_balanced,2,ridge_a1,linear,428,214,-2.773791453802452,0.0040787999751046,,,,2.773791453802452,1.7571906635805823,0.5745451905409122,0.7799564450295648
freesolv,regression,1,seeded_scaffold_group_balanced,3,ridge_a10,linear,428,214,-3.0466369867576537,0.004116799973417,,,,3.0466369867576537,1.9613871479591476,0.4867283864204524,0.768685660905171
freesolv,regression,1,seeded_scaffold_group_balanced,4,elasticnet_a0.001,linear,428,214,-2.890296976320604,0.0270216999924741,,,,2.890296976320604,1.848305654904553,0.5380544763798941,0.7563403900548111
freesolv,regression,1,seeded_scaffold_group_balanced,5,rf_60_sqrt,bagging,428,214,-3.072560729630892,0.0707661999622359,,,,3.072560729630892,1.970495879691441,0.4779563986610244,0.7658307711027891
freesolv,regression,1,seeded_scaffold_group_balanced,6,rf_90_d12,bagging,428,214,-3.334495255503206,0.0916866000043228,,,,3.334495255503206,2.2809435308920647,0.3851544508153134,0.6766029678549296
freesolv,regression,1,seeded_scaffold_group_balanced,7,rf_90_leaf2,bagging,428,214,-3.449632920415873,0.0965407000039704,,,,3.449632920415873,2.256352386999576,0.3419610610840834,0.7074631827647504
freesolv,regression,1,seeded_scaffold_group_balanced,8,rf_120_d20_leaf2,bagging,428,214,-3.410101763742777,0.1100644000107422,,,,3.410101763742777,2.249774488684992,0.3569562750312831,0.7172547874418881
freesolv,regression,1,seeded_scaffold_group_balanced,9,et_60_sqrt,bagging,428,214,-2.765893596283328,0.0518575999885797,,,,2.765893596283328,1.802705347871236,0.576964548862958,0.7651609770981128
freesolv,regression,1,seeded_scaffold_group_balanced,10,et_90_d12,bagging,428,214,-3.150225390640625,0.0678206000011414,,,,3.150225390640625,2.1990979472132857,0.4512316178912077,0.7053295508956859
freesolv,regression,1,seeded_scaffold_group_balanced,11,et_90_leaf2,bagging,428,214,-3.236790688716531,0.0595018000458367,,,,3.236790688716531,2.1075926746915585,0.420657941515815,0.737423833108306
freesolv,regression,1,seeded_scaffold_group_balanced,12,et_120_d20_leaf2,bagging,428,214,-3.2430067074920887,0.0803634999901987,,,,3.2430067074920887,2.11860259098883,0.4184306371388662,0.7496969396482819
freesolv,regression,1,seeded_scaffold_group_balanced,13,histgb_lr0.05,boosting,428,214,-3.4456056196034903,0.7734090999583714,,,,3.4456056196034903,2.266818275385228,0.3434966295705428,0.6128226353698714
freesolv,regression,1,seeded_scaffold_group_balanced,14,histgb_lr0.1,boosting,428,214,-3.370901700957025,0.679880499956198,,,,3.370901700957025,2.222638757425269,0.3716552332292483,0.633946553585184
freesolv,regression,1,seeded_scaffold_group_balanced,15,gb_lr0.05_d2,boosting,428,214,-3.545671468089096,0.1785587000194937,,,,3.545671468089096,2.4464865383711474,0.304811128787404,0.6055594531307965
freesolv,regression,1,seeded_scaffold_group_balanced,16,gb_lr0.1_d3,boosting,428,214,-2.9364075184025067,0.2265062000369653,,,,2.9364075184025067,1.9097677014872303,0.5231975474138886,0.7190488262856192
freesolv,regression,1,seeded_scaffold_group_balanced,17,lgbm_60_l15,boosting,428,214,-3.5678511172012195,0.0262178999837487,,,,3.5678511172012195,2.360527796770512,0.2960865350744943,0.568084482602682
freesolv,regression,1,seeded_scaffold_group_balanced,18,lgbm_90_l31,boosting,428,214,-3.4842443664307616,0.0326114000054076,,,,3.4842443664307616,2.2767005456223446,0.3286901199985999,0.605327058203702
freesolv,regression,1,seeded_scaffold_group_balanced,19,lgbm_60_l63,boosting,428,214,-3.452500724564645,0.025969999958761,,,,3.452500724564645,2.280125302245513,0.3408665033378623,0.6072490943087329
freesolv,regression,1,seeded_scaffold_group_balanced,20,lgbm_100_leaf10,boosting,428,214,-3.092486036530018,0.0667951999930664,,,,3.092486036530018,2.0873792903695163,0.4711636237999025,0.6874545791882362
freesolv,regression,1,seeded_scaffold_group_balanced,21,lgbm_100_leaf30,boosting,428,214,-3.5922211448126244,0.0251500000013038,,,,3.5922211448126244,2.3585053331024404,0.2864376029235341,0.5645965367787809
freesolv,regression,1,seeded_scaffold_group_balanced,22,lgbm_80_ff0.7,boosting,428,214,-3.3539936644874544,0.0284003000124357,,,,3.3539936644874544,2.2572107140903297,0.3779428278430864,0.6304258850263106
freesolv,regression,1,seeded_scaffold_group_balanced,23,lgbm_80_bag0.8,boosting,428,214,-3.45920384412815,0.0254176000016741,,,,3.45920384412815,2.298663682187912,0.3383045692134264,0.6047796864387726
freesolv,regression,1,seeded_scaffold_group_balanced,24,lgbm_120_l15,boosting,428,214,-3.451302755945116,0.0390097999479621,,,,3.451302755945116,2.2733130349641013,0.341323843865438,0.6077876024167864
freesolv,regression,1,seeded_scaffold_group_balanced,25,xgb_60_d3,boosting,428,214,-2.924909776974208,0.0429168000118806,,,,2.924909776974208,1.9927724640165392,0.5269241544152811,0.721965068659306
freesolv,regression,1,seeded_scaffold_group_balanced,26,xgb_80_d5,boosting,428,214,-2.774626731791458,0.0675194999785162,,,,2.774626731791458,1.803049631426198,0.5742889156545596,0.7542876584532153
freesolv,regression,1,seeded_scaffold_group_balanced,27,xgb_100_d3,boosting,428,214,-2.9551323795421247,0.0613415999687276,,,,2.9551323795421247,2.037233262207081,0.5170972184566618,0.7079686335715127
freesolv,regression,1,seeded_scaffold_group_balanced,28,xgb_60_d6,boosting,428,214,-2.7463110501839822,0.0606357000069692,,,,2.7463110501839822,1.8130389082550165,0.5829335315105918,0.759081960513525
freesolv,regression,1,seeded_scaffold_group_balanced,29,cat_60_d4,boosting,428,214,-3.3403547583508995,0.1090857000090181,,,,3.3403547583508995,2.342259285843893,0.3829916919196807,0.635724134399927
freesolv,regression,1,seeded_scaffold_group_balanced,30,cat_80_d6,boosting,428,214,-3.328031623855756,0.210980300034862,,,,3.328031623855756,2.2955985037104023,0.387535790770274,0.6549502105977091
freesolv,regression,1,seeded_scaffold_group_balanced,31,cat_100_d4,boosting,428,214,-3.32699675006069,0.1726040999637916,,,,3.32699675006069,2.3362629383647824,0.387916631270839,0.6302709338119666
freesolv,regression,1,seeded_scaffold_group_balanced,32,cat_60_d8,boosting,428,214,-3.2184381872103187,0.28903210000135,,,,3.2184381872103187,2.1779207751735425,0.4272090190500978,0.6726934155052383
freesolv,regression,2,seeded_scaffold_group_balanced,1,ridge_a0.1,linear,428,214,-4.173003640936146,0.0052204999956302,,,,4.173003640936146,3.163283561456984,-0.6122084475521035,0.5444307064023527
freesolv,regression,2,seeded_scaffold_group_balanced,2,ridge_a1,linear,428,214,-2.5044913962509354,0.0050942000234499,,,,2.5044913962509354,1.948511460607297,0.4192853888253778,0.6977188704176822
freesolv,regression,2,seeded_scaffold_group_balanced,3,ridge_a10,linear,428,214,-1.952098254488004,0.0050276999827474,,,,1.952098254488004,1.5955082904735456,0.6472012713883009,0.8081303566136093
freesolv,regression,2,seeded_scaffold_group_balanced,4,elasticnet_a0.001,linear,428,214,-3.0427704770736663,0.0372964999987743,,,,3.0427704770736663,2.3317244547772638,0.1428396909801704,0.6339640570271206
freesolv,regression,2,seeded_scaffold_group_balanced,5,rf_60_sqrt,bagging,428,214,-2.190331683269445,0.0829993999795988,,,,2.190331683269445,1.7702073196360582,0.5558359180062473,0.7862916100717702
freesolv,regression,2,seeded_scaffold_group_balanced,6,rf_90_d12,bagging,428,214,-2.365809801423695,0.1206399999791756,,,,2.365809801423695,1.9617975221348596,0.4818168119857896,0.7755136651846792
freesolv,regression,2,seeded_scaffold_group_balanced,7,rf_90_leaf2,bagging,428,214,-2.306807568613543,0.1208286000182852,,,,2.306807568613543,1.8942666919195537,0.5073410232790343,0.7908467060704045
freesolv,regression,2,seeded_scaffold_group_balanced,8,rf_120_d20_leaf2,bagging,428,214,-2.339275564225461,0.1536191999912262,,,,2.339275564225461,1.9360884053007588,0.4933752135737086,0.7821730441063385
freesolv,regression,2,seeded_scaffold_group_balanced,9,et_60_sqrt,bagging,428,214,-2.06638559973576,0.0624189999653026,,,,2.06638559973576,1.66290005192108,0.6046821739013768,0.7995320006721014
freesolv,regression,2,seeded_scaffold_group_balanced,10,et_90_d12,bagging,428,214,-2.3783039799093357,0.0902748999651521,,,,2.3783039799093357,1.930407032113331,0.4763291611907821,0.7770883569734545
freesolv,regression,2,seeded_scaffold_group_balanced,11,et_90_leaf2,bagging,428,214,-2.273736195005017,0.0946933000232093,,,,2.273736195005017,1.8325155412257228,0.521365702464766,0.7765936637520973
freesolv,regression,2,seeded_scaffold_group_balanced,12,et_120_d20_leaf2,bagging,428,214,-2.2839246568675624,0.1121602000202983,,,,2.2839246568675624,1.8874455210596075,0.5170666346656143,0.7668204114098665
freesolv,regression,2,seeded_scaffold_group_balanced,13,histgb_lr0.05,boosting,428,214,-2.371917817194893,1.0626732000382615,,,,2.371917817194893,1.9928246083629844,0.4791376812697628,0.6669631997911468
freesolv,regression,2,seeded_scaffold_group_balanced,14,histgb_lr0.1,boosting,428,214,-2.243967861665685,0.6711609999765642,,,,2.243967861665685,1.8573977621206328,0.5338164653757511,0.7202395001345396
freesolv,regression,2,seeded_scaffold_group_balanced,15,gb_lr0.05_d2,boosting,428,214,-2.568269988773839,0.1609468999668024,,,,2.568269988773839,2.180526673078081,0.3893322023440294,0.6966063856909848
freesolv,regression,2,seeded_scaffold_group_balanced,16,gb_lr0.1_d3,boosting,428,214,-2.2594421658198933,0.2865632000030018,,,,2.2594421658198933,1.9330049976120136,0.5273647338857028,0.7544282785038251
freesolv,regression,2,seeded_scaffold_group_balanced,17,lgbm_60_l15,boosting,428,214,-2.5359083176588784,0.0325426000053994,,,,2.5359083176588784,2.143003565420594,0.4046247711234723,0.5965078394225798
freesolv,regression,2,seeded_scaffold_group_balanced,18,lgbm_90_l31,boosting,428,214,-2.429073302018288,0.0474742999649606,,,,2.429073302018288,2.0592044628788084,0.453733074277578,0.6449521970448733
freesolv,regression,2,seeded_scaffold_group_balanced,19,lgbm_60_l63,boosting,428,214,-2.4073047785339097,0.0337108999956399,,,,2.4073047785339097,2.0370710108002665,0.4634801172786345,0.6549784044097025
freesolv,regression,2,seeded_scaffold_group_balanced,20,lgbm_100_leaf10,boosting,428,214,-2.1962999045429297,0.0901542999781668,,,,2.1962999045429297,1.792552261569329,0.5534121014753386,0.7571546166555101
freesolv,regression,2,seeded_scaffold_group_balanced,21,lgbm_100_leaf30,boosting,428,214,-2.698336067825489,0.0338299000286497,,,,2.698336067825489,2.2248321165613865,0.3259133253078914,0.6894913707563624
freesolv,regression,2,seeded_scaffold_group_balanced,22,lgbm_80_ff0.7,boosting,428,214,-2.322617423824856,0.0383110999828204,,,,2.322617423824856,1.964335817853993,0.50056494195382,0.6797810473958824
freesolv,regression,2,seeded_scaffold_group_balanced,23,lgbm_80_bag0.8,boosting,428,214,-2.104443912048493,0.0382266999804414,,,,2.104443912048493,1.7852601590547374,0.589986292831407,0.7685413049935854
freesolv,regression,2,seeded_scaffold_group_balanced,24,lgbm_120_l15,boosting,428,214,-2.4161574841155478,0.0611181000131182,,,,2.4161574841155478,2.039402231432596,0.45952682821371,0.6522520547885751
freesolv,regression,2,seeded_scaffold_group_balanced,25,xgb_60_d3,boosting,428,214,-2.3848070302981164,0.0429339000256732,,,,2.3848070302981164,2.0082414797115544,0.4734614759066886,0.7238029924977285
freesolv,regression,2,seeded_scaffold_group_balanced,26,xgb_80_d5,boosting,428,214,-2.1725608369468548,0.0760145999956876,,,,2.1725608369468548,1.783718965554906,0.5630139648906314,0.7791624485230682
freesolv,regression,2,seeded_scaffold_group_balanced,27,xgb_100_d3,boosting,428,214,-2.3702402688214628,0.0588794000213965,,,,2.3702402688214628,1.998775060058476,0.479874184651082,0.7261687155773204
freesolv,regression,2,seeded_scaffold_group_balanced,28,xgb_60_d6,boosting,428,214,-2.179725257337135,0.0576616000034846,,,,2.179725257337135,1.808033304122564,0.5601271285612395,0.7745606683148507
freesolv,regression,2,seeded_scaffold_group_balanced,29,cat_60_d4,boosting,428,214,-2.510611695627065,0.097918200015556,,,,2.510611695627065,2.130072719366356,0.416443702114069,0.7035483837524344
freesolv,regression,2,seeded_scaffold_group_balanced,30,cat_80_d6,boosting,428,214,-2.383816399679755,0.1648929999792017,,,,2.383816399679755,1.984395956480087,0.4738988252114202,0.7643893520106636
freesolv,regression,2,seeded_scaffold_group_balanced,31,cat_100_d4,boosting,428,214,-2.475194374857145,0.1501285000122152,,,,2.475194374857145,2.0749152649988902,0.4327920831740968,0.7352849969572252
freesolv,regression,2,seeded_scaffold_group_balanced,32,cat_60_d8,boosting,428,214,-2.4219746700922773,0.2432355000055395,,,,2.4219746700922773,1.9818123204163465,0.4569211886453453,0.7282776431087913
freesolv,regression,3,seeded_scaffold_group_balanced,1,ridge_a0.1,linear,428,214,-3.782155036020225,0.0040529000107198,,,,3.782155036020225,2.7407941223193557,0.0568084560720315,0.6848867166753563
freesolv,regression,3,seeded_scaffold_group_balanced,2,ridge_a1,linear,428,214,-2.746710516947063,0.0036846000002697,,,,2.746710516947063,1.83794440161402,0.5025527609092528,0.7872794853528398
freesolv,regression,3,seeded_scaffold_group_balanced,3,ridge_a10,linear,428,214,-2.507729293304542,0.0036135999835096,,,,2.507729293304542,1.562165160613639,0.5853491593943796,0.8124555358711714
freesolv,regression,3,seeded_scaffold_group_balanced,4,elasticnet_a0.001,linear,428,214,-3.052655195495744,0.0215129000134766,,,,3.052655195495744,2.1149741636481245,0.3855638644722794,0.7585493633562146
freesolv,regression,3,seeded_scaffold_group_balanced,5,rf_60_sqrt,bagging,428,214,-2.6571633650193927,0.0728035999927669,,,,2.6571633650193927,1.6419913829550514,0.534459191822489,0.8058610649163562
freesolv,regression,3,seeded_scaffold_group_balanced,6,rf_90_d12,bagging,428,214,-2.9676698727867623,0.1129347999813035,,,,2.9676698727867623,2.009581245772076,0.4192992061843176,0.7552196040574187
freesolv,regression,3,seeded_scaffold_group_balanced,7,rf_90_leaf2,bagging,428,214,-2.854677355204593,0.1032351999892853,,,,2.854677355204593,1.8748836520305177,0.4626771569223612,0.7824084122501633
freesolv,regression,3,seeded_scaffold_group_balanced,8,rf_120_d20_leaf2,bagging,428,214,-2.875016543201211,0.1432498999638483,,,,2.875016543201211,1.8965440256885848,0.454993176042527,0.7806500493887839
freesolv,regression,3,seeded_scaffold_group_balanced,9,et_60_sqrt,bagging,428,214,-2.6647262808436216,0.0582592000137083,,,,2.6647262808436216,1.6027032710280371,0.531805341801947,0.8024288298246569
freesolv,regression,3,seeded_scaffold_group_balanced,10,et_90_d12,bagging,428,214,-2.90499476755956,0.084305900032632,,,,2.90499476755956,1.9402953746670704,0.4435681857993848,0.7664509935700836
freesolv,regression,3,seeded_scaffold_group_balanced,11,et_90_leaf2,bagging,428,214,-2.756155941417579,0.0812155999592505,,,,2.756155941417579,1.7733661836141463,0.4991256220823955,0.8037708668066414
freesolv,regression,3,seeded_scaffold_group_balanced,12,et_120_d20_leaf2,bagging,428,214,-2.810122506239741,0.1016141999862156,,,,2.810122506239741,1.819335559080748,0.479318975782911,0.79255450881659
freesolv,regression,3,seeded_scaffold_group_balanced,13,histgb_lr0.05,boosting,428,214,-2.759777550835032,1.0068591999588534,,,,2.759777550835032,1.8343399361549024,0.4978084519450416,0.7542435688683159
freesolv,regression,3,seeded_scaffold_group_balanced,14,histgb_lr0.1,boosting,428,214,-2.7358780561859293,0.6298024000134319,,,,2.7358780561859293,1.7753248869224976,0.5064686828416931,0.764650725958488
freesolv,regression,3,seeded_scaffold_group_balanced,15,gb_lr0.05_d2,boosting,428,214,-2.936046321215529,0.1542407000088133,,,,2.936046321215529,2.0538061153317466,0.4316091865074233,0.7300844119000531
freesolv,regression,3,seeded_scaffold_group_balanced,16,gb_lr0.1_d3,boosting,428,214,-2.593529939632566,0.2538179999683052,,,,2.593529939632566,1.6635635457990012,0.5564896331678196,0.810294334669715
freesolv,regression,3,seeded_scaffold_group_balanced,17,lgbm_60_l15,boosting,428,214,-2.84598610104312,0.03134190000128,,,,2.84598610104312,1.9393860658075888,0.4659440061942015,0.7220226121769847
freesolv,regression,3,seeded_scaffold_group_balanced,18,lgbm_90_l31,boosting,428,214,-2.7758147976136125,0.0408946999814361,,,,2.7758147976136125,1.8691272589693404,0.4919549582286671,0.7458214046937409
freesolv,regression,3,seeded_scaffold_group_balanced,19,lgbm_60_l63,boosting,428,214,-2.781913225581921,0.0354622000013478,,,,2.781913225581921,1.857847389811127,0.4897201697045021,0.747100996745071
freesolv,regression,3,seeded_scaffold_group_balanced,20,lgbm_100_leaf10,boosting,428,214,-2.5921079500061333,0.0924738000030629,,,,2.5921079500061333,1.598226959861376,0.5569758386586667,0.7901444469802498
freesolv,regression,3,seeded_scaffold_group_balanced,21,lgbm_100_leaf30,boosting,428,214,-2.951178734102537,0.0359004999627359,,,,2.951178734102537,1.995948674602445,0.4257351036971071,0.7105557213165261
freesolv,regression,3,seeded_scaffold_group_balanced,22,lgbm_80_ff0.7,boosting,428,214,-2.803319665827549,0.0410077000269666,,,,2.803319665827549,1.887733520796624,0.4818368891303204,0.7490133592949749
freesolv,regression,3,seeded_scaffold_group_balanced,23,lgbm_80_bag0.8,boosting,428,214,-2.77860094044892,0.0611107000149786,,,,2.77860094044892,1.8443099677323327,0.4909345757228138,0.7472572752092569
freesolv,regression,3,seeded_scaffold_group_balanced,24,lgbm_120_l15,boosting,428,214,-2.785129466772607,0.0703999999677762,,,,2.785129466772607,1.8518111218389304,0.4885395924666894,0.7508592143565297
freesolv,regression,3,seeded_scaffold_group_balanced,25,xgb_60_d3,boosting,428,214,-2.799488976657571,0.0584080999833531,,,,2.799488976657571,1.8652027052250977,0.4832520439270654,0.7700160941444275
freesolv,regression,3,seeded_scaffold_group_balanced,26,xgb_80_d5,boosting,428,214,-2.7905631647936926,0.0933092999621294,,,,2.7905631647936926,1.7324836413736373,0.4865419600939703,0.8105047741172473
freesolv,regression,3,seeded_scaffold_group_balanced,27,xgb_100_d3,boosting,428,214,-2.77539832767224,0.0629223000141792,,,,2.77539832767224,1.845897725840038,0.4921073960759666,0.771256180720546
freesolv,regression,3,seeded_scaffold_group_balanced,28,xgb_60_d6,boosting,428,214,-2.7048487477273264,0.0668332999921403,,,,2.7048487477273264,1.6328109533423296,0.5176000949070475,0.819982771172443
freesolv,regression,3,seeded_scaffold_group_balanced,29,cat_60_d4,boosting,428,214,-2.928916733838916,0.1135981000261381,,,,2.928916733838916,2.0448321727922085,0.434366276364964,0.7391064503977262
freesolv,regression,3,seeded_scaffold_group_balanced,30,cat_80_d6,boosting,428,214,-2.8367191778335625,0.2018310000421479,,,,2.8367191778335625,1.9509800297090496,0.4694162638262197,0.7414017313172147
freesolv,regression,3,seeded_scaffold_group_balanced,31,cat_100_d4,boosting,428,214,-2.8990761327910373,0.1290033000404946,,,,2.8990761327910373,2.00675159136877,0.4458332238075534,0.7398813707506899
freesolv,regression,3,seeded_scaffold_group_balanced,32,cat_60_d8,boosting,428,214,-2.8029682042573008,0.3030012999661267,,,,2.8029682042573008,1.9004579661062264,0.4819668086729709,0.7680245534677195
lipo,regression,1,seeded_scaffold_group_balanced,1,ridge_a0.1,linear,2800,1400,-1.0914107360823784,0.0109214000403881,,,,1.0914107360823784,0.8540232944267137,0.2334274278605289,0.5274117675366204
lipo,regression,1,seeded_scaffold_group_balanced,2,ridge_a1,linear,2800,1400,-1.0858752022911362,0.0117776000406593,,,,1.0858752022911362,0.8502232083422798,0.2411836780070676,0.5302080501187166
lipo,regression,1,seeded_scaffold_group_balanced,3,ridge_a10,linear,2800,1400,-1.0546641856804844,0.0125866999733261,,,,1.0546641856804844,0.8299882159607751,0.2841776898294059,0.5464734467615044
lipo,regression,1,seeded_scaffold_group_balanced,4,elasticnet_a0.001,linear,2800,1400,-1.0691788398978996,0.0294826000463217,,,,1.0691788398978996,0.8378690415654863,0.264339321844445,0.5396974937327517
lipo,regression,1,seeded_scaffold_group_balanced,5,rf_60_sqrt,bagging,2800,1400,-1.050716628683006,0.1144344000495038,,,,1.050716628683006,0.8257200011337869,0.2895262379003512,0.5626960241234612
lipo,regression,1,seeded_scaffold_group_balanced,6,rf_90_d12,bagging,2800,1400,-1.1043556075562737,0.1065549000049941,,,,1.1043556075562737,0.882874012461057,0.2151354486190549,0.5626416078253696
lipo,regression,1,seeded_scaffold_group_balanced,7,rf_90_leaf2,bagging,2800,1400,-1.0535766050264344,0.1147724000038579,,,,1.0535766050264344,0.8310330124839344,0.2856532554183951,0.5883692256183113
lipo,regression,1,seeded_scaffold_group_balanced,8,rf_120_d20_leaf2,bagging,2800,1400,-1.068452584001328,0.1435595999937504,,,,1.068452584001328,0.8488562721110463,0.2653383996923825,0.5803287982918615
lipo,regression,1,seeded_scaffold_group_balanced,9,et_60_sqrt,bagging,2800,1400,-1.02626587987881,0.123765500029549,,,,1.02626587987881,0.8054833134920635,0.3222077269690838,0.5995789580425325
lipo,regression,1,seeded_scaffold_group_balanced,10,et_90_d12,bagging,2800,1400,-1.0970021109395578,0.0906876000226475,,,,1.0970021109395578,0.8731593980051203,0.2255528968449041,0.5695048754189457
lipo,regression,1,seeded_scaffold_group_balanced,11,et_90_leaf2,bagging,2800,1400,-1.022272345957396,0.1194819000083953,,,,1.022272345957396,0.8047338280423729,0.3274724833920154,0.6225917631421983
lipo,regression,1,seeded_scaffold_group_balanced,12,et_120_d20_leaf2,bagging,2800,1400,-1.0466886469871604,0.1413637999794446,,,,1.0466886469871604,0.8262477608710163,0.294963079465987,0.6038576877138093
lipo,regression,1,seeded_scaffold_group_balanced,13,histgb_lr0.05,boosting,2800,1400,-1.0239929279570097,1.400284199975431,,,,1.0239929279570097,0.8067845292811301,0.3252067221564482,0.5916088573600916
lipo,regression,1,seeded_scaffold_group_balanced,14,histgb_lr0.1,boosting,2800,1400,-0.9960356451468544,1.108117699972354,,,,0.9960356451468544,0.7838364695844786,0.3615504360797889,0.6060567641593075
lipo,regression,1,seeded_scaffold_group_balanced,15,gb_lr0.05_d2,boosting,2800,1400,-1.1643924893950472,1.2621132999775,,,,1.1643924893950472,0.9375510825754878,0.1274795312664037,0.4174216696867265
lipo,regression,1,seeded_scaffold_group_balanced,16,gb_lr0.1_d3,boosting,2800,1400,-1.0832319160453896,1.8572292000171728,,,,1.0832319160453896,0.861967223497714,0.2448734712291735,0.5189554294929533
lipo,regression,1,seeded_scaffold_group_balanced,17,lgbm_60_l15,boosting,2800,1400,-1.0673568900895274,0.0945695000118576,,,,1.0673568900895274,0.8473914031023723,0.2668444122397043,0.5533808505367732
lipo,regression,1,seeded_scaffold_group_balanced,18,lgbm_90_l31,boosting,2800,1400,-0.9985210865463016,0.1634982000105083,,,,0.9985210865463016,0.7783467871733148,0.3583601711141732,0.6074783230283516
lipo,regression,1,seeded_scaffold_group_balanced,19,lgbm_60_l63,boosting,2800,1400,-0.9682924686172124,0.1630180000211112,,,,0.9682924686172124,0.7453540753167723,0.3966213473620467,0.6320050839507214
lipo,regression,1,seeded_scaffold_group_balanced,20,lgbm_100_leaf10,boosting,2800,1400,-1.0022091856925937,0.1402410000446252,,,,1.0022091856925937,0.7803320057048196,0.3536115451372398,0.606437413140556
lipo,regression,1,seeded_scaffold_group_balanced,21,lgbm_100_leaf30,boosting,2800,1400,-0.9903663579906988,0.1429285999620333,,,,0.9903663579906988,0.7718972594881472,0.3687976725580618,0.6099727540707446
lipo,regression,1,seeded_scaffold_group_balanced,22,lgbm_80_ff0.7,boosting,2800,1400,-0.9814669771628022,0.1143613000167533,,,,0.9814669771628022,0.7636973486952168,0.3800906075780887,0.6190355184017673
lipo,regression,1,seeded_scaffold_group_balanced,23,lgbm_80_bag0.8,boosting,2800,1400,-0.9786610715616804,0.1266931000282056,,,,0.9786610715616804,0.7604781630792007,0.3836300457666135,0.6221561468726654
lipo,regression,1,seeded_scaffold_group_balanced,24,lgbm_120_l15,boosting,2800,1400,-1.0309015058912152,0.1005342999706044,,,,1.0309015058912152,0.8113922529640295,0.3160707448956806,0.579410836362777
lipo,regression,1,seeded_scaffold_group_balanced,25,xgb_60_d3,boosting,2800,1400,-1.110172704983233,0.1434176999609917,,,,1.110172704983233,0.8863632672487625,0.2068452600773801,0.489756334553691
lipo,regression,1,seeded_scaffold_group_balanced,26,xgb_80_d5,boosting,2800,1400,-1.0544718884495012,0.205945800000336,,,,1.0544718884495012,0.8335265745111873,0.2844386982168129,0.5519955463694604
lipo,regression,1,seeded_scaffold_group_balanced,27,xgb_100_d3,boosting,2800,1400,-1.0979556696055084,0.1598820999497547,,,,1.0979556696055084,0.8766331501449856,0.2242059501109753,0.5149617769834958
lipo,regression,1,seeded_scaffold_group_balanced,28,xgb_60_d6,boosting,2800,1400,-1.02994090193547,0.1553345000138506,,,,1.02994090193547,0.8067023534501504,0.3173447347998664,0.5756165901657361
lipo,regression,1,seeded_scaffold_group_balanced,29,cat_60_d4,boosting,2800,1400,-1.1377441682949756,0.3717963999952189,,,,1.1377441682949756,0.9138587922085096,0.1669595896407557,0.4545649245518989
lipo,regression,1,seeded_scaffold_group_balanced,30,cat_80_d6,boosting,2800,1400,-1.1082394106072964,1.2640646999934688,,,,1.1082394106072964,0.8871605597434112,0.2096053107090058,0.5083011370577085
lipo,regression,1,seeded_scaffold_group_balanced,31,cat_100_d4,boosting,2800,1400,-1.1367707561702192,0.530951399996411,,,,1.1367707561702192,0.9126150898240216,0.1683844174252292,0.4633862063944032
lipo,regression,1,seeded_scaffold_group_balanced,32,cat_60_d8,boosting,2800,1400,-1.0882149837180066,3.223199600004591,,,,1.0882149837180066,0.8638936044622708,0.2379100473595136,0.5298300404861183
lipo,regression,2,seeded_scaffold_group_balanced,1,ridge_a0.1,linear,2800,1400,-1.106014358359243,0.0108598999795503,,,,1.106014358359243,0.8719290179904017,0.1837053450168887,0.4837569304167342
lipo,regression,2,seeded_scaffold_group_balanced,2,ridge_a1,linear,2800,1400,-1.1009154063111928,0.0105891000130213,,,,1.1009154063111928,0.8682854487912995,0.1912145656096225,0.4855110417257117
lipo,regression,2,seeded_scaffold_group_balanced,3,ridge_a10,linear,2800,1400,-1.070476218393563,0.0106768000405281,,,,1.070476218393563,0.8467551779619283,0.235320460976128,0.4977198049521985
lipo,regression,2,seeded_scaffold_group_balanced,4,elasticnet_a0.001,linear,2800,1400,-1.0858701103671835,0.0279377999831922,,,,1.0858701103671835,0.8583743650938783,0.2131695102500347,0.4904585685214349
lipo,regression,2,seeded_scaffold_group_balanced,5,rf_60_sqrt,bagging,2800,1400,-1.0307711490165323,0.1041432999772951,,,,1.0307711490165323,0.8143804169501132,0.2909939660370468,0.5608112408265539
lipo,regression,2,seeded_scaffold_group_balanced,6,rf_90_d12,bagging,2800,1400,-1.0808175973288134,0.1089145999867469,,,,1.0808175973288134,0.8680521202147224,0.2204746610427048,0.5414680557641617
lipo,regression,2,seeded_scaffold_group_balanced,7,rf_90_leaf2,bagging,2800,1400,-1.0242688694553457,0.1159408999956213,,,,1.0242688694553457,0.810125288546506,0.2999108136337662,0.5869019872564865
lipo,regression,2,seeded_scaffold_group_balanced,8,rf_120_d20_leaf2,bagging,2800,1400,-1.0398272279409917,0.1757955999928526,,,,1.0398272279409917,0.8284512364892002,0.2784809647072254,0.5711226889779921
lipo,regression,2,seeded_scaffold_group_balanced,9,et_60_sqrt,bagging,2800,1400,-0.9969258436445428,0.1396711000124924,,,,0.9969258436445428,0.7830290575396824,0.3367898995991618,0.5874898901040939
lipo,regression,2,seeded_scaffold_group_balanced,10,et_90_d12,bagging,2800,1400,-1.0611108631813913,0.0996461000177078,,,,1.0611108631813913,0.8499192158081009,0.2486419495411632,0.5584967017909513
lipo,regression,2,seeded_scaffold_group_balanced,11,et_90_leaf2,bagging,2800,1400,-0.9963031286298898,0.1302350999903865,,,,0.9963031286298898,0.786653385470183,0.3376181696368781,0.5992220281532167
lipo,regression,2,seeded_scaffold_group_balanced,12,et_120_d20_leaf2,bagging,2800,1400,-1.0144396358743568,0.1424342000391334,,,,1.0144396358743568,0.8033926214916164,0.3132829320305929,0.6003892213638379
lipo,regression,2,seeded_scaffold_group_balanced,13,histgb_lr0.05,boosting,2800,1400,-1.000200023474921,1.474953299970366,,,,1.000200023474921,0.7985443355442726,0.3324264155945903,0.557431636434372
lipo,regression,2,seeded_scaffold_group_balanced,14,histgb_lr0.1,boosting,2800,1400,-0.9802928442596408,1.16052660002606,,,,0.9802928442596408,0.7767416015963889,0.3587356634054433,0.5816356945114982
lipo,regression,2,seeded_scaffold_group_balanced,15,gb_lr0.05_d2,boosting,2800,1400,-1.1218327138771844,1.254341599997133,,,,1.1218327138771844,0.9108828871496903,0.1601888750545148,0.4247717328358623
lipo,regression,2,seeded_scaffold_group_balanced,16,gb_lr0.1_d3,boosting,2800,1400,-1.0436761131125718,1.857241499994416,,,,1.0436761131125718,0.8403006083167075,0.2731297228699957,0.5066797160913398
lipo,regression,2,seeded_scaffold_group_balanced,17,lgbm_60_l15,boosting,2800,1400,-1.039888419542519,0.0688525000005029,,,,1.039888419542519,0.8345513779779429,0.2783960425139825,0.5146304894959876
lipo,regression,2,seeded_scaffold_group_balanced,18,lgbm_90_l31,boosting,2800,1400,-0.9728042049897984,0.1261186999618075,,,,0.9728042049897984,0.7691340291506702,0.3684957159906841,0.5838419634813058
lipo,regression,2,seeded_scaffold_group_balanced,19,lgbm_60_l63,boosting,2800,1400,-0.9339650679307578,0.1671840000199154,,,,0.9339650679307578,0.7335037770335913,0.4179146234055921,0.6222072992773003
lipo,regression,2,seeded_scaffold_group_balanced,20,lgbm_100_leaf10,boosting,2800,1400,-0.9797754698352006,0.1625575000070966,,,,0.9797754698352006,0.7735987700183204,0.3594123718359689,0.5845617244483279
lipo,regression,2,seeded_scaffold_group_balanced,21,lgbm_100_leaf30,boosting,2800,1400,-0.9654147257389594,0.1451078999671153,,,,0.9654147257389594,0.7615829173911886,0.3780531671584446,0.5996673596839581
lipo,regression,2,seeded_scaffold_group_balanced,22,lgbm_80_ff0.7,boosting,2800,1400,-0.9774998367940868,0.10431810002774,,,,0.9774998367940868,0.774178074727976,0.362384582380381,0.582322110362227
lipo,regression,2,seeded_scaffold_group_balanced,23,lgbm_80_bag0.8,boosting,2800,1400,-0.9831233245959198,0.14945720002288,,,,0.9831233245959198,0.7743734328717249,0.3550271664403102,0.5834914327151494
lipo,regression,2,seeded_scaffold_group_balanced,24,lgbm_120_l15,boosting,2800,1400,-1.008689762423692,0.1686374000273645,,,,1.008689762423692,0.805165969511926,0.3210455349272153,0.5446561719303411
lipo,regression,2,seeded_scaffold_group_balanced,25,xgb_60_d3,boosting,2800,1400,-1.0823577490060552,0.1332662999629974,,,,1.0823577490060552,0.8719173688318048,0.2182514502582093,0.4740460217021955
lipo,regression,2,seeded_scaffold_group_balanced,26,xgb_80_d5,boosting,2800,1400,-1.0238230275608198,0.211207500018645,,,,1.0238230275608198,0.8192826164986406,0.3005201480907645,0.5305534351601525
lipo,regression,2,seeded_scaffold_group_balanced,27,xgb_100_d3,boosting,2800,1400,-1.0702688976016603,0.1813866999582387,,,,1.0702688976016603,0.8605343262246677,0.2356166256420937,0.4838805499635053
lipo,regression,2,seeded_scaffold_group_balanced,28,xgb_60_d6,boosting,2800,1400,-1.014333471924904,0.1808837999706156,,,,1.014333471924904,0.8066128161663988,0.3134266582389924,0.5491928186046824
lipo,regression,2,seeded_scaffold_group_balanced,29,cat_60_d4,boosting,2800,1400,-1.0965488446574283,0.3535247000399977,,,,1.0965488446574283,0.8840776259187657,0.1976176147940453,0.4647331003049868
lipo,regression,2,seeded_scaffold_group_balanced,30,cat_80_d6,boosting,2800,1400,-1.0690185333943174,1.2999671999714335,,,,1.0690185333943174,0.858748499345497,0.2374015963576473,0.5166036059490967
lipo,regression,2,seeded_scaffold_group_balanced,31,cat_100_d4,boosting,2800,1400,-1.1003331383044213,0.5303384999861009,,,,1.1003331383044213,0.8848357995858688,0.192069863562576,0.4644836877628208
lipo,regression,2,seeded_scaffold_group_balanced,32,cat_60_d8,boosting,2800,1400,-1.0590406622441968,3.5808241000049748,,,,1.0590406622441968,0.8527514731303228,0.2515708514309612,0.5050142677987064
lipo,regression,3,seeded_scaffold_group_balanced,1,ridge_a0.1,linear,2800,1400,-1.0668183971663978,0.0125091999652795,,,,1.0668183971663978,0.8293679597365005,0.1039726910677589,0.4415983621235859
lipo,regression,3,seeded_scaffold_group_balanced,2,ridge_a1,linear,2800,1400,-1.060903268992719,0.0118246999918483,,,,1.060903268992719,0.8247718533286028,0.1138814492301144,0.4435036606803271
lipo,regression,3,seeded_scaffold_group_balanced,3,ridge_a10,linear,2800,1400,-1.0232057323325623,0.0121811000281013,,,,1.0232057323325623,0.7975933294040816,0.1757362845330318,0.4543711262797243
lipo,regression,3,seeded_scaffold_group_balanced,4,elasticnet_a0.001,linear,2800,1400,-1.040787002511051,0.0334650999866426,,,,1.040787002511051,0.8102176443551269,0.1471670459724947,0.4492674548748641
lipo,regression,3,seeded_scaffold_group_balanced,5,rf_60_sqrt,bagging,2800,1400,-0.9571495959558391,0.1091196999768726,,,,0.9571495959558391,0.7563344118008315,0.2787266365938556,0.5206673651539924
lipo,regression,3,seeded_scaffold_group_balanced,6,rf_90_d12,bagging,2800,1400,-0.9937716873683424,0.1343423000071197,,,,0.9937716873683424,0.7939201076351867,0.2224765568734809,0.4969065749363043
lipo,regression,3,seeded_scaffold_group_balanced,7,rf_90_leaf2,bagging,2800,1400,-0.9502728260997096,0.1406739000231027,,,,0.9502728260997096,0.7517731499442315,0.2890535759565862,0.5464854442208062
lipo,regression,3,seeded_scaffold_group_balanced,8,rf_120_d20_leaf2,bagging,2800,1400,-0.9631446621793456,0.1710283000138588,,,,0.9631446621793456,0.7628202986526303,0.2696630096567117,0.533796076632519
lipo,regression,3,seeded_scaffold_group_balanced,9,et_60_sqrt,bagging,2800,1400,-0.931682756508245,0.1269459999748505,,,,0.931682756508245,0.7325722420634921,0.3165978060716059,0.5555714766116876
lipo,regression,3,seeded_scaffold_group_balanced,10,et_90_d12,bagging,2800,1400,-0.9880361702691034,0.1108139000134542,,,,0.9880361702691034,0.787319997202751,0.2314255541966967,0.517161373433404
lipo,regression,3,seeded_scaffold_group_balanced,11,et_90_leaf2,bagging,2800,1400,-0.9292856511126866,0.1188071999931708,,,,0.9292856511126866,0.7340960021349506,0.32010990211032,0.5623504653845525
lipo,regression,3,seeded_scaffold_group_balanced,12,et_120_d20_leaf2,bagging,2800,1400,-0.9460698727425476,0.1419708000030368,,,,0.9460698727425476,0.7482122961476018,0.2953285458666821,0.5632243851558789
lipo,regression,3,seeded_scaffold_group_balanced,13,histgb_lr0.05,boosting,2800,1400,-0.9540362921860016,1.3839622999657877,,,,0.9540362921860016,0.7564692869376487,0.2834111521000463,0.4963203219646304
lipo,regression,3,seeded_scaffold_group_balanced,14,histgb_lr0.1,boosting,2800,1400,-0.9331468374091708,1.006650900002569,,,,0.9331468374091708,0.7348579881780568,0.3144482712684718,0.5204339771721559
lipo,regression,3,seeded_scaffold_group_balanced,15,gb_lr0.05_d2,boosting,2800,1400,-1.0513488300849707,1.1148061999701897,,,,1.0513488300849707,0.8542622055045623,0.1297702526370971,0.3558834022994139
lipo,regression,3,seeded_scaffold_group_balanced,16,gb_lr0.1_d3,boosting,2800,1400,-0.9958388795432388,1.8629445999977177,,,,0.9958388795432388,0.7941702430168168,0.2192384648674353,0.4320144171759469
lipo,regression,3,seeded_scaffold_group_balanced,17,lgbm_60_l15,boosting,2800,1400,-0.982234272982566,0.0788453000131994,,,,0.982234272982566,0.7848140228065056,0.2404254220306591,0.4614193398347702
lipo,regression,3,seeded_scaffold_group_balanced,18,lgbm_90_l31,boosting,2800,1400,-0.9163175447986014,0.1546424000407569,,,,0.9163175447986014,0.7233808675463987,0.3389531234316565,0.5529414939714292
lipo,regression,3,seeded_scaffold_group_balanced,19,lgbm_60_l63,boosting,2800,1400,-0.9057605506830028,0.1441658000112511,,,,0.9057605506830028,0.7095198885705903,0.3540973647024479,0.570246385222338
lipo,regression,3,seeded_scaffold_group_balanced,20,lgbm_100_leaf10,boosting,2800,1400,-0.9167780079902113,0.1421477000112645,,,,0.9167780079902113,0.7208080880445812,0.3382885847332481,0.5461622879659445
lipo,regression,3,seeded_scaffold_group_balanced,21,lgbm_100_leaf30,boosting,2800,1400,-0.9244908723020682,0.160167799971532,,,,0.9244908723020682,0.7272088088141041,0.3271077775611437,0.5372658138344123
lipo,regression,3,seeded_scaffold_group_balanced,22,lgbm_80_ff0.7,boosting,2800,1400,-0.9074309605932888,0.1111168999923393,,,,0.9074309605932888,0.7136275313678657,0.3517128116544109,0.5592371334996576
lipo,regression,3,seeded_scaffold_group_balanced,23,lgbm_80_bag0.8,boosting,2800,1400,-0.9077643605688064,0.1166056999936699,,,,0.9077643605688064,0.7127658071788038,0.3512363486550101,0.5610331573536811
lipo,regression,3,seeded_scaffold_group_balanced,24,lgbm_120_l15,boosting,2800,1400,-0.9575447395403488,0.1154637000290677,,,,0.9575447395403488,0.7603889177132377,0.2781309818005381,0.4911272744448909
lipo,regression,3,seeded_scaffold_group_balanced,25,xgb_60_d3,boosting,2800,1400,-1.0088758454747362,0.127610299969092,,,,1.0088758454747362,0.813197547743363,0.1986620662699904,0.4298822216467083
lipo,regression,3,seeded_scaffold_group_balanced,26,xgb_80_d5,boosting,2800,1400,-0.9610599367741792,0.186352499993518,,,,0.9610599367741792,0.7654073255661342,0.2728212149747684,0.4952887002664344
lipo,regression,3,seeded_scaffold_group_balanced,27,xgb_100_d3,boosting,2800,1400,-1.007511640976859,0.1654077999992296,,,,1.007511640976859,0.8107379476866551,0.2008277434681507,0.4289973576748619
lipo,regression,3,seeded_scaffold_group_balanced,28,xgb_60_d6,boosting,2800,1400,-0.940502016776587,0.1883192000095732,,,,0.940502016776587,0.7460712440505622,0.3035984715035497,0.5291370352638739
lipo,regression,3,seeded_scaffold_group_balanced,29,cat_60_d4,boosting,2800,1400,-1.0306067890996864,0.4068065999890677,,,,1.0306067890996864,0.8308563005255418,0.1637690228982051,0.3885359679020511
lipo,regression,3,seeded_scaffold_group_balanced,30,cat_80_d6,boosting,2800,1400,-1.002759406918855,1.2449687999906018,,,,1.002759406918855,0.8020905133526126,0.2083490396948126,0.4408818084739518
lipo,regression,3,seeded_scaffold_group_balanced,31,cat_100_d4,boosting,2800,1400,-1.027071819405979,0.5606900000129826,,,,1.027071819405979,0.8276662008592858,0.1694957104789397,0.3989679494720846
lipo,regression,3,seeded_scaffold_group_balanced,32,cat_60_d8,boosting,2800,1400,-0.984839033502587,3.584225600003265,,,,0.984839033502587,0.7879168653443503,0.2363914897893865,0.4746647883642469
tdc_caco2_wang,regression,1,seeded_scaffold_group_balanced,1,ridge_a0.1,linear,604,302,-1.0253874999290593,0.0056805000058375,,,,1.0253874999290593,0.8031255964200658,-0.641814196997357,0.3916539692438802
tdc_caco2_wang,regression,1,seeded_scaffold_group_balanced,2,ridge_a1,linear,604,302,-0.6885110154234154,0.0062311999499797,,,,0.6885110154234154,0.5390444594521024,0.2597647627816213,0.551746778443119
tdc_caco2_wang,regression,1,seeded_scaffold_group_balanced,3,ridge_a10,linear,604,302,-0.5565791652788828,0.0061060999869368,,,,0.5565791652788828,0.4550841393864309,0.516271295369173,0.6445372376856779
tdc_caco2_wang,regression,1,seeded_scaffold_group_balanced,4,elasticnet_a0.001,linear,604,302,-0.6965894736461794,0.0504486999707296,,,,0.6965894736461794,0.5408260985010513,0.2422921547204196,0.55238265778814
tdc_caco2_wang,regression,1,seeded_scaffold_group_balanced,5,rf_60_sqrt,bagging,604,302,-0.5881466127927617,0.066879499994684,,,,0.5881466127927617,0.4669877006813888,0.4598440435975965,0.6958079779684553
tdc_caco2_wang,regression,1,seeded_scaffold_group_balanced,6,rf_90_d12,bagging,604,302,-0.6048531439747974,0.0846113999723456,,,,0.6048531439747974,0.475531184202807,0.4287215339788115,0.6996546994211826
tdc_caco2_wang,regression,1,seeded_scaffold_group_balanced,7,rf_90_leaf2,bagging,604,302,-0.606027605043388,0.0906798000214621,,,,0.606027605043388,0.4801273058146421,0.4265008438146802,0.7048163133058069
tdc_caco2_wang,regression,1,seeded_scaffold_group_balanced,8,rf_120_d20_leaf2,bagging,604,302,-0.6078285820305219,0.1127656000317074,,,,0.6078285820305219,0.480737125109916,0.4230871594043307,0.7053126973749732
tdc_caco2_wang,regression,1,seeded_scaffold_group_balanced,9,et_60_sqrt,bagging,604,302,-0.5429798286567661,0.0529704999644309,,,,0.5429798286567661,0.4364758795060706,0.5396211525342867,0.7412086240228617
tdc_caco2_wang,regression,1,seeded_scaffold_group_balanced,10,et_90_d12,bagging,604,302,-0.5755463981733681,0.0699873000266961,,,,0.5755463981733681,0.4579568343418079,0.4827402924994384,0.7326589178523587
tdc_caco2_wang,regression,1,seeded_scaffold_group_balanced,11,et_90_leaf2,bagging,604,302,-0.5822120547295754,0.0699311000062152,,,,0.5822120547295754,0.455976468559837,0.470689687179108,0.7377402887334678
tdc_caco2_wang,regression,1,seeded_scaffold_group_balanced,12,et_120_d20_leaf2,bagging,604,302,-0.5704838698575918,0.075739899999462,,,,0.5704838698575918,0.4538131423442513,0.4917999446368259,0.7424535883437299
tdc_caco2_wang,regression,1,seeded_scaffold_group_balanced,13,histgb_lr0.05,boosting,604,302,-0.5691855713364838,0.8179989999625832,,,,0.5691855713364838,0.4501623255412179,0.494110420494171,0.6700629257386603
tdc_caco2_wang,regression,1,seeded_scaffold_group_balanced,14,histgb_lr0.1,boosting,604,302,-0.5357176371195042,0.6859161999891512,,,,0.5357176371195042,0.4317641897164485,0.5518536554113267,0.6782396091968211
tdc_caco2_wang,regression,1,seeded_scaffold_group_balanced,15,gb_lr0.05_d2,boosting,604,302,-0.6771131821553577,0.265706299978774,,,,0.6771131821553577,0.5367759435087536,0.2840700899957296,0.5256204630533403
tdc_caco2_wang,regression,1,seeded_scaffold_group_balanced,16,gb_lr0.1_d3,boosting,604,302,-0.5448776015327843,0.3753406000323593,,,,0.5448776015327843,0.4393243258323087,0.5363973815162617,0.6897270790221767
tdc_caco2_wang,regression,1,seeded_scaffold_group_balanced,17,lgbm_60_l15,boosting,604,302,-0.6107374614740744,0.0400373000302352,,,,0.6107374614740744,0.4798488849929321,0.4175520939161179,0.638996669109654
tdc_caco2_wang,regression,1,seeded_scaffold_group_balanced,18,lgbm_90_l31,boosting,604,302,-0.565230504010713,0.0569769999710843,,,,0.565230504010713,0.4435587507681882,0.5011164864568778,0.6859235350159154
tdc_caco2_wang,regression,1,seeded_scaffold_group_balanced,19,lgbm_60_l63,boosting,604,302,-0.5598581993099867,0.050954999984242,,,,0.5598581993099867,0.4425563720911427,0.5105548210611306,0.6907896800828769
tdc_caco2_wang,regression,1,seeded_scaffold_group_balanced,20,lgbm_100_leaf10,boosting,604,302,-0.537308997636137,0.0884894999908283,,,,0.537308997636137,0.4248864814329451,0.5491872446720816,0.6838169325197111
tdc_caco2_wang,regression,1,seeded_scaffold_group_balanced,21,lgbm_100_leaf30,boosting,604,302,-0.5879697316287742,0.0446643999894149,,,,0.5879697316287742,0.4584221572055047,0.4601688913318305,0.6608885998581854
tdc_caco2_wang,regression,1,seeded_scaffold_group_balanced,22,lgbm_80_ff0.7,boosting,604,302,-0.5599041809796467,0.0559497000067494,,,,0.5599041809796467,0.4482715522326628,0.5104744205927214,0.6692514290088801
tdc_caco2_wang,regression,1,seeded_scaffold_group_balanced,23,lgbm_80_bag0.8,boosting,604,302,-0.5591967712706014,0.0500858000013977,,,,0.5591967712706014,0.4473918995024768,0.5117106192014581,0.6811408232715722
tdc_caco2_wang,regression,1,seeded_scaffold_group_balanced,24,lgbm_120_l15,boosting,604,302,-0.5689168513870438,0.0657685000333003,,,,0.5689168513870438,0.4483628900270542,0.4945879819044622,0.6794614825821101
tdc_caco2_wang,regression,1,seeded_scaffold_group_balanced,25,xgb_60_d3,boosting,604,302,-0.6009707940534424,0.0483478000387549,,,,0.6009707940534424,0.4805830167679338,0.4360316883241181,0.6233421929862324
tdc_caco2_wang,regression,1,seeded_scaffold_group_balanced,26,xgb_80_d5,boosting,604,302,-0.5565017907966271,0.0944520000484772,,,,0.5565017907966271,0.437194672353944,0.516405779944983,0.6764325781015295
tdc_caco2_wang,regression,1,seeded_scaffold_group_balanced,27,xgb_100_d3,boosting,604,302,-0.6049322143092167,0.0711764000006951,,,,0.6049322143092167,0.4771125050032053,0.4285721617474196,0.6211965471730718
tdc_caco2_wang,regression,1,seeded_scaffold_group_balanced,28,xgb_60_d6,boosting,604,302,-0.5401484610384847,0.0720123000210151,,,,0.5401484610384847,0.4342651041039675,0.5444099241906648,0.723852802729628
tdc_caco2_wang,regression,1,seeded_scaffold_group_balanced,29,cat_60_d4,boosting,604,302,-0.6562210912360091,0.2217750999843701,,,,0.6562210912360091,0.5215314561234412,0.3275680529484268,0.5701684972972748
tdc_caco2_wang,regression,1,seeded_scaffold_group_balanced,30,cat_80_d6,boosting,604,302,-0.6152108365830338,0.7636964000412263,,,,0.6152108365830338,0.4923660234101627,0.4089885123027588,0.6404787721792601
tdc_caco2_wang,regression,1,seeded_scaffold_group_balanced,31,cat_100_d4,boosting,604,302,-0.6577239031620157,0.4312096000066958,,,,0.6577239031620157,0.5234939987632239,0.3244846535259845,0.5730181615809877
tdc_caco2_wang,regression,1,seeded_scaffold_group_balanced,32,cat_60_d8,boosting,604,302,-0.6233420514492833,2.353349399985745,,,,0.6233420514492833,0.4966552942813498,0.3932625234746223,0.6450688025519713
tdc_caco2_wang,regression,2,seeded_scaffold_group_balanced,1,ridge_a0.1,linear,604,302,-1.26913413356165,0.0059140999801456,,,,1.26913413356165,0.9960306037775408,-1.9311270237314464,0.5208820528522466
tdc_caco2_wang,regression,2,seeded_scaffold_group_balanced,2,ridge_a1,linear,604,302,-0.7116556693354159,0.0058903999743051,,,,0.7116556693354159,0.5311894710413648,0.0783640282541879,0.6222229776548601
tdc_caco2_wang,regression,2,seeded_scaffold_group_balanced,3,ridge_a10,linear,604,302,-0.5392604402523646,0.0060332999564707,,,,0.5392604402523646,0.4225405483329116,0.4708038036512283,0.648859682742948
tdc_caco2_wang,regression,2,seeded_scaffold_group_balanced,4,elasticnet_a0.001,linear,604,302,-0.6842355174459173,0.0284098000265657,,,,0.6842355174459173,0.511096939416605,0.1480172183136302,0.6301786148104378
tdc_caco2_wang,regression,2,seeded_scaffold_group_balanced,5,rf_60_sqrt,bagging,604,302,-0.5748382163281016,0.079356700007338,,,,0.5748382163281016,0.4686950373699935,0.3986727895524071,0.5754618954305627
tdc_caco2_wang,regression,2,seeded_scaffold_group_balanced,6,rf_90_d12,bagging,604,302,-0.5871712831533917,0.0899342999910004,,,,0.5871712831533917,0.4820297125971315,0.3725932239493655,0.578036165640604
tdc_caco2_wang,regression,2,seeded_scaffold_group_balanced,7,rf_90_leaf2,bagging,604,302,-0.5805766415470288,0.0996908000088296,,,,0.5805766415470288,0.4723284473173953,0.3866071522936161,0.6142315956020601
tdc_caco2_wang,regression,2,seeded_scaffold_group_balanced,8,rf_120_d20_leaf2,bagging,604,302,-0.575972656118623,0.1231120000011287,,,,0.575972656118623,0.4704746808766423,0.3962970162513537,0.620957957023892
tdc_caco2_wang,regression,2,seeded_scaffold_group_balanced,9,et_60_sqrt,bagging,604,302,-0.5710704896994936,0.0640413999790325,,,,0.5710704896994936,0.4660369304488594,0.4065296491739334,0.5681315760196867
tdc_caco2_wang,regression,2,seeded_scaffold_group_balanced,10,et_90_d12,bagging,604,302,-0.5919487609973659,0.0788607999566011,,,,0.5919487609973659,0.4852038462036719,0.3623419864838824,0.553048961235864
tdc_caco2_wang,regression,2,seeded_scaffold_group_balanced,11,et_90_leaf2,bagging,604,302,-0.5685422990288376,0.0717310999752953,,,,0.5685422990288376,0.4672024461955059,0.4117727321249879,0.6111734452793318
tdc_caco2_wang,regression,2,seeded_scaffold_group_balanced,12,et_120_d20_leaf2,bagging,604,302,-0.5626692172636025,0.0938935999874956,,,,0.5626692172636025,0.4578609362106919,0.4238628199331899,0.6464405814364151
tdc_caco2_wang,regression,2,seeded_scaffold_group_balanced,13,histgb_lr0.05,boosting,604,302,-0.5755814439127475,1.056063099997118,,,,0.5755814439127475,0.4678033899476601,0.3971168321426908,0.5368885052718253
tdc_caco2_wang,regression,2,seeded_scaffold_group_balanced,14,histgb_lr0.1,boosting,604,302,-0.5410090591844666,0.8345618000021204,,,,0.5410090591844666,0.4336054968339378,0.4673662706155106,0.5861024772357202
tdc_caco2_wang,regression,2,seeded_scaffold_group_balanced,15,gb_lr0.05_d2,boosting,604,302,-0.6261737595303439,0.2697479000198655,,,,0.6261737595303439,0.5117897382651231,0.2864747961363207,0.3953101451394347
tdc_caco2_wang,regression,2,seeded_scaffold_group_balanced,16,gb_lr0.1_d3,boosting,604,302,-0.5342249832874809,0.3900305000133812,,,,0.5342249832874809,0.4327612801463151,0.4806406215218187,0.6620784244998853
tdc_caco2_wang,regression,2,seeded_scaffold_group_balanced,17,lgbm_60_l15,boosting,604,302,-0.5944129926405993,0.0421249999781139,,,,0.5944129926405993,0.4850319326281717,0.3570219053263891,0.4879539514012371
tdc_caco2_wang,regression,2,seeded_scaffold_group_balanced,18,lgbm_90_l31,boosting,604,302,-0.5790481525382754,0.0593191999942064,,,,0.5790481525382754,0.4703380812860094,0.3898326697951803,0.540034669302086
tdc_caco2_wang,regression,2,seeded_scaffold_group_balanced,19,lgbm_60_l63,boosting,604,302,-0.5767338959105204,0.0471085999743081,,,,0.5767338959105204,0.4683155937225551,0.3947001820211817,0.5437226737736292
tdc_caco2_wang,regression,2,seeded_scaffold_group_balanced,20,lgbm_100_leaf10,boosting,604,302,-0.522516310967951,0.0871266999747604,,,,0.522516310967951,0.4117928755558984,0.5031568641967685,0.6825190722546522
tdc_caco2_wang,regression,2,seeded_scaffold_group_balanced,21,lgbm_100_leaf30,boosting,604,302,-0.5791200513413601,0.0482092999736778,,,,0.5791200513413601,0.4645303069788965,0.3896811348177948,0.5529032680524578
tdc_caco2_wang,regression,2,seeded_scaffold_group_balanced,22,lgbm_80_ff0.7,boosting,604,302,-0.5557957507988754,0.0567024000338278,,,,0.5557957507988754,0.4479149313860447,0.4378528224991705,0.5923635712491574
tdc_caco2_wang,regression,2,seeded_scaffold_group_balanced,23,lgbm_80_bag0.8,boosting,604,302,-0.5664319436514804,0.0491652999771758,,,,0.5664319436514804,0.4576610867732499,0.4161314744043016,0.5560393314107956
tdc_caco2_wang,regression,2,seeded_scaffold_group_balanced,24,lgbm_120_l15,boosting,604,302,-0.5763173961851693,0.0604478999739512,,,,0.5763173961851693,0.4667242697433252,0.3955741246752934,0.5381090874684336
tdc_caco2_wang,regression,2,seeded_scaffold_group_balanced,25,xgb_60_d3,boosting,604,302,-0.5749402815545164,0.0524466999922879,,,,0.5749402815545164,0.46639845999192,0.3984592336515837,0.5206625462012242
tdc_caco2_wang,regression,2,seeded_scaffold_group_balanced,26,xgb_80_d5,boosting,604,302,-0.5574454624761748,0.0769301999825984,,,,0.5574454624761748,0.4478402821884255,0.4345107419363747,0.6117213037546491
tdc_caco2_wang,regression,2,seeded_scaffold_group_balanced,27,xgb_100_d3,boosting,604,302,-0.5761753734940661,0.0696960000204853,,,,0.5761753734940661,0.4705059099796725,0.395871986974261,0.5349148065027192
tdc_caco2_wang,regression,2,seeded_scaffold_group_balanced,28,xgb_60_d6,boosting,604,302,-0.5287255822835261,0.0768832000321708,,,,0.5287255822835261,0.4201837787959623,0.4912783290591334,0.653868616693354
tdc_caco2_wang,regression,2,seeded_scaffold_group_balanced,29,cat_60_d4,boosting,604,302,-0.6278019349570044,0.2124700999702327,,,,0.6278019349570044,0.5147738691796546,0.2827593591104176,0.4319893511961926
tdc_caco2_wang,regression,2,seeded_scaffold_group_balanced,30,cat_80_d6,boosting,604,302,-0.586393358857319,0.6806181999854743,,,,0.586393358857319,0.4735680214272251,0.3742545846841566,0.5375433537274609
tdc_caco2_wang,regression,2,seeded_scaffold_group_balanced,31,cat_100_d4,boosting,604,302,-0.6303132421958234,0.3821507000247948,,,,0.6303132421958234,0.5126274359864916,0.2770097298757554,0.4263095095103159
tdc_caco2_wang,regression,2,seeded_scaffold_group_balanced,32,cat_60_d8,boosting,604,302,-0.6111013791691967,2.140045399952214,,,,0.6111013791691967,0.4899470256489415,0.320411348650137,0.4790380370674547
tdc_caco2_wang,regression,3,seeded_scaffold_group_balanced,1,ridge_a0.1,linear,604,302,-1.3018232992264618,0.009176799969282,,,,1.3018232992264618,0.9846822517647144,-1.7642362711226918,0.4979619320411249
tdc_caco2_wang,regression,3,seeded_scaffold_group_balanced,2,ridge_a1,linear,604,302,-0.6955558679098119,0.00803879997693,,,,0.6955558679098119,0.5398190815965969,0.210894411888233,0.6472029895809698
tdc_caco2_wang,regression,3,seeded_scaffold_group_balanced,3,ridge_a10,linear,604,302,-0.5761179129534225,0.0080389000358991,,,,0.5761179129534225,0.4519779122016554,0.4586304324523674,0.6909849353157929
tdc_caco2_wang,regression,3,seeded_scaffold_group_balanced,4,elasticnet_a0.001,linear,604,302,-0.6992499324300987,0.0548043000162579,,,,0.6992499324300987,0.5430486797940184,0.2024903488269903,0.6395848643636981
tdc_caco2_wang,regression,3,seeded_scaffold_group_balanced,5,rf_60_sqrt,bagging,604,302,-0.5548830967681602,0.1108344999956898,,,,0.5548830967681602,0.4423351542243369,0.4978030488681284,0.7180034240450016
tdc_caco2_wang,regression,3,seeded_scaffold_group_balanced,6,rf_90_d12,bagging,604,302,-0.5756827264910289,0.1398185999714769,,,,0.5756827264910289,0.4590376864658547,0.4594480002433948,0.7384627751467591
tdc_caco2_wang,regression,3,seeded_scaffold_group_balanced,7,rf_90_leaf2,bagging,604,302,-0.5663670912022242,0.1463531999615952,,,,0.5663670912022242,0.4509705867994339,0.47680076213022,0.7382861863333984
tdc_caco2_wang,regression,3,seeded_scaffold_group_balanced,8,rf_120_d20_leaf2,bagging,604,302,-0.5726397799550039,0.1833232000353746,,,,0.5726397799550039,0.4587628351876366,0.4651474021069799,0.7302843623180716
tdc_caco2_wang,regression,3,seeded_scaffold_group_balanced,9,et_60_sqrt,bagging,604,302,-0.5422463859300308,0.0842703999951481,,,,0.5422463859300308,0.4267610594453642,0.5204163004718445,0.742587380758947
tdc_caco2_wang,regression,3,seeded_scaffold_group_balanced,10,et_90_d12,bagging,604,302,-0.5806472219372723,0.1005804999731481,,,,0.5806472219372723,0.4670461289667603,0.4500847210836051,0.7111112854008271
tdc_caco2_wang,regression,3,seeded_scaffold_group_balanced,11,et_90_leaf2,bagging,604,302,-0.5528963859849175,0.091546899988316,,,,0.5528963859849175,0.4380528882959169,0.5013927562454269,0.7487288419142171
tdc_caco2_wang,regression,3,seeded_scaffold_group_balanced,12,et_120_d20_leaf2,bagging,604,302,-0.5598290561050708,0.1140083000063896,,,,0.5598290561050708,0.4450936258634467,0.4888104678611114,0.7345503468804185
tdc_caco2_wang,regression,3,seeded_scaffold_group_balanced,13,histgb_lr0.05,boosting,604,302,-0.5668777248519666,1.2939324000035413,,,,0.5668777248519666,0.4407333531204414,0.4758569093641215,0.674722546457082
tdc_caco2_wang,regression,3,seeded_scaffold_group_balanced,14,histgb_lr0.1,boosting,604,302,-0.5484825806356989,1.033462499966845,,,,0.5484825806356989,0.4333961061206143,0.5093218040514036,0.6925424330429845
tdc_caco2_wang,regression,3,seeded_scaffold_group_balanced,15,gb_lr0.05_d2,boosting,604,302,-0.6308497532765739,0.3012366000330075,,,,0.6308497532765739,0.5172957130982698,0.350883040103889,0.6016297480366908
tdc_caco2_wang,regression,3,seeded_scaffold_group_balanced,16,gb_lr0.1_d3,boosting,604,302,-0.5482340113032187,0.4224635999999009,,,,0.5482340113032187,0.4418205181873446,0.5097664486706421,0.7147938451607927
tdc_caco2_wang,regression,3,seeded_scaffold_group_balanced,17,lgbm_60_l15,boosting,604,302,-0.5882374665404468,0.0487512000254355,,,,0.5882374665404468,0.4635428880842868,0.4356137217771145,0.6437248903982669
tdc_caco2_wang,regression,3,seeded_scaffold_group_balanced,18,lgbm_90_l31,boosting,604,302,-0.5633006096168984,0.069130900024902,,,,0.5633006096168984,0.4398945357674896,0.4824509404450773,0.6882072829497127
tdc_caco2_wang,regression,3,seeded_scaffold_group_balanced,19,lgbm_60_l63,boosting,604,302,-0.5758589029453605,0.0630982000147923,,,,0.5758589029453605,0.4451648204085395,0.4591170988550275,0.6675140692938839
tdc_caco2_wang,regression,3,seeded_scaffold_group_balanced,20,lgbm_100_leaf10,boosting,604,302,-0.5426433174304611,0.1374122999841347,,,,0.5426433174304611,0.4234088258121374,0.5197139203137529,0.6900593279826257
tdc_caco2_wang,regression,3,seeded_scaffold_group_balanced,21,lgbm_100_leaf30,boosting,604,302,-0.5555916768210167,0.0685854000039398,,,,0.5555916768210167,0.4334268212413833,0.4965196291691656,0.687089396415673
tdc_caco2_wang,regression,3,seeded_scaffold_group_balanced,22,lgbm_80_ff0.7,boosting,604,302,-0.5593327641742308,0.0800579999922774,,,,0.5593327641742308,0.4386594952403612,0.4897164115029786,0.6929424985260776
tdc_caco2_wang,regression,3,seeded_scaffold_group_balanced,23,lgbm_80_bag0.8,boosting,604,302,-0.569698513537225,0.0575041000265628,,,,0.569698513537225,0.4408289803417712,0.4706276497142375,0.6755812768170744
tdc_caco2_wang,regression,3,seeded_scaffold_group_balanced,24,lgbm_120_l15,boosting,604,302,-0.5592766164214779,0.0761080000083893,,,,0.5592766164214779,0.4370325757805832,0.4898188544154588,0.6885652711465072
tdc_caco2_wang,regression,3,seeded_scaffold_group_balanced,25,xgb_60_d3,boosting,604,302,-0.5758878357008665,0.0536583999637514,,,,0.5758878357008665,0.464027719643579,0.4590627465621767,0.6808236853180255
tdc_caco2_wang,regression,3,seeded_scaffold_group_balanced,26,xgb_80_d5,boosting,604,302,-0.5246792572219009,0.0839548999792896,,,,0.5246792572219009,0.4166486667582935,0.5509870451470655,0.7431201334373144
tdc_caco2_wang,regression,3,seeded_scaffold_group_balanced,27,xgb_100_d3,boosting,604,302,-0.5705844379131462,0.0673913999926298,,,,0.5705844379131462,0.4585622454524969,0.4689799412837658,0.6850662477830146
tdc_caco2_wang,regression,3,seeded_scaffold_group_balanced,28,xgb_60_d6,boosting,604,302,-0.5346633513817556,0.0708751999773085,,,,0.5346633513817556,0.4236253337202464,0.5337359690791637,0.7347401666086645
tdc_caco2_wang,regression,3,seeded_scaffold_group_balanced,29,cat_60_d4,boosting,604,302,-0.6137916377525675,0.2560572999645956,,,,0.6137916377525675,0.4960548709569248,0.3855125521507813,0.6425052747681109
tdc_caco2_wang,regression,3,seeded_scaffold_group_balanced,30,cat_80_d6,boosting,604,302,-0.6005600805665652,0.7484868000028655,,,,0.6005600805665652,0.4880950772526194,0.4117201086717338,0.6452782148667374
tdc_caco2_wang,regression,3,seeded_scaffold_group_balanced,31,cat_100_d4,boosting,604,302,-0.6144091718033976,0.3492707000114023,,,,0.6144091718033976,0.4974850445211331,0.3842754619403318,0.6312022138037912
tdc_caco2_wang,regression,3,seeded_scaffold_group_balanced,32,cat_60_d8,boosting,604,302,-0.5683062433470019,1.875857100007124,,,,0.5683062433470019,0.459690421078313,0.4732119244584682,0.7199790262617118
tdc_hia_hou,classification,1,stratified_scaffold_group,1,logreg_l2_c0.1,linear,413,165,0.9305555555555556,0.0023324000067077,0.9305555555555556,0.9869895308036196,0.0893415860885083,,,,
tdc_hia_hou,classification,1,stratified_scaffold_group,2,logreg_l2_c1,linear,413,165,0.9296690307328606,0.0027272999868728,0.9296690307328606,0.986364850636376,0.0694199080777807,,,,
tdc_hia_hou,classification,1,stratified_scaffold_group,3,logreg_l2_c10,linear,413,165,0.9210992907801416,0.0029394999728538,0.9210992907801416,0.9840733847446697,0.0678375961628664,,,,
tdc_hia_hou,classification,1,stratified_scaffold_group,4,logreg_l1_c1,linear,413,165,0.9101654846335696,0.0036047999747097,0.9101654846335696,0.9828514150908804,0.0902633421523657,,,,
tdc_hia_hou,classification,1,stratified_scaffold_group,5,rf_60_sqrt,bagging,413,165,0.9147458628841608,0.1024303999729454,0.9147458628841608,0.9811176377161716,0.0698872053872053,,,,
tdc_hia_hou,classification,1,stratified_scaffold_group,6,rf_90_d12,bagging,413,165,0.935579196217494,0.1434616000042297,0.935579196217494,0.986949100586394,0.0716335076908912,,,,
tdc_hia_hou,classification,1,stratified_scaffold_group,7,rf_90_leaf2,bagging,413,165,0.9202127659574468,0.1689736999687738,0.9202127659574468,0.9843931125490676,0.0759529666285941,,,,
tdc_hia_hou,classification,1,stratified_scaffold_group,8,rf_120_d20_leaf2,bagging,413,165,0.9160756501182032,0.2180843999958597,0.9160756501182032,0.9836378517100546,0.0771661340912392,,,,
tdc_hia_hou,classification,1,stratified_scaffold_group,9,et_60_sqrt,bagging,413,165,0.928191489361702,0.07297879998805,0.928191489361702,0.9784626799106464,0.0631329966329966,,,,
tdc_hia_hou,classification,1,stratified_scaffold_group,10,et_90_d12,bagging,413,165,0.941193853427896,0.1068252000259235,0.941193853427896,0.9890108048937928,0.0743174230819294,,,,
tdc_hia_hou,classification,1,stratified_scaffold_group,11,et_90_leaf2,bagging,413,165,0.9349881796690308,0.1074268000083975,0.9349881796690308,0.9862065944590032,0.0694808200242231,,,,
tdc_hia_hou,classification,1,stratified_scaffold_group,12,et_120_d20_leaf2,bagging,413,165,0.9341016548463358,0.1278848000220023,0.9341016548463358,0.9866531844790412,0.0692488554870394,,,,
tdc_hia_hou,classification,1,stratified_scaffold_group,13,histgb_lr0.05,boosting,413,165,0.9252364066193852,0.9951488999649882,0.9252364066193852,0.9860631505260102,0.0689028661869986,,,,
tdc_hia_hou,classification,1,stratified_scaffold_group,14,histgb_lr0.1,boosting,413,165,0.9536052009456264,0.6376425999915227,0.9536052009456264,0.991556542526147,0.0590928645444201,,,,
tdc_hia_hou,classification,1,stratified_scaffold_group,15,gb_lr0.05_d2,boosting,413,165,0.8481087470449173,0.2415994000039063,0.8481087470449173,0.9610436548207132,0.0763341562224844,,,,
tdc_hia_hou,classification,1,stratified_scaffold_group,16,gb_lr0.1_d3,boosting,413,165,0.8742612293144209,0.3339856999809854,0.8742612293144209,0.9700423598919958,0.0605614816532004,,,,
tdc_hia_hou,classification,1,stratified_scaffold_group,17,lgbm_60_l15,boosting,413,165,0.9335106382978724,0.0302165999892167,0.9335106382978724,0.987510415713292,0.0665305752238888,,,,
tdc_hia_hou,classification,1,stratified_scaffold_group,18,lgbm_90_l31,boosting,413,165,0.9479905437352246,0.0434249999816529,0.9479905437352246,0.9905264199875812,0.0560048034723824,,,,
tdc_hia_hou,classification,1,stratified_scaffold_group,19,lgbm_60_l63,boosting,413,165,0.9420803782505912,0.0318808000301942,0.9420803782505912,0.9888219959961744,0.0568835173959722,,,,
tdc_hia_hou,classification,1,stratified_scaffold_group,20,lgbm_100_leaf10,boosting,413,165,0.939420803782506,0.0807645000168122,0.939420803782506,0.9878887542631344,0.0649220652341287,,,,
tdc_hia_hou,classification,1,stratified_scaffold_group,21,lgbm_100_leaf30,boosting,413,165,0.9243498817966904,0.0334703999687917,0.9243498817966904,0.9863930992978104,0.0726693608994691,,,,
tdc_hia_hou,classification,1,stratified_scaffold_group,22,lgbm_80_ff0.7,boosting,413,165,0.9346926713947992,0.044763799989596,0.9346926713947992,0.9868497514436824,0.0545986258071847,,,,
tdc_hia_hou,classification,1,stratified_scaffold_group,23,lgbm_80_bag0.8,boosting,413,165,0.9349881796690308,0.0416326000122353,0.9349881796690308,0.987577210863462,0.0597371493615342,,,,
tdc_hia_hou,classification,1,stratified_scaffold_group,24,lgbm_120_l15,boosting,413,165,0.946808510638298,0.0506853000260889,0.946808510638298,0.9899623890069312,0.0544402064373372,,,,
tdc_hia_hou,classification,1,stratified_scaffold_group,25,xgb_60_d3,boosting,413,165,0.898936170212766,0.0444230000139214,0.898936170212766,0.97932607005813,0.0735768467954467,,,,
tdc_hia_hou,classification,1,stratified_scaffold_group,26,xgb_80_d5,boosting,413,165,0.9270094562647754,0.0614613000070676,0.9270094562647754,0.9852091586898568,0.0656516978648233,,,,
tdc_hia_hou,classification,1,stratified_scaffold_group,27,xgb_100_d3,boosting,413,165,0.8980496453900709,0.065182399994228,0.8980496453900709,0.9788676892569322,0.0730630367866894,,,,
tdc_hia_hou,classification,1,stratified_scaffold_group,28,xgb_60_d6,boosting,413,165,0.9018912529550828,0.0532196999993175,0.9018912529550828,0.9800142263078184,0.0738757812044922,,,,
tdc_hia_hou,classification,1,stratified_scaffold_group,29,cat_60_d4,boosting,413,165,0.9216903073286052,0.1832637999905273,0.9216903073286052,0.98467382310627,0.0705132175097719,,,,
tdc_hia_hou,classification,1,stratified_scaffold_group,30,cat_80_d6,boosting,413,165,0.9137115839243498,0.4776880999561399,0.9137115839243498,0.982428630070138,0.0679407923851281,,,,
tdc_hia_hou,classification,1,stratified_scaffold_group,31,cat_100_d4,boosting,413,165,0.9036643026004728,0.2687294999486767,0.9036643026004728,0.9761705314267848,0.0708457709789327,,,,
tdc_hia_hou,classification,1,stratified_scaffold_group,32,cat_60_d8,boosting,413,165,0.9143026004728132,1.0409718999871984,0.9143026004728132,0.9790475826255004,0.0623003886794508,,,,
tdc_hia_hou,classification,2,stratified_scaffold_group,1,logreg_l2_c0.1,linear,406,172,0.9627210884353742,0.0021557000000029,0.9627210884353742,0.9916876330907788,0.0672420495006572,,,,
tdc_hia_hou,classification,2,stratified_scaffold_group,2,logreg_l2_c1,linear,406,172,0.9559183673469388,0.0025411000242456,0.9559183673469388,0.9896212851090764,0.0461779057083389,,,,
tdc_hia_hou,classification,2,stratified_scaffold_group,3,logreg_l2_c10,linear,406,172,0.9482993197278912,0.0029282000032253,0.9482993197278912,0.987653151826096,0.048804618899907,,,,
tdc_hia_hou,classification,2,stratified_scaffold_group,4,logreg_l1_c1,linear,406,172,0.933877551020408,0.0047427999670617,0.933877551020408,0.9876769032499068,0.0798341391814822,,,,
tdc_hia_hou,classification,2,stratified_scaffold_group,5,rf_60_sqrt,bagging,406,172,0.957687074829932,0.0898015000275336,0.957687074829932,0.987511135968548,0.064047157622739,,,,
tdc_hia_hou,classification,2,stratified_scaffold_group,6,rf_90_d12,bagging,406,172,0.9540136054421768,0.1678450999897904,0.9540136054421768,0.9894515305684156,0.0720090540774874,,,,
tdc_hia_hou,classification,2,stratified_scaffold_group,7,rf_90_leaf2,bagging,406,172,0.9700680272108844,0.156526600010693,0.9700680272108844,0.9939177094768792,0.0686160854495518,,,,
tdc_hia_hou,classification,2,stratified_scaffold_group,8,rf_120_d20_leaf2,bagging,406,172,0.9676190476190476,0.1806424999958835,0.9676190476190476,0.9936885243418584,0.0691253813806611,,,,
tdc_hia_hou,classification,2,stratified_scaffold_group,9,et_60_sqrt,bagging,406,172,0.9748299319727892,0.0689313999610021,0.9748299319727892,0.994448621437174,0.0574483204134367,,,,
tdc_hia_hou,classification,2,stratified_scaffold_group,10,et_90_d12,bagging,406,172,0.9643537414965986,0.091987399966456,0.9643537414965986,0.993705308485217,0.0725500836353761,,,,
tdc_hia_hou,classification,2,stratified_scaffold_group,11,et_90_leaf2,bagging,406,172,0.9657142857142856,0.0939007999841123,0.9657142857142856,0.9929240505938448,0.060938346344004,,,,
tdc_hia_hou,classification,2,stratified_scaffold_group,12,et_120_d20_leaf2,bagging,406,172,0.962721088435374,0.1392990999738685,0.962721088435374,0.9920609521077792,0.062153016041533,,,,
tdc_hia_hou,classification,2,stratified_scaffold_group,13,histgb_lr0.05,boosting,406,172,0.9496598639455782,0.8546307000215165,0.9496598639455782,0.98601736144733,0.0559780068908237,,,,
tdc_hia_hou,classification,2,stratified_scaffold_group,14,histgb_lr0.1,boosting,406,172,0.9548299319727892,0.7387784000020474,0.9548299319727892,0.9897037468847872,0.0508550251670045,,,,
tdc_hia_hou,classification,2,stratified_scaffold_group,15,gb_lr0.05_d2,boosting,406,172,0.903265306122449,0.1982673000311479,0.903265306122449,0.9787269035980704,0.0739143977267108,,,,
tdc_hia_hou,classification,2,stratified_scaffold_group,16,gb_lr0.1_d3,boosting,406,172,0.923265306122449,0.2707459999946877,0.923265306122449,0.9839709751208062,0.0648473762333902,,,,
tdc_hia_hou,classification,2,stratified_scaffold_group,17,lgbm_60_l15,boosting,406,172,0.9333333333333332,0.0330291000427678,0.9333333333333332,0.9864415383877444,0.0693533087876022,,,,
tdc_hia_hou,classification,2,stratified_scaffold_group,18,lgbm_90_l31,boosting,406,172,0.9474829931972788,0.0494640000397339,0.9474829931972788,0.99014609272859,0.0644120569719805,,,,
tdc_hia_hou,classification,2,stratified_scaffold_group,19,lgbm_60_l63,boosting,406,172,0.9472108843537416,0.0326872000005096,0.9472108843537416,0.9881618456676018,0.0585698422520164,,,,
tdc_hia_hou,classification,2,stratified_scaffold_group,20,lgbm_100_leaf10,boosting,406,172,0.958095238095238,0.0809596999897621,0.958095238095238,0.9903206252136384,0.0514260809583369,,,,
tdc_hia_hou,classification,2,stratified_scaffold_group,21,lgbm_100_leaf30,boosting,406,172,0.9091156462585034,0.0345634999684989,0.9091156462585034,0.9802706075583532,0.0724000251128681,,,,
tdc_hia_hou,classification,2,stratified_scaffold_group,22,lgbm_80_ff0.7,boosting,406,172,0.9417687074829932,0.063080100051593,0.9417687074829932,0.9852012220098416,0.0591609990880022,,,,
tdc_hia_hou,classification,2,stratified_scaffold_group,23,lgbm_80_bag0.8,boosting,406,172,0.933877551020408,0.0319774999516084,0.933877551020408,0.9846610153119316,0.0638403153113122,,,,
tdc_hia_hou,classification,2,stratified_scaffold_group,24,lgbm_120_l15,boosting,406,172,0.9450340136054424,0.0464984999853186,0.9450340136054424,0.9888807441472608,0.0644463289109771,,,,
tdc_hia_hou,classification,2,stratified_scaffold_group,25,xgb_60_d3,boosting,406,172,0.9363265306122448,0.0405967000406235,0.9363265306122448,0.9861795049154464,0.0680699922136533,,,,
tdc_hia_hou,classification,2,stratified_scaffold_group,26,xgb_80_d5,boosting,406,172,0.953469387755102,0.0550202999729663,0.953469387755102,0.9886149263323238,0.0583404129805805,,,,
tdc_hia_hou,classification,2,stratified_scaffold_group,27,xgb_100_d3,boosting,406,172,0.9537414965986396,0.0690316999680362,0.9537414965986396,0.9898429989429848,0.0656719454457959,,,,
tdc_hia_hou,classification,2,stratified_scaffold_group,28,xgb_60_d6,boosting,406,172,0.9518367346938776,0.0644704999867826,0.9518367346938776,0.988905307381613,0.0619693448806412,,,,
tdc_hia_hou,classification,2,stratified_scaffold_group,29,cat_60_d4,boosting,406,172,0.9287074829931972,0.2523513000342063,0.9287074829931972,0.9731050794284464,0.0735506801306601,,,,
tdc_hia_hou,classification,2,stratified_scaffold_group,30,cat_80_d6,boosting,406,172,0.9687074829931972,0.6566002999898046,0.9687074829931972,0.9941435245231276,0.0619920184242318,,,,
tdc_hia_hou,classification,2,stratified_scaffold_group,31,cat_100_d4,boosting,406,172,0.9477551020408164,0.3726261000265367,0.9477551020408164,0.9872558157689186,0.0677837420991233,,,,
tdc_hia_hou,classification,2,stratified_scaffold_group,32,cat_60_d8,boosting,406,172,0.9374149659863946,1.1216505999909714,0.9374149659863946,0.9809523580076877,0.0650904076276054,,,,
tdc_hia_hou,classification,3,stratified_scaffold_group,1,logreg_l2_c0.1,linear,337,241,0.8680871828236825,0.001805100007914,0.8680871828236825,0.9784513157614388,0.0946467286311894,,,,
tdc_hia_hou,classification,3,stratified_scaffold_group,2,logreg_l2_c1,linear,337,241,0.8832140533506833,0.0021810000180266,0.8832140533506833,0.9811004488406008,0.0794284234340919,,,,
tdc_hia_hou,classification,3,stratified_scaffold_group,3,logreg_l2_c10,linear,337,241,0.8880936890045543,0.0023580999695695,0.8880936890045543,0.9817790775833796,0.0840135228344471,,,,
tdc_hia_hou,classification,3,stratified_scaffold_group,4,logreg_l1_c1,linear,337,241,0.8458848405985687,0.0035190999624319,0.8458848405985687,0.975400928198588,0.102522563348307,,,,
tdc_hia_hou,classification,3,stratified_scaffold_group,5,rf_60_sqrt,bagging,337,241,0.9056603773584904,0.0899621999706141,0.9056603773584904,0.9835617306633042,0.0751175656984785,,,,
tdc_hia_hou,classification,3,stratified_scaffold_group,6,rf_90_d12,bagging,337,241,0.8897202342225112,0.1311954000266268,0.8897202342225112,0.9819227704628748,0.0791766828013818,,,,
tdc_hia_hou,classification,3,stratified_scaffold_group,7,rf_90_leaf2,bagging,337,241,0.877195836044242,0.1363481999724172,0.877195836044242,0.9797284082787552,0.0848467787950592,,,,
tdc_hia_hou,classification,3,stratified_scaffold_group,8,rf_120_d20_leaf2,bagging,337,241,0.8737800910865322,0.173645100032445,0.8737800910865322,0.9776244462816692,0.084600355639909,,,,
tdc_hia_hou,classification,3,stratified_scaffold_group,9,et_60_sqrt,bagging,337,241,0.898747560182173,0.064580800011754,0.898747560182173,0.982354762850006,0.0739084831719686,,,,
tdc_hia_hou,classification,3,stratified_scaffold_group,10,et_90_d12,bagging,337,241,0.8905335068314899,0.0869946999591775,0.8905335068314899,0.98136416346831,0.0766119414962117,,,,
tdc_hia_hou,classification,3,stratified_scaffold_group,11,et_90_leaf2,bagging,337,241,0.9168835393623944,0.0872976999962702,0.9168835393623944,0.9875567030803576,0.0761000167968346,,,,
tdc_hia_hou,classification,3,stratified_scaffold_group,12,et_120_d20_leaf2,bagging,337,241,0.908262849707222,0.114072699972894,0.908262849707222,0.985772014355055,0.0761876613803592,,,,
tdc_hia_hou,classification,3,stratified_scaffold_group,13,histgb_lr0.05,boosting,337,241,0.8926480156148341,0.7443607999593951,0.8926480156148341,0.98384635343207,0.0751910316104975,,,,
tdc_hia_hou,classification,3,stratified_scaffold_group,14,histgb_lr0.1,boosting,337,241,0.9033832140533508,0.5833290999871679,0.9033832140533508,0.9859901123600672,0.0809228267421481,,,,
tdc_hia_hou,classification,3,stratified_scaffold_group,15,gb_lr0.05_d2,boosting,337,241,0.8413305139882888,0.1632551999646239,0.8413305139882888,0.9738154793256356,0.0889872888306119,,,,
tdc_hia_hou,classification,3,stratified_scaffold_group,16,gb_lr0.1_d3,boosting,337,241,0.8445022771633052,0.2338942000060342,0.8445022771633052,0.9753731543341626,0.0865104858401183,,,,
tdc_hia_hou,classification,3,stratified_scaffold_group,17,lgbm_60_l15,boosting,337,241,0.9051724137931034,0.0271745999925769,0.9051724137931034,0.9868877769200262,0.0795782883464515,,,,
tdc_hia_hou,classification,3,stratified_scaffold_group,18,lgbm_90_l31,boosting,337,241,0.9110279765777488,0.0338821000186726,0.9110279765777488,0.987775519639792,0.0792704567266973,,,,
tdc_hia_hou,classification,3,stratified_scaffold_group,19,lgbm_60_l63,boosting,337,241,0.906473649967469,0.0242945000063627,0.906473649967469,0.986761211461964,0.0779762165085729,,,,
tdc_hia_hou,classification,3,stratified_scaffold_group,20,lgbm_100_leaf10,boosting,337,241,0.9046844502277164,0.0847873000311665,0.9046844502277164,0.9857177466040788,0.0807807120214779,,,,
tdc_hia_hou,classification,3,stratified_scaffold_group,21,lgbm_100_leaf30,boosting,337,241,0.8474300585556278,0.0266507000196725,0.8474300585556278,0.9749136643814412,0.0809130256681771,,,,
tdc_hia_hou,classification,3,stratified_scaffold_group,22,lgbm_80_ff0.7,boosting,337,241,0.9027325959661678,0.0484994000289589,0.9027325959661678,0.9863259611115828,0.0815430664326572,,,,
tdc_hia_hou,classification,3,stratified_scaffold_group,23,lgbm_80_bag0.8,boosting,337,241,0.9084255042290176,0.0376648000092245,0.9084255042290176,0.987172078604188,0.0795619991299433,,,,
tdc_hia_hou,classification,3,stratified_scaffold_group,24,lgbm_120_l15,boosting,337,241,0.9079375406636304,0.0470002999645657,0.9079375406636304,0.9872479550912882,0.0801960109252713,,,,
tdc_hia_hou,classification,3,stratified_scaffold_group,25,xgb_60_d3,boosting,337,241,0.888744307091737,0.0368683999986387,0.888744307091737,0.9840641792822006,0.0819305532074116,,,,
tdc_hia_hou,classification,3,stratified_scaffold_group,26,xgb_80_d5,boosting,337,241,0.8913467794404684,0.0496173999854363,0.8913467794404684,0.9843616491592874,0.0795700741465079,,,,
tdc_hia_hou,classification,3,stratified_scaffold_group,27,xgb_100_d3,boosting,337,241,0.8836206896551724,0.0507386999670416,0.8836206896551724,0.9833989402815584,0.0818288737990425,,,,
tdc_hia_hou,classification,3,stratified_scaffold_group,28,xgb_60_d6,boosting,337,241,0.8973649967469095,0.0441284999833442,0.8973649967469095,0.9855280324323472,0.0795787383172253,,,,
tdc_hia_hou,classification,3,stratified_scaffold_group,29,cat_60_d4,boosting,337,241,0.8721535458685752,0.1837400000076741,0.8721535458685752,0.9758405492615528,0.0846736185067621,,,,
tdc_hia_hou,classification,3,stratified_scaffold_group,30,cat_80_d6,boosting,337,241,0.8942745608327911,0.5460333999944851,0.8942745608327911,0.9844578844366114,0.0803980907526823,,,,
tdc_hia_hou,classification,3,stratified_scaffold_group,31,cat_100_d4,boosting,337,241,0.886629798308393,0.3409551999648101,0.886629798308393,0.983448797871508,0.0827507538453884,,,,
tdc_hia_hou,classification,3,stratified_scaffold_group,32,cat_60_d8,boosting,337,241,0.8989915419648666,0.9979387000203132,0.8989915419648666,0.9853463882972926,0.0814318590635707,,,,
tdc_pgp_broccatelli,classification,1,stratified_scaffold_group,1,logreg_l2_c0.1,linear,815,397,0.8777603377354406,0.0049267000285908,0.8777603377354406,0.9255443955689436,0.1437479590493547,,,,
tdc_pgp_broccatelli,classification,1,stratified_scaffold_group,2,logreg_l2_c1,linear,815,397,0.8824962113011474,0.0069060999667271,0.8824962113011474,0.9260043792773044,0.1447216481304872,,,,
tdc_pgp_broccatelli,classification,1,stratified_scaffold_group,3,logreg_l2_c10,linear,815,397,0.8689922061052175,0.0083824999746866,0.8689922061052175,0.9177208638684784,0.1652744328144373,,,,
tdc_pgp_broccatelli,classification,1,stratified_scaffold_group,4,logreg_l1_c1,linear,815,397,0.8750270621346612,0.0217365000280551,0.8750270621346612,0.926785677047822,0.1475973490444507,,,,
tdc_pgp_broccatelli,classification,1,stratified_scaffold_group,5,rf_60_sqrt,bagging,815,397,0.931641047845854,0.1292957999976351,0.931641047845854,0.9576481368534138,0.1374902043101035,,,,
tdc_pgp_broccatelli,classification,1,stratified_scaffold_group,6,rf_90_d12,bagging,815,397,0.9275817276466768,0.1654158000019379,0.9275817276466768,0.9610111795654952,0.1401367022807898,,,,
tdc_pgp_broccatelli,classification,1,stratified_scaffold_group,7,rf_90_leaf2,bagging,815,397,0.9365934184888504,0.1504306999850087,0.9365934184888504,0.9649254059550756,0.1375865233404909,,,,
tdc_pgp_broccatelli,classification,1,stratified_scaffold_group,8,rf_120_d20_leaf2,bagging,815,397,0.9333730244641698,0.2136386999627575,0.9333730244641698,0.9630348293454496,0.1405350804686177,,,,
tdc_pgp_broccatelli,classification,1,stratified_scaffold_group,9,et_60_sqrt,bagging,815,397,0.9238200909287724,0.0670229000388644,0.9238200909287724,0.954991998808226,0.1364861460957178,,,,
tdc_pgp_broccatelli,classification,1,stratified_scaffold_group,10,et_90_d12,bagging,815,397,0.9218986793678284,0.110602899978403,0.9218986793678284,0.9558907317959672,0.1401344951733018,,,,
tdc_pgp_broccatelli,classification,1,stratified_scaffold_group,11,et_90_leaf2,bagging,815,397,0.921519809482572,0.1111453999765217,0.921519809482572,0.954758893776506,0.1453165210296338,,,,
tdc_pgp_broccatelli,classification,1,stratified_scaffold_group,12,et_120_d20_leaf2,bagging,815,397,0.9290701450530416,0.1219664000091143,0.9290701450530416,0.9596531930044532,0.1388273282836683,,,,
tdc_pgp_broccatelli,classification,1,stratified_scaffold_group,13,histgb_lr0.05,boosting,815,397,0.9142130331240528,1.1398222999996506,0.9142130331240528,0.9509978393537446,0.1280000952408068,,,,
tdc_pgp_broccatelli,classification,1,stratified_scaffold_group,14,histgb_lr0.1,boosting,815,397,0.9179746698419572,0.8140959999873303,0.9179746698419572,0.9533429482013852,0.122720356172062,,,,
tdc_pgp_broccatelli,classification,1,stratified_scaffold_group,15,gb_lr0.05_d2,boosting,815,397,0.8482896730894133,0.3377316999831237,0.8482896730894133,0.9164297569513812,0.1698483418893103,,,,
tdc_pgp_broccatelli,classification,1,stratified_scaffold_group,16,gb_lr0.1_d3,boosting,815,397,0.9062567655336652,0.5125364999985322,0.9062567655336652,0.9489224256507076,0.1289254969638695,,,,
tdc_pgp_broccatelli,classification,1,stratified_scaffold_group,17,lgbm_60_l15,boosting,815,397,0.903983546222126,0.0451530999853275,0.903983546222126,0.942537296594384,0.1426125521746938,,,,
tdc_pgp_broccatelli,classification,1,stratified_scaffold_group,18,lgbm_90_l31,boosting,815,397,0.9192736523056938,0.0703373999567702,0.9192736523056938,0.9543219287477348,0.1249001378942832,,,,
tdc_pgp_broccatelli,classification,1,stratified_scaffold_group,19,lgbm_60_l63,boosting,815,397,0.9252543840658152,0.0575831999885849,0.9252543840658152,0.958567705394932,0.1186170781761983,,,,
tdc_pgp_broccatelli,classification,1,stratified_scaffold_group,20,lgbm_100_leaf10,boosting,815,397,0.9153496427798226,0.1031334000290371,0.9153496427798226,0.9528077648925898,0.1279359338679704,,,,
tdc_pgp_broccatelli,classification,1,stratified_scaffold_group,21,lgbm_100_leaf30,boosting,815,397,0.9266616150681966,0.0565997999510727,0.9266616150681966,0.9585189819848232,0.1174303457829192,,,,
tdc_pgp_broccatelli,classification,1,stratified_scaffold_group,22,lgbm_80_ff0.7,boosting,815,397,0.9216821822905392,0.0791562999947927,0.9216821822905392,0.9555520067585828,0.1199620197894917,,,,
tdc_pgp_broccatelli,classification,1,stratified_scaffold_group,23,lgbm_80_bag0.8,boosting,815,397,0.9214386230785884,0.0730131999589502,0.9214386230785884,0.9540711321151027,0.1233154906205968,,,,
tdc_pgp_broccatelli,classification,1,stratified_scaffold_group,24,lgbm_120_l15,boosting,815,397,0.9149437107599048,0.069277599977795,0.9149437107599048,0.9502255742200983,0.124772464701435,,,,
tdc_pgp_broccatelli,classification,1,stratified_scaffold_group,25,xgb_60_d3,boosting,815,397,0.8949042000432994,0.0535591000225394,0.8949042000432994,0.9385587805141636,0.1446890657695813,,,,
tdc_pgp_broccatelli,classification,1,stratified_scaffold_group,26,xgb_80_d5,boosting,815,397,0.9139424117774412,0.0864785999874584,0.9139424117774412,0.952475033821496,0.1298687829852935,,,,
tdc_pgp_broccatelli,classification,1,stratified_scaffold_group,27,xgb_100_d3,boosting,815,397,0.8868802771162588,0.0721994999912567,0.8868802771162588,0.9351761770627032,0.1493005054533723,,,,
tdc_pgp_broccatelli,classification,1,stratified_scaffold_group,28,xgb_60_d6,boosting,815,397,0.91391534964278,0.0747659000335261,0.91391534964278,0.950862213563817,0.1257668091512685,,,,
tdc_pgp_broccatelli,classification,1,stratified_scaffold_group,29,cat_60_d4,boosting,815,397,0.8575719852781987,0.2294901999994181,0.8575719852781987,0.9204577583385442,0.1666429717220662,,,,
tdc_pgp_broccatelli,classification,1,stratified_scaffold_group,30,cat_80_d6,boosting,815,397,0.8904795410261961,0.6462120999931358,0.8904795410261961,0.9373672908947294,0.1488198138561531,,,,
tdc_pgp_broccatelli,classification,1,stratified_scaffold_group,31,cat_100_d4,boosting,815,397,0.8836869452262394,0.3430910999886691,0.8836869452262394,0.9343373280581,0.1535700938317583,,,,
tdc_pgp_broccatelli,classification,1,stratified_scaffold_group,32,cat_60_d8,boosting,815,397,0.8936187486468932,1.6047821000101976,0.8936187486468932,0.9411652928594694,0.1493960663992741,,,,
tdc_pgp_broccatelli,classification,2,stratified_scaffold_group,1,logreg_l2_c0.1,linear,856,356,0.8888047217750844,0.0056661999551579,0.8888047217750844,0.9123212863542848,0.1288492985159559,,,,
tdc_pgp_broccatelli,classification,2,stratified_scaffold_group,2,logreg_l2_c1,linear,856,356,0.8824606255720734,0.0079462000285275,0.8824606255720734,0.9092026988656324,0.1441231335260795,,,,
tdc_pgp_broccatelli,classification,2,stratified_scaffold_group,3,logreg_l2_c10,linear,856,356,0.8686993024650443,0.0117363999597728,0.8686993024650443,0.8945960579967787,0.1809550113917175,,,,
tdc_pgp_broccatelli,classification,2,stratified_scaffold_group,4,logreg_l1_c1,linear,856,356,0.8860903323548907,0.0173593999934382,0.8860903323548907,0.9051971007481758,0.1418381801211592,,,,
tdc_pgp_broccatelli,classification,2,stratified_scaffold_group,5,rf_60_sqrt,bagging,856,356,0.9042230849351388,0.1529062999761663,0.9042230849351388,0.91556955093883,0.1226818039950062,,,,
tdc_pgp_broccatelli,classification,2,stratified_scaffold_group,6,rf_90_d12,bagging,856,356,0.9048701196225104,0.1935563000151887,0.9048701196225104,0.9113094157515048,0.1259408570621915,,,,
tdc_pgp_broccatelli,classification,2,stratified_scaffold_group,7,rf_90_leaf2,bagging,856,356,0.9090995170911848,0.1790155999478884,0.9090995170911848,0.9190397247401288,0.1242590750479474,,,,
tdc_pgp_broccatelli,classification,2,stratified_scaffold_group,8,rf_120_d20_leaf2,bagging,856,356,0.9113404664962284,0.2236363000120036,0.9113404664962284,0.9227346237526248,0.1228499097413044,,,,
tdc_pgp_broccatelli,classification,2,stratified_scaffold_group,9,et_60_sqrt,bagging,856,356,0.8938705299371903,0.0807825000374578,0.8938705299371903,0.8918620478106467,0.1268726591760299,,,,
tdc_pgp_broccatelli,classification,2,stratified_scaffold_group,10,et_90_d12,bagging,856,356,0.8999147807972729,0.102436899964232,0.8999147807972729,0.9062584082045324,0.1265122609062631,,,,
tdc_pgp_broccatelli,classification,2,stratified_scaffold_group,11,et_90_leaf2,bagging,856,356,0.9050910582962473,0.0976771000423468,0.9050910582962473,0.9179907450810472,0.1238388705359472,,,,
tdc_pgp_broccatelli,classification,2,stratified_scaffold_group,12,et_120_d20_leaf2,bagging,856,356,0.90174541552252,0.1332392000476829,0.90174541552252,0.9060081354522558,0.1242353010281703,,,,
tdc_pgp_broccatelli,classification,2,stratified_scaffold_group,13,histgb_lr0.05,boosting,856,356,0.8990625887700028,1.1798929999931715,0.8990625887700028,0.9173106177633183,0.1211015931399007,,,,
tdc_pgp_broccatelli,classification,2,stratified_scaffold_group,14,histgb_lr0.1,boosting,856,356,0.9033866742417068,0.9414266999810934,0.9033866742417068,0.9161993536330436,0.1226197434844849,,,,
tdc_pgp_broccatelli,classification,2,stratified_scaffold_group,15,gb_lr0.05_d2,boosting,856,356,0.8793043588044063,0.4200557000003755,0.8793043588044063,0.9003956351581953,0.1396156198294742,,,,
tdc_pgp_broccatelli,classification,2,stratified_scaffold_group,16,gb_lr0.1_d3,boosting,856,356,0.8930656819114352,0.5677643999806605,0.8930656819114352,0.9105180315610836,0.1274991716040841,,,,
tdc_pgp_broccatelli,classification,2,stratified_scaffold_group,17,lgbm_60_l15,boosting,856,356,0.8923397405548718,0.0644795999978669,0.8923397405548718,0.9129545876071478,0.1233440030586508,,,,
tdc_pgp_broccatelli,classification,2,stratified_scaffold_group,18,lgbm_90_l31,boosting,856,356,0.8979578954013193,0.0787465000175871,0.8979578954013193,0.9070704240568248,0.1202320672588114,,,,
tdc_pgp_broccatelli,classification,2,stratified_scaffold_group,19,lgbm_60_l63,boosting,856,356,0.8981472714073794,0.0638053000438958,0.8981472714073794,0.9081354255953744,0.1224839097608055,,,,
tdc_pgp_broccatelli,classification,2,stratified_scaffold_group,20,lgbm_100_leaf10,boosting,856,356,0.906353565003314,0.1144723999896086,0.906353565003314,0.919261921231578,0.1154614953245621,,,,
tdc_pgp_broccatelli,classification,2,stratified_scaffold_group,21,lgbm_100_leaf30,boosting,856,356,0.8880156550831676,0.0673985999892465,0.8880156550831676,0.9002633585073339,0.1270139228267881,,,,
tdc_pgp_broccatelli,classification,2,stratified_scaffold_group,22,lgbm_80_ff0.7,boosting,856,356,0.9050594956285706,0.0801702000317163,0.9050594956285706,0.9213364041372908,0.1183276992424404,,,,
tdc_pgp_broccatelli,classification,2,stratified_scaffold_group,23,lgbm_80_bag0.8,boosting,856,356,0.9033235489063536,0.0830023000016808,0.9033235489063536,0.9142561594266584,0.1182921530513491,,,,
tdc_pgp_broccatelli,classification,2,stratified_scaffold_group,24,lgbm_120_l15,boosting,856,356,0.9003566581447464,0.0717404999886639,0.9003566581447464,0.912096797954798,0.12063208148746,,,,
tdc_pgp_broccatelli,classification,2,stratified_scaffold_group,25,xgb_60_d3,boosting,856,356,0.8850803269892371,0.0643497999990359,0.8850803269892371,0.9062338261483952,0.1303189053225234,,,,
tdc_pgp_broccatelli,classification,2,stratified_scaffold_group,26,xgb_80_d5,boosting,856,356,0.8933497459205253,0.0995404999703168,0.8933497459205253,0.908597390611083,0.1235706016405359,,,,
tdc_pgp_broccatelli,classification,2,stratified_scaffold_group,27,xgb_100_d3,boosting,856,356,0.8837546949468168,0.0924836999620311,0.8837546949468168,0.9033722490729869,0.1299203670667989,,,,
tdc_pgp_broccatelli,classification,2,stratified_scaffold_group,28,xgb_60_d6,boosting,856,356,0.898084146072026,0.0764627999742515,0.898084146072026,0.9099251414104974,0.123775489973602,,,,
tdc_pgp_broccatelli,classification,2,stratified_scaffold_group,29,cat_60_d4,boosting,856,356,0.8808824921882398,0.2633963999687694,0.8808824921882398,0.8996101886172276,0.1362215568988961,,,,
tdc_pgp_broccatelli,classification,2,stratified_scaffold_group,30,cat_80_d6,boosting,856,356,0.8961272606760724,0.7172660999931395,0.8961272606760724,0.9114596860398636,0.1254307221132271,,,,
tdc_pgp_broccatelli,classification,2,stratified_scaffold_group,31,cat_100_d4,boosting,856,356,0.887005649717514,0.3861359000438824,0.887005649717514,0.9049327555567824,0.1331965774340036,,,,
tdc_pgp_broccatelli,classification,2,stratified_scaffold_group,32,cat_60_d8,boosting,856,356,0.8953066313164788,1.866319399967324,0.8953066313164788,0.9107611281947314,0.1274927211058362,,,,
tdc_pgp_broccatelli,classification,3,stratified_scaffold_group,1,logreg_l2_c0.1,linear,753,459,0.8866081271144561,0.0047079999931156,0.8866081271144561,0.9110802168914136,0.1300109341683063,,,,
tdc_pgp_broccatelli,classification,3,stratified_scaffold_group,2,logreg_l2_c1,linear,753,459,0.8884707492302429,0.0066924999700859,0.8884707492302429,0.9071090120234742,0.1301779317948705,,,,
tdc_pgp_broccatelli,classification,3,stratified_scaffold_group,3,logreg_l2_c10,linear,753,459,0.8817995210400273,0.0101285999990068,0.8817995210400273,0.8921112195073632,0.145697633303547,,,,
tdc_pgp_broccatelli,classification,3,stratified_scaffold_group,4,logreg_l1_c1,linear,753,459,0.8935834568745962,0.0127582999994046,0.8935834568745962,0.9116354988012172,0.1326268751464485,,,,
tdc_pgp_broccatelli,classification,3,stratified_scaffold_group,5,rf_60_sqrt,bagging,753,459,0.9100049416505112,0.1093288999982178,0.9100049416505112,0.9211892747202692,0.1245085935608811,,,,
tdc_pgp_broccatelli,classification,3,stratified_scaffold_group,6,rf_90_d12,bagging,753,459,0.9019842627437564,0.1486816999968141,0.9019842627437564,0.9145259451089024,0.1323231860215443,,,,
tdc_pgp_broccatelli,classification,3,stratified_scaffold_group,7,rf_90_leaf2,bagging,753,459,0.909434751206903,0.1462524999515153,0.909434751206903,0.92162529337289,0.1286730149931797,,,,
tdc_pgp_broccatelli,classification,3,stratified_scaffold_group,8,rf_120_d20_leaf2,bagging,753,459,0.9103660622647964,0.1995634000049904,0.9103660622647964,0.9236992786767204,0.1281481653914758,,,,
tdc_pgp_broccatelli,classification,3,stratified_scaffold_group,9,et_60_sqrt,bagging,753,459,0.9096153115140456,0.0837910000118427,0.9096153115140456,0.92289103153181,0.1198299443234083,,,,
tdc_pgp_broccatelli,classification,3,stratified_scaffold_group,10,et_90_d12,bagging,753,459,0.9085034401490096,0.1170557999867014,0.9085034401490096,0.9206372901640936,0.1268700513074585,,,,
tdc_pgp_broccatelli,classification,3,stratified_scaffold_group,11,et_90_leaf2,bagging,753,459,0.916486106359524,0.1189275000360794,0.916486106359524,0.928015889868333,0.1232186071314543,,,,
tdc_pgp_broccatelli,classification,3,stratified_scaffold_group,12,et_120_d20_leaf2,bagging,753,459,0.9141483255407308,0.1586065999581478,0.9141483255407308,0.9260868417856104,0.1240750933650318,,,,
tdc_pgp_broccatelli,classification,3,stratified_scaffold_group,13,histgb_lr0.05,boosting,753,459,0.9031056372828524,1.0581907000159845,0.9031056372828524,0.9199991401319504,0.1167528228132948,,,,
tdc_pgp_broccatelli,classification,3,stratified_scaffold_group,14,histgb_lr0.1,boosting,753,459,0.9021363135287186,0.8380252000060864,0.9021363135287186,0.9197616329261632,0.1212381294256838,,,,
tdc_pgp_broccatelli,classification,3,stratified_scaffold_group,15,gb_lr0.05_d2,boosting,753,459,0.8911506443152012,0.333174199971836,0.8911506443152012,0.9086822348217852,0.1389934789366573,,,,
tdc_pgp_broccatelli,classification,3,stratified_scaffold_group,16,gb_lr0.1_d3,boosting,753,459,0.90432204356255,0.505547100037802,0.90432204356255,0.9188910501856176,0.1218863225401962,,,,
tdc_pgp_broccatelli,classification,3,stratified_scaffold_group,17,lgbm_60_l15,boosting,753,459,0.8996274755768426,0.0450153999845497,0.8996274755768426,0.9155536811364656,0.1236547766283642,,,,
tdc_pgp_broccatelli,classification,3,stratified_scaffold_group,18,lgbm_90_l31,boosting,753,459,0.90014064697609,0.0749796999734826,0.90014064697609,0.9143211261592372,0.1207672438171945,,,,
tdc_pgp_broccatelli,classification,3,stratified_scaffold_group,19,lgbm_60_l63,boosting,753,459,0.9012430151670658,0.0591093999682925,0.9012430151670658,0.9186377789848084,0.1193886206354019,,,,
tdc_pgp_broccatelli,classification,3,stratified_scaffold_group,20,lgbm_100_leaf10,boosting,753,459,0.8959212376933896,0.1152054000413045,0.8959212376933896,0.907772169707461,0.1300114812995954,,,,
tdc_pgp_broccatelli,classification,3,stratified_scaffold_group,21,lgbm_100_leaf30,boosting,753,459,0.9027445166685674,0.0521731000044383,0.9027445166685674,0.9196642098363736,0.1159207336253063,,,,
tdc_pgp_broccatelli,classification,3,stratified_scaffold_group,22,lgbm_80_ff0.7,boosting,753,459,0.9080092750978828,0.0642175999819301,0.9080092750978828,0.9223575606285718,0.1165271959053,,,,
tdc_pgp_broccatelli,classification,3,stratified_scaffold_group,23,lgbm_80_bag0.8,boosting,753,459,0.903846884859543,0.0691339999902993,0.903846884859543,0.9225900265534768,0.1183452540832321,,,,
tdc_pgp_broccatelli,classification,3,stratified_scaffold_group,24,lgbm_120_l15,boosting,753,459,0.8987531835633101,0.075699099979829,0.8987531835633101,0.914452443934902,0.122095394445017,,,,
tdc_pgp_broccatelli,classification,3,stratified_scaffold_group,25,xgb_60_d3,boosting,753,459,0.8979264074200783,0.064571299997624,0.8979264074200783,0.9137046741846032,0.1259630402276288,,,,
tdc_pgp_broccatelli,classification,3,stratified_scaffold_group,26,xgb_80_d5,boosting,753,459,0.9005397802866157,0.0979269000235945,0.9005397802866157,0.9123467351050272,0.1238974947257503,,,,
tdc_pgp_broccatelli,classification,3,stratified_scaffold_group,27,xgb_100_d3,boosting,753,459,0.900625308853157,0.0928511999663896,0.900625308853157,0.913821777264762,0.1258745843558346,,,,
tdc_pgp_broccatelli,classification,3,stratified_scaffold_group,28,xgb_60_d6,boosting,753,459,0.8976128026760938,0.0945754999993369,0.8976128026760938,0.9119939524999384,0.1229775134496839,,,,
tdc_pgp_broccatelli,classification,3,stratified_scaffold_group,29,cat_60_d4,boosting,753,459,0.9024024024024024,0.3143454000237398,0.9024024024024024,0.9168662990647722,0.1280863955278443,,,,
tdc_pgp_broccatelli,classification,3,stratified_scaffold_group,30,cat_80_d6,boosting,753,459,0.9061276466339758,0.7981973999994807,0.9061276466339758,0.918690050611773,0.123820616086833,,,,
tdc_pgp_broccatelli,classification,3,stratified_scaffold_group,31,cat_100_d4,boosting,753,459,0.9058995704565324,0.402295799984131,0.9058995704565324,0.920098419803249,0.1265291563366627,,,,
tdc_pgp_broccatelli,classification,3,stratified_scaffold_group,32,cat_60_d8,boosting,753,459,0.9016041357813508,1.7880994000006467,0.9016041357813508,0.9123870160259744,0.1266197965184914,,,,
