dataset,task_type,seed,outer_fold,pool_size,tau,tau_status,fixed_tau_regret,crossfit_tau_success,same_fold_tau_success,validation_near_equivalent_n,crossfit_near_equivalent_n,same_fold_near_equivalent_n,validation_crossfit_set_jaccard,selected_in_crossfit_set
bace,classification,11,1,4,0.005,retrospective working threshold with sensitivity grid,0.0033670715249662963,0,1,1,1,1,1.0,1
bace,classification,11,1,4,0.01,retrospective working threshold with sensitivity grid,0.0,1,1,2,1,1,0.5,1
bace,classification,11,1,4,0.02,retrospective working threshold with sensitivity grid,0.0,1,1,4,3,3,0.75,1
bace,classification,11,1,8,0.005,retrospective working threshold with sensitivity grid,0.0,1,1,4,4,2,1.0,1
bace,classification,11,1,8,0.01,retrospective working threshold with sensitivity grid,0.0,1,1,4,4,3,1.0,1
bace,classification,11,1,8,0.02,retrospective working threshold with sensitivity grid,0.0,1,1,5,5,5,1.0,1
bace,classification,11,1,16,0.005,retrospective working threshold with sensitivity grid,0.0,1,0,2,6,2,0.3333333333333333,1
bace,classification,11,1,16,0.01,retrospective working threshold with sensitivity grid,0.0,1,1,7,10,7,0.7,1
bace,classification,11,1,16,0.02,retrospective working threshold with sensitivity grid,0.0,1,1,10,10,12,1.0,1
bace,classification,11,1,32,0.005,retrospective working threshold with sensitivity grid,0.0,1,0,2,7,6,0.2857142857142857,1
bace,classification,11,1,32,0.01,retrospective working threshold with sensitivity grid,0.0,1,1,9,19,15,0.47368421052631576,1
bace,classification,11,1,32,0.02,retrospective working threshold with sensitivity grid,0.0,1,1,19,22,26,0.8636363636363636,1
bace,classification,11,2,4,0.005,retrospective working threshold with sensitivity grid,0.0,1,1,1,1,2,1.0,1
bace,classification,11,2,4,0.01,retrospective working threshold with sensitivity grid,0.0,1,1,2,1,3,0.5,1
bace,classification,11,2,4,0.02,retrospective working threshold with sensitivity grid,0.0,1,1,3,3,3,1.0,1
bace,classification,11,2,8,0.005,retrospective working threshold with sensitivity grid,0.0,1,1,2,4,4,0.5,1
bace,classification,11,2,8,0.01,retrospective working threshold with sensitivity grid,0.0,1,1,4,4,6,1.0,1
bace,classification,11,2,8,0.02,retrospective working threshold with sensitivity grid,0.0,1,1,4,5,7,0.8,1
bace,classification,11,2,16,0.005,retrospective working threshold with sensitivity grid,0.0,1,1,4,6,7,0.42857142857142855,1
bace,classification,11,2,16,0.01,retrospective working threshold with sensitivity grid,0.0,1,1,7,10,11,0.7,1
bace,classification,11,2,16,0.02,retrospective working threshold with sensitivity grid,0.0,1,1,10,10,14,1.0,1
bace,classification,11,2,32,0.005,retrospective working threshold with sensitivity grid,0.0,1,1,4,7,12,0.375,1
bace,classification,11,2,32,0.01,retrospective working threshold with sensitivity grid,0.0,1,1,8,19,18,0.42105263157894735,1
bace,classification,11,2,32,0.02,retrospective working threshold with sensitivity grid,0.0,1,1,20,22,26,0.9090909090909091,1
bace,classification,11,3,4,0.005,retrospective working threshold with sensitivity grid,0.020802837938760258,0,1,1,1,1,1.0,1
bace,classification,11,3,4,0.01,retrospective working threshold with sensitivity grid,0.015802837938760257,0,1,1,1,3,1.0,1
bace,classification,11,3,4,0.02,retrospective working threshold with sensitivity grid,0.005802837938760259,0,1,1,3,3,0.3333333333333333,1
bace,classification,11,3,8,0.005,retrospective working threshold with sensitivity grid,0.015519044062733526,0,0,3,4,2,0.75,1
bace,classification,11,3,8,0.01,retrospective working threshold with sensitivity grid,0.010519044062733527,0,0,4,4,3,1.0,1
bace,classification,11,3,8,0.02,retrospective working threshold with sensitivity grid,0.0005190440627335265,0,1,4,5,5,0.8,1
bace,classification,11,3,16,0.005,retrospective working threshold with sensitivity grid,0.015519044062733526,0,0,3,6,2,0.2857142857142857,0
bace,classification,11,3,16,0.01,retrospective working threshold with sensitivity grid,0.010519044062733527,0,0,7,10,4,0.7,1
bace,classification,11,3,16,0.02,retrospective working threshold with sensitivity grid,0.0005190440627335265,0,0,8,10,9,0.8,1
bace,classification,11,3,32,0.005,retrospective working threshold with sensitivity grid,0.015519044062733526,0,0,3,7,4,0.25,0
bace,classification,11,3,32,0.01,retrospective working threshold with sensitivity grid,0.010519044062733527,0,0,7,19,6,0.3684210526315789,1
bace,classification,11,3,32,0.02,retrospective working threshold with sensitivity grid,0.0005190440627335265,0,0,12,22,16,0.4782608695652174,1
bace,classification,23,1,4,0.005,retrospective working threshold with sensitivity grid,0.005928961748634003,0,1,1,1,1,1.0,1
bace,classification,23,1,4,0.01,retrospective working threshold with sensitivity grid,0.0009289617486340027,0,1,1,2,2,0.5,1
bace,classification,23,1,4,0.02,retrospective working threshold with sensitivity grid,0.0,1,1,1,3,3,0.3333333333333333,1
bace,classification,23,1,8,0.005,retrospective working threshold with sensitivity grid,0.0,1,0,3,4,1,0.75,1
bace,classification,23,1,8,0.01,retrospective working threshold with sensitivity grid,0.0,1,0,4,4,3,1.0,1
bace,classification,23,1,8,0.02,retrospective working threshold with sensitivity grid,0.0,1,1,4,5,4,0.8,1
bace,classification,23,1,16,0.005,retrospective working threshold with sensitivity grid,0.0,1,0,2,6,1,0.3333333333333333,1
bace,classification,23,1,16,0.01,retrospective working threshold with sensitivity grid,0.0,1,1,7,10,6,0.7,1
bace,classification,23,1,16,0.02,retrospective working threshold with sensitivity grid,0.0,1,1,8,10,10,0.8,1
bace,classification,23,1,32,0.005,retrospective working threshold with sensitivity grid,0.0,1,0,2,8,1,0.25,1
bace,classification,23,1,32,0.01,retrospective working threshold with sensitivity grid,0.0,1,1,10,18,6,0.5555555555555556,1
bace,classification,23,1,32,0.02,retrospective working threshold with sensitivity grid,0.0,1,1,19,22,21,0.8636363636363636,1
bace,classification,23,2,4,0.005,retrospective working threshold with sensitivity grid,0.013053915781188644,0,1,2,1,1,0.5,1
bace,classification,23,2,4,0.01,retrospective working threshold with sensitivity grid,0.008053915781188645,0,1,2,2,1,1.0,1
bace,classification,23,2,4,0.02,retrospective working threshold with sensitivity grid,0.0,1,1,3,3,3,1.0,1
bace,classification,23,2,8,0.005,retrospective working threshold with sensitivity grid,0.0,1,0,3,4,1,0.75,1
bace,classification,23,2,8,0.01,retrospective working threshold with sensitivity grid,0.0,1,1,4,4,4,1.0,1
bace,classification,23,2,8,0.02,retrospective working threshold with sensitivity grid,0.0,1,1,4,5,4,0.8,1
bace,classification,23,2,16,0.005,retrospective working threshold with sensitivity grid,0.0,1,0,3,6,1,0.2857142857142857,1
bace,classification,23,2,16,0.01,retrospective working threshold with sensitivity grid,0.0,1,1,7,10,5,0.7,1
bace,classification,23,2,16,0.02,retrospective working threshold with sensitivity grid,0.0,1,1,10,10,10,1.0,1
bace,classification,23,2,32,0.005,retrospective working threshold with sensitivity grid,0.004309818968910144,0,0,4,8,1,0.5,1
bace,classification,23,2,32,0.01,retrospective working threshold with sensitivity grid,0.0,1,0,10,18,5,0.5555555555555556,1
bace,classification,23,2,32,0.02,retrospective working threshold with sensitivity grid,0.0,1,0,22,22,15,1.0,1
bace,classification,23,3,4,0.005,retrospective working threshold with sensitivity grid,0.007105343047966066,0,1,1,1,1,1.0,1
bace,classification,23,3,4,0.01,retrospective working threshold with sensitivity grid,0.002105343047966066,0,1,1,2,3,0.5,1
bace,classification,23,3,4,0.02,retrospective working threshold with sensitivity grid,0.0,1,1,3,3,3,1.0,1
bace,classification,23,3,8,0.005,retrospective working threshold with sensitivity grid,0.0,1,1,2,4,3,0.5,1
bace,classification,23,3,8,0.01,retrospective working threshold with sensitivity grid,0.0,1,1,3,4,3,0.75,1
bace,classification,23,3,8,0.02,retrospective working threshold with sensitivity grid,0.0,1,1,5,5,5,1.0,1
bace,classification,23,3,16,0.005,retrospective working threshold with sensitivity grid,0.0,1,1,2,6,8,0.3333333333333333,1
bace,classification,23,3,16,0.01,retrospective working threshold with sensitivity grid,0.0,1,1,7,10,10,0.7,1
bace,classification,23,3,16,0.02,retrospective working threshold with sensitivity grid,0.0,1,1,11,10,12,0.9090909090909091,1
bace,classification,23,3,32,0.005,retrospective working threshold with sensitivity grid,0.0,1,1,6,8,5,0.4,1
bace,classification,23,3,32,0.01,retrospective working threshold with sensitivity grid,0.0,1,1,14,18,20,0.7777777777777778,1
bace,classification,23,3,32,0.02,retrospective working threshold with sensitivity grid,0.0,1,1,20,22,28,0.8260869565217391,1
bace,classification,37,1,4,0.005,retrospective working threshold with sensitivity grid,0.014726562500000043,0,0,2,1,2,0.5,1
bace,classification,37,1,4,0.01,retrospective working threshold with sensitivity grid,0.009726562500000044,0,1,3,1,3,0.3333333333333333,1
bace,classification,37,1,4,0.02,retrospective working threshold with sensitivity grid,0.0,1,1,3,3,3,1.0,1
bace,classification,37,1,8,0.005,retrospective working threshold with sensitivity grid,0.001987847222222343,0,1,4,4,4,1.0,1
bace,classification,37,1,8,0.01,retrospective working threshold with sensitivity grid,0.0,1,1,4,4,6,1.0,1
bace,classification,37,1,8,0.02,retrospective working threshold with sensitivity grid,0.0,1,1,5,5,7,1.0,1
bace,classification,37,1,16,0.005,retrospective working threshold with sensitivity grid,0.0013910590277779232,0,0,6,6,3,0.5,0
bace,classification,37,1,16,0.01,retrospective working threshold with sensitivity grid,0.0,1,0,8,10,5,0.8,1
bace,classification,37,1,16,0.02,retrospective working threshold with sensitivity grid,0.0,1,1,12,10,13,0.8333333333333334,1
bace,classification,37,1,32,0.005,retrospective working threshold with sensitivity grid,0.0013910590277779232,0,0,8,8,8,0.6,0
bace,classification,37,1,32,0.01,retrospective working threshold with sensitivity grid,0.0,1,0,17,18,14,0.75,1
bace,classification,37,1,32,0.02,retrospective working threshold with sensitivity grid,0.0,1,1,23,22,27,0.875,1
bace,classification,37,2,4,0.005,retrospective working threshold with sensitivity grid,0.028712600084281784,0,1,1,1,1,1.0,1
bace,classification,37,2,4,0.01,retrospective working threshold with sensitivity grid,0.023712600084281783,0,1,2,1,1,0.5,1
bace,classification,37,2,4,0.02,retrospective working threshold with sensitivity grid,0.013712600084281785,0,1,3,3,3,1.0,1
bace,classification,37,2,8,0.005,retrospective working threshold with sensitivity grid,0.0,1,1,2,4,2,0.5,1
bace,classification,37,2,8,0.01,retrospective working threshold with sensitivity grid,0.0,1,1,2,4,3,0.5,1
bace,classification,37,2,8,0.02,retrospective working threshold with sensitivity grid,0.0,1,1,4,5,4,0.8,1
bace,classification,37,2,16,0.005,retrospective working threshold with sensitivity grid,0.0,1,1,4,6,5,0.6666666666666666,1
bace,classification,37,2,16,0.01,retrospective working threshold with sensitivity grid,0.0,1,1,4,10,7,0.4,1
bace,classification,37,2,16,0.02,retrospective working threshold with sensitivity grid,0.0,1,1,9,10,11,0.9,1
bace,classification,37,2,32,0.005,retrospective working threshold with sensitivity grid,0.0,1,1,4,8,6,0.5,1
bace,classification,37,2,32,0.01,retrospective working threshold with sensitivity grid,0.0,1,1,4,18,9,0.2222222222222222,1
bace,classification,37,2,32,0.02,retrospective working threshold with sensitivity grid,0.0,1,1,14,22,22,0.6363636363636364,1
bace,classification,37,3,4,0.005,retrospective working threshold with sensitivity grid,0.00033522706580702433,0,1,2,1,1,0.5,1
bace,classification,37,3,4,0.01,retrospective working threshold with sensitivity grid,0.0,1,1,2,1,2,0.5,1
bace,classification,37,3,4,0.02,retrospective working threshold with sensitivity grid,0.0,1,1,3,3,2,1.0,1
bace,classification,37,3,8,0.005,retrospective working threshold with sensitivity grid,0.0,1,1,2,4,2,0.5,1
bace,classification,37,3,8,0.01,retrospective working threshold with sensitivity grid,0.0,1,1,3,4,5,0.75,1
bace,classification,37,3,8,0.02,retrospective working threshold with sensitivity grid,0.0,1,1,4,5,6,0.8,1
bace,classification,37,3,16,0.005,retrospective working threshold with sensitivity grid,0.0,1,1,4,6,5,0.6666666666666666,1
bace,classification,37,3,16,0.01,retrospective working threshold with sensitivity grid,0.0,1,1,6,10,10,0.6,1
bace,classification,37,3,16,0.02,retrospective working threshold with sensitivity grid,0.0,1,1,7,10,12,0.7,1
bace,classification,37,3,32,0.005,retrospective working threshold with sensitivity grid,0.0,1,1,4,8,9,0.5,1
bace,classification,37,3,32,0.01,retrospective working threshold with sensitivity grid,0.0,1,1,6,18,17,0.3333333333333333,1
bace,classification,37,3,32,0.02,retrospective working threshold with sensitivity grid,0.0,1,1,9,22,25,0.4090909090909091,1
bace,classification,53,1,4,0.005,retrospective working threshold with sensitivity grid,0.00884615384615373,0,1,1,1,1,1.0,1
bace,classification,53,1,4,0.01,retrospective working threshold with sensitivity grid,0.00384615384615373,0,1,1,1,1,1.0,1
bace,classification,53,1,4,0.02,retrospective working threshold with sensitivity grid,0.0,1,1,2,3,3,0.6666666666666666,1
bace,classification,53,1,8,0.005,retrospective working threshold with sensitivity grid,0.0,1,1,4,4,4,1.0,1
bace,classification,53,1,8,0.01,retrospective working threshold with sensitivity grid,0.0,1,1,4,4,4,1.0,1
bace,classification,53,1,8,0.02,retrospective working threshold with sensitivity grid,0.0,1,1,4,5,5,0.8,1
bace,classification,53,1,16,0.005,retrospective working threshold with sensitivity grid,0.0,1,1,2,6,6,0.3333333333333333,1
bace,classification,53,1,16,0.01,retrospective working threshold with sensitivity grid,0.0,1,1,7,10,9,0.7,1
bace,classification,53,1,16,0.02,retrospective working threshold with sensitivity grid,0.0,1,1,8,10,11,0.8,1
bace,classification,53,1,32,0.005,retrospective working threshold with sensitivity grid,0.0,1,0,2,8,10,0.25,1
bace,classification,53,1,32,0.01,retrospective working threshold with sensitivity grid,0.0,1,1,7,18,18,0.3888888888888889,1
bace,classification,53,1,32,0.02,retrospective working threshold with sensitivity grid,0.0,1,1,8,22,25,0.36363636363636365,1
bace,classification,53,2,4,0.005,retrospective working threshold with sensitivity grid,0.033819875776397564,0,1,1,1,2,1.0,1
bace,classification,53,2,4,0.01,retrospective working threshold with sensitivity grid,0.02881987577639756,0,1,3,1,2,0.3333333333333333,1
bace,classification,53,2,4,0.02,retrospective working threshold with sensitivity grid,0.01881987577639756,0,1,3,3,3,1.0,1
bace,classification,53,2,8,0.005,retrospective working threshold with sensitivity grid,0.0012720740470101343,0,0,1,4,2,0.25,1
bace,classification,53,2,8,0.01,retrospective working threshold with sensitivity grid,0.0,1,1,4,4,4,1.0,1
bace,classification,53,2,8,0.02,retrospective working threshold with sensitivity grid,0.0,1,1,5,5,4,1.0,1
bace,classification,53,2,16,0.005,retrospective working threshold with sensitivity grid,0.0012720740470101343,0,0,1,6,4,0.0,0
bace,classification,53,2,16,0.01,retrospective working threshold with sensitivity grid,0.0,1,1,7,10,7,0.7,1
bace,classification,53,2,16,0.02,retrospective working threshold with sensitivity grid,0.0,1,1,11,10,9,0.9090909090909091,1
bace,classification,53,2,32,0.005,retrospective working threshold with sensitivity grid,0.0012720740470101343,0,0,1,8,4,0.0,0
bace,classification,53,2,32,0.01,retrospective working threshold with sensitivity grid,0.0,1,1,10,18,7,0.5555555555555556,1
bace,classification,53,2,32,0.02,retrospective working threshold with sensitivity grid,0.0,1,1,23,22,18,0.875,1
bace,classification,53,3,4,0.005,retrospective working threshold with sensitivity grid,0.013761726078799112,0,1,1,1,1,1.0,1
bace,classification,53,3,4,0.01,retrospective working threshold with sensitivity grid,0.008761726078799112,0,1,1,1,1,1.0,1
bace,classification,53,3,4,0.02,retrospective working threshold with sensitivity grid,0.0,1,1,3,3,2,1.0,1
bace,classification,53,3,8,0.005,retrospective working threshold with sensitivity grid,0.0,1,0,2,4,3,0.5,1
bace,classification,53,3,8,0.01,retrospective working threshold with sensitivity grid,0.0,1,1,4,4,4,1.0,1
bace,classification,53,3,8,0.02,retrospective working threshold with sensitivity grid,0.0,1,1,5,5,4,1.0,1
bace,classification,53,3,16,0.005,retrospective working threshold with sensitivity grid,0.0,1,1,4,6,8,0.6666666666666666,1
bace,classification,53,3,16,0.01,retrospective working threshold with sensitivity grid,0.0,1,1,7,10,10,0.7,1
bace,classification,53,3,16,0.02,retrospective working threshold with sensitivity grid,0.0,1,1,11,10,11,0.9090909090909091,1
bace,classification,53,3,32,0.005,retrospective working threshold with sensitivity grid,0.0,1,0,6,8,2,0.75,1
bace,classification,53,3,32,0.01,retrospective working threshold with sensitivity grid,0.0,1,1,12,18,12,0.6666666666666666,1
bace,classification,53,3,32,0.02,retrospective working threshold with sensitivity grid,0.0,1,1,23,22,21,0.9565217391304348,1
bace,classification,71,1,4,0.005,retrospective working threshold with sensitivity grid,0.04027676627555244,0,0,2,1,1,0.5,0
bace,classification,71,1,4,0.01,retrospective working threshold with sensitivity grid,0.035276766275552436,0,0,2,2,1,1.0,1
bace,classification,71,1,4,0.02,retrospective working threshold with sensitivity grid,0.025276766275552438,0,0,3,3,1,0.5,1
bace,classification,71,1,8,0.005,retrospective working threshold with sensitivity grid,0.0,1,0,2,4,2,0.5,1
bace,classification,71,1,8,0.01,retrospective working threshold with sensitivity grid,0.0,1,1,6,4,4,0.6666666666666666,1
bace,classification,71,1,8,0.02,retrospective working threshold with sensitivity grid,0.0,1,1,6,5,4,0.8333333333333334,1
bace,classification,71,1,16,0.005,retrospective working threshold with sensitivity grid,0.0,1,1,6,6,3,0.5,1
bace,classification,71,1,16,0.01,retrospective working threshold with sensitivity grid,0.0,1,1,9,10,7,0.5833333333333334,1
bace,classification,71,1,16,0.02,retrospective working threshold with sensitivity grid,0.0,1,1,11,10,10,0.75,1
bace,classification,71,1,32,0.005,retrospective working threshold with sensitivity grid,0.0,1,1,6,8,3,0.4,1
bace,classification,71,1,32,0.01,retrospective working threshold with sensitivity grid,0.0,1,1,11,19,9,0.42857142857142855,1
bace,classification,71,1,32,0.02,retrospective working threshold with sensitivity grid,0.0,1,1,20,22,23,0.75,1
bace,classification,71,2,4,0.005,retrospective working threshold with sensitivity grid,0.015370370370370371,0,1,1,1,1,1.0,1
bace,classification,71,2,4,0.01,retrospective working threshold with sensitivity grid,0.010370370370370372,0,1,2,2,2,1.0,1
bace,classification,71,2,4,0.02,retrospective working threshold with sensitivity grid,0.0003703703703703716,0,1,3,3,3,1.0,1
bace,classification,71,2,8,0.005,retrospective working threshold with sensitivity grid,0.003350168350168441,0,0,3,4,3,0.4,1
bace,classification,71,2,8,0.01,retrospective working threshold with sensitivity grid,0.0,1,1,4,4,4,0.6,1
bace,classification,71,2,8,0.02,retrospective working threshold with sensitivity grid,0.0,1,1,7,5,4,0.7142857142857143,1
bace,classification,71,2,16,0.005,retrospective working threshold with sensitivity grid,0.0,1,1,4,6,6,0.6666666666666666,1
bace,classification,71,2,16,0.01,retrospective working threshold with sensitivity grid,0.0,1,1,7,10,10,0.5454545454545454,1
bace,classification,71,2,16,0.02,retrospective working threshold with sensitivity grid,0.0,1,1,13,10,10,0.7692307692307693,1
bace,classification,71,2,32,0.005,retrospective working threshold with sensitivity grid,0.0,1,1,6,8,10,0.75,1
bace,classification,71,2,32,0.01,retrospective working threshold with sensitivity grid,0.0,1,1,13,19,16,0.6,1
bace,classification,71,2,32,0.02,retrospective working threshold with sensitivity grid,0.0,1,1,26,22,24,0.7777777777777778,1
bace,classification,71,3,4,0.005,retrospective working threshold with sensitivity grid,0.02776190476190477,0,1,2,1,1,0.5,1
bace,classification,71,3,4,0.01,retrospective working threshold with sensitivity grid,0.022761904761904768,0,1,2,2,1,1.0,1
bace,classification,71,3,4,0.02,retrospective working threshold with sensitivity grid,0.01276190476190477,0,1,4,3,2,0.75,1
bace,classification,71,3,8,0.005,retrospective working threshold with sensitivity grid,0.000553884711779422,0,1,3,4,4,0.75,1
bace,classification,71,3,8,0.01,retrospective working threshold with sensitivity grid,0.0,1,1,4,4,4,1.0,1
bace,classification,71,3,8,0.02,retrospective working threshold with sensitivity grid,0.0,1,1,5,5,4,1.0,1
bace,classification,71,3,16,0.005,retrospective working threshold with sensitivity grid,0.0,1,1,4,6,2,0.6666666666666666,1
bace,classification,71,3,16,0.01,retrospective working threshold with sensitivity grid,0.0,1,1,7,10,7,0.7,1
bace,classification,71,3,16,0.02,retrospective working threshold with sensitivity grid,0.0,1,1,11,10,8,0.9090909090909091,1
bace,classification,71,3,32,0.005,retrospective working threshold with sensitivity grid,0.0,1,1,6,8,2,0.5555555555555556,1
bace,classification,71,3,32,0.01,retrospective working threshold with sensitivity grid,0.0,1,1,12,19,7,0.55,1
bace,classification,71,3,32,0.02,retrospective working threshold with sensitivity grid,0.0,1,1,22,22,8,0.9130434782608695,1
bace,classification,83,1,4,0.005,retrospective working threshold with sensitivity grid,0.027642704517704567,0,1,1,1,1,1.0,1
bace,classification,83,1,4,0.01,retrospective working threshold with sensitivity grid,0.022642704517704566,0,1,2,1,1,0.5,1
bace,classification,83,1,4,0.02,retrospective working threshold with sensitivity grid,0.012642704517704568,0,1,3,3,3,1.0,1
bace,classification,83,1,8,0.005,retrospective working threshold with sensitivity grid,0.0,1,1,4,4,2,1.0,1
bace,classification,83,1,8,0.01,retrospective working threshold with sensitivity grid,0.0,1,1,4,4,3,1.0,1
bace,classification,83,1,8,0.02,retrospective working threshold with sensitivity grid,0.0,1,1,4,5,4,0.8,1
bace,classification,83,1,16,0.005,retrospective working threshold with sensitivity grid,0.0,1,1,8,7,3,0.875,1
bace,classification,83,1,16,0.01,retrospective working threshold with sensitivity grid,0.0,1,1,8,10,7,0.8,1
bace,classification,83,1,16,0.02,retrospective working threshold with sensitivity grid,0.0,1,1,10,10,10,1.0,1
bace,classification,83,1,32,0.005,retrospective working threshold with sensitivity grid,0.0,1,1,2,9,3,0.1,0
bace,classification,83,1,32,0.01,retrospective working threshold with sensitivity grid,0.0,1,1,11,19,10,0.5789473684210527,1
bace,classification,83,1,32,0.02,retrospective working threshold with sensitivity grid,0.0,1,1,20,22,18,0.9090909090909091,1
bace,classification,83,2,4,0.005,retrospective working threshold with sensitivity grid,0.006586114195546782,0,1,1,1,2,1.0,1
bace,classification,83,2,4,0.01,retrospective working threshold with sensitivity grid,0.0015861141955467815,0,1,1,1,3,1.0,1
bace,classification,83,2,4,0.02,retrospective working threshold with sensitivity grid,0.0,1,1,3,3,3,1.0,1
bace,classification,83,2,8,0.005,retrospective working threshold with sensitivity grid,0.0,1,1,3,4,3,0.75,1
bace,classification,83,2,8,0.01,retrospective working threshold with sensitivity grid,0.0,1,1,4,4,6,1.0,1
bace,classification,83,2,8,0.02,retrospective working threshold with sensitivity grid,0.0,1,1,4,5,7,0.8,1
bace,classification,83,2,16,0.005,retrospective working threshold with sensitivity grid,0.0,1,1,4,7,5,0.5714285714285714,1
bace,classification,83,2,16,0.01,retrospective working threshold with sensitivity grid,0.0,1,1,6,10,8,0.6,1
bace,classification,83,2,16,0.02,retrospective working threshold with sensitivity grid,0.0,1,1,8,10,13,0.8,1
bace,classification,83,2,32,0.005,retrospective working threshold with sensitivity grid,0.0,1,1,4,9,5,0.4444444444444444,1
bace,classification,83,2,32,0.01,retrospective working threshold with sensitivity grid,0.0,1,1,7,19,11,0.3,1
bace,classification,83,2,32,0.02,retrospective working threshold with sensitivity grid,0.0,1,1,20,22,27,0.9090909090909091,1
bace,classification,83,3,4,0.005,retrospective working threshold with sensitivity grid,0.02031073446327703,0,1,1,1,1,1.0,1
bace,classification,83,3,4,0.01,retrospective working threshold with sensitivity grid,0.015310734463277029,0,1,1,1,1,1.0,1
bace,classification,83,3,4,0.02,retrospective working threshold with sensitivity grid,0.005310734463277029,0,1,3,3,2,1.0,1
bace,classification,83,3,8,0.005,retrospective working threshold with sensitivity grid,0.003067796610169653,0,0,4,4,2,1.0,1
bace,classification,83,3,8,0.01,retrospective working threshold with sensitivity grid,0.0,1,1,4,4,4,1.0,1
bace,classification,83,3,8,0.02,retrospective working threshold with sensitivity grid,0.0,1,1,4,5,4,0.8,1
bace,classification,83,3,16,0.005,retrospective working threshold with sensitivity grid,0.003067796610169653,0,0,6,7,4,0.8571428571428571,1
bace,classification,83,3,16,0.01,retrospective working threshold with sensitivity grid,0.0,1,0,9,10,5,0.9,1
bace,classification,83,3,16,0.02,retrospective working threshold with sensitivity grid,0.0,1,1,10,10,10,1.0,1
bace,classification,83,3,32,0.005,retrospective working threshold with sensitivity grid,0.003067796610169653,0,0,11,9,8,0.6666666666666666,1
bace,classification,83,3,32,0.01,retrospective working threshold with sensitivity grid,0.0,1,0,17,19,13,0.8,1
bace,classification,83,3,32,0.02,retrospective working threshold with sensitivity grid,0.0,1,1,24,22,22,0.9166666666666666,1
bace,classification,97,1,4,0.005,retrospective working threshold with sensitivity grid,0.000796281897222033,0,1,1,1,1,1.0,1
bace,classification,97,1,4,0.01,retrospective working threshold with sensitivity grid,0.0,1,1,2,1,1,0.5,1
bace,classification,97,1,4,0.02,retrospective working threshold with sensitivity grid,0.0,1,1,3,3,3,1.0,1
bace,classification,97,1,8,0.005,retrospective working threshold with sensitivity grid,0.0,1,1,3,4,3,0.75,1
bace,classification,97,1,8,0.01,retrospective working threshold with sensitivity grid,0.0,1,1,4,4,3,1.0,1
bace,classification,97,1,8,0.02,retrospective working threshold with sensitivity grid,0.0,1,1,4,5,7,0.8,1
bace,classification,97,1,16,0.005,retrospective working threshold with sensitivity grid,0.0,1,1,7,6,4,0.8571428571428571,1
bace,classification,97,1,16,0.01,retrospective working threshold with sensitivity grid,0.0,1,1,8,10,7,0.8,1
bace,classification,97,1,16,0.02,retrospective working threshold with sensitivity grid,0.0,1,1,9,10,14,0.9,1
bace,classification,97,1,32,0.005,retrospective working threshold with sensitivity grid,0.0,1,0,7,8,8,0.6666666666666666,1
bace,classification,97,1,32,0.01,retrospective working threshold with sensitivity grid,0.0,1,1,12,19,16,0.55,1
bace,classification,97,1,32,0.02,retrospective working threshold with sensitivity grid,0.0,1,1,20,22,22,0.9090909090909091,1
bace,classification,97,2,4,0.005,retrospective working threshold with sensitivity grid,0.024197180771983965,0,1,1,1,2,1.0,1
bace,classification,97,2,4,0.01,retrospective working threshold with sensitivity grid,0.019197180771983964,0,1,1,1,3,1.0,1
bace,classification,97,2,4,0.02,retrospective working threshold with sensitivity grid,0.009197180771983966,0,1,1,3,3,0.3333333333333333,1
bace,classification,97,2,8,0.005,retrospective working threshold with sensitivity grid,0.0,1,0,2,4,3,0.5,1
bace,classification,97,2,8,0.01,retrospective working threshold with sensitivity grid,0.0,1,1,2,4,4,0.5,1
bace,classification,97,2,8,0.02,retrospective working threshold with sensitivity grid,0.0,1,1,4,5,4,0.8,1
bace,classification,97,2,16,0.005,retrospective working threshold with sensitivity grid,0.0,1,0,4,6,7,0.6666666666666666,1
bace,classification,97,2,16,0.01,retrospective working threshold with sensitivity grid,0.0,1,1,4,10,10,0.4,1
bace,classification,97,2,16,0.02,retrospective working threshold with sensitivity grid,0.0,1,1,7,10,11,0.7,1
bace,classification,97,2,32,0.005,retrospective working threshold with sensitivity grid,0.0,1,0,4,8,2,0.5,1
bace,classification,97,2,32,0.01,retrospective working threshold with sensitivity grid,0.0,1,0,5,19,7,0.2631578947368421,1
bace,classification,97,2,32,0.02,retrospective working threshold with sensitivity grid,0.0,1,1,12,22,19,0.5454545454545454,1
bace,classification,97,3,4,0.005,retrospective working threshold with sensitivity grid,0.024676140118968907,0,1,1,1,1,1.0,1
bace,classification,97,3,4,0.01,retrospective working threshold with sensitivity grid,0.019676140118968906,0,1,3,1,2,0.3333333333333333,1
bace,classification,97,3,4,0.02,retrospective working threshold with sensitivity grid,0.009676140118968907,0,1,3,3,3,1.0,1
bace,classification,97,3,8,0.005,retrospective working threshold with sensitivity grid,0.0,1,1,2,4,1,0.5,1
bace,classification,97,3,8,0.01,retrospective working threshold with sensitivity grid,0.0,1,1,4,4,4,1.0,1
bace,classification,97,3,8,0.02,retrospective working threshold with sensitivity grid,0.0,1,1,5,5,4,1.0,1
bace,classification,97,3,16,0.005,retrospective working threshold with sensitivity grid,0.0,1,1,4,6,5,0.6666666666666666,1
bace,classification,97,3,16,0.01,retrospective working threshold with sensitivity grid,0.0,1,1,8,10,7,0.8,1
bace,classification,97,3,16,0.02,retrospective working threshold with sensitivity grid,0.0,1,1,11,10,8,0.9090909090909091,1
bace,classification,97,3,32,0.005,retrospective working threshold with sensitivity grid,0.0,1,1,5,8,5,0.4444444444444444,1
bace,classification,97,3,32,0.01,retrospective working threshold with sensitivity grid,0.0,1,1,14,19,7,0.7368421052631579,1
bace,classification,97,3,32,0.02,retrospective working threshold with sensitivity grid,0.0,1,1,22,22,13,0.9130434782608695,1
bace,classification,113,1,4,0.005,retrospective working threshold with sensitivity grid,0.01413024135246355,0,1,1,1,2,1.0,1
bace,classification,113,1,4,0.01,retrospective working threshold with sensitivity grid,0.00913024135246355,0,1,1,1,3,1.0,1
bace,classification,113,1,4,0.02,retrospective working threshold with sensitivity grid,0.0,1,1,3,3,3,1.0,1
bace,classification,113,1,8,0.005,retrospective working threshold with sensitivity grid,0.0,1,1,3,4,2,0.75,1
bace,classification,113,1,8,0.01,retrospective working threshold with sensitivity grid,0.0,1,1,4,4,4,1.0,1
bace,classification,113,1,8,0.02,retrospective working threshold with sensitivity grid,0.0,1,1,5,5,4,1.0,1
bace,classification,113,1,16,0.005,retrospective working threshold with sensitivity grid,0.0,1,1,4,6,5,0.42857142857142855,1
bace,classification,113,1,16,0.01,retrospective working threshold with sensitivity grid,0.0,1,1,7,10,7,0.7,1
bace,classification,113,1,16,0.02,retrospective working threshold with sensitivity grid,0.0,1,1,8,10,10,0.8,1
bace,classification,113,1,32,0.005,retrospective working threshold with sensitivity grid,0.0,1,1,4,8,5,0.3333333333333333,1
bace,classification,113,1,32,0.01,retrospective working threshold with sensitivity grid,0.0,1,1,8,19,11,0.42105263157894735,1
bace,classification,113,1,32,0.02,retrospective working threshold with sensitivity grid,0.0,1,1,18,22,20,0.8181818181818182,1
bace,classification,113,2,4,0.005,retrospective working threshold with sensitivity grid,0.01958952458952468,0,1,2,1,3,0.5,1
bace,classification,113,2,4,0.01,retrospective working threshold with sensitivity grid,0.01458952458952468,0,1,3,1,3,0.3333333333333333,1
bace,classification,113,2,4,0.02,retrospective working threshold with sensitivity grid,0.00458952458952468,0,1,3,3,3,1.0,1
bace,classification,113,2,8,0.005,retrospective working threshold with sensitivity grid,0.0,1,0,2,4,1,0.5,1
bace,classification,113,2,8,0.01,retrospective working threshold with sensitivity grid,0.0,1,1,4,4,3,1.0,1
bace,classification,113,2,8,0.02,retrospective working threshold with sensitivity grid,0.0,1,1,4,5,4,0.8,1
bace,classification,113,2,16,0.005,retrospective working threshold with sensitivity grid,0.0,1,1,5,6,5,0.8333333333333334,1
bace,classification,113,2,16,0.01,retrospective working threshold with sensitivity grid,0.0,1,1,7,10,8,0.7,1
bace,classification,113,2,16,0.02,retrospective working threshold with sensitivity grid,0.0,1,1,10,10,11,1.0,1
bace,classification,113,2,32,0.005,retrospective working threshold with sensitivity grid,0.0,1,0,7,8,5,0.875,1
bace,classification,113,2,32,0.01,retrospective working threshold with sensitivity grid,0.0,1,1,12,19,14,0.631578947368421,1
bace,classification,113,2,32,0.02,retrospective working threshold with sensitivity grid,0.0,1,1,22,22,22,1.0,1
bace,classification,113,3,4,0.005,retrospective working threshold with sensitivity grid,0.01609363295880129,0,1,2,1,1,0.5,1
bace,classification,113,3,4,0.01,retrospective working threshold with sensitivity grid,0.01109363295880129,0,1,2,1,2,0.5,1
bace,classification,113,3,4,0.02,retrospective working threshold with sensitivity grid,0.001093632958801289,0,1,3,3,3,1.0,1
bace,classification,113,3,8,0.005,retrospective working threshold with sensitivity grid,0.0,1,1,3,4,4,0.75,1
bace,classification,113,3,8,0.01,retrospective working threshold with sensitivity grid,0.0,1,1,3,4,4,0.75,1
bace,classification,113,3,8,0.02,retrospective working threshold with sensitivity grid,0.0,1,1,4,5,4,0.8,1
bace,classification,113,3,16,0.005,retrospective working threshold with sensitivity grid,0.0,1,1,4,6,4,0.6666666666666666,1
bace,classification,113,3,16,0.01,retrospective working threshold with sensitivity grid,0.0,1,1,7,10,8,0.7,1
bace,classification,113,3,16,0.02,retrospective working threshold with sensitivity grid,0.0,1,1,11,10,9,0.9090909090909091,1
bace,classification,113,3,32,0.005,retrospective working threshold with sensitivity grid,0.0,1,1,10,8,4,0.38461538461538464,1
bace,classification,113,3,32,0.01,retrospective working threshold with sensitivity grid,0.0,1,1,19,19,9,0.6521739130434783,1
bace,classification,113,3,32,0.02,retrospective working threshold with sensitivity grid,0.0,1,1,27,22,13,0.8148148148148148,1
bace,classification,127,1,4,0.005,retrospective working threshold with sensitivity grid,0.0005956885678247746,0,1,1,1,1,1.0,1
bace,classification,127,1,4,0.01,retrospective working threshold with sensitivity grid,0.0,1,1,1,1,2,1.0,1
bace,classification,127,1,4,0.02,retrospective working threshold with sensitivity grid,0.0,1,1,2,3,3,0.6666666666666666,1
bace,classification,127,1,8,0.005,retrospective working threshold with sensitivity grid,0.0,1,1,3,4,3,0.75,1
bace,classification,127,1,8,0.01,retrospective working threshold with sensitivity grid,0.0,1,1,4,4,4,1.0,1
bace,classification,127,1,8,0.02,retrospective working threshold with sensitivity grid,0.0,1,1,5,5,5,1.0,1
bace,classification,127,1,16,0.005,retrospective working threshold with sensitivity grid,0.0,1,1,6,6,6,0.3333333333333333,0
bace,classification,127,1,16,0.01,retrospective working threshold with sensitivity grid,0.0,1,1,9,10,9,0.9,1
bace,classification,127,1,16,0.02,retrospective working threshold with sensitivity grid,0.0,1,1,11,10,11,0.9090909090909091,1
bace,classification,127,1,32,0.005,retrospective working threshold with sensitivity grid,0.0,1,0,7,8,10,0.15384615384615385,0
bace,classification,127,1,32,0.01,retrospective working threshold with sensitivity grid,0.0,1,1,19,19,17,0.9,1
bace,classification,127,1,32,0.02,retrospective working threshold with sensitivity grid,0.0,1,1,24,22,26,0.9166666666666666,1
bace,classification,127,2,4,0.005,retrospective working threshold with sensitivity grid,0.023325465148569816,0,1,1,1,2,1.0,1
bace,classification,127,2,4,0.01,retrospective working threshold with sensitivity grid,0.018325465148569815,0,1,1,1,2,1.0,1
bace,classification,127,2,4,0.02,retrospective working threshold with sensitivity grid,0.008325465148569817,0,1,3,3,4,1.0,1
bace,classification,127,2,8,0.005,retrospective working threshold with sensitivity grid,0.0,1,1,2,4,2,0.5,1
bace,classification,127,2,8,0.01,retrospective working threshold with sensitivity grid,0.0,1,1,3,4,4,0.75,1
bace,classification,127,2,8,0.02,retrospective working threshold with sensitivity grid,0.0,1,1,4,5,4,0.8,1
bace,classification,127,2,16,0.005,retrospective working threshold with sensitivity grid,0.0,1,1,2,6,4,0.3333333333333333,1
bace,classification,127,2,16,0.01,retrospective working threshold with sensitivity grid,0.0,1,1,5,10,7,0.5,1
bace,classification,127,2,16,0.02,retrospective working threshold with sensitivity grid,0.0,1,1,7,10,10,0.7,1
bace,classification,127,2,32,0.005,retrospective working threshold with sensitivity grid,0.0,1,1,2,8,4,0.25,1
bace,classification,127,2,32,0.01,retrospective working threshold with sensitivity grid,0.0,1,1,9,19,7,0.4,1
bace,classification,127,2,32,0.02,retrospective working threshold with sensitivity grid,0.0,1,1,20,22,17,0.8260869565217391,1
bace,classification,127,3,4,0.005,retrospective working threshold with sensitivity grid,0.026311749506003904,0,1,1,1,1,1.0,1
bace,classification,127,3,4,0.01,retrospective working threshold with sensitivity grid,0.021311749506003903,0,1,2,1,1,0.5,1
bace,classification,127,3,4,0.02,retrospective working threshold with sensitivity grid,0.011311749506003905,0,1,3,3,3,1.0,1
bace,classification,127,3,8,0.005,retrospective working threshold with sensitivity grid,0.006931904544763672,0,0,3,4,3,0.75,1
bace,classification,127,3,8,0.01,retrospective working threshold with sensitivity grid,0.0019319045447636716,0,1,4,4,4,1.0,1
bace,classification,127,3,8,0.02,retrospective working threshold with sensitivity grid,0.0,1,1,5,5,4,1.0,1
bace,classification,127,3,16,0.005,retrospective working threshold with sensitivity grid,0.006931904544763672,0,0,4,6,2,0.42857142857142855,1
bace,classification,127,3,16,0.01,retrospective working threshold with sensitivity grid,0.0019319045447636716,0,0,7,10,4,0.7,1
bace,classification,127,3,16,0.02,retrospective working threshold with sensitivity grid,0.0,1,1,11,10,10,0.9090909090909091,1
bace,classification,127,3,32,0.005,retrospective working threshold with sensitivity grid,0.000319957440340528,0,0,7,8,2,0.5,1
bace,classification,127,3,32,0.01,retrospective working threshold with sensitivity grid,0.0,1,1,13,19,8,0.6842105263157895,1
bace,classification,127,3,32,0.02,retrospective working threshold with sensitivity grid,0.0,1,1,22,22,18,0.9130434782608695,1
bace,classification,149,1,4,0.005,retrospective working threshold with sensitivity grid,0.024094433472313662,0,1,1,1,1,1.0,1
bace,classification,149,1,4,0.01,retrospective working threshold with sensitivity grid,0.01909443347231366,0,1,2,2,1,1.0,1
bace,classification,149,1,4,0.02,retrospective working threshold with sensitivity grid,0.009094433472313663,0,1,3,3,1,1.0,1
bace,classification,149,1,8,0.005,retrospective working threshold with sensitivity grid,0.0,1,0,3,4,1,0.75,1
bace,classification,149,1,8,0.01,retrospective working threshold with sensitivity grid,0.0,1,1,5,4,3,0.8,1
bace,classification,149,1,8,0.02,retrospective working threshold with sensitivity grid,0.0,1,1,6,5,4,0.8333333333333334,1
bace,classification,149,1,16,0.005,retrospective working threshold with sensitivity grid,0.0,1,0,6,6,1,1.0,1
bace,classification,149,1,16,0.01,retrospective working threshold with sensitivity grid,0.0,1,0,10,10,5,0.8181818181818182,1
bace,classification,149,1,16,0.02,retrospective working threshold with sensitivity grid,0.0,1,1,13,10,9,0.7692307692307693,1
bace,classification,149,1,32,0.005,retrospective working threshold with sensitivity grid,0.0,1,0,5,8,2,0.3,0
bace,classification,149,1,32,0.01,retrospective working threshold with sensitivity grid,0.0,1,0,13,18,7,0.7222222222222222,1
bace,classification,149,1,32,0.02,retrospective working threshold with sensitivity grid,0.0,1,1,24,22,18,0.9166666666666666,1
bace,classification,149,2,4,0.005,retrospective working threshold with sensitivity grid,0.012070333157059746,0,1,1,1,1,1.0,1
bace,classification,149,2,4,0.01,retrospective working threshold with sensitivity grid,0.007070333157059747,0,1,1,2,1,0.5,1
bace,classification,149,2,4,0.02,retrospective working threshold with sensitivity grid,0.0,1,1,2,3,2,0.6666666666666666,1
bace,classification,149,2,8,0.005,retrospective working threshold with sensitivity grid,0.0014833421470121832,0,0,2,4,2,0.5,1
bace,classification,149,2,8,0.01,retrospective working threshold with sensitivity grid,0.0,1,1,3,4,4,0.75,1
bace,classification,149,2,8,0.02,retrospective working threshold with sensitivity grid,0.0,1,1,4,5,5,0.8,1
bace,classification,149,2,16,0.005,retrospective working threshold with sensitivity grid,0.0,1,1,4,6,3,0.6666666666666666,1
bace,classification,149,2,16,0.01,retrospective working threshold with sensitivity grid,0.0,1,1,4,10,5,0.4,1
bace,classification,149,2,16,0.02,retrospective working threshold with sensitivity grid,0.0,1,1,8,10,10,0.8,1
bace,classification,149,2,32,0.005,retrospective working threshold with sensitivity grid,0.0,1,1,4,8,3,0.5,1
bace,classification,149,2,32,0.01,retrospective working threshold with sensitivity grid,0.0,1,1,4,18,8,0.2222222222222222,1
bace,classification,149,2,32,0.02,retrospective working threshold with sensitivity grid,0.0,1,1,14,22,22,0.6363636363636364,1
bace,classification,149,3,4,0.005,retrospective working threshold with sensitivity grid,0.015141101502048174,0,1,1,1,1,1.0,1
bace,classification,149,3,4,0.01,retrospective working threshold with sensitivity grid,0.010141101502048175,0,1,1,2,1,0.5,1
bace,classification,149,3,4,0.02,retrospective working threshold with sensitivity grid,0.00014110150204817498,0,1,2,3,3,0.6666666666666666,1
bace,classification,149,3,8,0.005,retrospective working threshold with sensitivity grid,0.009360491579426315,0,0,4,4,2,1.0,1
bace,classification,149,3,8,0.01,retrospective working threshold with sensitivity grid,0.004360491579426315,0,0,4,4,3,1.0,1
bace,classification,149,3,8,0.02,retrospective working threshold with sensitivity grid,0.0,1,1,4,5,5,0.8,1
bace,classification,149,3,16,0.005,retrospective working threshold with sensitivity grid,0.0,1,1,8,6,4,0.75,1
bace,classification,149,3,16,0.01,retrospective working threshold with sensitivity grid,0.0,1,1,8,10,6,0.8,1
bace,classification,149,3,16,0.02,retrospective working threshold with sensitivity grid,0.0,1,1,10,10,10,1.0,1
bace,classification,149,3,32,0.005,retrospective working threshold with sensitivity grid,0.0,1,1,8,8,8,0.6,1
bace,classification,149,3,32,0.01,retrospective working threshold with sensitivity grid,0.0,1,1,11,18,12,0.6111111111111112,1
bace,classification,149,3,32,0.02,retrospective working threshold with sensitivity grid,0.0,1,1,20,22,20,0.9090909090909091,1
bbbp,classification,11,1,4,0.005,retrospective working threshold with sensitivity grid,0.001770628576420634,0,1,1,1,1,1.0,1
bbbp,classification,11,1,4,0.01,retrospective working threshold with sensitivity grid,0.0,1,1,2,1,1,0.5,1
bbbp,classification,11,1,4,0.02,retrospective working threshold with sensitivity grid,0.0,1,1,3,1,1,0.3333333333333333,1
bbbp,classification,11,1,8,0.005,retrospective working threshold with sensitivity grid,0.0,1,0,1,3,2,0.3333333333333333,1
bbbp,classification,11,1,8,0.01,retrospective working threshold with sensitivity grid,0.0,1,1,2,4,3,0.5,1
bbbp,classification,11,1,8,0.02,retrospective working threshold with sensitivity grid,0.0,1,1,4,4,4,1.0,1
bbbp,classification,11,1,16,0.005,retrospective working threshold with sensitivity grid,0.0,1,0,4,2,3,0.5,1
bbbp,classification,11,1,16,0.01,retrospective working threshold with sensitivity grid,0.0,1,1,4,6,6,0.6666666666666666,1
bbbp,classification,11,1,16,0.02,retrospective working threshold with sensitivity grid,0.0,1,1,7,9,9,0.7777777777777778,1
bbbp,classification,11,1,32,0.005,retrospective working threshold with sensitivity grid,0.0,1,0,4,2,3,0.5,1
bbbp,classification,11,1,32,0.01,retrospective working threshold with sensitivity grid,0.0,1,1,4,6,7,0.6666666666666666,1
bbbp,classification,11,1,32,0.02,retrospective working threshold with sensitivity grid,0.0,1,1,12,16,17,0.6470588235294118,1
bbbp,classification,11,2,4,0.005,retrospective working threshold with sensitivity grid,0.04227820146847872,0,1,1,1,1,1.0,1
bbbp,classification,11,2,4,0.01,retrospective working threshold with sensitivity grid,0.03727820146847872,0,1,1,1,1,1.0,1
bbbp,classification,11,2,4,0.02,retrospective working threshold with sensitivity grid,0.02727820146847872,0,1,1,1,2,1.0,1
bbbp,classification,11,2,8,0.005,retrospective working threshold with sensitivity grid,0.019327893996847093,0,0,4,3,1,0.75,0
bbbp,classification,11,2,8,0.01,retrospective working threshold with sensitivity grid,0.014327893996847094,0,0,4,4,3,1.0,1
bbbp,classification,11,2,8,0.02,retrospective working threshold with sensitivity grid,0.004327893996847094,0,1,5,4,4,0.8,1
bbbp,classification,11,2,16,0.005,retrospective working threshold with sensitivity grid,0.0,1,1,2,2,2,0.3333333333333333,1
bbbp,classification,11,2,16,0.01,retrospective working threshold with sensitivity grid,0.0,1,1,7,6,4,0.625,1
bbbp,classification,11,2,16,0.02,retrospective working threshold with sensitivity grid,0.0,1,1,10,9,6,0.7272727272727273,1
bbbp,classification,11,2,32,0.005,retrospective working threshold with sensitivity grid,0.0,1,1,2,2,2,0.3333333333333333,1
bbbp,classification,11,2,32,0.01,retrospective working threshold with sensitivity grid,0.0,1,1,10,6,4,0.45454545454545453,1
bbbp,classification,11,2,32,0.02,retrospective working threshold with sensitivity grid,0.0,1,1,20,16,6,0.7142857142857143,1
bbbp,classification,11,3,4,0.005,retrospective working threshold with sensitivity grid,0.009642867697035932,0,1,1,1,1,1.0,1
bbbp,classification,11,3,4,0.01,retrospective working threshold with sensitivity grid,0.004642867697035933,0,1,1,1,1,1.0,1
bbbp,classification,11,3,4,0.02,retrospective working threshold with sensitivity grid,0.0,1,1,1,1,3,1.0,1
bbbp,classification,11,3,8,0.005,retrospective working threshold with sensitivity grid,0.0,1,1,2,3,3,0.6666666666666666,1
bbbp,classification,11,3,8,0.01,retrospective working threshold with sensitivity grid,0.0,1,1,4,4,3,1.0,1
bbbp,classification,11,3,8,0.02,retrospective working threshold with sensitivity grid,0.0,1,1,4,4,5,1.0,1
bbbp,classification,11,3,16,0.005,retrospective working threshold with sensitivity grid,0.0,1,1,1,2,7,0.5,1
bbbp,classification,11,3,16,0.01,retrospective working threshold with sensitivity grid,0.0,1,1,1,6,7,0.16666666666666666,1
bbbp,classification,11,3,16,0.02,retrospective working threshold with sensitivity grid,0.0,1,1,6,9,11,0.6666666666666666,1
bbbp,classification,11,3,32,0.005,retrospective working threshold with sensitivity grid,0.0,1,1,1,2,8,0.5,1
bbbp,classification,11,3,32,0.01,retrospective working threshold with sensitivity grid,0.0,1,1,1,6,13,0.16666666666666666,1
bbbp,classification,11,3,32,0.02,retrospective working threshold with sensitivity grid,0.0,1,1,6,16,23,0.375,1
bbbp,classification,23,1,4,0.005,retrospective working threshold with sensitivity grid,0.020662322173949813,0,1,1,1,1,1.0,1
bbbp,classification,23,1,4,0.01,retrospective working threshold with sensitivity grid,0.015662322173949812,0,1,1,1,1,1.0,1
bbbp,classification,23,1,4,0.02,retrospective working threshold with sensitivity grid,0.005662322173949814,0,1,2,1,2,0.5,1
bbbp,classification,23,1,8,0.005,retrospective working threshold with sensitivity grid,0.00791634721867263,0,1,3,3,2,0.5,1
bbbp,classification,23,1,8,0.01,retrospective working threshold with sensitivity grid,0.00291634721867263,0,1,4,4,4,1.0,1
bbbp,classification,23,1,8,0.02,retrospective working threshold with sensitivity grid,0.0,1,1,4,4,5,1.0,1
bbbp,classification,23,1,16,0.005,retrospective working threshold with sensitivity grid,0.0,1,1,5,2,2,0.4,1
bbbp,classification,23,1,16,0.01,retrospective working threshold with sensitivity grid,0.0,1,1,8,6,4,0.75,1
bbbp,classification,23,1,16,0.02,retrospective working threshold with sensitivity grid,0.0,1,1,8,9,11,0.8888888888888888,1
bbbp,classification,23,1,32,0.005,retrospective working threshold with sensitivity grid,0.0,1,1,5,2,2,0.4,1
bbbp,classification,23,1,32,0.01,retrospective working threshold with sensitivity grid,0.0,1,1,8,6,6,0.75,1
bbbp,classification,23,1,32,0.02,retrospective working threshold with sensitivity grid,0.0,1,1,14,16,19,0.5789473684210527,1
bbbp,classification,23,2,4,0.005,retrospective working threshold with sensitivity grid,0.04225161669606126,0,1,1,1,1,1.0,1
bbbp,classification,23,2,4,0.01,retrospective working threshold with sensitivity grid,0.03725161669606126,0,1,1,1,1,1.0,1
bbbp,classification,23,2,4,0.02,retrospective working threshold with sensitivity grid,0.02725161669606126,0,1,2,1,3,0.5,1
bbbp,classification,23,2,8,0.005,retrospective working threshold with sensitivity grid,0.0035390946502056363,0,0,2,3,1,0.6666666666666666,1
bbbp,classification,23,2,8,0.01,retrospective working threshold with sensitivity grid,0.0,1,0,3,4,1,0.75,1
bbbp,classification,23,2,8,0.02,retrospective working threshold with sensitivity grid,0.0,1,1,4,4,4,1.0,1
bbbp,classification,23,2,16,0.005,retrospective working threshold with sensitivity grid,0.0,1,0,2,2,1,0.3333333333333333,1
bbbp,classification,23,2,16,0.01,retrospective working threshold with sensitivity grid,0.0,1,1,5,6,2,0.8333333333333334,1
bbbp,classification,23,2,16,0.02,retrospective working threshold with sensitivity grid,0.0,1,1,7,9,7,0.7777777777777778,1
bbbp,classification,23,2,32,0.005,retrospective working threshold with sensitivity grid,0.0,1,0,2,2,1,0.3333333333333333,1
bbbp,classification,23,2,32,0.01,retrospective working threshold with sensitivity grid,0.0,1,1,5,6,2,0.8333333333333334,1
bbbp,classification,23,2,32,0.02,retrospective working threshold with sensitivity grid,0.0,1,1,8,16,7,0.5,1
bbbp,classification,23,3,4,0.005,retrospective working threshold with sensitivity grid,0.009255579749591906,0,1,1,1,1,1.0,1
bbbp,classification,23,3,4,0.01,retrospective working threshold with sensitivity grid,0.0042555797495919066,0,1,1,1,1,1.0,1
bbbp,classification,23,3,4,0.02,retrospective working threshold with sensitivity grid,0.0,1,1,1,1,1,1.0,1
bbbp,classification,23,3,8,0.005,retrospective working threshold with sensitivity grid,0.0015323897659228524,0,0,2,3,1,0.6666666666666666,1
bbbp,classification,23,3,8,0.01,retrospective working threshold with sensitivity grid,0.0,1,1,3,4,3,0.75,1
bbbp,classification,23,3,8,0.02,retrospective working threshold with sensitivity grid,0.0,1,1,4,4,5,1.0,1
bbbp,classification,23,3,16,0.005,retrospective working threshold with sensitivity grid,0.0,1,1,5,2,2,0.4,1
bbbp,classification,23,3,16,0.01,retrospective working threshold with sensitivity grid,0.0,1,1,5,6,4,0.8333333333333334,1
bbbp,classification,23,3,16,0.02,retrospective working threshold with sensitivity grid,0.0,1,1,8,9,8,0.8888888888888888,1
bbbp,classification,23,3,32,0.005,retrospective working threshold with sensitivity grid,0.0,1,1,5,2,2,0.4,1
bbbp,classification,23,3,32,0.01,retrospective working threshold with sensitivity grid,0.0,1,1,5,6,4,0.8333333333333334,1
bbbp,classification,23,3,32,0.02,retrospective working threshold with sensitivity grid,0.0,1,1,11,16,16,0.6875,1
bbbp,classification,37,1,4,0.005,retrospective working threshold with sensitivity grid,0.035772693173293464,0,1,1,1,1,1.0,1
bbbp,classification,37,1,4,0.01,retrospective working threshold with sensitivity grid,0.03077269317329346,0,1,1,1,1,1.0,1
bbbp,classification,37,1,4,0.02,retrospective working threshold with sensitivity grid,0.02077269317329346,0,1,2,1,2,0.5,1
bbbp,classification,37,1,8,0.005,retrospective working threshold with sensitivity grid,0.0034958739684920513,0,0,2,2,1,1.0,1
bbbp,classification,37,1,8,0.01,retrospective working threshold with sensitivity grid,0.0,1,0,4,4,1,1.0,1
bbbp,classification,37,1,8,0.02,retrospective working threshold with sensitivity grid,0.0,1,1,4,4,3,1.0,1
bbbp,classification,37,1,16,0.005,retrospective working threshold with sensitivity grid,0.0,1,1,5,2,2,0.4,1
bbbp,classification,37,1,16,0.01,retrospective working threshold with sensitivity grid,0.0,1,1,8,6,3,0.75,1
bbbp,classification,37,1,16,0.02,retrospective working threshold with sensitivity grid,0.0,1,1,8,10,7,0.8,1
bbbp,classification,37,1,32,0.005,retrospective working threshold with sensitivity grid,0.0,1,1,5,2,2,0.4,1
bbbp,classification,37,1,32,0.01,retrospective working threshold with sensitivity grid,0.0,1,1,8,6,3,0.75,1
bbbp,classification,37,1,32,0.02,retrospective working threshold with sensitivity grid,0.0,1,1,20,17,11,0.6818181818181818,1
bbbp,classification,37,2,4,0.005,retrospective working threshold with sensitivity grid,0.036428780559215286,0,1,1,1,1,1.0,1
bbbp,classification,37,2,4,0.01,retrospective working threshold with sensitivity grid,0.03142878055921528,0,1,1,1,2,1.0,1
bbbp,classification,37,2,4,0.02,retrospective working threshold with sensitivity grid,0.021428780559215283,0,1,2,1,2,0.5,1
bbbp,classification,37,2,8,0.005,retrospective working threshold with sensitivity grid,0.006831566179392183,0,0,4,2,1,0.5,1
bbbp,classification,37,2,8,0.01,retrospective working threshold with sensitivity grid,0.0018315661793921831,0,1,4,4,3,1.0,1
bbbp,classification,37,2,8,0.02,retrospective working threshold with sensitivity grid,0.0,1,1,5,4,4,0.8,1
bbbp,classification,37,2,16,0.005,retrospective working threshold with sensitivity grid,0.0,1,1,3,2,5,0.25,1
bbbp,classification,37,2,16,0.01,retrospective working threshold with sensitivity grid,0.0,1,1,8,6,5,0.75,1
bbbp,classification,37,2,16,0.02,retrospective working threshold with sensitivity grid,0.0,1,1,8,10,7,0.8,1
bbbp,classification,37,2,32,0.005,retrospective working threshold with sensitivity grid,0.0,1,1,3,2,5,0.25,1
bbbp,classification,37,2,32,0.01,retrospective working threshold with sensitivity grid,0.0,1,1,9,6,5,0.6666666666666666,1
bbbp,classification,37,2,32,0.02,retrospective working threshold with sensitivity grid,0.0,1,1,11,17,13,0.6470588235294118,1
bbbp,classification,37,3,4,0.005,retrospective working threshold with sensitivity grid,0.011637174949992283,0,1,1,1,1,1.0,1
bbbp,classification,37,3,4,0.01,retrospective working threshold with sensitivity grid,0.006637174949992284,0,1,2,1,1,0.5,1
bbbp,classification,37,3,4,0.02,retrospective working threshold with sensitivity grid,0.0,1,1,3,1,1,0.3333333333333333,1
bbbp,classification,37,3,8,0.005,retrospective working threshold with sensitivity grid,0.0,1,1,4,2,1,0.5,0
bbbp,classification,37,3,8,0.01,retrospective working threshold with sensitivity grid,0.0,1,1,4,4,2,1.0,1
bbbp,classification,37,3,8,0.02,retrospective working threshold with sensitivity grid,0.0,1,1,4,4,5,1.0,1
bbbp,classification,37,3,16,0.005,retrospective working threshold with sensitivity grid,0.0,1,0,2,2,2,1.0,1
bbbp,classification,37,3,16,0.01,retrospective working threshold with sensitivity grid,0.0,1,1,6,6,5,0.7142857142857143,1
bbbp,classification,37,3,16,0.02,retrospective working threshold with sensitivity grid,0.0,1,1,8,10,7,0.8,1
bbbp,classification,37,3,32,0.005,retrospective working threshold with sensitivity grid,0.0,1,0,2,2,2,1.0,1
bbbp,classification,37,3,32,0.01,retrospective working threshold with sensitivity grid,0.0,1,1,6,6,5,0.7142857142857143,1
bbbp,classification,37,3,32,0.02,retrospective working threshold with sensitivity grid,0.0,1,1,12,17,7,0.7058823529411765,1
bbbp,classification,53,1,4,0.005,retrospective working threshold with sensitivity grid,0.0,1,1,1,1,1,1.0,1
bbbp,classification,53,1,4,0.01,retrospective working threshold with sensitivity grid,0.0,1,1,1,1,1,1.0,1
bbbp,classification,53,1,4,0.02,retrospective working threshold with sensitivity grid,0.0,1,1,2,1,1,0.5,1
bbbp,classification,53,1,8,0.005,retrospective working threshold with sensitivity grid,0.008181584362139897,0,0,1,2,2,0.5,1
bbbp,classification,53,1,8,0.01,retrospective working threshold with sensitivity grid,0.0031815843621398974,0,0,4,4,2,1.0,1
bbbp,classification,53,1,8,0.02,retrospective working threshold with sensitivity grid,0.0,1,1,4,4,5,1.0,1
bbbp,classification,53,1,16,0.005,retrospective working threshold with sensitivity grid,0.0,1,0,5,2,1,0.4,1
bbbp,classification,53,1,16,0.01,retrospective working threshold with sensitivity grid,0.0,1,1,6,6,6,0.7142857142857143,1
bbbp,classification,53,1,16,0.02,retrospective working threshold with sensitivity grid,0.0,1,1,9,9,7,1.0,1
bbbp,classification,53,1,32,0.005,retrospective working threshold with sensitivity grid,0.0,1,0,5,2,1,0.4,1
bbbp,classification,53,1,32,0.01,retrospective working threshold with sensitivity grid,0.0,1,1,8,6,6,0.5555555555555556,1
bbbp,classification,53,1,32,0.02,retrospective working threshold with sensitivity grid,0.0,1,1,15,17,10,0.7777777777777778,1
bbbp,classification,53,2,4,0.005,retrospective working threshold with sensitivity grid,0.029547006115773104,0,1,1,1,1,1.0,1
bbbp,classification,53,2,4,0.01,retrospective working threshold with sensitivity grid,0.024547006115773103,0,1,1,1,1,1.0,1
bbbp,classification,53,2,4,0.02,retrospective working threshold with sensitivity grid,0.014547006115773104,0,1,1,1,2,1.0,1
bbbp,classification,53,2,8,0.005,retrospective working threshold with sensitivity grid,0.004401223154600902,0,0,3,2,2,0.6666666666666666,0
bbbp,classification,53,2,8,0.01,retrospective working threshold with sensitivity grid,0.0,1,1,4,4,4,1.0,1
bbbp,classification,53,2,8,0.02,retrospective working threshold with sensitivity grid,0.0,1,1,4,4,4,1.0,1
bbbp,classification,53,2,16,0.005,retrospective working threshold with sensitivity grid,0.0,1,1,6,2,6,0.3333333333333333,0
bbbp,classification,53,2,16,0.01,retrospective working threshold with sensitivity grid,0.0,1,1,9,6,7,0.6666666666666666,1
bbbp,classification,53,2,16,0.02,retrospective working threshold with sensitivity grid,0.0,1,1,10,9,8,0.9,1
bbbp,classification,53,2,32,0.005,retrospective working threshold with sensitivity grid,0.0,1,1,6,2,6,0.3333333333333333,0
bbbp,classification,53,2,32,0.01,retrospective working threshold with sensitivity grid,0.0,1,1,13,6,7,0.46153846153846156,1
bbbp,classification,53,2,32,0.02,retrospective working threshold with sensitivity grid,0.0,1,1,23,17,14,0.7391304347826086,1
bbbp,classification,53,3,4,0.005,retrospective working threshold with sensitivity grid,0.013027794308117738,0,1,1,1,1,1.0,1
bbbp,classification,53,3,4,0.01,retrospective working threshold with sensitivity grid,0.00802779430811774,0,1,1,1,2,1.0,1
bbbp,classification,53,3,4,0.02,retrospective working threshold with sensitivity grid,0.0,1,1,1,1,3,1.0,1
bbbp,classification,53,3,8,0.005,retrospective working threshold with sensitivity grid,0.0008459061154478852,0,1,2,2,1,1.0,1
bbbp,classification,53,3,8,0.01,retrospective working threshold with sensitivity grid,0.0,1,1,3,4,2,0.75,1
bbbp,classification,53,3,8,0.02,retrospective working threshold with sensitivity grid,0.0,1,1,4,4,5,1.0,1
bbbp,classification,53,3,16,0.005,retrospective working threshold with sensitivity grid,0.0,1,1,2,2,2,0.3333333333333333,1
bbbp,classification,53,3,16,0.01,retrospective working threshold with sensitivity grid,0.0,1,1,4,6,4,0.6666666666666666,1
bbbp,classification,53,3,16,0.02,retrospective working threshold with sensitivity grid,0.0,1,1,8,9,8,0.8888888888888888,1
bbbp,classification,53,3,32,0.005,retrospective working threshold with sensitivity grid,0.0,1,1,3,2,2,0.25,1
bbbp,classification,53,3,32,0.01,retrospective working threshold with sensitivity grid,0.0,1,1,5,6,4,0.5714285714285714,1
bbbp,classification,53,3,32,0.02,retrospective working threshold with sensitivity grid,0.0,1,1,14,17,9,0.7222222222222222,1
bbbp,classification,71,1,4,0.005,retrospective working threshold with sensitivity grid,0.05278090381572021,0,1,1,1,1,1.0,1
bbbp,classification,71,1,4,0.01,retrospective working threshold with sensitivity grid,0.047780903815720206,0,1,1,1,1,1.0,1
bbbp,classification,71,1,4,0.02,retrospective working threshold with sensitivity grid,0.037780903815720204,0,1,3,1,2,0.3333333333333333,1
bbbp,classification,71,1,8,0.005,retrospective working threshold with sensitivity grid,0.003545806224723229,0,1,2,3,2,0.25,1
bbbp,classification,71,1,8,0.01,retrospective working threshold with sensitivity grid,0.0,1,1,4,4,3,0.6,1
bbbp,classification,71,1,8,0.02,retrospective working threshold with sensitivity grid,0.0,1,1,5,4,4,0.8,1
bbbp,classification,71,1,16,0.005,retrospective working threshold with sensitivity grid,0.0,1,1,2,2,2,1.0,1
bbbp,classification,71,1,16,0.01,retrospective working threshold with sensitivity grid,0.0,1,1,5,6,4,0.8333333333333334,1
bbbp,classification,71,1,16,0.02,retrospective working threshold with sensitivity grid,0.0,1,1,11,9,6,0.8181818181818182,1
bbbp,classification,71,1,32,0.005,retrospective working threshold with sensitivity grid,0.0,1,1,4,2,2,0.5,1
bbbp,classification,71,1,32,0.01,retrospective working threshold with sensitivity grid,0.0,1,1,12,6,4,0.38461538461538464,1
bbbp,classification,71,1,32,0.02,retrospective working threshold with sensitivity grid,0.0,1,1,21,16,8,0.7619047619047619,1
bbbp,classification,71,2,4,0.005,retrospective working threshold with sensitivity grid,0.018728300641007948,0,1,1,1,1,1.0,1
bbbp,classification,71,2,4,0.01,retrospective working threshold with sensitivity grid,0.013728300641007949,0,1,1,1,1,1.0,1
bbbp,classification,71,2,4,0.02,retrospective working threshold with sensitivity grid,0.0037283006410079485,0,1,1,1,2,1.0,1
bbbp,classification,71,2,8,0.005,retrospective working threshold with sensitivity grid,0.0,1,1,3,3,2,0.5,1
bbbp,classification,71,2,8,0.01,retrospective working threshold with sensitivity grid,0.0,1,1,3,4,3,0.75,1
bbbp,classification,71,2,8,0.02,retrospective working threshold with sensitivity grid,0.0,1,1,5,4,4,0.8,1
bbbp,classification,71,2,16,0.005,retrospective working threshold with sensitivity grid,0.0,1,0,4,2,3,0.5,1
bbbp,classification,71,2,16,0.01,retrospective working threshold with sensitivity grid,0.0,1,1,7,6,6,0.8571428571428571,1
bbbp,classification,71,2,16,0.02,retrospective working threshold with sensitivity grid,0.0,1,1,10,9,11,0.9,1
bbbp,classification,71,2,32,0.005,retrospective working threshold with sensitivity grid,0.0,1,0,4,2,6,0.5,1
bbbp,classification,71,2,32,0.01,retrospective working threshold with sensitivity grid,0.0,1,1,7,6,13,0.8571428571428571,1
bbbp,classification,71,2,32,0.02,retrospective working threshold with sensitivity grid,0.0,1,1,15,16,24,0.7222222222222222,1
bbbp,classification,71,3,4,0.005,retrospective working threshold with sensitivity grid,0.020441949354992998,0,1,1,1,1,1.0,1
bbbp,classification,71,3,4,0.01,retrospective working threshold with sensitivity grid,0.015441949354992998,0,1,1,1,1,1.0,1
bbbp,classification,71,3,4,0.02,retrospective working threshold with sensitivity grid,0.005441949354992998,0,1,1,1,2,1.0,1
bbbp,classification,71,3,8,0.005,retrospective working threshold with sensitivity grid,0.011364070711896938,0,1,1,3,2,0.3333333333333333,1
bbbp,classification,71,3,8,0.01,retrospective working threshold with sensitivity grid,0.006364070711896938,0,1,2,4,5,0.5,1
bbbp,classification,71,3,8,0.02,retrospective working threshold with sensitivity grid,0.0,1,1,4,4,5,0.6,1
bbbp,classification,71,3,16,0.005,retrospective working threshold with sensitivity grid,0.0,1,1,3,2,3,0.6666666666666666,1
bbbp,classification,71,3,16,0.01,retrospective working threshold with sensitivity grid,0.0,1,1,5,6,3,0.8333333333333334,1
bbbp,classification,71,3,16,0.02,retrospective working threshold with sensitivity grid,0.0,1,1,7,9,7,0.6,1
bbbp,classification,71,3,32,0.005,retrospective working threshold with sensitivity grid,0.0,1,1,3,2,4,0.6666666666666666,1
bbbp,classification,71,3,32,0.01,retrospective working threshold with sensitivity grid,0.0,1,1,5,6,6,0.8333333333333334,1
bbbp,classification,71,3,32,0.02,retrospective working threshold with sensitivity grid,0.0,1,1,13,16,15,0.7058823529411765,1
bbbp,classification,83,1,4,0.005,retrospective working threshold with sensitivity grid,0.031966292134831605,0,1,1,1,1,1.0,1
bbbp,classification,83,1,4,0.01,retrospective working threshold with sensitivity grid,0.0269662921348316,0,1,1,1,1,1.0,1
bbbp,classification,83,1,4,0.02,retrospective working threshold with sensitivity grid,0.0169662921348316,0,1,2,1,1,0.5,1
bbbp,classification,83,1,8,0.005,retrospective working threshold with sensitivity grid,0.0,1,1,3,3,2,0.5,1
bbbp,classification,83,1,8,0.01,retrospective working threshold with sensitivity grid,0.0,1,1,3,4,3,0.75,1
bbbp,classification,83,1,8,0.02,retrospective working threshold with sensitivity grid,0.0,1,1,5,4,3,0.8,1
bbbp,classification,83,1,16,0.005,retrospective working threshold with sensitivity grid,0.002802746566791585,0,0,3,2,3,0.6666666666666666,0
bbbp,classification,83,1,16,0.01,retrospective working threshold with sensitivity grid,0.0,1,0,6,6,4,0.7142857142857143,1
bbbp,classification,83,1,16,0.02,retrospective working threshold with sensitivity grid,0.0,1,1,11,8,9,0.7272727272727273,1
bbbp,classification,83,1,32,0.005,retrospective working threshold with sensitivity grid,0.002802746566791585,0,0,4,2,4,0.5,0
bbbp,classification,83,1,32,0.01,retrospective working threshold with sensitivity grid,0.0,1,0,7,6,7,0.625,1
bbbp,classification,83,1,32,0.02,retrospective working threshold with sensitivity grid,0.0,1,1,19,15,17,0.7,1
bbbp,classification,83,2,4,0.005,retrospective working threshold with sensitivity grid,0.019621512365250563,0,1,1,1,1,1.0,1
bbbp,classification,83,2,4,0.01,retrospective working threshold with sensitivity grid,0.014621512365250564,0,1,2,1,1,0.5,1
bbbp,classification,83,2,4,0.02,retrospective working threshold with sensitivity grid,0.004621512365250564,0,1,3,1,2,0.3333333333333333,1
bbbp,classification,83,2,8,0.005,retrospective working threshold with sensitivity grid,0.015182704502219372,0,1,4,3,3,0.75,1
bbbp,classification,83,2,8,0.01,retrospective working threshold with sensitivity grid,0.010182704502219373,0,1,4,4,3,1.0,1
bbbp,classification,83,2,8,0.02,retrospective working threshold with sensitivity grid,0.00018270450221937254,0,1,4,4,5,1.0,1
bbbp,classification,83,2,16,0.005,retrospective working threshold with sensitivity grid,0.0,1,1,2,2,2,1.0,1
bbbp,classification,83,2,16,0.01,retrospective working threshold with sensitivity grid,0.0,1,1,7,6,3,0.8571428571428571,1
bbbp,classification,83,2,16,0.02,retrospective working threshold with sensitivity grid,0.0,1,1,8,8,4,1.0,1
bbbp,classification,83,2,32,0.005,retrospective working threshold with sensitivity grid,0.0,1,1,2,2,2,1.0,1
bbbp,classification,83,2,32,0.01,retrospective working threshold with sensitivity grid,0.0,1,1,7,6,5,0.8571428571428571,1
bbbp,classification,83,2,32,0.02,retrospective working threshold with sensitivity grid,0.0,1,1,11,15,9,0.625,1
bbbp,classification,83,3,4,0.005,retrospective working threshold with sensitivity grid,0.021305866027120483,0,1,1,1,1,1.0,1
bbbp,classification,83,3,4,0.01,retrospective working threshold with sensitivity grid,0.01630586602712048,0,1,1,1,1,1.0,1
bbbp,classification,83,3,4,0.02,retrospective working threshold with sensitivity grid,0.006305866027120483,0,1,1,1,3,1.0,1
bbbp,classification,83,3,8,0.005,retrospective working threshold with sensitivity grid,0.0,1,0,3,3,3,1.0,1
bbbp,classification,83,3,8,0.01,retrospective working threshold with sensitivity grid,0.0,1,1,4,4,4,1.0,1
bbbp,classification,83,3,8,0.02,retrospective working threshold with sensitivity grid,0.0,1,1,4,4,4,1.0,1
bbbp,classification,83,3,16,0.005,retrospective working threshold with sensitivity grid,0.0,1,0,3,2,3,0.25,0
bbbp,classification,83,3,16,0.01,retrospective working threshold with sensitivity grid,0.0,1,0,9,6,5,0.6666666666666666,1
bbbp,classification,83,3,16,0.02,retrospective working threshold with sensitivity grid,0.0,1,1,11,8,9,0.7272727272727273,1
bbbp,classification,83,3,32,0.005,retrospective working threshold with sensitivity grid,0.0,1,0,4,2,3,0.0,0
bbbp,classification,83,3,32,0.01,retrospective working threshold with sensitivity grid,0.0,1,0,8,6,6,0.2727272727272727,0
bbbp,classification,83,3,32,0.02,retrospective working threshold with sensitivity grid,0.0,1,0,21,15,13,0.7142857142857143,1
bbbp,classification,97,1,4,0.005,retrospective working threshold with sensitivity grid,0.020994555194519985,0,1,1,1,1,1.0,1
bbbp,classification,97,1,4,0.01,retrospective working threshold with sensitivity grid,0.015994555194519984,0,1,1,1,1,1.0,1
bbbp,classification,97,1,4,0.02,retrospective working threshold with sensitivity grid,0.0059945551945199856,0,1,1,1,3,1.0,1
bbbp,classification,97,1,8,0.005,retrospective working threshold with sensitivity grid,0.025771932905945375,0,0,4,2,2,0.5,0
bbbp,classification,97,1,8,0.01,retrospective working threshold with sensitivity grid,0.020771932905945374,0,0,4,4,3,1.0,1
bbbp,classification,97,1,8,0.02,retrospective working threshold with sensitivity grid,0.010771932905945376,0,0,5,4,4,0.8,1
bbbp,classification,97,1,16,0.005,retrospective working threshold with sensitivity grid,0.0,1,0,2,2,2,1.0,1
bbbp,classification,97,1,16,0.01,retrospective working threshold with sensitivity grid,0.0,1,1,2,6,3,0.3333333333333333,1
bbbp,classification,97,1,16,0.02,retrospective working threshold with sensitivity grid,0.0,1,1,8,9,7,0.8888888888888888,1
bbbp,classification,97,1,32,0.005,retrospective working threshold with sensitivity grid,0.0,1,0,2,2,2,1.0,1
bbbp,classification,97,1,32,0.01,retrospective working threshold with sensitivity grid,0.0,1,1,2,6,5,0.3333333333333333,1
bbbp,classification,97,1,32,0.02,retrospective working threshold with sensitivity grid,0.0,1,1,8,16,13,0.5,1
bbbp,classification,97,2,4,0.005,retrospective working threshold with sensitivity grid,0.005162991371045149,0,1,1,1,1,1.0,1
bbbp,classification,97,2,4,0.01,retrospective working threshold with sensitivity grid,0.00016299137104514895,0,1,1,1,1,1.0,1
bbbp,classification,97,2,4,0.02,retrospective working threshold with sensitivity grid,0.0,1,1,1,1,3,1.0,1
bbbp,classification,97,2,8,0.005,retrospective working threshold with sensitivity grid,0.0,1,1,4,2,2,0.5,1
bbbp,classification,97,2,8,0.01,retrospective working threshold with sensitivity grid,0.0,1,1,4,4,3,1.0,1
bbbp,classification,97,2,8,0.02,retrospective working threshold with sensitivity grid,0.0,1,1,4,4,5,1.0,1
bbbp,classification,97,2,16,0.005,retrospective working threshold with sensitivity grid,0.0,1,1,2,2,3,1.0,1
bbbp,classification,97,2,16,0.01,retrospective working threshold with sensitivity grid,0.0,1,1,2,6,7,0.3333333333333333,1
bbbp,classification,97,2,16,0.02,retrospective working threshold with sensitivity grid,0.0,1,1,8,9,11,0.8888888888888888,1
bbbp,classification,97,2,32,0.005,retrospective working threshold with sensitivity grid,0.0,1,1,2,2,5,1.0,1
bbbp,classification,97,2,32,0.01,retrospective working threshold with sensitivity grid,0.0,1,1,2,6,11,0.3333333333333333,1
bbbp,classification,97,2,32,0.02,retrospective working threshold with sensitivity grid,0.0,1,1,8,16,18,0.5,1
bbbp,classification,97,3,4,0.005,retrospective working threshold with sensitivity grid,0.03445886482097472,0,1,1,1,1,1.0,1
bbbp,classification,97,3,4,0.01,retrospective working threshold with sensitivity grid,0.029458864820974713,0,1,1,1,1,1.0,1
bbbp,classification,97,3,4,0.02,retrospective working threshold with sensitivity grid,0.019458864820974715,0,1,3,1,2,0.3333333333333333,1
bbbp,classification,97,3,8,0.005,retrospective working threshold with sensitivity grid,0.004926923177663194,0,1,2,2,4,0.3333333333333333,0
bbbp,classification,97,3,8,0.01,retrospective working threshold with sensitivity grid,0.0,1,1,3,4,4,0.75,1
bbbp,classification,97,3,8,0.02,retrospective working threshold with sensitivity grid,0.0,1,1,4,4,4,1.0,1
bbbp,classification,97,3,16,0.005,retrospective working threshold with sensitivity grid,0.004926923177663194,0,0,6,2,2,0.3333333333333333,0
bbbp,classification,97,3,16,0.01,retrospective working threshold with sensitivity grid,0.0,1,1,7,6,4,0.8571428571428571,0
bbbp,classification,97,3,16,0.02,retrospective working threshold with sensitivity grid,0.0,1,1,8,9,8,0.8888888888888888,1
bbbp,classification,97,3,32,0.005,retrospective working threshold with sensitivity grid,0.004926923177663194,0,0,6,2,2,0.3333333333333333,0
bbbp,classification,97,3,32,0.01,retrospective working threshold with sensitivity grid,0.0,1,1,8,6,5,0.75,0
bbbp,classification,97,3,32,0.02,retrospective working threshold with sensitivity grid,0.0,1,1,13,16,11,0.7058823529411765,1
bbbp,classification,113,1,4,0.005,retrospective working threshold with sensitivity grid,0.04873440119202844,0,1,1,1,1,1.0,1
bbbp,classification,113,1,4,0.01,retrospective working threshold with sensitivity grid,0.043734401192028434,0,1,1,1,1,1.0,1
bbbp,classification,113,1,4,0.02,retrospective working threshold with sensitivity grid,0.03373440119202843,0,1,1,1,4,1.0,1
bbbp,classification,113,1,8,0.005,retrospective working threshold with sensitivity grid,0.0,1,1,4,3,3,0.75,1
bbbp,classification,113,1,8,0.01,retrospective working threshold with sensitivity grid,0.0,1,1,4,4,3,1.0,1
bbbp,classification,113,1,8,0.02,retrospective working threshold with sensitivity grid,0.0,1,1,5,4,4,0.8,1
bbbp,classification,113,1,16,0.005,retrospective working threshold with sensitivity grid,0.0,1,0,2,2,1,1.0,1
bbbp,classification,113,1,16,0.01,retrospective working threshold with sensitivity grid,0.0,1,0,4,6,2,0.6666666666666666,1
bbbp,classification,113,1,16,0.02,retrospective working threshold with sensitivity grid,0.0,1,1,8,10,7,0.8,1
bbbp,classification,113,1,32,0.005,retrospective working threshold with sensitivity grid,0.0,1,0,2,2,1,1.0,1
bbbp,classification,113,1,32,0.01,retrospective working threshold with sensitivity grid,0.0,1,0,4,6,2,0.6666666666666666,1
bbbp,classification,113,1,32,0.02,retrospective working threshold with sensitivity grid,0.0,1,1,8,17,7,0.47058823529411764,1
bbbp,classification,113,2,4,0.005,retrospective working threshold with sensitivity grid,0.016719944031858728,0,1,1,1,1,1.0,1
bbbp,classification,113,2,4,0.01,retrospective working threshold with sensitivity grid,0.011719944031858729,0,1,1,1,1,1.0,1
bbbp,classification,113,2,4,0.02,retrospective working threshold with sensitivity grid,0.0017199440318587285,0,1,2,1,2,0.5,1
bbbp,classification,113,2,8,0.005,retrospective working threshold with sensitivity grid,0.0,1,1,3,3,3,0.5,1
bbbp,classification,113,2,8,0.01,retrospective working threshold with sensitivity grid,0.0,1,1,4,4,3,1.0,1
bbbp,classification,113,2,8,0.02,retrospective working threshold with sensitivity grid,0.0,1,1,4,4,5,1.0,1
bbbp,classification,113,2,16,0.005,retrospective working threshold with sensitivity grid,0.0,1,1,3,2,5,0.6666666666666666,1
bbbp,classification,113,2,16,0.01,retrospective working threshold with sensitivity grid,0.0,1,1,7,6,7,0.625,1
bbbp,classification,113,2,16,0.02,retrospective working threshold with sensitivity grid,0.0,1,1,8,10,10,0.8,1
bbbp,classification,113,2,32,0.005,retrospective working threshold with sensitivity grid,0.0,1,1,3,2,11,0.6666666666666666,1
bbbp,classification,113,2,32,0.01,retrospective working threshold with sensitivity grid,0.0,1,1,7,6,15,0.625,1
bbbp,classification,113,2,32,0.02,retrospective working threshold with sensitivity grid,0.0,1,1,8,17,22,0.47058823529411764,1
bbbp,classification,113,3,4,0.005,retrospective working threshold with sensitivity grid,0.020912674009056945,0,1,1,1,1,1.0,1
bbbp,classification,113,3,4,0.01,retrospective working threshold with sensitivity grid,0.015912674009056944,0,1,1,1,1,1.0,1
bbbp,classification,113,3,4,0.02,retrospective working threshold with sensitivity grid,0.005912674009056946,0,1,1,1,1,1.0,1
bbbp,classification,113,3,8,0.005,retrospective working threshold with sensitivity grid,0.0021001285850057493,0,0,1,3,1,0.3333333333333333,1
bbbp,classification,113,3,8,0.01,retrospective working threshold with sensitivity grid,0.0,1,1,3,4,3,0.75,1
bbbp,classification,113,3,8,0.02,retrospective working threshold with sensitivity grid,0.0,1,1,4,4,4,1.0,1
bbbp,classification,113,3,16,0.005,retrospective working threshold with sensitivity grid,0.0021001285850057493,0,0,3,2,3,0.25,0
bbbp,classification,113,3,16,0.01,retrospective working threshold with sensitivity grid,0.0,1,0,6,6,3,0.7142857142857143,1
bbbp,classification,113,3,16,0.02,retrospective working threshold with sensitivity grid,0.0,1,1,9,10,8,0.9,1
bbbp,classification,113,3,32,0.005,retrospective working threshold with sensitivity grid,0.0021001285850057493,0,0,3,2,3,0.25,0
bbbp,classification,113,3,32,0.01,retrospective working threshold with sensitivity grid,0.0,1,0,7,6,3,0.625,1
bbbp,classification,113,3,32,0.02,retrospective working threshold with sensitivity grid,0.0,1,1,16,17,10,0.8333333333333334,1
bbbp,classification,127,1,4,0.005,retrospective working threshold with sensitivity grid,0.0368696246282454,0,1,1,1,1,1.0,1
bbbp,classification,127,1,4,0.01,retrospective working threshold with sensitivity grid,0.03186962462824539,0,1,1,1,1,1.0,1
bbbp,classification,127,1,4,0.02,retrospective working threshold with sensitivity grid,0.021869624628245394,0,1,1,1,1,1.0,1
bbbp,classification,127,1,8,0.005,retrospective working threshold with sensitivity grid,0.02420585161964473,0,0,3,3,1,0.5,1
bbbp,classification,127,1,8,0.01,retrospective working threshold with sensitivity grid,0.019205851619644727,0,0,4,4,2,1.0,1
bbbp,classification,127,1,8,0.02,retrospective working threshold with sensitivity grid,0.009205851619644729,0,1,5,4,4,0.8,1
bbbp,classification,127,1,16,0.005,retrospective working threshold with sensitivity grid,0.0,1,1,5,2,3,0.4,1
bbbp,classification,127,1,16,0.01,retrospective working threshold with sensitivity grid,0.0,1,1,7,6,4,0.625,1
bbbp,classification,127,1,16,0.02,retrospective working threshold with sensitivity grid,0.0,1,1,8,10,6,0.8,1
bbbp,classification,127,1,32,0.005,retrospective working threshold with sensitivity grid,0.0,1,1,5,2,3,0.4,1
bbbp,classification,127,1,32,0.01,retrospective working threshold with sensitivity grid,0.0,1,1,7,6,4,0.625,1
bbbp,classification,127,1,32,0.02,retrospective working threshold with sensitivity grid,0.0,1,1,11,18,7,0.6111111111111112,1
bbbp,classification,127,2,4,0.005,retrospective working threshold with sensitivity grid,0.010191184912423216,0,1,1,1,1,1.0,1
bbbp,classification,127,2,4,0.01,retrospective working threshold with sensitivity grid,0.005191184912423217,0,1,1,1,1,1.0,1
bbbp,classification,127,2,4,0.02,retrospective working threshold with sensitivity grid,0.0,1,1,1,1,1,1.0,1
bbbp,classification,127,2,8,0.005,retrospective working threshold with sensitivity grid,0.009785153241952841,0,0,1,3,1,0.0,0
bbbp,classification,127,2,8,0.01,retrospective working threshold with sensitivity grid,0.004785153241952842,0,0,2,4,2,0.5,1
bbbp,classification,127,2,8,0.02,retrospective working threshold with sensitivity grid,0.0,1,1,4,4,4,1.0,1
bbbp,classification,127,2,16,0.005,retrospective working threshold with sensitivity grid,0.009785153241952841,0,0,1,2,2,0.0,0
bbbp,classification,127,2,16,0.01,retrospective working threshold with sensitivity grid,0.004785153241952842,0,0,2,6,4,0.14285714285714285,0
bbbp,classification,127,2,16,0.02,retrospective working threshold with sensitivity grid,0.0,1,1,8,10,8,0.8,1
bbbp,classification,127,2,32,0.005,retrospective working threshold with sensitivity grid,0.009785153241952841,0,0,1,2,2,0.0,0
bbbp,classification,127,2,32,0.01,retrospective working threshold with sensitivity grid,0.004785153241952842,0,0,2,6,4,0.14285714285714285,0
bbbp,classification,127,2,32,0.02,retrospective working threshold with sensitivity grid,0.0,1,1,10,18,14,0.5555555555555556,1
bbbp,classification,127,3,4,0.005,retrospective working threshold with sensitivity grid,0.008999363665287977,0,1,1,1,1,1.0,1
bbbp,classification,127,3,4,0.01,retrospective working threshold with sensitivity grid,0.003999363665287978,0,1,1,1,1,1.0,1
bbbp,classification,127,3,4,0.02,retrospective working threshold with sensitivity grid,0.0,1,1,1,1,3,1.0,1
bbbp,classification,127,3,8,0.005,retrospective working threshold with sensitivity grid,0.02330014903628808,0,0,3,3,1,1.0,1
bbbp,classification,127,3,8,0.01,retrospective working threshold with sensitivity grid,0.01830014903628808,0,0,4,4,3,1.0,1
bbbp,classification,127,3,8,0.02,retrospective working threshold with sensitivity grid,0.00830014903628808,0,0,4,4,4,1.0,1
bbbp,classification,127,3,16,0.005,retrospective working threshold with sensitivity grid,0.0,1,1,3,2,5,0.6666666666666666,0
bbbp,classification,127,3,16,0.01,retrospective working threshold with sensitivity grid,0.0,1,1,6,6,7,0.7142857142857143,1
bbbp,classification,127,3,16,0.02,retrospective working threshold with sensitivity grid,0.0,1,1,9,10,10,0.9,1
bbbp,classification,127,3,32,0.005,retrospective working threshold with sensitivity grid,0.0,1,1,3,2,6,0.6666666666666666,0
bbbp,classification,127,3,32,0.01,retrospective working threshold with sensitivity grid,0.0,1,1,7,6,8,0.625,1
bbbp,classification,127,3,32,0.02,retrospective working threshold with sensitivity grid,0.0,1,1,15,18,16,0.8333333333333334,1
bbbp,classification,149,1,4,0.005,retrospective working threshold with sensitivity grid,0.041359284454522534,0,1,1,1,1,1.0,1
bbbp,classification,149,1,4,0.01,retrospective working threshold with sensitivity grid,0.03635928445452253,0,1,1,1,1,1.0,1
bbbp,classification,149,1,4,0.02,retrospective working threshold with sensitivity grid,0.02635928445452253,0,1,2,1,2,0.5,1
bbbp,classification,149,1,8,0.005,retrospective working threshold with sensitivity grid,0.0007080303385721453,0,1,2,3,2,0.25,0
bbbp,classification,149,1,8,0.01,retrospective working threshold with sensitivity grid,0.0,1,1,4,4,4,1.0,1
bbbp,classification,149,1,8,0.02,retrospective working threshold with sensitivity grid,0.0,1,1,5,4,4,0.8,1
bbbp,classification,149,1,16,0.005,retrospective working threshold with sensitivity grid,0.013097149460039374,0,0,2,2,1,0.3333333333333333,0
bbbp,classification,149,1,16,0.01,retrospective working threshold with sensitivity grid,0.008097149460039374,0,0,4,6,4,0.6666666666666666,1
bbbp,classification,149,1,16,0.02,retrospective working threshold with sensitivity grid,0.0,1,1,8,10,8,0.8,1
bbbp,classification,149,1,32,0.005,retrospective working threshold with sensitivity grid,0.013097149460039374,0,0,2,2,1,0.3333333333333333,0
bbbp,classification,149,1,32,0.01,retrospective working threshold with sensitivity grid,0.008097149460039374,0,0,4,6,4,0.6666666666666666,1
bbbp,classification,149,1,32,0.02,retrospective working threshold with sensitivity grid,0.0,1,1,13,17,14,0.7647058823529411,1
bbbp,classification,149,2,4,0.005,retrospective working threshold with sensitivity grid,0.02991082351426178,0,1,1,1,1,1.0,1
bbbp,classification,149,2,4,0.01,retrospective working threshold with sensitivity grid,0.024910823514261778,0,1,1,1,1,1.0,1
bbbp,classification,149,2,4,0.02,retrospective working threshold with sensitivity grid,0.014910823514261779,0,1,1,1,1,1.0,1
bbbp,classification,149,2,8,0.005,retrospective working threshold with sensitivity grid,0.0,1,1,1,3,2,0.3333333333333333,1
bbbp,classification,149,2,8,0.01,retrospective working threshold with sensitivity grid,0.0,1,1,4,4,2,1.0,1
bbbp,classification,149,2,8,0.02,retrospective working threshold with sensitivity grid,0.0,1,1,4,4,4,1.0,1
bbbp,classification,149,2,16,0.005,retrospective working threshold with sensitivity grid,0.012320198313051426,0,0,1,2,1,0.0,0
bbbp,classification,149,2,16,0.01,retrospective working threshold with sensitivity grid,0.007320198313051427,0,0,2,6,3,0.3333333333333333,1
bbbp,classification,149,2,16,0.02,retrospective working threshold with sensitivity grid,0.0,1,0,8,10,5,0.8,1
bbbp,classification,149,2,32,0.005,retrospective working threshold with sensitivity grid,0.012320198313051426,0,0,1,2,1,0.0,0
bbbp,classification,149,2,32,0.01,retrospective working threshold with sensitivity grid,0.007320198313051427,0,0,2,6,3,0.3333333333333333,1
bbbp,classification,149,2,32,0.02,retrospective working threshold with sensitivity grid,0.0,1,0,8,17,8,0.47058823529411764,1
bbbp,classification,149,3,4,0.005,retrospective working threshold with sensitivity grid,0.023170898992940562,0,1,1,1,1,1.0,1
bbbp,classification,149,3,4,0.01,retrospective working threshold with sensitivity grid,0.01817089899294056,0,1,1,1,1,1.0,1
bbbp,classification,149,3,4,0.02,retrospective working threshold with sensitivity grid,0.008170898992940562,0,1,1,1,2,1.0,1
bbbp,classification,149,3,8,0.005,retrospective working threshold with sensitivity grid,0.0001189400782897242,0,1,2,3,2,0.6666666666666666,1
bbbp,classification,149,3,8,0.01,retrospective working threshold with sensitivity grid,0.0,1,1,3,4,3,0.75,1
bbbp,classification,149,3,8,0.02,retrospective working threshold with sensitivity grid,0.0,1,1,4,4,4,1.0,1
bbbp,classification,149,3,16,0.005,retrospective working threshold with sensitivity grid,0.0,1,1,3,2,3,0.6666666666666666,1
bbbp,classification,149,3,16,0.01,retrospective working threshold with sensitivity grid,0.0,1,1,4,6,4,0.6666666666666666,1
bbbp,classification,149,3,16,0.02,retrospective working threshold with sensitivity grid,0.0,1,1,8,10,8,0.8,1
bbbp,classification,149,3,32,0.005,retrospective working threshold with sensitivity grid,0.0,1,1,3,2,3,0.6666666666666666,1
bbbp,classification,149,3,32,0.01,retrospective working threshold with sensitivity grid,0.0,1,1,4,6,6,0.6666666666666666,1
bbbp,classification,149,3,32,0.02,retrospective working threshold with sensitivity grid,0.0,1,1,8,17,15,0.47058823529411764,1
clintox,classification,11,1,4,0.005,retrospective working threshold with sensitivity grid,0.03014026155535599,0,1,1,1,2,1.0,1
clintox,classification,11,1,4,0.01,retrospective working threshold with sensitivity grid,0.025140261555355987,0,1,1,1,2,1.0,1
clintox,classification,11,1,4,0.02,retrospective working threshold with sensitivity grid,0.015140261555355989,0,1,1,1,3,1.0,1
clintox,classification,11,1,8,0.005,retrospective working threshold with sensitivity grid,0.0,1,1,2,1,1,0.5,1
clintox,classification,11,1,8,0.01,retrospective working threshold with sensitivity grid,0.0,1,1,2,3,1,0.6666666666666666,1
clintox,classification,11,1,8,0.02,retrospective working threshold with sensitivity grid,0.0,1,1,5,5,1,1.0,1
clintox,classification,11,1,16,0.005,retrospective working threshold with sensitivity grid,0.0,1,0,2,2,1,0.3333333333333333,0
clintox,classification,11,1,16,0.01,retrospective working threshold with sensitivity grid,0.0,1,0,4,5,1,0.5,0
clintox,classification,11,1,16,0.02,retrospective working threshold with sensitivity grid,0.0,1,0,6,10,5,0.6,1
clintox,classification,11,1,32,0.005,retrospective working threshold with sensitivity grid,0.0,1,0,2,3,1,0.25,0
clintox,classification,11,1,32,0.01,retrospective working threshold with sensitivity grid,0.0,1,0,4,8,2,0.5,1
clintox,classification,11,1,32,0.02,retrospective working threshold with sensitivity grid,0.0,1,1,9,16,9,0.47058823529411764,1
clintox,classification,11,2,4,0.005,retrospective working threshold with sensitivity grid,0.014173340572824714,0,1,1,1,1,0.0,0
clintox,classification,11,2,4,0.01,retrospective working threshold with sensitivity grid,0.009173340572824715,0,1,1,1,2,0.0,0
clintox,classification,11,2,4,0.02,retrospective working threshold with sensitivity grid,0.0,1,1,2,1,4,0.5,0
clintox,classification,11,2,8,0.005,retrospective working threshold with sensitivity grid,0.061071670965114684,0,0,1,1,1,0.0,0
clintox,classification,11,2,8,0.01,retrospective working threshold with sensitivity grid,0.05607167096511468,0,0,4,3,2,0.75,1
clintox,classification,11,2,8,0.02,retrospective working threshold with sensitivity grid,0.04607167096511468,0,0,4,5,4,0.8,1
clintox,classification,11,2,16,0.005,retrospective working threshold with sensitivity grid,0.061071670965114684,0,0,1,2,3,0.0,0
clintox,classification,11,2,16,0.01,retrospective working threshold with sensitivity grid,0.05607167096511468,0,0,4,5,3,0.5,1
clintox,classification,11,2,16,0.02,retrospective working threshold with sensitivity grid,0.04607167096511468,0,0,4,10,7,0.4,1
clintox,classification,11,2,32,0.005,retrospective working threshold with sensitivity grid,0.061071670965114684,0,0,4,3,2,0.16666666666666666,0
clintox,classification,11,2,32,0.01,retrospective working threshold with sensitivity grid,0.05607167096511468,0,0,8,8,2,0.45454545454545453,0
clintox,classification,11,2,32,0.02,retrospective working threshold with sensitivity grid,0.04607167096511468,0,0,12,16,7,0.5555555555555556,1
clintox,classification,11,3,4,0.005,retrospective working threshold with sensitivity grid,0.028446712018140533,0,1,1,1,1,1.0,1
clintox,classification,11,3,4,0.01,retrospective working threshold with sensitivity grid,0.023446712018140532,0,1,1,1,1,1.0,1
clintox,classification,11,3,4,0.02,retrospective working threshold with sensitivity grid,0.013446712018140534,0,1,1,1,2,1.0,1
clintox,classification,11,3,8,0.005,retrospective working threshold with sensitivity grid,0.0,1,1,1,1,1,1.0,1
clintox,classification,11,3,8,0.01,retrospective working threshold with sensitivity grid,0.0,1,1,2,3,1,0.6666666666666666,1
clintox,classification,11,3,8,0.02,retrospective working threshold with sensitivity grid,0.0,1,1,4,5,2,0.8,1
clintox,classification,11,3,16,0.005,retrospective working threshold with sensitivity grid,0.0,1,1,2,2,1,1.0,1
clintox,classification,11,3,16,0.01,retrospective working threshold with sensitivity grid,0.0,1,1,3,5,1,0.6,1
clintox,classification,11,3,16,0.02,retrospective working threshold with sensitivity grid,0.0,1,1,10,10,3,0.6666666666666666,1
clintox,classification,11,3,32,0.005,retrospective working threshold with sensitivity grid,0.0,1,0,1,3,3,0.0,0
clintox,classification,11,3,32,0.01,retrospective working threshold with sensitivity grid,0.0,1,1,1,8,4,0.125,1
clintox,classification,11,3,32,0.02,retrospective working threshold with sensitivity grid,0.0,1,1,6,16,8,0.375,1
clintox,classification,23,1,4,0.005,retrospective working threshold with sensitivity grid,0.06612609108979339,0,1,1,1,1,1.0,1
clintox,classification,23,1,4,0.01,retrospective working threshold with sensitivity grid,0.061126091089793395,0,1,1,1,2,1.0,1
clintox,classification,23,1,4,0.02,retrospective working threshold with sensitivity grid,0.05112609108979339,0,1,3,3,2,1.0,1
clintox,classification,23,1,8,0.005,retrospective working threshold with sensitivity grid,0.025680148647480697,0,0,2,1,1,0.0,0
clintox,classification,23,1,8,0.01,retrospective working threshold with sensitivity grid,0.020680148647480696,0,1,2,2,3,0.0,0
clintox,classification,23,1,8,0.02,retrospective working threshold with sensitivity grid,0.010680148647480698,0,1,6,4,4,0.6666666666666666,1
clintox,classification,23,1,16,0.005,retrospective working threshold with sensitivity grid,0.025680148647480697,0,0,2,2,1,0.0,0
clintox,classification,23,1,16,0.01,retrospective working threshold with sensitivity grid,0.020680148647480696,0,0,2,4,2,0.0,0
clintox,classification,23,1,16,0.02,retrospective working threshold with sensitivity grid,0.010680148647480698,0,0,7,9,3,0.45454545454545453,1
clintox,classification,23,1,32,0.005,retrospective working threshold with sensitivity grid,0.0038151413015296053,0,0,1,3,3,0.3333333333333333,1
clintox,classification,23,1,32,0.01,retrospective working threshold with sensitivity grid,0.0,1,1,5,9,6,0.16666666666666666,1
clintox,classification,23,1,32,0.02,retrospective working threshold with sensitivity grid,0.0,1,1,9,18,12,0.42105263157894735,1
clintox,classification,23,2,4,0.005,retrospective working threshold with sensitivity grid,0.0,1,1,1,1,1,1.0,1
clintox,classification,23,2,4,0.01,retrospective working threshold with sensitivity grid,0.0,1,1,1,1,2,1.0,1
clintox,classification,23,2,4,0.02,retrospective working threshold with sensitivity grid,0.0,1,1,1,3,3,0.3333333333333333,1
clintox,classification,23,2,8,0.005,retrospective working threshold with sensitivity grid,0.02249413145539914,0,0,1,1,1,1.0,1
clintox,classification,23,2,8,0.01,retrospective working threshold with sensitivity grid,0.017494131455399138,0,0,1,2,2,0.5,1
clintox,classification,23,2,8,0.02,retrospective working threshold with sensitivity grid,0.00749413145539914,0,0,1,4,5,0.25,1
clintox,classification,23,2,16,0.005,retrospective working threshold with sensitivity grid,0.0027758215962442366,0,0,1,2,1,0.5,1
clintox,classification,23,2,16,0.01,retrospective working threshold with sensitivity grid,0.0,1,1,1,4,3,0.25,1
clintox,classification,23,2,16,0.02,retrospective working threshold with sensitivity grid,0.0,1,1,3,9,6,0.3333333333333333,1
clintox,classification,23,2,32,0.005,retrospective working threshold with sensitivity grid,0.0027758215962442366,0,0,1,3,1,0.0,0
clintox,classification,23,2,32,0.01,retrospective working threshold with sensitivity grid,0.0,1,0,2,9,3,0.2222222222222222,1
clintox,classification,23,2,32,0.02,retrospective working threshold with sensitivity grid,0.0,1,1,6,18,7,0.2631578947368421,1
clintox,classification,23,3,4,0.005,retrospective working threshold with sensitivity grid,0.0362437363484518,0,1,1,1,1,1.0,1
clintox,classification,23,3,4,0.01,retrospective working threshold with sensitivity grid,0.031243736348451796,0,1,2,1,1,0.5,1
clintox,classification,23,3,4,0.02,retrospective working threshold with sensitivity grid,0.021243736348451798,0,1,3,3,1,0.5,1
clintox,classification,23,3,8,0.005,retrospective working threshold with sensitivity grid,0.0,1,0,1,1,1,1.0,1
clintox,classification,23,3,8,0.01,retrospective working threshold with sensitivity grid,0.0,1,0,2,2,1,1.0,1
clintox,classification,23,3,8,0.02,retrospective working threshold with sensitivity grid,0.0,1,1,3,4,3,0.75,1
clintox,classification,23,3,16,0.005,retrospective working threshold with sensitivity grid,0.017998843633560305,0,0,1,2,1,0.0,0
clintox,classification,23,3,16,0.01,retrospective working threshold with sensitivity grid,0.012998843633560306,0,0,1,4,1,0.0,0
clintox,classification,23,3,16,0.02,retrospective working threshold with sensitivity grid,0.002998843633560306,0,0,7,9,5,0.45454545454545453,0
clintox,classification,23,3,32,0.005,retrospective working threshold with sensitivity grid,0.017998843633560305,0,0,1,3,2,0.0,0
clintox,classification,23,3,32,0.01,retrospective working threshold with sensitivity grid,0.012998843633560306,0,0,2,9,4,0.1,0
clintox,classification,23,3,32,0.02,retrospective working threshold with sensitivity grid,0.002998843633560306,0,0,9,18,15,0.2857142857142857,0
clintox,classification,37,1,4,0.005,retrospective working threshold with sensitivity grid,0.040155993431855504,0,1,1,1,2,1.0,1
clintox,classification,37,1,4,0.01,retrospective working threshold with sensitivity grid,0.0351559934318555,0,1,1,1,3,1.0,1
clintox,classification,37,1,4,0.02,retrospective working threshold with sensitivity grid,0.0251559934318555,0,1,2,2,4,1.0,1
clintox,classification,37,1,8,0.005,retrospective working threshold with sensitivity grid,0.030395000912242235,0,0,3,1,1,0.3333333333333333,1
clintox,classification,37,1,8,0.01,retrospective working threshold with sensitivity grid,0.025395000912242234,0,0,4,2,3,0.5,1
clintox,classification,37,1,8,0.02,retrospective working threshold with sensitivity grid,0.015395000912242236,0,1,5,4,5,0.8,1
clintox,classification,37,1,16,0.005,retrospective working threshold with sensitivity grid,0.028114395183360678,0,0,2,2,3,0.3333333333333333,0
clintox,classification,37,1,16,0.01,retrospective working threshold with sensitivity grid,0.023114395183360677,0,0,4,4,6,1.0,1
clintox,classification,37,1,16,0.02,retrospective working threshold with sensitivity grid,0.013114395183360678,0,1,8,9,9,0.7,1
clintox,classification,37,1,32,0.005,retrospective working threshold with sensitivity grid,0.028114395183360678,0,0,2,4,1,0.0,0
clintox,classification,37,1,32,0.01,retrospective working threshold with sensitivity grid,0.023114395183360677,0,0,4,9,3,0.18181818181818182,0
clintox,classification,37,1,32,0.02,retrospective working threshold with sensitivity grid,0.013114395183360678,0,0,10,18,5,0.3333333333333333,1
clintox,classification,37,2,4,0.005,retrospective working threshold with sensitivity grid,0.025336257309941494,0,1,1,1,1,1.0,1
clintox,classification,37,2,4,0.01,retrospective working threshold with sensitivity grid,0.020336257309941493,0,1,2,1,1,0.5,1
clintox,classification,37,2,4,0.02,retrospective working threshold with sensitivity grid,0.010336257309941494,0,1,4,2,1,0.5,1
clintox,classification,37,2,8,0.005,retrospective working threshold with sensitivity grid,0.031001461988304117,0,0,2,1,1,0.5,0
clintox,classification,37,2,8,0.01,retrospective working threshold with sensitivity grid,0.026001461988304116,0,1,3,2,2,0.25,0
clintox,classification,37,2,8,0.02,retrospective working threshold with sensitivity grid,0.016001461988304117,0,1,4,4,3,0.6,1
clintox,classification,37,2,16,0.005,retrospective working threshold with sensitivity grid,0.06118542884990264,0,0,2,2,1,0.3333333333333333,0
clintox,classification,37,2,16,0.01,retrospective working threshold with sensitivity grid,0.05618542884990264,0,0,6,4,2,0.25,0
clintox,classification,37,2,16,0.02,retrospective working threshold with sensitivity grid,0.046185428849902635,0,0,9,9,8,0.5,0
clintox,classification,37,2,32,0.005,retrospective working threshold with sensitivity grid,0.001883528265107297,0,0,1,4,2,0.25,1
clintox,classification,37,2,32,0.01,retrospective working threshold with sensitivity grid,0.0,1,1,4,9,4,0.3,1
clintox,classification,37,2,32,0.02,retrospective working threshold with sensitivity grid,0.0,1,1,12,18,5,0.42857142857142855,1
clintox,classification,37,3,4,0.005,retrospective working threshold with sensitivity grid,0.034247311827956935,0,0,1,1,1,1.0,1
clintox,classification,37,3,4,0.01,retrospective working threshold with sensitivity grid,0.02924731182795693,0,0,1,1,1,1.0,1
clintox,classification,37,3,4,0.02,retrospective working threshold with sensitivity grid,0.019247311827956932,0,1,1,2,2,0.5,1
clintox,classification,37,3,8,0.005,retrospective working threshold with sensitivity grid,0.037413381123058594,0,0,1,1,1,0.0,0
clintox,classification,37,3,8,0.01,retrospective working threshold with sensitivity grid,0.03241338112305859,0,0,1,2,2,0.0,0
clintox,classification,37,3,8,0.02,retrospective working threshold with sensitivity grid,0.02241338112305859,0,0,2,4,2,0.5,1
clintox,classification,37,3,16,0.005,retrospective working threshold with sensitivity grid,0.037413381123058594,0,0,1,2,2,0.0,0
clintox,classification,37,3,16,0.01,retrospective working threshold with sensitivity grid,0.03241338112305859,0,0,1,4,3,0.0,0
clintox,classification,37,3,16,0.02,retrospective working threshold with sensitivity grid,0.02241338112305859,0,0,3,9,5,0.3333333333333333,1
clintox,classification,37,3,32,0.005,retrospective working threshold with sensitivity grid,0.0,1,1,2,4,2,0.2,1
clintox,classification,37,3,32,0.01,retrospective working threshold with sensitivity grid,0.0,1,1,3,9,2,0.2,1
clintox,classification,37,3,32,0.02,retrospective working threshold with sensitivity grid,0.0,1,1,12,18,8,0.6666666666666666,1
clintox,classification,53,1,4,0.005,retrospective working threshold with sensitivity grid,0.05289311090515903,0,1,1,1,1,1.0,1
clintox,classification,53,1,4,0.01,retrospective working threshold with sensitivity grid,0.04789311090515903,0,1,2,1,1,0.5,1
clintox,classification,53,1,4,0.02,retrospective working threshold with sensitivity grid,0.037893110905159025,0,1,3,3,1,0.5,1
clintox,classification,53,1,8,0.005,retrospective working threshold with sensitivity grid,0.04368705591597156,0,0,2,1,1,0.0,0
clintox,classification,53,1,8,0.01,retrospective working threshold with sensitivity grid,0.038687055915971554,0,0,2,3,2,0.6666666666666666,1
clintox,classification,53,1,8,0.02,retrospective working threshold with sensitivity grid,0.028687055915971555,0,0,2,4,2,0.5,1
clintox,classification,53,1,16,0.005,retrospective working threshold with sensitivity grid,0.033677788075378474,0,0,1,2,1,0.0,0
clintox,classification,53,1,16,0.01,retrospective working threshold with sensitivity grid,0.02867778807537847,0,0,4,5,2,0.8,1
clintox,classification,53,1,16,0.02,retrospective working threshold with sensitivity grid,0.01867778807537847,0,1,5,9,6,0.4,1
clintox,classification,53,1,32,0.005,retrospective working threshold with sensitivity grid,0.0,1,1,1,3,1,0.3333333333333333,1
clintox,classification,53,1,32,0.01,retrospective working threshold with sensitivity grid,0.0,1,1,4,9,4,0.3,1
clintox,classification,53,1,32,0.02,retrospective working threshold with sensitivity grid,0.0,1,1,7,18,6,0.3888888888888889,1
clintox,classification,53,2,4,0.005,retrospective working threshold with sensitivity grid,0.019087828239782615,0,1,1,1,2,1.0,1
clintox,classification,53,2,4,0.01,retrospective working threshold with sensitivity grid,0.014087828239782616,0,1,2,1,2,0.5,1
clintox,classification,53,2,4,0.02,retrospective working threshold with sensitivity grid,0.004087828239782616,0,1,2,3,2,0.6666666666666666,1
clintox,classification,53,2,8,0.005,retrospective working threshold with sensitivity grid,0.0,1,1,2,1,2,0.5,0
clintox,classification,53,2,8,0.01,retrospective working threshold with sensitivity grid,0.0,1,1,2,3,3,0.6666666666666666,1
clintox,classification,53,2,8,0.02,retrospective working threshold with sensitivity grid,0.0,1,1,3,4,4,0.75,1
clintox,classification,53,2,16,0.005,retrospective working threshold with sensitivity grid,0.0,1,1,2,2,3,0.0,0
clintox,classification,53,2,16,0.01,retrospective working threshold with sensitivity grid,0.0,1,1,3,5,4,0.3333333333333333,0
clintox,classification,53,2,16,0.02,retrospective working threshold with sensitivity grid,0.0,1,1,4,9,7,0.4444444444444444,1
clintox,classification,53,2,32,0.005,retrospective working threshold with sensitivity grid,0.0,1,1,8,3,5,0.375,0
clintox,classification,53,2,32,0.01,retrospective working threshold with sensitivity grid,0.0,1,1,10,9,8,0.5833333333333334,1
clintox,classification,53,2,32,0.02,retrospective working threshold with sensitivity grid,0.0,1,1,11,18,14,0.45,1
clintox,classification,53,3,4,0.005,retrospective working threshold with sensitivity grid,0.018421052631579008,0,1,2,1,1,0.5,1
clintox,classification,53,3,4,0.01,retrospective working threshold with sensitivity grid,0.013421052631579009,0,1,2,1,1,0.5,1
clintox,classification,53,3,4,0.02,retrospective working threshold with sensitivity grid,0.0034210526315790087,0,1,3,3,1,1.0,1
clintox,classification,53,3,8,0.005,retrospective working threshold with sensitivity grid,0.06666666666666654,0,0,1,1,1,0.0,0
clintox,classification,53,3,8,0.01,retrospective working threshold with sensitivity grid,0.06166666666666654,0,0,2,3,1,0.25,1
clintox,classification,53,3,8,0.02,retrospective working threshold with sensitivity grid,0.05166666666666654,0,0,3,4,3,0.4,1
clintox,classification,53,3,16,0.005,retrospective working threshold with sensitivity grid,0.04315789473684218,0,0,2,2,2,0.0,0
clintox,classification,53,3,16,0.01,retrospective working threshold with sensitivity grid,0.038157894736842175,0,0,3,5,2,0.14285714285714285,0
clintox,classification,53,3,16,0.02,retrospective working threshold with sensitivity grid,0.028157894736842177,0,0,6,9,7,0.36363636363636365,0
clintox,classification,53,3,32,0.005,retrospective working threshold with sensitivity grid,0.03192982456140359,0,0,2,3,1,0.25,0
clintox,classification,53,3,32,0.01,retrospective working threshold with sensitivity grid,0.02692982456140359,0,0,6,9,1,0.25,0
clintox,classification,53,3,32,0.02,retrospective working threshold with sensitivity grid,0.01692982456140359,0,0,9,18,5,0.22727272727272727,0
clintox,classification,71,1,4,0.005,retrospective working threshold with sensitivity grid,0.0,1,1,1,1,1,1.0,1
clintox,classification,71,1,4,0.01,retrospective working threshold with sensitivity grid,0.0,1,1,1,1,1,1.0,1
clintox,classification,71,1,4,0.02,retrospective working threshold with sensitivity grid,0.0,1,1,2,3,1,0.6666666666666666,1
clintox,classification,71,1,8,0.005,retrospective working threshold with sensitivity grid,0.0,1,1,1,1,1,0.0,0
clintox,classification,71,1,8,0.01,retrospective working threshold with sensitivity grid,0.0,1,1,1,2,1,0.0,0
clintox,classification,71,1,8,0.02,retrospective working threshold with sensitivity grid,0.0,1,1,3,5,1,0.6,1
clintox,classification,71,1,16,0.005,retrospective working threshold with sensitivity grid,0.0,1,1,2,2,1,0.3333333333333333,0
clintox,classification,71,1,16,0.01,retrospective working threshold with sensitivity grid,0.0,1,1,2,4,1,0.2,0
clintox,classification,71,1,16,0.02,retrospective working threshold with sensitivity grid,0.0,1,1,4,10,1,0.4,1
clintox,classification,71,1,32,0.005,retrospective working threshold with sensitivity grid,0.0,1,1,2,3,1,0.0,0
clintox,classification,71,1,32,0.01,retrospective working threshold with sensitivity grid,0.0,1,1,2,9,1,0.1,0
clintox,classification,71,1,32,0.02,retrospective working threshold with sensitivity grid,0.0,1,1,4,16,1,0.17647058823529413,0
clintox,classification,71,2,4,0.005,retrospective working threshold with sensitivity grid,0.0,1,0,1,1,1,1.0,1
clintox,classification,71,2,4,0.01,retrospective working threshold with sensitivity grid,0.0,1,1,2,1,2,0.5,1
clintox,classification,71,2,4,0.02,retrospective working threshold with sensitivity grid,0.0,1,1,3,3,2,1.0,1
clintox,classification,71,2,8,0.005,retrospective working threshold with sensitivity grid,0.0,1,0,2,1,1,0.5,1
clintox,classification,71,2,8,0.01,retrospective working threshold with sensitivity grid,0.0,1,0,2,2,2,0.3333333333333333,1
clintox,classification,71,2,8,0.02,retrospective working threshold with sensitivity grid,0.0,1,1,4,5,4,0.8,1
clintox,classification,71,2,16,0.005,retrospective working threshold with sensitivity grid,0.0,1,0,1,2,1,0.0,0
clintox,classification,71,2,16,0.01,retrospective working threshold with sensitivity grid,0.0,1,0,4,4,2,0.3333333333333333,0
clintox,classification,71,2,16,0.02,retrospective working threshold with sensitivity grid,0.0,1,1,5,10,6,0.36363636363636365,1
clintox,classification,71,2,32,0.005,retrospective working threshold with sensitivity grid,0.0,1,0,1,3,1,0.0,0
clintox,classification,71,2,32,0.01,retrospective working threshold with sensitivity grid,0.0,1,0,2,9,3,0.2222222222222222,1
clintox,classification,71,2,32,0.02,retrospective working threshold with sensitivity grid,0.0,1,0,6,16,9,0.375,1
clintox,classification,71,3,4,0.005,retrospective working threshold with sensitivity grid,0.022314499659632506,0,1,1,1,1,1.0,1
clintox,classification,71,3,4,0.01,retrospective working threshold with sensitivity grid,0.017314499659632505,0,1,1,1,2,1.0,1
clintox,classification,71,3,4,0.02,retrospective working threshold with sensitivity grid,0.007314499659632507,0,1,2,3,2,0.6666666666666666,1
clintox,classification,71,3,8,0.005,retrospective working threshold with sensitivity grid,0.0,1,1,2,1,2,0.5,1
clintox,classification,71,3,8,0.01,retrospective working threshold with sensitivity grid,0.0,1,1,3,2,3,0.6666666666666666,1
clintox,classification,71,3,8,0.02,retrospective working threshold with sensitivity grid,0.0,1,1,4,5,3,0.8,1
clintox,classification,71,3,16,0.005,retrospective working threshold with sensitivity grid,0.01737916950306329,0,0,2,2,3,1.0,1
clintox,classification,71,3,16,0.01,retrospective working threshold with sensitivity grid,0.01237916950306329,0,0,4,4,4,0.6,1
clintox,classification,71,3,16,0.02,retrospective working threshold with sensitivity grid,0.0023791695030632894,0,0,8,10,4,0.6363636363636364,1
clintox,classification,71,3,32,0.005,retrospective working threshold with sensitivity grid,0.01737916950306329,0,0,2,3,1,0.0,0
clintox,classification,71,3,32,0.01,retrospective working threshold with sensitivity grid,0.01237916950306329,0,0,6,9,1,0.36363636363636365,1
clintox,classification,71,3,32,0.02,retrospective working threshold with sensitivity grid,0.0023791695030632894,0,0,15,16,8,0.47619047619047616,1
clintox,classification,83,1,4,0.005,retrospective working threshold with sensitivity grid,0.01955072873921049,0,1,1,1,1,1.0,1
clintox,classification,83,1,4,0.01,retrospective working threshold with sensitivity grid,0.014550728739210492,0,1,2,1,1,0.5,1
clintox,classification,83,1,4,0.02,retrospective working threshold with sensitivity grid,0.004550728739210492,0,1,3,3,2,1.0,1
clintox,classification,83,1,8,0.005,retrospective working threshold with sensitivity grid,0.004905193151266478,0,0,1,1,2,0.0,0
clintox,classification,83,1,8,0.01,retrospective working threshold with sensitivity grid,0.0,1,0,1,2,3,0.0,0
clintox,classification,83,1,8,0.02,retrospective working threshold with sensitivity grid,0.0,1,0,3,4,3,0.75,1
clintox,classification,83,1,16,0.005,retrospective working threshold with sensitivity grid,0.027651761709353354,0,0,1,2,2,0.0,0
clintox,classification,83,1,16,0.01,retrospective working threshold with sensitivity grid,0.022651761709353353,0,0,1,4,5,0.0,0
clintox,classification,83,1,16,0.02,retrospective working threshold with sensitivity grid,0.012651761709353355,0,0,1,9,5,0.1111111111111111,1
clintox,classification,83,1,32,0.005,retrospective working threshold with sensitivity grid,0.027651761709353354,0,0,3,3,2,0.0,0
clintox,classification,83,1,32,0.01,retrospective working threshold with sensitivity grid,0.022651761709353353,0,0,6,9,5,0.25,0
clintox,classification,83,1,32,0.02,retrospective working threshold with sensitivity grid,0.012651761709353355,0,0,12,17,6,0.6111111111111112,1
clintox,classification,83,2,4,0.005,retrospective working threshold with sensitivity grid,0.03342389531300994,0,1,2,1,2,0.5,0
clintox,classification,83,2,4,0.01,retrospective working threshold with sensitivity grid,0.028423895313009935,0,1,2,1,2,0.5,0
clintox,classification,83,2,4,0.02,retrospective working threshold with sensitivity grid,0.018423895313009937,0,1,3,3,3,1.0,1
clintox,classification,83,2,8,0.005,retrospective working threshold with sensitivity grid,0.010460180519810128,0,1,1,1,1,0.0,0
clintox,classification,83,2,8,0.01,retrospective working threshold with sensitivity grid,0.005460180519810129,0,1,1,2,1,0.0,0
clintox,classification,83,2,8,0.02,retrospective working threshold with sensitivity grid,0.0,1,1,1,4,1,0.25,1
clintox,classification,83,2,16,0.005,retrospective working threshold with sensitivity grid,0.0414349149961939,0,0,1,2,2,0.0,0
clintox,classification,83,2,16,0.01,retrospective working threshold with sensitivity grid,0.0364349149961939,0,0,2,4,2,0.0,0
clintox,classification,83,2,16,0.02,retrospective working threshold with sensitivity grid,0.0264349149961939,0,0,3,9,4,0.2,0
clintox,classification,83,2,32,0.005,retrospective working threshold with sensitivity grid,0.0414349149961939,0,0,1,3,4,0.0,0
clintox,classification,83,2,32,0.01,retrospective working threshold with sensitivity grid,0.0364349149961939,0,0,3,9,9,0.09090909090909091,0
clintox,classification,83,2,32,0.02,retrospective working threshold with sensitivity grid,0.0264349149961939,0,0,7,17,14,0.2,0
clintox,classification,83,3,4,0.005,retrospective working threshold with sensitivity grid,0.004001636661211232,0,1,1,1,1,1.0,1
clintox,classification,83,3,4,0.01,retrospective working threshold with sensitivity grid,0.0,1,1,4,1,1,0.25,1
clintox,classification,83,3,4,0.02,retrospective working threshold with sensitivity grid,0.0,1,1,4,3,1,0.75,1
clintox,classification,83,3,8,0.005,retrospective working threshold with sensitivity grid,0.04591834879068935,0,0,2,1,1,0.0,0
clintox,classification,83,3,8,0.01,retrospective working threshold with sensitivity grid,0.04091834879068935,0,0,3,2,1,0.0,0
clintox,classification,83,3,8,0.02,retrospective working threshold with sensitivity grid,0.03091834879068935,0,0,7,4,2,0.375,0
clintox,classification,83,3,16,0.005,retrospective working threshold with sensitivity grid,0.04591834879068935,0,0,2,2,2,0.0,0
clintox,classification,83,3,16,0.01,retrospective working threshold with sensitivity grid,0.04091834879068935,0,0,5,4,4,0.125,0
clintox,classification,83,3,16,0.02,retrospective working threshold with sensitivity grid,0.03091834879068935,0,0,12,9,6,0.5,0
clintox,classification,83,3,32,0.005,retrospective working threshold with sensitivity grid,0.05782960538279692,0,0,3,3,1,0.5,0
clintox,classification,83,3,32,0.01,retrospective working threshold with sensitivity grid,0.052829605382796914,0,0,6,9,4,0.25,0
clintox,classification,83,3,32,0.02,retrospective working threshold with sensitivity grid,0.04282960538279691,0,0,16,17,7,0.65,1
clintox,classification,97,1,4,0.005,retrospective working threshold with sensitivity grid,0.031040145985401505,0,1,1,1,1,1.0,1
clintox,classification,97,1,4,0.01,retrospective working threshold with sensitivity grid,0.026040145985401504,0,1,1,1,2,1.0,1
clintox,classification,97,1,4,0.02,retrospective working threshold with sensitivity grid,0.016040145985401506,0,1,2,2,2,1.0,1
clintox,classification,97,1,8,0.005,retrospective working threshold with sensitivity grid,0.0,1,1,3,1,2,0.3333333333333333,0
clintox,classification,97,1,8,0.01,retrospective working threshold with sensitivity grid,0.0,1,1,3,3,2,0.5,0
clintox,classification,97,1,8,0.02,retrospective working threshold with sensitivity grid,0.0,1,1,4,5,3,0.8,1
clintox,classification,97,1,16,0.005,retrospective working threshold with sensitivity grid,0.0,1,1,2,2,3,0.3333333333333333,1
clintox,classification,97,1,16,0.01,retrospective working threshold with sensitivity grid,0.0,1,1,5,4,4,0.2857142857142857,1
clintox,classification,97,1,16,0.02,retrospective working threshold with sensitivity grid,0.0,1,1,7,10,7,0.5454545454545454,1
clintox,classification,97,1,32,0.005,retrospective working threshold with sensitivity grid,0.0,1,0,2,3,1,0.0,0
clintox,classification,97,1,32,0.01,retrospective working threshold with sensitivity grid,0.0,1,0,5,8,2,0.08333333333333333,1
clintox,classification,97,1,32,0.02,retrospective working threshold with sensitivity grid,0.0,1,1,7,16,11,0.15,1
clintox,classification,97,2,4,0.005,retrospective working threshold with sensitivity grid,0.005705789056304482,0,1,1,1,2,1.0,1
clintox,classification,97,2,4,0.01,retrospective working threshold with sensitivity grid,0.000705789056304482,0,1,1,1,2,1.0,1
clintox,classification,97,2,4,0.02,retrospective working threshold with sensitivity grid,0.0,1,1,2,2,4,0.3333333333333333,1
clintox,classification,97,2,8,0.005,retrospective working threshold with sensitivity grid,0.0016085117631509148,0,0,3,1,2,0.3333333333333333,0
clintox,classification,97,2,8,0.01,retrospective working threshold with sensitivity grid,0.0,1,0,4,3,2,0.75,1
clintox,classification,97,2,8,0.02,retrospective working threshold with sensitivity grid,0.0,1,0,5,5,2,0.6666666666666666,1
clintox,classification,97,2,16,0.005,retrospective working threshold with sensitivity grid,0.004780597409463354,0,0,2,2,2,0.0,0
clintox,classification,97,2,16,0.01,retrospective working threshold with sensitivity grid,0.0,1,0,3,4,2,0.0,0
clintox,classification,97,2,16,0.02,retrospective working threshold with sensitivity grid,0.0,1,0,8,10,3,0.6363636363636364,1
clintox,classification,97,2,32,0.005,retrospective working threshold with sensitivity grid,0.00041897964578375014,0,0,1,3,1,0.0,0
clintox,classification,97,2,32,0.01,retrospective working threshold with sensitivity grid,0.0,1,0,2,8,3,0.25,1
clintox,classification,97,2,32,0.02,retrospective working threshold with sensitivity grid,0.0,1,0,3,16,4,0.1875,1
clintox,classification,97,3,4,0.005,retrospective working threshold with sensitivity grid,0.0227777777777779,0,0,1,1,1,0.0,0
clintox,classification,97,3,4,0.01,retrospective working threshold with sensitivity grid,0.0177777777777779,0,0,1,1,1,0.0,0
clintox,classification,97,3,4,0.02,retrospective working threshold with sensitivity grid,0.007777777777777901,0,0,3,2,2,0.6666666666666666,0
clintox,classification,97,3,8,0.005,retrospective working threshold with sensitivity grid,0.0,1,0,2,1,1,0.5,0
clintox,classification,97,3,8,0.01,retrospective working threshold with sensitivity grid,0.0,1,1,2,3,2,0.6666666666666666,1
clintox,classification,97,3,8,0.02,retrospective working threshold with sensitivity grid,0.0,1,1,4,5,2,0.5,1
clintox,classification,97,3,16,0.005,retrospective working threshold with sensitivity grid,0.005536398467432928,0,0,1,2,1,0.5,1
clintox,classification,97,3,16,0.01,retrospective working threshold with sensitivity grid,0.0005363984674329279,0,0,5,4,2,0.5,1
clintox,classification,97,3,16,0.02,retrospective working threshold with sensitivity grid,0.0,1,0,6,10,2,0.45454545454545453,1
clintox,classification,97,3,32,0.005,retrospective working threshold with sensitivity grid,0.0,1,0,1,3,1,0.3333333333333333,1
clintox,classification,97,3,32,0.01,retrospective working threshold with sensitivity grid,0.0,1,0,5,8,2,0.625,1
clintox,classification,97,3,32,0.02,retrospective working threshold with sensitivity grid,0.0,1,0,12,16,2,0.5555555555555556,1
clintox,classification,113,1,4,0.005,retrospective working threshold with sensitivity grid,0.0,1,1,1,1,2,1.0,1
clintox,classification,113,1,4,0.01,retrospective working threshold with sensitivity grid,0.0,1,1,1,1,2,1.0,1
clintox,classification,113,1,4,0.02,retrospective working threshold with sensitivity grid,0.0,1,1,2,2,2,1.0,1
clintox,classification,113,1,8,0.005,retrospective working threshold with sensitivity grid,0.0031894188596493,0,0,1,1,1,1.0,1
clintox,classification,113,1,8,0.01,retrospective working threshold with sensitivity grid,0.0,1,0,2,2,1,1.0,1
clintox,classification,113,1,8,0.02,retrospective working threshold with sensitivity grid,0.0,1,0,2,4,3,0.5,1
clintox,classification,113,1,16,0.005,retrospective working threshold with sensitivity grid,0.0031894188596493,0,0,1,2,1,0.5,1
clintox,classification,113,1,16,0.01,retrospective working threshold with sensitivity grid,0.0,1,0,2,5,1,0.4,1
clintox,classification,113,1,16,0.02,retrospective working threshold with sensitivity grid,0.0,1,0,4,9,4,0.4444444444444444,1
clintox,classification,113,1,32,0.005,retrospective working threshold with sensitivity grid,0.0031894188596493,0,0,1,3,1,0.0,0
clintox,classification,113,1,32,0.01,retrospective working threshold with sensitivity grid,0.0,1,0,2,9,2,0.1,1
clintox,classification,113,1,32,0.02,retrospective working threshold with sensitivity grid,0.0,1,0,4,17,10,0.23529411764705882,1
clintox,classification,113,2,4,0.005,retrospective working threshold with sensitivity grid,0.02483302696078438,0,1,1,1,1,1.0,1
clintox,classification,113,2,4,0.01,retrospective working threshold with sensitivity grid,0.01983302696078438,0,1,1,1,1,1.0,1
clintox,classification,113,2,4,0.02,retrospective working threshold with sensitivity grid,0.00983302696078438,0,1,1,2,3,0.5,1
clintox,classification,113,2,8,0.005,retrospective working threshold with sensitivity grid,0.025560661764705842,0,0,1,1,2,0.0,0
clintox,classification,113,2,8,0.01,retrospective working threshold with sensitivity grid,0.02056066176470584,0,0,2,2,2,0.3333333333333333,0
clintox,classification,113,2,8,0.02,retrospective working threshold with sensitivity grid,0.010560661764705843,0,0,4,4,2,0.6,1
clintox,classification,113,2,16,0.005,retrospective working threshold with sensitivity grid,0.025560661764705842,0,0,1,2,2,0.0,0
clintox,classification,113,2,16,0.01,retrospective working threshold with sensitivity grid,0.02056066176470584,0,0,2,5,2,0.16666666666666666,0
clintox,classification,113,2,16,0.02,retrospective working threshold with sensitivity grid,0.010560661764705843,0,0,4,9,2,0.3,1
clintox,classification,113,2,32,0.005,retrospective working threshold with sensitivity grid,0.025560661764705842,0,0,1,3,1,0.0,0
clintox,classification,113,2,32,0.01,retrospective working threshold with sensitivity grid,0.02056066176470584,0,0,2,9,1,0.1,0
clintox,classification,113,2,32,0.02,retrospective working threshold with sensitivity grid,0.010560661764705843,0,0,5,17,6,0.2222222222222222,1
clintox,classification,113,3,4,0.005,retrospective working threshold with sensitivity grid,0.011245039682539763,0,1,1,1,1,1.0,1
clintox,classification,113,3,4,0.01,retrospective working threshold with sensitivity grid,0.006245039682539763,0,1,1,1,1,1.0,1
clintox,classification,113,3,4,0.02,retrospective working threshold with sensitivity grid,0.0,1,1,1,2,1,0.5,1
clintox,classification,113,3,8,0.005,retrospective working threshold with sensitivity grid,0.0,1,1,1,1,2,0.0,0
clintox,classification,113,3,8,0.01,retrospective working threshold with sensitivity grid,0.0,1,1,1,2,2,0.0,0
clintox,classification,113,3,8,0.02,retrospective working threshold with sensitivity grid,0.0,1,1,4,4,2,1.0,1
clintox,classification,113,3,16,0.005,retrospective working threshold with sensitivity grid,0.0,1,0,1,2,1,0.0,0
clintox,classification,113,3,16,0.01,retrospective working threshold with sensitivity grid,0.0,1,1,1,5,2,0.0,0
clintox,classification,113,3,16,0.02,retrospective working threshold with sensitivity grid,0.0,1,1,7,9,3,0.6,1
clintox,classification,113,3,32,0.005,retrospective working threshold with sensitivity grid,0.0,1,0,1,3,1,0.3333333333333333,1
clintox,classification,113,3,32,0.01,retrospective working threshold with sensitivity grid,0.0,1,0,1,9,2,0.1111111111111111,1
clintox,classification,113,3,32,0.02,retrospective working threshold with sensitivity grid,0.0,1,1,5,17,4,0.29411764705882354,1
clintox,classification,127,1,4,0.005,retrospective working threshold with sensitivity grid,0.025016902721921034,0,1,1,1,1,1.0,1
clintox,classification,127,1,4,0.01,retrospective working threshold with sensitivity grid,0.020016902721921033,0,1,3,1,1,0.3333333333333333,1
clintox,classification,127,1,4,0.02,retrospective working threshold with sensitivity grid,0.010016902721921035,0,1,4,2,1,0.5,1
clintox,classification,127,1,8,0.005,retrospective working threshold with sensitivity grid,0.028397447106137345,0,0,2,1,1,0.5,1
clintox,classification,127,1,8,0.01,retrospective working threshold with sensitivity grid,0.023397447106137344,0,0,2,2,1,1.0,1
clintox,classification,127,1,8,0.02,retrospective working threshold with sensitivity grid,0.013397447106137345,0,0,2,4,2,0.5,1
clintox,classification,127,1,16,0.005,retrospective working threshold with sensitivity grid,0.028397447106137345,0,0,2,2,4,0.3333333333333333,1
clintox,classification,127,1,16,0.01,retrospective working threshold with sensitivity grid,0.023397447106137344,0,0,2,4,4,0.5,1
clintox,classification,127,1,16,0.02,retrospective working threshold with sensitivity grid,0.013397447106137345,0,0,3,9,5,0.3333333333333333,1
clintox,classification,127,1,32,0.005,retrospective working threshold with sensitivity grid,0.028397447106137345,0,0,2,3,6,0.0,0
clintox,classification,127,1,32,0.01,retrospective working threshold with sensitivity grid,0.023397447106137344,0,0,2,8,11,0.1111111111111111,1
clintox,classification,127,1,32,0.02,retrospective working threshold with sensitivity grid,0.013397447106137345,0,0,4,17,15,0.16666666666666666,1
clintox,classification,127,2,4,0.005,retrospective working threshold with sensitivity grid,0.0,1,1,1,1,2,1.0,1
clintox,classification,127,2,4,0.01,retrospective working threshold with sensitivity grid,0.0,1,1,2,1,2,0.5,1
clintox,classification,127,2,4,0.02,retrospective working threshold with sensitivity grid,0.0,1,1,3,2,3,0.6666666666666666,1
clintox,classification,127,2,8,0.005,retrospective working threshold with sensitivity grid,0.030894206549118345,0,0,2,1,2,0.5,0
clintox,classification,127,2,8,0.01,retrospective working threshold with sensitivity grid,0.025894206549118344,0,0,2,2,4,0.3333333333333333,0
clintox,classification,127,2,8,0.02,retrospective working threshold with sensitivity grid,0.015894206549118346,0,0,4,4,4,0.6,1
clintox,classification,127,2,16,0.005,retrospective working threshold with sensitivity grid,0.030894206549118345,0,0,4,2,2,0.2,0
clintox,classification,127,2,16,0.01,retrospective working threshold with sensitivity grid,0.025894206549118344,0,0,4,4,4,0.14285714285714285,0
clintox,classification,127,2,16,0.02,retrospective working threshold with sensitivity grid,0.015894206549118346,0,0,8,9,8,0.5454545454545454,1
clintox,classification,127,2,32,0.005,retrospective working threshold with sensitivity grid,0.030894206549118345,0,0,7,3,1,0.1111111111111111,0
clintox,classification,127,2,32,0.01,retrospective working threshold with sensitivity grid,0.025894206549118344,0,0,8,8,1,0.3333333333333333,0
clintox,classification,127,2,32,0.02,retrospective working threshold with sensitivity grid,0.015894206549118346,0,0,15,17,4,0.391304347826087,1
clintox,classification,127,3,4,0.005,retrospective working threshold with sensitivity grid,0.05299078969810667,0,1,2,1,1,0.5,1
clintox,classification,127,3,4,0.01,retrospective working threshold with sensitivity grid,0.04799078969810667,0,1,2,1,1,0.5,1
clintox,classification,127,3,4,0.02,retrospective working threshold with sensitivity grid,0.03799078969810667,0,1,2,2,2,0.3333333333333333,1
clintox,classification,127,3,8,0.005,retrospective working threshold with sensitivity grid,0.0190491216100972,0,0,1,1,1,0.0,0
clintox,classification,127,3,8,0.01,retrospective working threshold with sensitivity grid,0.014049121610097201,0,0,2,2,1,0.0,0
clintox,classification,127,3,8,0.02,retrospective working threshold with sensitivity grid,0.004049121610097201,0,1,5,4,3,0.8,1
clintox,classification,127,3,16,0.005,retrospective working threshold with sensitivity grid,0.0190491216100972,0,0,1,2,2,0.0,0
clintox,classification,127,3,16,0.01,retrospective working threshold with sensitivity grid,0.014049121610097201,0,0,2,4,4,0.0,0
clintox,classification,127,3,16,0.02,retrospective working threshold with sensitivity grid,0.004049121610097201,0,1,8,9,8,0.7,1
clintox,classification,127,3,32,0.005,retrospective working threshold with sensitivity grid,0.014465290806754186,0,0,2,3,3,0.25,1
clintox,classification,127,3,32,0.01,retrospective working threshold with sensitivity grid,0.009465290806754187,0,0,3,8,4,0.2222222222222222,1
clintox,classification,127,3,32,0.02,retrospective working threshold with sensitivity grid,0.0,1,0,5,17,13,0.15789473684210525,1
clintox,classification,149,1,4,0.005,retrospective working threshold with sensitivity grid,0.0792696629213484,0,0,2,1,1,0.5,0
clintox,classification,149,1,4,0.01,retrospective working threshold with sensitivity grid,0.07426966292134841,0,0,3,1,1,0.3333333333333333,0
clintox,classification,149,1,4,0.02,retrospective working threshold with sensitivity grid,0.0642696629213484,0,0,4,2,1,0.5,0
clintox,classification,149,1,8,0.005,retrospective working threshold with sensitivity grid,0.0202808988764045,0,0,2,1,1,0.5,0
clintox,classification,149,1,8,0.01,retrospective working threshold with sensitivity grid,0.0152808988764045,0,0,2,2,2,1.0,1
clintox,classification,149,1,8,0.02,retrospective working threshold with sensitivity grid,0.0052808988764045,0,0,3,4,2,0.75,1
clintox,classification,149,1,16,0.005,retrospective working threshold with sensitivity grid,0.03110720973782766,0,0,1,2,2,0.0,0
clintox,classification,149,1,16,0.01,retrospective working threshold with sensitivity grid,0.02610720973782766,0,0,5,4,3,0.5,0
clintox,classification,149,1,16,0.02,retrospective working threshold with sensitivity grid,0.01610720973782766,0,0,7,9,4,0.6,1
clintox,classification,149,1,32,0.005,retrospective working threshold with sensitivity grid,0.0,1,1,2,3,3,0.25,1
clintox,classification,149,1,32,0.01,retrospective working threshold with sensitivity grid,0.0,1,1,5,9,5,0.2727272727272727,1
clintox,classification,149,1,32,0.02,retrospective working threshold with sensitivity grid,0.0,1,1,16,16,7,0.7777777777777778,1
clintox,classification,149,2,4,0.005,retrospective working threshold with sensitivity grid,0.04477895667550858,0,0,2,1,1,0.5,0
clintox,classification,149,2,4,0.01,retrospective working threshold with sensitivity grid,0.03977895667550858,0,0,3,1,3,0.3333333333333333,0
clintox,classification,149,2,4,0.02,retrospective working threshold with sensitivity grid,0.02977895667550858,0,1,4,2,4,0.5,1
clintox,classification,149,2,8,0.005,retrospective working threshold with sensitivity grid,0.0019260241674033994,0,1,1,1,1,0.0,0
clintox,classification,149,2,8,0.01,retrospective working threshold with sensitivity grid,0.0,1,1,1,2,1,0.0,0
clintox,classification,149,2,8,0.02,retrospective working threshold with sensitivity grid,0.0,1,1,1,4,2,0.25,1
clintox,classification,149,2,16,0.005,retrospective working threshold with sensitivity grid,0.0019260241674033994,0,1,1,2,2,0.0,0
clintox,classification,149,2,16,0.01,retrospective working threshold with sensitivity grid,0.0,1,1,1,4,2,0.0,0
clintox,classification,149,2,16,0.02,retrospective working threshold with sensitivity grid,0.0,1,1,2,9,4,0.2222222222222222,1
clintox,classification,149,2,32,0.005,retrospective working threshold with sensitivity grid,0.0019260241674033994,0,0,1,3,1,0.0,0
clintox,classification,149,2,32,0.01,retrospective working threshold with sensitivity grid,0.0,1,0,2,9,3,0.0,0
clintox,classification,149,2,32,0.02,retrospective working threshold with sensitivity grid,0.0,1,1,4,16,10,0.05263157894736842,0
clintox,classification,149,3,4,0.005,retrospective working threshold with sensitivity grid,0.0,1,1,1,1,1,1.0,1
clintox,classification,149,3,4,0.01,retrospective working threshold with sensitivity grid,0.0,1,1,1,1,2,1.0,1
clintox,classification,149,3,4,0.02,retrospective working threshold with sensitivity grid,0.0,1,1,2,2,3,1.0,1
clintox,classification,149,3,8,0.005,retrospective working threshold with sensitivity grid,0.0,1,0,1,1,2,0.0,0
clintox,classification,149,3,8,0.01,retrospective working threshold with sensitivity grid,0.0,1,0,1,2,4,0.0,0
clintox,classification,149,3,8,0.02,retrospective working threshold with sensitivity grid,0.0,1,1,2,4,7,0.5,1
clintox,classification,149,3,16,0.005,retrospective working threshold with sensitivity grid,0.0,1,0,1,2,1,0.0,0
clintox,classification,149,3,16,0.01,retrospective working threshold with sensitivity grid,0.0,1,0,1,4,1,0.0,0
clintox,classification,149,3,16,0.02,retrospective working threshold with sensitivity grid,0.0,1,0,3,9,1,0.3333333333333333,1
clintox,classification,149,3,32,0.005,retrospective working threshold with sensitivity grid,0.0,1,0,3,3,1,0.2,0
clintox,classification,149,3,32,0.01,retrospective working threshold with sensitivity grid,0.0,1,0,5,9,2,0.4,0
clintox,classification,149,3,32,0.02,retrospective working threshold with sensitivity grid,0.0,1,0,10,16,4,0.3684210526315789,0
esol,regression,11,1,4,0.025,retrospective working threshold with sensitivity grid,0.0,1,1,1,1,1,1.0,1
esol,regression,11,1,4,0.05,retrospective working threshold with sensitivity grid,0.0,1,1,1,1,1,1.0,1
esol,regression,11,1,4,0.1,retrospective working threshold with sensitivity grid,0.0,1,1,1,1,1,1.0,1
esol,regression,11,1,8,0.025,retrospective working threshold with sensitivity grid,0.0,1,1,1,1,1,1.0,1
esol,regression,11,1,8,0.05,retrospective working threshold with sensitivity grid,0.0,1,1,1,1,1,1.0,1
esol,regression,11,1,8,0.1,retrospective working threshold with sensitivity grid,0.0,1,1,4,3,2,0.75,1
esol,regression,11,1,16,0.025,retrospective working threshold with sensitivity grid,0.0,1,0,1,2,1,0.5,1
esol,regression,11,1,16,0.05,retrospective working threshold with sensitivity grid,0.0,1,1,1,3,4,0.3333333333333333,1
esol,regression,11,1,16,0.1,retrospective working threshold with sensitivity grid,0.0,1,1,9,9,5,0.8,1
esol,regression,11,1,32,0.025,retrospective working threshold with sensitivity grid,0.0,1,0,1,2,3,0.5,1
esol,regression,11,1,32,0.05,retrospective working threshold with sensitivity grid,0.0,1,1,2,6,9,0.3333333333333333,1
esol,regression,11,1,32,0.1,retrospective working threshold with sensitivity grid,0.0,1,1,14,18,13,0.6842105263157895,1
esol,regression,11,2,4,0.025,retrospective working threshold with sensitivity grid,0.0,1,1,1,1,1,1.0,1
esol,regression,11,2,4,0.05,retrospective working threshold with sensitivity grid,0.0,1,1,1,1,1,1.0,1
esol,regression,11,2,4,0.1,retrospective working threshold with sensitivity grid,0.0,1,1,1,1,1,1.0,1
esol,regression,11,2,8,0.025,retrospective working threshold with sensitivity grid,0.315238911140025,0,0,1,1,1,0.0,0
esol,regression,11,2,8,0.05,retrospective working threshold with sensitivity grid,0.29023891114002504,0,0,2,1,1,0.0,0
esol,regression,11,2,8,0.1,retrospective working threshold with sensitivity grid,0.24023891114002502,0,0,5,3,1,0.6,1
esol,regression,11,2,16,0.025,retrospective working threshold with sensitivity grid,0.1584293960808564,0,0,2,2,1,0.3333333333333333,1
esol,regression,11,2,16,0.05,retrospective working threshold with sensitivity grid,0.1334293960808564,0,0,6,3,1,0.2857142857142857,1
esol,regression,11,2,16,0.1,retrospective working threshold with sensitivity grid,0.0834293960808564,0,0,8,9,1,0.7,1
esol,regression,11,2,32,0.025,retrospective working threshold with sensitivity grid,0.24561637119287064,0,0,4,2,1,0.2,0
esol,regression,11,2,32,0.05,retrospective working threshold with sensitivity grid,0.22061637119287064,0,0,9,6,1,0.5,1
esol,regression,11,2,32,0.1,retrospective working threshold with sensitivity grid,0.17061637119287063,0,0,16,18,1,0.7894736842105263,1
esol,regression,11,3,4,0.025,retrospective working threshold with sensitivity grid,0.0,1,1,1,1,1,1.0,1
esol,regression,11,3,4,0.05,retrospective working threshold with sensitivity grid,0.0,1,1,1,1,1,1.0,1
esol,regression,11,3,4,0.1,retrospective working threshold with sensitivity grid,0.0,1,1,1,1,1,1.0,1
esol,regression,11,3,8,0.025,retrospective working threshold with sensitivity grid,0.0,1,0,1,1,1,1.0,1
esol,regression,11,3,8,0.05,retrospective working threshold with sensitivity grid,0.0,1,0,1,1,1,1.0,1
esol,regression,11,3,8,0.1,retrospective working threshold with sensitivity grid,0.0,1,0,1,3,1,0.3333333333333333,1
esol,regression,11,3,16,0.025,retrospective working threshold with sensitivity grid,0.0,1,0,1,2,2,0.5,1
esol,regression,11,3,16,0.05,retrospective working threshold with sensitivity grid,0.0,1,0,1,3,3,0.3333333333333333,1
esol,regression,11,3,16,0.1,retrospective working threshold with sensitivity grid,0.0,1,0,1,9,5,0.1111111111111111,1
esol,regression,11,3,32,0.025,retrospective working threshold with sensitivity grid,0.0,1,0,1,2,3,0.5,1
esol,regression,11,3,32,0.05,retrospective working threshold with sensitivity grid,0.0,1,0,1,6,5,0.16666666666666666,1
esol,regression,11,3,32,0.1,retrospective working threshold with sensitivity grid,0.0,1,0,1,18,10,0.05555555555555555,1
esol,regression,23,1,4,0.025,retrospective working threshold with sensitivity grid,0.0,1,1,1,1,1,1.0,1
esol,regression,23,1,4,0.05,retrospective working threshold with sensitivity grid,0.0,1,1,1,1,1,1.0,1
esol,regression,23,1,4,0.1,retrospective working threshold with sensitivity grid,0.0,1,1,1,1,1,1.0,1
esol,regression,23,1,8,0.025,retrospective working threshold with sensitivity grid,0.0,1,1,1,1,1,1.0,1
esol,regression,23,1,8,0.05,retrospective working threshold with sensitivity grid,0.0,1,1,2,1,1,0.5,1
esol,regression,23,1,8,0.1,retrospective working threshold with sensitivity grid,0.0,1,1,5,2,1,0.4,1
esol,regression,23,1,16,0.025,retrospective working threshold with sensitivity grid,0.0,1,1,2,2,1,0.3333333333333333,1
esol,regression,23,1,16,0.05,retrospective working threshold with sensitivity grid,0.0,1,1,6,3,2,0.125,1
esol,regression,23,1,16,0.1,retrospective working threshold with sensitivity grid,0.0,1,1,10,8,4,0.5,1
esol,regression,23,1,32,0.025,retrospective working threshold with sensitivity grid,0.0,1,1,2,2,1,0.3333333333333333,1
esol,regression,23,1,32,0.05,retrospective working threshold with sensitivity grid,0.0,1,1,6,6,3,0.09090909090909091,1
esol,regression,23,1,32,0.1,retrospective working threshold with sensitivity grid,0.0,1,1,17,17,9,0.4166666666666667,1
esol,regression,23,2,4,0.025,retrospective working threshold with sensitivity grid,0.0,1,1,1,1,1,1.0,1
esol,regression,23,2,4,0.05,retrospective working threshold with sensitivity grid,0.0,1,1,1,1,1,1.0,1
esol,regression,23,2,4,0.1,retrospective working threshold with sensitivity grid,0.0,1,1,1,1,1,1.0,1
esol,regression,23,2,8,0.025,retrospective working threshold with sensitivity grid,0.23372372241944253,0,0,1,1,1,0.0,0
esol,regression,23,2,8,0.05,retrospective working threshold with sensitivity grid,0.20872372241944254,0,0,1,1,1,0.0,0
esol,regression,23,2,8,0.1,retrospective working threshold with sensitivity grid,0.15872372241944252,0,0,4,2,1,0.5,1
esol,regression,23,2,16,0.025,retrospective working threshold with sensitivity grid,0.09060003349347148,0,0,1,2,1,0.5,1
esol,regression,23,2,16,0.05,retrospective working threshold with sensitivity grid,0.06560003349347147,0,0,2,3,1,0.6666666666666666,1
esol,regression,23,2,16,0.1,retrospective working threshold with sensitivity grid,0.015600033493471471,0,0,4,8,1,0.5,1
esol,regression,23,2,32,0.025,retrospective working threshold with sensitivity grid,0.17615679877337,0,0,3,2,1,0.25,0
esol,regression,23,2,32,0.05,retrospective working threshold with sensitivity grid,0.15115679877337002,0,0,10,6,1,0.45454545454545453,1
esol,regression,23,2,32,0.1,retrospective working threshold with sensitivity grid,0.10115679877337,0,0,14,17,1,0.7222222222222222,1
esol,regression,23,3,4,0.025,retrospective working threshold with sensitivity grid,0.0,1,1,1,1,1,1.0,1
esol,regression,23,3,4,0.05,retrospective working threshold with sensitivity grid,0.0,1,1,1,1,1,1.0,1
esol,regression,23,3,4,0.1,retrospective working threshold with sensitivity grid,0.0,1,1,1,1,1,1.0,1
esol,regression,23,3,8,0.025,retrospective working threshold with sensitivity grid,0.0,1,0,1,1,1,1.0,1
esol,regression,23,3,8,0.05,retrospective working threshold with sensitivity grid,0.0,1,0,1,1,2,1.0,1
esol,regression,23,3,8,0.1,retrospective working threshold with sensitivity grid,0.0,1,0,1,2,3,0.5,1
esol,regression,23,3,16,0.025,retrospective working threshold with sensitivity grid,0.0,1,0,1,2,3,0.5,1
esol,regression,23,3,16,0.05,retrospective working threshold with sensitivity grid,0.0,1,0,1,3,6,0.3333333333333333,1
esol,regression,23,3,16,0.1,retrospective working threshold with sensitivity grid,0.0,1,0,2,8,9,0.25,1
esol,regression,23,3,32,0.025,retrospective working threshold with sensitivity grid,0.0,1,0,1,2,3,0.5,1
esol,regression,23,3,32,0.05,retrospective working threshold with sensitivity grid,0.0,1,0,1,6,11,0.16666666666666666,1
esol,regression,23,3,32,0.1,retrospective working threshold with sensitivity grid,0.0,1,0,3,17,20,0.17647058823529413,1
esol,regression,37,1,4,0.025,retrospective working threshold with sensitivity grid,0.0,1,1,1,1,1,1.0,1
esol,regression,37,1,4,0.05,retrospective working threshold with sensitivity grid,0.0,1,1,1,1,1,1.0,1
esol,regression,37,1,4,0.1,retrospective working threshold with sensitivity grid,0.0,1,1,1,1,1,1.0,1
esol,regression,37,1,8,0.025,retrospective working threshold with sensitivity grid,0.21326260224689655,0,0,1,1,1,0.0,0
esol,regression,37,1,8,0.05,retrospective working threshold with sensitivity grid,0.18826260224689656,0,0,1,1,1,0.0,0
esol,regression,37,1,8,0.1,retrospective working threshold with sensitivity grid,0.13826260224689654,0,0,4,2,1,0.2,1
esol,regression,37,1,16,0.025,retrospective working threshold with sensitivity grid,0.14704638381537075,0,0,2,2,1,0.3333333333333333,1
esol,regression,37,1,16,0.05,retrospective working threshold with sensitivity grid,0.12204638381537074,0,0,2,3,1,0.6666666666666666,1
esol,regression,37,1,16,0.1,retrospective working threshold with sensitivity grid,0.07204638381537073,0,0,4,8,1,0.5,1
esol,regression,37,1,32,0.025,retrospective working threshold with sensitivity grid,0.14704638381537075,0,0,6,2,1,0.14285714285714285,1
esol,regression,37,1,32,0.05,retrospective working threshold with sensitivity grid,0.12204638381537074,0,0,8,6,1,0.5555555555555556,1
esol,regression,37,1,32,0.1,retrospective working threshold with sensitivity grid,0.07204638381537073,0,0,14,17,1,0.7222222222222222,1
esol,regression,37,2,4,0.025,retrospective working threshold with sensitivity grid,0.0,1,1,1,1,1,1.0,1
esol,regression,37,2,4,0.05,retrospective working threshold with sensitivity grid,0.0,1,1,1,1,1,1.0,1
esol,regression,37,2,4,0.1,retrospective working threshold with sensitivity grid,0.0,1,1,1,1,1,1.0,1
esol,regression,37,2,8,0.025,retrospective working threshold with sensitivity grid,0.0,1,1,1,1,2,1.0,1
esol,regression,37,2,8,0.05,retrospective working threshold with sensitivity grid,0.0,1,1,1,1,2,1.0,1
esol,regression,37,2,8,0.1,retrospective working threshold with sensitivity grid,0.0,1,1,1,2,2,0.5,1
esol,regression,37,2,16,0.025,retrospective working threshold with sensitivity grid,0.0,1,0,1,2,1,0.5,1
esol,regression,37,2,16,0.05,retrospective working threshold with sensitivity grid,0.0,1,0,1,3,2,0.3333333333333333,1
esol,regression,37,2,16,0.1,retrospective working threshold with sensitivity grid,0.0,1,1,2,8,5,0.25,1
esol,regression,37,2,32,0.025,retrospective working threshold with sensitivity grid,0.0,1,0,1,2,3,0.5,1
esol,regression,37,2,32,0.05,retrospective working threshold with sensitivity grid,0.0,1,0,1,6,6,0.16666666666666666,1
esol,regression,37,2,32,0.1,retrospective working threshold with sensitivity grid,0.0,1,1,2,17,13,0.11764705882352941,1
esol,regression,37,3,4,0.025,retrospective working threshold with sensitivity grid,0.0,1,1,1,1,1,1.0,1
esol,regression,37,3,4,0.05,retrospective working threshold with sensitivity grid,0.0,1,1,1,1,1,1.0,1
esol,regression,37,3,4,0.1,retrospective working threshold with sensitivity grid,0.0,1,1,1,1,1,1.0,1
esol,regression,37,3,8,0.025,retrospective working threshold with sensitivity grid,0.0,1,0,1,1,1,1.0,1
esol,regression,37,3,8,0.05,retrospective working threshold with sensitivity grid,0.0,1,0,1,1,2,1.0,1
esol,regression,37,3,8,0.1,retrospective working threshold with sensitivity grid,0.0,1,1,4,2,4,0.5,1
esol,regression,37,3,16,0.025,retrospective working threshold with sensitivity grid,0.0,1,0,1,2,3,0.5,1
esol,regression,37,3,16,0.05,retrospective working threshold with sensitivity grid,0.0,1,0,1,3,4,0.3333333333333333,1
esol,regression,37,3,16,0.1,retrospective working threshold with sensitivity grid,0.0,1,1,7,8,9,0.5,1
esol,regression,37,3,32,0.025,retrospective working threshold with sensitivity grid,0.0,1,0,1,2,6,0.5,1
esol,regression,37,3,32,0.05,retrospective working threshold with sensitivity grid,0.0,1,0,1,6,9,0.16666666666666666,1
esol,regression,37,3,32,0.1,retrospective working threshold with sensitivity grid,0.0,1,1,7,17,18,0.2631578947368421,1
esol,regression,53,1,4,0.025,retrospective working threshold with sensitivity grid,0.0,1,1,1,1,1,1.0,1
esol,regression,53,1,4,0.05,retrospective working threshold with sensitivity grid,0.0,1,1,1,1,1,1.0,1
esol,regression,53,1,4,0.1,retrospective working threshold with sensitivity grid,0.0,1,1,1,1,1,1.0,1
esol,regression,53,1,8,0.025,retrospective working threshold with sensitivity grid,0.2639458674035723,0,0,1,1,1,0.0,0
esol,regression,53,1,8,0.05,retrospective working threshold with sensitivity grid,0.23894586740357232,0,0,1,1,1,0.0,0
esol,regression,53,1,8,0.1,retrospective working threshold with sensitivity grid,0.1889458674035723,0,0,3,2,1,0.6666666666666666,1
esol,regression,53,1,16,0.025,retrospective working threshold with sensitivity grid,0.08366416674650426,0,0,1,2,1,0.5,1
esol,regression,53,1,16,0.05,retrospective working threshold with sensitivity grid,0.05866416674650425,0,0,1,2,1,0.5,1
esol,regression,53,1,16,0.1,retrospective working threshold with sensitivity grid,0.008664166746504248,0,0,5,7,1,0.7142857142857143,1
esol,regression,53,1,32,0.025,retrospective working threshold with sensitivity grid,0.16920367455791477,0,0,2,2,1,0.3333333333333333,0
esol,regression,53,1,32,0.05,retrospective working threshold with sensitivity grid,0.14420367455791477,0,0,3,5,1,0.6,1
esol,regression,53,1,32,0.1,retrospective working threshold with sensitivity grid,0.09420367455791476,0,0,11,16,1,0.6875,1
esol,regression,53,2,4,0.025,retrospective working threshold with sensitivity grid,0.0,1,1,1,1,1,1.0,1
esol,regression,53,2,4,0.05,retrospective working threshold with sensitivity grid,0.0,1,1,1,1,1,1.0,1
esol,regression,53,2,4,0.1,retrospective working threshold with sensitivity grid,0.0,1,1,1,1,1,1.0,1
esol,regression,53,2,8,0.025,retrospective working threshold with sensitivity grid,0.0,1,1,1,1,1,1.0,1
esol,regression,53,2,8,0.05,retrospective working threshold with sensitivity grid,0.0,1,1,1,1,2,1.0,1
esol,regression,53,2,8,0.1,retrospective working threshold with sensitivity grid,0.0,1,1,2,2,2,1.0,1
esol,regression,53,2,16,0.025,retrospective working threshold with sensitivity grid,0.0,1,0,1,2,1,0.5,1
esol,regression,53,2,16,0.05,retrospective working threshold with sensitivity grid,0.0,1,0,2,2,1,0.3333333333333333,1
esol,regression,53,2,16,0.1,retrospective working threshold with sensitivity grid,0.0,1,1,4,7,4,0.375,1
esol,regression,53,2,32,0.025,retrospective working threshold with sensitivity grid,0.0,1,0,1,2,2,0.5,1
esol,regression,53,2,32,0.05,retrospective working threshold with sensitivity grid,0.0,1,0,2,5,4,0.16666666666666666,1
esol,regression,53,2,32,0.1,retrospective working threshold with sensitivity grid,0.0,1,1,4,16,10,0.17647058823529413,1
esol,regression,53,3,4,0.025,retrospective working threshold with sensitivity grid,0.0,1,1,1,1,1,1.0,1
esol,regression,53,3,4,0.05,retrospective working threshold with sensitivity grid,0.0,1,1,1,1,1,1.0,1
esol,regression,53,3,4,0.1,retrospective working threshold with sensitivity grid,0.0,1,1,1,1,1,1.0,1
esol,regression,53,3,8,0.025,retrospective working threshold with sensitivity grid,0.0,1,0,1,1,1,1.0,1
esol,regression,53,3,8,0.05,retrospective working threshold with sensitivity grid,0.0,1,0,1,1,1,1.0,1
esol,regression,53,3,8,0.1,retrospective working threshold with sensitivity grid,0.0,1,0,5,2,3,0.4,1
esol,regression,53,3,16,0.025,retrospective working threshold with sensitivity grid,0.0,1,0,1,2,2,0.5,1
esol,regression,53,3,16,0.05,retrospective working threshold with sensitivity grid,0.0,1,0,2,2,3,0.3333333333333333,1
esol,regression,53,3,16,0.1,retrospective working threshold with sensitivity grid,0.0,1,0,8,7,6,0.5,1
esol,regression,53,3,32,0.025,retrospective working threshold with sensitivity grid,0.0,1,0,1,2,3,0.5,1
esol,regression,53,3,32,0.05,retrospective working threshold with sensitivity grid,0.0,1,0,2,5,8,0.16666666666666666,1
esol,regression,53,3,32,0.1,retrospective working threshold with sensitivity grid,0.0,1,0,9,16,14,0.25,1
esol,regression,71,1,4,0.025,retrospective working threshold with sensitivity grid,0.0,1,1,1,1,1,1.0,1
esol,regression,71,1,4,0.05,retrospective working threshold with sensitivity grid,0.0,1,1,1,1,1,1.0,1
esol,regression,71,1,4,0.1,retrospective working threshold with sensitivity grid,0.0,1,1,1,1,1,1.0,1
esol,regression,71,1,8,0.025,retrospective working threshold with sensitivity grid,0.0,1,0,1,1,1,1.0,1
esol,regression,71,1,8,0.05,retrospective working threshold with sensitivity grid,0.0,1,1,1,1,3,1.0,1
esol,regression,71,1,8,0.1,retrospective working threshold with sensitivity grid,0.0,1,1,1,2,4,0.5,1
esol,regression,71,1,16,0.025,retrospective working threshold with sensitivity grid,0.0,1,0,1,2,4,0.5,1
esol,regression,71,1,16,0.05,retrospective working threshold with sensitivity grid,0.0,1,0,1,2,6,0.5,1
esol,regression,71,1,16,0.1,retrospective working threshold with sensitivity grid,0.0,1,1,3,8,10,0.375,1
esol,regression,71,1,32,0.025,retrospective working threshold with sensitivity grid,0.0,1,0,1,2,7,0.5,1
esol,regression,71,1,32,0.05,retrospective working threshold with sensitivity grid,0.0,1,0,1,5,12,0.2,1
esol,regression,71,1,32,0.1,retrospective working threshold with sensitivity grid,0.0,1,1,4,17,18,0.23529411764705882,1
esol,regression,71,2,4,0.025,retrospective working threshold with sensitivity grid,0.0,1,1,1,1,1,1.0,1
esol,regression,71,2,4,0.05,retrospective working threshold with sensitivity grid,0.0,1,1,1,1,1,1.0,1
esol,regression,71,2,4,0.1,retrospective working threshold with sensitivity grid,0.0,1,1,1,1,1,1.0,1
esol,regression,71,2,8,0.025,retrospective working threshold with sensitivity grid,0.0,1,0,1,1,1,1.0,1
esol,regression,71,2,8,0.05,retrospective working threshold with sensitivity grid,0.0,1,0,2,1,1,0.5,1
esol,regression,71,2,8,0.1,retrospective working threshold with sensitivity grid,0.0,1,1,4,2,2,0.5,1
esol,regression,71,2,16,0.025,retrospective working threshold with sensitivity grid,0.0,1,0,1,2,1,0.5,1
esol,regression,71,2,16,0.05,retrospective working threshold with sensitivity grid,0.0,1,0,2,2,3,0.3333333333333333,1
esol,regression,71,2,16,0.1,retrospective working threshold with sensitivity grid,0.0,1,0,9,8,4,0.5454545454545454,1
esol,regression,71,2,32,0.025,retrospective working threshold with sensitivity grid,0.0,1,0,1,2,2,0.5,1
esol,regression,71,2,32,0.05,retrospective working threshold with sensitivity grid,0.0,1,0,2,5,6,0.16666666666666666,1
esol,regression,71,2,32,0.1,retrospective working threshold with sensitivity grid,0.0,1,0,11,17,11,0.4,1
esol,regression,71,3,4,0.025,retrospective working threshold with sensitivity grid,0.0,1,1,1,1,1,1.0,1
esol,regression,71,3,4,0.05,retrospective working threshold with sensitivity grid,0.0,1,1,1,1,1,1.0,1
esol,regression,71,3,4,0.1,retrospective working threshold with sensitivity grid,0.0,1,1,1,1,1,1.0,1
esol,regression,71,3,8,0.025,retrospective working threshold with sensitivity grid,0.22700790170945298,0,0,1,1,1,0.0,0
esol,regression,71,3,8,0.05,retrospective working threshold with sensitivity grid,0.20200790170945299,0,0,1,1,1,0.0,0
esol,regression,71,3,8,0.1,retrospective working threshold with sensitivity grid,0.15200790170945297,0,0,2,2,1,0.3333333333333333,1
esol,regression,71,3,16,0.025,retrospective working threshold with sensitivity grid,0.14830335182559842,0,0,2,2,1,0.3333333333333333,1
esol,regression,71,3,16,0.05,retrospective working threshold with sensitivity grid,0.12330335182559841,0,0,4,2,1,0.2,1
esol,regression,71,3,16,0.1,retrospective working threshold with sensitivity grid,0.07330335182559841,0,0,5,8,1,0.625,1
esol,regression,71,3,32,0.025,retrospective working threshold with sensitivity grid,0.14830335182559842,0,0,3,2,1,0.25,1
esol,regression,71,3,32,0.05,retrospective working threshold with sensitivity grid,0.12330335182559841,0,0,12,5,1,0.3076923076923077,1
esol,regression,71,3,32,0.1,retrospective working threshold with sensitivity grid,0.07330335182559841,0,0,15,17,1,0.7777777777777778,1
esol,regression,83,1,4,0.025,retrospective working threshold with sensitivity grid,0.0,1,1,1,1,1,1.0,1
esol,regression,83,1,4,0.05,retrospective working threshold with sensitivity grid,0.0,1,1,1,1,1,1.0,1
esol,regression,83,1,4,0.1,retrospective working threshold with sensitivity grid,0.0,1,1,1,1,1,1.0,1
esol,regression,83,1,8,0.025,retrospective working threshold with sensitivity grid,0.26758998819728064,0,0,1,1,1,0.0,0
esol,regression,83,1,8,0.05,retrospective working threshold with sensitivity grid,0.24258998819728067,0,0,3,1,1,0.3333333333333333,0
esol,regression,83,1,8,0.1,retrospective working threshold with sensitivity grid,0.19258998819728065,0,0,5,2,1,0.4,1
esol,regression,83,1,16,0.025,retrospective working threshold with sensitivity grid,0.28262041234036495,0,0,2,2,1,0.3333333333333333,0
esol,regression,83,1,16,0.05,retrospective working threshold with sensitivity grid,0.257620412340365,0,0,3,3,1,0.5,0
esol,regression,83,1,16,0.1,retrospective working threshold with sensitivity grid,0.20762041234036496,0,0,8,8,1,0.7777777777777778,1
esol,regression,83,1,32,0.025,retrospective working threshold with sensitivity grid,0.2165818334480513,0,0,2,2,1,0.0,0
esol,regression,83,1,32,0.05,retrospective working threshold with sensitivity grid,0.1915818334480513,0,0,7,6,1,0.4444444444444444,1
esol,regression,83,1,32,0.1,retrospective working threshold with sensitivity grid,0.14158183344805128,0,0,16,17,1,0.8333333333333334,1
esol,regression,83,2,4,0.025,retrospective working threshold with sensitivity grid,0.0,1,1,1,1,1,1.0,1
esol,regression,83,2,4,0.05,retrospective working threshold with sensitivity grid,0.0,1,1,1,1,1,1.0,1
esol,regression,83,2,4,0.1,retrospective working threshold with sensitivity grid,0.0,1,1,1,1,1,1.0,1
esol,regression,83,2,8,0.025,retrospective working threshold with sensitivity grid,0.0,1,1,1,1,1,1.0,1
esol,regression,83,2,8,0.05,retrospective working threshold with sensitivity grid,0.0,1,1,1,1,1,1.0,1
esol,regression,83,2,8,0.1,retrospective working threshold with sensitivity grid,0.0,1,1,2,2,2,1.0,1
esol,regression,83,2,16,0.025,retrospective working threshold with sensitivity grid,0.0,1,0,1,2,1,0.5,1
esol,regression,83,2,16,0.05,retrospective working threshold with sensitivity grid,0.0,1,1,1,3,4,0.3333333333333333,1
esol,regression,83,2,16,0.1,retrospective working threshold with sensitivity grid,0.0,1,1,5,8,5,0.4444444444444444,1
esol,regression,83,2,32,0.025,retrospective working threshold with sensitivity grid,0.0,1,0,1,2,2,0.5,1
esol,regression,83,2,32,0.05,retrospective working threshold with sensitivity grid,0.0,1,1,1,6,11,0.16666666666666666,1
esol,regression,83,2,32,0.1,retrospective working threshold with sensitivity grid,0.0,1,1,5,17,14,0.2222222222222222,1
esol,regression,83,3,4,0.025,retrospective working threshold with sensitivity grid,0.0,1,1,1,1,1,1.0,1
esol,regression,83,3,4,0.05,retrospective working threshold with sensitivity grid,0.0,1,1,1,1,1,1.0,1
esol,regression,83,3,4,0.1,retrospective working threshold with sensitivity grid,0.0,1,1,1,1,1,1.0,1
esol,regression,83,3,8,0.025,retrospective working threshold with sensitivity grid,0.0,1,0,1,1,1,1.0,1
esol,regression,83,3,8,0.05,retrospective working threshold with sensitivity grid,0.0,1,0,1,1,1,1.0,1
esol,regression,83,3,8,0.1,retrospective working threshold with sensitivity grid,0.0,1,1,4,2,3,0.5,1
esol,regression,83,3,16,0.025,retrospective working threshold with sensitivity grid,0.0,1,0,1,2,2,0.5,1
esol,regression,83,3,16,0.05,retrospective working threshold with sensitivity grid,0.0,1,0,1,3,2,0.3333333333333333,1
esol,regression,83,3,16,0.1,retrospective working threshold with sensitivity grid,0.0,1,0,7,8,5,0.5,1
esol,regression,83,3,32,0.025,retrospective working threshold with sensitivity grid,0.0,1,0,1,2,5,0.5,1
esol,regression,83,3,32,0.05,retrospective working threshold with sensitivity grid,0.0,1,0,1,6,6,0.16666666666666666,1
esol,regression,83,3,32,0.1,retrospective working threshold with sensitivity grid,0.0,1,0,8,17,14,0.3157894736842105,1
esol,regression,97,1,4,0.025,retrospective working threshold with sensitivity grid,0.0,1,1,1,1,1,1.0,1
esol,regression,97,1,4,0.05,retrospective working threshold with sensitivity grid,0.0,1,1,1,1,1,1.0,1
esol,regression,97,1,4,0.1,retrospective working threshold with sensitivity grid,0.0,1,1,1,1,1,1.0,1
esol,regression,97,1,8,0.025,retrospective working threshold with sensitivity grid,0.16754391777415215,0,0,1,1,1,0.0,0
esol,regression,97,1,8,0.05,retrospective working threshold with sensitivity grid,0.14254391777415215,0,0,1,1,1,0.0,0
esol,regression,97,1,8,0.1,retrospective working threshold with sensitivity grid,0.09254391777415213,0,0,5,2,1,0.4,1
esol,regression,97,1,16,0.025,retrospective working threshold with sensitivity grid,0.14084688896882117,0,0,3,2,1,0.25,1
esol,regression,97,1,16,0.05,retrospective working threshold with sensitivity grid,0.11584688896882116,0,0,4,3,1,0.4,1
esol,regression,97,1,16,0.1,retrospective working threshold with sensitivity grid,0.06584688896882115,0,0,7,8,1,0.875,1
esol,regression,97,1,32,0.025,retrospective working threshold with sensitivity grid,0.22492222519218844,0,0,2,2,1,0.0,0
esol,regression,97,1,32,0.05,retrospective working threshold with sensitivity grid,0.19992222519218844,0,0,11,6,1,0.3076923076923077,0
esol,regression,97,1,32,0.1,retrospective working threshold with sensitivity grid,0.14992222519218842,0,0,16,17,1,0.8333333333333334,1
esol,regression,97,2,4,0.025,retrospective working threshold with sensitivity grid,0.0,1,1,1,1,1,1.0,1
esol,regression,97,2,4,0.05,retrospective working threshold with sensitivity grid,0.0,1,1,1,1,1,1.0,1
esol,regression,97,2,4,0.1,retrospective working threshold with sensitivity grid,0.0,1,1,1,1,1,1.0,1
esol,regression,97,2,8,0.025,retrospective working threshold with sensitivity grid,0.0,1,1,1,1,2,1.0,1
esol,regression,97,2,8,0.05,retrospective working threshold with sensitivity grid,0.0,1,1,1,1,2,1.0,1
esol,regression,97,2,8,0.1,retrospective working threshold with sensitivity grid,0.0,1,1,1,2,2,0.5,1
esol,regression,97,2,16,0.025,retrospective working threshold with sensitivity grid,0.0,1,0,1,2,2,0.5,1
esol,regression,97,2,16,0.05,retrospective working threshold with sensitivity grid,0.0,1,1,1,3,5,0.3333333333333333,1
esol,regression,97,2,16,0.1,retrospective working threshold with sensitivity grid,0.0,1,1,4,8,6,0.5,1
esol,regression,97,2,32,0.025,retrospective working threshold with sensitivity grid,0.0,1,0,1,2,5,0.5,1
esol,regression,97,2,32,0.05,retrospective working threshold with sensitivity grid,0.0,1,1,1,6,11,0.16666666666666666,1
esol,regression,97,2,32,0.1,retrospective working threshold with sensitivity grid,0.0,1,1,7,17,14,0.4117647058823529,1
esol,regression,97,3,4,0.025,retrospective working threshold with sensitivity grid,0.0,1,1,1,1,1,1.0,1
esol,regression,97,3,4,0.05,retrospective working threshold with sensitivity grid,0.0,1,1,1,1,1,1.0,1
esol,regression,97,3,4,0.1,retrospective working threshold with sensitivity grid,0.0,1,1,1,1,1,1.0,1
esol,regression,97,3,8,0.025,retrospective working threshold with sensitivity grid,0.0,1,0,1,1,1,1.0,1
esol,regression,97,3,8,0.05,retrospective working threshold with sensitivity grid,0.0,1,1,1,1,2,1.0,1
esol,regression,97,3,8,0.1,retrospective working threshold with sensitivity grid,0.0,1,1,1,2,5,0.5,1
esol,regression,97,3,16,0.025,retrospective working threshold with sensitivity grid,0.0,1,0,1,2,2,0.5,1
esol,regression,97,3,16,0.05,retrospective working threshold with sensitivity grid,0.0,1,0,1,3,5,0.3333333333333333,1
esol,regression,97,3,16,0.1,retrospective working threshold with sensitivity grid,0.0,1,1,2,8,9,0.25,1
esol,regression,97,3,32,0.025,retrospective working threshold with sensitivity grid,0.0,1,0,1,2,1,0.5,1
esol,regression,97,3,32,0.05,retrospective working threshold with sensitivity grid,0.0,1,0,1,6,4,0.16666666666666666,1
esol,regression,97,3,32,0.1,retrospective working threshold with sensitivity grid,0.0,1,0,3,17,14,0.17647058823529413,1
esol,regression,113,1,4,0.025,retrospective working threshold with sensitivity grid,0.0,1,1,1,1,1,1.0,1
esol,regression,113,1,4,0.05,retrospective working threshold with sensitivity grid,0.0,1,1,1,1,1,1.0,1
esol,regression,113,1,4,0.1,retrospective working threshold with sensitivity grid,0.0,1,1,1,1,1,1.0,1
esol,regression,113,1,8,0.025,retrospective working threshold with sensitivity grid,0.0,1,1,2,1,1,0.5,1
esol,regression,113,1,8,0.05,retrospective working threshold with sensitivity grid,0.0,1,1,2,1,1,0.5,1
esol,regression,113,1,8,0.1,retrospective working threshold with sensitivity grid,0.0,1,1,4,2,2,0.5,1
esol,regression,113,1,16,0.025,retrospective working threshold with sensitivity grid,0.10112492344438509,0,0,1,2,1,0.5,1
esol,regression,113,1,16,0.05,retrospective working threshold with sensitivity grid,0.07612492344438508,0,0,3,3,1,0.5,1
esol,regression,113,1,16,0.1,retrospective working threshold with sensitivity grid,0.02612492344438508,0,0,6,8,2,0.75,1
esol,regression,113,1,32,0.025,retrospective working threshold with sensitivity grid,0.16009969689136608,0,0,3,2,1,0.25,0
esol,regression,113,1,32,0.05,retrospective working threshold with sensitivity grid,0.13509969689136608,0,0,10,6,1,0.45454545454545453,1
esol,regression,113,1,32,0.1,retrospective working threshold with sensitivity grid,0.08509969689136607,0,0,16,17,2,0.8333333333333334,1
esol,regression,113,2,4,0.025,retrospective working threshold with sensitivity grid,0.0,1,1,1,1,1,1.0,1
esol,regression,113,2,4,0.05,retrospective working threshold with sensitivity grid,0.0,1,1,1,1,1,1.0,1
esol,regression,113,2,4,0.1,retrospective working threshold with sensitivity grid,0.0,1,1,1,1,1,1.0,1
esol,regression,113,2,8,0.025,retrospective working threshold with sensitivity grid,0.0,1,1,1,1,2,1.0,1
esol,regression,113,2,8,0.05,retrospective working threshold with sensitivity grid,0.0,1,1,1,1,2,1.0,1
esol,regression,113,2,8,0.1,retrospective working threshold with sensitivity grid,0.0,1,1,1,2,2,0.5,1
esol,regression,113,2,16,0.025,retrospective working threshold with sensitivity grid,0.0,1,0,1,2,1,0.5,1
esol,regression,113,2,16,0.05,retrospective working threshold with sensitivity grid,0.0,1,0,1,3,1,0.3333333333333333,1
esol,regression,113,2,16,0.1,retrospective working threshold with sensitivity grid,0.0,1,1,1,8,5,0.125,1
esol,regression,113,2,32,0.025,retrospective working threshold with sensitivity grid,0.0,1,0,1,2,3,0.5,1
esol,regression,113,2,32,0.05,retrospective working threshold with sensitivity grid,0.0,1,0,1,6,6,0.16666666666666666,1
esol,regression,113,2,32,0.1,retrospective working threshold with sensitivity grid,0.0,1,1,1,17,13,0.058823529411764705,1
esol,regression,113,3,4,0.025,retrospective working threshold with sensitivity grid,0.0,1,1,1,1,1,1.0,1
esol,regression,113,3,4,0.05,retrospective working threshold with sensitivity grid,0.0,1,1,1,1,1,1.0,1
esol,regression,113,3,4,0.1,retrospective working threshold with sensitivity grid,0.0,1,1,1,1,1,1.0,1
esol,regression,113,3,8,0.025,retrospective working threshold with sensitivity grid,0.0,1,0,1,1,1,1.0,1
esol,regression,113,3,8,0.05,retrospective working threshold with sensitivity grid,0.0,1,1,1,1,3,1.0,1
esol,regression,113,3,8,0.1,retrospective working threshold with sensitivity grid,0.0,1,1,5,2,4,0.4,1
esol,regression,113,3,16,0.025,retrospective working threshold with sensitivity grid,0.0,1,0,1,2,5,0.5,1
esol,regression,113,3,16,0.05,retrospective working threshold with sensitivity grid,0.0,1,1,2,3,9,0.25,1
esol,regression,113,3,16,0.1,retrospective working threshold with sensitivity grid,0.0,1,1,11,8,11,0.7272727272727273,1
esol,regression,113,3,32,0.025,retrospective working threshold with sensitivity grid,0.0,1,0,1,2,5,0.5,1
esol,regression,113,3,32,0.05,retrospective working threshold with sensitivity grid,0.0,1,1,3,6,15,0.125,1
esol,regression,113,3,32,0.1,retrospective working threshold with sensitivity grid,0.0,1,1,19,17,21,0.5,1
esol,regression,127,1,4,0.025,retrospective working threshold with sensitivity grid,0.0,1,1,1,1,1,1.0,1
esol,regression,127,1,4,0.05,retrospective working threshold with sensitivity grid,0.0,1,1,1,1,1,1.0,1
esol,regression,127,1,4,0.1,retrospective working threshold with sensitivity grid,0.0,1,1,1,1,1,1.0,1
esol,regression,127,1,8,0.025,retrospective working threshold with sensitivity grid,0.0,1,1,1,1,1,1.0,1
esol,regression,127,1,8,0.05,retrospective working threshold with sensitivity grid,0.0,1,1,1,1,1,1.0,1
esol,regression,127,1,8,0.1,retrospective working threshold with sensitivity grid,0.0,1,1,4,2,2,0.5,1
esol,regression,127,1,16,0.025,retrospective working threshold with sensitivity grid,0.0,1,1,1,2,2,0.5,1
esol,regression,127,1,16,0.05,retrospective working threshold with sensitivity grid,0.0,1,1,2,3,3,0.6666666666666666,1
esol,regression,127,1,16,0.1,retrospective working threshold with sensitivity grid,0.0,1,1,10,8,5,0.6363636363636364,1
esol,regression,127,1,32,0.025,retrospective working threshold with sensitivity grid,0.0,1,1,1,2,2,0.5,1
esol,regression,127,1,32,0.05,retrospective working threshold with sensitivity grid,0.0,1,1,2,6,9,0.3333333333333333,1
esol,regression,127,1,32,0.1,retrospective working threshold with sensitivity grid,0.0,1,1,16,17,12,0.65,1
esol,regression,127,2,4,0.025,retrospective working threshold with sensitivity grid,0.0,1,1,1,1,1,1.0,1
esol,regression,127,2,4,0.05,retrospective working threshold with sensitivity grid,0.0,1,1,1,1,1,1.0,1
esol,regression,127,2,4,0.1,retrospective working threshold with sensitivity grid,0.0,1,1,1,1,1,1.0,1
esol,regression,127,2,8,0.025,retrospective working threshold with sensitivity grid,0.0,1,0,1,1,1,1.0,1
esol,regression,127,2,8,0.05,retrospective working threshold with sensitivity grid,0.0,1,0,1,1,1,1.0,1
esol,regression,127,2,8,0.1,retrospective working threshold with sensitivity grid,0.0,1,0,2,2,2,1.0,1
esol,regression,127,2,16,0.025,retrospective working threshold with sensitivity grid,0.0,1,0,1,2,2,0.5,1
esol,regression,127,2,16,0.05,retrospective working threshold with sensitivity grid,0.0,1,0,2,3,3,0.25,1
esol,regression,127,2,16,0.1,retrospective working threshold with sensitivity grid,0.0,1,0,5,8,7,0.625,1
esol,regression,127,2,32,0.025,retrospective working threshold with sensitivity grid,0.0,1,0,1,2,2,0.5,1
esol,regression,127,2,32,0.05,retrospective working threshold with sensitivity grid,0.0,1,0,2,6,3,0.14285714285714285,1
esol,regression,127,2,32,0.1,retrospective working threshold with sensitivity grid,0.0,1,0,5,17,14,0.29411764705882354,1
esol,regression,127,3,4,0.025,retrospective working threshold with sensitivity grid,0.0,1,1,1,1,1,1.0,1
esol,regression,127,3,4,0.05,retrospective working threshold with sensitivity grid,0.0,1,1,1,1,1,1.0,1
esol,regression,127,3,4,0.1,retrospective working threshold with sensitivity grid,0.0,1,1,1,1,1,1.0,1
esol,regression,127,3,8,0.025,retrospective working threshold with sensitivity grid,0.21769316779225192,0,0,1,1,1,0.0,0
esol,regression,127,3,8,0.05,retrospective working threshold with sensitivity grid,0.19269316779225193,0,0,1,1,1,0.0,0
esol,regression,127,3,8,0.1,retrospective working threshold with sensitivity grid,0.1426931677922519,0,0,4,2,1,0.5,1
esol,regression,127,3,16,0.025,retrospective working threshold with sensitivity grid,0.22290037072686633,0,0,3,2,1,0.25,0
esol,regression,127,3,16,0.05,retrospective working threshold with sensitivity grid,0.19790037072686634,0,0,5,3,1,0.3333333333333333,0
esol,regression,127,3,16,0.1,retrospective working threshold with sensitivity grid,0.14790037072686632,0,0,10,8,1,0.8,1
esol,regression,127,3,32,0.025,retrospective working threshold with sensitivity grid,0.14949097800383462,0,0,2,2,1,0.0,0
esol,regression,127,3,32,0.05,retrospective working threshold with sensitivity grid,0.12449097800383462,0,0,5,6,1,0.2222222222222222,0
esol,regression,127,3,32,0.1,retrospective working threshold with sensitivity grid,0.07449097800383461,0,0,15,17,1,0.8823529411764706,1
esol,regression,149,1,4,0.025,retrospective working threshold with sensitivity grid,0.0,1,1,1,1,1,1.0,1
esol,regression,149,1,4,0.05,retrospective working threshold with sensitivity grid,0.0,1,1,1,1,1,1.0,1
esol,regression,149,1,4,0.1,retrospective working threshold with sensitivity grid,0.0,1,1,1,1,1,1.0,1
esol,regression,149,1,8,0.025,retrospective working threshold with sensitivity grid,0.0,1,1,1,1,2,1.0,1
esol,regression,149,1,8,0.05,retrospective working threshold with sensitivity grid,0.0,1,1,1,1,2,1.0,1
esol,regression,149,1,8,0.1,retrospective working threshold with sensitivity grid,0.0,1,1,2,2,2,1.0,1
esol,regression,149,1,16,0.025,retrospective working threshold with sensitivity grid,0.0,1,0,1,2,1,0.5,1
esol,regression,149,1,16,0.05,retrospective working threshold with sensitivity grid,0.0,1,1,1,3,3,0.3333333333333333,1
esol,regression,149,1,16,0.1,retrospective working threshold with sensitivity grid,0.0,1,1,8,8,5,0.7777777777777778,1
esol,regression,149,1,32,0.025,retrospective working threshold with sensitivity grid,0.0,1,0,1,2,2,0.5,1
esol,regression,149,1,32,0.05,retrospective working threshold with sensitivity grid,0.0,1,1,1,6,6,0.16666666666666666,1
esol,regression,149,1,32,0.1,retrospective working threshold with sensitivity grid,0.0,1,1,12,17,13,0.6111111111111112,1
esol,regression,149,2,4,0.025,retrospective working threshold with sensitivity grid,0.0,1,1,1,1,1,1.0,1
esol,regression,149,2,4,0.05,retrospective working threshold with sensitivity grid,0.0,1,1,1,1,1,1.0,1
esol,regression,149,2,4,0.1,retrospective working threshold with sensitivity grid,0.0,1,1,1,1,1,1.0,1
esol,regression,149,2,8,0.025,retrospective working threshold with sensitivity grid,0.1039999398378312,0,0,1,1,1,0.0,0
esol,regression,149,2,8,0.05,retrospective working threshold with sensitivity grid,0.0789999398378312,0,0,2,1,1,0.5,0
esol,regression,149,2,8,0.1,retrospective working threshold with sensitivity grid,0.028999939837831196,0,0,4,2,1,0.5,1
esol,regression,149,2,16,0.025,retrospective working threshold with sensitivity grid,0.13422293428172952,0,0,3,2,1,0.25,1
esol,regression,149,2,16,0.05,retrospective working threshold with sensitivity grid,0.10922293428172951,0,0,3,3,1,0.5,1
esol,regression,149,2,16,0.1,retrospective working threshold with sensitivity grid,0.059222934281729506,0,0,7,8,1,0.875,1
esol,regression,149,2,32,0.025,retrospective working threshold with sensitivity grid,0.16294700385192687,0,0,3,2,1,0.0,0
esol,regression,149,2,32,0.05,retrospective working threshold with sensitivity grid,0.13794700385192687,0,0,9,6,1,0.5,1
esol,regression,149,2,32,0.1,retrospective working threshold with sensitivity grid,0.08794700385192686,0,0,13,17,1,0.7647058823529411,1
esol,regression,149,3,4,0.025,retrospective working threshold with sensitivity grid,0.0,1,1,1,1,1,1.0,1
esol,regression,149,3,4,0.05,retrospective working threshold with sensitivity grid,0.0,1,1,1,1,1,1.0,1
esol,regression,149,3,4,0.1,retrospective working threshold with sensitivity grid,0.0,1,1,1,1,1,1.0,1
esol,regression,149,3,8,0.025,retrospective working threshold with sensitivity grid,0.0,1,1,1,1,3,1.0,1
esol,regression,149,3,8,0.05,retrospective working threshold with sensitivity grid,0.0,1,1,1,1,4,1.0,1
esol,regression,149,3,8,0.1,retrospective working threshold with sensitivity grid,0.0,1,1,1,2,5,0.5,1
esol,regression,149,3,16,0.025,retrospective working threshold with sensitivity grid,0.0,1,0,1,2,5,0.5,1
esol,regression,149,3,16,0.05,retrospective working threshold with sensitivity grid,0.0,1,1,1,3,7,0.3333333333333333,1
esol,regression,149,3,16,0.1,retrospective working threshold with sensitivity grid,0.0,1,1,2,8,12,0.25,1
esol,regression,149,3,32,0.025,retrospective working threshold with sensitivity grid,0.0,1,0,1,2,8,0.5,1
esol,regression,149,3,32,0.05,retrospective working threshold with sensitivity grid,0.0,1,1,1,6,12,0.16666666666666666,1
esol,regression,149,3,32,0.1,retrospective working threshold with sensitivity grid,0.0,1,1,3,17,23,0.17647058823529413,1
freesolv,regression,11,1,4,0.025,retrospective working threshold with sensitivity grid,0.05656050753815869,0,0,1,1,1,1.0,1
freesolv,regression,11,1,4,0.05,retrospective working threshold with sensitivity grid,0.031560507538158686,0,0,1,1,1,1.0,1
freesolv,regression,11,1,4,0.1,retrospective working threshold with sensitivity grid,0.0,1,0,2,1,1,0.5,1
freesolv,regression,11,1,8,0.025,retrospective working threshold with sensitivity grid,0.05656050753815869,0,0,1,1,1,1.0,1
freesolv,regression,11,1,8,0.05,retrospective working threshold with sensitivity grid,0.031560507538158686,0,0,1,1,1,1.0,1
freesolv,regression,11,1,8,0.1,retrospective working threshold with sensitivity grid,0.0,1,0,2,1,1,0.5,1
freesolv,regression,11,1,16,0.025,retrospective working threshold with sensitivity grid,0.05656050753815869,0,0,1,2,1,0.5,1
freesolv,regression,11,1,16,0.05,retrospective working threshold with sensitivity grid,0.031560507538158686,0,0,1,2,1,0.5,1
freesolv,regression,11,1,16,0.1,retrospective working threshold with sensitivity grid,0.0,1,0,2,2,1,0.3333333333333333,1
freesolv,regression,11,1,32,0.025,retrospective working threshold with sensitivity grid,0.05656050753815869,0,0,1,3,2,0.3333333333333333,1
freesolv,regression,11,1,32,0.05,retrospective working threshold with sensitivity grid,0.031560507538158686,0,0,1,4,2,0.25,1
freesolv,regression,11,1,32,0.1,retrospective working threshold with sensitivity grid,0.0,1,0,2,5,2,0.16666666666666666,1
freesolv,regression,11,2,4,0.025,retrospective working threshold with sensitivity grid,0.10017966910593659,0,0,1,1,1,1.0,1
freesolv,regression,11,2,4,0.05,retrospective working threshold with sensitivity grid,0.07517966910593658,0,0,1,1,1,1.0,1
freesolv,regression,11,2,4,0.1,retrospective working threshold with sensitivity grid,0.02517966910593658,0,0,1,1,1,1.0,1
freesolv,regression,11,2,8,0.025,retrospective working threshold with sensitivity grid,0.10017966910593659,0,0,1,1,1,1.0,1
freesolv,regression,11,2,8,0.05,retrospective working threshold with sensitivity grid,0.07517966910593658,0,0,1,1,1,1.0,1
freesolv,regression,11,2,8,0.1,retrospective working threshold with sensitivity grid,0.02517966910593658,0,0,1,1,1,1.0,1
freesolv,regression,11,2,16,0.025,retrospective working threshold with sensitivity grid,0.10017966910593659,0,0,1,2,1,0.5,1
freesolv,regression,11,2,16,0.05,retrospective working threshold with sensitivity grid,0.07517966910593658,0,0,1,2,1,0.5,1
freesolv,regression,11,2,16,0.1,retrospective working threshold with sensitivity grid,0.02517966910593658,0,0,2,2,1,1.0,1
freesolv,regression,11,2,32,0.025,retrospective working threshold with sensitivity grid,0.10017966910593659,0,0,1,3,2,0.3333333333333333,1
freesolv,regression,11,2,32,0.05,retrospective working threshold with sensitivity grid,0.07517966910593658,0,0,1,4,2,0.25,1
freesolv,regression,11,2,32,0.1,retrospective working threshold with sensitivity grid,0.02517966910593658,0,0,2,5,2,0.4,1
freesolv,regression,11,3,4,0.025,retrospective working threshold with sensitivity grid,0.17457669121567312,0,0,1,1,1,0.0,0
freesolv,regression,11,3,4,0.05,retrospective working threshold with sensitivity grid,0.14957669121567313,0,0,1,1,1,0.0,0
freesolv,regression,11,3,4,0.1,retrospective working threshold with sensitivity grid,0.09957669121567311,0,0,2,1,1,0.5,0
freesolv,regression,11,3,8,0.025,retrospective working threshold with sensitivity grid,0.17457669121567312,0,0,1,1,1,0.0,0
freesolv,regression,11,3,8,0.05,retrospective working threshold with sensitivity grid,0.14957669121567313,0,0,1,1,1,0.0,0
freesolv,regression,11,3,8,0.1,retrospective working threshold with sensitivity grid,0.09957669121567311,0,0,2,1,1,0.5,0
freesolv,regression,11,3,16,0.025,retrospective working threshold with sensitivity grid,0.17457669121567312,0,0,1,2,1,0.0,0
freesolv,regression,11,3,16,0.05,retrospective working threshold with sensitivity grid,0.14957669121567313,0,0,2,2,1,0.3333333333333333,0
freesolv,regression,11,3,16,0.1,retrospective working threshold with sensitivity grid,0.09957669121567311,0,0,3,2,1,0.6666666666666666,0
freesolv,regression,11,3,32,0.025,retrospective working threshold with sensitivity grid,0.17457669121567312,0,0,1,3,1,0.0,0
freesolv,regression,11,3,32,0.05,retrospective working threshold with sensitivity grid,0.14957669121567313,0,0,3,4,1,0.4,0
freesolv,regression,11,3,32,0.1,retrospective working threshold with sensitivity grid,0.09957669121567311,0,0,5,5,1,0.6666666666666666,0
freesolv,regression,23,1,4,0.025,retrospective working threshold with sensitivity grid,0.0,1,1,1,1,1,1.0,1
freesolv,regression,23,1,4,0.05,retrospective working threshold with sensitivity grid,0.0,1,1,1,1,1,1.0,1
freesolv,regression,23,1,4,0.1,retrospective working threshold with sensitivity grid,0.0,1,1,1,1,1,1.0,1
freesolv,regression,23,1,8,0.025,retrospective working threshold with sensitivity grid,0.0,1,1,1,1,1,1.0,1
freesolv,regression,23,1,8,0.05,retrospective working threshold with sensitivity grid,0.0,1,1,1,1,1,1.0,1
freesolv,regression,23,1,8,0.1,retrospective working threshold with sensitivity grid,0.0,1,1,1,1,1,1.0,1
freesolv,regression,23,1,16,0.025,retrospective working threshold with sensitivity grid,0.0,1,1,1,2,1,0.5,1
freesolv,regression,23,1,16,0.05,retrospective working threshold with sensitivity grid,0.0,1,1,1,2,1,0.5,1
freesolv,regression,23,1,16,0.1,retrospective working threshold with sensitivity grid,0.0,1,1,1,2,1,0.5,1
freesolv,regression,23,1,32,0.025,retrospective working threshold with sensitivity grid,0.0,1,1,1,1,2,0.0,0
freesolv,regression,23,1,32,0.05,retrospective working threshold with sensitivity grid,0.0,1,1,1,3,2,0.3333333333333333,1
freesolv,regression,23,1,32,0.1,retrospective working threshold with sensitivity grid,0.0,1,1,1,5,2,0.2,1
freesolv,regression,23,2,4,0.025,retrospective working threshold with sensitivity grid,0.14459476660308282,0,0,1,1,2,1.0,1
freesolv,regression,23,2,4,0.05,retrospective working threshold with sensitivity grid,0.11959476660308281,0,0,1,1,2,1.0,1
freesolv,regression,23,2,4,0.1,retrospective working threshold with sensitivity grid,0.06959476660308281,0,0,2,1,2,0.5,1
freesolv,regression,23,2,8,0.025,retrospective working threshold with sensitivity grid,0.14459476660308282,0,0,1,1,2,1.0,1
freesolv,regression,23,2,8,0.05,retrospective working threshold with sensitivity grid,0.11959476660308281,0,0,1,1,2,1.0,1
freesolv,regression,23,2,8,0.1,retrospective working threshold with sensitivity grid,0.06959476660308281,0,0,2,1,2,0.5,1
freesolv,regression,23,2,16,0.025,retrospective working threshold with sensitivity grid,0.14459476660308282,0,0,1,2,2,0.5,1
freesolv,regression,23,2,16,0.05,retrospective working threshold with sensitivity grid,0.11959476660308281,0,0,1,2,2,0.5,1
freesolv,regression,23,2,16,0.1,retrospective working threshold with sensitivity grid,0.06959476660308281,0,0,2,2,2,0.3333333333333333,1
freesolv,regression,23,2,32,0.025,retrospective working threshold with sensitivity grid,0.14459476660308282,0,0,1,1,2,0.0,0
freesolv,regression,23,2,32,0.05,retrospective working threshold with sensitivity grid,0.11959476660308281,0,0,1,3,2,0.3333333333333333,1
freesolv,regression,23,2,32,0.1,retrospective working threshold with sensitivity grid,0.06959476660308281,0,0,2,5,2,0.16666666666666666,1
freesolv,regression,23,3,4,0.025,retrospective working threshold with sensitivity grid,0.4316405066988137,0,0,1,1,1,0.0,0
freesolv,regression,23,3,4,0.05,retrospective working threshold with sensitivity grid,0.40664050669881374,0,0,1,1,1,0.0,0
freesolv,regression,23,3,4,0.1,retrospective working threshold with sensitivity grid,0.35664050669881375,0,0,1,1,1,0.0,0
freesolv,regression,23,3,8,0.025,retrospective working threshold with sensitivity grid,0.4316405066988137,0,0,1,1,1,0.0,0
freesolv,regression,23,3,8,0.05,retrospective working threshold with sensitivity grid,0.40664050669881374,0,0,1,1,1,0.0,0
freesolv,regression,23,3,8,0.1,retrospective working threshold with sensitivity grid,0.35664050669881375,0,0,1,1,1,0.0,0
freesolv,regression,23,3,16,0.025,retrospective working threshold with sensitivity grid,0.4316405066988137,0,0,1,2,1,0.0,0
freesolv,regression,23,3,16,0.05,retrospective working threshold with sensitivity grid,0.40664050669881374,0,0,1,2,1,0.0,0
freesolv,regression,23,3,16,0.1,retrospective working threshold with sensitivity grid,0.35664050669881375,0,0,1,2,1,0.0,0
freesolv,regression,23,3,32,0.025,retrospective working threshold with sensitivity grid,0.4316405066988137,0,0,1,1,1,0.0,0
freesolv,regression,23,3,32,0.05,retrospective working threshold with sensitivity grid,0.40664050669881374,0,0,1,3,1,0.0,0
freesolv,regression,23,3,32,0.1,retrospective working threshold with sensitivity grid,0.35664050669881375,0,0,1,5,1,0.0,0
freesolv,regression,37,1,4,0.025,retrospective working threshold with sensitivity grid,0.0,1,1,1,1,1,0.0,0
freesolv,regression,37,1,4,0.05,retrospective working threshold with sensitivity grid,0.0,1,1,2,1,1,0.5,0
freesolv,regression,37,1,4,0.1,retrospective working threshold with sensitivity grid,0.0,1,1,2,1,1,0.5,0
freesolv,regression,37,1,8,0.025,retrospective working threshold with sensitivity grid,0.0,1,1,1,1,1,0.0,0
freesolv,regression,37,1,8,0.05,retrospective working threshold with sensitivity grid,0.0,1,1,2,1,1,0.5,0
freesolv,regression,37,1,8,0.1,retrospective working threshold with sensitivity grid,0.0,1,1,2,1,1,0.5,0
freesolv,regression,37,1,16,0.025,retrospective working threshold with sensitivity grid,0.0,1,1,1,1,1,0.0,0
freesolv,regression,37,1,16,0.05,retrospective working threshold with sensitivity grid,0.0,1,1,2,2,1,0.3333333333333333,0
freesolv,regression,37,1,16,0.1,retrospective working threshold with sensitivity grid,0.0,1,1,2,2,1,0.3333333333333333,0
freesolv,regression,37,1,32,0.025,retrospective working threshold with sensitivity grid,0.0,1,1,1,2,3,0.0,0
freesolv,regression,37,1,32,0.05,retrospective working threshold with sensitivity grid,0.0,1,1,2,4,3,0.2,0
freesolv,regression,37,1,32,0.1,retrospective working threshold with sensitivity grid,0.0,1,1,2,5,4,0.16666666666666666,0
freesolv,regression,37,2,4,0.025,retrospective working threshold with sensitivity grid,0.43545092236166905,0,0,1,1,1,0.0,0
freesolv,regression,37,2,4,0.05,retrospective working threshold with sensitivity grid,0.4104509223616691,0,0,2,1,1,0.5,0
freesolv,regression,37,2,4,0.1,retrospective working threshold with sensitivity grid,0.3604509223616691,0,0,2,1,1,0.5,0
freesolv,regression,37,2,8,0.025,retrospective working threshold with sensitivity grid,0.04576660704251125,0,0,2,1,1,0.0,0
freesolv,regression,37,2,8,0.05,retrospective working threshold with sensitivity grid,0.02076660704251125,0,0,2,1,1,0.0,0
freesolv,regression,37,2,8,0.1,retrospective working threshold with sensitivity grid,0.0,1,0,3,1,1,0.3333333333333333,0
freesolv,regression,37,2,16,0.025,retrospective working threshold with sensitivity grid,0.0,1,0,1,1,1,0.0,0
freesolv,regression,37,2,16,0.05,retrospective working threshold with sensitivity grid,0.0,1,0,1,2,1,0.5,1
freesolv,regression,37,2,16,0.1,retrospective working threshold with sensitivity grid,0.0,1,0,1,2,1,0.5,1
freesolv,regression,37,2,32,0.025,retrospective working threshold with sensitivity grid,0.0,1,0,1,2,1,0.0,0
freesolv,regression,37,2,32,0.05,retrospective working threshold with sensitivity grid,0.0,1,0,1,4,1,0.25,1
freesolv,regression,37,2,32,0.1,retrospective working threshold with sensitivity grid,0.0,1,0,2,5,2,0.4,1
freesolv,regression,37,3,4,0.025,retrospective working threshold with sensitivity grid,0.35947243654752803,0,0,1,1,1,1.0,1
freesolv,regression,37,3,4,0.05,retrospective working threshold with sensitivity grid,0.33447243654752806,0,0,1,1,1,1.0,1
freesolv,regression,37,3,4,0.1,retrospective working threshold with sensitivity grid,0.2844724365475281,0,0,1,1,1,1.0,1
freesolv,regression,37,3,8,0.025,retrospective working threshold with sensitivity grid,0.35947243654752803,0,0,1,1,1,1.0,1
freesolv,regression,37,3,8,0.05,retrospective working threshold with sensitivity grid,0.33447243654752806,0,0,1,1,1,1.0,1
freesolv,regression,37,3,8,0.1,retrospective working threshold with sensitivity grid,0.2844724365475281,0,0,1,1,1,1.0,1
freesolv,regression,37,3,16,0.025,retrospective working threshold with sensitivity grid,0.35947243654752803,0,0,1,1,3,1.0,1
freesolv,regression,37,3,16,0.05,retrospective working threshold with sensitivity grid,0.33447243654752806,0,0,1,2,3,0.5,1
freesolv,regression,37,3,16,0.1,retrospective working threshold with sensitivity grid,0.2844724365475281,0,0,1,2,3,0.5,1
freesolv,regression,37,3,32,0.025,retrospective working threshold with sensitivity grid,0.35947243654752803,0,0,1,2,2,0.5,1
freesolv,regression,37,3,32,0.05,retrospective working threshold with sensitivity grid,0.33447243654752806,0,0,1,4,2,0.25,1
freesolv,regression,37,3,32,0.1,retrospective working threshold with sensitivity grid,0.2844724365475281,0,0,1,5,5,0.2,1
freesolv,regression,53,1,4,0.025,retrospective working threshold with sensitivity grid,0.35709726191679214,0,0,1,1,1,0.0,0
freesolv,regression,53,1,4,0.05,retrospective working threshold with sensitivity grid,0.3320972619167922,0,0,2,1,1,0.5,0
freesolv,regression,53,1,4,0.1,retrospective working threshold with sensitivity grid,0.2820972619167922,0,0,2,1,1,0.5,0
freesolv,regression,53,1,8,0.025,retrospective working threshold with sensitivity grid,0.35709726191679214,0,0,1,1,1,0.0,0
freesolv,regression,53,1,8,0.05,retrospective working threshold with sensitivity grid,0.3320972619167922,0,0,2,1,1,0.5,0
freesolv,regression,53,1,8,0.1,retrospective working threshold with sensitivity grid,0.2820972619167922,0,0,2,1,1,0.5,0
freesolv,regression,53,1,16,0.025,retrospective working threshold with sensitivity grid,0.35709726191679214,0,0,1,2,1,0.0,0
freesolv,regression,53,1,16,0.05,retrospective working threshold with sensitivity grid,0.3320972619167922,0,0,2,2,2,0.3333333333333333,0
freesolv,regression,53,1,16,0.1,retrospective working threshold with sensitivity grid,0.2820972619167922,0,0,3,2,2,0.6666666666666666,0
freesolv,regression,53,1,32,0.025,retrospective working threshold with sensitivity grid,0.35709726191679214,0,0,1,2,1,0.0,0
freesolv,regression,53,1,32,0.05,retrospective working threshold with sensitivity grid,0.3320972619167922,0,0,2,4,1,0.2,0
freesolv,regression,53,1,32,0.1,retrospective working threshold with sensitivity grid,0.2820972619167922,0,0,4,5,1,0.5,0
freesolv,regression,53,2,4,0.025,retrospective working threshold with sensitivity grid,0.02013335107193317,0,0,1,1,1,1.0,1
freesolv,regression,53,2,4,0.05,retrospective working threshold with sensitivity grid,0.0,1,0,1,1,1,1.0,1
freesolv,regression,53,2,4,0.1,retrospective working threshold with sensitivity grid,0.0,1,0,1,1,1,1.0,1
freesolv,regression,53,2,8,0.025,retrospective working threshold with sensitivity grid,0.02013335107193317,0,0,1,1,1,1.0,1
freesolv,regression,53,2,8,0.05,retrospective working threshold with sensitivity grid,0.0,1,0,1,1,1,1.0,1
freesolv,regression,53,2,8,0.1,retrospective working threshold with sensitivity grid,0.0,1,0,1,1,1,1.0,1
freesolv,regression,53,2,16,0.025,retrospective working threshold with sensitivity grid,0.02013335107193317,0,0,1,2,1,0.5,1
freesolv,regression,53,2,16,0.05,retrospective working threshold with sensitivity grid,0.0,1,0,1,2,1,0.5,1
freesolv,regression,53,2,16,0.1,retrospective working threshold with sensitivity grid,0.0,1,0,1,2,1,0.5,1
freesolv,regression,53,2,32,0.025,retrospective working threshold with sensitivity grid,0.0,1,0,3,2,1,0.6666666666666666,1
freesolv,regression,53,2,32,0.05,retrospective working threshold with sensitivity grid,0.0,1,0,3,4,1,0.75,1
freesolv,regression,53,2,32,0.1,retrospective working threshold with sensitivity grid,0.0,1,0,3,5,1,0.6,1
freesolv,regression,53,3,4,0.025,retrospective working threshold with sensitivity grid,0.1335405747376516,0,0,1,1,1,0.0,0
freesolv,regression,53,3,4,0.05,retrospective working threshold with sensitivity grid,0.1085405747376516,0,0,1,1,1,0.0,0
freesolv,regression,53,3,4,0.1,retrospective working threshold with sensitivity grid,0.05854057473765159,0,0,2,1,1,0.5,0
freesolv,regression,53,3,8,0.025,retrospective working threshold with sensitivity grid,0.1335405747376516,0,0,1,1,1,0.0,0
freesolv,regression,53,3,8,0.05,retrospective working threshold with sensitivity grid,0.1085405747376516,0,0,1,1,1,0.0,0
freesolv,regression,53,3,8,0.1,retrospective working threshold with sensitivity grid,0.05854057473765159,0,0,2,1,1,0.5,0
freesolv,regression,53,3,16,0.025,retrospective working threshold with sensitivity grid,0.0,1,0,1,2,1,0.5,1
freesolv,regression,53,3,16,0.05,retrospective working threshold with sensitivity grid,0.0,1,0,2,2,1,0.3333333333333333,1
freesolv,regression,53,3,16,0.1,retrospective working threshold with sensitivity grid,0.0,1,1,3,2,2,0.6666666666666666,1
freesolv,regression,53,3,32,0.025,retrospective working threshold with sensitivity grid,0.0,1,0,1,2,1,0.0,0
freesolv,regression,53,3,32,0.05,retrospective working threshold with sensitivity grid,0.0,1,0,3,4,1,0.4,1
freesolv,regression,53,3,32,0.1,retrospective working threshold with sensitivity grid,0.0,1,1,6,5,3,0.8333333333333334,1
freesolv,regression,71,1,4,0.025,retrospective working threshold with sensitivity grid,0.002054566559377767,0,1,1,1,1,1.0,1
freesolv,regression,71,1,4,0.05,retrospective working threshold with sensitivity grid,0.0,1,1,2,1,1,0.5,1
freesolv,regression,71,1,4,0.1,retrospective working threshold with sensitivity grid,0.0,1,1,2,1,1,0.5,1
freesolv,regression,71,1,8,0.025,retrospective working threshold with sensitivity grid,0.002054566559377767,0,1,1,1,1,1.0,1
freesolv,regression,71,1,8,0.05,retrospective working threshold with sensitivity grid,0.0,1,1,2,1,1,0.5,1
freesolv,regression,71,1,8,0.1,retrospective working threshold with sensitivity grid,0.0,1,1,2,1,2,0.5,1
freesolv,regression,71,1,16,0.025,retrospective working threshold with sensitivity grid,0.002054566559377767,0,0,1,2,1,0.5,1
freesolv,regression,71,1,16,0.05,retrospective working threshold with sensitivity grid,0.0,1,1,2,2,2,0.3333333333333333,1
freesolv,regression,71,1,16,0.1,retrospective working threshold with sensitivity grid,0.0,1,1,2,2,3,0.3333333333333333,1
freesolv,regression,71,1,32,0.025,retrospective working threshold with sensitivity grid,0.002054566559377767,0,0,1,2,1,0.5,1
freesolv,regression,71,1,32,0.05,retrospective working threshold with sensitivity grid,0.0,1,0,2,3,1,0.25,1
freesolv,regression,71,1,32,0.1,retrospective working threshold with sensitivity grid,0.0,1,0,2,5,1,0.16666666666666666,1
freesolv,regression,71,2,4,0.025,retrospective working threshold with sensitivity grid,0.14539589453986226,0,0,2,1,1,0.5,0
freesolv,regression,71,2,4,0.05,retrospective working threshold with sensitivity grid,0.12039589453986226,0,0,2,1,1,0.5,0
freesolv,regression,71,2,4,0.1,retrospective working threshold with sensitivity grid,0.07039589453986225,0,0,2,1,1,0.5,0
freesolv,regression,71,2,8,0.025,retrospective working threshold with sensitivity grid,0.14539589453986226,0,0,2,1,1,0.5,0
freesolv,regression,71,2,8,0.05,retrospective working threshold with sensitivity grid,0.12039589453986226,0,0,2,1,1,0.5,0
freesolv,regression,71,2,8,0.1,retrospective working threshold with sensitivity grid,0.07039589453986225,0,0,3,1,1,0.3333333333333333,0
freesolv,regression,71,2,16,0.025,retrospective working threshold with sensitivity grid,0.03685319523057586,0,0,3,2,1,0.6666666666666666,1
freesolv,regression,71,2,16,0.05,retrospective working threshold with sensitivity grid,0.011853195230575861,0,0,3,2,1,0.6666666666666666,1
freesolv,regression,71,2,16,0.1,retrospective working threshold with sensitivity grid,0.0,1,0,5,2,1,0.4,1
freesolv,regression,71,2,32,0.025,retrospective working threshold with sensitivity grid,0.0,1,0,2,2,1,0.3333333333333333,0
freesolv,regression,71,2,32,0.05,retrospective working threshold with sensitivity grid,0.0,1,0,2,3,1,0.25,0
freesolv,regression,71,2,32,0.1,retrospective working threshold with sensitivity grid,0.0,1,1,6,5,2,0.8333333333333334,1
freesolv,regression,71,3,4,0.025,retrospective working threshold with sensitivity grid,0.05686809685722718,0,0,1,1,1,1.0,1
freesolv,regression,71,3,4,0.05,retrospective working threshold with sensitivity grid,0.03186809685722718,0,0,1,1,1,1.0,1
freesolv,regression,71,3,4,0.1,retrospective working threshold with sensitivity grid,0.0,1,0,2,1,1,0.5,1
freesolv,regression,71,3,8,0.025,retrospective working threshold with sensitivity grid,0.05686809685722718,0,0,1,1,1,1.0,1
freesolv,regression,71,3,8,0.05,retrospective working threshold with sensitivity grid,0.03186809685722718,0,0,1,1,1,1.0,1
freesolv,regression,71,3,8,0.1,retrospective working threshold with sensitivity grid,0.0,1,0,2,1,1,0.5,1
freesolv,regression,71,3,16,0.025,retrospective working threshold with sensitivity grid,0.05686809685722718,0,0,1,2,2,0.5,1
freesolv,regression,71,3,16,0.05,retrospective working threshold with sensitivity grid,0.03186809685722718,0,0,1,2,2,0.5,1
freesolv,regression,71,3,16,0.1,retrospective working threshold with sensitivity grid,0.0,1,0,3,2,2,0.6666666666666666,1
freesolv,regression,71,3,32,0.025,retrospective working threshold with sensitivity grid,0.05686809685722718,0,0,1,2,2,0.5,1
freesolv,regression,71,3,32,0.05,retrospective working threshold with sensitivity grid,0.03186809685722718,0,0,1,3,2,0.3333333333333333,1
freesolv,regression,71,3,32,0.1,retrospective working threshold with sensitivity grid,0.0,1,0,3,5,2,0.3333333333333333,1
freesolv,regression,83,1,4,0.025,retrospective working threshold with sensitivity grid,0.0,1,1,1,1,2,1.0,1
freesolv,regression,83,1,4,0.05,retrospective working threshold with sensitivity grid,0.0,1,1,1,1,2,1.0,1
freesolv,regression,83,1,4,0.1,retrospective working threshold with sensitivity grid,0.0,1,1,1,1,2,1.0,1
freesolv,regression,83,1,8,0.025,retrospective working threshold with sensitivity grid,0.0,1,1,1,1,2,1.0,1
freesolv,regression,83,1,8,0.05,retrospective working threshold with sensitivity grid,0.0,1,1,1,1,2,1.0,1
freesolv,regression,83,1,8,0.1,retrospective working threshold with sensitivity grid,0.0,1,1,1,1,2,1.0,1
freesolv,regression,83,1,16,0.025,retrospective working threshold with sensitivity grid,0.0,1,1,1,2,2,0.5,1
freesolv,regression,83,1,16,0.05,retrospective working threshold with sensitivity grid,0.0,1,1,1,2,2,0.5,1
freesolv,regression,83,1,16,0.1,retrospective working threshold with sensitivity grid,0.0,1,1,1,2,3,0.5,1
freesolv,regression,83,1,32,0.025,retrospective working threshold with sensitivity grid,0.0,1,1,1,2,2,0.5,1
freesolv,regression,83,1,32,0.05,retrospective working threshold with sensitivity grid,0.0,1,1,1,4,2,0.25,1
freesolv,regression,83,1,32,0.1,retrospective working threshold with sensitivity grid,0.0,1,1,2,5,5,0.4,1
freesolv,regression,83,2,4,0.025,retrospective working threshold with sensitivity grid,0.2919313704135019,0,0,1,1,1,1.0,1
freesolv,regression,83,2,4,0.05,retrospective working threshold with sensitivity grid,0.26693137041350196,0,0,1,1,1,1.0,1
freesolv,regression,83,2,4,0.1,retrospective working threshold with sensitivity grid,0.21693137041350194,0,0,1,1,1,1.0,1
freesolv,regression,83,2,8,0.025,retrospective working threshold with sensitivity grid,0.2919313704135019,0,0,1,1,1,1.0,1
freesolv,regression,83,2,8,0.05,retrospective working threshold with sensitivity grid,0.26693137041350196,0,0,2,1,1,0.5,1
freesolv,regression,83,2,8,0.1,retrospective working threshold with sensitivity grid,0.21693137041350194,0,0,2,1,1,0.5,1
freesolv,regression,83,2,16,0.025,retrospective working threshold with sensitivity grid,0.2919313704135019,0,0,1,2,2,0.5,1
freesolv,regression,83,2,16,0.05,retrospective working threshold with sensitivity grid,0.26693137041350196,0,0,3,2,2,0.6666666666666666,1
freesolv,regression,83,2,16,0.1,retrospective working threshold with sensitivity grid,0.21693137041350194,0,0,4,2,2,0.5,1
freesolv,regression,83,2,32,0.025,retrospective working threshold with sensitivity grid,0.0,1,1,1,2,1,0.5,1
freesolv,regression,83,2,32,0.05,retrospective working threshold with sensitivity grid,0.0,1,1,1,4,1,0.25,1
freesolv,regression,83,2,32,0.1,retrospective working threshold with sensitivity grid,0.0,1,1,3,5,1,0.6,1
freesolv,regression,83,3,4,0.025,retrospective working threshold with sensitivity grid,0.18472788704607482,0,0,1,1,1,0.0,0
freesolv,regression,83,3,4,0.05,retrospective working threshold with sensitivity grid,0.15972788704607482,0,0,2,1,1,0.5,0
freesolv,regression,83,3,4,0.1,retrospective working threshold with sensitivity grid,0.1097278870460748,0,0,2,1,1,0.5,0
freesolv,regression,83,3,8,0.025,retrospective working threshold with sensitivity grid,0.18472788704607482,0,0,1,1,1,0.0,0
freesolv,regression,83,3,8,0.05,retrospective working threshold with sensitivity grid,0.15972788704607482,0,0,2,1,1,0.5,0
freesolv,regression,83,3,8,0.1,retrospective working threshold with sensitivity grid,0.1097278870460748,0,0,2,1,1,0.5,0
freesolv,regression,83,3,16,0.025,retrospective working threshold with sensitivity grid,0.18472788704607482,0,0,1,2,1,0.0,0
freesolv,regression,83,3,16,0.05,retrospective working threshold with sensitivity grid,0.15972788704607482,0,0,2,2,1,0.3333333333333333,0
freesolv,regression,83,3,16,0.1,retrospective working threshold with sensitivity grid,0.1097278870460748,0,0,2,2,2,0.3333333333333333,0
freesolv,regression,83,3,32,0.025,retrospective working threshold with sensitivity grid,0.18472788704607482,0,0,2,2,1,0.0,0
freesolv,regression,83,3,32,0.05,retrospective working threshold with sensitivity grid,0.15972788704607482,0,0,3,4,1,0.4,0
freesolv,regression,83,3,32,0.1,retrospective working threshold with sensitivity grid,0.1097278870460748,0,0,3,5,2,0.3333333333333333,0
freesolv,regression,97,1,4,0.025,retrospective working threshold with sensitivity grid,0.09895440307843142,0,1,1,1,1,1.0,1
freesolv,regression,97,1,4,0.05,retrospective working threshold with sensitivity grid,0.07395440307843142,0,1,1,1,1,1.0,1
freesolv,regression,97,1,4,0.1,retrospective working threshold with sensitivity grid,0.023954403078431413,0,1,1,1,2,1.0,1
freesolv,regression,97,1,8,0.025,retrospective working threshold with sensitivity grid,0.09895440307843142,0,0,1,1,1,1.0,1
freesolv,regression,97,1,8,0.05,retrospective working threshold with sensitivity grid,0.07395440307843142,0,0,1,1,1,1.0,1
freesolv,regression,97,1,8,0.1,retrospective working threshold with sensitivity grid,0.023954403078431413,0,0,1,1,1,1.0,1
freesolv,regression,97,1,16,0.025,retrospective working threshold with sensitivity grid,0.09895440307843142,0,0,1,2,1,0.5,1
freesolv,regression,97,1,16,0.05,retrospective working threshold with sensitivity grid,0.07395440307843142,0,0,2,2,1,0.3333333333333333,1
freesolv,regression,97,1,16,0.1,retrospective working threshold with sensitivity grid,0.023954403078431413,0,0,2,2,2,0.3333333333333333,1
freesolv,regression,97,1,32,0.025,retrospective working threshold with sensitivity grid,0.0011792899387867081,0,0,1,2,1,0.0,0
freesolv,regression,97,1,32,0.05,retrospective working threshold with sensitivity grid,0.0,1,0,2,4,1,0.5,1
freesolv,regression,97,1,32,0.1,retrospective working threshold with sensitivity grid,0.0,1,0,4,5,3,0.8,1
freesolv,regression,97,2,4,0.025,retrospective working threshold with sensitivity grid,0.0,1,1,1,1,2,0.0,0
freesolv,regression,97,2,4,0.05,retrospective working threshold with sensitivity grid,0.0,1,1,1,1,2,0.0,0
freesolv,regression,97,2,4,0.1,retrospective working threshold with sensitivity grid,0.0,1,1,1,1,3,0.0,0
freesolv,regression,97,2,8,0.025,retrospective working threshold with sensitivity grid,0.0,1,1,1,1,2,0.0,0
freesolv,regression,97,2,8,0.05,retrospective working threshold with sensitivity grid,0.0,1,1,1,1,2,0.0,0
freesolv,regression,97,2,8,0.1,retrospective working threshold with sensitivity grid,0.0,1,1,1,1,3,0.0,0
freesolv,regression,97,2,16,0.025,retrospective working threshold with sensitivity grid,0.0,1,1,1,2,2,0.0,0
freesolv,regression,97,2,16,0.05,retrospective working threshold with sensitivity grid,0.0,1,1,1,2,2,0.0,0
freesolv,regression,97,2,16,0.1,retrospective working threshold with sensitivity grid,0.0,1,1,1,2,3,0.0,0
freesolv,regression,97,2,32,0.025,retrospective working threshold with sensitivity grid,0.0,1,1,1,2,3,0.0,0
freesolv,regression,97,2,32,0.05,retrospective working threshold with sensitivity grid,0.0,1,1,1,4,3,0.0,0
freesolv,regression,97,2,32,0.1,retrospective working threshold with sensitivity grid,0.0,1,1,1,5,5,0.0,0
freesolv,regression,97,3,4,0.025,retrospective working threshold with sensitivity grid,0.5149570135951987,0,0,1,1,1,0.0,0
freesolv,regression,97,3,4,0.05,retrospective working threshold with sensitivity grid,0.4899570135951988,0,0,2,1,1,0.5,0
freesolv,regression,97,3,4,0.1,retrospective working threshold with sensitivity grid,0.4399570135951988,0,0,2,1,1,0.5,0
freesolv,regression,97,3,8,0.025,retrospective working threshold with sensitivity grid,0.5149570135951987,0,0,1,1,1,0.0,0
freesolv,regression,97,3,8,0.05,retrospective working threshold with sensitivity grid,0.4899570135951988,0,0,2,1,1,0.5,0
freesolv,regression,97,3,8,0.1,retrospective working threshold with sensitivity grid,0.4399570135951988,0,0,2,1,1,0.5,0
freesolv,regression,97,3,16,0.025,retrospective working threshold with sensitivity grid,0.5149570135951987,0,0,1,2,1,0.0,0
freesolv,regression,97,3,16,0.05,retrospective working threshold with sensitivity grid,0.4899570135951988,0,0,2,2,1,0.3333333333333333,0
freesolv,regression,97,3,16,0.1,retrospective working threshold with sensitivity grid,0.4399570135951988,0,0,2,2,1,0.3333333333333333,0
freesolv,regression,97,3,32,0.025,retrospective working threshold with sensitivity grid,0.5149570135951987,0,0,1,2,1,0.0,0
freesolv,regression,97,3,32,0.05,retrospective working threshold with sensitivity grid,0.4899570135951988,0,0,2,4,1,0.2,0
freesolv,regression,97,3,32,0.1,retrospective working threshold with sensitivity grid,0.4399570135951988,0,0,3,5,2,0.3333333333333333,0
freesolv,regression,113,1,4,0.025,retrospective working threshold with sensitivity grid,0.0,1,0,2,1,1,0.5,1
freesolv,regression,113,1,4,0.05,retrospective working threshold with sensitivity grid,0.0,1,0,2,1,1,0.5,1
freesolv,regression,113,1,4,0.1,retrospective working threshold with sensitivity grid,0.0,1,1,2,1,3,0.5,1
freesolv,regression,113,1,8,0.025,retrospective working threshold with sensitivity grid,0.0,1,0,2,1,1,0.5,1
freesolv,regression,113,1,8,0.05,retrospective working threshold with sensitivity grid,0.0,1,0,2,1,1,0.5,1
freesolv,regression,113,1,8,0.1,retrospective working threshold with sensitivity grid,0.0,1,1,2,1,3,0.5,1
freesolv,regression,113,1,16,0.025,retrospective working threshold with sensitivity grid,0.0,1,0,2,2,1,0.3333333333333333,1
freesolv,regression,113,1,16,0.05,retrospective working threshold with sensitivity grid,0.0,1,0,2,2,1,0.3333333333333333,1
freesolv,regression,113,1,16,0.1,retrospective working threshold with sensitivity grid,0.0,1,1,2,2,3,0.3333333333333333,1
freesolv,regression,113,1,32,0.025,retrospective working threshold with sensitivity grid,0.0,1,0,2,2,1,0.3333333333333333,1
freesolv,regression,113,1,32,0.05,retrospective working threshold with sensitivity grid,0.0,1,0,2,3,2,0.25,1
freesolv,regression,113,1,32,0.1,retrospective working threshold with sensitivity grid,0.0,1,1,2,5,6,0.16666666666666666,1
freesolv,regression,113,2,4,0.025,retrospective working threshold with sensitivity grid,0.2054561574094084,0,0,1,1,1,1.0,1
freesolv,regression,113,2,4,0.05,retrospective working threshold with sensitivity grid,0.1804561574094084,0,0,1,1,1,1.0,1
freesolv,regression,113,2,4,0.1,retrospective working threshold with sensitivity grid,0.13045615740940839,0,0,1,1,1,1.0,1
freesolv,regression,113,2,8,0.025,retrospective working threshold with sensitivity grid,0.2054561574094084,0,0,1,1,1,1.0,1
freesolv,regression,113,2,8,0.05,retrospective working threshold with sensitivity grid,0.1804561574094084,0,0,1,1,2,1.0,1
freesolv,regression,113,2,8,0.1,retrospective working threshold with sensitivity grid,0.13045615740940839,0,0,1,1,2,1.0,1
freesolv,regression,113,2,16,0.025,retrospective working threshold with sensitivity grid,0.2054561574094084,0,0,1,2,1,0.5,1
freesolv,regression,113,2,16,0.05,retrospective working threshold with sensitivity grid,0.1804561574094084,0,0,2,2,1,0.3333333333333333,1
freesolv,regression,113,2,16,0.1,retrospective working threshold with sensitivity grid,0.13045615740940839,0,0,3,2,2,0.6666666666666666,1
freesolv,regression,113,2,32,0.025,retrospective working threshold with sensitivity grid,0.0,1,0,1,2,1,0.5,1
freesolv,regression,113,2,32,0.05,retrospective working threshold with sensitivity grid,0.0,1,0,2,3,1,0.25,1
freesolv,regression,113,2,32,0.1,retrospective working threshold with sensitivity grid,0.0,1,0,5,5,1,0.6666666666666666,1
freesolv,regression,113,3,4,0.025,retrospective working threshold with sensitivity grid,0.43398515302043383,0,0,1,1,1,0.0,0
freesolv,regression,113,3,4,0.05,retrospective working threshold with sensitivity grid,0.40898515302043387,0,0,1,1,1,0.0,0
freesolv,regression,113,3,4,0.1,retrospective working threshold with sensitivity grid,0.3589851530204339,0,0,2,1,1,0.5,0
freesolv,regression,113,3,8,0.025,retrospective working threshold with sensitivity grid,0.43398515302043383,0,0,1,1,1,0.0,0
freesolv,regression,113,3,8,0.05,retrospective working threshold with sensitivity grid,0.40898515302043387,0,0,1,1,1,0.0,0
freesolv,regression,113,3,8,0.1,retrospective working threshold with sensitivity grid,0.3589851530204339,0,0,3,1,1,0.3333333333333333,0
freesolv,regression,113,3,16,0.025,retrospective working threshold with sensitivity grid,0.43398515302043383,0,0,2,2,1,0.3333333333333333,0
freesolv,regression,113,3,16,0.05,retrospective working threshold with sensitivity grid,0.40898515302043387,0,0,2,2,1,0.3333333333333333,0
freesolv,regression,113,3,16,0.1,retrospective working threshold with sensitivity grid,0.3589851530204339,0,0,4,2,1,0.5,0
freesolv,regression,113,3,32,0.025,retrospective working threshold with sensitivity grid,0.43398515302043383,0,0,2,2,1,0.0,0
freesolv,regression,113,3,32,0.05,retrospective working threshold with sensitivity grid,0.40898515302043387,0,0,3,3,1,0.5,0
freesolv,regression,113,3,32,0.1,retrospective working threshold with sensitivity grid,0.3589851530204339,0,0,6,5,1,0.5714285714285714,0
freesolv,regression,127,1,4,0.025,retrospective working threshold with sensitivity grid,0.27532593657367144,0,0,1,1,1,1.0,1
freesolv,regression,127,1,4,0.05,retrospective working threshold with sensitivity grid,0.25032593657367147,0,0,1,1,1,1.0,1
freesolv,regression,127,1,4,0.1,retrospective working threshold with sensitivity grid,0.20032593657367145,0,0,1,1,1,1.0,1
freesolv,regression,127,1,8,0.025,retrospective working threshold with sensitivity grid,0.27532593657367144,0,0,1,1,1,1.0,1
freesolv,regression,127,1,8,0.05,retrospective working threshold with sensitivity grid,0.25032593657367147,0,0,1,1,1,1.0,1
freesolv,regression,127,1,8,0.1,retrospective working threshold with sensitivity grid,0.20032593657367145,0,0,1,1,1,1.0,1
freesolv,regression,127,1,16,0.025,retrospective working threshold with sensitivity grid,0.27532593657367144,0,0,1,2,2,0.5,1
freesolv,regression,127,1,16,0.05,retrospective working threshold with sensitivity grid,0.25032593657367147,0,0,1,2,2,0.5,1
freesolv,regression,127,1,16,0.1,retrospective working threshold with sensitivity grid,0.20032593657367145,0,0,3,2,2,0.6666666666666666,1
freesolv,regression,127,1,32,0.025,retrospective working threshold with sensitivity grid,0.27532593657367144,0,0,2,2,2,0.3333333333333333,1
freesolv,regression,127,1,32,0.05,retrospective working threshold with sensitivity grid,0.25032593657367147,0,0,2,4,4,0.2,1
freesolv,regression,127,1,32,0.1,retrospective working threshold with sensitivity grid,0.20032593657367145,0,0,4,5,4,0.5,1
freesolv,regression,127,2,4,0.025,retrospective working threshold with sensitivity grid,0.29976613891380033,0,0,1,1,1,0.0,0
freesolv,regression,127,2,4,0.05,retrospective working threshold with sensitivity grid,0.27476613891380036,0,0,1,1,1,0.0,0
freesolv,regression,127,2,4,0.1,retrospective working threshold with sensitivity grid,0.22476613891380035,0,0,2,1,1,0.5,0
freesolv,regression,127,2,8,0.025,retrospective working threshold with sensitivity grid,0.29976613891380033,0,0,1,1,1,0.0,0
freesolv,regression,127,2,8,0.05,retrospective working threshold with sensitivity grid,0.27476613891380036,0,0,1,1,1,0.0,0
freesolv,regression,127,2,8,0.1,retrospective working threshold with sensitivity grid,0.22476613891380035,0,0,2,1,1,0.5,0
freesolv,regression,127,2,16,0.025,retrospective working threshold with sensitivity grid,0.0,1,0,2,2,1,0.3333333333333333,1
freesolv,regression,127,2,16,0.05,retrospective working threshold with sensitivity grid,0.0,1,0,2,2,1,0.3333333333333333,1
freesolv,regression,127,2,16,0.1,retrospective working threshold with sensitivity grid,0.0,1,0,2,2,1,0.3333333333333333,1
freesolv,regression,127,2,32,0.025,retrospective working threshold with sensitivity grid,0.0,1,0,2,2,1,0.3333333333333333,0
freesolv,regression,127,2,32,0.05,retrospective working threshold with sensitivity grid,0.0,1,0,2,4,1,0.2,0
freesolv,regression,127,2,32,0.1,retrospective working threshold with sensitivity grid,0.0,1,0,5,5,1,0.6666666666666666,1
freesolv,regression,127,3,4,0.025,retrospective working threshold with sensitivity grid,0.0,1,1,2,1,1,0.5,1
freesolv,regression,127,3,4,0.05,retrospective working threshold with sensitivity grid,0.0,1,1,2,1,1,0.5,1
freesolv,regression,127,3,4,0.1,retrospective working threshold with sensitivity grid,0.0,1,1,2,1,1,0.5,1
freesolv,regression,127,3,8,0.025,retrospective working threshold with sensitivity grid,0.0,1,1,2,1,1,0.5,1
freesolv,regression,127,3,8,0.05,retrospective working threshold with sensitivity grid,0.0,1,1,2,1,1,0.5,1
freesolv,regression,127,3,8,0.1,retrospective working threshold with sensitivity grid,0.0,1,1,2,1,1,0.5,1
freesolv,regression,127,3,16,0.025,retrospective working threshold with sensitivity grid,0.0,1,1,2,2,1,0.3333333333333333,1
freesolv,regression,127,3,16,0.05,retrospective working threshold with sensitivity grid,0.0,1,1,2,2,1,0.3333333333333333,1
freesolv,regression,127,3,16,0.1,retrospective working threshold with sensitivity grid,0.0,1,1,3,2,2,0.6666666666666666,1
freesolv,regression,127,3,32,0.025,retrospective working threshold with sensitivity grid,0.0,1,1,3,2,1,0.6666666666666666,1
freesolv,regression,127,3,32,0.05,retrospective working threshold with sensitivity grid,0.0,1,1,3,4,1,0.4,1
freesolv,regression,127,3,32,0.1,retrospective working threshold with sensitivity grid,0.0,1,1,4,5,3,0.5,1
freesolv,regression,149,1,4,0.025,retrospective working threshold with sensitivity grid,0.24201053590030588,0,0,1,1,1,1.0,1
freesolv,regression,149,1,4,0.05,retrospective working threshold with sensitivity grid,0.2170105359003059,0,0,1,1,1,1.0,1
freesolv,regression,149,1,4,0.1,retrospective working threshold with sensitivity grid,0.16701053590030587,0,0,1,1,1,1.0,1
freesolv,regression,149,1,8,0.025,retrospective working threshold with sensitivity grid,0.24201053590030588,0,0,1,1,1,1.0,1
freesolv,regression,149,1,8,0.05,retrospective working threshold with sensitivity grid,0.2170105359003059,0,0,1,1,1,1.0,1
freesolv,regression,149,1,8,0.1,retrospective working threshold with sensitivity grid,0.16701053590030587,0,0,1,1,1,1.0,1
freesolv,regression,149,1,16,0.025,retrospective working threshold with sensitivity grid,0.24201053590030588,0,0,1,2,1,0.5,1
freesolv,regression,149,1,16,0.05,retrospective working threshold with sensitivity grid,0.2170105359003059,0,0,1,2,1,0.5,1
freesolv,regression,149,1,16,0.1,retrospective working threshold with sensitivity grid,0.16701053590030587,0,0,1,2,1,0.5,1
freesolv,regression,149,1,32,0.025,retrospective working threshold with sensitivity grid,0.24201053590030588,0,0,1,2,1,0.5,1
freesolv,regression,149,1,32,0.05,retrospective working threshold with sensitivity grid,0.2170105359003059,0,0,1,4,2,0.25,1
freesolv,regression,149,1,32,0.1,retrospective working threshold with sensitivity grid,0.16701053590030587,0,0,1,5,3,0.2,1
freesolv,regression,149,2,4,0.025,retrospective working threshold with sensitivity grid,0.06651576617261759,0,0,1,1,1,0.0,0
freesolv,regression,149,2,4,0.05,retrospective working threshold with sensitivity grid,0.04151576617261758,0,0,1,1,1,0.0,0
freesolv,regression,149,2,4,0.1,retrospective working threshold with sensitivity grid,0.0,1,0,1,1,1,0.0,0
freesolv,regression,149,2,8,0.025,retrospective working threshold with sensitivity grid,0.06651576617261759,0,0,1,1,1,0.0,0
freesolv,regression,149,2,8,0.05,retrospective working threshold with sensitivity grid,0.04151576617261758,0,0,1,1,2,0.0,0
freesolv,regression,149,2,8,0.1,retrospective working threshold with sensitivity grid,0.0,1,0,1,1,2,0.0,0
freesolv,regression,149,2,16,0.025,retrospective working threshold with sensitivity grid,0.06651576617261759,0,0,1,2,1,0.0,0
freesolv,regression,149,2,16,0.05,retrospective working threshold with sensitivity grid,0.04151576617261758,0,0,1,2,2,0.0,0
freesolv,regression,149,2,16,0.1,retrospective working threshold with sensitivity grid,0.0,1,0,1,2,3,0.0,0
freesolv,regression,149,2,32,0.025,retrospective working threshold with sensitivity grid,0.06651576617261759,0,0,1,2,2,0.0,0
freesolv,regression,149,2,32,0.05,retrospective working threshold with sensitivity grid,0.04151576617261758,0,0,1,4,3,0.0,0
freesolv,regression,149,2,32,0.1,retrospective working threshold with sensitivity grid,0.0,1,0,1,5,4,0.0,0
freesolv,regression,149,3,4,0.025,retrospective working threshold with sensitivity grid,0.0,1,1,1,1,1,1.0,1
freesolv,regression,149,3,4,0.05,retrospective working threshold with sensitivity grid,0.0,1,1,1,1,1,1.0,1
freesolv,regression,149,3,4,0.1,retrospective working threshold with sensitivity grid,0.0,1,1,1,1,1,1.0,1
freesolv,regression,149,3,8,0.025,retrospective working threshold with sensitivity grid,0.0,1,1,1,1,1,1.0,1
freesolv,regression,149,3,8,0.05,retrospective working threshold with sensitivity grid,0.0,1,1,1,1,1,1.0,1
freesolv,regression,149,3,8,0.1,retrospective working threshold with sensitivity grid,0.0,1,1,2,1,1,0.5,1
freesolv,regression,149,3,16,0.025,retrospective working threshold with sensitivity grid,0.0021105460257388117,0,0,1,2,1,0.5,1
freesolv,regression,149,3,16,0.05,retrospective working threshold with sensitivity grid,0.0,1,0,1,2,1,0.5,1
freesolv,regression,149,3,16,0.1,retrospective working threshold with sensitivity grid,0.0,1,0,2,2,1,1.0,1
freesolv,regression,149,3,32,0.025,retrospective working threshold with sensitivity grid,0.0,1,0,2,2,1,0.3333333333333333,1
freesolv,regression,149,3,32,0.05,retrospective working threshold with sensitivity grid,0.0,1,0,2,4,1,0.2,1
freesolv,regression,149,3,32,0.1,retrospective working threshold with sensitivity grid,0.0,1,1,4,5,2,0.8,1
lipo,regression,11,1,4,0.025,retrospective working threshold with sensitivity grid,0.10152064451375756,0,1,1,2,2,0.5,1
lipo,regression,11,1,4,0.05,retrospective working threshold with sensitivity grid,0.07652064451375755,0,1,2,4,4,0.5,1
lipo,regression,11,1,4,0.1,retrospective working threshold with sensitivity grid,0.026520644513757546,0,1,4,4,4,1.0,1
lipo,regression,11,1,8,0.025,retrospective working threshold with sensitivity grid,0.02579123627579196,0,1,3,3,3,1.0,1
lipo,regression,11,1,8,0.05,retrospective working threshold with sensitivity grid,0.0007912362757919594,0,1,4,4,4,1.0,1
lipo,regression,11,1,8,0.1,retrospective working threshold with sensitivity grid,0.0,1,1,6,8,5,0.75,1
lipo,regression,11,1,16,0.025,retrospective working threshold with sensitivity grid,0.0,1,1,2,4,5,0.5,1
lipo,regression,11,1,16,0.05,retrospective working threshold with sensitivity grid,0.0,1,1,8,7,8,0.875,1
lipo,regression,11,1,16,0.1,retrospective working threshold with sensitivity grid,0.0,1,1,12,13,11,0.9230769230769231,1
lipo,regression,11,1,32,0.025,retrospective working threshold with sensitivity grid,0.0,1,1,7,6,9,0.8571428571428571,1
lipo,regression,11,1,32,0.05,retrospective working threshold with sensitivity grid,0.0,1,1,13,9,14,0.6923076923076923,1
lipo,regression,11,1,32,0.1,retrospective working threshold with sensitivity grid,0.0,1,1,24,20,22,0.8333333333333334,1
lipo,regression,11,2,4,0.025,retrospective working threshold with sensitivity grid,0.06908579781394467,0,1,1,2,2,0.5,1
lipo,regression,11,2,4,0.05,retrospective working threshold with sensitivity grid,0.04408579781394466,0,1,2,4,4,0.5,1
lipo,regression,11,2,4,0.1,retrospective working threshold with sensitivity grid,0.0,1,1,4,4,4,1.0,1
lipo,regression,11,2,8,0.025,retrospective working threshold with sensitivity grid,0.04615876633488294,0,1,3,3,2,1.0,1
lipo,regression,11,2,8,0.05,retrospective working threshold with sensitivity grid,0.021158766334882936,0,1,5,4,5,0.8,1
lipo,regression,11,2,8,0.1,retrospective working threshold with sensitivity grid,0.0,1,1,7,8,8,0.875,1
lipo,regression,11,2,16,0.025,retrospective working threshold with sensitivity grid,0.0,1,1,2,4,1,0.5,1
lipo,regression,11,2,16,0.05,retrospective working threshold with sensitivity grid,0.0,1,1,7,7,7,1.0,1
lipo,regression,11,2,16,0.1,retrospective working threshold with sensitivity grid,0.0,1,1,12,13,12,0.9230769230769231,1
lipo,regression,11,2,32,0.025,retrospective working threshold with sensitivity grid,0.0,1,1,7,6,7,0.8571428571428571,1
lipo,regression,11,2,32,0.05,retrospective working threshold with sensitivity grid,0.0,1,1,14,9,8,0.6428571428571429,1
lipo,regression,11,2,32,0.1,retrospective working threshold with sensitivity grid,0.0,1,1,26,20,20,0.7692307692307693,1
lipo,regression,11,3,4,0.025,retrospective working threshold with sensitivity grid,0.07563629728190427,0,1,1,2,2,0.5,1
lipo,regression,11,3,4,0.05,retrospective working threshold with sensitivity grid,0.05063629728190426,0,1,2,4,4,0.5,1
lipo,regression,11,3,4,0.1,retrospective working threshold with sensitivity grid,0.0006362972819042578,0,1,4,4,4,1.0,1
lipo,regression,11,3,8,0.025,retrospective working threshold with sensitivity grid,0.0432425038579334,0,1,3,3,3,1.0,1
lipo,regression,11,3,8,0.05,retrospective working threshold with sensitivity grid,0.018242503857933398,0,1,4,4,5,0.6,1
lipo,regression,11,3,8,0.1,retrospective working threshold with sensitivity grid,0.0,1,1,5,8,8,0.625,1
lipo,regression,11,3,16,0.025,retrospective working threshold with sensitivity grid,0.00840850090569225,0,1,4,4,3,1.0,1
lipo,regression,11,3,16,0.05,retrospective working threshold with sensitivity grid,0.0,1,1,8,7,7,0.875,1
lipo,regression,11,3,16,0.1,retrospective working threshold with sensitivity grid,0.0,1,1,12,13,13,0.9230769230769231,1
lipo,regression,11,3,32,0.025,retrospective working threshold with sensitivity grid,0.0,1,1,7,6,5,0.8571428571428571,1
lipo,regression,11,3,32,0.05,retrospective working threshold with sensitivity grid,0.0,1,1,15,9,8,0.6,1
lipo,regression,11,3,32,0.1,retrospective working threshold with sensitivity grid,0.0,1,1,25,20,18,0.8,1
lipo,regression,23,1,4,0.025,retrospective working threshold with sensitivity grid,0.09093265197624192,0,1,1,2,2,0.5,1
lipo,regression,23,1,4,0.05,retrospective working threshold with sensitivity grid,0.06593265197624192,0,1,2,4,4,0.5,1
lipo,regression,23,1,4,0.1,retrospective working threshold with sensitivity grid,0.015932651976241913,0,1,4,4,4,1.0,1
lipo,regression,23,1,8,0.025,retrospective working threshold with sensitivity grid,0.05345520088578017,0,1,4,3,3,0.75,1
lipo,regression,23,1,8,0.05,retrospective working threshold with sensitivity grid,0.02845520088578017,0,1,5,4,3,0.8,1
lipo,regression,23,1,8,0.1,retrospective working threshold with sensitivity grid,0.0,1,1,8,8,8,1.0,1
lipo,regression,23,1,16,0.025,retrospective working threshold with sensitivity grid,0.0078124778497563815,0,1,4,4,3,1.0,1
lipo,regression,23,1,16,0.05,retrospective working threshold with sensitivity grid,0.0,1,1,10,7,7,0.7,1
lipo,regression,23,1,16,0.1,retrospective working threshold with sensitivity grid,0.0,1,1,13,13,12,1.0,1
lipo,regression,23,1,32,0.025,retrospective working threshold with sensitivity grid,0.0,1,1,7,6,6,0.8571428571428571,1
lipo,regression,23,1,32,0.05,retrospective working threshold with sensitivity grid,0.0,1,1,16,9,10,0.5625,1
lipo,regression,23,1,32,0.1,retrospective working threshold with sensitivity grid,0.0,1,1,26,20,19,0.7692307692307693,1
lipo,regression,23,2,4,0.025,retrospective working threshold with sensitivity grid,0.08357237696067601,0,1,1,2,2,0.5,1
lipo,regression,23,2,4,0.05,retrospective working threshold with sensitivity grid,0.058572376960676006,0,1,2,4,4,0.5,1
lipo,regression,23,2,4,0.1,retrospective working threshold with sensitivity grid,0.008572376960676004,0,1,4,4,4,1.0,1
lipo,regression,23,2,8,0.025,retrospective working threshold with sensitivity grid,0.035772392182578126,0,1,4,3,3,0.75,1
lipo,regression,23,2,8,0.05,retrospective working threshold with sensitivity grid,0.010772392182578125,0,1,5,4,5,0.8,1
lipo,regression,23,2,8,0.1,retrospective working threshold with sensitivity grid,0.0,1,1,7,8,8,0.875,1
lipo,regression,23,2,16,0.025,retrospective working threshold with sensitivity grid,0.0,1,1,2,4,3,0.5,1
lipo,regression,23,2,16,0.05,retrospective working threshold with sensitivity grid,0.0,1,1,6,7,7,0.8571428571428571,1
lipo,regression,23,2,16,0.1,retrospective working threshold with sensitivity grid,0.0,1,1,12,13,12,0.9230769230769231,1
lipo,regression,23,2,32,0.025,retrospective working threshold with sensitivity grid,0.0,1,1,7,6,7,0.8571428571428571,1
lipo,regression,23,2,32,0.05,retrospective working threshold with sensitivity grid,0.0,1,1,12,9,11,0.75,1
lipo,regression,23,2,32,0.1,retrospective working threshold with sensitivity grid,0.0,1,1,22,20,21,0.9090909090909091,1
lipo,regression,23,3,4,0.025,retrospective working threshold with sensitivity grid,0.06809856210850043,0,1,1,2,2,0.5,1
lipo,regression,23,3,4,0.05,retrospective working threshold with sensitivity grid,0.043098562108500424,0,1,2,4,4,0.5,1
lipo,regression,23,3,4,0.1,retrospective working threshold with sensitivity grid,0.0,1,1,4,4,4,1.0,1
lipo,regression,23,3,8,0.025,retrospective working threshold with sensitivity grid,0.041514428579865224,0,1,3,3,2,1.0,1
lipo,regression,23,3,8,0.05,retrospective working threshold with sensitivity grid,0.016514428579865223,0,1,4,4,5,0.6,1
lipo,regression,23,3,8,0.1,retrospective working threshold with sensitivity grid,0.0,1,1,5,8,8,0.625,1
lipo,regression,23,3,16,0.025,retrospective working threshold with sensitivity grid,0.0035040547745724057,0,1,4,4,3,1.0,1
lipo,regression,23,3,16,0.05,retrospective working threshold with sensitivity grid,0.0,1,1,8,7,7,0.875,1
lipo,regression,23,3,16,0.1,retrospective working threshold with sensitivity grid,0.0,1,1,12,13,13,0.9230769230769231,1
lipo,regression,23,3,32,0.025,retrospective working threshold with sensitivity grid,0.0,1,1,7,6,6,0.8571428571428571,1
lipo,regression,23,3,32,0.05,retrospective working threshold with sensitivity grid,0.0,1,1,16,9,10,0.5625,1
lipo,regression,23,3,32,0.1,retrospective working threshold with sensitivity grid,0.0,1,1,25,20,20,0.8,1
lipo,regression,37,1,4,0.025,retrospective working threshold with sensitivity grid,0.06475912166092082,0,1,1,2,2,0.5,1
lipo,regression,37,1,4,0.05,retrospective working threshold with sensitivity grid,0.03975912166092081,0,1,2,4,4,0.5,1
lipo,regression,37,1,4,0.1,retrospective working threshold with sensitivity grid,0.0,1,1,4,4,4,1.0,1
lipo,regression,37,1,8,0.025,retrospective working threshold with sensitivity grid,0.056885627648697,0,1,2,3,5,0.6666666666666666,1
lipo,regression,37,1,8,0.05,retrospective working threshold with sensitivity grid,0.031885627648697,0,1,3,4,8,0.75,1
lipo,regression,37,1,8,0.1,retrospective working threshold with sensitivity grid,0.0,1,1,5,8,8,0.625,1
lipo,regression,37,1,16,0.025,retrospective working threshold with sensitivity grid,0.011961289567200793,0,1,4,4,4,1.0,1
lipo,regression,37,1,16,0.05,retrospective working threshold with sensitivity grid,0.0,1,1,7,7,6,1.0,1
lipo,regression,37,1,16,0.1,retrospective working threshold with sensitivity grid,0.0,1,1,12,13,15,0.9230769230769231,1
lipo,regression,37,1,32,0.025,retrospective working threshold with sensitivity grid,0.0,1,1,7,6,5,0.8571428571428571,1
lipo,regression,37,1,32,0.05,retrospective working threshold with sensitivity grid,0.0,1,1,12,9,7,0.75,1
lipo,regression,37,1,32,0.1,retrospective working threshold with sensitivity grid,0.0,1,1,20,20,21,0.9047619047619048,1
lipo,regression,37,2,4,0.025,retrospective working threshold with sensitivity grid,0.11796152463203693,0,1,1,2,2,0.5,1
lipo,regression,37,2,4,0.05,retrospective working threshold with sensitivity grid,0.09296152463203693,0,1,2,4,4,0.5,1
lipo,regression,37,2,4,0.1,retrospective working threshold with sensitivity grid,0.042961524632036924,0,1,4,4,4,1.0,1
lipo,regression,37,2,8,0.025,retrospective working threshold with sensitivity grid,0.029683075758188092,0,1,4,3,3,0.75,1
lipo,regression,37,2,8,0.05,retrospective working threshold with sensitivity grid,0.0046830757581880905,0,1,5,4,3,0.8,1
lipo,regression,37,2,8,0.1,retrospective working threshold with sensitivity grid,0.0,1,1,8,8,5,1.0,1
lipo,regression,37,2,16,0.025,retrospective working threshold with sensitivity grid,0.0022967138115416383,0,1,1,4,3,0.25,1
lipo,regression,37,2,16,0.05,retrospective working threshold with sensitivity grid,0.0,1,1,5,7,8,0.7142857142857143,1
lipo,regression,37,2,16,0.1,retrospective working threshold with sensitivity grid,0.0,1,1,12,13,11,0.9230769230769231,1
lipo,regression,37,2,32,0.025,retrospective working threshold with sensitivity grid,0.0,1,1,7,6,6,0.8571428571428571,1
lipo,regression,37,2,32,0.05,retrospective working threshold with sensitivity grid,0.0,1,1,10,9,12,0.5833333333333334,1
lipo,regression,37,2,32,0.1,retrospective working threshold with sensitivity grid,0.0,1,1,20,20,21,0.9047619047619048,1
lipo,regression,37,3,4,0.025,retrospective working threshold with sensitivity grid,0.04681628214793245,0,1,1,2,2,0.5,1
lipo,regression,37,3,4,0.05,retrospective working threshold with sensitivity grid,0.02181628214793245,0,1,2,4,4,0.5,1
lipo,regression,37,3,4,0.1,retrospective working threshold with sensitivity grid,0.0,1,1,4,4,4,1.0,1
lipo,regression,37,3,8,0.025,retrospective working threshold with sensitivity grid,0.012598431721794999,0,1,3,3,3,1.0,1
lipo,regression,37,3,8,0.05,retrospective working threshold with sensitivity grid,0.0,1,1,5,4,5,0.8,1
lipo,regression,37,3,8,0.1,retrospective working threshold with sensitivity grid,0.0,1,1,6,8,8,0.75,1
lipo,regression,37,3,16,0.025,retrospective working threshold with sensitivity grid,0.0009589028931146423,0,1,4,4,6,1.0,1
lipo,regression,37,3,16,0.05,retrospective working threshold with sensitivity grid,0.0,1,1,7,7,10,1.0,1
lipo,regression,37,3,16,0.1,retrospective working threshold with sensitivity grid,0.0,1,1,12,13,15,0.9230769230769231,1
lipo,regression,37,3,32,0.025,retrospective working threshold with sensitivity grid,0.0,1,1,7,6,4,0.8571428571428571,1
lipo,regression,37,3,32,0.05,retrospective working threshold with sensitivity grid,0.0,1,1,12,9,15,0.75,1
lipo,regression,37,3,32,0.1,retrospective working threshold with sensitivity grid,0.0,1,1,24,20,25,0.8333333333333334,1
lipo,regression,53,1,4,0.025,retrospective working threshold with sensitivity grid,0.09290721576264274,0,1,1,2,2,0.5,1
lipo,regression,53,1,4,0.05,retrospective working threshold with sensitivity grid,0.06790721576264273,0,1,1,4,4,0.25,1
lipo,regression,53,1,4,0.1,retrospective working threshold with sensitivity grid,0.01790721576264273,0,1,4,4,4,1.0,1
lipo,regression,53,1,8,0.025,retrospective working threshold with sensitivity grid,0.04504777534347706,0,1,4,3,3,0.75,1
lipo,regression,53,1,8,0.05,retrospective working threshold with sensitivity grid,0.020047775343477056,0,1,5,4,5,0.8,1
lipo,regression,53,1,8,0.1,retrospective working threshold with sensitivity grid,0.0,1,1,6,8,8,0.75,1
lipo,regression,53,1,16,0.025,retrospective working threshold with sensitivity grid,0.0,1,1,4,4,3,1.0,1
lipo,regression,53,1,16,0.05,retrospective working threshold with sensitivity grid,0.0,1,1,8,7,7,0.875,1
lipo,regression,53,1,16,0.1,retrospective working threshold with sensitivity grid,0.0,1,1,12,13,12,0.9230769230769231,1
lipo,regression,53,1,32,0.025,retrospective working threshold with sensitivity grid,0.0,1,1,7,6,7,0.8571428571428571,1
lipo,regression,53,1,32,0.05,retrospective working threshold with sensitivity grid,0.0,1,1,12,9,10,0.75,1
lipo,regression,53,1,32,0.1,retrospective working threshold with sensitivity grid,0.0,1,1,25,20,21,0.8,1
lipo,regression,53,2,4,0.025,retrospective working threshold with sensitivity grid,0.07328070597017902,0,1,1,2,2,0.5,1
lipo,regression,53,2,4,0.05,retrospective working threshold with sensitivity grid,0.048280705970179014,0,1,2,4,4,0.5,1
lipo,regression,53,2,4,0.1,retrospective working threshold with sensitivity grid,0.0,1,1,4,4,4,1.0,1
lipo,regression,53,2,8,0.025,retrospective working threshold with sensitivity grid,0.031083733086143005,0,1,4,3,2,0.75,1
lipo,regression,53,2,8,0.05,retrospective working threshold with sensitivity grid,0.006083733086143003,0,1,5,4,3,0.8,1
lipo,regression,53,2,8,0.1,retrospective working threshold with sensitivity grid,0.0,1,1,8,8,8,1.0,1
lipo,regression,53,2,16,0.025,retrospective working threshold with sensitivity grid,0.0,1,1,2,4,4,0.5,1
lipo,regression,53,2,16,0.05,retrospective working threshold with sensitivity grid,0.0,1,1,5,7,8,0.7142857142857143,1
lipo,regression,53,2,16,0.1,retrospective working threshold with sensitivity grid,0.0,1,1,12,13,13,0.9230769230769231,1
lipo,regression,53,2,32,0.025,retrospective working threshold with sensitivity grid,0.0,1,1,7,6,7,0.8571428571428571,1
lipo,regression,53,2,32,0.05,retrospective working threshold with sensitivity grid,0.0,1,1,13,9,11,0.6923076923076923,1
lipo,regression,53,2,32,0.1,retrospective working threshold with sensitivity grid,0.0,1,1,24,20,20,0.8333333333333334,1
lipo,regression,53,3,4,0.025,retrospective working threshold with sensitivity grid,0.07772395124860712,0,1,1,2,2,0.5,1
lipo,regression,53,3,4,0.05,retrospective working threshold with sensitivity grid,0.05272395124860711,0,1,2,4,4,0.5,1
lipo,regression,53,3,4,0.1,retrospective working threshold with sensitivity grid,0.0027239512486071094,0,1,4,4,4,1.0,1
lipo,regression,53,3,8,0.025,retrospective working threshold with sensitivity grid,0.03449186062835565,0,1,3,3,3,1.0,1
lipo,regression,53,3,8,0.05,retrospective working threshold with sensitivity grid,0.00949186062835565,0,1,4,4,4,1.0,1
lipo,regression,53,3,8,0.1,retrospective working threshold with sensitivity grid,0.0,1,1,7,8,8,0.875,1
lipo,regression,53,3,16,0.025,retrospective working threshold with sensitivity grid,0.011998397259635606,0,1,3,4,5,0.75,1
lipo,regression,53,3,16,0.05,retrospective working threshold with sensitivity grid,0.0,1,1,7,7,9,1.0,1
lipo,regression,53,3,16,0.1,retrospective working threshold with sensitivity grid,0.0,1,1,12,13,13,0.9230769230769231,1
lipo,regression,53,3,32,0.025,retrospective working threshold with sensitivity grid,0.0,1,1,7,6,6,0.8571428571428571,1
lipo,regression,53,3,32,0.05,retrospective working threshold with sensitivity grid,0.0,1,1,13,9,9,0.6923076923076923,1
lipo,regression,53,3,32,0.1,retrospective working threshold with sensitivity grid,0.0,1,1,23,20,20,0.8695652173913043,1
lipo,regression,71,1,4,0.025,retrospective working threshold with sensitivity grid,0.046575329578650314,0,1,1,2,2,0.5,1
lipo,regression,71,1,4,0.05,retrospective working threshold with sensitivity grid,0.021575329578650312,0,1,2,4,4,0.5,1
lipo,regression,71,1,4,0.1,retrospective working threshold with sensitivity grid,0.0,1,1,4,4,4,1.0,1
lipo,regression,71,1,8,0.025,retrospective working threshold with sensitivity grid,0.03366441576186654,0,1,3,3,4,1.0,1
lipo,regression,71,1,8,0.05,retrospective working threshold with sensitivity grid,0.008664415761866537,0,1,4,4,6,0.6,1
lipo,regression,71,1,8,0.1,retrospective working threshold with sensitivity grid,0.0,1,1,6,8,8,0.75,1
lipo,regression,71,1,16,0.025,retrospective working threshold with sensitivity grid,0.0046380777596567654,0,1,4,4,3,1.0,1
lipo,regression,71,1,16,0.05,retrospective working threshold with sensitivity grid,0.0,1,1,8,7,8,0.875,1
lipo,regression,71,1,16,0.1,retrospective working threshold with sensitivity grid,0.0,1,1,12,13,15,0.9230769230769231,1
lipo,regression,71,1,32,0.025,retrospective working threshold with sensitivity grid,0.0,1,1,7,6,6,0.8571428571428571,1
lipo,regression,71,1,32,0.05,retrospective working threshold with sensitivity grid,0.0,1,1,14,9,9,0.6428571428571429,1
lipo,regression,71,1,32,0.1,retrospective working threshold with sensitivity grid,0.0,1,1,25,20,21,0.8,1
lipo,regression,71,2,4,0.025,retrospective working threshold with sensitivity grid,0.08099365825670049,0,1,1,2,2,0.5,1
lipo,regression,71,2,4,0.05,retrospective working threshold with sensitivity grid,0.05599365825670048,0,1,2,4,4,0.5,1
lipo,regression,71,2,4,0.1,retrospective working threshold with sensitivity grid,0.005993658256700479,0,1,4,4,4,1.0,1
lipo,regression,71,2,8,0.025,retrospective working threshold with sensitivity grid,0.021698846928299396,0,1,3,3,3,1.0,1
lipo,regression,71,2,8,0.05,retrospective working threshold with sensitivity grid,0.0,1,1,5,4,4,0.8,1
lipo,regression,71,2,8,0.1,retrospective working threshold with sensitivity grid,0.0,1,1,7,8,7,0.875,1
lipo,regression,71,2,16,0.025,retrospective working threshold with sensitivity grid,0.00034861805347643354,0,1,1,4,7,0.25,1
lipo,regression,71,2,16,0.05,retrospective working threshold with sensitivity grid,0.0,1,1,5,7,9,0.7142857142857143,1
lipo,regression,71,2,16,0.1,retrospective working threshold with sensitivity grid,0.0,1,1,12,13,12,0.9230769230769231,1
lipo,regression,71,2,32,0.025,retrospective working threshold with sensitivity grid,0.0,1,1,7,6,7,0.8571428571428571,1
lipo,regression,71,2,32,0.05,retrospective working threshold with sensitivity grid,0.0,1,1,12,9,15,0.75,1
lipo,regression,71,2,32,0.1,retrospective working threshold with sensitivity grid,0.0,1,1,24,20,24,0.8333333333333334,1
lipo,regression,71,3,4,0.025,retrospective working threshold with sensitivity grid,0.07975208299666417,0,1,1,2,2,0.5,1
lipo,regression,71,3,4,0.05,retrospective working threshold with sensitivity grid,0.05475208299666416,0,1,2,4,4,0.5,1
lipo,regression,71,3,4,0.1,retrospective working threshold with sensitivity grid,0.004752082996664159,0,1,4,4,4,1.0,1
lipo,regression,71,3,8,0.025,retrospective working threshold with sensitivity grid,0.04593107087616013,0,1,4,3,3,0.75,1
lipo,regression,71,3,8,0.05,retrospective working threshold with sensitivity grid,0.020931070876160127,0,1,5,4,4,0.8,1
lipo,regression,71,3,8,0.1,retrospective working threshold with sensitivity grid,0.0,1,1,7,8,8,0.875,1
lipo,regression,71,3,16,0.025,retrospective working threshold with sensitivity grid,0.0,1,1,3,4,4,0.75,1
lipo,regression,71,3,16,0.05,retrospective working threshold with sensitivity grid,0.0,1,1,8,7,6,0.875,1
lipo,regression,71,3,16,0.1,retrospective working threshold with sensitivity grid,0.0,1,1,12,13,11,0.9230769230769231,1
lipo,regression,71,3,32,0.025,retrospective working threshold with sensitivity grid,0.0,1,1,7,6,6,0.8571428571428571,1
lipo,regression,71,3,32,0.05,retrospective working threshold with sensitivity grid,0.0,1,1,14,9,12,0.6428571428571429,1
lipo,regression,71,3,32,0.1,retrospective working threshold with sensitivity grid,0.0,1,1,26,20,23,0.7692307692307693,1
lipo,regression,83,1,4,0.025,retrospective working threshold with sensitivity grid,0.06320992990404198,0,1,1,2,2,0.5,1
lipo,regression,83,1,4,0.05,retrospective working threshold with sensitivity grid,0.03820992990404197,0,1,2,4,4,0.5,1
lipo,regression,83,1,4,0.1,retrospective working threshold with sensitivity grid,0.0,1,1,4,4,4,1.0,1
lipo,regression,83,1,8,0.025,retrospective working threshold with sensitivity grid,0.005085576697696735,0,1,3,3,3,1.0,1
lipo,regression,83,1,8,0.05,retrospective working threshold with sensitivity grid,0.0,1,1,5,4,3,0.8,1
lipo,regression,83,1,8,0.1,retrospective working threshold with sensitivity grid,0.0,1,1,6,8,8,0.75,1
lipo,regression,83,1,16,0.025,retrospective working threshold with sensitivity grid,0.0,1,1,1,4,5,0.25,1
lipo,regression,83,1,16,0.05,retrospective working threshold with sensitivity grid,0.0,1,1,5,7,8,0.7142857142857143,1
lipo,regression,83,1,16,0.1,retrospective working threshold with sensitivity grid,0.0,1,1,12,13,13,0.9230769230769231,1
lipo,regression,83,1,32,0.025,retrospective working threshold with sensitivity grid,0.0,1,1,7,6,10,0.8571428571428571,1
lipo,regression,83,1,32,0.05,retrospective working threshold with sensitivity grid,0.0,1,1,13,9,17,0.6923076923076923,1
lipo,regression,83,1,32,0.1,retrospective working threshold with sensitivity grid,0.0,1,1,24,20,25,0.8333333333333334,1
lipo,regression,83,2,4,0.025,retrospective working threshold with sensitivity grid,0.08092606650607873,0,1,1,2,2,0.5,1
lipo,regression,83,2,4,0.05,retrospective working threshold with sensitivity grid,0.05592606650607872,0,1,1,4,4,0.25,1
lipo,regression,83,2,4,0.1,retrospective working threshold with sensitivity grid,0.005926066506078714,0,1,4,4,4,1.0,1
lipo,regression,83,2,8,0.025,retrospective working threshold with sensitivity grid,0.033434896762720955,0,1,3,3,1,1.0,1
lipo,regression,83,2,8,0.05,retrospective working threshold with sensitivity grid,0.008434896762720953,0,1,4,4,4,0.6,1
lipo,regression,83,2,8,0.1,retrospective working threshold with sensitivity grid,0.0,1,1,5,8,8,0.625,1
lipo,regression,83,2,16,0.025,retrospective working threshold with sensitivity grid,0.012414970655559653,0,1,6,4,5,0.6666666666666666,1
lipo,regression,83,2,16,0.05,retrospective working threshold with sensitivity grid,0.0,1,1,8,7,7,0.875,1
lipo,regression,83,2,16,0.1,retrospective working threshold with sensitivity grid,0.0,1,1,12,13,14,0.9230769230769231,1
lipo,regression,83,2,32,0.025,retrospective working threshold with sensitivity grid,0.0,1,1,7,6,6,0.8571428571428571,1
lipo,regression,83,2,32,0.05,retrospective working threshold with sensitivity grid,0.0,1,1,15,9,8,0.6,1
lipo,regression,83,2,32,0.1,retrospective working threshold with sensitivity grid,0.0,1,1,26,20,19,0.7692307692307693,1
lipo,regression,83,3,4,0.025,retrospective working threshold with sensitivity grid,0.06254606211758942,0,1,1,2,2,0.5,1
lipo,regression,83,3,4,0.05,retrospective working threshold with sensitivity grid,0.037546062117589415,0,1,2,4,4,0.5,1
lipo,regression,83,3,4,0.1,retrospective working threshold with sensitivity grid,0.0,1,1,4,4,4,1.0,1
lipo,regression,83,3,8,0.025,retrospective working threshold with sensitivity grid,0.053807427390420014,0,1,3,3,5,1.0,1
lipo,regression,83,3,8,0.05,retrospective working threshold with sensitivity grid,0.028807427390420012,0,1,5,4,7,0.8,1
lipo,regression,83,3,8,0.1,retrospective working threshold with sensitivity grid,0.0,1,1,6,8,8,0.75,1
lipo,regression,83,3,16,0.025,retrospective working threshold with sensitivity grid,0.01224799117889954,0,1,3,4,2,0.75,1
lipo,regression,83,3,16,0.05,retrospective working threshold with sensitivity grid,0.0,1,1,7,7,6,1.0,1
lipo,regression,83,3,16,0.1,retrospective working threshold with sensitivity grid,0.0,1,1,12,13,14,0.9230769230769231,1
lipo,regression,83,3,32,0.025,retrospective working threshold with sensitivity grid,0.0,1,1,7,6,4,0.8571428571428571,1
lipo,regression,83,3,32,0.05,retrospective working threshold with sensitivity grid,0.0,1,1,11,9,7,0.8181818181818182,1
lipo,regression,83,3,32,0.1,retrospective working threshold with sensitivity grid,0.0,1,1,21,20,17,0.9523809523809523,1
lipo,regression,97,1,4,0.025,retrospective working threshold with sensitivity grid,0.07626959825378479,0,1,1,2,2,0.5,1
lipo,regression,97,1,4,0.05,retrospective working threshold with sensitivity grid,0.051269598253784784,0,1,2,4,4,0.5,1
lipo,regression,97,1,4,0.1,retrospective working threshold with sensitivity grid,0.0012695982537847816,0,1,4,4,4,1.0,1
lipo,regression,97,1,8,0.025,retrospective working threshold with sensitivity grid,0.05647476052091562,0,1,3,3,3,1.0,1
lipo,regression,97,1,8,0.05,retrospective working threshold with sensitivity grid,0.03147476052091562,0,1,4,4,6,0.6,1
lipo,regression,97,1,8,0.1,retrospective working threshold with sensitivity grid,0.0,1,1,5,8,8,0.625,1
lipo,regression,97,1,16,0.025,retrospective working threshold with sensitivity grid,0.01984867351670174,0,1,5,4,3,0.8,1
lipo,regression,97,1,16,0.05,retrospective working threshold with sensitivity grid,0.0,1,1,8,7,7,0.875,1
lipo,regression,97,1,16,0.1,retrospective working threshold with sensitivity grid,0.0,1,1,12,13,14,0.9230769230769231,1
lipo,regression,97,1,32,0.025,retrospective working threshold with sensitivity grid,0.0,1,1,7,6,5,0.8571428571428571,1
lipo,regression,97,1,32,0.05,retrospective working threshold with sensitivity grid,0.0,1,1,16,10,7,0.625,1
lipo,regression,97,1,32,0.1,retrospective working threshold with sensitivity grid,0.0,1,1,25,20,16,0.8,1
lipo,regression,97,2,4,0.025,retrospective working threshold with sensitivity grid,0.07516501196172823,0,1,1,2,2,0.5,1
lipo,regression,97,2,4,0.05,retrospective working threshold with sensitivity grid,0.05016501196172822,0,1,2,4,4,0.5,1
lipo,regression,97,2,4,0.1,retrospective working threshold with sensitivity grid,0.00016501196172821753,0,1,4,4,4,1.0,1
lipo,regression,97,2,8,0.025,retrospective working threshold with sensitivity grid,0.02512789185537625,0,1,3,3,3,1.0,1
lipo,regression,97,2,8,0.05,retrospective working threshold with sensitivity grid,0.00012789185537624703,0,1,4,4,3,0.6,1
lipo,regression,97,2,8,0.1,retrospective working threshold with sensitivity grid,0.0,1,1,6,8,8,0.75,1
lipo,regression,97,2,16,0.025,retrospective working threshold with sensitivity grid,0.0022778810493988763,0,1,1,4,5,0.25,1
lipo,regression,97,2,16,0.05,retrospective working threshold with sensitivity grid,0.0,1,1,7,7,8,1.0,1
lipo,regression,97,2,16,0.1,retrospective working threshold with sensitivity grid,0.0,1,1,12,13,13,0.9230769230769231,1
lipo,regression,97,2,32,0.025,retrospective working threshold with sensitivity grid,0.0,1,1,7,6,5,0.8571428571428571,1
lipo,regression,97,2,32,0.05,retrospective working threshold with sensitivity grid,0.0,1,1,13,10,10,0.7692307692307693,1
lipo,regression,97,2,32,0.1,retrospective working threshold with sensitivity grid,0.0,1,1,23,20,21,0.8695652173913043,1
lipo,regression,97,3,4,0.025,retrospective working threshold with sensitivity grid,0.08319852928625418,0,1,1,2,2,0.5,1
lipo,regression,97,3,4,0.05,retrospective working threshold with sensitivity grid,0.05819852928625417,0,1,2,4,4,0.5,1
lipo,regression,97,3,4,0.1,retrospective working threshold with sensitivity grid,0.00819852928625417,0,1,4,4,4,1.0,1
lipo,regression,97,3,8,0.025,retrospective working threshold with sensitivity grid,0.04251982486981545,0,1,3,3,3,1.0,1
lipo,regression,97,3,8,0.05,retrospective working threshold with sensitivity grid,0.017519824869815445,0,1,4,4,4,0.6,1
lipo,regression,97,3,8,0.1,retrospective working threshold with sensitivity grid,0.0,1,1,5,8,8,0.625,1
lipo,regression,97,3,16,0.025,retrospective working threshold with sensitivity grid,0.0,1,1,4,4,1,1.0,1
lipo,regression,97,3,16,0.05,retrospective working threshold with sensitivity grid,0.0,1,1,9,7,6,0.7777777777777778,1
lipo,regression,97,3,16,0.1,retrospective working threshold with sensitivity grid,0.0,1,1,12,13,12,0.9230769230769231,1
lipo,regression,97,3,32,0.025,retrospective working threshold with sensitivity grid,0.0,1,1,7,6,7,0.8571428571428571,1
lipo,regression,97,3,32,0.05,retrospective working threshold with sensitivity grid,0.0,1,1,13,10,10,0.7692307692307693,1
lipo,regression,97,3,32,0.1,retrospective working threshold with sensitivity grid,0.0,1,1,24,20,19,0.8333333333333334,1
lipo,regression,113,1,4,0.025,retrospective working threshold with sensitivity grid,0.06822466031948052,0,1,1,2,2,0.5,1
lipo,regression,113,1,4,0.05,retrospective working threshold with sensitivity grid,0.04322466031948051,0,1,1,4,4,0.25,1
lipo,regression,113,1,4,0.1,retrospective working threshold with sensitivity grid,0.0,1,1,4,4,4,1.0,1
lipo,regression,113,1,8,0.025,retrospective working threshold with sensitivity grid,0.0572777932106421,0,1,3,3,3,1.0,1
lipo,regression,113,1,8,0.05,retrospective working threshold with sensitivity grid,0.0322777932106421,0,1,4,4,5,0.6,1
lipo,regression,113,1,8,0.1,retrospective working threshold with sensitivity grid,0.0,1,1,5,8,8,0.625,1
lipo,regression,113,1,16,0.025,retrospective working threshold with sensitivity grid,0.0,1,1,3,4,1,0.75,1
lipo,regression,113,1,16,0.05,retrospective working threshold with sensitivity grid,0.0,1,1,7,7,4,1.0,1
lipo,regression,113,1,16,0.1,retrospective working threshold with sensitivity grid,0.0,1,1,11,13,11,0.8461538461538461,1
lipo,regression,113,1,32,0.025,retrospective working threshold with sensitivity grid,0.0,1,1,7,6,6,0.8571428571428571,1
lipo,regression,113,1,32,0.05,retrospective working threshold with sensitivity grid,0.0,1,1,12,9,7,0.75,1
lipo,regression,113,1,32,0.1,retrospective working threshold with sensitivity grid,0.0,1,1,23,20,20,0.8695652173913043,1
lipo,regression,113,2,4,0.025,retrospective working threshold with sensitivity grid,0.10669504092804286,0,1,1,2,2,0.5,1
lipo,regression,113,2,4,0.05,retrospective working threshold with sensitivity grid,0.08169504092804285,0,1,2,4,4,0.5,1
lipo,regression,113,2,4,0.1,retrospective working threshold with sensitivity grid,0.031695040928042845,0,1,4,4,4,1.0,1
lipo,regression,113,2,8,0.025,retrospective working threshold with sensitivity grid,0.011511446123321244,0,1,4,3,2,0.75,1
lipo,regression,113,2,8,0.05,retrospective working threshold with sensitivity grid,0.0,1,1,5,4,3,0.8,1
lipo,regression,113,2,8,0.1,retrospective working threshold with sensitivity grid,0.0,1,1,8,8,5,1.0,1
lipo,regression,113,2,16,0.025,retrospective working threshold with sensitivity grid,0.005051877503227685,0,1,2,4,7,0.5,1
lipo,regression,113,2,16,0.05,retrospective working threshold with sensitivity grid,0.0,1,1,8,7,8,0.875,1
lipo,regression,113,2,16,0.1,retrospective working threshold with sensitivity grid,0.0,1,1,12,13,11,0.9230769230769231,1
lipo,regression,113,2,32,0.025,retrospective working threshold with sensitivity grid,0.0,1,1,7,6,6,0.8571428571428571,1
lipo,regression,113,2,32,0.05,retrospective working threshold with sensitivity grid,0.0,1,1,11,9,14,0.6666666666666666,1
lipo,regression,113,2,32,0.1,retrospective working threshold with sensitivity grid,0.0,1,1,25,20,22,0.8,1
lipo,regression,113,3,4,0.025,retrospective working threshold with sensitivity grid,0.10455250431122434,0,1,1,2,2,0.5,1
lipo,regression,113,3,4,0.05,retrospective working threshold with sensitivity grid,0.07955250431122433,0,1,2,4,4,0.5,1
lipo,regression,113,3,4,0.1,retrospective working threshold with sensitivity grid,0.02955250431122433,0,1,4,4,4,1.0,1
lipo,regression,113,3,8,0.025,retrospective working threshold with sensitivity grid,0.05611119698825908,0,1,4,3,3,0.75,1
lipo,regression,113,3,8,0.05,retrospective working threshold with sensitivity grid,0.03111119698825908,0,1,6,4,4,0.6666666666666666,1
lipo,regression,113,3,8,0.1,retrospective working threshold with sensitivity grid,0.0,1,1,8,8,8,1.0,1
lipo,regression,113,3,16,0.025,retrospective working threshold with sensitivity grid,0.0231413183967484,0,1,2,4,3,0.5,1
lipo,regression,113,3,16,0.05,retrospective working threshold with sensitivity grid,0.0,1,1,7,7,6,0.75,1
lipo,regression,113,3,16,0.1,retrospective working threshold with sensitivity grid,0.0,1,1,13,13,13,1.0,1
lipo,regression,113,3,32,0.025,retrospective working threshold with sensitivity grid,0.0,1,1,7,6,2,0.8571428571428571,1
lipo,regression,113,3,32,0.05,retrospective working threshold with sensitivity grid,0.0,1,1,13,9,7,0.6923076923076923,1
lipo,regression,113,3,32,0.1,retrospective working threshold with sensitivity grid,0.0,1,1,25,20,15,0.8,1
lipo,regression,127,1,4,0.025,retrospective working threshold with sensitivity grid,0.061371717063271956,0,1,1,2,2,0.5,1
lipo,regression,127,1,4,0.05,retrospective working threshold with sensitivity grid,0.036371717063271955,0,1,2,4,4,0.5,1
lipo,regression,127,1,4,0.1,retrospective working threshold with sensitivity grid,0.0,1,1,4,4,4,1.0,1
lipo,regression,127,1,8,0.025,retrospective working threshold with sensitivity grid,0.05742416006579367,0,1,3,3,5,1.0,1
lipo,regression,127,1,8,0.05,retrospective working threshold with sensitivity grid,0.03242416006579367,0,1,5,4,7,0.8,1
lipo,regression,127,1,8,0.1,retrospective working threshold with sensitivity grid,0.0,1,1,6,8,8,0.75,1
lipo,regression,127,1,16,0.025,retrospective working threshold with sensitivity grid,0.002743176529641976,0,1,3,4,1,0.75,1
lipo,regression,127,1,16,0.05,retrospective working threshold with sensitivity grid,0.0,1,1,7,7,4,1.0,1
lipo,regression,127,1,16,0.1,retrospective working threshold with sensitivity grid,0.0,1,1,12,13,13,0.9230769230769231,1
lipo,regression,127,1,32,0.025,retrospective working threshold with sensitivity grid,0.0,1,1,6,6,4,1.0,1
lipo,regression,127,1,32,0.05,retrospective working threshold with sensitivity grid,0.0,1,1,10,10,7,0.6666666666666666,1
lipo,regression,127,1,32,0.1,retrospective working threshold with sensitivity grid,0.0,1,1,23,20,18,0.8695652173913043,1
lipo,regression,127,2,4,0.025,retrospective working threshold with sensitivity grid,0.11151115046280516,0,1,1,2,2,0.5,1
lipo,regression,127,2,4,0.05,retrospective working threshold with sensitivity grid,0.08651115046280515,0,1,2,4,4,0.5,1
lipo,regression,127,2,4,0.1,retrospective working threshold with sensitivity grid,0.03651115046280515,0,1,4,4,4,1.0,1
lipo,regression,127,2,8,0.025,retrospective working threshold with sensitivity grid,0.07180608108577449,0,1,3,3,3,1.0,1
lipo,regression,127,2,8,0.05,retrospective working threshold with sensitivity grid,0.046806081085774484,0,1,4,4,4,1.0,1
lipo,regression,127,2,8,0.1,retrospective working threshold with sensitivity grid,0.0,1,1,6,8,8,0.75,1
lipo,regression,127,2,16,0.025,retrospective working threshold with sensitivity grid,0.021327776328882962,0,1,4,4,4,1.0,1
lipo,regression,127,2,16,0.05,retrospective working threshold with sensitivity grid,0.0,1,1,8,7,6,0.875,1
lipo,regression,127,2,16,0.1,retrospective working threshold with sensitivity grid,0.0,1,1,12,13,11,0.9230769230769231,1
lipo,regression,127,2,32,0.025,retrospective working threshold with sensitivity grid,0.024158256665161935,0,0,7,6,1,0.8571428571428571,1
lipo,regression,127,2,32,0.05,retrospective working threshold with sensitivity grid,0.0,1,1,14,10,7,0.7142857142857143,1
lipo,regression,127,2,32,0.1,retrospective working threshold with sensitivity grid,0.0,1,1,23,20,16,0.8695652173913043,1
lipo,regression,127,3,4,0.025,retrospective working threshold with sensitivity grid,0.09244518164955953,0,1,1,2,2,0.5,1
lipo,regression,127,3,4,0.05,retrospective working threshold with sensitivity grid,0.06744518164955952,0,1,2,4,4,0.5,1
lipo,regression,127,3,4,0.1,retrospective working threshold with sensitivity grid,0.01744518164955952,0,1,4,4,4,1.0,1
lipo,regression,127,3,8,0.025,retrospective working threshold with sensitivity grid,0.026389045272836385,0,1,3,3,3,1.0,1
lipo,regression,127,3,8,0.05,retrospective working threshold with sensitivity grid,0.001389045272836384,0,1,4,4,4,1.0,1
lipo,regression,127,3,8,0.1,retrospective working threshold with sensitivity grid,0.0,1,1,6,8,6,0.75,1
lipo,regression,127,3,16,0.025,retrospective working threshold with sensitivity grid,0.0023862867261680507,0,1,4,4,6,1.0,1
lipo,regression,127,3,16,0.05,retrospective working threshold with sensitivity grid,0.0,1,1,7,7,8,1.0,1
lipo,regression,127,3,16,0.1,retrospective working threshold with sensitivity grid,0.0,1,1,12,13,12,0.9230769230769231,1
lipo,regression,127,3,32,0.025,retrospective working threshold with sensitivity grid,0.0,1,1,7,6,7,0.8571428571428571,1
lipo,regression,127,3,32,0.05,retrospective working threshold with sensitivity grid,0.0,1,1,13,10,13,0.7692307692307693,1
lipo,regression,127,3,32,0.1,retrospective working threshold with sensitivity grid,0.0,1,1,25,20,23,0.8,1
lipo,regression,149,1,4,0.025,retrospective working threshold with sensitivity grid,0.040542948751277195,0,1,1,2,2,0.5,1
lipo,regression,149,1,4,0.05,retrospective working threshold with sensitivity grid,0.015542948751277194,0,1,2,4,4,0.5,1
lipo,regression,149,1,4,0.1,retrospective working threshold with sensitivity grid,0.0,1,1,4,4,4,1.0,1
lipo,regression,149,1,8,0.025,retrospective working threshold with sensitivity grid,0.02651585960361149,0,1,3,3,4,1.0,1
lipo,regression,149,1,8,0.05,retrospective working threshold with sensitivity grid,0.0015158596036114885,0,1,4,4,7,0.6,1
lipo,regression,149,1,8,0.1,retrospective working threshold with sensitivity grid,0.0,1,1,5,8,8,0.625,1
lipo,regression,149,1,16,0.025,retrospective working threshold with sensitivity grid,0.0,1,1,4,3,4,0.75,1
lipo,regression,149,1,16,0.05,retrospective working threshold with sensitivity grid,0.0,1,1,8,7,9,0.875,1
lipo,regression,149,1,16,0.1,retrospective working threshold with sensitivity grid,0.0,1,1,12,13,15,0.9230769230769231,1
lipo,regression,149,1,32,0.025,retrospective working threshold with sensitivity grid,0.0,1,1,7,6,6,0.8571428571428571,1
lipo,regression,149,1,32,0.05,retrospective working threshold with sensitivity grid,0.0,1,1,14,9,10,0.6428571428571429,1
lipo,regression,149,1,32,0.1,retrospective working threshold with sensitivity grid,0.0,1,1,25,20,22,0.8,1
lipo,regression,149,2,4,0.025,retrospective working threshold with sensitivity grid,0.08691551869810624,0,1,1,2,2,0.5,1
lipo,regression,149,2,4,0.05,retrospective working threshold with sensitivity grid,0.06191551869810623,0,1,2,4,4,0.5,1
lipo,regression,149,2,4,0.1,retrospective working threshold with sensitivity grid,0.011915518698106226,0,1,4,4,4,1.0,1
lipo,regression,149,2,8,0.025,retrospective working threshold with sensitivity grid,0.02597957153241994,0,1,4,3,3,0.75,1
lipo,regression,149,2,8,0.05,retrospective working threshold with sensitivity grid,0.00097957153241994,0,1,5,4,3,0.8,1
lipo,regression,149,2,8,0.1,retrospective working threshold with sensitivity grid,0.0,1,1,7,8,7,0.875,1
lipo,regression,149,2,16,0.025,retrospective working threshold with sensitivity grid,0.018539617569296805,0,1,2,3,7,0.25,1
lipo,regression,149,2,16,0.05,retrospective working threshold with sensitivity grid,0.0,1,1,5,7,8,0.7142857142857143,1
lipo,regression,149,2,16,0.1,retrospective working threshold with sensitivity grid,0.0,1,1,12,13,13,0.9230769230769231,1
lipo,regression,149,2,32,0.025,retrospective working threshold with sensitivity grid,0.0,1,1,7,6,3,0.8571428571428571,1
lipo,regression,149,2,32,0.05,retrospective working threshold with sensitivity grid,0.0,1,1,13,9,10,0.6923076923076923,1
lipo,regression,149,2,32,0.1,retrospective working threshold with sensitivity grid,0.0,1,1,26,20,19,0.7692307692307693,1
lipo,regression,149,3,4,0.025,retrospective working threshold with sensitivity grid,0.09959732211834973,0,1,1,2,2,0.5,1
lipo,regression,149,3,4,0.05,retrospective working threshold with sensitivity grid,0.07459732211834973,0,1,2,4,4,0.5,1
lipo,regression,149,3,4,0.1,retrospective working threshold with sensitivity grid,0.024597322118349724,0,1,4,4,4,1.0,1
lipo,regression,149,3,8,0.025,retrospective working threshold with sensitivity grid,0.03545780037093673,0,1,4,3,3,0.75,1
lipo,regression,149,3,8,0.05,retrospective working threshold with sensitivity grid,0.010457800370936729,0,1,5,4,3,0.8,1
lipo,regression,149,3,8,0.1,retrospective working threshold with sensitivity grid,0.0,1,1,8,8,7,1.0,1
lipo,regression,149,3,16,0.025,retrospective working threshold with sensitivity grid,0.01281559570395354,0,1,3,3,5,0.5,1
lipo,regression,149,3,16,0.05,retrospective working threshold with sensitivity grid,0.0,1,1,8,7,8,0.875,1
lipo,regression,149,3,16,0.1,retrospective working threshold with sensitivity grid,0.0,1,1,13,13,12,1.0,1
lipo,regression,149,3,32,0.025,retrospective working threshold with sensitivity grid,0.0,1,1,7,6,6,0.8571428571428571,1
lipo,regression,149,3,32,0.05,retrospective working threshold with sensitivity grid,0.0,1,1,15,9,10,0.6,1
lipo,regression,149,3,32,0.1,retrospective working threshold with sensitivity grid,0.0,1,1,26,20,20,0.7692307692307693,1
tdc_caco2_wang,regression,11,1,4,0.025,retrospective working threshold with sensitivity grid,0.014847577921759302,0,1,1,1,1,1.0,1
tdc_caco2_wang,regression,11,1,4,0.05,retrospective working threshold with sensitivity grid,0.0,1,1,1,1,1,1.0,1
tdc_caco2_wang,regression,11,1,4,0.1,retrospective working threshold with sensitivity grid,0.0,1,1,1,1,1,1.0,1
tdc_caco2_wang,regression,11,1,8,0.025,retrospective working threshold with sensitivity grid,0.014847577921759302,0,1,2,5,3,0.4,1
tdc_caco2_wang,regression,11,1,8,0.05,retrospective working threshold with sensitivity grid,0.0,1,1,5,5,5,1.0,1
tdc_caco2_wang,regression,11,1,8,0.1,retrospective working threshold with sensitivity grid,0.0,1,1,5,5,5,1.0,1
tdc_caco2_wang,regression,11,1,16,0.025,retrospective working threshold with sensitivity grid,0.012375193872047795,0,1,7,9,6,0.7777777777777778,1
tdc_caco2_wang,regression,11,1,16,0.05,retrospective working threshold with sensitivity grid,0.0,1,1,12,12,10,1.0,1
tdc_caco2_wang,regression,11,1,16,0.1,retrospective working threshold with sensitivity grid,0.0,1,1,13,13,12,1.0,1
tdc_caco2_wang,regression,11,1,32,0.025,retrospective working threshold with sensitivity grid,0.0,1,1,11,17,6,0.6470588235294118,1
tdc_caco2_wang,regression,11,1,32,0.05,retrospective working threshold with sensitivity grid,0.0,1,1,21,24,18,0.875,1
tdc_caco2_wang,regression,11,1,32,0.1,retrospective working threshold with sensitivity grid,0.0,1,1,29,29,28,1.0,1
tdc_caco2_wang,regression,11,2,4,0.025,retrospective working threshold with sensitivity grid,0.0,1,1,1,1,1,1.0,1
tdc_caco2_wang,regression,11,2,4,0.05,retrospective working threshold with sensitivity grid,0.0,1,1,1,1,1,1.0,1
tdc_caco2_wang,regression,11,2,4,0.1,retrospective working threshold with sensitivity grid,0.0,1,1,1,1,1,1.0,1
tdc_caco2_wang,regression,11,2,8,0.025,retrospective working threshold with sensitivity grid,0.0,1,1,3,5,1,0.6,1
tdc_caco2_wang,regression,11,2,8,0.05,retrospective working threshold with sensitivity grid,0.0,1,1,5,5,3,1.0,1
tdc_caco2_wang,regression,11,2,8,0.1,retrospective working threshold with sensitivity grid,0.0,1,1,5,5,5,1.0,1
tdc_caco2_wang,regression,11,2,16,0.025,retrospective working threshold with sensitivity grid,0.00011405959954593342,0,0,9,9,1,1.0,1
tdc_caco2_wang,regression,11,2,16,0.05,retrospective working threshold with sensitivity grid,0.0,1,1,13,12,8,0.9230769230769231,1
tdc_caco2_wang,regression,11,2,16,0.1,retrospective working threshold with sensitivity grid,0.0,1,1,13,13,12,1.0,1
tdc_caco2_wang,regression,11,2,32,0.025,retrospective working threshold with sensitivity grid,0.0,1,1,21,17,4,0.8095238095238095,1
tdc_caco2_wang,regression,11,2,32,0.05,retrospective working threshold with sensitivity grid,0.0,1,1,28,24,11,0.8571428571428571,1
tdc_caco2_wang,regression,11,2,32,0.1,retrospective working threshold with sensitivity grid,0.0,1,1,29,29,26,1.0,1
tdc_caco2_wang,regression,11,3,4,0.025,retrospective working threshold with sensitivity grid,0.029615886713248572,0,1,1,1,1,1.0,1
tdc_caco2_wang,regression,11,3,4,0.05,retrospective working threshold with sensitivity grid,0.004615886713248571,0,1,1,1,1,1.0,1
tdc_caco2_wang,regression,11,3,4,0.1,retrospective working threshold with sensitivity grid,0.0,1,1,1,1,1,1.0,1
tdc_caco2_wang,regression,11,3,8,0.025,retrospective working threshold with sensitivity grid,0.029615886713248572,0,1,3,5,4,0.6,1
tdc_caco2_wang,regression,11,3,8,0.05,retrospective working threshold with sensitivity grid,0.004615886713248571,0,1,5,5,5,1.0,1
tdc_caco2_wang,regression,11,3,8,0.1,retrospective working threshold with sensitivity grid,0.0,1,1,5,5,5,1.0,1
tdc_caco2_wang,regression,11,3,16,0.025,retrospective working threshold with sensitivity grid,0.0,1,1,2,9,2,0.2222222222222222,1
tdc_caco2_wang,regression,11,3,16,0.05,retrospective working threshold with sensitivity grid,0.0,1,1,9,12,6,0.75,1
tdc_caco2_wang,regression,11,3,16,0.1,retrospective working threshold with sensitivity grid,0.0,1,1,13,13,12,1.0,1
tdc_caco2_wang,regression,11,3,32,0.025,retrospective working threshold with sensitivity grid,0.0,1,1,8,17,7,0.47058823529411764,1
tdc_caco2_wang,regression,11,3,32,0.05,retrospective working threshold with sensitivity grid,0.0,1,1,21,24,16,0.875,1
tdc_caco2_wang,regression,11,3,32,0.1,retrospective working threshold with sensitivity grid,0.0,1,1,29,29,26,1.0,1
tdc_caco2_wang,regression,23,1,4,0.025,retrospective working threshold with sensitivity grid,0.0,1,1,1,1,1,1.0,1
tdc_caco2_wang,regression,23,1,4,0.05,retrospective working threshold with sensitivity grid,0.0,1,1,1,1,1,1.0,1
tdc_caco2_wang,regression,23,1,4,0.1,retrospective working threshold with sensitivity grid,0.0,1,1,1,1,1,1.0,1
tdc_caco2_wang,regression,23,1,8,0.025,retrospective working threshold with sensitivity grid,0.0,1,1,4,5,1,0.8,1
tdc_caco2_wang,regression,23,1,8,0.05,retrospective working threshold with sensitivity grid,0.0,1,1,5,5,1,1.0,1
tdc_caco2_wang,regression,23,1,8,0.1,retrospective working threshold with sensitivity grid,0.0,1,1,5,5,5,1.0,1
tdc_caco2_wang,regression,23,1,16,0.025,retrospective working threshold with sensitivity grid,0.0,1,1,11,9,3,0.8181818181818182,1
tdc_caco2_wang,regression,23,1,16,0.05,retrospective working threshold with sensitivity grid,0.0,1,1,13,12,8,0.9230769230769231,1
tdc_caco2_wang,regression,23,1,16,0.1,retrospective working threshold with sensitivity grid,0.0,1,1,13,13,12,1.0,1
tdc_caco2_wang,regression,23,1,32,0.025,retrospective working threshold with sensitivity grid,0.0,1,1,17,16,6,0.7368421052631579,1
tdc_caco2_wang,regression,23,1,32,0.05,retrospective working threshold with sensitivity grid,0.0,1,1,26,24,16,0.9230769230769231,1
tdc_caco2_wang,regression,23,1,32,0.1,retrospective working threshold with sensitivity grid,0.0,1,1,29,29,27,1.0,1
tdc_caco2_wang,regression,23,2,4,0.025,retrospective working threshold with sensitivity grid,0.0,1,1,1,1,1,1.0,1
tdc_caco2_wang,regression,23,2,4,0.05,retrospective working threshold with sensitivity grid,0.0,1,1,1,1,1,1.0,1
tdc_caco2_wang,regression,23,2,4,0.1,retrospective working threshold with sensitivity grid,0.0,1,1,1,1,1,1.0,1
tdc_caco2_wang,regression,23,2,8,0.025,retrospective working threshold with sensitivity grid,0.0,1,1,1,5,1,0.2,1
tdc_caco2_wang,regression,23,2,8,0.05,retrospective working threshold with sensitivity grid,0.0,1,1,1,5,4,0.2,1
tdc_caco2_wang,regression,23,2,8,0.1,retrospective working threshold with sensitivity grid,0.0,1,1,5,5,5,1.0,1
tdc_caco2_wang,regression,23,2,16,0.025,retrospective working threshold with sensitivity grid,0.0,1,1,3,9,5,0.3333333333333333,1
tdc_caco2_wang,regression,23,2,16,0.05,retrospective working threshold with sensitivity grid,0.0,1,1,8,12,10,0.6666666666666666,1
tdc_caco2_wang,regression,23,2,16,0.1,retrospective working threshold with sensitivity grid,0.0,1,1,12,13,12,0.9230769230769231,1
tdc_caco2_wang,regression,23,2,32,0.025,retrospective working threshold with sensitivity grid,0.0,1,1,3,16,11,0.1875,1
tdc_caco2_wang,regression,23,2,32,0.05,retrospective working threshold with sensitivity grid,0.0,1,1,16,24,20,0.6666666666666666,1
tdc_caco2_wang,regression,23,2,32,0.1,retrospective working threshold with sensitivity grid,0.0,1,1,28,29,26,0.9655172413793104,1
tdc_caco2_wang,regression,23,3,4,0.025,retrospective working threshold with sensitivity grid,0.0,1,1,1,1,1,1.0,1
tdc_caco2_wang,regression,23,3,4,0.05,retrospective working threshold with sensitivity grid,0.0,1,1,1,1,1,1.0,1
tdc_caco2_wang,regression,23,3,4,0.1,retrospective working threshold with sensitivity grid,0.0,1,1,1,1,1,1.0,1
tdc_caco2_wang,regression,23,3,8,0.025,retrospective working threshold with sensitivity grid,0.0,1,1,2,5,5,0.4,1
tdc_caco2_wang,regression,23,3,8,0.05,retrospective working threshold with sensitivity grid,0.0,1,1,5,5,5,1.0,1
tdc_caco2_wang,regression,23,3,8,0.1,retrospective working threshold with sensitivity grid,0.0,1,1,5,5,5,1.0,1
tdc_caco2_wang,regression,23,3,16,0.025,retrospective working threshold with sensitivity grid,0.0,1,1,6,9,8,0.6666666666666666,1
tdc_caco2_wang,regression,23,3,16,0.05,retrospective working threshold with sensitivity grid,0.0,1,1,11,12,12,0.9166666666666666,1
tdc_caco2_wang,regression,23,3,16,0.1,retrospective working threshold with sensitivity grid,0.0,1,1,12,13,13,0.9230769230769231,1
tdc_caco2_wang,regression,23,3,32,0.025,retrospective working threshold with sensitivity grid,0.0,1,1,8,16,16,0.5,1
tdc_caco2_wang,regression,23,3,32,0.05,retrospective working threshold with sensitivity grid,0.0,1,1,19,24,27,0.7916666666666666,1
tdc_caco2_wang,regression,23,3,32,0.1,retrospective working threshold with sensitivity grid,0.0,1,1,27,29,29,0.9310344827586207,1
tdc_caco2_wang,regression,37,1,4,0.025,retrospective working threshold with sensitivity grid,0.0,1,1,1,1,1,1.0,1
tdc_caco2_wang,regression,37,1,4,0.05,retrospective working threshold with sensitivity grid,0.0,1,1,1,1,1,1.0,1
tdc_caco2_wang,regression,37,1,4,0.1,retrospective working threshold with sensitivity grid,0.0,1,1,1,1,1,1.0,1
tdc_caco2_wang,regression,37,1,8,0.025,retrospective working threshold with sensitivity grid,0.0,1,1,1,4,3,0.25,1
tdc_caco2_wang,regression,37,1,8,0.05,retrospective working threshold with sensitivity grid,0.0,1,1,5,5,5,1.0,1
tdc_caco2_wang,regression,37,1,8,0.1,retrospective working threshold with sensitivity grid,0.0,1,1,5,5,5,1.0,1
tdc_caco2_wang,regression,37,1,16,0.025,retrospective working threshold with sensitivity grid,0.0,1,1,6,9,8,0.6666666666666666,1
tdc_caco2_wang,regression,37,1,16,0.05,retrospective working threshold with sensitivity grid,0.0,1,1,12,12,11,1.0,1
tdc_caco2_wang,regression,37,1,16,0.1,retrospective working threshold with sensitivity grid,0.0,1,1,13,13,13,1.0,1
tdc_caco2_wang,regression,37,1,32,0.025,retrospective working threshold with sensitivity grid,0.0,1,1,10,16,12,0.4444444444444444,1
tdc_caco2_wang,regression,37,1,32,0.05,retrospective working threshold with sensitivity grid,0.0,1,1,24,24,19,0.8461538461538461,1
tdc_caco2_wang,regression,37,1,32,0.1,retrospective working threshold with sensitivity grid,0.0,1,1,29,29,29,1.0,1
tdc_caco2_wang,regression,37,2,4,0.025,retrospective working threshold with sensitivity grid,0.025099699324347767,0,1,1,1,1,1.0,1
tdc_caco2_wang,regression,37,2,4,0.05,retrospective working threshold with sensitivity grid,9.969932434776563e-05,0,1,1,1,1,1.0,1
tdc_caco2_wang,regression,37,2,4,0.1,retrospective working threshold with sensitivity grid,0.0,1,1,1,1,1,1.0,1
tdc_caco2_wang,regression,37,2,8,0.025,retrospective working threshold with sensitivity grid,0.025099699324347767,0,1,2,4,5,0.5,1
tdc_caco2_wang,regression,37,2,8,0.05,retrospective working threshold with sensitivity grid,9.969932434776563e-05,0,1,5,5,5,1.0,1
tdc_caco2_wang,regression,37,2,8,0.1,retrospective working threshold with sensitivity grid,0.0,1,1,5,5,5,1.0,1
tdc_caco2_wang,regression,37,2,16,0.025,retrospective working threshold with sensitivity grid,0.025099699324347767,0,0,7,9,3,0.7777777777777778,1
tdc_caco2_wang,regression,37,2,16,0.05,retrospective working threshold with sensitivity grid,9.969932434776563e-05,0,1,12,12,11,1.0,1
tdc_caco2_wang,regression,37,2,16,0.1,retrospective working threshold with sensitivity grid,0.0,1,1,13,13,12,1.0,1
tdc_caco2_wang,regression,37,2,32,0.025,retrospective working threshold with sensitivity grid,0.0006921585107607861,0,0,9,16,8,0.47058823529411764,1
tdc_caco2_wang,regression,37,2,32,0.05,retrospective working threshold with sensitivity grid,0.0,1,1,20,24,15,0.8333333333333334,1
tdc_caco2_wang,regression,37,2,32,0.1,retrospective working threshold with sensitivity grid,0.0,1,1,29,29,26,1.0,1
tdc_caco2_wang,regression,37,3,4,0.025,retrospective working threshold with sensitivity grid,0.0,1,1,1,1,1,1.0,1
tdc_caco2_wang,regression,37,3,4,0.05,retrospective working threshold with sensitivity grid,0.0,1,1,1,1,1,1.0,1
tdc_caco2_wang,regression,37,3,4,0.1,retrospective working threshold with sensitivity grid,0.0,1,1,1,1,1,1.0,1
tdc_caco2_wang,regression,37,3,8,0.025,retrospective working threshold with sensitivity grid,0.0,1,1,5,4,5,0.8,1
tdc_caco2_wang,regression,37,3,8,0.05,retrospective working threshold with sensitivity grid,0.0,1,1,5,5,5,1.0,1
tdc_caco2_wang,regression,37,3,8,0.1,retrospective working threshold with sensitivity grid,0.0,1,1,5,5,5,1.0,1
tdc_caco2_wang,regression,37,3,16,0.025,retrospective working threshold with sensitivity grid,0.0,1,1,9,9,7,0.5,1
tdc_caco2_wang,regression,37,3,16,0.05,retrospective working threshold with sensitivity grid,0.0,1,1,12,12,12,1.0,1
tdc_caco2_wang,regression,37,3,16,0.1,retrospective working threshold with sensitivity grid,0.0,1,1,13,13,12,1.0,1
tdc_caco2_wang,regression,37,3,32,0.025,retrospective working threshold with sensitivity grid,0.0,1,0,14,16,8,0.5,1
tdc_caco2_wang,regression,37,3,32,0.05,retrospective working threshold with sensitivity grid,0.0,1,1,26,24,16,0.9230769230769231,1
tdc_caco2_wang,regression,37,3,32,0.1,retrospective working threshold with sensitivity grid,0.0,1,1,29,29,27,1.0,1
tdc_caco2_wang,regression,53,1,4,0.025,retrospective working threshold with sensitivity grid,0.03201700315066438,0,1,1,1,1,1.0,1
tdc_caco2_wang,regression,53,1,4,0.05,retrospective working threshold with sensitivity grid,0.007017003150664378,0,1,1,1,1,1.0,1
tdc_caco2_wang,regression,53,1,4,0.1,retrospective working threshold with sensitivity grid,0.0,1,1,1,1,1,1.0,1
tdc_caco2_wang,regression,53,1,8,0.025,retrospective working threshold with sensitivity grid,0.022574667167303962,0,1,5,4,5,0.8,1
tdc_caco2_wang,regression,53,1,8,0.05,retrospective working threshold with sensitivity grid,0.0,1,1,5,5,5,1.0,1
tdc_caco2_wang,regression,53,1,8,0.1,retrospective working threshold with sensitivity grid,0.0,1,1,5,5,5,1.0,1
tdc_caco2_wang,regression,53,1,16,0.025,retrospective working threshold with sensitivity grid,0.008227184328545877,0,0,8,9,2,0.4166666666666667,1
tdc_caco2_wang,regression,53,1,16,0.05,retrospective working threshold with sensitivity grid,0.0,1,1,11,12,3,0.9166666666666666,1
tdc_caco2_wang,regression,53,1,16,0.1,retrospective working threshold with sensitivity grid,0.0,1,1,13,13,12,1.0,1
tdc_caco2_wang,regression,53,1,32,0.025,retrospective working threshold with sensitivity grid,0.008227184328545877,0,0,8,16,9,0.2,1
tdc_caco2_wang,regression,53,1,32,0.05,retrospective working threshold with sensitivity grid,0.0,1,1,23,24,13,0.88,1
tdc_caco2_wang,regression,53,1,32,0.1,retrospective working threshold with sensitivity grid,0.0,1,1,29,29,28,1.0,1
tdc_caco2_wang,regression,53,2,4,0.025,retrospective working threshold with sensitivity grid,0.0,1,1,1,1,1,1.0,1
tdc_caco2_wang,regression,53,2,4,0.05,retrospective working threshold with sensitivity grid,0.0,1,1,1,1,1,1.0,1
tdc_caco2_wang,regression,53,2,4,0.1,retrospective working threshold with sensitivity grid,0.0,1,1,1,1,3,1.0,1
tdc_caco2_wang,regression,53,2,8,0.025,retrospective working threshold with sensitivity grid,0.0,1,1,5,4,1,0.8,1
tdc_caco2_wang,regression,53,2,8,0.05,retrospective working threshold with sensitivity grid,0.0,1,1,5,5,1,1.0,1
tdc_caco2_wang,regression,53,2,8,0.1,retrospective working threshold with sensitivity grid,0.0,1,1,5,5,7,1.0,1
tdc_caco2_wang,regression,53,2,16,0.025,retrospective working threshold with sensitivity grid,0.0,1,0,6,9,1,0.6666666666666666,1
tdc_caco2_wang,regression,53,2,16,0.05,retrospective working threshold with sensitivity grid,0.0,1,0,12,12,2,1.0,1
tdc_caco2_wang,regression,53,2,16,0.1,retrospective working threshold with sensitivity grid,0.0,1,1,13,13,14,1.0,1
tdc_caco2_wang,regression,53,2,32,0.025,retrospective working threshold with sensitivity grid,0.0,1,0,17,16,1,0.65,1
tdc_caco2_wang,regression,53,2,32,0.05,retrospective working threshold with sensitivity grid,0.0,1,0,26,24,2,0.9230769230769231,1
tdc_caco2_wang,regression,53,2,32,0.1,retrospective working threshold with sensitivity grid,0.0,1,1,29,29,26,1.0,1
tdc_caco2_wang,regression,53,3,4,0.025,retrospective working threshold with sensitivity grid,0.019562534299885324,0,1,1,1,1,1.0,1
tdc_caco2_wang,regression,53,3,4,0.05,retrospective working threshold with sensitivity grid,0.0,1,1,1,1,1,1.0,1
tdc_caco2_wang,regression,53,3,4,0.1,retrospective working threshold with sensitivity grid,0.0,1,1,1,1,1,1.0,1
tdc_caco2_wang,regression,53,3,8,0.025,retrospective working threshold with sensitivity grid,0.019562534299885324,0,1,4,4,5,0.6,1
tdc_caco2_wang,regression,53,3,8,0.05,retrospective working threshold with sensitivity grid,0.0,1,1,5,5,5,1.0,1
tdc_caco2_wang,regression,53,3,8,0.1,retrospective working threshold with sensitivity grid,0.0,1,1,5,5,5,1.0,1
tdc_caco2_wang,regression,53,3,16,0.025,retrospective working threshold with sensitivity grid,0.019562534299885324,0,0,9,9,7,0.6363636363636364,1
tdc_caco2_wang,regression,53,3,16,0.05,retrospective working threshold with sensitivity grid,0.0,1,1,12,12,12,1.0,1
tdc_caco2_wang,regression,53,3,16,0.1,retrospective working threshold with sensitivity grid,0.0,1,1,13,13,12,1.0,1
tdc_caco2_wang,regression,53,3,32,0.025,retrospective working threshold with sensitivity grid,0.0,1,1,1,16,14,0.0625,1
tdc_caco2_wang,regression,53,3,32,0.05,retrospective working threshold with sensitivity grid,0.0,1,1,11,24,23,0.4583333333333333,1
tdc_caco2_wang,regression,53,3,32,0.1,retrospective working threshold with sensitivity grid,0.0,1,1,28,29,28,0.9655172413793104,1
tdc_caco2_wang,regression,71,1,4,0.025,retrospective working threshold with sensitivity grid,0.005371755151064826,0,1,1,1,1,1.0,1
tdc_caco2_wang,regression,71,1,4,0.05,retrospective working threshold with sensitivity grid,0.0,1,1,1,1,1,1.0,1
tdc_caco2_wang,regression,71,1,4,0.1,retrospective working threshold with sensitivity grid,0.0,1,1,1,1,1,1.0,1
tdc_caco2_wang,regression,71,1,8,0.025,retrospective working threshold with sensitivity grid,0.005371755151064826,0,1,3,4,5,0.75,1
tdc_caco2_wang,regression,71,1,8,0.05,retrospective working threshold with sensitivity grid,0.0,1,1,5,5,5,1.0,1
tdc_caco2_wang,regression,71,1,8,0.1,retrospective working threshold with sensitivity grid,0.0,1,1,5,5,5,1.0,1
tdc_caco2_wang,regression,71,1,16,0.025,retrospective working threshold with sensitivity grid,0.0,1,0,10,9,2,0.9,1
tdc_caco2_wang,regression,71,1,16,0.05,retrospective working threshold with sensitivity grid,0.0,1,1,12,12,10,1.0,1
tdc_caco2_wang,regression,71,1,16,0.1,retrospective working threshold with sensitivity grid,0.0,1,1,13,13,12,1.0,1
tdc_caco2_wang,regression,71,1,32,0.025,retrospective working threshold with sensitivity grid,0.0,1,1,15,16,12,0.8235294117647058,1
tdc_caco2_wang,regression,71,1,32,0.05,retrospective working threshold with sensitivity grid,0.0,1,1,24,24,22,1.0,1
tdc_caco2_wang,regression,71,1,32,0.1,retrospective working threshold with sensitivity grid,0.0,1,1,29,29,28,1.0,1
tdc_caco2_wang,regression,71,2,4,0.025,retrospective working threshold with sensitivity grid,0.0,1,1,1,1,1,1.0,1
tdc_caco2_wang,regression,71,2,4,0.05,retrospective working threshold with sensitivity grid,0.0,1,1,1,1,1,1.0,1
tdc_caco2_wang,regression,71,2,4,0.1,retrospective working threshold with sensitivity grid,0.0,1,1,1,1,1,1.0,1
tdc_caco2_wang,regression,71,2,8,0.025,retrospective working threshold with sensitivity grid,0.007765565080696167,0,0,5,4,1,0.8,1
tdc_caco2_wang,regression,71,2,8,0.05,retrospective working threshold with sensitivity grid,0.0,1,0,5,5,1,1.0,1
tdc_caco2_wang,regression,71,2,8,0.1,retrospective working threshold with sensitivity grid,0.0,1,1,5,5,5,1.0,1
tdc_caco2_wang,regression,71,2,16,0.025,retrospective working threshold with sensitivity grid,0.0,1,0,7,9,3,0.7777777777777778,1
tdc_caco2_wang,regression,71,2,16,0.05,retrospective working threshold with sensitivity grid,0.0,1,1,12,12,7,1.0,1
tdc_caco2_wang,regression,71,2,16,0.1,retrospective working threshold with sensitivity grid,0.0,1,1,13,13,12,1.0,1
tdc_caco2_wang,regression,71,2,32,0.025,retrospective working threshold with sensitivity grid,0.0,1,0,16,16,5,0.6842105263157895,1
tdc_caco2_wang,regression,71,2,32,0.05,retrospective working threshold with sensitivity grid,0.0,1,1,25,24,12,0.96,1
tdc_caco2_wang,regression,71,2,32,0.1,retrospective working threshold with sensitivity grid,0.0,1,1,29,29,27,1.0,1
tdc_caco2_wang,regression,71,3,4,0.025,retrospective working threshold with sensitivity grid,0.018202027220521465,0,1,1,1,1,1.0,1
tdc_caco2_wang,regression,71,3,4,0.05,retrospective working threshold with sensitivity grid,0.0,1,1,1,1,1,1.0,1
tdc_caco2_wang,regression,71,3,4,0.1,retrospective working threshold with sensitivity grid,0.0,1,1,1,1,1,1.0,1
tdc_caco2_wang,regression,71,3,8,0.025,retrospective working threshold with sensitivity grid,0.018202027220521465,0,1,4,4,5,0.6,1
tdc_caco2_wang,regression,71,3,8,0.05,retrospective working threshold with sensitivity grid,0.0,1,1,5,5,5,1.0,1
tdc_caco2_wang,regression,71,3,8,0.1,retrospective working threshold with sensitivity grid,0.0,1,1,5,5,5,1.0,1
tdc_caco2_wang,regression,71,3,16,0.025,retrospective working threshold with sensitivity grid,0.0,1,1,1,9,10,0.1111111111111111,1
tdc_caco2_wang,regression,71,3,16,0.05,retrospective working threshold with sensitivity grid,0.0,1,1,10,12,12,0.8333333333333334,1
tdc_caco2_wang,regression,71,3,16,0.1,retrospective working threshold with sensitivity grid,0.0,1,1,12,13,12,0.9230769230769231,1
tdc_caco2_wang,regression,71,3,32,0.025,retrospective working threshold with sensitivity grid,0.0,1,1,4,16,14,0.25,1
tdc_caco2_wang,regression,71,3,32,0.05,retrospective working threshold with sensitivity grid,0.0,1,1,18,24,24,0.75,1
tdc_caco2_wang,regression,71,3,32,0.1,retrospective working threshold with sensitivity grid,0.0,1,1,28,29,28,0.9655172413793104,1
tdc_caco2_wang,regression,83,1,4,0.025,retrospective working threshold with sensitivity grid,0.06177242632516768,0,1,1,1,1,1.0,1
tdc_caco2_wang,regression,83,1,4,0.05,retrospective working threshold with sensitivity grid,0.03677242632516768,0,1,1,1,1,1.0,1
tdc_caco2_wang,regression,83,1,4,0.1,retrospective working threshold with sensitivity grid,0.0,1,1,2,1,1,0.5,1
tdc_caco2_wang,regression,83,1,8,0.025,retrospective working threshold with sensitivity grid,0.06177242632516768,0,0,1,2,4,0.5,1
tdc_caco2_wang,regression,83,1,8,0.05,retrospective working threshold with sensitivity grid,0.03677242632516768,0,1,1,5,5,0.2,1
tdc_caco2_wang,regression,83,1,8,0.1,retrospective working threshold with sensitivity grid,0.0,1,1,6,5,5,0.8333333333333334,1
tdc_caco2_wang,regression,83,1,16,0.025,retrospective working threshold with sensitivity grid,0.06177242632516768,0,0,1,9,3,0.1111111111111111,1
tdc_caco2_wang,regression,83,1,16,0.05,retrospective working threshold with sensitivity grid,0.03677242632516768,0,0,2,12,8,0.16666666666666666,1
tdc_caco2_wang,regression,83,1,16,0.1,retrospective working threshold with sensitivity grid,0.0,1,1,13,13,13,0.8571428571428571,1
tdc_caco2_wang,regression,83,1,32,0.025,retrospective working threshold with sensitivity grid,0.06177242632516768,0,0,1,15,12,0.06666666666666667,1
tdc_caco2_wang,regression,83,1,32,0.05,retrospective working threshold with sensitivity grid,0.03677242632516768,0,0,6,24,20,0.25,1
tdc_caco2_wang,regression,83,1,32,0.1,retrospective working threshold with sensitivity grid,0.0,1,1,27,29,29,0.8666666666666667,1
tdc_caco2_wang,regression,83,2,4,0.025,retrospective working threshold with sensitivity grid,0.0,1,1,1,1,1,1.0,1
tdc_caco2_wang,regression,83,2,4,0.05,retrospective working threshold with sensitivity grid,0.0,1,1,1,1,1,1.0,1
tdc_caco2_wang,regression,83,2,4,0.1,retrospective working threshold with sensitivity grid,0.0,1,1,1,1,1,1.0,1
tdc_caco2_wang,regression,83,2,8,0.025,retrospective working threshold with sensitivity grid,0.0,1,1,1,2,5,0.5,1
tdc_caco2_wang,regression,83,2,8,0.05,retrospective working threshold with sensitivity grid,0.0,1,1,1,5,5,0.2,1
tdc_caco2_wang,regression,83,2,8,0.1,retrospective working threshold with sensitivity grid,0.0,1,1,5,5,5,1.0,1
tdc_caco2_wang,regression,83,2,16,0.025,retrospective working threshold with sensitivity grid,0.0,1,0,3,9,10,0.3333333333333333,1
tdc_caco2_wang,regression,83,2,16,0.05,retrospective working threshold with sensitivity grid,0.0,1,1,7,12,12,0.5833333333333334,1
tdc_caco2_wang,regression,83,2,16,0.1,retrospective working threshold with sensitivity grid,0.0,1,1,12,13,13,0.9230769230769231,1
tdc_caco2_wang,regression,83,2,32,0.025,retrospective working threshold with sensitivity grid,0.0,1,0,6,15,7,0.4,1
tdc_caco2_wang,regression,83,2,32,0.05,retrospective working threshold with sensitivity grid,0.0,1,0,16,24,25,0.6666666666666666,1
tdc_caco2_wang,regression,83,2,32,0.1,retrospective working threshold with sensitivity grid,0.0,1,1,28,29,29,0.9655172413793104,1
tdc_caco2_wang,regression,83,3,4,0.025,retrospective working threshold with sensitivity grid,0.0008919248525597542,0,1,1,1,1,1.0,1
tdc_caco2_wang,regression,83,3,4,0.05,retrospective working threshold with sensitivity grid,0.0,1,1,1,1,1,1.0,1
tdc_caco2_wang,regression,83,3,4,0.1,retrospective working threshold with sensitivity grid,0.0,1,1,1,1,1,1.0,1
tdc_caco2_wang,regression,83,3,8,0.025,retrospective working threshold with sensitivity grid,0.0008919248525597542,0,0,5,2,4,0.4,1
tdc_caco2_wang,regression,83,3,8,0.05,retrospective working threshold with sensitivity grid,0.0,1,1,5,5,5,1.0,1
tdc_caco2_wang,regression,83,3,8,0.1,retrospective working threshold with sensitivity grid,0.0,1,1,5,5,5,1.0,1
tdc_caco2_wang,regression,83,3,16,0.025,retrospective working threshold with sensitivity grid,0.0,1,0,8,9,6,0.8888888888888888,1
tdc_caco2_wang,regression,83,3,16,0.05,retrospective working threshold with sensitivity grid,0.0,1,0,12,12,10,1.0,1
tdc_caco2_wang,regression,83,3,16,0.1,retrospective working threshold with sensitivity grid,0.0,1,1,13,13,13,1.0,1
tdc_caco2_wang,regression,83,3,32,0.025,retrospective working threshold with sensitivity grid,0.0,1,0,16,15,8,0.8235294117647058,1
tdc_caco2_wang,regression,83,3,32,0.05,retrospective working threshold with sensitivity grid,0.0,1,1,26,24,19,0.8518518518518519,1
tdc_caco2_wang,regression,83,3,32,0.1,retrospective working threshold with sensitivity grid,0.0,1,1,29,29,29,1.0,1
tdc_caco2_wang,regression,97,1,4,0.025,retrospective working threshold with sensitivity grid,0.0399083890479345,0,1,1,1,1,1.0,1
tdc_caco2_wang,regression,97,1,4,0.05,retrospective working threshold with sensitivity grid,0.014908389047934498,0,1,1,1,1,1.0,1
tdc_caco2_wang,regression,97,1,4,0.1,retrospective working threshold with sensitivity grid,0.0,1,1,2,1,1,0.5,1
tdc_caco2_wang,regression,97,1,8,0.025,retrospective working threshold with sensitivity grid,0.0399083890479345,0,1,1,4,4,0.25,1
tdc_caco2_wang,regression,97,1,8,0.05,retrospective working threshold with sensitivity grid,0.014908389047934498,0,1,5,5,5,1.0,1
tdc_caco2_wang,regression,97,1,8,0.1,retrospective working threshold with sensitivity grid,0.0,1,1,6,5,5,0.8333333333333334,1
tdc_caco2_wang,regression,97,1,16,0.025,retrospective working threshold with sensitivity grid,0.0,1,1,5,9,4,0.5555555555555556,1
tdc_caco2_wang,regression,97,1,16,0.05,retrospective working threshold with sensitivity grid,0.0,1,1,12,12,10,1.0,1
tdc_caco2_wang,regression,97,1,16,0.1,retrospective working threshold with sensitivity grid,0.0,1,1,14,13,12,0.9285714285714286,1
tdc_caco2_wang,regression,97,1,32,0.025,retrospective working threshold with sensitivity grid,0.0,1,1,7,15,6,0.375,1
tdc_caco2_wang,regression,97,1,32,0.05,retrospective working threshold with sensitivity grid,0.0,1,1,20,24,16,0.8333333333333334,1
tdc_caco2_wang,regression,97,1,32,0.1,retrospective working threshold with sensitivity grid,0.0,1,1,30,29,25,0.9666666666666667,1
tdc_caco2_wang,regression,97,2,4,0.025,retrospective working threshold with sensitivity grid,0.0,1,1,1,1,1,1.0,1
tdc_caco2_wang,regression,97,2,4,0.05,retrospective working threshold with sensitivity grid,0.0,1,1,1,1,1,1.0,1
tdc_caco2_wang,regression,97,2,4,0.1,retrospective working threshold with sensitivity grid,0.0,1,1,1,1,1,1.0,1
tdc_caco2_wang,regression,97,2,8,0.025,retrospective working threshold with sensitivity grid,0.0,1,0,5,4,1,0.8,1
tdc_caco2_wang,regression,97,2,8,0.05,retrospective working threshold with sensitivity grid,0.0,1,1,5,5,5,1.0,1
tdc_caco2_wang,regression,97,2,8,0.1,retrospective working threshold with sensitivity grid,0.0,1,1,5,5,5,1.0,1
tdc_caco2_wang,regression,97,2,16,0.025,retrospective working threshold with sensitivity grid,0.0,1,0,7,9,3,0.7777777777777778,1
tdc_caco2_wang,regression,97,2,16,0.05,retrospective working threshold with sensitivity grid,0.0,1,1,12,12,7,1.0,1
tdc_caco2_wang,regression,97,2,16,0.1,retrospective working threshold with sensitivity grid,0.0,1,1,13,13,12,1.0,1
tdc_caco2_wang,regression,97,2,32,0.025,retrospective working threshold with sensitivity grid,0.0,1,0,12,15,7,0.5,1
tdc_caco2_wang,regression,97,2,32,0.05,retrospective working threshold with sensitivity grid,0.0,1,1,25,24,18,0.96,1
tdc_caco2_wang,regression,97,2,32,0.1,retrospective working threshold with sensitivity grid,0.0,1,1,29,29,28,1.0,1
tdc_caco2_wang,regression,97,3,4,0.025,retrospective working threshold with sensitivity grid,0.0,1,1,1,1,1,1.0,1
tdc_caco2_wang,regression,97,3,4,0.05,retrospective working threshold with sensitivity grid,0.0,1,1,1,1,1,1.0,1
tdc_caco2_wang,regression,97,3,4,0.1,retrospective working threshold with sensitivity grid,0.0,1,1,1,1,1,1.0,1
tdc_caco2_wang,regression,97,3,8,0.025,retrospective working threshold with sensitivity grid,0.0,1,1,5,4,4,0.8,1
tdc_caco2_wang,regression,97,3,8,0.05,retrospective working threshold with sensitivity grid,0.0,1,1,5,5,5,1.0,1
tdc_caco2_wang,regression,97,3,8,0.1,retrospective working threshold with sensitivity grid,0.0,1,1,5,5,5,1.0,1
tdc_caco2_wang,regression,97,3,16,0.025,retrospective working threshold with sensitivity grid,0.0,1,1,9,9,3,0.8,1
tdc_caco2_wang,regression,97,3,16,0.05,retrospective working threshold with sensitivity grid,0.0,1,1,12,12,8,1.0,1
tdc_caco2_wang,regression,97,3,16,0.1,retrospective working threshold with sensitivity grid,0.0,1,1,13,13,11,1.0,1
tdc_caco2_wang,regression,97,3,32,0.025,retrospective working threshold with sensitivity grid,0.0,1,0,12,15,3,0.6875,1
tdc_caco2_wang,regression,97,3,32,0.05,retrospective working threshold with sensitivity grid,0.0,1,0,24,24,10,0.92,1
tdc_caco2_wang,regression,97,3,32,0.1,retrospective working threshold with sensitivity grid,0.0,1,1,29,29,23,1.0,1
tdc_caco2_wang,regression,113,1,4,0.025,retrospective working threshold with sensitivity grid,0.0,1,1,1,1,1,1.0,1
tdc_caco2_wang,regression,113,1,4,0.05,retrospective working threshold with sensitivity grid,0.0,1,1,1,1,1,1.0,1
tdc_caco2_wang,regression,113,1,4,0.1,retrospective working threshold with sensitivity grid,0.0,1,1,1,1,1,1.0,1
tdc_caco2_wang,regression,113,1,8,0.025,retrospective working threshold with sensitivity grid,0.0,1,1,5,5,1,1.0,1
tdc_caco2_wang,regression,113,1,8,0.05,retrospective working threshold with sensitivity grid,0.0,1,1,5,5,1,1.0,1
tdc_caco2_wang,regression,113,1,8,0.1,retrospective working threshold with sensitivity grid,0.0,1,1,5,5,5,1.0,1
tdc_caco2_wang,regression,113,1,16,0.025,retrospective working threshold with sensitivity grid,0.0,1,0,11,9,4,0.8181818181818182,1
tdc_caco2_wang,regression,113,1,16,0.05,retrospective working threshold with sensitivity grid,0.0,1,1,12,12,5,1.0,1
tdc_caco2_wang,regression,113,1,16,0.1,retrospective working threshold with sensitivity grid,0.0,1,1,13,13,12,1.0,1
tdc_caco2_wang,regression,113,1,32,0.025,retrospective working threshold with sensitivity grid,0.0,1,0,22,15,8,0.6818181818181818,1
tdc_caco2_wang,regression,113,1,32,0.05,retrospective working threshold with sensitivity grid,0.0,1,1,28,25,16,0.8928571428571429,1
tdc_caco2_wang,regression,113,1,32,0.1,retrospective working threshold with sensitivity grid,0.0,1,1,29,29,26,1.0,1
tdc_caco2_wang,regression,113,2,4,0.025,retrospective working threshold with sensitivity grid,0.03121972371536521,0,1,1,1,1,1.0,1
tdc_caco2_wang,regression,113,2,4,0.05,retrospective working threshold with sensitivity grid,0.006219723715365208,0,1,1,1,1,1.0,1
tdc_caco2_wang,regression,113,2,4,0.1,retrospective working threshold with sensitivity grid,0.0,1,1,1,1,1,1.0,1
tdc_caco2_wang,regression,113,2,8,0.025,retrospective working threshold with sensitivity grid,0.03121972371536521,0,0,5,5,3,1.0,1
tdc_caco2_wang,regression,113,2,8,0.05,retrospective working threshold with sensitivity grid,0.006219723715365208,0,1,5,5,5,1.0,1
tdc_caco2_wang,regression,113,2,8,0.1,retrospective working threshold with sensitivity grid,0.0,1,1,5,5,5,1.0,1
tdc_caco2_wang,regression,113,2,16,0.025,retrospective working threshold with sensitivity grid,0.0,1,1,12,9,6,0.75,1
tdc_caco2_wang,regression,113,2,16,0.05,retrospective working threshold with sensitivity grid,0.0,1,1,12,12,11,1.0,1
tdc_caco2_wang,regression,113,2,16,0.1,retrospective working threshold with sensitivity grid,0.0,1,1,13,13,13,1.0,1
tdc_caco2_wang,regression,113,2,32,0.025,retrospective working threshold with sensitivity grid,0.0,1,1,7,15,9,0.375,1
tdc_caco2_wang,regression,113,2,32,0.05,retrospective working threshold with sensitivity grid,0.0,1,1,21,25,23,0.84,1
tdc_caco2_wang,regression,113,2,32,0.1,retrospective working threshold with sensitivity grid,0.0,1,1,28,29,29,0.9655172413793104,1
tdc_caco2_wang,regression,113,3,4,0.025,retrospective working threshold with sensitivity grid,0.0,1,1,1,1,1,1.0,1
tdc_caco2_wang,regression,113,3,4,0.05,retrospective working threshold with sensitivity grid,0.0,1,1,1,1,1,1.0,1
tdc_caco2_wang,regression,113,3,4,0.1,retrospective working threshold with sensitivity grid,0.0,1,1,1,1,3,1.0,1
tdc_caco2_wang,regression,113,3,8,0.025,retrospective working threshold with sensitivity grid,0.0,1,1,1,5,3,0.2,1
tdc_caco2_wang,regression,113,3,8,0.05,retrospective working threshold with sensitivity grid,0.0,1,1,5,5,5,1.0,1
tdc_caco2_wang,regression,113,3,8,0.1,retrospective working threshold with sensitivity grid,0.0,1,1,5,5,7,1.0,1
tdc_caco2_wang,regression,113,3,16,0.025,retrospective working threshold with sensitivity grid,0.0,1,1,7,9,8,0.7777777777777778,1
tdc_caco2_wang,regression,113,3,16,0.05,retrospective working threshold with sensitivity grid,0.0,1,1,12,12,11,1.0,1
tdc_caco2_wang,regression,113,3,16,0.1,retrospective working threshold with sensitivity grid,0.0,1,1,13,13,14,1.0,1
tdc_caco2_wang,regression,113,3,32,0.025,retrospective working threshold with sensitivity grid,0.0,1,1,14,15,14,0.6111111111111112,1
tdc_caco2_wang,regression,113,3,32,0.05,retrospective working threshold with sensitivity grid,0.0,1,1,26,25,21,0.8888888888888888,1
tdc_caco2_wang,regression,113,3,32,0.1,retrospective working threshold with sensitivity grid,0.0,1,1,29,29,29,1.0,1
tdc_caco2_wang,regression,127,1,4,0.025,retrospective working threshold with sensitivity grid,0.0,1,1,1,1,1,1.0,1
tdc_caco2_wang,regression,127,1,4,0.05,retrospective working threshold with sensitivity grid,0.0,1,1,1,1,1,1.0,1
tdc_caco2_wang,regression,127,1,4,0.1,retrospective working threshold with sensitivity grid,0.0,1,1,1,1,1,1.0,1
tdc_caco2_wang,regression,127,1,8,0.025,retrospective working threshold with sensitivity grid,0.0,1,1,3,4,1,0.75,1
tdc_caco2_wang,regression,127,1,8,0.05,retrospective working threshold with sensitivity grid,0.0,1,1,5,5,4,1.0,1
tdc_caco2_wang,regression,127,1,8,0.1,retrospective working threshold with sensitivity grid,0.0,1,1,5,5,5,1.0,1
tdc_caco2_wang,regression,127,1,16,0.025,retrospective working threshold with sensitivity grid,0.0,1,1,8,9,4,0.7,1
tdc_caco2_wang,regression,127,1,16,0.05,retrospective working threshold with sensitivity grid,0.0,1,1,12,12,8,1.0,1
tdc_caco2_wang,regression,127,1,16,0.1,retrospective working threshold with sensitivity grid,0.0,1,1,13,13,12,1.0,1
tdc_caco2_wang,regression,127,1,32,0.025,retrospective working threshold with sensitivity grid,0.0,1,1,17,17,10,0.7,1
tdc_caco2_wang,regression,127,1,32,0.05,retrospective working threshold with sensitivity grid,0.0,1,1,28,24,16,0.8571428571428571,1
tdc_caco2_wang,regression,127,1,32,0.1,retrospective working threshold with sensitivity grid,0.0,1,1,29,29,26,1.0,1
tdc_caco2_wang,regression,127,2,4,0.025,retrospective working threshold with sensitivity grid,0.0,1,1,1,1,1,1.0,1
tdc_caco2_wang,regression,127,2,4,0.05,retrospective working threshold with sensitivity grid,0.0,1,1,1,1,1,1.0,1
tdc_caco2_wang,regression,127,2,4,0.1,retrospective working threshold with sensitivity grid,0.0,1,1,1,1,1,1.0,1
tdc_caco2_wang,regression,127,2,8,0.025,retrospective working threshold with sensitivity grid,0.027321905360150577,0,0,5,4,1,0.8,1
tdc_caco2_wang,regression,127,2,8,0.05,retrospective working threshold with sensitivity grid,0.002321905360150575,0,1,5,5,5,1.0,1
tdc_caco2_wang,regression,127,2,8,0.1,retrospective working threshold with sensitivity grid,0.0,1,1,5,5,5,1.0,1
tdc_caco2_wang,regression,127,2,16,0.025,retrospective working threshold with sensitivity grid,0.0,1,1,11,9,3,0.6666666666666666,1
tdc_caco2_wang,regression,127,2,16,0.05,retrospective working threshold with sensitivity grid,0.0,1,1,12,12,10,1.0,1
tdc_caco2_wang,regression,127,2,16,0.1,retrospective working threshold with sensitivity grid,0.0,1,1,13,13,13,1.0,1
tdc_caco2_wang,regression,127,2,32,0.025,retrospective working threshold with sensitivity grid,0.008279439830924405,0,0,17,17,5,0.7894736842105263,1
tdc_caco2_wang,regression,127,2,32,0.05,retrospective working threshold with sensitivity grid,0.0,1,1,27,24,11,0.8888888888888888,1
tdc_caco2_wang,regression,127,2,32,0.1,retrospective working threshold with sensitivity grid,0.0,1,1,29,29,26,1.0,1
tdc_caco2_wang,regression,127,3,4,0.025,retrospective working threshold with sensitivity grid,0.008474595522961391,0,1,1,1,1,1.0,1
tdc_caco2_wang,regression,127,3,4,0.05,retrospective working threshold with sensitivity grid,0.0,1,1,1,1,1,1.0,1
tdc_caco2_wang,regression,127,3,4,0.1,retrospective working threshold with sensitivity grid,0.0,1,1,1,1,1,1.0,1
tdc_caco2_wang,regression,127,3,8,0.025,retrospective working threshold with sensitivity grid,0.008474595522961391,0,1,3,4,5,0.75,1
tdc_caco2_wang,regression,127,3,8,0.05,retrospective working threshold with sensitivity grid,0.0,1,1,5,5,5,1.0,1
tdc_caco2_wang,regression,127,3,8,0.1,retrospective working threshold with sensitivity grid,0.0,1,1,5,5,5,1.0,1
tdc_caco2_wang,regression,127,3,16,0.025,retrospective working threshold with sensitivity grid,0.0,1,1,7,9,8,0.7777777777777778,1
tdc_caco2_wang,regression,127,3,16,0.05,retrospective working threshold with sensitivity grid,0.0,1,1,12,12,12,1.0,1
tdc_caco2_wang,regression,127,3,16,0.1,retrospective working threshold with sensitivity grid,0.0,1,1,13,13,13,1.0,1
tdc_caco2_wang,regression,127,3,32,0.025,retrospective working threshold with sensitivity grid,0.0,1,1,11,17,6,0.6470588235294118,1
tdc_caco2_wang,regression,127,3,32,0.05,retrospective working threshold with sensitivity grid,0.0,1,1,25,24,19,0.96,1
tdc_caco2_wang,regression,127,3,32,0.1,retrospective working threshold with sensitivity grid,0.0,1,1,29,29,28,1.0,1
tdc_caco2_wang,regression,149,1,4,0.025,retrospective working threshold with sensitivity grid,0.0,1,1,1,1,1,1.0,1
tdc_caco2_wang,regression,149,1,4,0.05,retrospective working threshold with sensitivity grid,0.0,1,1,1,1,1,1.0,1
tdc_caco2_wang,regression,149,1,4,0.1,retrospective working threshold with sensitivity grid,0.0,1,1,1,1,1,1.0,1
tdc_caco2_wang,regression,149,1,8,0.025,retrospective working threshold with sensitivity grid,0.018433473689645007,0,0,4,5,1,0.8,1
tdc_caco2_wang,regression,149,1,8,0.05,retrospective working threshold with sensitivity grid,0.0,1,0,5,5,1,1.0,1
tdc_caco2_wang,regression,149,1,8,0.1,retrospective working threshold with sensitivity grid,0.0,1,1,5,5,5,1.0,1
tdc_caco2_wang,regression,149,1,16,0.025,retrospective working threshold with sensitivity grid,0.0,1,0,10,9,3,0.5833333333333334,1
tdc_caco2_wang,regression,149,1,16,0.05,retrospective working threshold with sensitivity grid,0.0,1,1,11,12,6,0.9166666666666666,1
tdc_caco2_wang,regression,149,1,16,0.1,retrospective working threshold with sensitivity grid,0.0,1,1,13,13,12,1.0,1
tdc_caco2_wang,regression,149,1,32,0.025,retrospective working threshold with sensitivity grid,0.0,1,1,19,15,6,0.5454545454545454,1
tdc_caco2_wang,regression,149,1,32,0.05,retrospective working threshold with sensitivity grid,0.0,1,1,27,24,14,0.8214285714285714,1
tdc_caco2_wang,regression,149,1,32,0.1,retrospective working threshold with sensitivity grid,0.0,1,1,29,29,26,1.0,1
tdc_caco2_wang,regression,149,2,4,0.025,retrospective working threshold with sensitivity grid,0.0,1,1,1,1,1,1.0,1
tdc_caco2_wang,regression,149,2,4,0.05,retrospective working threshold with sensitivity grid,0.0,1,1,1,1,1,1.0,1
tdc_caco2_wang,regression,149,2,4,0.1,retrospective working threshold with sensitivity grid,0.0,1,1,1,1,1,1.0,1
tdc_caco2_wang,regression,149,2,8,0.025,retrospective working threshold with sensitivity grid,0.0,1,1,2,5,2,0.4,1
tdc_caco2_wang,regression,149,2,8,0.05,retrospective working threshold with sensitivity grid,0.0,1,1,5,5,5,1.0,1
tdc_caco2_wang,regression,149,2,8,0.1,retrospective working threshold with sensitivity grid,0.0,1,1,5,5,5,1.0,1
tdc_caco2_wang,regression,149,2,16,0.025,retrospective working threshold with sensitivity grid,0.0,1,1,7,9,5,0.7777777777777778,1
tdc_caco2_wang,regression,149,2,16,0.05,retrospective working threshold with sensitivity grid,0.0,1,1,12,12,10,1.0,1
tdc_caco2_wang,regression,149,2,16,0.1,retrospective working threshold with sensitivity grid,0.0,1,1,13,13,13,1.0,1
tdc_caco2_wang,regression,149,2,32,0.025,retrospective working threshold with sensitivity grid,0.0,1,1,16,15,6,0.7222222222222222,1
tdc_caco2_wang,regression,149,2,32,0.05,retrospective working threshold with sensitivity grid,0.0,1,1,27,24,16,0.8888888888888888,1
tdc_caco2_wang,regression,149,2,32,0.1,retrospective working threshold with sensitivity grid,0.0,1,1,29,29,28,1.0,1
tdc_caco2_wang,regression,149,3,4,0.025,retrospective working threshold with sensitivity grid,0.022455488366508645,0,1,1,1,1,1.0,1
tdc_caco2_wang,regression,149,3,4,0.05,retrospective working threshold with sensitivity grid,0.0,1,1,1,1,1,1.0,1
tdc_caco2_wang,regression,149,3,4,0.1,retrospective working threshold with sensitivity grid,0.0,1,1,1,1,1,1.0,1
tdc_caco2_wang,regression,149,3,8,0.025,retrospective working threshold with sensitivity grid,0.022455488366508645,0,0,1,5,4,0.2,1
tdc_caco2_wang,regression,149,3,8,0.05,retrospective working threshold with sensitivity grid,0.0,1,1,1,5,5,0.2,1
tdc_caco2_wang,regression,149,3,8,0.1,retrospective working threshold with sensitivity grid,0.0,1,1,5,5,5,1.0,1
tdc_caco2_wang,regression,149,3,16,0.025,retrospective working threshold with sensitivity grid,0.022455488366508645,0,0,1,9,9,0.1111111111111111,1
tdc_caco2_wang,regression,149,3,16,0.05,retrospective working threshold with sensitivity grid,0.0,1,0,6,12,11,0.5,1
tdc_caco2_wang,regression,149,3,16,0.1,retrospective working threshold with sensitivity grid,0.0,1,1,12,13,13,0.9230769230769231,1
tdc_caco2_wang,regression,149,3,32,0.025,retrospective working threshold with sensitivity grid,0.022455488366508645,0,0,1,15,18,0.06666666666666667,1
tdc_caco2_wang,regression,149,3,32,0.05,retrospective working threshold with sensitivity grid,0.0,1,0,11,24,25,0.4583333333333333,1
tdc_caco2_wang,regression,149,3,32,0.1,retrospective working threshold with sensitivity grid,0.0,1,1,28,29,29,0.9655172413793104,1
tdc_hia_hou,classification,11,1,4,0.005,retrospective working threshold with sensitivity grid,0.006886824041520194,0,0,1,3,2,0.3333333333333333,1
tdc_hia_hou,classification,11,1,4,0.01,retrospective working threshold with sensitivity grid,0.001886824041520194,0,1,2,3,3,0.6666666666666666,1
tdc_hia_hou,classification,11,1,4,0.02,retrospective working threshold with sensitivity grid,0.0,1,1,3,3,3,1.0,1
tdc_hia_hou,classification,11,1,8,0.005,retrospective working threshold with sensitivity grid,0.0,1,0,2,4,2,0.2,1
tdc_hia_hou,classification,11,1,8,0.01,retrospective working threshold with sensitivity grid,0.0,1,0,2,6,3,0.3333333333333333,1
tdc_hia_hou,classification,11,1,8,0.02,retrospective working threshold with sensitivity grid,0.0,1,1,3,7,7,0.42857142857142855,1
tdc_hia_hou,classification,11,1,16,0.005,retrospective working threshold with sensitivity grid,0.0,1,0,2,3,2,0.0,0
tdc_hia_hou,classification,11,1,16,0.01,retrospective working threshold with sensitivity grid,0.0,1,0,2,6,6,0.0,0
tdc_hia_hou,classification,11,1,16,0.02,retrospective working threshold with sensitivity grid,0.0,1,1,6,12,11,0.5,1
tdc_hia_hou,classification,11,1,32,0.005,retrospective working threshold with sensitivity grid,0.0,1,0,2,3,2,0.0,0
tdc_hia_hou,classification,11,1,32,0.01,retrospective working threshold with sensitivity grid,0.0,1,0,2,6,5,0.0,0
tdc_hia_hou,classification,11,1,32,0.02,retrospective working threshold with sensitivity grid,0.0,1,1,6,16,14,0.375,1
tdc_hia_hou,classification,11,2,4,0.005,retrospective working threshold with sensitivity grid,0.012391304347825986,0,1,1,3,2,0.3333333333333333,1
tdc_hia_hou,classification,11,2,4,0.01,retrospective working threshold with sensitivity grid,0.007391304347825986,0,1,1,3,3,0.3333333333333333,1
tdc_hia_hou,classification,11,2,4,0.02,retrospective working threshold with sensitivity grid,0.0,1,1,3,3,3,1.0,1
tdc_hia_hou,classification,11,2,8,0.005,retrospective working threshold with sensitivity grid,0.022329192546583724,0,0,1,4,2,0.25,1
tdc_hia_hou,classification,11,2,8,0.01,retrospective working threshold with sensitivity grid,0.017329192546583723,0,1,4,6,4,0.6666666666666666,1
tdc_hia_hou,classification,11,2,8,0.02,retrospective working threshold with sensitivity grid,0.0073291925465837245,0,1,5,7,5,0.7142857142857143,1
tdc_hia_hou,classification,11,2,16,0.005,retrospective working threshold with sensitivity grid,0.0,1,0,1,3,1,0.3333333333333333,1
tdc_hia_hou,classification,11,2,16,0.01,retrospective working threshold with sensitivity grid,0.0,1,0,3,6,2,0.2857142857142857,1
tdc_hia_hou,classification,11,2,16,0.02,retrospective working threshold with sensitivity grid,0.0,1,0,8,12,3,0.5384615384615384,1
tdc_hia_hou,classification,11,2,32,0.005,retrospective working threshold with sensitivity grid,0.0,1,0,1,3,1,0.3333333333333333,1
tdc_hia_hou,classification,11,2,32,0.01,retrospective working threshold with sensitivity grid,0.0,1,0,4,6,2,0.25,1
tdc_hia_hou,classification,11,2,32,0.02,retrospective working threshold with sensitivity grid,0.0,1,0,9,16,5,0.3888888888888889,1
tdc_hia_hou,classification,11,3,4,0.005,retrospective working threshold with sensitivity grid,0.0032278481012657555,0,1,1,3,2,0.3333333333333333,1
tdc_hia_hou,classification,11,3,4,0.01,retrospective working threshold with sensitivity grid,0.0,1,1,2,3,3,0.6666666666666666,1
tdc_hia_hou,classification,11,3,4,0.02,retrospective working threshold with sensitivity grid,0.0,1,1,3,3,3,1.0,1
tdc_hia_hou,classification,11,3,8,0.005,retrospective working threshold with sensitivity grid,0.011613924050632777,0,0,2,4,1,0.2,0
tdc_hia_hou,classification,11,3,8,0.01,retrospective working threshold with sensitivity grid,0.006613924050632778,0,0,2,6,1,0.14285714285714285,0
tdc_hia_hou,classification,11,3,8,0.02,retrospective working threshold with sensitivity grid,0.0,1,0,7,7,3,1.0,1
tdc_hia_hou,classification,11,3,16,0.005,retrospective working threshold with sensitivity grid,0.011613924050632777,0,0,2,3,2,0.0,0
tdc_hia_hou,classification,11,3,16,0.01,retrospective working threshold with sensitivity grid,0.006613924050632778,0,0,2,6,5,0.14285714285714285,0
tdc_hia_hou,classification,11,3,16,0.02,retrospective working threshold with sensitivity grid,0.0,1,0,7,12,8,0.46153846153846156,0
tdc_hia_hou,classification,11,3,32,0.005,retrospective working threshold with sensitivity grid,0.011613924050632777,0,0,2,3,2,0.0,0
tdc_hia_hou,classification,11,3,32,0.01,retrospective working threshold with sensitivity grid,0.006613924050632778,0,0,2,6,4,0.14285714285714285,0
tdc_hia_hou,classification,11,3,32,0.02,retrospective working threshold with sensitivity grid,0.0,1,0,10,16,9,0.3,0
tdc_hia_hou,classification,23,1,4,0.005,retrospective working threshold with sensitivity grid,0.051920077972709595,0,1,2,3,1,0.6666666666666666,1
tdc_hia_hou,classification,23,1,4,0.01,retrospective working threshold with sensitivity grid,0.04692007797270959,0,1,2,3,1,0.6666666666666666,1
tdc_hia_hou,classification,23,1,4,0.02,retrospective working threshold with sensitivity grid,0.03692007797270959,0,1,3,3,2,1.0,1
tdc_hia_hou,classification,23,1,8,0.005,retrospective working threshold with sensitivity grid,0.051920077972709595,0,0,2,4,1,0.5,1
tdc_hia_hou,classification,23,1,8,0.01,retrospective working threshold with sensitivity grid,0.04692007797270959,0,0,2,5,1,0.4,1
tdc_hia_hou,classification,23,1,8,0.02,retrospective working threshold with sensitivity grid,0.03692007797270959,0,0,3,7,2,0.42857142857142855,1
tdc_hia_hou,classification,23,1,16,0.005,retrospective working threshold with sensitivity grid,0.051920077972709595,0,0,2,3,1,0.0,0
tdc_hia_hou,classification,23,1,16,0.01,retrospective working threshold with sensitivity grid,0.04692007797270959,0,0,2,7,1,0.2857142857142857,1
tdc_hia_hou,classification,23,1,16,0.02,retrospective working threshold with sensitivity grid,0.03692007797270959,0,0,5,13,1,0.38461538461538464,1
tdc_hia_hou,classification,23,1,32,0.005,retrospective working threshold with sensitivity grid,0.051920077972709595,0,0,2,3,1,0.0,0
tdc_hia_hou,classification,23,1,32,0.01,retrospective working threshold with sensitivity grid,0.04692007797270959,0,0,2,7,1,0.2857142857142857,1
tdc_hia_hou,classification,23,1,32,0.02,retrospective working threshold with sensitivity grid,0.03692007797270959,0,0,6,20,1,0.23809523809523808,1
tdc_hia_hou,classification,23,2,4,0.005,retrospective working threshold with sensitivity grid,0.0,1,1,3,3,2,1.0,1
tdc_hia_hou,classification,23,2,4,0.01,retrospective working threshold with sensitivity grid,0.0,1,1,3,3,3,1.0,1
tdc_hia_hou,classification,23,2,4,0.02,retrospective working threshold with sensitivity grid,0.0,1,1,3,3,3,1.0,1
tdc_hia_hou,classification,23,2,8,0.005,retrospective working threshold with sensitivity grid,0.0,1,0,2,4,2,0.2,1
tdc_hia_hou,classification,23,2,8,0.01,retrospective working threshold with sensitivity grid,0.0,1,0,3,5,3,0.3333333333333333,1
tdc_hia_hou,classification,23,2,8,0.02,retrospective working threshold with sensitivity grid,0.0,1,0,6,7,4,0.8571428571428571,1
tdc_hia_hou,classification,23,2,16,0.005,retrospective working threshold with sensitivity grid,0.0,1,0,1,3,2,0.3333333333333333,1
tdc_hia_hou,classification,23,2,16,0.01,retrospective working threshold with sensitivity grid,0.0,1,0,3,7,3,0.25,1
tdc_hia_hou,classification,23,2,16,0.02,retrospective working threshold with sensitivity grid,0.0,1,1,5,13,5,0.38461538461538464,1
tdc_hia_hou,classification,23,2,32,0.005,retrospective working threshold with sensitivity grid,0.0,1,0,1,3,2,0.3333333333333333,1
tdc_hia_hou,classification,23,2,32,0.01,retrospective working threshold with sensitivity grid,0.0,1,0,3,7,4,0.25,1
tdc_hia_hou,classification,23,2,32,0.02,retrospective working threshold with sensitivity grid,0.0,1,1,5,20,8,0.25,1
tdc_hia_hou,classification,23,3,4,0.005,retrospective working threshold with sensitivity grid,0.0,1,0,2,3,1,0.6666666666666666,1
tdc_hia_hou,classification,23,3,4,0.01,retrospective working threshold with sensitivity grid,0.0,1,0,3,3,2,1.0,1
tdc_hia_hou,classification,23,3,4,0.02,retrospective working threshold with sensitivity grid,0.0,1,1,3,3,4,1.0,1
tdc_hia_hou,classification,23,3,8,0.005,retrospective working threshold with sensitivity grid,0.0,1,0,2,4,1,0.5,1
tdc_hia_hou,classification,23,3,8,0.01,retrospective working threshold with sensitivity grid,0.0,1,0,6,5,2,0.5714285714285714,1
tdc_hia_hou,classification,23,3,8,0.02,retrospective working threshold with sensitivity grid,0.0,1,1,7,7,4,1.0,1
tdc_hia_hou,classification,23,3,16,0.005,retrospective working threshold with sensitivity grid,0.0,1,0,2,3,2,0.25,1
tdc_hia_hou,classification,23,3,16,0.01,retrospective working threshold with sensitivity grid,0.0,1,1,2,7,3,0.125,1
tdc_hia_hou,classification,23,3,16,0.02,retrospective working threshold with sensitivity grid,0.0,1,1,3,13,4,0.23076923076923078,1
tdc_hia_hou,classification,23,3,32,0.005,retrospective working threshold with sensitivity grid,0.0,1,0,2,3,2,0.25,1
tdc_hia_hou,classification,23,3,32,0.01,retrospective working threshold with sensitivity grid,0.0,1,1,2,7,3,0.125,1
tdc_hia_hou,classification,23,3,32,0.02,retrospective working threshold with sensitivity grid,0.0,1,1,3,20,9,0.15,1
tdc_hia_hou,classification,37,1,4,0.005,retrospective working threshold with sensitivity grid,0.029033149171270648,0,0,2,2,2,1.0,1
tdc_hia_hou,classification,37,1,4,0.01,retrospective working threshold with sensitivity grid,0.024033149171270647,0,0,3,3,2,1.0,1
tdc_hia_hou,classification,37,1,4,0.02,retrospective working threshold with sensitivity grid,0.014033149171270649,0,0,3,3,2,1.0,1
tdc_hia_hou,classification,37,1,8,0.005,retrospective working threshold with sensitivity grid,0.029033149171270648,0,0,2,3,2,0.6666666666666666,1
tdc_hia_hou,classification,37,1,8,0.01,retrospective working threshold with sensitivity grid,0.024033149171270647,0,0,3,5,2,0.6,1
tdc_hia_hou,classification,37,1,8,0.02,retrospective working threshold with sensitivity grid,0.014033149171270649,0,0,4,7,3,0.5714285714285714,1
tdc_hia_hou,classification,37,1,16,0.005,retrospective working threshold with sensitivity grid,0.029033149171270648,0,0,2,3,1,0.0,0
tdc_hia_hou,classification,37,1,16,0.01,retrospective working threshold with sensitivity grid,0.024033149171270647,0,0,3,7,1,0.25,1
tdc_hia_hou,classification,37,1,16,0.02,retrospective working threshold with sensitivity grid,0.014033149171270649,0,0,4,12,5,0.3333333333333333,1
tdc_hia_hou,classification,37,1,32,0.005,retrospective working threshold with sensitivity grid,0.029033149171270648,0,0,2,3,1,0.0,0
tdc_hia_hou,classification,37,1,32,0.01,retrospective working threshold with sensitivity grid,0.024033149171270647,0,0,3,7,1,0.25,1
tdc_hia_hou,classification,37,1,32,0.02,retrospective working threshold with sensitivity grid,0.014033149171270649,0,0,4,19,5,0.21052631578947367,1
tdc_hia_hou,classification,37,2,4,0.005,retrospective working threshold with sensitivity grid,0.0029840319361277333,0,0,2,2,1,0.3333333333333333,1
tdc_hia_hou,classification,37,2,4,0.01,retrospective working threshold with sensitivity grid,0.0,1,1,3,3,3,1.0,1
tdc_hia_hou,classification,37,2,4,0.02,retrospective working threshold with sensitivity grid,0.0,1,1,4,3,3,0.75,1
tdc_hia_hou,classification,37,2,8,0.005,retrospective working threshold with sensitivity grid,0.0029840319361277333,0,0,2,3,2,0.25,1
tdc_hia_hou,classification,37,2,8,0.01,retrospective working threshold with sensitivity grid,0.0,1,0,3,5,2,0.6,1
tdc_hia_hou,classification,37,2,8,0.02,retrospective working threshold with sensitivity grid,0.0,1,0,4,7,4,0.375,1
tdc_hia_hou,classification,37,2,16,0.005,retrospective working threshold with sensitivity grid,0.0029840319361277333,0,0,2,3,4,0.0,0
tdc_hia_hou,classification,37,2,16,0.01,retrospective working threshold with sensitivity grid,0.0,1,0,3,7,4,0.25,1
tdc_hia_hou,classification,37,2,16,0.02,retrospective working threshold with sensitivity grid,0.0,1,0,4,12,7,0.23076923076923078,1
tdc_hia_hou,classification,37,2,32,0.005,retrospective working threshold with sensitivity grid,0.0029840319361277333,0,0,2,3,4,0.0,0
tdc_hia_hou,classification,37,2,32,0.01,retrospective working threshold with sensitivity grid,0.0,1,0,4,7,4,0.2222222222222222,1
tdc_hia_hou,classification,37,2,32,0.02,retrospective working threshold with sensitivity grid,0.0,1,0,6,19,9,0.13636363636363635,1
tdc_hia_hou,classification,37,3,4,0.005,retrospective working threshold with sensitivity grid,0.0028947368421053986,0,1,2,2,1,1.0,1
tdc_hia_hou,classification,37,3,4,0.01,retrospective working threshold with sensitivity grid,0.0,1,1,3,3,1,1.0,1
tdc_hia_hou,classification,37,3,4,0.02,retrospective working threshold with sensitivity grid,0.0,1,1,3,3,2,1.0,1
tdc_hia_hou,classification,37,3,8,0.005,retrospective working threshold with sensitivity grid,0.0028947368421053986,0,1,3,3,2,1.0,1
tdc_hia_hou,classification,37,3,8,0.01,retrospective working threshold with sensitivity grid,0.0,1,1,4,5,3,0.8,1
tdc_hia_hou,classification,37,3,8,0.02,retrospective working threshold with sensitivity grid,0.0,1,1,5,7,6,0.7142857142857143,1
tdc_hia_hou,classification,37,3,16,0.005,retrospective working threshold with sensitivity grid,0.0,1,1,2,3,3,0.6666666666666666,1
tdc_hia_hou,classification,37,3,16,0.01,retrospective working threshold with sensitivity grid,0.0,1,1,4,7,3,0.5714285714285714,1
tdc_hia_hou,classification,37,3,16,0.02,retrospective working threshold with sensitivity grid,0.0,1,1,8,12,7,0.6666666666666666,1
tdc_hia_hou,classification,37,3,32,0.005,retrospective working threshold with sensitivity grid,0.0,1,1,2,3,3,0.6666666666666666,1
tdc_hia_hou,classification,37,3,32,0.01,retrospective working threshold with sensitivity grid,0.0,1,1,4,7,4,0.5714285714285714,1
tdc_hia_hou,classification,37,3,32,0.02,retrospective working threshold with sensitivity grid,0.0,1,1,13,19,9,0.5238095238095238,1
tdc_hia_hou,classification,53,1,4,0.005,retrospective working threshold with sensitivity grid,0.0,1,1,1,3,1,0.3333333333333333,1
tdc_hia_hou,classification,53,1,4,0.01,retrospective working threshold with sensitivity grid,0.0,1,1,1,3,1,0.3333333333333333,1
tdc_hia_hou,classification,53,1,4,0.02,retrospective working threshold with sensitivity grid,0.0,1,1,4,3,1,0.75,1
tdc_hia_hou,classification,53,1,8,0.005,retrospective working threshold with sensitivity grid,0.0,1,0,3,3,1,0.2,1
tdc_hia_hou,classification,53,1,8,0.01,retrospective working threshold with sensitivity grid,0.0,1,1,3,6,2,0.2857142857142857,1
tdc_hia_hou,classification,53,1,8,0.02,retrospective working threshold with sensitivity grid,0.0,1,1,4,7,2,0.5714285714285714,1
tdc_hia_hou,classification,53,1,16,0.005,retrospective working threshold with sensitivity grid,0.0,1,0,3,3,1,0.0,0
tdc_hia_hou,classification,53,1,16,0.01,retrospective working threshold with sensitivity grid,0.0,1,0,5,7,2,0.3333333333333333,1
tdc_hia_hou,classification,53,1,16,0.02,retrospective working threshold with sensitivity grid,0.0,1,0,7,13,4,0.5384615384615384,1
tdc_hia_hou,classification,53,1,32,0.005,retrospective working threshold with sensitivity grid,0.0,1,0,3,3,1,0.0,0
tdc_hia_hou,classification,53,1,32,0.01,retrospective working threshold with sensitivity grid,0.0,1,0,5,7,3,0.3333333333333333,1
tdc_hia_hou,classification,53,1,32,0.02,retrospective working threshold with sensitivity grid,0.0,1,0,9,21,7,0.30434782608695654,1
tdc_hia_hou,classification,53,2,4,0.005,retrospective working threshold with sensitivity grid,0.0,1,1,3,3,2,1.0,1
tdc_hia_hou,classification,53,2,4,0.01,retrospective working threshold with sensitivity grid,0.0,1,1,3,3,2,1.0,1
tdc_hia_hou,classification,53,2,4,0.02,retrospective working threshold with sensitivity grid,0.0,1,1,3,3,3,1.0,1
tdc_hia_hou,classification,53,2,8,0.005,retrospective working threshold with sensitivity grid,0.0,1,0,1,3,2,0.3333333333333333,1
tdc_hia_hou,classification,53,2,8,0.01,retrospective working threshold with sensitivity grid,0.0,1,0,1,6,2,0.16666666666666666,1
tdc_hia_hou,classification,53,2,8,0.02,retrospective working threshold with sensitivity grid,0.0,1,0,6,7,4,0.8571428571428571,1
tdc_hia_hou,classification,53,2,16,0.005,retrospective working threshold with sensitivity grid,0.0,1,1,1,3,2,0.3333333333333333,1
tdc_hia_hou,classification,53,2,16,0.01,retrospective working threshold with sensitivity grid,0.0,1,1,1,7,3,0.14285714285714285,1
tdc_hia_hou,classification,53,2,16,0.02,retrospective working threshold with sensitivity grid,0.0,1,1,4,13,6,0.3076923076923077,1
tdc_hia_hou,classification,53,2,32,0.005,retrospective working threshold with sensitivity grid,0.0,1,1,1,3,2,0.3333333333333333,1
tdc_hia_hou,classification,53,2,32,0.01,retrospective working threshold with sensitivity grid,0.0,1,1,1,7,3,0.14285714285714285,1
tdc_hia_hou,classification,53,2,32,0.02,retrospective working threshold with sensitivity grid,0.0,1,1,4,21,6,0.19047619047619047,1
tdc_hia_hou,classification,53,3,4,0.005,retrospective working threshold with sensitivity grid,0.0,1,1,1,3,2,0.3333333333333333,1
tdc_hia_hou,classification,53,3,4,0.01,retrospective working threshold with sensitivity grid,0.0,1,1,2,3,3,0.25,1
tdc_hia_hou,classification,53,3,4,0.02,retrospective working threshold with sensitivity grid,0.0,1,1,3,3,3,0.5,1
tdc_hia_hou,classification,53,3,8,0.005,retrospective working threshold with sensitivity grid,0.015149563772330791,0,0,1,3,2,0.3333333333333333,1
tdc_hia_hou,classification,53,3,8,0.01,retrospective working threshold with sensitivity grid,0.010149563772330792,0,0,1,6,4,0.16666666666666666,1
tdc_hia_hou,classification,53,3,8,0.02,retrospective working threshold with sensitivity grid,0.00014956377233079146,0,1,5,7,7,0.7142857142857143,1
tdc_hia_hou,classification,53,3,16,0.005,retrospective working threshold with sensitivity grid,0.015149563772330791,0,0,3,3,3,0.5,0
tdc_hia_hou,classification,53,3,16,0.01,retrospective working threshold with sensitivity grid,0.010149563772330792,0,0,3,7,6,0.42857142857142855,1
tdc_hia_hou,classification,53,3,16,0.02,retrospective working threshold with sensitivity grid,0.00014956377233079146,0,0,8,13,12,0.6153846153846154,1
tdc_hia_hou,classification,53,3,32,0.005,retrospective working threshold with sensitivity grid,0.0396614042376402,0,0,1,3,3,0.0,0
tdc_hia_hou,classification,53,3,32,0.01,retrospective working threshold with sensitivity grid,0.0346614042376402,0,0,2,7,6,0.0,0
tdc_hia_hou,classification,53,3,32,0.02,retrospective working threshold with sensitivity grid,0.0246614042376402,0,0,8,21,16,0.16,0
tdc_hia_hou,classification,71,1,4,0.005,retrospective working threshold with sensitivity grid,0.015780322307039744,0,0,1,2,1,0.5,1
tdc_hia_hou,classification,71,1,4,0.01,retrospective working threshold with sensitivity grid,0.010780322307039744,0,0,2,3,2,0.6666666666666666,1
tdc_hia_hou,classification,71,1,4,0.02,retrospective working threshold with sensitivity grid,0.0007803223070397443,0,0,3,3,2,1.0,1
tdc_hia_hou,classification,71,1,8,0.005,retrospective working threshold with sensitivity grid,0.0,1,0,2,3,1,0.6666666666666666,1
tdc_hia_hou,classification,71,1,8,0.01,retrospective working threshold with sensitivity grid,0.0,1,1,2,5,4,0.4,1
tdc_hia_hou,classification,71,1,8,0.02,retrospective working threshold with sensitivity grid,0.0,1,1,6,7,6,0.8571428571428571,1
tdc_hia_hou,classification,71,1,16,0.005,retrospective working threshold with sensitivity grid,0.013235793044953151,0,0,2,3,1,0.25,0
tdc_hia_hou,classification,71,1,16,0.01,retrospective working threshold with sensitivity grid,0.008235793044953152,0,0,5,7,6,0.5,0
tdc_hia_hou,classification,71,1,16,0.02,retrospective working threshold with sensitivity grid,0.0,1,0,9,12,11,0.75,1
tdc_hia_hou,classification,71,1,32,0.005,retrospective working threshold with sensitivity grid,0.013235793044953151,0,0,2,3,2,0.25,0
tdc_hia_hou,classification,71,1,32,0.01,retrospective working threshold with sensitivity grid,0.008235793044953152,0,0,5,7,10,0.5,0
tdc_hia_hou,classification,71,1,32,0.02,retrospective working threshold with sensitivity grid,0.0,1,0,10,17,22,0.5882352941176471,1
tdc_hia_hou,classification,71,2,4,0.005,retrospective working threshold with sensitivity grid,0.03575460829493083,0,0,2,2,1,1.0,1
tdc_hia_hou,classification,71,2,4,0.01,retrospective working threshold with sensitivity grid,0.030754608294930826,0,0,2,3,1,0.6666666666666666,1
tdc_hia_hou,classification,71,2,4,0.02,retrospective working threshold with sensitivity grid,0.020754608294930827,0,0,3,3,1,1.0,1
tdc_hia_hou,classification,71,2,8,0.005,retrospective working threshold with sensitivity grid,0.03575460829493083,0,0,2,3,1,0.6666666666666666,1
tdc_hia_hou,classification,71,2,8,0.01,retrospective working threshold with sensitivity grid,0.030754608294930826,0,0,2,5,1,0.4,1
tdc_hia_hou,classification,71,2,8,0.02,retrospective working threshold with sensitivity grid,0.020754608294930827,0,0,3,7,1,0.42857142857142855,1
tdc_hia_hou,classification,71,2,16,0.005,retrospective working threshold with sensitivity grid,0.03575460829493083,0,0,2,3,3,0.0,0
tdc_hia_hou,classification,71,2,16,0.01,retrospective working threshold with sensitivity grid,0.030754608294930826,0,0,2,7,3,0.2857142857142857,1
tdc_hia_hou,classification,71,2,16,0.02,retrospective working threshold with sensitivity grid,0.020754608294930827,0,0,4,12,5,0.3333333333333333,1
tdc_hia_hou,classification,71,2,32,0.005,retrospective working threshold with sensitivity grid,0.03575460829493083,0,0,2,3,1,0.0,0
tdc_hia_hou,classification,71,2,32,0.01,retrospective working threshold with sensitivity grid,0.030754608294930826,0,0,2,7,1,0.2857142857142857,1
tdc_hia_hou,classification,71,2,32,0.02,retrospective working threshold with sensitivity grid,0.020754608294930827,0,0,4,17,2,0.23529411764705882,1
tdc_hia_hou,classification,71,3,4,0.005,retrospective working threshold with sensitivity grid,0.0,1,1,1,2,1,0.5,1
tdc_hia_hou,classification,71,3,4,0.01,retrospective working threshold with sensitivity grid,0.0,1,1,1,3,2,0.3333333333333333,1
tdc_hia_hou,classification,71,3,4,0.02,retrospective working threshold with sensitivity grid,0.0,1,1,3,3,3,1.0,1
tdc_hia_hou,classification,71,3,8,0.005,retrospective working threshold with sensitivity grid,0.0,1,0,1,3,1,0.3333333333333333,1
tdc_hia_hou,classification,71,3,8,0.01,retrospective working threshold with sensitivity grid,0.0,1,1,1,5,2,0.2,1
tdc_hia_hou,classification,71,3,8,0.02,retrospective working threshold with sensitivity grid,0.0,1,1,3,7,6,0.42857142857142855,1
tdc_hia_hou,classification,71,3,16,0.005,retrospective working threshold with sensitivity grid,0.0,1,0,1,3,3,0.0,0
tdc_hia_hou,classification,71,3,16,0.01,retrospective working threshold with sensitivity grid,0.0,1,1,1,7,7,0.14285714285714285,1
tdc_hia_hou,classification,71,3,16,0.02,retrospective working threshold with sensitivity grid,0.0,1,1,3,12,12,0.25,1
tdc_hia_hou,classification,71,3,32,0.005,retrospective working threshold with sensitivity grid,0.0,1,0,1,3,2,0.0,0
tdc_hia_hou,classification,71,3,32,0.01,retrospective working threshold with sensitivity grid,0.0,1,1,1,7,8,0.14285714285714285,1
tdc_hia_hou,classification,71,3,32,0.02,retrospective working threshold with sensitivity grid,0.0,1,1,3,17,17,0.17647058823529413,1
tdc_hia_hou,classification,83,1,4,0.005,retrospective working threshold with sensitivity grid,0.00838742393509118,0,0,2,3,1,0.6666666666666666,1
tdc_hia_hou,classification,83,1,4,0.01,retrospective working threshold with sensitivity grid,0.0033874239350911804,0,1,3,3,2,1.0,1
tdc_hia_hou,classification,83,1,4,0.02,retrospective working threshold with sensitivity grid,0.0,1,1,3,3,3,1.0,1
tdc_hia_hou,classification,83,1,8,0.005,retrospective working threshold with sensitivity grid,0.00838742393509118,0,0,2,3,3,0.25,1
tdc_hia_hou,classification,83,1,8,0.01,retrospective working threshold with sensitivity grid,0.0033874239350911804,0,0,4,6,4,0.6666666666666666,1
tdc_hia_hou,classification,83,1,8,0.02,retrospective working threshold with sensitivity grid,0.0,1,1,5,7,7,0.7142857142857143,1
tdc_hia_hou,classification,83,1,16,0.005,retrospective working threshold with sensitivity grid,0.0,1,1,1,3,5,0.3333333333333333,1
tdc_hia_hou,classification,83,1,16,0.01,retrospective working threshold with sensitivity grid,0.0,1,1,3,6,6,0.2857142857142857,1
tdc_hia_hou,classification,83,1,16,0.02,retrospective working threshold with sensitivity grid,0.0,1,1,6,12,12,0.5,1
tdc_hia_hou,classification,83,1,32,0.005,retrospective working threshold with sensitivity grid,0.0,1,1,1,3,6,0.3333333333333333,1
tdc_hia_hou,classification,83,1,32,0.01,retrospective working threshold with sensitivity grid,0.0,1,1,3,6,12,0.2857142857142857,1
tdc_hia_hou,classification,83,1,32,0.02,retrospective working threshold with sensitivity grid,0.0,1,1,6,19,22,0.3157894736842105,1
tdc_hia_hou,classification,83,2,4,0.005,retrospective working threshold with sensitivity grid,0.0,1,0,3,3,1,1.0,1
tdc_hia_hou,classification,83,2,4,0.01,retrospective working threshold with sensitivity grid,0.0,1,1,3,3,2,1.0,1
tdc_hia_hou,classification,83,2,4,0.02,retrospective working threshold with sensitivity grid,0.0,1,1,3,3,3,1.0,1
tdc_hia_hou,classification,83,2,8,0.005,retrospective working threshold with sensitivity grid,0.0,1,0,3,3,1,0.5,1
tdc_hia_hou,classification,83,2,8,0.01,retrospective working threshold with sensitivity grid,0.0,1,1,3,6,2,0.5,1
tdc_hia_hou,classification,83,2,8,0.02,retrospective working threshold with sensitivity grid,0.0,1,1,4,7,4,0.5714285714285714,1
tdc_hia_hou,classification,83,2,16,0.005,retrospective working threshold with sensitivity grid,0.0,1,0,3,3,1,0.0,0
tdc_hia_hou,classification,83,2,16,0.01,retrospective working threshold with sensitivity grid,0.0,1,1,3,6,2,0.125,0
tdc_hia_hou,classification,83,2,16,0.02,retrospective working threshold with sensitivity grid,0.0,1,1,4,12,6,0.3333333333333333,1
tdc_hia_hou,classification,83,2,32,0.005,retrospective working threshold with sensitivity grid,0.0,1,0,3,3,2,0.0,0
tdc_hia_hou,classification,83,2,32,0.01,retrospective working threshold with sensitivity grid,0.0,1,1,3,6,3,0.125,0
tdc_hia_hou,classification,83,2,32,0.02,retrospective working threshold with sensitivity grid,0.0,1,1,4,19,6,0.21052631578947367,1
tdc_hia_hou,classification,83,3,4,0.005,retrospective working threshold with sensitivity grid,0.0,1,1,1,3,1,0.3333333333333333,1
tdc_hia_hou,classification,83,3,4,0.01,retrospective working threshold with sensitivity grid,0.0,1,1,1,3,1,0.3333333333333333,1
tdc_hia_hou,classification,83,3,4,0.02,retrospective working threshold with sensitivity grid,0.0,1,1,2,3,2,0.6666666666666666,1
tdc_hia_hou,classification,83,3,8,0.005,retrospective working threshold with sensitivity grid,0.0,1,1,1,3,1,0.3333333333333333,1
tdc_hia_hou,classification,83,3,8,0.01,retrospective working threshold with sensitivity grid,0.0,1,1,1,6,1,0.16666666666666666,1
tdc_hia_hou,classification,83,3,8,0.02,retrospective working threshold with sensitivity grid,0.0,1,1,2,7,3,0.2857142857142857,1
tdc_hia_hou,classification,83,3,16,0.005,retrospective working threshold with sensitivity grid,0.0,1,1,1,3,3,0.0,0
tdc_hia_hou,classification,83,3,16,0.01,retrospective working threshold with sensitivity grid,0.0,1,1,1,6,3,0.16666666666666666,1
tdc_hia_hou,classification,83,3,16,0.02,retrospective working threshold with sensitivity grid,0.0,1,1,4,12,7,0.3333333333333333,1
tdc_hia_hou,classification,83,3,32,0.005,retrospective working threshold with sensitivity grid,0.022455357142857183,0,0,2,3,3,0.0,0
tdc_hia_hou,classification,83,3,32,0.01,retrospective working threshold with sensitivity grid,0.017455357142857182,0,0,5,6,3,0.1,0
tdc_hia_hou,classification,83,3,32,0.02,retrospective working threshold with sensitivity grid,0.007455357142857184,0,0,7,19,7,0.13043478260869565,1
tdc_hia_hou,classification,97,1,4,0.005,retrospective working threshold with sensitivity grid,0.028333333333333214,0,1,1,2,2,0.5,1
tdc_hia_hou,classification,97,1,4,0.01,retrospective working threshold with sensitivity grid,0.023333333333333213,0,1,1,3,2,0.3333333333333333,1
tdc_hia_hou,classification,97,1,4,0.02,retrospective working threshold with sensitivity grid,0.013333333333333214,0,1,2,3,4,0.6666666666666666,1
tdc_hia_hou,classification,97,1,8,0.005,retrospective working threshold with sensitivity grid,0.009009661835748809,0,1,1,4,1,0.25,1
tdc_hia_hou,classification,97,1,8,0.01,retrospective working threshold with sensitivity grid,0.00400966183574881,0,1,2,6,1,0.3333333333333333,1
tdc_hia_hou,classification,97,1,8,0.02,retrospective working threshold with sensitivity grid,0.0,1,1,4,7,3,0.5714285714285714,1
tdc_hia_hou,classification,97,1,16,0.005,retrospective working threshold with sensitivity grid,0.0364251207729468,0,0,3,3,2,0.2,0
tdc_hia_hou,classification,97,1,16,0.01,retrospective working threshold with sensitivity grid,0.0314251207729468,0,0,4,7,3,0.2222222222222222,0
tdc_hia_hou,classification,97,1,16,0.02,retrospective working threshold with sensitivity grid,0.0214251207729468,0,0,7,12,6,0.5833333333333334,1
tdc_hia_hou,classification,97,1,32,0.005,retrospective working threshold with sensitivity grid,0.0364251207729468,0,0,3,3,2,0.2,0
tdc_hia_hou,classification,97,1,32,0.01,retrospective working threshold with sensitivity grid,0.0314251207729468,0,0,4,7,3,0.2222222222222222,0
tdc_hia_hou,classification,97,1,32,0.02,retrospective working threshold with sensitivity grid,0.0214251207729468,0,0,7,19,6,0.3684210526315789,1
tdc_hia_hou,classification,97,2,4,0.005,retrospective working threshold with sensitivity grid,0.003024691358024749,0,1,1,2,1,0.5,1
tdc_hia_hou,classification,97,2,4,0.01,retrospective working threshold with sensitivity grid,0.0,1,1,1,3,2,0.3333333333333333,1
tdc_hia_hou,classification,97,2,4,0.02,retrospective working threshold with sensitivity grid,0.0,1,1,2,3,3,0.6666666666666666,1
tdc_hia_hou,classification,97,2,8,0.005,retrospective working threshold with sensitivity grid,0.008888888888888839,0,0,4,4,2,0.6,1
tdc_hia_hou,classification,97,2,8,0.01,retrospective working threshold with sensitivity grid,0.0038888888888888393,0,1,4,6,5,0.6666666666666666,1
tdc_hia_hou,classification,97,2,8,0.02,retrospective working threshold with sensitivity grid,0.0,1,1,6,7,7,0.8571428571428571,1
tdc_hia_hou,classification,97,2,16,0.005,retrospective working threshold with sensitivity grid,0.0,1,1,3,3,2,1.0,1
tdc_hia_hou,classification,97,2,16,0.01,retrospective working threshold with sensitivity grid,0.0,1,1,3,7,4,0.42857142857142855,1
tdc_hia_hou,classification,97,2,16,0.02,retrospective working threshold with sensitivity grid,0.0,1,1,5,12,9,0.4166666666666667,1
tdc_hia_hou,classification,97,2,32,0.005,retrospective working threshold with sensitivity grid,0.0,1,1,3,3,2,1.0,1
tdc_hia_hou,classification,97,2,32,0.01,retrospective working threshold with sensitivity grid,0.0,1,1,3,7,4,0.42857142857142855,1
tdc_hia_hou,classification,97,2,32,0.02,retrospective working threshold with sensitivity grid,0.0,1,1,5,19,9,0.2631578947368421,1
tdc_hia_hou,classification,97,3,4,0.005,retrospective working threshold with sensitivity grid,0.0,1,1,2,2,2,0.3333333333333333,1
tdc_hia_hou,classification,97,3,4,0.01,retrospective working threshold with sensitivity grid,0.0,1,1,3,3,2,1.0,1
tdc_hia_hou,classification,97,3,4,0.02,retrospective working threshold with sensitivity grid,0.0,1,1,3,3,2,1.0,1
tdc_hia_hou,classification,97,3,8,0.005,retrospective working threshold with sensitivity grid,0.0,1,1,2,4,2,0.2,1
tdc_hia_hou,classification,97,3,8,0.01,retrospective working threshold with sensitivity grid,0.0,1,1,3,6,2,0.5,1
tdc_hia_hou,classification,97,3,8,0.02,retrospective working threshold with sensitivity grid,0.0,1,1,3,7,2,0.42857142857142855,1
tdc_hia_hou,classification,97,3,16,0.005,retrospective working threshold with sensitivity grid,0.0,1,1,2,3,2,0.0,0
tdc_hia_hou,classification,97,3,16,0.01,retrospective working threshold with sensitivity grid,0.0,1,1,3,7,2,0.25,1
tdc_hia_hou,classification,97,3,16,0.02,retrospective working threshold with sensitivity grid,0.0,1,1,4,12,2,0.3333333333333333,1
tdc_hia_hou,classification,97,3,32,0.005,retrospective working threshold with sensitivity grid,0.0,1,1,2,3,3,0.0,0
tdc_hia_hou,classification,97,3,32,0.01,retrospective working threshold with sensitivity grid,0.0,1,1,3,7,3,0.25,1
tdc_hia_hou,classification,97,3,32,0.02,retrospective working threshold with sensitivity grid,0.0,1,1,6,19,3,0.25,1
tdc_hia_hou,classification,113,1,4,0.005,retrospective working threshold with sensitivity grid,0.0034801043705154954,0,1,2,3,2,0.6666666666666666,1
tdc_hia_hou,classification,113,1,4,0.01,retrospective working threshold with sensitivity grid,0.0,1,1,3,3,2,1.0,1
tdc_hia_hou,classification,113,1,4,0.02,retrospective working threshold with sensitivity grid,0.0,1,1,3,3,3,1.0,1
tdc_hia_hou,classification,113,1,8,0.005,retrospective working threshold with sensitivity grid,0.0034801043705154954,0,1,2,3,2,0.6666666666666666,1
tdc_hia_hou,classification,113,1,8,0.01,retrospective working threshold with sensitivity grid,0.0,1,1,3,5,3,0.6,1
tdc_hia_hou,classification,113,1,8,0.02,retrospective working threshold with sensitivity grid,0.0,1,1,5,7,7,0.7142857142857143,1
tdc_hia_hou,classification,113,1,16,0.005,retrospective working threshold with sensitivity grid,0.0034801043705154954,0,0,2,3,1,0.0,0
tdc_hia_hou,classification,113,1,16,0.01,retrospective working threshold with sensitivity grid,0.0,1,0,4,6,5,0.25,1
tdc_hia_hou,classification,113,1,16,0.02,retrospective working threshold with sensitivity grid,0.0,1,1,6,11,7,0.4166666666666667,1
tdc_hia_hou,classification,113,1,32,0.005,retrospective working threshold with sensitivity grid,0.0034801043705154954,0,0,2,3,1,0.0,0
tdc_hia_hou,classification,113,1,32,0.01,retrospective working threshold with sensitivity grid,0.0,1,0,4,6,6,0.25,1
tdc_hia_hou,classification,113,1,32,0.02,retrospective working threshold with sensitivity grid,0.0,1,1,9,18,16,0.42105263157894735,1
tdc_hia_hou,classification,113,2,4,0.005,retrospective working threshold with sensitivity grid,0.0,1,1,1,3,2,0.3333333333333333,1
tdc_hia_hou,classification,113,2,4,0.01,retrospective working threshold with sensitivity grid,0.0,1,1,1,3,3,0.3333333333333333,1
tdc_hia_hou,classification,113,2,4,0.02,retrospective working threshold with sensitivity grid,0.0,1,1,2,3,3,0.6666666666666666,1
tdc_hia_hou,classification,113,2,8,0.005,retrospective working threshold with sensitivity grid,0.0,1,1,3,3,2,0.5,1
tdc_hia_hou,classification,113,2,8,0.01,retrospective working threshold with sensitivity grid,0.0,1,1,5,5,3,0.42857142857142855,1
tdc_hia_hou,classification,113,2,8,0.02,retrospective working threshold with sensitivity grid,0.0,1,1,6,7,5,0.8571428571428571,1
tdc_hia_hou,classification,113,2,16,0.005,retrospective working threshold with sensitivity grid,0.0,1,1,3,3,2,0.0,0
tdc_hia_hou,classification,113,2,16,0.01,retrospective working threshold with sensitivity grid,0.0,1,1,7,6,3,0.4444444444444444,1
tdc_hia_hou,classification,113,2,16,0.02,retrospective working threshold with sensitivity grid,0.0,1,1,8,11,5,0.46153846153846156,1
tdc_hia_hou,classification,113,2,32,0.005,retrospective working threshold with sensitivity grid,0.0,1,1,3,3,2,0.0,0
tdc_hia_hou,classification,113,2,32,0.01,retrospective working threshold with sensitivity grid,0.0,1,1,7,6,3,0.4444444444444444,1
tdc_hia_hou,classification,113,2,32,0.02,retrospective working threshold with sensitivity grid,0.0,1,1,8,18,5,0.3,1
tdc_hia_hou,classification,113,3,4,0.005,retrospective working threshold with sensitivity grid,0.029304511278195448,0,0,1,3,2,0.3333333333333333,1
tdc_hia_hou,classification,113,3,4,0.01,retrospective working threshold with sensitivity grid,0.024304511278195447,0,1,1,3,3,0.3333333333333333,1
tdc_hia_hou,classification,113,3,4,0.02,retrospective working threshold with sensitivity grid,0.014304511278195448,0,1,2,3,3,0.6666666666666666,1
tdc_hia_hou,classification,113,3,8,0.005,retrospective working threshold with sensitivity grid,0.029304511278195448,0,0,1,3,3,0.3333333333333333,1
tdc_hia_hou,classification,113,3,8,0.01,retrospective working threshold with sensitivity grid,0.024304511278195447,0,0,1,5,3,0.2,1
tdc_hia_hou,classification,113,3,8,0.02,retrospective working threshold with sensitivity grid,0.014304511278195448,0,0,2,7,3,0.2857142857142857,1
tdc_hia_hou,classification,113,3,16,0.005,retrospective working threshold with sensitivity grid,0.01802631578947367,0,0,1,3,2,0.0,0
tdc_hia_hou,classification,113,3,16,0.01,retrospective working threshold with sensitivity grid,0.013026315789473672,0,0,2,6,2,0.3333333333333333,1
tdc_hia_hou,classification,113,3,16,0.02,retrospective working threshold with sensitivity grid,0.003026315789473672,0,0,3,11,7,0.2727272727272727,1
tdc_hia_hou,classification,113,3,32,0.005,retrospective working threshold with sensitivity grid,0.01802631578947367,0,0,1,3,2,0.0,0
tdc_hia_hou,classification,113,3,32,0.01,retrospective working threshold with sensitivity grid,0.013026315789473672,0,0,3,6,2,0.2857142857142857,1
tdc_hia_hou,classification,113,3,32,0.02,retrospective working threshold with sensitivity grid,0.003026315789473672,0,0,6,18,8,0.2631578947368421,1
tdc_hia_hou,classification,127,1,4,0.005,retrospective working threshold with sensitivity grid,0.005638297872340385,0,1,2,2,2,1.0,1
tdc_hia_hou,classification,127,1,4,0.01,retrospective working threshold with sensitivity grid,0.0006382978723403852,0,1,2,3,3,0.6666666666666666,1
tdc_hia_hou,classification,127,1,4,0.02,retrospective working threshold with sensitivity grid,0.0,1,1,3,3,3,1.0,1
tdc_hia_hou,classification,127,1,8,0.005,retrospective working threshold with sensitivity grid,0.0006146572104019964,0,1,1,3,1,0.3333333333333333,1
tdc_hia_hou,classification,127,1,8,0.01,retrospective working threshold with sensitivity grid,0.0,1,1,4,5,3,0.2857142857142857,1
tdc_hia_hou,classification,127,1,8,0.02,retrospective working threshold with sensitivity grid,0.0,1,1,6,7,6,0.8571428571428571,1
tdc_hia_hou,classification,127,1,16,0.005,retrospective working threshold with sensitivity grid,0.0006146572104019964,0,0,1,3,1,0.0,0
tdc_hia_hou,classification,127,1,16,0.01,retrospective working threshold with sensitivity grid,0.0,1,0,4,6,1,0.1111111111111111,1
tdc_hia_hou,classification,127,1,16,0.02,retrospective working threshold with sensitivity grid,0.0,1,1,7,12,5,0.46153846153846156,1
tdc_hia_hou,classification,127,1,32,0.005,retrospective working threshold with sensitivity grid,0.0006146572104019964,0,0,1,3,1,0.0,0
tdc_hia_hou,classification,127,1,32,0.01,retrospective working threshold with sensitivity grid,0.0,1,0,4,6,3,0.1111111111111111,1
tdc_hia_hou,classification,127,1,32,0.02,retrospective working threshold with sensitivity grid,0.0,1,1,7,16,11,0.35294117647058826,1
tdc_hia_hou,classification,127,2,4,0.005,retrospective working threshold with sensitivity grid,0.00343537414965978,0,0,2,2,1,1.0,1
tdc_hia_hou,classification,127,2,4,0.01,retrospective working threshold with sensitivity grid,0.0,1,1,3,3,2,1.0,1
tdc_hia_hou,classification,127,2,4,0.02,retrospective working threshold with sensitivity grid,0.0,1,1,3,3,3,1.0,1
tdc_hia_hou,classification,127,2,8,0.005,retrospective working threshold with sensitivity grid,0.0,1,1,4,3,2,0.4,0
tdc_hia_hou,classification,127,2,8,0.01,retrospective working threshold with sensitivity grid,0.0,1,1,5,5,3,0.6666666666666666,1
tdc_hia_hou,classification,127,2,8,0.02,retrospective working threshold with sensitivity grid,0.0,1,1,5,7,6,0.7142857142857143,1
tdc_hia_hou,classification,127,2,16,0.005,retrospective working threshold with sensitivity grid,0.0,1,0,4,3,2,0.0,0
tdc_hia_hou,classification,127,2,16,0.01,retrospective working threshold with sensitivity grid,0.0,1,1,5,6,4,0.2222222222222222,0
tdc_hia_hou,classification,127,2,16,0.02,retrospective working threshold with sensitivity grid,0.0,1,1,7,12,10,0.5833333333333334,1
tdc_hia_hou,classification,127,2,32,0.005,retrospective working threshold with sensitivity grid,0.0,1,0,4,3,2,0.0,0
tdc_hia_hou,classification,127,2,32,0.01,retrospective working threshold with sensitivity grid,0.0,1,1,6,6,5,0.2,0
tdc_hia_hou,classification,127,2,32,0.02,retrospective working threshold with sensitivity grid,0.0,1,1,13,16,12,0.45,1
tdc_hia_hou,classification,127,3,4,0.005,retrospective working threshold with sensitivity grid,0.017446324007807438,0,0,1,2,2,0.5,1
tdc_hia_hou,classification,127,3,4,0.01,retrospective working threshold with sensitivity grid,0.012446324007807439,0,0,2,3,2,0.6666666666666666,1
tdc_hia_hou,classification,127,3,4,0.02,retrospective working threshold with sensitivity grid,0.0024463240078074384,0,0,3,3,2,1.0,1
tdc_hia_hou,classification,127,3,8,0.005,retrospective working threshold with sensitivity grid,0.017446324007807438,0,0,1,3,1,0.3333333333333333,1
tdc_hia_hou,classification,127,3,8,0.01,retrospective working threshold with sensitivity grid,0.012446324007807439,0,0,2,5,1,0.4,1
tdc_hia_hou,classification,127,3,8,0.02,retrospective working threshold with sensitivity grid,0.0024463240078074384,0,0,3,7,3,0.42857142857142855,1
tdc_hia_hou,classification,127,3,16,0.005,retrospective working threshold with sensitivity grid,0.0,1,0,3,3,1,0.5,1
tdc_hia_hou,classification,127,3,16,0.01,retrospective working threshold with sensitivity grid,0.0,1,1,3,6,2,0.5,1
tdc_hia_hou,classification,127,3,16,0.02,retrospective working threshold with sensitivity grid,0.0,1,1,5,12,5,0.4166666666666667,1
tdc_hia_hou,classification,127,3,32,0.005,retrospective working threshold with sensitivity grid,0.0,1,0,3,3,1,0.5,1
tdc_hia_hou,classification,127,3,32,0.01,retrospective working threshold with sensitivity grid,0.0,1,1,3,6,5,0.5,1
tdc_hia_hou,classification,127,3,32,0.02,retrospective working threshold with sensitivity grid,0.0,1,1,7,16,14,0.2777777777777778,1
tdc_hia_hou,classification,149,1,4,0.005,retrospective working threshold with sensitivity grid,0.018919753086419803,0,0,2,3,1,0.6666666666666666,1
tdc_hia_hou,classification,149,1,4,0.01,retrospective working threshold with sensitivity grid,0.013919753086419804,0,0,3,3,1,1.0,1
tdc_hia_hou,classification,149,1,4,0.02,retrospective working threshold with sensitivity grid,0.003919753086419803,0,1,3,3,3,1.0,1
tdc_hia_hou,classification,149,1,8,0.005,retrospective working threshold with sensitivity grid,0.018919753086419803,0,0,2,5,3,0.4,1
tdc_hia_hou,classification,149,1,8,0.01,retrospective working threshold with sensitivity grid,0.013919753086419804,0,0,4,6,4,0.6666666666666666,1
tdc_hia_hou,classification,149,1,8,0.02,retrospective working threshold with sensitivity grid,0.003919753086419803,0,1,7,7,6,1.0,1
tdc_hia_hou,classification,149,1,16,0.005,retrospective working threshold with sensitivity grid,0.018919753086419803,0,0,3,3,1,0.2,0
tdc_hia_hou,classification,149,1,16,0.01,retrospective working threshold with sensitivity grid,0.013919753086419804,0,0,6,4,3,0.42857142857142855,0
tdc_hia_hou,classification,149,1,16,0.02,retrospective working threshold with sensitivity grid,0.003919753086419803,0,0,9,12,10,0.6153846153846154,1
tdc_hia_hou,classification,149,1,32,0.005,retrospective working threshold with sensitivity grid,0.018919753086419803,0,0,3,3,1,0.2,0
tdc_hia_hou,classification,149,1,32,0.01,retrospective working threshold with sensitivity grid,0.013919753086419804,0,0,6,4,3,0.42857142857142855,0
tdc_hia_hou,classification,149,1,32,0.02,retrospective working threshold with sensitivity grid,0.003919753086419803,0,0,11,17,12,0.4,1
tdc_hia_hou,classification,149,2,4,0.005,retrospective working threshold with sensitivity grid,0.0,1,0,1,3,2,0.3333333333333333,1
tdc_hia_hou,classification,149,2,4,0.01,retrospective working threshold with sensitivity grid,0.0,1,1,2,3,4,0.6666666666666666,1
tdc_hia_hou,classification,149,2,4,0.02,retrospective working threshold with sensitivity grid,0.0,1,1,2,3,4,0.6666666666666666,1
tdc_hia_hou,classification,149,2,8,0.005,retrospective working threshold with sensitivity grid,0.0,1,0,1,5,2,0.2,1
tdc_hia_hou,classification,149,2,8,0.01,retrospective working threshold with sensitivity grid,0.0,1,1,2,6,5,0.3333333333333333,1
tdc_hia_hou,classification,149,2,8,0.02,retrospective working threshold with sensitivity grid,0.0,1,1,3,7,6,0.42857142857142855,1
tdc_hia_hou,classification,149,2,16,0.005,retrospective working threshold with sensitivity grid,0.0,1,0,2,3,2,0.25,0
tdc_hia_hou,classification,149,2,16,0.01,retrospective working threshold with sensitivity grid,0.0,1,0,4,4,6,0.6,1
tdc_hia_hou,classification,149,2,16,0.02,retrospective working threshold with sensitivity grid,0.0,1,1,6,12,10,0.5,1
tdc_hia_hou,classification,149,2,32,0.005,retrospective working threshold with sensitivity grid,0.0,1,0,2,3,4,0.25,0
tdc_hia_hou,classification,149,2,32,0.01,retrospective working threshold with sensitivity grid,0.0,1,0,4,4,11,0.6,1
tdc_hia_hou,classification,149,2,32,0.02,retrospective working threshold with sensitivity grid,0.0,1,1,6,17,21,0.35294117647058826,1
tdc_hia_hou,classification,149,3,4,0.005,retrospective working threshold with sensitivity grid,0.004197751660705244,0,0,1,3,1,0.3333333333333333,1
tdc_hia_hou,classification,149,3,4,0.01,retrospective working threshold with sensitivity grid,0.0,1,1,3,3,3,1.0,1
tdc_hia_hou,classification,149,3,4,0.02,retrospective working threshold with sensitivity grid,0.0,1,1,3,3,3,1.0,1
tdc_hia_hou,classification,149,3,8,0.005,retrospective working threshold with sensitivity grid,0.004197751660705244,0,0,2,5,1,0.4,1
tdc_hia_hou,classification,149,3,8,0.01,retrospective working threshold with sensitivity grid,0.0,1,0,5,6,1,0.8333333333333334,1
tdc_hia_hou,classification,149,3,8,0.02,retrospective working threshold with sensitivity grid,0.0,1,0,7,7,2,1.0,1
tdc_hia_hou,classification,149,3,16,0.005,retrospective working threshold with sensitivity grid,0.0,1,0,2,3,1,0.6666666666666666,1
tdc_hia_hou,classification,149,3,16,0.01,retrospective working threshold with sensitivity grid,0.0,1,0,5,4,3,0.8,1
tdc_hia_hou,classification,149,3,16,0.02,retrospective working threshold with sensitivity grid,0.0,1,0,9,12,5,0.75,1
tdc_hia_hou,classification,149,3,32,0.005,retrospective working threshold with sensitivity grid,0.0087966274910577,0,0,1,3,1,0.0,0
tdc_hia_hou,classification,149,3,32,0.01,retrospective working threshold with sensitivity grid,0.0037966274910577,0,0,2,4,4,0.2,0
tdc_hia_hou,classification,149,3,32,0.02,retrospective working threshold with sensitivity grid,0.0,1,0,9,17,9,0.3684210526315789,0
tdc_pgp_broccatelli,classification,11,1,4,0.005,retrospective working threshold with sensitivity grid,0.052861164704492654,0,0,2,2,1,1.0,1
tdc_pgp_broccatelli,classification,11,1,4,0.01,retrospective working threshold with sensitivity grid,0.04786116470449265,0,1,2,2,3,1.0,1
tdc_pgp_broccatelli,classification,11,1,4,0.02,retrospective working threshold with sensitivity grid,0.03786116470449265,0,1,4,4,4,1.0,1
tdc_pgp_broccatelli,classification,11,1,8,0.005,retrospective working threshold with sensitivity grid,0.0,1,1,4,3,2,0.75,1
tdc_pgp_broccatelli,classification,11,1,8,0.01,retrospective working threshold with sensitivity grid,0.0,1,1,4,4,3,1.0,1
tdc_pgp_broccatelli,classification,11,1,8,0.02,retrospective working threshold with sensitivity grid,0.0,1,1,6,5,4,0.8333333333333334,1
tdc_pgp_broccatelli,classification,11,1,16,0.005,retrospective working threshold with sensitivity grid,0.0,1,0,2,6,2,0.3333333333333333,1
tdc_pgp_broccatelli,classification,11,1,16,0.01,retrospective working threshold with sensitivity grid,0.0,1,1,6,8,6,0.75,1
tdc_pgp_broccatelli,classification,11,1,16,0.02,retrospective working threshold with sensitivity grid,0.0,1,1,10,10,8,0.8181818181818182,1
tdc_pgp_broccatelli,classification,11,1,32,0.005,retrospective working threshold with sensitivity grid,0.0,1,0,2,6,2,0.3333333333333333,1
tdc_pgp_broccatelli,classification,11,1,32,0.01,retrospective working threshold with sensitivity grid,0.0,1,1,6,9,6,0.6666666666666666,1
tdc_pgp_broccatelli,classification,11,1,32,0.02,retrospective working threshold with sensitivity grid,0.0,1,1,16,20,11,0.7142857142857143,1
tdc_pgp_broccatelli,classification,11,2,4,0.005,retrospective working threshold with sensitivity grid,0.031461542583116626,0,0,2,2,1,0.3333333333333333,1
tdc_pgp_broccatelli,classification,11,2,4,0.01,retrospective working threshold with sensitivity grid,0.026461542583116622,0,0,4,2,1,0.5,1
tdc_pgp_broccatelli,classification,11,2,4,0.02,retrospective working threshold with sensitivity grid,0.016461542583116624,0,0,4,4,1,1.0,1
tdc_pgp_broccatelli,classification,11,2,8,0.005,retrospective working threshold with sensitivity grid,0.003559487770246621,0,0,1,3,2,0.3333333333333333,1
tdc_pgp_broccatelli,classification,11,2,8,0.01,retrospective working threshold with sensitivity grid,0.0,1,1,2,4,4,0.5,1
tdc_pgp_broccatelli,classification,11,2,8,0.02,retrospective working threshold with sensitivity grid,0.0,1,1,4,5,5,0.8,1
tdc_pgp_broccatelli,classification,11,2,16,0.005,retrospective working threshold with sensitivity grid,0.003559487770246621,0,0,5,6,4,0.5714285714285714,1
tdc_pgp_broccatelli,classification,11,2,16,0.01,retrospective working threshold with sensitivity grid,0.0,1,1,6,8,8,0.75,1
tdc_pgp_broccatelli,classification,11,2,16,0.02,retrospective working threshold with sensitivity grid,0.0,1,1,10,10,12,1.0,1
tdc_pgp_broccatelli,classification,11,2,32,0.005,retrospective working threshold with sensitivity grid,0.003559487770246621,0,0,5,6,4,0.5714285714285714,1
tdc_pgp_broccatelli,classification,11,2,32,0.01,retrospective working threshold with sensitivity grid,0.0,1,1,6,9,10,0.6666666666666666,1
tdc_pgp_broccatelli,classification,11,2,32,0.02,retrospective working threshold with sensitivity grid,0.0,1,1,15,20,20,0.75,1
tdc_pgp_broccatelli,classification,11,3,4,0.005,retrospective working threshold with sensitivity grid,0.025207100591716162,0,0,2,2,1,0.3333333333333333,1
tdc_pgp_broccatelli,classification,11,3,4,0.01,retrospective working threshold with sensitivity grid,0.02020710059171616,0,0,3,2,1,0.25,1
tdc_pgp_broccatelli,classification,11,3,4,0.02,retrospective working threshold with sensitivity grid,0.010207100591716162,0,1,4,4,2,1.0,1
tdc_pgp_broccatelli,classification,11,3,8,0.005,retrospective working threshold with sensitivity grid,0.006213017751479426,0,1,3,3,3,0.5,1
tdc_pgp_broccatelli,classification,11,3,8,0.01,retrospective working threshold with sensitivity grid,0.0012130177514794258,0,1,4,4,4,1.0,1
tdc_pgp_broccatelli,classification,11,3,8,0.02,retrospective working threshold with sensitivity grid,0.0,1,1,4,5,5,0.8,1
tdc_pgp_broccatelli,classification,11,3,16,0.005,retrospective working threshold with sensitivity grid,0.0,1,1,2,6,2,0.3333333333333333,1
tdc_pgp_broccatelli,classification,11,3,16,0.01,retrospective working threshold with sensitivity grid,0.0,1,1,7,8,5,0.875,1
tdc_pgp_broccatelli,classification,11,3,16,0.02,retrospective working threshold with sensitivity grid,0.0,1,1,8,10,9,0.8,1
tdc_pgp_broccatelli,classification,11,3,32,0.005,retrospective working threshold with sensitivity grid,0.0,1,1,2,6,2,0.3333333333333333,1
tdc_pgp_broccatelli,classification,11,3,32,0.01,retrospective working threshold with sensitivity grid,0.0,1,1,7,9,8,0.7777777777777778,1
tdc_pgp_broccatelli,classification,11,3,32,0.02,retrospective working threshold with sensitivity grid,0.0,1,1,10,20,19,0.5,1
tdc_pgp_broccatelli,classification,23,1,4,0.005,retrospective working threshold with sensitivity grid,0.025952380952380952,0,0,1,2,1,0.5,1
tdc_pgp_broccatelli,classification,23,1,4,0.01,retrospective working threshold with sensitivity grid,0.02095238095238095,0,1,3,2,3,0.6666666666666666,1
tdc_pgp_broccatelli,classification,23,1,4,0.02,retrospective working threshold with sensitivity grid,0.010952380952380953,0,1,4,4,4,1.0,1
tdc_pgp_broccatelli,classification,23,1,8,0.005,retrospective working threshold with sensitivity grid,0.005132275132275215,0,0,3,3,2,0.5,0
tdc_pgp_broccatelli,classification,23,1,8,0.01,retrospective working threshold with sensitivity grid,0.0001322751322752145,0,0,4,4,2,1.0,1
tdc_pgp_broccatelli,classification,23,1,8,0.02,retrospective working threshold with sensitivity grid,0.0,1,1,6,5,4,0.8333333333333334,1
tdc_pgp_broccatelli,classification,23,1,16,0.005,retrospective working threshold with sensitivity grid,0.0012962962962962442,0,0,6,6,4,0.7142857142857143,1
tdc_pgp_broccatelli,classification,23,1,16,0.01,retrospective working threshold with sensitivity grid,0.0,1,1,8,8,6,1.0,1
tdc_pgp_broccatelli,classification,23,1,16,0.02,retrospective working threshold with sensitivity grid,0.0,1,1,10,10,9,0.8181818181818182,1
tdc_pgp_broccatelli,classification,23,1,32,0.005,retrospective working threshold with sensitivity grid,0.0012962962962962442,0,0,7,6,4,0.625,1
tdc_pgp_broccatelli,classification,23,1,32,0.01,retrospective working threshold with sensitivity grid,0.0,1,1,9,9,8,0.8,1
tdc_pgp_broccatelli,classification,23,1,32,0.02,retrospective working threshold with sensitivity grid,0.0,1,1,15,20,15,0.6666666666666666,1
tdc_pgp_broccatelli,classification,23,2,4,0.005,retrospective working threshold with sensitivity grid,0.016503646503646555,0,1,2,2,2,0.3333333333333333,1
tdc_pgp_broccatelli,classification,23,2,4,0.01,retrospective working threshold with sensitivity grid,0.011503646503646556,0,1,2,2,4,0.3333333333333333,1
tdc_pgp_broccatelli,classification,23,2,4,0.02,retrospective working threshold with sensitivity grid,0.0015036465036465559,0,1,4,4,4,1.0,1
tdc_pgp_broccatelli,classification,23,2,8,0.005,retrospective working threshold with sensitivity grid,0.004366509366509623,0,0,2,3,3,0.6666666666666666,1
tdc_pgp_broccatelli,classification,23,2,8,0.01,retrospective working threshold with sensitivity grid,0.0,1,1,3,4,4,0.75,1
tdc_pgp_broccatelli,classification,23,2,8,0.02,retrospective working threshold with sensitivity grid,0.0,1,1,4,5,6,0.8,1
tdc_pgp_broccatelli,classification,23,2,16,0.005,retrospective working threshold with sensitivity grid,0.004366509366509623,0,0,2,6,6,0.3333333333333333,1
tdc_pgp_broccatelli,classification,23,2,16,0.01,retrospective working threshold with sensitivity grid,0.0,1,1,7,8,9,0.6666666666666666,1
tdc_pgp_broccatelli,classification,23,2,16,0.02,retrospective working threshold with sensitivity grid,0.0,1,1,10,10,11,1.0,1
tdc_pgp_broccatelli,classification,23,2,32,0.005,retrospective working threshold with sensitivity grid,0.004366509366509623,0,0,3,6,7,0.2857142857142857,1
tdc_pgp_broccatelli,classification,23,2,32,0.01,retrospective working threshold with sensitivity grid,0.0,1,1,10,9,17,0.5833333333333334,1
tdc_pgp_broccatelli,classification,23,2,32,0.02,retrospective working threshold with sensitivity grid,0.0,1,1,19,20,22,0.8571428571428571,1
tdc_pgp_broccatelli,classification,23,3,4,0.005,retrospective working threshold with sensitivity grid,0.0329577653033949,0,0,3,2,1,0.6666666666666666,0
tdc_pgp_broccatelli,classification,23,3,4,0.01,retrospective working threshold with sensitivity grid,0.027957765303394895,0,0,3,2,1,0.6666666666666666,0
tdc_pgp_broccatelli,classification,23,3,4,0.02,retrospective working threshold with sensitivity grid,0.017957765303394897,0,0,4,4,2,1.0,1
tdc_pgp_broccatelli,classification,23,3,8,0.005,retrospective working threshold with sensitivity grid,0.0,1,1,4,3,2,0.75,1
tdc_pgp_broccatelli,classification,23,3,8,0.01,retrospective working threshold with sensitivity grid,0.0,1,1,4,4,3,1.0,1
tdc_pgp_broccatelli,classification,23,3,8,0.02,retrospective working threshold with sensitivity grid,0.0,1,1,4,5,5,0.8,1
tdc_pgp_broccatelli,classification,23,3,16,0.005,retrospective working threshold with sensitivity grid,0.005892809409248971,0,0,7,6,4,0.8571428571428571,0
tdc_pgp_broccatelli,classification,23,3,16,0.01,retrospective working threshold with sensitivity grid,0.0008928094092489711,0,0,8,8,6,1.0,1
tdc_pgp_broccatelli,classification,23,3,16,0.02,retrospective working threshold with sensitivity grid,0.0,1,1,10,10,11,1.0,1
tdc_pgp_broccatelli,classification,23,3,32,0.005,retrospective working threshold with sensitivity grid,0.005892809409248971,0,0,7,6,4,0.8571428571428571,0
tdc_pgp_broccatelli,classification,23,3,32,0.01,retrospective working threshold with sensitivity grid,0.0008928094092489711,0,0,12,9,7,0.75,1
tdc_pgp_broccatelli,classification,23,3,32,0.02,retrospective working threshold with sensitivity grid,0.0,1,1,25,20,24,0.8,1
tdc_pgp_broccatelli,classification,37,1,4,0.005,retrospective working threshold with sensitivity grid,0.034437856829161013,0,0,2,2,1,1.0,1
tdc_pgp_broccatelli,classification,37,1,4,0.01,retrospective working threshold with sensitivity grid,0.02943785682916101,0,1,3,2,2,0.6666666666666666,1
tdc_pgp_broccatelli,classification,37,1,4,0.02,retrospective working threshold with sensitivity grid,0.01943785682916101,0,1,4,4,2,1.0,1
tdc_pgp_broccatelli,classification,37,1,8,0.005,retrospective working threshold with sensitivity grid,0.020413555848338375,0,0,5,3,3,0.6,1
tdc_pgp_broccatelli,classification,37,1,8,0.01,retrospective working threshold with sensitivity grid,0.015413555848338376,0,1,6,4,4,0.6666666666666666,1
tdc_pgp_broccatelli,classification,37,1,8,0.02,retrospective working threshold with sensitivity grid,0.005413555848338376,0,1,8,4,5,0.5,1
tdc_pgp_broccatelli,classification,37,1,16,0.005,retrospective working threshold with sensitivity grid,0.0,1,1,7,6,2,0.625,1
tdc_pgp_broccatelli,classification,37,1,16,0.01,retrospective working threshold with sensitivity grid,0.0,1,1,12,8,3,0.6666666666666666,1
tdc_pgp_broccatelli,classification,37,1,16,0.02,retrospective working threshold with sensitivity grid,0.0,1,1,14,10,5,0.7142857142857143,1
tdc_pgp_broccatelli,classification,37,1,32,0.005,retrospective working threshold with sensitivity grid,0.0,1,1,9,6,2,0.5,1
tdc_pgp_broccatelli,classification,37,1,32,0.01,retrospective working threshold with sensitivity grid,0.0,1,1,19,10,3,0.5263157894736842,1
tdc_pgp_broccatelli,classification,37,1,32,0.02,retrospective working threshold with sensitivity grid,0.0,1,1,28,21,5,0.75,1
tdc_pgp_broccatelli,classification,37,2,4,0.005,retrospective working threshold with sensitivity grid,0.02551264524948738,0,0,1,2,1,0.5,1
tdc_pgp_broccatelli,classification,37,2,4,0.01,retrospective working threshold with sensitivity grid,0.020512645249487378,0,0,2,2,1,1.0,1
tdc_pgp_broccatelli,classification,37,2,4,0.02,retrospective working threshold with sensitivity grid,0.01051264524948738,0,1,4,4,3,1.0,1
tdc_pgp_broccatelli,classification,37,2,8,0.005,retrospective working threshold with sensitivity grid,0.0065926179084073765,0,0,2,3,2,0.25,0
tdc_pgp_broccatelli,classification,37,2,8,0.01,retrospective working threshold with sensitivity grid,0.0015926179084073764,0,1,4,4,4,1.0,1
tdc_pgp_broccatelli,classification,37,2,8,0.02,retrospective working threshold with sensitivity grid,0.0,1,1,4,4,5,1.0,1
tdc_pgp_broccatelli,classification,37,2,16,0.005,retrospective working threshold with sensitivity grid,0.0029289131920711186,0,0,2,6,2,0.14285714285714285,0
tdc_pgp_broccatelli,classification,37,2,16,0.01,retrospective working threshold with sensitivity grid,0.0,1,0,4,8,4,0.5,1
tdc_pgp_broccatelli,classification,37,2,16,0.02,retrospective working threshold with sensitivity grid,0.0,1,1,7,10,10,0.7,1
tdc_pgp_broccatelli,classification,37,2,32,0.005,retrospective working threshold with sensitivity grid,0.0029289131920711186,0,0,2,6,2,0.14285714285714285,0
tdc_pgp_broccatelli,classification,37,2,32,0.01,retrospective working threshold with sensitivity grid,0.0,1,0,4,10,5,0.4,1
tdc_pgp_broccatelli,classification,37,2,32,0.02,retrospective working threshold with sensitivity grid,0.0,1,1,7,21,15,0.3333333333333333,1
tdc_pgp_broccatelli,classification,37,3,4,0.005,retrospective working threshold with sensitivity grid,0.00015632515632513656,0,1,2,2,2,1.0,1
tdc_pgp_broccatelli,classification,37,3,4,0.01,retrospective working threshold with sensitivity grid,0.0,1,1,3,2,2,0.6666666666666666,1
tdc_pgp_broccatelli,classification,37,3,4,0.02,retrospective working threshold with sensitivity grid,0.0,1,1,4,4,4,1.0,1
tdc_pgp_broccatelli,classification,37,3,8,0.005,retrospective working threshold with sensitivity grid,0.0,1,1,1,3,1,0.3333333333333333,1
tdc_pgp_broccatelli,classification,37,3,8,0.01,retrospective working threshold with sensitivity grid,0.0,1,1,4,4,3,1.0,1
tdc_pgp_broccatelli,classification,37,3,8,0.02,retrospective working threshold with sensitivity grid,0.0,1,1,5,4,6,0.8,1
tdc_pgp_broccatelli,classification,37,3,16,0.005,retrospective working threshold with sensitivity grid,0.0,1,1,4,6,2,0.6666666666666666,1
tdc_pgp_broccatelli,classification,37,3,16,0.01,retrospective working threshold with sensitivity grid,0.0,1,1,8,8,7,1.0,1
tdc_pgp_broccatelli,classification,37,3,16,0.02,retrospective working threshold with sensitivity grid,0.0,1,1,11,10,10,0.9090909090909091,1
tdc_pgp_broccatelli,classification,37,3,32,0.005,retrospective working threshold with sensitivity grid,0.0,1,1,4,6,2,0.6666666666666666,1
tdc_pgp_broccatelli,classification,37,3,32,0.01,retrospective working threshold with sensitivity grid,0.0,1,1,8,10,7,0.8,1
tdc_pgp_broccatelli,classification,37,3,32,0.02,retrospective working threshold with sensitivity grid,0.0,1,1,21,21,11,0.9090909090909091,1
tdc_pgp_broccatelli,classification,53,1,4,0.005,retrospective working threshold with sensitivity grid,0.012651098901098948,0,1,2,2,1,0.3333333333333333,1
tdc_pgp_broccatelli,classification,53,1,4,0.01,retrospective working threshold with sensitivity grid,0.007651098901098949,0,1,3,2,1,0.6666666666666666,1
tdc_pgp_broccatelli,classification,53,1,4,0.02,retrospective working threshold with sensitivity grid,0.0,1,1,4,4,2,1.0,1
tdc_pgp_broccatelli,classification,53,1,8,0.005,retrospective working threshold with sensitivity grid,0.0,1,1,2,3,2,0.6666666666666666,1
tdc_pgp_broccatelli,classification,53,1,8,0.01,retrospective working threshold with sensitivity grid,0.0,1,1,3,4,3,0.75,1
tdc_pgp_broccatelli,classification,53,1,8,0.02,retrospective working threshold with sensitivity grid,0.0,1,1,6,5,4,0.8333333333333334,1
tdc_pgp_broccatelli,classification,53,1,16,0.005,retrospective working threshold with sensitivity grid,0.0,1,1,3,6,4,0.5,1
tdc_pgp_broccatelli,classification,53,1,16,0.01,retrospective working threshold with sensitivity grid,0.0,1,1,8,8,6,0.7777777777777778,1
tdc_pgp_broccatelli,classification,53,1,16,0.02,retrospective working threshold with sensitivity grid,0.0,1,1,12,10,12,0.8333333333333334,1
tdc_pgp_broccatelli,classification,53,1,32,0.005,retrospective working threshold with sensitivity grid,0.0,1,1,3,6,4,0.5,1
tdc_pgp_broccatelli,classification,53,1,32,0.01,retrospective working threshold with sensitivity grid,0.0,1,1,9,9,7,0.6363636363636364,1
tdc_pgp_broccatelli,classification,53,1,32,0.02,retrospective working threshold with sensitivity grid,0.0,1,1,20,20,25,0.8181818181818182,1
tdc_pgp_broccatelli,classification,53,2,4,0.005,retrospective working threshold with sensitivity grid,0.012213114754098257,0,1,2,2,2,1.0,1
tdc_pgp_broccatelli,classification,53,2,4,0.01,retrospective working threshold with sensitivity grid,0.007213114754098257,0,1,3,2,3,0.6666666666666666,1
tdc_pgp_broccatelli,classification,53,2,4,0.02,retrospective working threshold with sensitivity grid,0.0,1,1,4,4,3,1.0,1
tdc_pgp_broccatelli,classification,53,2,8,0.005,retrospective working threshold with sensitivity grid,0.0,1,1,3,3,4,0.5,1
tdc_pgp_broccatelli,classification,53,2,8,0.01,retrospective working threshold with sensitivity grid,0.0,1,1,4,4,4,1.0,1
tdc_pgp_broccatelli,classification,53,2,8,0.02,retrospective working threshold with sensitivity grid,0.0,1,1,4,5,6,0.8,1
tdc_pgp_broccatelli,classification,53,2,16,0.005,retrospective working threshold with sensitivity grid,0.0,1,0,4,6,4,0.42857142857142855,1
tdc_pgp_broccatelli,classification,53,2,16,0.01,retrospective working threshold with sensitivity grid,0.0,1,1,7,8,11,0.875,1
tdc_pgp_broccatelli,classification,53,2,16,0.02,retrospective working threshold with sensitivity grid,0.0,1,1,8,10,11,0.8,1
tdc_pgp_broccatelli,classification,53,2,32,0.005,retrospective working threshold with sensitivity grid,0.0,1,0,4,6,5,0.42857142857142855,1
tdc_pgp_broccatelli,classification,53,2,32,0.01,retrospective working threshold with sensitivity grid,0.0,1,1,7,9,17,0.7777777777777778,1
tdc_pgp_broccatelli,classification,53,2,32,0.02,retrospective working threshold with sensitivity grid,0.0,1,1,8,20,26,0.4,1
tdc_pgp_broccatelli,classification,53,3,4,0.005,retrospective working threshold with sensitivity grid,0.042099044746103605,0,1,3,2,2,0.6666666666666666,1
tdc_pgp_broccatelli,classification,53,3,4,0.01,retrospective working threshold with sensitivity grid,0.0370990447461036,0,1,3,2,3,0.6666666666666666,1
tdc_pgp_broccatelli,classification,53,3,4,0.02,retrospective working threshold with sensitivity grid,0.0270990447461036,0,1,4,4,4,1.0,1
tdc_pgp_broccatelli,classification,53,3,8,0.005,retrospective working threshold with sensitivity grid,0.004914529914530012,0,1,2,3,2,0.6666666666666666,1
tdc_pgp_broccatelli,classification,53,3,8,0.01,retrospective working threshold with sensitivity grid,0.0,1,1,3,4,2,0.75,1
tdc_pgp_broccatelli,classification,53,3,8,0.02,retrospective working threshold with sensitivity grid,0.0,1,1,4,5,4,0.8,1
tdc_pgp_broccatelli,classification,53,3,16,0.005,retrospective working threshold with sensitivity grid,0.004914529914530012,0,0,4,6,2,0.6666666666666666,1
tdc_pgp_broccatelli,classification,53,3,16,0.01,retrospective working threshold with sensitivity grid,0.0,1,1,6,8,4,0.75,1
tdc_pgp_broccatelli,classification,53,3,16,0.02,retrospective working threshold with sensitivity grid,0.0,1,1,9,10,6,0.7272727272727273,1
tdc_pgp_broccatelli,classification,53,3,32,0.005,retrospective working threshold with sensitivity grid,0.004914529914530012,0,0,4,6,2,0.6666666666666666,1
tdc_pgp_broccatelli,classification,53,3,32,0.01,retrospective working threshold with sensitivity grid,0.0,1,1,6,9,4,0.6666666666666666,1
tdc_pgp_broccatelli,classification,53,3,32,0.02,retrospective working threshold with sensitivity grid,0.0,1,1,14,20,8,0.4166666666666667,1
tdc_pgp_broccatelli,classification,71,1,4,0.005,retrospective working threshold with sensitivity grid,0.0009454611884278695,0,0,1,2,1,0.5,1
tdc_pgp_broccatelli,classification,71,1,4,0.01,retrospective working threshold with sensitivity grid,0.0,1,1,1,2,2,0.5,1
tdc_pgp_broccatelli,classification,71,1,4,0.02,retrospective working threshold with sensitivity grid,0.0,1,1,3,4,4,0.75,1
tdc_pgp_broccatelli,classification,71,1,8,0.005,retrospective working threshold with sensitivity grid,0.0008126017205298862,0,0,4,3,2,0.75,1
tdc_pgp_broccatelli,classification,71,1,8,0.01,retrospective working threshold with sensitivity grid,0.0,1,0,4,4,4,1.0,1
tdc_pgp_broccatelli,classification,71,1,8,0.02,retrospective working threshold with sensitivity grid,0.0,1,1,4,4,6,1.0,1
tdc_pgp_broccatelli,classification,71,1,16,0.005,retrospective working threshold with sensitivity grid,0.0,1,0,3,6,2,0.2857142857142857,1
tdc_pgp_broccatelli,classification,71,1,16,0.01,retrospective working threshold with sensitivity grid,0.0,1,1,8,8,6,1.0,1
tdc_pgp_broccatelli,classification,71,1,16,0.02,retrospective working threshold with sensitivity grid,0.0,1,1,8,10,11,0.8,1
tdc_pgp_broccatelli,classification,71,1,32,0.005,retrospective working threshold with sensitivity grid,0.0,1,0,3,6,2,0.2857142857142857,1
tdc_pgp_broccatelli,classification,71,1,32,0.01,retrospective working threshold with sensitivity grid,0.0,1,1,8,9,6,0.8888888888888888,1
tdc_pgp_broccatelli,classification,71,1,32,0.02,retrospective working threshold with sensitivity grid,0.0,1,1,12,20,13,0.5238095238095238,1
tdc_pgp_broccatelli,classification,71,2,4,0.005,retrospective working threshold with sensitivity grid,0.006068403445084973,0,1,2,2,3,1.0,1
tdc_pgp_broccatelli,classification,71,2,4,0.01,retrospective working threshold with sensitivity grid,0.001068403445084973,0,1,3,2,3,0.6666666666666666,1
tdc_pgp_broccatelli,classification,71,2,4,0.02,retrospective working threshold with sensitivity grid,0.0,1,1,4,4,4,1.0,1
tdc_pgp_broccatelli,classification,71,2,8,0.005,retrospective working threshold with sensitivity grid,0.0035415332052102276,0,0,3,3,2,1.0,1
tdc_pgp_broccatelli,classification,71,2,8,0.01,retrospective working threshold with sensitivity grid,0.0,1,0,3,4,2,0.75,1
tdc_pgp_broccatelli,classification,71,2,8,0.02,retrospective working threshold with sensitivity grid,0.0,1,1,4,4,6,1.0,1
tdc_pgp_broccatelli,classification,71,2,16,0.005,retrospective working threshold with sensitivity grid,0.0035415332052102276,0,0,7,6,3,0.8571428571428571,1
tdc_pgp_broccatelli,classification,71,2,16,0.01,retrospective working threshold with sensitivity grid,0.0,1,0,7,8,6,0.875,1
tdc_pgp_broccatelli,classification,71,2,16,0.02,retrospective working threshold with sensitivity grid,0.0,1,1,9,10,11,0.9,1
tdc_pgp_broccatelli,classification,71,2,32,0.005,retrospective working threshold with sensitivity grid,0.0035415332052102276,0,0,7,6,5,0.8571428571428571,1
tdc_pgp_broccatelli,classification,71,2,32,0.01,retrospective working threshold with sensitivity grid,0.0,1,0,7,9,8,0.7777777777777778,1
tdc_pgp_broccatelli,classification,71,2,32,0.02,retrospective working threshold with sensitivity grid,0.0,1,1,10,20,19,0.5,1
tdc_pgp_broccatelli,classification,71,3,4,0.005,retrospective working threshold with sensitivity grid,0.022703994900127426,0,1,1,2,1,0.5,1
tdc_pgp_broccatelli,classification,71,3,4,0.01,retrospective working threshold with sensitivity grid,0.017703994900127425,0,1,2,2,3,1.0,1
tdc_pgp_broccatelli,classification,71,3,4,0.02,retrospective working threshold with sensitivity grid,0.007703994900127426,0,1,4,4,3,1.0,1
tdc_pgp_broccatelli,classification,71,3,8,0.005,retrospective working threshold with sensitivity grid,0.0,1,1,2,3,4,0.6666666666666666,1
tdc_pgp_broccatelli,classification,71,3,8,0.01,retrospective working threshold with sensitivity grid,0.0,1,1,2,4,4,0.5,1
tdc_pgp_broccatelli,classification,71,3,8,0.02,retrospective working threshold with sensitivity grid,0.0,1,1,5,4,4,0.8,1
tdc_pgp_broccatelli,classification,71,3,16,0.005,retrospective working threshold with sensitivity grid,0.0,1,1,5,6,3,0.5714285714285714,1
tdc_pgp_broccatelli,classification,71,3,16,0.01,retrospective working threshold with sensitivity grid,0.0,1,1,7,8,8,0.6666666666666666,1
tdc_pgp_broccatelli,classification,71,3,16,0.02,retrospective working threshold with sensitivity grid,0.0,1,1,11,10,9,0.9090909090909091,1
tdc_pgp_broccatelli,classification,71,3,32,0.005,retrospective working threshold with sensitivity grid,0.0,1,1,5,6,3,0.5714285714285714,1
tdc_pgp_broccatelli,classification,71,3,32,0.01,retrospective working threshold with sensitivity grid,0.0,1,1,11,9,8,0.42857142857142855,1
tdc_pgp_broccatelli,classification,71,3,32,0.02,retrospective working threshold with sensitivity grid,0.0,1,1,19,20,12,0.7727272727272727,1
tdc_pgp_broccatelli,classification,83,1,4,0.005,retrospective working threshold with sensitivity grid,0.025653288543140088,0,1,2,2,2,0.3333333333333333,1
tdc_pgp_broccatelli,classification,83,1,4,0.01,retrospective working threshold with sensitivity grid,0.020653288543140087,0,1,4,2,2,0.5,1
tdc_pgp_broccatelli,classification,83,1,4,0.02,retrospective working threshold with sensitivity grid,0.010653288543140089,0,1,4,4,4,1.0,1
tdc_pgp_broccatelli,classification,83,1,8,0.005,retrospective working threshold with sensitivity grid,0.0,1,1,2,3,3,0.6666666666666666,1
tdc_pgp_broccatelli,classification,83,1,8,0.01,retrospective working threshold with sensitivity grid,0.0,1,1,4,4,3,1.0,1
tdc_pgp_broccatelli,classification,83,1,8,0.02,retrospective working threshold with sensitivity grid,0.0,1,1,4,5,4,0.8,1
tdc_pgp_broccatelli,classification,83,1,16,0.005,retrospective working threshold with sensitivity grid,0.0,1,1,5,6,5,0.5714285714285714,1
tdc_pgp_broccatelli,classification,83,1,16,0.01,retrospective working threshold with sensitivity grid,0.0,1,1,6,8,6,0.75,1
tdc_pgp_broccatelli,classification,83,1,16,0.02,retrospective working threshold with sensitivity grid,0.0,1,1,10,10,8,1.0,1
tdc_pgp_broccatelli,classification,83,1,32,0.005,retrospective working threshold with sensitivity grid,0.0,1,1,5,6,5,0.5714285714285714,1
tdc_pgp_broccatelli,classification,83,1,32,0.01,retrospective working threshold with sensitivity grid,0.0,1,1,6,9,6,0.6666666666666666,1
tdc_pgp_broccatelli,classification,83,1,32,0.02,retrospective working threshold with sensitivity grid,0.0,1,1,17,21,8,0.8095238095238095,1
tdc_pgp_broccatelli,classification,83,2,4,0.005,retrospective working threshold with sensitivity grid,0.010619047619047643,0,1,2,2,1,1.0,1
tdc_pgp_broccatelli,classification,83,2,4,0.01,retrospective working threshold with sensitivity grid,0.005619047619047643,0,1,4,2,2,0.5,1
tdc_pgp_broccatelli,classification,83,2,4,0.02,retrospective working threshold with sensitivity grid,0.0,1,1,4,4,3,1.0,1
tdc_pgp_broccatelli,classification,83,2,8,0.005,retrospective working threshold with sensitivity grid,0.016238095238095388,0,0,3,3,4,0.5,1
tdc_pgp_broccatelli,classification,83,2,8,0.01,retrospective working threshold with sensitivity grid,0.011238095238095389,0,1,4,4,5,1.0,1
tdc_pgp_broccatelli,classification,83,2,8,0.02,retrospective working threshold with sensitivity grid,0.0012380952380953887,0,1,4,5,6,0.8,1
tdc_pgp_broccatelli,classification,83,2,16,0.005,retrospective working threshold with sensitivity grid,0.016238095238095388,0,0,5,6,2,0.5714285714285714,1
tdc_pgp_broccatelli,classification,83,2,16,0.01,retrospective working threshold with sensitivity grid,0.011238095238095389,0,0,7,8,4,0.875,1
tdc_pgp_broccatelli,classification,83,2,16,0.02,retrospective working threshold with sensitivity grid,0.0012380952380953887,0,0,10,10,9,1.0,1
tdc_pgp_broccatelli,classification,83,2,32,0.005,retrospective working threshold with sensitivity grid,0.016238095238095388,0,0,5,6,2,0.5714285714285714,1
tdc_pgp_broccatelli,classification,83,2,32,0.01,retrospective working threshold with sensitivity grid,0.011238095238095389,0,0,8,9,5,0.8888888888888888,1
tdc_pgp_broccatelli,classification,83,2,32,0.02,retrospective working threshold with sensitivity grid,0.0012380952380953887,0,0,17,21,11,0.8095238095238095,1
tdc_pgp_broccatelli,classification,83,3,4,0.005,retrospective working threshold with sensitivity grid,0.036677782718245074,0,0,1,2,2,0.0,0
tdc_pgp_broccatelli,classification,83,3,4,0.01,retrospective working threshold with sensitivity grid,0.03167778271824507,0,0,1,2,2,0.0,0
tdc_pgp_broccatelli,classification,83,3,4,0.02,retrospective working threshold with sensitivity grid,0.02167778271824507,0,1,3,4,4,0.75,1
tdc_pgp_broccatelli,classification,83,3,8,0.005,retrospective working threshold with sensitivity grid,0.0006617756039719635,0,1,3,3,3,0.5,1
tdc_pgp_broccatelli,classification,83,3,8,0.01,retrospective working threshold with sensitivity grid,0.0,1,1,4,4,4,1.0,1
tdc_pgp_broccatelli,classification,83,3,8,0.02,retrospective working threshold with sensitivity grid,0.0,1,1,5,5,4,0.6666666666666666,1
tdc_pgp_broccatelli,classification,83,3,16,0.005,retrospective working threshold with sensitivity grid,0.0,1,1,2,6,3,0.14285714285714285,0
tdc_pgp_broccatelli,classification,83,3,16,0.01,retrospective working threshold with sensitivity grid,0.0,1,1,7,8,6,0.875,1
tdc_pgp_broccatelli,classification,83,3,16,0.02,retrospective working threshold with sensitivity grid,0.0,1,1,12,10,8,0.8333333333333334,1
tdc_pgp_broccatelli,classification,83,3,32,0.005,retrospective working threshold with sensitivity grid,0.0,1,1,2,6,3,0.14285714285714285,0
tdc_pgp_broccatelli,classification,83,3,32,0.01,retrospective working threshold with sensitivity grid,0.0,1,1,12,9,7,0.5,1
tdc_pgp_broccatelli,classification,83,3,32,0.02,retrospective working threshold with sensitivity grid,0.0,1,1,28,21,11,0.75,1
tdc_pgp_broccatelli,classification,97,1,4,0.005,retrospective working threshold with sensitivity grid,0.01550695635601285,0,1,2,2,3,1.0,1
tdc_pgp_broccatelli,classification,97,1,4,0.01,retrospective working threshold with sensitivity grid,0.01050695635601285,0,1,3,2,3,0.6666666666666666,1
tdc_pgp_broccatelli,classification,97,1,4,0.02,retrospective working threshold with sensitivity grid,0.0005069563560128505,0,1,4,4,4,1.0,1
tdc_pgp_broccatelli,classification,97,1,8,0.005,retrospective working threshold with sensitivity grid,0.001975414522584211,0,1,2,3,2,0.25,1
tdc_pgp_broccatelli,classification,97,1,8,0.01,retrospective working threshold with sensitivity grid,0.0,1,1,4,4,4,1.0,1
tdc_pgp_broccatelli,classification,97,1,8,0.02,retrospective working threshold with sensitivity grid,0.0,1,1,5,5,7,1.0,1
tdc_pgp_broccatelli,classification,97,1,16,0.005,retrospective working threshold with sensitivity grid,0.001975414522584211,0,0,4,6,4,0.42857142857142855,1
tdc_pgp_broccatelli,classification,97,1,16,0.01,retrospective working threshold with sensitivity grid,0.0,1,1,7,8,9,0.875,1
tdc_pgp_broccatelli,classification,97,1,16,0.02,retrospective working threshold with sensitivity grid,0.0,1,1,11,10,11,0.9090909090909091,1
tdc_pgp_broccatelli,classification,97,1,32,0.005,retrospective working threshold with sensitivity grid,0.001975414522584211,0,0,4,6,4,0.42857142857142855,1
tdc_pgp_broccatelli,classification,97,1,32,0.01,retrospective working threshold with sensitivity grid,0.0,1,1,8,9,11,0.7,1
tdc_pgp_broccatelli,classification,97,1,32,0.02,retrospective working threshold with sensitivity grid,0.0,1,1,21,21,22,0.8260869565217391,1
tdc_pgp_broccatelli,classification,97,2,4,0.005,retrospective working threshold with sensitivity grid,0.009184397163120365,0,1,2,2,1,1.0,1
tdc_pgp_broccatelli,classification,97,2,4,0.01,retrospective working threshold with sensitivity grid,0.004184397163120366,0,1,2,2,1,1.0,1
tdc_pgp_broccatelli,classification,97,2,4,0.02,retrospective working threshold with sensitivity grid,0.0,1,1,4,4,2,1.0,1
tdc_pgp_broccatelli,classification,97,2,8,0.005,retrospective working threshold with sensitivity grid,0.0,1,0,4,3,1,0.75,0
tdc_pgp_broccatelli,classification,97,2,8,0.01,retrospective working threshold with sensitivity grid,0.0,1,1,4,4,4,1.0,1
tdc_pgp_broccatelli,classification,97,2,8,0.02,retrospective working threshold with sensitivity grid,0.0,1,1,4,5,5,0.8,1
tdc_pgp_broccatelli,classification,97,2,16,0.005,retrospective working threshold with sensitivity grid,0.0,1,0,8,6,3,0.75,0
tdc_pgp_broccatelli,classification,97,2,16,0.01,retrospective working threshold with sensitivity grid,0.0,1,1,8,8,7,1.0,1
tdc_pgp_broccatelli,classification,97,2,16,0.02,retrospective working threshold with sensitivity grid,0.0,1,1,8,10,10,0.8,1
tdc_pgp_broccatelli,classification,97,2,32,0.005,retrospective working threshold with sensitivity grid,0.0,1,0,8,6,3,0.75,0
tdc_pgp_broccatelli,classification,97,2,32,0.01,retrospective working threshold with sensitivity grid,0.0,1,1,8,9,7,0.8888888888888888,1
tdc_pgp_broccatelli,classification,97,2,32,0.02,retrospective working threshold with sensitivity grid,0.0,1,1,13,21,15,0.6190476190476191,1
tdc_pgp_broccatelli,classification,97,3,4,0.005,retrospective working threshold with sensitivity grid,0.026872340425531886,0,1,2,2,3,1.0,1
tdc_pgp_broccatelli,classification,97,3,4,0.01,retrospective working threshold with sensitivity grid,0.021872340425531885,0,1,4,2,3,0.5,1
tdc_pgp_broccatelli,classification,97,3,4,0.02,retrospective working threshold with sensitivity grid,0.011872340425531886,0,1,4,4,4,1.0,1
tdc_pgp_broccatelli,classification,97,3,8,0.005,retrospective working threshold with sensitivity grid,0.0005319148936169292,0,1,4,3,2,0.75,1
tdc_pgp_broccatelli,classification,97,3,8,0.01,retrospective working threshold with sensitivity grid,0.0,1,1,4,4,3,1.0,1
tdc_pgp_broccatelli,classification,97,3,8,0.02,retrospective working threshold with sensitivity grid,0.0,1,1,4,5,4,0.8,1
tdc_pgp_broccatelli,classification,97,3,16,0.005,retrospective working threshold with sensitivity grid,0.004457446808510683,0,0,6,6,1,0.5,0
tdc_pgp_broccatelli,classification,97,3,16,0.01,retrospective working threshold with sensitivity grid,0.0,1,1,8,8,4,1.0,1
tdc_pgp_broccatelli,classification,97,3,16,0.02,retrospective working threshold with sensitivity grid,0.0,1,1,8,10,9,0.8,1
tdc_pgp_broccatelli,classification,97,3,32,0.005,retrospective working threshold with sensitivity grid,0.004457446808510683,0,0,6,6,1,0.5,0
tdc_pgp_broccatelli,classification,97,3,32,0.01,retrospective working threshold with sensitivity grid,0.0,1,1,8,9,5,0.8888888888888888,1
tdc_pgp_broccatelli,classification,97,3,32,0.02,retrospective working threshold with sensitivity grid,0.0,1,1,10,21,13,0.47619047619047616,1
tdc_pgp_broccatelli,classification,113,1,4,0.005,retrospective working threshold with sensitivity grid,0.008970588235294289,0,1,1,2,3,0.5,1
tdc_pgp_broccatelli,classification,113,1,4,0.01,retrospective working threshold with sensitivity grid,0.00397058823529429,0,1,2,2,3,1.0,1
tdc_pgp_broccatelli,classification,113,1,4,0.02,retrospective working threshold with sensitivity grid,0.0,1,1,4,4,4,1.0,1
tdc_pgp_broccatelli,classification,113,1,8,0.005,retrospective working threshold with sensitivity grid,0.0,1,1,4,3,3,0.75,1
tdc_pgp_broccatelli,classification,113,1,8,0.01,retrospective working threshold with sensitivity grid,0.0,1,1,4,4,4,1.0,1
tdc_pgp_broccatelli,classification,113,1,8,0.02,retrospective working threshold with sensitivity grid,0.0,1,1,4,5,6,0.8,1
tdc_pgp_broccatelli,classification,113,1,16,0.005,retrospective working threshold with sensitivity grid,5.218216318803471e-05,0,0,5,6,5,0.8333333333333334,1
tdc_pgp_broccatelli,classification,113,1,16,0.01,retrospective working threshold with sensitivity grid,0.0,1,1,8,8,8,1.0,1
tdc_pgp_broccatelli,classification,113,1,16,0.02,retrospective working threshold with sensitivity grid,0.0,1,1,8,10,12,0.8,1
tdc_pgp_broccatelli,classification,113,1,32,0.005,retrospective working threshold with sensitivity grid,5.218216318803471e-05,0,0,5,6,7,0.8333333333333334,1
tdc_pgp_broccatelli,classification,113,1,32,0.01,retrospective working threshold with sensitivity grid,0.0,1,1,8,9,13,0.8888888888888888,1
tdc_pgp_broccatelli,classification,113,1,32,0.02,retrospective working threshold with sensitivity grid,0.0,1,1,10,20,21,0.5,1
tdc_pgp_broccatelli,classification,113,2,4,0.005,retrospective working threshold with sensitivity grid,0.009734144778987822,0,1,1,2,1,0.5,1
tdc_pgp_broccatelli,classification,113,2,4,0.01,retrospective working threshold with sensitivity grid,0.004734144778987823,0,1,2,2,2,1.0,1
tdc_pgp_broccatelli,classification,113,2,4,0.02,retrospective working threshold with sensitivity grid,0.0,1,1,3,4,2,0.75,1
tdc_pgp_broccatelli,classification,113,2,8,0.005,retrospective working threshold with sensitivity grid,0.001519807402202815,0,1,4,3,4,0.75,1
tdc_pgp_broccatelli,classification,113,2,8,0.01,retrospective working threshold with sensitivity grid,0.0,1,1,4,4,4,1.0,1
tdc_pgp_broccatelli,classification,113,2,8,0.02,retrospective working threshold with sensitivity grid,0.0,1,1,4,5,6,0.8,1
tdc_pgp_broccatelli,classification,113,2,16,0.005,retrospective working threshold with sensitivity grid,0.0,1,1,4,6,5,0.6666666666666666,1
tdc_pgp_broccatelli,classification,113,2,16,0.01,retrospective working threshold with sensitivity grid,0.0,1,1,8,8,8,1.0,1
tdc_pgp_broccatelli,classification,113,2,16,0.02,retrospective working threshold with sensitivity grid,0.0,1,1,10,10,10,1.0,1
tdc_pgp_broccatelli,classification,113,2,32,0.005,retrospective working threshold with sensitivity grid,0.0,1,1,4,6,5,0.6666666666666666,1
tdc_pgp_broccatelli,classification,113,2,32,0.01,retrospective working threshold with sensitivity grid,0.0,1,1,9,9,8,0.8,1
tdc_pgp_broccatelli,classification,113,2,32,0.02,retrospective working threshold with sensitivity grid,0.0,1,1,20,20,18,0.8181818181818182,1
tdc_pgp_broccatelli,classification,113,3,4,0.005,retrospective working threshold with sensitivity grid,0.035730337078651704,0,0,2,2,1,0.3333333333333333,1
tdc_pgp_broccatelli,classification,113,3,4,0.01,retrospective working threshold with sensitivity grid,0.0307303370786517,0,0,2,2,1,0.3333333333333333,1
tdc_pgp_broccatelli,classification,113,3,4,0.02,retrospective working threshold with sensitivity grid,0.0207303370786517,0,0,4,4,1,1.0,1
tdc_pgp_broccatelli,classification,113,3,8,0.005,retrospective working threshold with sensitivity grid,0.0,1,1,2,3,3,0.6666666666666666,1
tdc_pgp_broccatelli,classification,113,3,8,0.01,retrospective working threshold with sensitivity grid,0.0,1,1,4,4,4,0.6,1
tdc_pgp_broccatelli,classification,113,3,8,0.02,retrospective working threshold with sensitivity grid,0.0,1,1,7,5,4,0.7142857142857143,1
tdc_pgp_broccatelli,classification,113,3,16,0.005,retrospective working threshold with sensitivity grid,0.0,1,1,3,6,4,0.5,1
tdc_pgp_broccatelli,classification,113,3,16,0.01,retrospective working threshold with sensitivity grid,0.0,1,1,6,8,7,0.75,1
tdc_pgp_broccatelli,classification,113,3,16,0.02,retrospective working threshold with sensitivity grid,0.0,1,1,10,10,10,0.6666666666666666,1
tdc_pgp_broccatelli,classification,113,3,32,0.005,retrospective working threshold with sensitivity grid,0.0,1,1,3,6,4,0.5,1
tdc_pgp_broccatelli,classification,113,3,32,0.01,retrospective working threshold with sensitivity grid,0.0,1,1,6,9,8,0.6666666666666666,1
tdc_pgp_broccatelli,classification,113,3,32,0.02,retrospective working threshold with sensitivity grid,0.0,1,1,14,20,19,0.5454545454545454,1
tdc_pgp_broccatelli,classification,127,1,4,0.005,retrospective working threshold with sensitivity grid,0.046309807317601044,0,1,1,2,2,0.5,1
tdc_pgp_broccatelli,classification,127,1,4,0.01,retrospective working threshold with sensitivity grid,0.04130980731760104,0,1,2,2,3,1.0,1
tdc_pgp_broccatelli,classification,127,1,4,0.02,retrospective working threshold with sensitivity grid,0.03130980731760104,0,1,3,4,4,0.75,1
tdc_pgp_broccatelli,classification,127,1,8,0.005,retrospective working threshold with sensitivity grid,0.0,1,0,3,3,3,0.5,0
tdc_pgp_broccatelli,classification,127,1,8,0.01,retrospective working threshold with sensitivity grid,0.0,1,1,4,4,4,1.0,1
tdc_pgp_broccatelli,classification,127,1,8,0.02,retrospective working threshold with sensitivity grid,0.0,1,1,4,5,4,0.8,1
tdc_pgp_broccatelli,classification,127,1,16,0.005,retrospective working threshold with sensitivity grid,0.0,1,0,7,5,3,0.7142857142857143,0
tdc_pgp_broccatelli,classification,127,1,16,0.01,retrospective working threshold with sensitivity grid,0.0,1,1,8,8,5,1.0,1
tdc_pgp_broccatelli,classification,127,1,16,0.02,retrospective working threshold with sensitivity grid,0.0,1,1,8,10,9,0.8,1
tdc_pgp_broccatelli,classification,127,1,32,0.005,retrospective working threshold with sensitivity grid,0.0,1,0,7,5,3,0.7142857142857143,0
tdc_pgp_broccatelli,classification,127,1,32,0.01,retrospective working threshold with sensitivity grid,0.0,1,1,8,9,6,0.8888888888888888,1
tdc_pgp_broccatelli,classification,127,1,32,0.02,retrospective working threshold with sensitivity grid,0.0,1,1,13,20,14,0.65,1
tdc_pgp_broccatelli,classification,127,2,4,0.005,retrospective working threshold with sensitivity grid,0.014284789950446578,0,0,1,2,2,0.5,1
tdc_pgp_broccatelli,classification,127,2,4,0.01,retrospective working threshold with sensitivity grid,0.009284789950446579,0,1,3,2,3,0.6666666666666666,1
tdc_pgp_broccatelli,classification,127,2,4,0.02,retrospective working threshold with sensitivity grid,0.0,1,1,3,4,3,0.75,1
tdc_pgp_broccatelli,classification,127,2,8,0.005,retrospective working threshold with sensitivity grid,0.0,1,0,3,3,2,0.5,0
tdc_pgp_broccatelli,classification,127,2,8,0.01,retrospective working threshold with sensitivity grid,0.0,1,1,4,4,4,1.0,1
tdc_pgp_broccatelli,classification,127,2,8,0.02,retrospective working threshold with sensitivity grid,0.0,1,1,5,5,4,0.6666666666666666,1
tdc_pgp_broccatelli,classification,127,2,16,0.005,retrospective working threshold with sensitivity grid,0.0,1,0,4,5,2,0.5,1
tdc_pgp_broccatelli,classification,127,2,16,0.01,retrospective working threshold with sensitivity grid,0.0,1,1,7,8,7,0.875,1
tdc_pgp_broccatelli,classification,127,2,16,0.02,retrospective working threshold with sensitivity grid,0.0,1,1,9,10,11,0.7272727272727273,1
tdc_pgp_broccatelli,classification,127,2,32,0.005,retrospective working threshold with sensitivity grid,0.0,1,0,4,5,3,0.5,1
tdc_pgp_broccatelli,classification,127,2,32,0.01,retrospective working threshold with sensitivity grid,0.0,1,1,7,9,10,0.7777777777777778,1
tdc_pgp_broccatelli,classification,127,2,32,0.02,retrospective working threshold with sensitivity grid,0.0,1,1,9,20,22,0.38095238095238093,1
tdc_pgp_broccatelli,classification,127,3,4,0.005,retrospective working threshold with sensitivity grid,0.02254019842627464,0,0,2,2,1,1.0,1
tdc_pgp_broccatelli,classification,127,3,4,0.01,retrospective working threshold with sensitivity grid,0.01754019842627464,0,1,3,2,3,0.6666666666666666,1
tdc_pgp_broccatelli,classification,127,3,4,0.02,retrospective working threshold with sensitivity grid,0.007540198426274642,0,1,4,4,4,1.0,1
tdc_pgp_broccatelli,classification,127,3,8,0.005,retrospective working threshold with sensitivity grid,0.007164062796974351,0,0,1,3,3,0.0,0
tdc_pgp_broccatelli,classification,127,3,8,0.01,retrospective working threshold with sensitivity grid,0.0021640627969743507,0,1,4,4,4,1.0,1
tdc_pgp_broccatelli,classification,127,3,8,0.02,retrospective working threshold with sensitivity grid,0.0,1,1,4,5,5,0.8,1
tdc_pgp_broccatelli,classification,127,3,16,0.005,retrospective working threshold with sensitivity grid,0.007164062796974351,0,0,4,5,2,0.2857142857142857,0
tdc_pgp_broccatelli,classification,127,3,16,0.01,retrospective working threshold with sensitivity grid,0.0021640627969743507,0,0,8,8,7,1.0,1
tdc_pgp_broccatelli,classification,127,3,16,0.02,retrospective working threshold with sensitivity grid,0.0,1,1,10,10,11,1.0,1
tdc_pgp_broccatelli,classification,127,3,32,0.005,retrospective working threshold with sensitivity grid,0.007164062796974351,0,0,4,5,2,0.2857142857142857,0
tdc_pgp_broccatelli,classification,127,3,32,0.01,retrospective working threshold with sensitivity grid,0.0021640627969743507,0,0,9,9,8,1.0,1
tdc_pgp_broccatelli,classification,127,3,32,0.02,retrospective working threshold with sensitivity grid,0.0,1,1,22,20,26,0.8260869565217391,1
tdc_pgp_broccatelli,classification,149,1,4,0.005,retrospective working threshold with sensitivity grid,0.0,1,1,3,2,1,0.6666666666666666,1
tdc_pgp_broccatelli,classification,149,1,4,0.01,retrospective working threshold with sensitivity grid,0.0,1,1,3,2,1,0.6666666666666666,1
tdc_pgp_broccatelli,classification,149,1,4,0.02,retrospective working threshold with sensitivity grid,0.0,1,1,4,4,2,1.0,1
tdc_pgp_broccatelli,classification,149,1,8,0.005,retrospective working threshold with sensitivity grid,0.0,1,1,2,3,3,0.6666666666666666,1
tdc_pgp_broccatelli,classification,149,1,8,0.01,retrospective working threshold with sensitivity grid,0.0,1,1,4,4,5,1.0,1
tdc_pgp_broccatelli,classification,149,1,8,0.02,retrospective working threshold with sensitivity grid,0.0,1,1,4,4,6,1.0,1
tdc_pgp_broccatelli,classification,149,1,16,0.005,retrospective working threshold with sensitivity grid,0.0,1,1,3,6,6,0.5,1
tdc_pgp_broccatelli,classification,149,1,16,0.01,retrospective working threshold with sensitivity grid,0.0,1,1,6,8,8,0.75,1
tdc_pgp_broccatelli,classification,149,1,16,0.02,retrospective working threshold with sensitivity grid,0.0,1,1,8,10,13,0.8,1
tdc_pgp_broccatelli,classification,149,1,32,0.005,retrospective working threshold with sensitivity grid,0.0,1,1,3,6,6,0.5,1
tdc_pgp_broccatelli,classification,149,1,32,0.01,retrospective working threshold with sensitivity grid,0.0,1,1,6,9,10,0.6666666666666666,1
tdc_pgp_broccatelli,classification,149,1,32,0.02,retrospective working threshold with sensitivity grid,0.0,1,1,10,20,25,0.5,1
tdc_pgp_broccatelli,classification,149,2,4,0.005,retrospective working threshold with sensitivity grid,0.0162707867957308,0,0,1,2,1,0.0,0
tdc_pgp_broccatelli,classification,149,2,4,0.01,retrospective working threshold with sensitivity grid,0.0112707867957308,0,0,2,2,3,0.3333333333333333,0
tdc_pgp_broccatelli,classification,149,2,4,0.02,retrospective working threshold with sensitivity grid,0.0012707867957308001,0,1,3,4,4,0.75,1
tdc_pgp_broccatelli,classification,149,2,8,0.005,retrospective working threshold with sensitivity grid,0.0,1,1,3,3,4,0.5,1
tdc_pgp_broccatelli,classification,149,2,8,0.01,retrospective working threshold with sensitivity grid,0.0,1,1,4,4,6,1.0,1
tdc_pgp_broccatelli,classification,149,2,8,0.02,retrospective working threshold with sensitivity grid,0.0,1,1,4,4,8,1.0,1
tdc_pgp_broccatelli,classification,149,2,16,0.005,retrospective working threshold with sensitivity grid,0.0,1,1,7,6,6,0.625,0
tdc_pgp_broccatelli,classification,149,2,16,0.01,retrospective working threshold with sensitivity grid,0.0,1,1,7,8,9,0.875,1
tdc_pgp_broccatelli,classification,149,2,16,0.02,retrospective working threshold with sensitivity grid,0.0,1,1,10,10,11,0.8181818181818182,1
tdc_pgp_broccatelli,classification,149,2,32,0.005,retrospective working threshold with sensitivity grid,0.0,1,1,7,6,6,0.625,0
tdc_pgp_broccatelli,classification,149,2,32,0.01,retrospective working threshold with sensitivity grid,0.0,1,1,8,9,9,0.7,1
tdc_pgp_broccatelli,classification,149,2,32,0.02,retrospective working threshold with sensitivity grid,0.0,1,1,25,20,14,0.7307692307692307,1
tdc_pgp_broccatelli,classification,149,3,4,0.005,retrospective working threshold with sensitivity grid,0.01936834449692038,0,0,2,2,1,1.0,1
tdc_pgp_broccatelli,classification,149,3,4,0.01,retrospective working threshold with sensitivity grid,0.01436834449692038,0,0,3,2,2,0.6666666666666666,1
tdc_pgp_broccatelli,classification,149,3,4,0.02,retrospective working threshold with sensitivity grid,0.0043683444969203795,0,1,4,4,4,1.0,1
tdc_pgp_broccatelli,classification,149,3,8,0.005,retrospective working threshold with sensitivity grid,0.0,1,1,4,3,3,0.75,1
tdc_pgp_broccatelli,classification,149,3,8,0.01,retrospective working threshold with sensitivity grid,0.0,1,1,4,4,4,1.0,1
tdc_pgp_broccatelli,classification,149,3,8,0.02,retrospective working threshold with sensitivity grid,0.0,1,1,4,4,7,1.0,1
tdc_pgp_broccatelli,classification,149,3,16,0.005,retrospective working threshold with sensitivity grid,0.0,1,0,3,6,1,0.5,1
tdc_pgp_broccatelli,classification,149,3,16,0.01,retrospective working threshold with sensitivity grid,0.0,1,0,8,8,4,1.0,1
tdc_pgp_broccatelli,classification,149,3,16,0.02,retrospective working threshold with sensitivity grid,0.0,1,1,9,10,10,0.9,1
tdc_pgp_broccatelli,classification,149,3,32,0.005,retrospective working threshold with sensitivity grid,0.0,1,0,3,6,2,0.5,1
tdc_pgp_broccatelli,classification,149,3,32,0.01,retrospective working threshold with sensitivity grid,0.0,1,0,8,9,7,0.8888888888888888,1
tdc_pgp_broccatelli,classification,149,3,32,0.02,retrospective working threshold with sensitivity grid,0.0,1,1,16,20,18,0.6363636363636364,1
