dataset,task_type,outer_fold,inner_fold,outer_split_type,inner_split_type,candidate_order,candidate,family,inner_utility,inner_roc_auc,inner_pr_auc,inner_brier,minority_label,minority_threshold,minority_recall,majority_recall,balanced_recall,minority_constraint_feasible,minority_recall_target,fit_seconds
esol,regression,1,1,seeded_scaffold_group_balanced,seeded_scaffold_group_balanced,1,ridge_a0.1,linear,-2.5914412224090264,,,,,,,,,,,0.0076049999915994
esol,regression,1,2,seeded_scaffold_group_balanced,seeded_scaffold_group_balanced,1,ridge_a0.1,linear,-3.146356411269269,,,,,,,,,,,0.0064153000130318
esol,regression,1,3,seeded_scaffold_group_balanced,seeded_scaffold_group_balanced,1,ridge_a0.1,linear,-2.7441793784691577,,,,,,,,,,,0.0068630999885499
esol,regression,1,1,seeded_scaffold_group_balanced,seeded_scaffold_group_balanced,2,ridge_a1,linear,-2.095846288223718,,,,,,,,,,,0.0068121000076644
esol,regression,1,2,seeded_scaffold_group_balanced,seeded_scaffold_group_balanced,2,ridge_a1,linear,-2.1494645739890923,,,,,,,,,,,0.0056290000211447
esol,regression,1,3,seeded_scaffold_group_balanced,seeded_scaffold_group_balanced,2,ridge_a1,linear,-1.893857369336704,,,,,,,,,,,0.0061040999717079
esol,regression,1,1,seeded_scaffold_group_balanced,seeded_scaffold_group_balanced,3,ridge_a10,linear,-1.938834547839564,,,,,,,,,,,0.0062062999932095
esol,regression,1,2,seeded_scaffold_group_balanced,seeded_scaffold_group_balanced,3,ridge_a10,linear,-1.6391517954024069,,,,,,,,,,,0.0063871999736875
esol,regression,1,3,seeded_scaffold_group_balanced,seeded_scaffold_group_balanced,3,ridge_a10,linear,-1.603353416093507,,,,,,,,,,,0.0078524000127799
esol,regression,1,1,seeded_scaffold_group_balanced,seeded_scaffold_group_balanced,4,elasticnet_a0.001,linear,-2.213726080070467,,,,,,,,,,,0.0741082000313326
esol,regression,1,2,seeded_scaffold_group_balanced,seeded_scaffold_group_balanced,4,elasticnet_a0.001,linear,-2.379418276625619,,,,,,,,,,,0.0821004000026732
esol,regression,1,3,seeded_scaffold_group_balanced,seeded_scaffold_group_balanced,4,elasticnet_a0.001,linear,-2.0434008590995223,,,,,,,,,,,0.037996299972292
esol,regression,1,1,seeded_scaffold_group_balanced,seeded_scaffold_group_balanced,5,rf_60_sqrt,bagging,-1.9964248899304795,,,,,,,,,,,0.0957496999762952
esol,regression,1,2,seeded_scaffold_group_balanced,seeded_scaffold_group_balanced,5,rf_60_sqrt,bagging,-1.944452809683973,,,,,,,,,,,0.0912398000364191
esol,regression,1,3,seeded_scaffold_group_balanced,seeded_scaffold_group_balanced,5,rf_60_sqrt,bagging,-1.6244111197187083,,,,,,,,,,,0.0643333999905735
esol,regression,1,1,seeded_scaffold_group_balanced,seeded_scaffold_group_balanced,6,rf_90_d12,bagging,-2.2140264279725983,,,,,,,,,,,0.0848045999882742
esol,regression,1,2,seeded_scaffold_group_balanced,seeded_scaffold_group_balanced,6,rf_90_d12,bagging,-1.7572136800576328,,,,,,,,,,,0.0864749000174924
esol,regression,1,3,seeded_scaffold_group_balanced,seeded_scaffold_group_balanced,6,rf_90_d12,bagging,-1.7155378307055964,,,,,,,,,,,0.0824412999791093
esol,regression,1,1,seeded_scaffold_group_balanced,seeded_scaffold_group_balanced,7,rf_90_leaf2,bagging,-2.0941013729518234,,,,,,,,,,,0.092859300028067
esol,regression,1,2,seeded_scaffold_group_balanced,seeded_scaffold_group_balanced,7,rf_90_leaf2,bagging,-1.7438278782737302,,,,,,,,,,,0.0868524000397883
esol,regression,1,3,seeded_scaffold_group_balanced,seeded_scaffold_group_balanced,7,rf_90_leaf2,bagging,-1.6772826961233376,,,,,,,,,,,0.0875225999625399
esol,regression,1,1,seeded_scaffold_group_balanced,seeded_scaffold_group_balanced,8,rf_120_d20_leaf2,bagging,-2.112884524407731,,,,,,,,,,,0.1100720999529585
esol,regression,1,2,seeded_scaffold_group_balanced,seeded_scaffold_group_balanced,8,rf_120_d20_leaf2,bagging,-1.7890779555991885,,,,,,,,,,,0.1037346000084653
esol,regression,1,3,seeded_scaffold_group_balanced,seeded_scaffold_group_balanced,8,rf_120_d20_leaf2,bagging,-1.6841813156448353,,,,,,,,,,,0.1445440000388771
esol,regression,1,1,seeded_scaffold_group_balanced,seeded_scaffold_group_balanced,9,et_60_sqrt,bagging,-1.9741451647185757,,,,,,,,,,,0.0577762000029906
esol,regression,1,2,seeded_scaffold_group_balanced,seeded_scaffold_group_balanced,9,et_60_sqrt,bagging,-2.0337723039731967,,,,,,,,,,,0.0561508000246249
esol,regression,1,3,seeded_scaffold_group_balanced,seeded_scaffold_group_balanced,9,et_60_sqrt,bagging,-1.6067129318828466,,,,,,,,,,,0.0595204000128433
esol,regression,1,1,seeded_scaffold_group_balanced,seeded_scaffold_group_balanced,10,et_90_d12,bagging,-2.163963455750796,,,,,,,,,,,0.0774138999986462
esol,regression,1,2,seeded_scaffold_group_balanced,seeded_scaffold_group_balanced,10,et_90_d12,bagging,-1.826004727516036,,,,,,,,,,,0.0827162999776192
esol,regression,1,3,seeded_scaffold_group_balanced,seeded_scaffold_group_balanced,10,et_90_d12,bagging,-1.6839820719116705,,,,,,,,,,,0.0923347999923862
esol,regression,1,1,seeded_scaffold_group_balanced,seeded_scaffold_group_balanced,11,et_90_leaf2,bagging,-2.063110177930766,,,,,,,,,,,0.0757449999800883
esol,regression,1,2,seeded_scaffold_group_balanced,seeded_scaffold_group_balanced,11,et_90_leaf2,bagging,-1.7944695245534257,,,,,,,,,,,0.0760633000172674
esol,regression,1,3,seeded_scaffold_group_balanced,seeded_scaffold_group_balanced,11,et_90_leaf2,bagging,-1.6215594196856682,,,,,,,,,,,0.0733270000200718
esol,regression,1,1,seeded_scaffold_group_balanced,seeded_scaffold_group_balanced,12,et_120_d20_leaf2,bagging,-2.078591403294976,,,,,,,,,,,0.0805142999743111
esol,regression,1,2,seeded_scaffold_group_balanced,seeded_scaffold_group_balanced,12,et_120_d20_leaf2,bagging,-1.7756068679774182,,,,,,,,,,,0.0889284000149928
esol,regression,1,3,seeded_scaffold_group_balanced,seeded_scaffold_group_balanced,12,et_120_d20_leaf2,bagging,-1.6213691436738455,,,,,,,,,,,0.0885812999913469
esol,regression,1,1,seeded_scaffold_group_balanced,seeded_scaffold_group_balanced,13,histgb_lr0.05,boosting,-1.939277676383981,,,,,,,,,,,2.351782899990212
esol,regression,1,2,seeded_scaffold_group_balanced,seeded_scaffold_group_balanced,13,histgb_lr0.05,boosting,-1.986753810428054,,,,,,,,,,,0.9398759000469
esol,regression,1,3,seeded_scaffold_group_balanced,seeded_scaffold_group_balanced,13,histgb_lr0.05,boosting,-1.6138457291403594,,,,,,,,,,,0.9986553999478928
esol,regression,1,1,seeded_scaffold_group_balanced,seeded_scaffold_group_balanced,14,histgb_lr0.1,boosting,-1.9303693316858617,,,,,,,,,,,0.8812074000015855
esol,regression,1,2,seeded_scaffold_group_balanced,seeded_scaffold_group_balanced,14,histgb_lr0.1,boosting,-2.126447478093024,,,,,,,,,,,0.8964070999645628
esol,regression,1,3,seeded_scaffold_group_balanced,seeded_scaffold_group_balanced,14,histgb_lr0.1,boosting,-1.5684606659628453,,,,,,,,,,,0.8524009000393562
esol,regression,1,1,seeded_scaffold_group_balanced,seeded_scaffold_group_balanced,15,gb_lr0.05_d2,boosting,-2.2543947680446865,,,,,,,,,,,0.2345126000000164
esol,regression,1,2,seeded_scaffold_group_balanced,seeded_scaffold_group_balanced,15,gb_lr0.05_d2,boosting,-1.7336802815432766,,,,,,,,,,,0.2209121999912895
esol,regression,1,3,seeded_scaffold_group_balanced,seeded_scaffold_group_balanced,15,gb_lr0.05_d2,boosting,-1.7604975865281736,,,,,,,,,,,0.2059693000046536
esol,regression,1,1,seeded_scaffold_group_balanced,seeded_scaffold_group_balanced,16,gb_lr0.1_d3,boosting,-2.1250978312325435,,,,,,,,,,,0.2918511999887414
esol,regression,1,2,seeded_scaffold_group_balanced,seeded_scaffold_group_balanced,16,gb_lr0.1_d3,boosting,-1.838537526177885,,,,,,,,,,,0.3112809000303969
esol,regression,1,3,seeded_scaffold_group_balanced,seeded_scaffold_group_balanced,16,gb_lr0.1_d3,boosting,-1.6504660671842977,,,,,,,,,,,0.2960918999742716
esol,regression,1,1,seeded_scaffold_group_balanced,seeded_scaffold_group_balanced,17,lgbm_60_l15,boosting,-2.024927185682733,,,,,,,,,,,0.0328263000119477
esol,regression,1,2,seeded_scaffold_group_balanced,seeded_scaffold_group_balanced,17,lgbm_60_l15,boosting,-2.014672717773765,,,,,,,,,,,0.0278575000120326
esol,regression,1,3,seeded_scaffold_group_balanced,seeded_scaffold_group_balanced,17,lgbm_60_l15,boosting,-1.6756521400913538,,,,,,,,,,,0.0373920000274665
esol,regression,1,1,seeded_scaffold_group_balanced,seeded_scaffold_group_balanced,18,lgbm_90_l31,boosting,-1.940110494516995,,,,,,,,,,,0.0916852999944239
esol,regression,1,2,seeded_scaffold_group_balanced,seeded_scaffold_group_balanced,18,lgbm_90_l31,boosting,-2.068067045950921,,,,,,,,,,,0.0388974000234156
esol,regression,1,3,seeded_scaffold_group_balanced,seeded_scaffold_group_balanced,18,lgbm_90_l31,boosting,-1.6138478853185043,,,,,,,,,,,0.0398464000318199
esol,regression,1,1,seeded_scaffold_group_balanced,seeded_scaffold_group_balanced,19,lgbm_60_l63,boosting,-1.9454374611741807,,,,,,,,,,,0.0355621000053361
esol,regression,1,2,seeded_scaffold_group_balanced,seeded_scaffold_group_balanced,19,lgbm_60_l63,boosting,-2.046819993519376,,,,,,,,,,,0.0294315000064671
esol,regression,1,3,seeded_scaffold_group_balanced,seeded_scaffold_group_balanced,19,lgbm_60_l63,boosting,-1.6161481080700026,,,,,,,,,,,0.0314337000017985
esol,regression,1,1,seeded_scaffold_group_balanced,seeded_scaffold_group_balanced,20,lgbm_100_leaf10,boosting,-1.9407475681759645,,,,,,,,,,,0.1132403999799862
esol,regression,1,2,seeded_scaffold_group_balanced,seeded_scaffold_group_balanced,20,lgbm_100_leaf10,boosting,-1.932162251019424,,,,,,,,,,,0.0855963999638333
esol,regression,1,3,seeded_scaffold_group_balanced,seeded_scaffold_group_balanced,20,lgbm_100_leaf10,boosting,-1.4797878518782217,,,,,,,,,,,0.0671774999937042
esol,regression,1,1,seeded_scaffold_group_balanced,seeded_scaffold_group_balanced,21,lgbm_100_leaf30,boosting,-2.1123211028380533,,,,,,,,,,,0.0261393000255338
esol,regression,1,2,seeded_scaffold_group_balanced,seeded_scaffold_group_balanced,21,lgbm_100_leaf30,boosting,-2.2752511128673176,,,,,,,,,,,0.0268843999947421
esol,regression,1,3,seeded_scaffold_group_balanced,seeded_scaffold_group_balanced,21,lgbm_100_leaf30,boosting,-1.7665774907590162,,,,,,,,,,,0.0291007999912835
esol,regression,1,1,seeded_scaffold_group_balanced,seeded_scaffold_group_balanced,22,lgbm_80_ff0.7,boosting,-1.9445094172924904,,,,,,,,,,,0.032335800002329
esol,regression,1,2,seeded_scaffold_group_balanced,seeded_scaffold_group_balanced,22,lgbm_80_ff0.7,boosting,-1.9926808706373047,,,,,,,,,,,0.0355524000478908
esol,regression,1,3,seeded_scaffold_group_balanced,seeded_scaffold_group_balanced,22,lgbm_80_ff0.7,boosting,-1.6402524953627078,,,,,,,,,,,0.033601599978283
esol,regression,1,1,seeded_scaffold_group_balanced,seeded_scaffold_group_balanced,23,lgbm_80_bag0.8,boosting,-2.0247786137230577,,,,,,,,,,,0.0290234999847598
esol,regression,1,2,seeded_scaffold_group_balanced,seeded_scaffold_group_balanced,23,lgbm_80_bag0.8,boosting,-2.0836913840042537,,,,,,,,,,,0.0314132999628782
esol,regression,1,3,seeded_scaffold_group_balanced,seeded_scaffold_group_balanced,23,lgbm_80_bag0.8,boosting,-1.6797813150317855,,,,,,,,,,,0.0323570000473409
esol,regression,1,1,seeded_scaffold_group_balanced,seeded_scaffold_group_balanced,24,lgbm_120_l15,boosting,-1.938696954969965,,,,,,,,,,,0.0503125000395812
esol,regression,1,2,seeded_scaffold_group_balanced,seeded_scaffold_group_balanced,24,lgbm_120_l15,boosting,-2.058723787658719,,,,,,,,,,,0.0442994999466463
esol,regression,1,3,seeded_scaffold_group_balanced,seeded_scaffold_group_balanced,24,lgbm_120_l15,boosting,-1.6178860202784169,,,,,,,,,,,0.0387095999903976
esol,regression,1,1,seeded_scaffold_group_balanced,seeded_scaffold_group_balanced,25,xgb_60_d3,boosting,-2.168574770955753,,,,,,,,,,,0.1331718000001274
esol,regression,1,2,seeded_scaffold_group_balanced,seeded_scaffold_group_balanced,25,xgb_60_d3,boosting,-1.8787261728550808,,,,,,,,,,,0.0493608999531716
esol,regression,1,3,seeded_scaffold_group_balanced,seeded_scaffold_group_balanced,25,xgb_60_d3,boosting,-1.684571966811378,,,,,,,,,,,0.0508515000110492
esol,regression,1,1,seeded_scaffold_group_balanced,seeded_scaffold_group_balanced,26,xgb_80_d5,boosting,-2.093528233417832,,,,,,,,,,,0.0717634999891743
esol,regression,1,2,seeded_scaffold_group_balanced,seeded_scaffold_group_balanced,26,xgb_80_d5,boosting,-2.122342721703049,,,,,,,,,,,0.085926899977494
esol,regression,1,3,seeded_scaffold_group_balanced,seeded_scaffold_group_balanced,26,xgb_80_d5,boosting,-1.5619083943621648,,,,,,,,,,,0.0712469000136479
esol,regression,1,1,seeded_scaffold_group_balanced,seeded_scaffold_group_balanced,27,xgb_100_d3,boosting,-2.131548070684901,,,,,,,,,,,0.0726981000043451
esol,regression,1,2,seeded_scaffold_group_balanced,seeded_scaffold_group_balanced,27,xgb_100_d3,boosting,-1.8669820504884005,,,,,,,,,,,0.0682740000193007
esol,regression,1,3,seeded_scaffold_group_balanced,seeded_scaffold_group_balanced,27,xgb_100_d3,boosting,-1.6680270321773232,,,,,,,,,,,0.0708739000256173
esol,regression,1,1,seeded_scaffold_group_balanced,seeded_scaffold_group_balanced,28,xgb_60_d6,boosting,-2.046779557834684,,,,,,,,,,,0.0745868000085465
esol,regression,1,2,seeded_scaffold_group_balanced,seeded_scaffold_group_balanced,28,xgb_60_d6,boosting,-2.1999859509531827,,,,,,,,,,,0.0774475999642163
esol,regression,1,3,seeded_scaffold_group_balanced,seeded_scaffold_group_balanced,28,xgb_60_d6,boosting,-1.5336441030138033,,,,,,,,,,,0.0704211000120267
esol,regression,1,1,seeded_scaffold_group_balanced,seeded_scaffold_group_balanced,29,cat_60_d4,boosting,-2.151963249119657,,,,,,,,,,,0.2557244999916293
esol,regression,1,2,seeded_scaffold_group_balanced,seeded_scaffold_group_balanced,29,cat_60_d4,boosting,-1.7194654055742222,,,,,,,,,,,0.1220443000202067
esol,regression,1,3,seeded_scaffold_group_balanced,seeded_scaffold_group_balanced,29,cat_60_d4,boosting,-1.7373720298734925,,,,,,,,,,,0.1030406999634578
esol,regression,1,1,seeded_scaffold_group_balanced,seeded_scaffold_group_balanced,30,cat_80_d6,boosting,-2.08389125472776,,,,,,,,,,,0.2762610999634489
esol,regression,1,2,seeded_scaffold_group_balanced,seeded_scaffold_group_balanced,30,cat_80_d6,boosting,-1.782766608184405,,,,,,,,,,,0.261866899963934
esol,regression,1,3,seeded_scaffold_group_balanced,seeded_scaffold_group_balanced,30,cat_80_d6,boosting,-1.7264013448148587,,,,,,,,,,,0.216409399989061
esol,regression,1,1,seeded_scaffold_group_balanced,seeded_scaffold_group_balanced,31,cat_100_d4,boosting,-2.155159294498587,,,,,,,,,,,0.1827971000457182
esol,regression,1,2,seeded_scaffold_group_balanced,seeded_scaffold_group_balanced,31,cat_100_d4,boosting,-1.681832049531062,,,,,,,,,,,0.1783193000010214
esol,regression,1,3,seeded_scaffold_group_balanced,seeded_scaffold_group_balanced,31,cat_100_d4,boosting,-1.7395811677683313,,,,,,,,,,,0.1692778000142425
esol,regression,1,1,seeded_scaffold_group_balanced,seeded_scaffold_group_balanced,32,cat_60_d8,boosting,-2.135129613381073,,,,,,,,,,,0.4808732999954372
esol,regression,1,2,seeded_scaffold_group_balanced,seeded_scaffold_group_balanced,32,cat_60_d8,boosting,-1.7925505048963464,,,,,,,,,,,0.4826489000115543
esol,regression,1,3,seeded_scaffold_group_balanced,seeded_scaffold_group_balanced,32,cat_60_d8,boosting,-1.6928166730856855,,,,,,,,,,,0.3297619000077247
esol,regression,2,1,seeded_scaffold_group_balanced,seeded_scaffold_group_balanced,1,ridge_a0.1,linear,-2.7527468970702995,,,,,,,,,,,0.0054638999863527
esol,regression,2,2,seeded_scaffold_group_balanced,seeded_scaffold_group_balanced,1,ridge_a0.1,linear,-2.685055919742214,,,,,,,,,,,0.0041569000459276
esol,regression,2,3,seeded_scaffold_group_balanced,seeded_scaffold_group_balanced,1,ridge_a0.1,linear,-2.4654723013811437,,,,,,,,,,,0.0037171000149101
esol,regression,2,1,seeded_scaffold_group_balanced,seeded_scaffold_group_balanced,2,ridge_a1,linear,-1.8663321981327492,,,,,,,,,,,0.003966299991589
esol,regression,2,2,seeded_scaffold_group_balanced,seeded_scaffold_group_balanced,2,ridge_a1,linear,-1.920915794832726,,,,,,,,,,,0.0037676999927498
esol,regression,2,3,seeded_scaffold_group_balanced,seeded_scaffold_group_balanced,2,ridge_a1,linear,-1.8399026294797491,,,,,,,,,,,0.0041074000182561
esol,regression,2,1,seeded_scaffold_group_balanced,seeded_scaffold_group_balanced,3,ridge_a10,linear,-1.592961752825606,,,,,,,,,,,0.0044551000464707
esol,regression,2,2,seeded_scaffold_group_balanced,seeded_scaffold_group_balanced,3,ridge_a10,linear,-1.6304310740088206,,,,,,,,,,,0.0039427000447176
esol,regression,2,3,seeded_scaffold_group_balanced,seeded_scaffold_group_balanced,3,ridge_a10,linear,-1.6161747489124023,,,,,,,,,,,0.0037617000052705
esol,regression,2,1,seeded_scaffold_group_balanced,seeded_scaffold_group_balanced,4,elasticnet_a0.001,linear,-2.0263727309807136,,,,,,,,,,,0.0302342000068165
esol,regression,2,2,seeded_scaffold_group_balanced,seeded_scaffold_group_balanced,4,elasticnet_a0.001,linear,-2.0783710815309315,,,,,,,,,,,0.0489309000549837
esol,regression,2,3,seeded_scaffold_group_balanced,seeded_scaffold_group_balanced,4,elasticnet_a0.001,linear,-1.9735863288073712,,,,,,,,,,,0.0248771000187844
esol,regression,2,1,seeded_scaffold_group_balanced,seeded_scaffold_group_balanced,5,rf_60_sqrt,bagging,-1.6418533136846407,,,,,,,,,,,0.0616652999888174
esol,regression,2,2,seeded_scaffold_group_balanced,seeded_scaffold_group_balanced,5,rf_60_sqrt,bagging,-1.7264362804282778,,,,,,,,,,,0.0641990999574773
esol,regression,2,3,seeded_scaffold_group_balanced,seeded_scaffold_group_balanced,5,rf_60_sqrt,bagging,-1.5799109653977632,,,,,,,,,,,0.0625165000092238
esol,regression,2,1,seeded_scaffold_group_balanced,seeded_scaffold_group_balanced,6,rf_90_d12,bagging,-1.7553205505841698,,,,,,,,,,,0.0780206000199541
esol,regression,2,2,seeded_scaffold_group_balanced,seeded_scaffold_group_balanced,6,rf_90_d12,bagging,-1.7188881773947335,,,,,,,,,,,0.0808871000190265
esol,regression,2,3,seeded_scaffold_group_balanced,seeded_scaffold_group_balanced,6,rf_90_d12,bagging,-1.671674563119447,,,,,,,,,,,0.0969772000098601
esol,regression,2,1,seeded_scaffold_group_balanced,seeded_scaffold_group_balanced,7,rf_90_leaf2,bagging,-1.6768398559044535,,,,,,,,,,,0.0957133999909274
esol,regression,2,2,seeded_scaffold_group_balanced,seeded_scaffold_group_balanced,7,rf_90_leaf2,bagging,-1.7457206962241874,,,,,,,,,,,0.0844411000143736
esol,regression,2,3,seeded_scaffold_group_balanced,seeded_scaffold_group_balanced,7,rf_90_leaf2,bagging,-1.6268261067983458,,,,,,,,,,,0.0969215999939479
esol,regression,2,1,seeded_scaffold_group_balanced,seeded_scaffold_group_balanced,8,rf_120_d20_leaf2,bagging,-1.7031780510574046,,,,,,,,,,,0.1556865000165999
esol,regression,2,2,seeded_scaffold_group_balanced,seeded_scaffold_group_balanced,8,rf_120_d20_leaf2,bagging,-1.7509101403183676,,,,,,,,,,,0.1515924000414088
esol,regression,2,3,seeded_scaffold_group_balanced,seeded_scaffold_group_balanced,8,rf_120_d20_leaf2,bagging,-1.651306391101374,,,,,,,,,,,0.1613762999768369
esol,regression,2,1,seeded_scaffold_group_balanced,seeded_scaffold_group_balanced,9,et_60_sqrt,bagging,-1.6262614513485116,,,,,,,,,,,0.0725039999815635
esol,regression,2,2,seeded_scaffold_group_balanced,seeded_scaffold_group_balanced,9,et_60_sqrt,bagging,-1.7953618024928124,,,,,,,,,,,0.0671876999549567
esol,regression,2,3,seeded_scaffold_group_balanced,seeded_scaffold_group_balanced,9,et_60_sqrt,bagging,-1.5850861641934495,,,,,,,,,,,0.0632316999835893
esol,regression,2,1,seeded_scaffold_group_balanced,seeded_scaffold_group_balanced,10,et_90_d12,bagging,-1.694950700180278,,,,,,,,,,,0.092485100030899
esol,regression,2,2,seeded_scaffold_group_balanced,seeded_scaffold_group_balanced,10,et_90_d12,bagging,-1.7205085834262317,,,,,,,,,,,0.087228899996262
esol,regression,2,3,seeded_scaffold_group_balanced,seeded_scaffold_group_balanced,10,et_90_d12,bagging,-1.6535251320691091,,,,,,,,,,,0.0745039000175893
esol,regression,2,1,seeded_scaffold_group_balanced,seeded_scaffold_group_balanced,11,et_90_leaf2,bagging,-1.6321491114285291,,,,,,,,,,,0.0712101999670267
esol,regression,2,2,seeded_scaffold_group_balanced,seeded_scaffold_group_balanced,11,et_90_leaf2,bagging,-1.7693143669497449,,,,,,,,,,,0.071416400023736
esol,regression,2,3,seeded_scaffold_group_balanced,seeded_scaffold_group_balanced,11,et_90_leaf2,bagging,-1.5999920481114036,,,,,,,,,,,0.0731207000208087
esol,regression,2,1,seeded_scaffold_group_balanced,seeded_scaffold_group_balanced,12,et_120_d20_leaf2,bagging,-1.6622654151330984,,,,,,,,,,,0.0859047999838367
esol,regression,2,2,seeded_scaffold_group_balanced,seeded_scaffold_group_balanced,12,et_120_d20_leaf2,bagging,-1.7703761383986143,,,,,,,,,,,0.0822611000039614
esol,regression,2,3,seeded_scaffold_group_balanced,seeded_scaffold_group_balanced,12,et_120_d20_leaf2,bagging,-1.6228710926251717,,,,,,,,,,,0.0811195999849587
esol,regression,2,1,seeded_scaffold_group_balanced,seeded_scaffold_group_balanced,13,histgb_lr0.05,boosting,-1.546295316722261,,,,,,,,,,,0.888810399977956
esol,regression,2,2,seeded_scaffold_group_balanced,seeded_scaffold_group_balanced,13,histgb_lr0.05,boosting,-1.9701122863174407,,,,,,,,,,,1.0149214999983087
esol,regression,2,3,seeded_scaffold_group_balanced,seeded_scaffold_group_balanced,13,histgb_lr0.05,boosting,-1.648287259142314,,,,,,,,,,,0.8873543000081554
esol,regression,2,1,seeded_scaffold_group_balanced,seeded_scaffold_group_balanced,14,histgb_lr0.1,boosting,-1.558063915440556,,,,,,,,,,,0.7097439999924973
esol,regression,2,2,seeded_scaffold_group_balanced,seeded_scaffold_group_balanced,14,histgb_lr0.1,boosting,-1.927396927711724,,,,,,,,,,,0.7781017000088468
esol,regression,2,3,seeded_scaffold_group_balanced,seeded_scaffold_group_balanced,14,histgb_lr0.1,boosting,-1.646963820593388,,,,,,,,,,,0.8092988000134937
esol,regression,2,1,seeded_scaffold_group_balanced,seeded_scaffold_group_balanced,15,gb_lr0.05_d2,boosting,-1.7965801692913628,,,,,,,,,,,0.2074960000463761
esol,regression,2,2,seeded_scaffold_group_balanced,seeded_scaffold_group_balanced,15,gb_lr0.05_d2,boosting,-1.8515909168070823,,,,,,,,,,,0.2014741000020876
esol,regression,2,3,seeded_scaffold_group_balanced,seeded_scaffold_group_balanced,15,gb_lr0.05_d2,boosting,-1.7934235270869725,,,,,,,,,,,0.19304679997731
esol,regression,2,1,seeded_scaffold_group_balanced,seeded_scaffold_group_balanced,16,gb_lr0.1_d3,boosting,-1.600086305678136,,,,,,,,,,,0.2887332000536844
esol,regression,2,2,seeded_scaffold_group_balanced,seeded_scaffold_group_balanced,16,gb_lr0.1_d3,boosting,-1.8699009667889996,,,,,,,,,,,0.3097310999874025
esol,regression,2,3,seeded_scaffold_group_balanced,seeded_scaffold_group_balanced,16,gb_lr0.1_d3,boosting,-1.7292904366416633,,,,,,,,,,,0.2825719999964349
esol,regression,2,1,seeded_scaffold_group_balanced,seeded_scaffold_group_balanced,17,lgbm_60_l15,boosting,-1.5999775060113537,,,,,,,,,,,0.0343210999853909
esol,regression,2,2,seeded_scaffold_group_balanced,seeded_scaffold_group_balanced,17,lgbm_60_l15,boosting,-2.0269070755186367,,,,,,,,,,,0.0406159000121988
esol,regression,2,3,seeded_scaffold_group_balanced,seeded_scaffold_group_balanced,17,lgbm_60_l15,boosting,-1.6664779083908972,,,,,,,,,,,0.0266504000173881
esol,regression,2,1,seeded_scaffold_group_balanced,seeded_scaffold_group_balanced,18,lgbm_90_l31,boosting,-1.5478822762018951,,,,,,,,,,,0.0359924999647773
esol,regression,2,2,seeded_scaffold_group_balanced,seeded_scaffold_group_balanced,18,lgbm_90_l31,boosting,-1.9594261425475503,,,,,,,,,,,0.0353509000269696
esol,regression,2,3,seeded_scaffold_group_balanced,seeded_scaffold_group_balanced,18,lgbm_90_l31,boosting,-1.6608590445043996,,,,,,,,,,,0.0367389000020921
esol,regression,2,1,seeded_scaffold_group_balanced,seeded_scaffold_group_balanced,19,lgbm_60_l63,boosting,-1.559497219279954,,,,,,,,,,,0.025546699995175
esol,regression,2,2,seeded_scaffold_group_balanced,seeded_scaffold_group_balanced,19,lgbm_60_l63,boosting,-1.9715420055113384,,,,,,,,,,,0.0259751999983564
esol,regression,2,3,seeded_scaffold_group_balanced,seeded_scaffold_group_balanced,19,lgbm_60_l63,boosting,-1.6410306167431308,,,,,,,,,,,0.0287952999933622
esol,regression,2,1,seeded_scaffold_group_balanced,seeded_scaffold_group_balanced,20,lgbm_100_leaf10,boosting,-1.5826092592628536,,,,,,,,,,,0.0710597999859601
esol,regression,2,2,seeded_scaffold_group_balanced,seeded_scaffold_group_balanced,20,lgbm_100_leaf10,boosting,-1.868055208379464,,,,,,,,,,,0.0784769000019878
esol,regression,2,3,seeded_scaffold_group_balanced,seeded_scaffold_group_balanced,20,lgbm_100_leaf10,boosting,-1.5997212168273636,,,,,,,,,,,0.0765337000484578
esol,regression,2,1,seeded_scaffold_group_balanced,seeded_scaffold_group_balanced,21,lgbm_100_leaf30,boosting,-1.619311545682054,,,,,,,,,,,0.0330162000027485
esol,regression,2,2,seeded_scaffold_group_balanced,seeded_scaffold_group_balanced,21,lgbm_100_leaf30,boosting,-2.062799311088852,,,,,,,,,,,0.0276058000163175
esol,regression,2,3,seeded_scaffold_group_balanced,seeded_scaffold_group_balanced,21,lgbm_100_leaf30,boosting,-1.7177724861157764,,,,,,,,,,,0.028664999990724
esol,regression,2,1,seeded_scaffold_group_balanced,seeded_scaffold_group_balanced,22,lgbm_80_ff0.7,boosting,-1.5479297626216515,,,,,,,,,,,0.0355234000016935
esol,regression,2,2,seeded_scaffold_group_balanced,seeded_scaffold_group_balanced,22,lgbm_80_ff0.7,boosting,-1.9451546282790588,,,,,,,,,,,0.0312326999846845
esol,regression,2,3,seeded_scaffold_group_balanced,seeded_scaffold_group_balanced,22,lgbm_80_ff0.7,boosting,-1.6255906756746823,,,,,,,,,,,0.0410315000335685
esol,regression,2,1,seeded_scaffold_group_balanced,seeded_scaffold_group_balanced,23,lgbm_80_bag0.8,boosting,-1.5710883985209665,,,,,,,,,,,0.0347752000088803
esol,regression,2,2,seeded_scaffold_group_balanced,seeded_scaffold_group_balanced,23,lgbm_80_bag0.8,boosting,-2.070922935154691,,,,,,,,,,,0.0279779999982565
esol,regression,2,3,seeded_scaffold_group_balanced,seeded_scaffold_group_balanced,23,lgbm_80_bag0.8,boosting,-1.6562363276021492,,,,,,,,,,,0.0275250999839045
esol,regression,2,1,seeded_scaffold_group_balanced,seeded_scaffold_group_balanced,24,lgbm_120_l15,boosting,-1.551439145345346,,,,,,,,,,,0.0479233000078238
esol,regression,2,2,seeded_scaffold_group_balanced,seeded_scaffold_group_balanced,24,lgbm_120_l15,boosting,-1.957274338770118,,,,,,,,,,,0.0489963999716565
esol,regression,2,3,seeded_scaffold_group_balanced,seeded_scaffold_group_balanced,24,lgbm_120_l15,boosting,-1.6537688960163437,,,,,,,,,,,0.0368607000564225
esol,regression,2,1,seeded_scaffold_group_balanced,seeded_scaffold_group_balanced,25,xgb_60_d3,boosting,-1.6704017965079894,,,,,,,,,,,0.0469923999626189
esol,regression,2,2,seeded_scaffold_group_balanced,seeded_scaffold_group_balanced,25,xgb_60_d3,boosting,-1.887192377414603,,,,,,,,,,,0.045743599999696
esol,regression,2,3,seeded_scaffold_group_balanced,seeded_scaffold_group_balanced,25,xgb_60_d3,boosting,-1.7272802168902834,,,,,,,,,,,0.0508636000449769
esol,regression,2,1,seeded_scaffold_group_balanced,seeded_scaffold_group_balanced,26,xgb_80_d5,boosting,-1.6440073308794392,,,,,,,,,,,0.0685987999895587
esol,regression,2,2,seeded_scaffold_group_balanced,seeded_scaffold_group_balanced,26,xgb_80_d5,boosting,-1.960427749220888,,,,,,,,,,,0.078891500015743
esol,regression,2,3,seeded_scaffold_group_balanced,seeded_scaffold_group_balanced,26,xgb_80_d5,boosting,-1.6925686344453208,,,,,,,,,,,0.0735082000028342
esol,regression,2,1,seeded_scaffold_group_balanced,seeded_scaffold_group_balanced,27,xgb_100_d3,boosting,-1.6726285872349187,,,,,,,,,,,0.0647976999753154
esol,regression,2,2,seeded_scaffold_group_balanced,seeded_scaffold_group_balanced,27,xgb_100_d3,boosting,-1.842680726266712,,,,,,,,,,,0.0664068000041879
esol,regression,2,3,seeded_scaffold_group_balanced,seeded_scaffold_group_balanced,27,xgb_100_d3,boosting,-1.6844893278245028,,,,,,,,,,,0.0678961999947205
esol,regression,2,1,seeded_scaffold_group_balanced,seeded_scaffold_group_balanced,28,xgb_60_d6,boosting,-1.6692377083473868,,,,,,,,,,,0.0668043000041507
esol,regression,2,2,seeded_scaffold_group_balanced,seeded_scaffold_group_balanced,28,xgb_60_d6,boosting,-1.9395247303654757,,,,,,,,,,,0.077882400015369
esol,regression,2,3,seeded_scaffold_group_balanced,seeded_scaffold_group_balanced,28,xgb_60_d6,boosting,-1.6459790337211435,,,,,,,,,,,0.083376099995803
esol,regression,2,1,seeded_scaffold_group_balanced,seeded_scaffold_group_balanced,29,cat_60_d4,boosting,-1.7248547694149112,,,,,,,,,,,0.1391846999758854
esol,regression,2,2,seeded_scaffold_group_balanced,seeded_scaffold_group_balanced,29,cat_60_d4,boosting,-1.860380241460136,,,,,,,,,,,0.1659535000217147
esol,regression,2,3,seeded_scaffold_group_balanced,seeded_scaffold_group_balanced,29,cat_60_d4,boosting,-1.7399546257527403,,,,,,,,,,,0.1616039999644272
esol,regression,2,1,seeded_scaffold_group_balanced,seeded_scaffold_group_balanced,30,cat_80_d6,boosting,-1.6943686607766149,,,,,,,,,,,0.2979890999849885
esol,regression,2,2,seeded_scaffold_group_balanced,seeded_scaffold_group_balanced,30,cat_80_d6,boosting,-1.7968735247469731,,,,,,,,,,,0.31028629996581
esol,regression,2,3,seeded_scaffold_group_balanced,seeded_scaffold_group_balanced,30,cat_80_d6,boosting,-1.719522377279886,,,,,,,,,,,0.3603561000199988
esol,regression,2,1,seeded_scaffold_group_balanced,seeded_scaffold_group_balanced,31,cat_100_d4,boosting,-1.728757117036136,,,,,,,,,,,0.1849429000285454
esol,regression,2,2,seeded_scaffold_group_balanced,seeded_scaffold_group_balanced,31,cat_100_d4,boosting,-1.7911682837127127,,,,,,,,,,,0.1717788999667391
esol,regression,2,3,seeded_scaffold_group_balanced,seeded_scaffold_group_balanced,31,cat_100_d4,boosting,-1.736001771238292,,,,,,,,,,,0.1631949000293389
esol,regression,2,1,seeded_scaffold_group_balanced,seeded_scaffold_group_balanced,32,cat_60_d8,boosting,-1.7002039333796408,,,,,,,,,,,0.3616187000297941
esol,regression,2,2,seeded_scaffold_group_balanced,seeded_scaffold_group_balanced,32,cat_60_d8,boosting,-1.8083128808263187,,,,,,,,,,,0.4692308999947272
esol,regression,2,3,seeded_scaffold_group_balanced,seeded_scaffold_group_balanced,32,cat_60_d8,boosting,-1.669342761412782,,,,,,,,,,,0.4541036000009626
esol,regression,3,1,seeded_scaffold_group_balanced,seeded_scaffold_group_balanced,1,ridge_a0.1,linear,-3.725743731662639,,,,,,,,,,,0.0053483000374399
esol,regression,3,2,seeded_scaffold_group_balanced,seeded_scaffold_group_balanced,1,ridge_a0.1,linear,-3.249651543121209,,,,,,,,,,,0.004763200005982
esol,regression,3,3,seeded_scaffold_group_balanced,seeded_scaffold_group_balanced,1,ridge_a0.1,linear,-3.283439958610563,,,,,,,,,,,0.0054754000157117
esol,regression,3,1,seeded_scaffold_group_balanced,seeded_scaffold_group_balanced,2,ridge_a1,linear,-2.1120256476688666,,,,,,,,,,,0.0048555000103078
esol,regression,3,2,seeded_scaffold_group_balanced,seeded_scaffold_group_balanced,2,ridge_a1,linear,-2.10795502054485,,,,,,,,,,,0.0044698999845422
esol,regression,3,3,seeded_scaffold_group_balanced,seeded_scaffold_group_balanced,2,ridge_a1,linear,-2.122997997478316,,,,,,,,,,,0.00517039996339
esol,regression,3,1,seeded_scaffold_group_balanced,seeded_scaffold_group_balanced,3,ridge_a10,linear,-1.5749533611992883,,,,,,,,,,,0.0051933000213466
esol,regression,3,2,seeded_scaffold_group_balanced,seeded_scaffold_group_balanced,3,ridge_a10,linear,-1.8783718465269676,,,,,,,,,,,0.0046868999488651
esol,regression,3,3,seeded_scaffold_group_balanced,seeded_scaffold_group_balanced,3,ridge_a10,linear,-1.5492049864393411,,,,,,,,,,,0.004382400016766
esol,regression,3,1,seeded_scaffold_group_balanced,seeded_scaffold_group_balanced,4,elasticnet_a0.001,linear,-2.438588818655167,,,,,,,,,,,0.023541800037492
esol,regression,3,2,seeded_scaffold_group_balanced,seeded_scaffold_group_balanced,4,elasticnet_a0.001,linear,-2.261151910883569,,,,,,,,,,,0.0822747999918647
esol,regression,3,3,seeded_scaffold_group_balanced,seeded_scaffold_group_balanced,4,elasticnet_a0.001,linear,-2.3860885285108,,,,,,,,,,,0.0553303000051528
esol,regression,3,1,seeded_scaffold_group_balanced,seeded_scaffold_group_balanced,5,rf_60_sqrt,bagging,-1.3718617117785834,,,,,,,,,,,0.0724527999991551
esol,regression,3,2,seeded_scaffold_group_balanced,seeded_scaffold_group_balanced,5,rf_60_sqrt,bagging,-1.8245755965207076,,,,,,,,,,,0.0816760000307113
esol,regression,3,3,seeded_scaffold_group_balanced,seeded_scaffold_group_balanced,5,rf_60_sqrt,bagging,-1.4775196627792873,,,,,,,,,,,0.0612278000335209
esol,regression,3,1,seeded_scaffold_group_balanced,seeded_scaffold_group_balanced,6,rf_90_d12,bagging,-1.5311793343201754,,,,,,,,,,,0.0902529000304639
esol,regression,3,2,seeded_scaffold_group_balanced,seeded_scaffold_group_balanced,6,rf_90_d12,bagging,-1.937550402503649,,,,,,,,,,,0.1213081000023521
esol,regression,3,3,seeded_scaffold_group_balanced,seeded_scaffold_group_balanced,6,rf_90_d12,bagging,-1.581836424476991,,,,,,,,,,,0.1154156999546103
esol,regression,3,1,seeded_scaffold_group_balanced,seeded_scaffold_group_balanced,7,rf_90_leaf2,bagging,-1.4655575650446109,,,,,,,,,,,0.1187852000002749
esol,regression,3,2,seeded_scaffold_group_balanced,seeded_scaffold_group_balanced,7,rf_90_leaf2,bagging,-1.937170802938844,,,,,,,,,,,0.11417519999668
esol,regression,3,3,seeded_scaffold_group_balanced,seeded_scaffold_group_balanced,7,rf_90_leaf2,bagging,-1.5643110634341435,,,,,,,,,,,0.124729799979832
esol,regression,3,1,seeded_scaffold_group_balanced,seeded_scaffold_group_balanced,8,rf_120_d20_leaf2,bagging,-1.500079477357554,,,,,,,,,,,0.1483902000472881
esol,regression,3,2,seeded_scaffold_group_balanced,seeded_scaffold_group_balanced,8,rf_120_d20_leaf2,bagging,-1.9123027544234967,,,,,,,,,,,0.1426190999918617
esol,regression,3,3,seeded_scaffold_group_balanced,seeded_scaffold_group_balanced,8,rf_120_d20_leaf2,bagging,-1.5728760262394026,,,,,,,,,,,0.1379646999994292
esol,regression,3,1,seeded_scaffold_group_balanced,seeded_scaffold_group_balanced,9,et_60_sqrt,bagging,-1.3794521035163525,,,,,,,,,,,0.0585420999559573
esol,regression,3,2,seeded_scaffold_group_balanced,seeded_scaffold_group_balanced,9,et_60_sqrt,bagging,-1.7932034968064503,,,,,,,,,,,0.0577425000374205
esol,regression,3,3,seeded_scaffold_group_balanced,seeded_scaffold_group_balanced,9,et_60_sqrt,bagging,-1.453707007826632,,,,,,,,,,,0.0594570999965071
esol,regression,3,1,seeded_scaffold_group_balanced,seeded_scaffold_group_balanced,10,et_90_d12,bagging,-1.5089262687103262,,,,,,,,,,,0.0769567000097595
esol,regression,3,2,seeded_scaffold_group_balanced,seeded_scaffold_group_balanced,10,et_90_d12,bagging,-1.9138695377368964,,,,,,,,,,,0.0836128999944776
esol,regression,3,3,seeded_scaffold_group_balanced,seeded_scaffold_group_balanced,10,et_90_d12,bagging,-1.6079358558876322,,,,,,,,,,,0.0922959999879822
esol,regression,3,1,seeded_scaffold_group_balanced,seeded_scaffold_group_balanced,11,et_90_leaf2,bagging,-1.448202394011436,,,,,,,,,,,0.0930081999977119
esol,regression,3,2,seeded_scaffold_group_balanced,seeded_scaffold_group_balanced,11,et_90_leaf2,bagging,-1.8466476623095691,,,,,,,,,,,0.0936711999820545
esol,regression,3,3,seeded_scaffold_group_balanced,seeded_scaffold_group_balanced,11,et_90_leaf2,bagging,-1.5247370123440624,,,,,,,,,,,0.0920203999849036
esol,regression,3,1,seeded_scaffold_group_balanced,seeded_scaffold_group_balanced,12,et_120_d20_leaf2,bagging,-1.468592293932625,,,,,,,,,,,0.1180128999985754
esol,regression,3,2,seeded_scaffold_group_balanced,seeded_scaffold_group_balanced,12,et_120_d20_leaf2,bagging,-1.90931006578284,,,,,,,,,,,0.1075899000279605
esol,regression,3,3,seeded_scaffold_group_balanced,seeded_scaffold_group_balanced,12,et_120_d20_leaf2,bagging,-1.5465517704438096,,,,,,,,,,,0.1166104999720119
esol,regression,3,1,seeded_scaffold_group_balanced,seeded_scaffold_group_balanced,13,histgb_lr0.05,boosting,-1.3710164034801258,,,,,,,,,,,1.1909878999576904
esol,regression,3,2,seeded_scaffold_group_balanced,seeded_scaffold_group_balanced,13,histgb_lr0.05,boosting,-1.8480486439202493,,,,,,,,,,,1.2732810999732465
esol,regression,3,3,seeded_scaffold_group_balanced,seeded_scaffold_group_balanced,13,histgb_lr0.05,boosting,-1.4873493943507876,,,,,,,,,,,0.9164123999653384
esol,regression,3,1,seeded_scaffold_group_balanced,seeded_scaffold_group_balanced,14,histgb_lr0.1,boosting,-1.325921595137434,,,,,,,,,,,0.7474784000078216
esol,regression,3,2,seeded_scaffold_group_balanced,seeded_scaffold_group_balanced,14,histgb_lr0.1,boosting,-1.8011930889187553,,,,,,,,,,,0.8493005000054836
esol,regression,3,3,seeded_scaffold_group_balanced,seeded_scaffold_group_balanced,14,histgb_lr0.1,boosting,-1.4662666746702646,,,,,,,,,,,0.9172195999999532
esol,regression,3,1,seeded_scaffold_group_balanced,seeded_scaffold_group_balanced,15,gb_lr0.05_d2,boosting,-1.6272351070247324,,,,,,,,,,,0.2699585999944247
esol,regression,3,2,seeded_scaffold_group_balanced,seeded_scaffold_group_balanced,15,gb_lr0.05_d2,boosting,-1.9945936439815484,,,,,,,,,,,0.2101418999955058
esol,regression,3,3,seeded_scaffold_group_balanced,seeded_scaffold_group_balanced,15,gb_lr0.05_d2,boosting,-1.734124365590995,,,,,,,,,,,0.2065120000042952
esol,regression,3,1,seeded_scaffold_group_balanced,seeded_scaffold_group_balanced,16,gb_lr0.1_d3,boosting,-1.4735925159191567,,,,,,,,,,,0.3011057999683544
esol,regression,3,2,seeded_scaffold_group_balanced,seeded_scaffold_group_balanced,16,gb_lr0.1_d3,boosting,-1.8946839205639308,,,,,,,,,,,0.3081675000139512
esol,regression,3,3,seeded_scaffold_group_balanced,seeded_scaffold_group_balanced,16,gb_lr0.1_d3,boosting,-1.6363685211547607,,,,,,,,,,,0.2985511000151746
esol,regression,3,1,seeded_scaffold_group_balanced,seeded_scaffold_group_balanced,17,lgbm_60_l15,boosting,-1.4313540062365524,,,,,,,,,,,0.0282835999969393
esol,regression,3,2,seeded_scaffold_group_balanced,seeded_scaffold_group_balanced,17,lgbm_60_l15,boosting,-1.8499804838746492,,,,,,,,,,,0.0275843999697826
esol,regression,3,3,seeded_scaffold_group_balanced,seeded_scaffold_group_balanced,17,lgbm_60_l15,boosting,-1.5211372380690702,,,,,,,,,,,0.0221219999948516
esol,regression,3,1,seeded_scaffold_group_balanced,seeded_scaffold_group_balanced,18,lgbm_90_l31,boosting,-1.3741680310854625,,,,,,,,,,,0.0366760999895632
esol,regression,3,2,seeded_scaffold_group_balanced,seeded_scaffold_group_balanced,18,lgbm_90_l31,boosting,-1.8281685917784485,,,,,,,,,,,0.0385146000189706
esol,regression,3,3,seeded_scaffold_group_balanced,seeded_scaffold_group_balanced,18,lgbm_90_l31,boosting,-1.483886857992427,,,,,,,,,,,0.0462464999873191
esol,regression,3,1,seeded_scaffold_group_balanced,seeded_scaffold_group_balanced,19,lgbm_60_l63,boosting,-1.3852097025223973,,,,,,,,,,,0.0267920999904163
esol,regression,3,2,seeded_scaffold_group_balanced,seeded_scaffold_group_balanced,19,lgbm_60_l63,boosting,-1.8339250399691585,,,,,,,,,,,0.0286729999934323
esol,regression,3,3,seeded_scaffold_group_balanced,seeded_scaffold_group_balanced,19,lgbm_60_l63,boosting,-1.4691990391770715,,,,,,,,,,,0.0268725999630987
esol,regression,3,1,seeded_scaffold_group_balanced,seeded_scaffold_group_balanced,20,lgbm_100_leaf10,boosting,-1.4166836653241597,,,,,,,,,,,0.0935716000385582
esol,regression,3,2,seeded_scaffold_group_balanced,seeded_scaffold_group_balanced,20,lgbm_100_leaf10,boosting,-1.799760400097936,,,,,,,,,,,0.1059287000098265
esol,regression,3,3,seeded_scaffold_group_balanced,seeded_scaffold_group_balanced,20,lgbm_100_leaf10,boosting,-1.501284801571202,,,,,,,,,,,0.0832320000045001
esol,regression,3,1,seeded_scaffold_group_balanced,seeded_scaffold_group_balanced,21,lgbm_100_leaf30,boosting,-1.443194356685456,,,,,,,,,,,0.0429612000007182
esol,regression,3,2,seeded_scaffold_group_balanced,seeded_scaffold_group_balanced,21,lgbm_100_leaf30,boosting,-1.6954600223404788,,,,,,,,,,,0.0626011000131256
esol,regression,3,3,seeded_scaffold_group_balanced,seeded_scaffold_group_balanced,21,lgbm_100_leaf30,boosting,-1.558259922927432,,,,,,,,,,,0.0341931000002659
esol,regression,3,1,seeded_scaffold_group_balanced,seeded_scaffold_group_balanced,22,lgbm_80_ff0.7,boosting,-1.3738209557344705,,,,,,,,,,,0.0420557000325061
esol,regression,3,2,seeded_scaffold_group_balanced,seeded_scaffold_group_balanced,22,lgbm_80_ff0.7,boosting,-1.8504677909476572,,,,,,,,,,,0.0419046999886632
esol,regression,3,3,seeded_scaffold_group_balanced,seeded_scaffold_group_balanced,22,lgbm_80_ff0.7,boosting,-1.4665980901855131,,,,,,,,,,,0.035634999978356
esol,regression,3,1,seeded_scaffold_group_balanced,seeded_scaffold_group_balanced,23,lgbm_80_bag0.8,boosting,-1.3930976635914725,,,,,,,,,,,0.0299748000106774
esol,regression,3,2,seeded_scaffold_group_balanced,seeded_scaffold_group_balanced,23,lgbm_80_bag0.8,boosting,-1.7373932132825411,,,,,,,,,,,0.0329543999978341
esol,regression,3,3,seeded_scaffold_group_balanced,seeded_scaffold_group_balanced,23,lgbm_80_bag0.8,boosting,-1.4949075064188528,,,,,,,,,,,0.0302372999722138
esol,regression,3,1,seeded_scaffold_group_balanced,seeded_scaffold_group_balanced,24,lgbm_120_l15,boosting,-1.3759951472407663,,,,,,,,,,,0.0382419999805279
esol,regression,3,2,seeded_scaffold_group_balanced,seeded_scaffold_group_balanced,24,lgbm_120_l15,boosting,-1.823471526315788,,,,,,,,,,,0.0427236999967135
esol,regression,3,3,seeded_scaffold_group_balanced,seeded_scaffold_group_balanced,24,lgbm_120_l15,boosting,-1.4824099210373365,,,,,,,,,,,0.0413923999876715
esol,regression,3,1,seeded_scaffold_group_balanced,seeded_scaffold_group_balanced,25,xgb_60_d3,boosting,-1.5181396264306315,,,,,,,,,,,0.0479552000178955
esol,regression,3,2,seeded_scaffold_group_balanced,seeded_scaffold_group_balanced,25,xgb_60_d3,boosting,-1.8869001694054488,,,,,,,,,,,0.0479881999781355
esol,regression,3,3,seeded_scaffold_group_balanced,seeded_scaffold_group_balanced,25,xgb_60_d3,boosting,-1.637590901377174,,,,,,,,,,,0.0494266000459902
esol,regression,3,1,seeded_scaffold_group_balanced,seeded_scaffold_group_balanced,26,xgb_80_d5,boosting,-1.4123369427358634,,,,,,,,,,,0.0892107000108808
esol,regression,3,2,seeded_scaffold_group_balanced,seeded_scaffold_group_balanced,26,xgb_80_d5,boosting,-1.836473127631148,,,,,,,,,,,0.0824693000176921
esol,regression,3,3,seeded_scaffold_group_balanced,seeded_scaffold_group_balanced,26,xgb_80_d5,boosting,-1.5696485608204458,,,,,,,,,,,0.0887234000256285
esol,regression,3,1,seeded_scaffold_group_balanced,seeded_scaffold_group_balanced,27,xgb_100_d3,boosting,-1.5052014704502976,,,,,,,,,,,0.078911299991887
esol,regression,3,2,seeded_scaffold_group_balanced,seeded_scaffold_group_balanced,27,xgb_100_d3,boosting,-1.8916638290361043,,,,,,,,,,,0.0718766000354662
esol,regression,3,3,seeded_scaffold_group_balanced,seeded_scaffold_group_balanced,27,xgb_100_d3,boosting,-1.5862909287959224,,,,,,,,,,,0.0650396000128239
esol,regression,3,1,seeded_scaffold_group_balanced,seeded_scaffold_group_balanced,28,xgb_60_d6,boosting,-1.395066756229796,,,,,,,,,,,0.0715080000227317
esol,regression,3,2,seeded_scaffold_group_balanced,seeded_scaffold_group_balanced,28,xgb_60_d6,boosting,-1.7525624886057132,,,,,,,,,,,0.0742973000160418
esol,regression,3,3,seeded_scaffold_group_balanced,seeded_scaffold_group_balanced,28,xgb_60_d6,boosting,-1.5450673147895635,,,,,,,,,,,0.0688732000417076
esol,regression,3,1,seeded_scaffold_group_balanced,seeded_scaffold_group_balanced,29,cat_60_d4,boosting,-1.6293123571081682,,,,,,,,,,,0.1540914999786764
esol,regression,3,2,seeded_scaffold_group_balanced,seeded_scaffold_group_balanced,29,cat_60_d4,boosting,-1.9415779627102865,,,,,,,,,,,0.1157541999709792
esol,regression,3,3,seeded_scaffold_group_balanced,seeded_scaffold_group_balanced,29,cat_60_d4,boosting,-1.696886063455788,,,,,,,,,,,0.1252422000397928
esol,regression,3,1,seeded_scaffold_group_balanced,seeded_scaffold_group_balanced,30,cat_80_d6,boosting,-1.589804269938625,,,,,,,,,,,0.2629143000231124
esol,regression,3,2,seeded_scaffold_group_balanced,seeded_scaffold_group_balanced,30,cat_80_d6,boosting,-1.8988230452905823,,,,,,,,,,,0.2347687000292353
esol,regression,3,3,seeded_scaffold_group_balanced,seeded_scaffold_group_balanced,30,cat_80_d6,boosting,-1.6249161542506627,,,,,,,,,,,0.2550246000173501
esol,regression,3,1,seeded_scaffold_group_balanced,seeded_scaffold_group_balanced,31,cat_100_d4,boosting,-1.6147431002266217,,,,,,,,,,,0.1823131999699399
esol,regression,3,2,seeded_scaffold_group_balanced,seeded_scaffold_group_balanced,31,cat_100_d4,boosting,-1.9360817616157509,,,,,,,,,,,0.2118335000122897
esol,regression,3,3,seeded_scaffold_group_balanced,seeded_scaffold_group_balanced,31,cat_100_d4,boosting,-1.694429740642514,,,,,,,,,,,0.1739782000076957
esol,regression,3,1,seeded_scaffold_group_balanced,seeded_scaffold_group_balanced,32,cat_60_d8,boosting,-1.582680960937365,,,,,,,,,,,0.4360903999768197
esol,regression,3,2,seeded_scaffold_group_balanced,seeded_scaffold_group_balanced,32,cat_60_d8,boosting,-1.8478927985714295,,,,,,,,,,,0.3504231999977492
esol,regression,3,3,seeded_scaffold_group_balanced,seeded_scaffold_group_balanced,32,cat_60_d8,boosting,-1.6233819539315466,,,,,,,,,,,0.4479158999747596
freesolv,regression,1,1,seeded_scaffold_group_balanced,seeded_scaffold_group_balanced,1,ridge_a0.1,linear,-3.736257018667271,,,,,,,,,,,0.0022458999883383
freesolv,regression,1,2,seeded_scaffold_group_balanced,seeded_scaffold_group_balanced,1,ridge_a0.1,linear,-3.313077621419254,,,,,,,,,,,0.0020072999759577
freesolv,regression,1,3,seeded_scaffold_group_balanced,seeded_scaffold_group_balanced,1,ridge_a0.1,linear,-2.5191912591027803,,,,,,,,,,,0.002072200004477
freesolv,regression,1,1,seeded_scaffold_group_balanced,seeded_scaffold_group_balanced,2,ridge_a1,linear,-3.968187735809281,,,,,,,,,,,0.0023331000120379
freesolv,regression,1,2,seeded_scaffold_group_balanced,seeded_scaffold_group_balanced,2,ridge_a1,linear,-2.256959586092013,,,,,,,,,,,0.001886399986688
freesolv,regression,1,3,seeded_scaffold_group_balanced,seeded_scaffold_group_balanced,2,ridge_a1,linear,-2.0942866044489543,,,,,,,,,,,0.0018441000138409
freesolv,regression,1,1,seeded_scaffold_group_balanced,seeded_scaffold_group_balanced,3,ridge_a10,linear,-4.130409064508115,,,,,,,,,,,0.0017237999709323
freesolv,regression,1,2,seeded_scaffold_group_balanced,seeded_scaffold_group_balanced,3,ridge_a10,linear,-2.0223750343652127,,,,,,,,,,,0.0018891000072471
freesolv,regression,1,3,seeded_scaffold_group_balanced,seeded_scaffold_group_balanced,3,ridge_a10,linear,-2.0461222942694013,,,,,,,,,,,0.0018420999986119
freesolv,regression,1,1,seeded_scaffold_group_balanced,seeded_scaffold_group_balanced,4,elasticnet_a0.001,linear,-3.8192099066853618,,,,,,,,,,,0.0198625000193715
freesolv,regression,1,2,seeded_scaffold_group_balanced,seeded_scaffold_group_balanced,4,elasticnet_a0.001,linear,-2.860749233298824,,,,,,,,,,,0.0268602999858558
freesolv,regression,1,3,seeded_scaffold_group_balanced,seeded_scaffold_group_balanced,4,elasticnet_a0.001,linear,-2.3043580156307737,,,,,,,,,,,0.0234165999572724
freesolv,regression,1,1,seeded_scaffold_group_balanced,seeded_scaffold_group_balanced,5,rf_60_sqrt,bagging,-4.142501464313804,,,,,,,,,,,0.0602353999856859
freesolv,regression,1,2,seeded_scaffold_group_balanced,seeded_scaffold_group_balanced,5,rf_60_sqrt,bagging,-2.538071821911397,,,,,,,,,,,0.0636578999692574
freesolv,regression,1,3,seeded_scaffold_group_balanced,seeded_scaffold_group_balanced,5,rf_60_sqrt,bagging,-2.350178593619773,,,,,,,,,,,0.0640079000149853
freesolv,regression,1,1,seeded_scaffold_group_balanced,seeded_scaffold_group_balanced,6,rf_90_d12,bagging,-4.260364332153571,,,,,,,,,,,0.0884502000408247
freesolv,regression,1,2,seeded_scaffold_group_balanced,seeded_scaffold_group_balanced,6,rf_90_d12,bagging,-2.588311706106313,,,,,,,,,,,0.0898709999746643
freesolv,regression,1,3,seeded_scaffold_group_balanced,seeded_scaffold_group_balanced,6,rf_90_d12,bagging,-2.461780011885468,,,,,,,,,,,0.090628900041338
freesolv,regression,1,1,seeded_scaffold_group_balanced,seeded_scaffold_group_balanced,7,rf_90_leaf2,bagging,-4.234274801454268,,,,,,,,,,,0.0953558000037446
freesolv,regression,1,2,seeded_scaffold_group_balanced,seeded_scaffold_group_balanced,7,rf_90_leaf2,bagging,-2.798529144368912,,,,,,,,,,,0.0846583000384271
freesolv,regression,1,3,seeded_scaffold_group_balanced,seeded_scaffold_group_balanced,7,rf_90_leaf2,bagging,-2.362755266654304,,,,,,,,,,,0.0877615000354126
freesolv,regression,1,1,seeded_scaffold_group_balanced,seeded_scaffold_group_balanced,8,rf_120_d20_leaf2,bagging,-4.255060901177836,,,,,,,,,,,0.1135477000498212
freesolv,regression,1,2,seeded_scaffold_group_balanced,seeded_scaffold_group_balanced,8,rf_120_d20_leaf2,bagging,-2.778258263760943,,,,,,,,,,,0.1081022000289522
freesolv,regression,1,3,seeded_scaffold_group_balanced,seeded_scaffold_group_balanced,8,rf_120_d20_leaf2,bagging,-2.3297252064552207,,,,,,,,,,,0.1118903000024147
freesolv,regression,1,1,seeded_scaffold_group_balanced,seeded_scaffold_group_balanced,9,et_60_sqrt,bagging,-4.135674455094421,,,,,,,,,,,0.0498298000311479
freesolv,regression,1,2,seeded_scaffold_group_balanced,seeded_scaffold_group_balanced,9,et_60_sqrt,bagging,-2.5837041859627123,,,,,,,,,,,0.0546731000067666
freesolv,regression,1,3,seeded_scaffold_group_balanced,seeded_scaffold_group_balanced,9,et_60_sqrt,bagging,-2.27984460304862,,,,,,,,,,,0.0515906999935396
freesolv,regression,1,1,seeded_scaffold_group_balanced,seeded_scaffold_group_balanced,10,et_90_d12,bagging,-4.227501839530983,,,,,,,,,,,0.0606683000223711
freesolv,regression,1,2,seeded_scaffold_group_balanced,seeded_scaffold_group_balanced,10,et_90_d12,bagging,-2.727332234435136,,,,,,,,,,,0.070366500003729
freesolv,regression,1,3,seeded_scaffold_group_balanced,seeded_scaffold_group_balanced,10,et_90_d12,bagging,-2.3916675315829607,,,,,,,,,,,0.0629652999923564
freesolv,regression,1,1,seeded_scaffold_group_balanced,seeded_scaffold_group_balanced,11,et_90_leaf2,bagging,-4.129814671601194,,,,,,,,,,,0.0630950999911874
freesolv,regression,1,2,seeded_scaffold_group_balanced,seeded_scaffold_group_balanced,11,et_90_leaf2,bagging,-2.661707546690949,,,,,,,,,,,0.0706684000324457
freesolv,regression,1,3,seeded_scaffold_group_balanced,seeded_scaffold_group_balanced,11,et_90_leaf2,bagging,-2.2247951504516044,,,,,,,,,,,0.0668809000053443
freesolv,regression,1,1,seeded_scaffold_group_balanced,seeded_scaffold_group_balanced,12,et_120_d20_leaf2,bagging,-4.1304050185168935,,,,,,,,,,,0.0748735000379383
freesolv,regression,1,2,seeded_scaffold_group_balanced,seeded_scaffold_group_balanced,12,et_120_d20_leaf2,bagging,-2.6615173069395803,,,,,,,,,,,0.0787857000250369
freesolv,regression,1,3,seeded_scaffold_group_balanced,seeded_scaffold_group_balanced,12,et_120_d20_leaf2,bagging,-2.2491295943362783,,,,,,,,,,,0.0872623000177554
freesolv,regression,1,1,seeded_scaffold_group_balanced,seeded_scaffold_group_balanced,13,histgb_lr0.05,boosting,-3.9986167875150014,,,,,,,,,,,0.5868524999823421
freesolv,regression,1,2,seeded_scaffold_group_balanced,seeded_scaffold_group_balanced,13,histgb_lr0.05,boosting,-3.025357491499515,,,,,,,,,,,0.549897900025826
freesolv,regression,1,3,seeded_scaffold_group_balanced,seeded_scaffold_group_balanced,13,histgb_lr0.05,boosting,-2.512316007892978,,,,,,,,,,,0.5633598999702372
freesolv,regression,1,1,seeded_scaffold_group_balanced,seeded_scaffold_group_balanced,14,histgb_lr0.1,boosting,-4.04775710088451,,,,,,,,,,,0.4861908999737352
freesolv,regression,1,2,seeded_scaffold_group_balanced,seeded_scaffold_group_balanced,14,histgb_lr0.1,boosting,-3.0214719090977256,,,,,,,,,,,0.489308699965477
freesolv,regression,1,3,seeded_scaffold_group_balanced,seeded_scaffold_group_balanced,14,histgb_lr0.1,boosting,-2.534901629657206,,,,,,,,,,,0.5926096999901347
freesolv,regression,1,1,seeded_scaffold_group_balanced,seeded_scaffold_group_balanced,15,gb_lr0.05_d2,boosting,-4.116182935297856,,,,,,,,,,,0.1545853000134229
freesolv,regression,1,2,seeded_scaffold_group_balanced,seeded_scaffold_group_balanced,15,gb_lr0.05_d2,boosting,-2.926593511097874,,,,,,,,,,,0.1476330999867059
freesolv,regression,1,3,seeded_scaffold_group_balanced,seeded_scaffold_group_balanced,15,gb_lr0.05_d2,boosting,-2.5415961072314053,,,,,,,,,,,0.1519028999609872
freesolv,regression,1,1,seeded_scaffold_group_balanced,seeded_scaffold_group_balanced,16,gb_lr0.1_d3,boosting,-3.912845869603574,,,,,,,,,,,0.2080998999881558
freesolv,regression,1,2,seeded_scaffold_group_balanced,seeded_scaffold_group_balanced,16,gb_lr0.1_d3,boosting,-2.770692726333659,,,,,,,,,,,0.2099479000316932
freesolv,regression,1,3,seeded_scaffold_group_balanced,seeded_scaffold_group_balanced,16,gb_lr0.1_d3,boosting,-2.74448040344631,,,,,,,,,,,0.1963811999885365
freesolv,regression,1,1,seeded_scaffold_group_balanced,seeded_scaffold_group_balanced,17,lgbm_60_l15,boosting,-3.998427853821636,,,,,,,,,,,0.0344731999794021
freesolv,regression,1,2,seeded_scaffold_group_balanced,seeded_scaffold_group_balanced,17,lgbm_60_l15,boosting,-2.9654746667878324,,,,,,,,,,,0.0194718000129796
freesolv,regression,1,3,seeded_scaffold_group_balanced,seeded_scaffold_group_balanced,17,lgbm_60_l15,boosting,-2.51071840744035,,,,,,,,,,,0.0209848000085912
freesolv,regression,1,1,seeded_scaffold_group_balanced,seeded_scaffold_group_balanced,18,lgbm_90_l31,boosting,-4.004198887724414,,,,,,,,,,,0.0287311999709345
freesolv,regression,1,2,seeded_scaffold_group_balanced,seeded_scaffold_group_balanced,18,lgbm_90_l31,boosting,-3.025469527076525,,,,,,,,,,,0.0415816999739035
freesolv,regression,1,3,seeded_scaffold_group_balanced,seeded_scaffold_group_balanced,18,lgbm_90_l31,boosting,-2.509287703981486,,,,,,,,,,,0.0399278999539092
freesolv,regression,1,1,seeded_scaffold_group_balanced,seeded_scaffold_group_balanced,19,lgbm_60_l63,boosting,-3.9787012839292544,,,,,,,,,,,0.0373339000507257
freesolv,regression,1,2,seeded_scaffold_group_balanced,seeded_scaffold_group_balanced,19,lgbm_60_l63,boosting,-3.0303195165030496,,,,,,,,,,,0.0347276999964378
freesolv,regression,1,3,seeded_scaffold_group_balanced,seeded_scaffold_group_balanced,19,lgbm_60_l63,boosting,-2.503255281510741,,,,,,,,,,,0.025826999975834
freesolv,regression,1,1,seeded_scaffold_group_balanced,seeded_scaffold_group_balanced,20,lgbm_100_leaf10,boosting,-4.201713544201764,,,,,,,,,,,0.0563906999886967
freesolv,regression,1,2,seeded_scaffold_group_balanced,seeded_scaffold_group_balanced,20,lgbm_100_leaf10,boosting,-2.767128020464564,,,,,,,,,,,0.0531369000091217
freesolv,regression,1,3,seeded_scaffold_group_balanced,seeded_scaffold_group_balanced,20,lgbm_100_leaf10,boosting,-2.226386263164382,,,,,,,,,,,0.072433200024534
freesolv,regression,1,1,seeded_scaffold_group_balanced,seeded_scaffold_group_balanced,21,lgbm_100_leaf30,boosting,-3.9899815463274018,,,,,,,,,,,0.0227830999647267
freesolv,regression,1,2,seeded_scaffold_group_balanced,seeded_scaffold_group_balanced,21,lgbm_100_leaf30,boosting,-2.670956804137385,,,,,,,,,,,0.0223345999838784
freesolv,regression,1,3,seeded_scaffold_group_balanced,seeded_scaffold_group_balanced,21,lgbm_100_leaf30,boosting,-2.5980878343087954,,,,,,,,,,,0.0497567999991588
freesolv,regression,1,1,seeded_scaffold_group_balanced,seeded_scaffold_group_balanced,22,lgbm_80_ff0.7,boosting,-4.008022259591256,,,,,,,,,,,0.0468620999599806
freesolv,regression,1,2,seeded_scaffold_group_balanced,seeded_scaffold_group_balanced,22,lgbm_80_ff0.7,boosting,-2.9183862500141724,,,,,,,,,,,0.036330499977339
freesolv,regression,1,3,seeded_scaffold_group_balanced,seeded_scaffold_group_balanced,22,lgbm_80_ff0.7,boosting,-2.4972065057282142,,,,,,,,,,,0.0251258000498637
freesolv,regression,1,1,seeded_scaffold_group_balanced,seeded_scaffold_group_balanced,23,lgbm_80_bag0.8,boosting,-4.026829112101702,,,,,,,,,,,0.0216919999802485
freesolv,regression,1,2,seeded_scaffold_group_balanced,seeded_scaffold_group_balanced,23,lgbm_80_bag0.8,boosting,-2.8655620782355244,,,,,,,,,,,0.0202532000257633
freesolv,regression,1,3,seeded_scaffold_group_balanced,seeded_scaffold_group_balanced,23,lgbm_80_bag0.8,boosting,-2.5796021221397214,,,,,,,,,,,0.0203699999838136
freesolv,regression,1,1,seeded_scaffold_group_balanced,seeded_scaffold_group_balanced,24,lgbm_120_l15,boosting,-3.978503812742455,,,,,,,,,,,0.0372170999762602
freesolv,regression,1,2,seeded_scaffold_group_balanced,seeded_scaffold_group_balanced,24,lgbm_120_l15,boosting,-3.0172535428735823,,,,,,,,,,,0.0556629000348039
freesolv,regression,1,3,seeded_scaffold_group_balanced,seeded_scaffold_group_balanced,24,lgbm_120_l15,boosting,-2.503883764456324,,,,,,,,,,,0.0470506999990902
freesolv,regression,1,1,seeded_scaffold_group_balanced,seeded_scaffold_group_balanced,25,xgb_60_d3,boosting,-4.10971435575362,,,,,,,,,,,0.0475876000127755
freesolv,regression,1,2,seeded_scaffold_group_balanced,seeded_scaffold_group_balanced,25,xgb_60_d3,boosting,-2.750841964459442,,,,,,,,,,,0.051292399992235
freesolv,regression,1,3,seeded_scaffold_group_balanced,seeded_scaffold_group_balanced,25,xgb_60_d3,boosting,-2.482260739868031,,,,,,,,,,,0.0493784999707713
freesolv,regression,1,1,seeded_scaffold_group_balanced,seeded_scaffold_group_balanced,26,xgb_80_d5,boosting,-4.031943412673419,,,,,,,,,,,0.072111000015866
freesolv,regression,1,2,seeded_scaffold_group_balanced,seeded_scaffold_group_balanced,26,xgb_80_d5,boosting,-2.642892844594253,,,,,,,,,,,0.0721070999861694
freesolv,regression,1,3,seeded_scaffold_group_balanced,seeded_scaffold_group_balanced,26,xgb_80_d5,boosting,-2.569348687526307,,,,,,,,,,,0.0734294000430964
freesolv,regression,1,1,seeded_scaffold_group_balanced,seeded_scaffold_group_balanced,27,xgb_100_d3,boosting,-4.102674507369755,,,,,,,,,,,0.0694269000086933
freesolv,regression,1,2,seeded_scaffold_group_balanced,seeded_scaffold_group_balanced,27,xgb_100_d3,boosting,-2.705096502027033,,,,,,,,,,,0.0634229999850504
freesolv,regression,1,3,seeded_scaffold_group_balanced,seeded_scaffold_group_balanced,27,xgb_100_d3,boosting,-2.462517544543249,,,,,,,,,,,0.0614275999832898
freesolv,regression,1,1,seeded_scaffold_group_balanced,seeded_scaffold_group_balanced,28,xgb_60_d6,boosting,-4.081877753730895,,,,,,,,,,,0.0691859999787993
freesolv,regression,1,2,seeded_scaffold_group_balanced,seeded_scaffold_group_balanced,28,xgb_60_d6,boosting,-2.661477820311006,,,,,,,,,,,0.0638180999667383
freesolv,regression,1,3,seeded_scaffold_group_balanced,seeded_scaffold_group_balanced,28,xgb_60_d6,boosting,-2.4895341695036364,,,,,,,,,,,0.0677622000221163
freesolv,regression,1,1,seeded_scaffold_group_balanced,seeded_scaffold_group_balanced,29,cat_60_d4,boosting,-4.132808318679666,,,,,,,,,,,0.1553617999888956
freesolv,regression,1,2,seeded_scaffold_group_balanced,seeded_scaffold_group_balanced,29,cat_60_d4,boosting,-2.752773632992664,,,,,,,,,,,0.1276695000124164
freesolv,regression,1,3,seeded_scaffold_group_balanced,seeded_scaffold_group_balanced,29,cat_60_d4,boosting,-2.4635644314315037,,,,,,,,,,,0.1243041999987326
freesolv,regression,1,1,seeded_scaffold_group_balanced,seeded_scaffold_group_balanced,30,cat_80_d6,boosting,-4.169876573677475,,,,,,,,,,,0.2065841000294312
freesolv,regression,1,2,seeded_scaffold_group_balanced,seeded_scaffold_group_balanced,30,cat_80_d6,boosting,-2.6702232690759096,,,,,,,,,,,0.2846651999861933
freesolv,regression,1,3,seeded_scaffold_group_balanced,seeded_scaffold_group_balanced,30,cat_80_d6,boosting,-2.4148060452455598,,,,,,,,,,,0.2024277999880723
freesolv,regression,1,1,seeded_scaffold_group_balanced,seeded_scaffold_group_balanced,31,cat_100_d4,boosting,-4.171187099931852,,,,,,,,,,,0.1284078999888152
freesolv,regression,1,2,seeded_scaffold_group_balanced,seeded_scaffold_group_balanced,31,cat_100_d4,boosting,-2.6422742042693232,,,,,,,,,,,0.1257788999937474
freesolv,regression,1,3,seeded_scaffold_group_balanced,seeded_scaffold_group_balanced,31,cat_100_d4,boosting,-2.4573332772117418,,,,,,,,,,,0.1367870999965816
freesolv,regression,1,1,seeded_scaffold_group_balanced,seeded_scaffold_group_balanced,32,cat_60_d8,boosting,-4.080286105519443,,,,,,,,,,,0.2314785000053234
freesolv,regression,1,2,seeded_scaffold_group_balanced,seeded_scaffold_group_balanced,32,cat_60_d8,boosting,-2.6985394215620016,,,,,,,,,,,0.3258533999905921
freesolv,regression,1,3,seeded_scaffold_group_balanced,seeded_scaffold_group_balanced,32,cat_60_d8,boosting,-2.436174683329696,,,,,,,,,,,0.228294399974402
freesolv,regression,2,1,seeded_scaffold_group_balanced,seeded_scaffold_group_balanced,1,ridge_a0.1,linear,-2.859183057232092,,,,,,,,,,,0.0026552000199444
freesolv,regression,2,2,seeded_scaffold_group_balanced,seeded_scaffold_group_balanced,1,ridge_a0.1,linear,-3.9464240024531128,,,,,,,,,,,0.0021417000098153
freesolv,regression,2,3,seeded_scaffold_group_balanced,seeded_scaffold_group_balanced,1,ridge_a0.1,linear,-3.4309413972171097,,,,,,,,,,,0.0019195000058971
freesolv,regression,2,1,seeded_scaffold_group_balanced,seeded_scaffold_group_balanced,2,ridge_a1,linear,-2.359021853370256,,,,,,,,,,,0.0020437000202946
freesolv,regression,2,2,seeded_scaffold_group_balanced,seeded_scaffold_group_balanced,2,ridge_a1,linear,-3.1779538722505727,,,,,,,,,,,0.002426800027024
freesolv,regression,2,3,seeded_scaffold_group_balanced,seeded_scaffold_group_balanced,2,ridge_a1,linear,-2.371642878616816,,,,,,,,,,,0.0019033999997191
freesolv,regression,2,1,seeded_scaffold_group_balanced,seeded_scaffold_group_balanced,3,ridge_a10,linear,-2.377147409750725,,,,,,,,,,,0.0021250999998301
freesolv,regression,2,2,seeded_scaffold_group_balanced,seeded_scaffold_group_balanced,3,ridge_a10,linear,-3.354854713944816,,,,,,,,,,,0.0020314999856054
freesolv,regression,2,3,seeded_scaffold_group_balanced,seeded_scaffold_group_balanced,3,ridge_a10,linear,-2.1958164788824943,,,,,,,,,,,0.0021596999722532
freesolv,regression,2,1,seeded_scaffold_group_balanced,seeded_scaffold_group_balanced,4,elasticnet_a0.001,linear,-2.630769228646594,,,,,,,,,,,0.0393900999915786
freesolv,regression,2,2,seeded_scaffold_group_balanced,seeded_scaffold_group_balanced,4,elasticnet_a0.001,linear,-3.5741978681795272,,,,,,,,,,,0.0443338000332005
freesolv,regression,2,3,seeded_scaffold_group_balanced,seeded_scaffold_group_balanced,4,elasticnet_a0.001,linear,-2.9267844548371644,,,,,,,,,,,0.0333590000518597
freesolv,regression,2,1,seeded_scaffold_group_balanced,seeded_scaffold_group_balanced,5,rf_60_sqrt,bagging,-2.5153490935732377,,,,,,,,,,,0.0591258999775163
freesolv,regression,2,2,seeded_scaffold_group_balanced,seeded_scaffold_group_balanced,5,rf_60_sqrt,bagging,-3.4152483568130587,,,,,,,,,,,0.0617612000205554
freesolv,regression,2,3,seeded_scaffold_group_balanced,seeded_scaffold_group_balanced,5,rf_60_sqrt,bagging,-2.2124498836871576,,,,,,,,,,,0.0558103999937884
freesolv,regression,2,1,seeded_scaffold_group_balanced,seeded_scaffold_group_balanced,6,rf_90_d12,bagging,-2.760616430799117,,,,,,,,,,,0.0913512000115588
freesolv,regression,2,2,seeded_scaffold_group_balanced,seeded_scaffold_group_balanced,6,rf_90_d12,bagging,-3.73001803569916,,,,,,,,,,,0.0886692000203765
freesolv,regression,2,3,seeded_scaffold_group_balanced,seeded_scaffold_group_balanced,6,rf_90_d12,bagging,-2.380853185931081,,,,,,,,,,,0.1073542999802157
freesolv,regression,2,1,seeded_scaffold_group_balanced,seeded_scaffold_group_balanced,7,rf_90_leaf2,bagging,-2.7013957704612386,,,,,,,,,,,0.0893506999709643
freesolv,regression,2,2,seeded_scaffold_group_balanced,seeded_scaffold_group_balanced,7,rf_90_leaf2,bagging,-3.861100509815979,,,,,,,,,,,0.0862027999828569
freesolv,regression,2,3,seeded_scaffold_group_balanced,seeded_scaffold_group_balanced,7,rf_90_leaf2,bagging,-2.411851568519237,,,,,,,,,,,0.079645000048913
freesolv,regression,2,1,seeded_scaffold_group_balanced,seeded_scaffold_group_balanced,8,rf_120_d20_leaf2,bagging,-2.691197543057229,,,,,,,,,,,0.0991620999993756
freesolv,regression,2,2,seeded_scaffold_group_balanced,seeded_scaffold_group_balanced,8,rf_120_d20_leaf2,bagging,-3.880303910176394,,,,,,,,,,,0.1139526999904774
freesolv,regression,2,3,seeded_scaffold_group_balanced,seeded_scaffold_group_balanced,8,rf_120_d20_leaf2,bagging,-2.4062806749694965,,,,,,,,,,,0.1253633000305853
freesolv,regression,2,1,seeded_scaffold_group_balanced,seeded_scaffold_group_balanced,9,et_60_sqrt,bagging,-2.5635152152349825,,,,,,,,,,,0.062539700011257
freesolv,regression,2,2,seeded_scaffold_group_balanced,seeded_scaffold_group_balanced,9,et_60_sqrt,bagging,-3.1147769532835787,,,,,,,,,,,0.0548278999631293
freesolv,regression,2,3,seeded_scaffold_group_balanced,seeded_scaffold_group_balanced,9,et_60_sqrt,bagging,-2.1845195637502397,,,,,,,,,,,0.0531248999759554
freesolv,regression,2,1,seeded_scaffold_group_balanced,seeded_scaffold_group_balanced,10,et_90_d12,bagging,-2.8020935014199817,,,,,,,,,,,0.0769819000270217
freesolv,regression,2,2,seeded_scaffold_group_balanced,seeded_scaffold_group_balanced,10,et_90_d12,bagging,-3.381662476720775,,,,,,,,,,,0.0739452000125311
freesolv,regression,2,3,seeded_scaffold_group_balanced,seeded_scaffold_group_balanced,10,et_90_d12,bagging,-2.4702050651099525,,,,,,,,,,,0.0746015000040642
freesolv,regression,2,1,seeded_scaffold_group_balanced,seeded_scaffold_group_balanced,11,et_90_leaf2,bagging,-2.586981760979574,,,,,,,,,,,0.0793757000355981
freesolv,regression,2,2,seeded_scaffold_group_balanced,seeded_scaffold_group_balanced,11,et_90_leaf2,bagging,-3.5784060287349493,,,,,,,,,,,0.0579777000239118
freesolv,regression,2,3,seeded_scaffold_group_balanced,seeded_scaffold_group_balanced,11,et_90_leaf2,bagging,-2.3207560918624326,,,,,,,,,,,0.0672225999878719
freesolv,regression,2,1,seeded_scaffold_group_balanced,seeded_scaffold_group_balanced,12,et_120_d20_leaf2,bagging,-2.616528358026636,,,,,,,,,,,0.0786036999779753
freesolv,regression,2,2,seeded_scaffold_group_balanced,seeded_scaffold_group_balanced,12,et_120_d20_leaf2,bagging,-3.6183406719396074,,,,,,,,,,,0.0824269999866373
freesolv,regression,2,3,seeded_scaffold_group_balanced,seeded_scaffold_group_balanced,12,et_120_d20_leaf2,bagging,-2.3241358664280383,,,,,,,,,,,0.088283599994611
freesolv,regression,2,1,seeded_scaffold_group_balanced,seeded_scaffold_group_balanced,13,histgb_lr0.05,boosting,-2.8705428378396403,,,,,,,,,,,0.7150118999998085
freesolv,regression,2,2,seeded_scaffold_group_balanced,seeded_scaffold_group_balanced,13,histgb_lr0.05,boosting,-3.728167725464543,,,,,,,,,,,0.9656925000017508
freesolv,regression,2,3,seeded_scaffold_group_balanced,seeded_scaffold_group_balanced,13,histgb_lr0.05,boosting,-2.3135068931459566,,,,,,,,,,,0.8223958999733441
freesolv,regression,2,1,seeded_scaffold_group_balanced,seeded_scaffold_group_balanced,14,histgb_lr0.1,boosting,-2.919862747307811,,,,,,,,,,,0.6336158000049181
freesolv,regression,2,2,seeded_scaffold_group_balanced,seeded_scaffold_group_balanced,14,histgb_lr0.1,boosting,-3.661240837542051,,,,,,,,,,,0.5603085000184365
freesolv,regression,2,3,seeded_scaffold_group_balanced,seeded_scaffold_group_balanced,14,histgb_lr0.1,boosting,-2.362383139189117,,,,,,,,,,,0.6049311999813654
freesolv,regression,2,1,seeded_scaffold_group_balanced,seeded_scaffold_group_balanced,15,gb_lr0.05_d2,boosting,-2.858674731943184,,,,,,,,,,,0.156412000011187
freesolv,regression,2,2,seeded_scaffold_group_balanced,seeded_scaffold_group_balanced,15,gb_lr0.05_d2,boosting,-3.6113565008797552,,,,,,,,,,,0.1607140999985858
freesolv,regression,2,3,seeded_scaffold_group_balanced,seeded_scaffold_group_balanced,15,gb_lr0.05_d2,boosting,-2.54793132097534,,,,,,,,,,,0.1583111999789253
freesolv,regression,2,1,seeded_scaffold_group_balanced,seeded_scaffold_group_balanced,16,gb_lr0.1_d3,boosting,-2.57881516769511,,,,,,,,,,,0.2054146000300534
freesolv,regression,2,2,seeded_scaffold_group_balanced,seeded_scaffold_group_balanced,16,gb_lr0.1_d3,boosting,-3.314248162025601,,,,,,,,,,,0.2061661999905482
freesolv,regression,2,3,seeded_scaffold_group_balanced,seeded_scaffold_group_balanced,16,gb_lr0.1_d3,boosting,-2.216672123573534,,,,,,,,,,,0.2108734999783337
freesolv,regression,2,1,seeded_scaffold_group_balanced,seeded_scaffold_group_balanced,17,lgbm_60_l15,boosting,-2.827123606360097,,,,,,,,,,,0.0372482999810017
freesolv,regression,2,2,seeded_scaffold_group_balanced,seeded_scaffold_group_balanced,17,lgbm_60_l15,boosting,-3.781303902161013,,,,,,,,,,,0.0340570000116713
freesolv,regression,2,3,seeded_scaffold_group_balanced,seeded_scaffold_group_balanced,17,lgbm_60_l15,boosting,-2.3989073267372887,,,,,,,,,,,0.0673857000074349
freesolv,regression,2,1,seeded_scaffold_group_balanced,seeded_scaffold_group_balanced,18,lgbm_90_l31,boosting,-2.849184755769797,,,,,,,,,,,0.0679054000065662
freesolv,regression,2,2,seeded_scaffold_group_balanced,seeded_scaffold_group_balanced,18,lgbm_90_l31,boosting,-3.743532504437756,,,,,,,,,,,0.0651878000353463
freesolv,regression,2,3,seeded_scaffold_group_balanced,seeded_scaffold_group_balanced,18,lgbm_90_l31,boosting,-2.3220138049051,,,,,,,,,,,0.0445935000316239
freesolv,regression,2,1,seeded_scaffold_group_balanced,seeded_scaffold_group_balanced,19,lgbm_60_l63,boosting,-2.8661768021875043,,,,,,,,,,,0.0288787999888882
freesolv,regression,2,2,seeded_scaffold_group_balanced,seeded_scaffold_group_balanced,19,lgbm_60_l63,boosting,-3.717485019826796,,,,,,,,,,,0.015588599955663
freesolv,regression,2,3,seeded_scaffold_group_balanced,seeded_scaffold_group_balanced,19,lgbm_60_l63,boosting,-2.319517021537671,,,,,,,,,,,0.0154662999557331
freesolv,regression,2,1,seeded_scaffold_group_balanced,seeded_scaffold_group_balanced,20,lgbm_100_leaf10,boosting,-2.341862714052855,,,,,,,,,,,0.0371878999867476
freesolv,regression,2,2,seeded_scaffold_group_balanced,seeded_scaffold_group_balanced,20,lgbm_100_leaf10,boosting,-3.186326952327496,,,,,,,,,,,0.0375544999842532
freesolv,regression,2,3,seeded_scaffold_group_balanced,seeded_scaffold_group_balanced,20,lgbm_100_leaf10,boosting,-2.414414114559712,,,,,,,,,,,0.0317394000012427
freesolv,regression,2,1,seeded_scaffold_group_balanced,seeded_scaffold_group_balanced,21,lgbm_100_leaf30,boosting,-3.050386326482591,,,,,,,,,,,0.0157174000050872
freesolv,regression,2,2,seeded_scaffold_group_balanced,seeded_scaffold_group_balanced,21,lgbm_100_leaf30,boosting,-3.822643219434769,,,,,,,,,,,0.0174363000551238
freesolv,regression,2,3,seeded_scaffold_group_balanced,seeded_scaffold_group_balanced,21,lgbm_100_leaf30,boosting,-2.50280985494236,,,,,,,,,,,0.0158453000476583
freesolv,regression,2,1,seeded_scaffold_group_balanced,seeded_scaffold_group_balanced,22,lgbm_80_ff0.7,boosting,-2.811665532047382,,,,,,,,,,,0.0199782999698072
freesolv,regression,2,2,seeded_scaffold_group_balanced,seeded_scaffold_group_balanced,22,lgbm_80_ff0.7,boosting,-3.666997028494378,,,,,,,,,,,0.0193517999723553
freesolv,regression,2,3,seeded_scaffold_group_balanced,seeded_scaffold_group_balanced,22,lgbm_80_ff0.7,boosting,-2.3051847137502426,,,,,,,,,,,0.0174624000210315
freesolv,regression,2,1,seeded_scaffold_group_balanced,seeded_scaffold_group_balanced,23,lgbm_80_bag0.8,boosting,-2.888546983955764,,,,,,,,,,,0.0151023999787867
freesolv,regression,2,2,seeded_scaffold_group_balanced,seeded_scaffold_group_balanced,23,lgbm_80_bag0.8,boosting,-3.715799077135642,,,,,,,,,,,0.016080499975942
freesolv,regression,2,3,seeded_scaffold_group_balanced,seeded_scaffold_group_balanced,23,lgbm_80_bag0.8,boosting,-2.3556442429266946,,,,,,,,,,,0.0160420999745838
freesolv,regression,2,1,seeded_scaffold_group_balanced,seeded_scaffold_group_balanced,24,lgbm_120_l15,boosting,-2.85678365941608,,,,,,,,,,,0.0233087000087834
freesolv,regression,2,2,seeded_scaffold_group_balanced,seeded_scaffold_group_balanced,24,lgbm_120_l15,boosting,-3.7383878468794633,,,,,,,,,,,0.02472599997418
freesolv,regression,2,3,seeded_scaffold_group_balanced,seeded_scaffold_group_balanced,24,lgbm_120_l15,boosting,-2.3557713172590136,,,,,,,,,,,0.0249039000482298
freesolv,regression,2,1,seeded_scaffold_group_balanced,seeded_scaffold_group_balanced,25,xgb_60_d3,boosting,-2.5919257345704625,,,,,,,,,,,0.0342525000451132
freesolv,regression,2,2,seeded_scaffold_group_balanced,seeded_scaffold_group_balanced,25,xgb_60_d3,boosting,-3.327441562224749,,,,,,,,,,,0.0423422000021673
freesolv,regression,2,3,seeded_scaffold_group_balanced,seeded_scaffold_group_balanced,25,xgb_60_d3,boosting,-2.298687195995949,,,,,,,,,,,0.0375648000044748
freesolv,regression,2,1,seeded_scaffold_group_balanced,seeded_scaffold_group_balanced,26,xgb_80_d5,boosting,-2.5056301476694647,,,,,,,,,,,0.0638114999746903
freesolv,regression,2,2,seeded_scaffold_group_balanced,seeded_scaffold_group_balanced,26,xgb_80_d5,boosting,-3.082138815434215,,,,,,,,,,,0.0539669999852776
freesolv,regression,2,3,seeded_scaffold_group_balanced,seeded_scaffold_group_balanced,26,xgb_80_d5,boosting,-2.078789471420877,,,,,,,,,,,0.0556252999813295
freesolv,regression,2,1,seeded_scaffold_group_balanced,seeded_scaffold_group_balanced,27,xgb_100_d3,boosting,-2.6361570473001628,,,,,,,,,,,0.0662020000163465
freesolv,regression,2,2,seeded_scaffold_group_balanced,seeded_scaffold_group_balanced,27,xgb_100_d3,boosting,-3.2357362914741685,,,,,,,,,,,0.0695372000336647
freesolv,regression,2,3,seeded_scaffold_group_balanced,seeded_scaffold_group_balanced,27,xgb_100_d3,boosting,-2.238395726952746,,,,,,,,,,,0.0676940000266768
freesolv,regression,2,1,seeded_scaffold_group_balanced,seeded_scaffold_group_balanced,28,xgb_60_d6,boosting,-2.4435427808028707,,,,,,,,,,,0.0634550000540912
freesolv,regression,2,2,seeded_scaffold_group_balanced,seeded_scaffold_group_balanced,28,xgb_60_d6,boosting,-3.02547166472457,,,,,,,,,,,0.0692094999831169
freesolv,regression,2,3,seeded_scaffold_group_balanced,seeded_scaffold_group_balanced,28,xgb_60_d6,boosting,-2.240062412218044,,,,,,,,,,,0.0662448999937623
freesolv,regression,2,1,seeded_scaffold_group_balanced,seeded_scaffold_group_balanced,29,cat_60_d4,boosting,-2.8896864707447256,,,,,,,,,,,0.134745399991516
freesolv,regression,2,2,seeded_scaffold_group_balanced,seeded_scaffold_group_balanced,29,cat_60_d4,boosting,-3.54764563026036,,,,,,,,,,,0.1288424999802373
freesolv,regression,2,3,seeded_scaffold_group_balanced,seeded_scaffold_group_balanced,29,cat_60_d4,boosting,-2.42975045320106,,,,,,,,,,,0.1503850999870337
freesolv,regression,2,1,seeded_scaffold_group_balanced,seeded_scaffold_group_balanced,30,cat_80_d6,boosting,-2.783008536994485,,,,,,,,,,,0.228713099961169
freesolv,regression,2,2,seeded_scaffold_group_balanced,seeded_scaffold_group_balanced,30,cat_80_d6,boosting,-3.5503940411965456,,,,,,,,,,,0.225481099972967
freesolv,regression,2,3,seeded_scaffold_group_balanced,seeded_scaffold_group_balanced,30,cat_80_d6,boosting,-2.437231596586411,,,,,,,,,,,0.1837627000059001
freesolv,regression,2,1,seeded_scaffold_group_balanced,seeded_scaffold_group_balanced,31,cat_100_d4,boosting,-2.9052419800911684,,,,,,,,,,,0.1447459000046365
freesolv,regression,2,2,seeded_scaffold_group_balanced,seeded_scaffold_group_balanced,31,cat_100_d4,boosting,-3.5989106804824167,,,,,,,,,,,0.1499402999761514
freesolv,regression,2,3,seeded_scaffold_group_balanced,seeded_scaffold_group_balanced,31,cat_100_d4,boosting,-2.450763103878562,,,,,,,,,,,0.1584575000451877
freesolv,regression,2,1,seeded_scaffold_group_balanced,seeded_scaffold_group_balanced,32,cat_60_d8,boosting,-2.7450989330112145,,,,,,,,,,,0.3383486000238918
freesolv,regression,2,2,seeded_scaffold_group_balanced,seeded_scaffold_group_balanced,32,cat_60_d8,boosting,-3.5244524434923914,,,,,,,,,,,0.3301743000047281
freesolv,regression,2,3,seeded_scaffold_group_balanced,seeded_scaffold_group_balanced,32,cat_60_d8,boosting,-2.395544746538304,,,,,,,,,,,0.3086502999649383
freesolv,regression,3,1,seeded_scaffold_group_balanced,seeded_scaffold_group_balanced,1,ridge_a0.1,linear,-4.078056565157056,,,,,,,,,,,0.0019824000191874
freesolv,regression,3,2,seeded_scaffold_group_balanced,seeded_scaffold_group_balanced,1,ridge_a0.1,linear,-2.931602857250306,,,,,,,,,,,0.0021207999670878
freesolv,regression,3,3,seeded_scaffold_group_balanced,seeded_scaffold_group_balanced,1,ridge_a0.1,linear,-3.61015174081524,,,,,,,,,,,0.0022727999603375
freesolv,regression,3,1,seeded_scaffold_group_balanced,seeded_scaffold_group_balanced,2,ridge_a1,linear,-2.7558364751857054,,,,,,,,,,,0.0023015000042505
freesolv,regression,3,2,seeded_scaffold_group_balanced,seeded_scaffold_group_balanced,2,ridge_a1,linear,-2.858017661437311,,,,,,,,,,,0.001801099977456
freesolv,regression,3,3,seeded_scaffold_group_balanced,seeded_scaffold_group_balanced,2,ridge_a1,linear,-3.1910967912278525,,,,,,,,,,,0.0018883000011555
freesolv,regression,3,1,seeded_scaffold_group_balanced,seeded_scaffold_group_balanced,3,ridge_a10,linear,-2.165046790595112,,,,,,,,,,,0.0017609999631531
freesolv,regression,3,2,seeded_scaffold_group_balanced,seeded_scaffold_group_balanced,3,ridge_a10,linear,-3.0643167991025666,,,,,,,,,,,0.0019211999606341
freesolv,regression,3,3,seeded_scaffold_group_balanced,seeded_scaffold_group_balanced,3,ridge_a10,linear,-3.3527166822240217,,,,,,,,,,,0.001875799964182
freesolv,regression,3,1,seeded_scaffold_group_balanced,seeded_scaffold_group_balanced,4,elasticnet_a0.001,linear,-3.458105061239967,,,,,,,,,,,0.0279320999979972
freesolv,regression,3,2,seeded_scaffold_group_balanced,seeded_scaffold_group_balanced,4,elasticnet_a0.001,linear,-2.828810431140666,,,,,,,,,,,0.0199717000359669
freesolv,regression,3,3,seeded_scaffold_group_balanced,seeded_scaffold_group_balanced,4,elasticnet_a0.001,linear,-3.3293049539907456,,,,,,,,,,,0.0184896999853663
freesolv,regression,3,1,seeded_scaffold_group_balanced,seeded_scaffold_group_balanced,5,rf_60_sqrt,bagging,-2.226173249028885,,,,,,,,,,,0.0669356000144034
freesolv,regression,3,2,seeded_scaffold_group_balanced,seeded_scaffold_group_balanced,5,rf_60_sqrt,bagging,-3.11412527598148,,,,,,,,,,,0.0682647000066936
freesolv,regression,3,3,seeded_scaffold_group_balanced,seeded_scaffold_group_balanced,5,rf_60_sqrt,bagging,-3.5815522359670493,,,,,,,,,,,0.0661285999813117
freesolv,regression,3,1,seeded_scaffold_group_balanced,seeded_scaffold_group_balanced,6,rf_90_d12,bagging,-2.387171340363044,,,,,,,,,,,0.0907995000015944
freesolv,regression,3,2,seeded_scaffold_group_balanced,seeded_scaffold_group_balanced,6,rf_90_d12,bagging,-3.2466278358904352,,,,,,,,,,,0.0774691999540664
freesolv,regression,3,3,seeded_scaffold_group_balanced,seeded_scaffold_group_balanced,6,rf_90_d12,bagging,-3.6930281696417353,,,,,,,,,,,0.0891289999708533
freesolv,regression,3,1,seeded_scaffold_group_balanced,seeded_scaffold_group_balanced,7,rf_90_leaf2,bagging,-2.5120365825643995,,,,,,,,,,,0.0928727000136859
freesolv,regression,3,2,seeded_scaffold_group_balanced,seeded_scaffold_group_balanced,7,rf_90_leaf2,bagging,-3.307275038317516,,,,,,,,,,,0.0876492999959737
freesolv,regression,3,3,seeded_scaffold_group_balanced,seeded_scaffold_group_balanced,7,rf_90_leaf2,bagging,-3.7181595012123054,,,,,,,,,,,0.0874458000180311
freesolv,regression,3,1,seeded_scaffold_group_balanced,seeded_scaffold_group_balanced,8,rf_120_d20_leaf2,bagging,-2.529774419595185,,,,,,,,,,,0.1147357000154443
freesolv,regression,3,2,seeded_scaffold_group_balanced,seeded_scaffold_group_balanced,8,rf_120_d20_leaf2,bagging,-3.3186700244180063,,,,,,,,,,,0.1170709999860264
freesolv,regression,3,3,seeded_scaffold_group_balanced,seeded_scaffold_group_balanced,8,rf_120_d20_leaf2,bagging,-3.717053870324843,,,,,,,,,,,0.1183987999684177
freesolv,regression,3,1,seeded_scaffold_group_balanced,seeded_scaffold_group_balanced,9,et_60_sqrt,bagging,-2.238201083071507,,,,,,,,,,,0.0519143000128679
freesolv,regression,3,2,seeded_scaffold_group_balanced,seeded_scaffold_group_balanced,9,et_60_sqrt,bagging,-3.014793853731529,,,,,,,,,,,0.0504352000425569
freesolv,regression,3,3,seeded_scaffold_group_balanced,seeded_scaffold_group_balanced,9,et_60_sqrt,bagging,-3.5892225142912797,,,,,,,,,,,0.0538450999883934
freesolv,regression,3,1,seeded_scaffold_group_balanced,seeded_scaffold_group_balanced,10,et_90_d12,bagging,-2.3273352678090564,,,,,,,,,,,0.0725139999995008
freesolv,regression,3,2,seeded_scaffold_group_balanced,seeded_scaffold_group_balanced,10,et_90_d12,bagging,-3.247416452321232,,,,,,,,,,,0.0834603999974206
freesolv,regression,3,3,seeded_scaffold_group_balanced,seeded_scaffold_group_balanced,10,et_90_d12,bagging,-3.718597649742228,,,,,,,,,,,0.091816000000108
freesolv,regression,3,1,seeded_scaffold_group_balanced,seeded_scaffold_group_balanced,11,et_90_leaf2,bagging,-2.466130225294805,,,,,,,,,,,0.0902579000103287
freesolv,regression,3,2,seeded_scaffold_group_balanced,seeded_scaffold_group_balanced,11,et_90_leaf2,bagging,-3.25340268197468,,,,,,,,,,,0.0918260000180453
freesolv,regression,3,3,seeded_scaffold_group_balanced,seeded_scaffold_group_balanced,11,et_90_leaf2,bagging,-3.600568438123969,,,,,,,,,,,0.0956357999821193
freesolv,regression,3,1,seeded_scaffold_group_balanced,seeded_scaffold_group_balanced,12,et_120_d20_leaf2,bagging,-2.481944915171379,,,,,,,,,,,0.1144286000053398
freesolv,regression,3,2,seeded_scaffold_group_balanced,seeded_scaffold_group_balanced,12,et_120_d20_leaf2,bagging,-3.2812061738525005,,,,,,,,,,,0.1128394999541342
freesolv,regression,3,3,seeded_scaffold_group_balanced,seeded_scaffold_group_balanced,12,et_120_d20_leaf2,bagging,-3.6505626473293504,,,,,,,,,,,0.1103696999489329
freesolv,regression,3,1,seeded_scaffold_group_balanced,seeded_scaffold_group_balanced,13,histgb_lr0.05,boosting,-2.8482060407492136,,,,,,,,,,,0.7960706999874674
freesolv,regression,3,2,seeded_scaffold_group_balanced,seeded_scaffold_group_balanced,13,histgb_lr0.05,boosting,-3.6053509207518464,,,,,,,,,,,0.7928965999744833
freesolv,regression,3,3,seeded_scaffold_group_balanced,seeded_scaffold_group_balanced,13,histgb_lr0.05,boosting,-3.675671932523372,,,,,,,,,,,0.8286785000236705
freesolv,regression,3,1,seeded_scaffold_group_balanced,seeded_scaffold_group_balanced,14,histgb_lr0.1,boosting,-2.883228180275321,,,,,,,,,,,0.6388233000179753
freesolv,regression,3,2,seeded_scaffold_group_balanced,seeded_scaffold_group_balanced,14,histgb_lr0.1,boosting,-3.5453244917565816,,,,,,,,,,,0.4856968000531196
freesolv,regression,3,3,seeded_scaffold_group_balanced,seeded_scaffold_group_balanced,14,histgb_lr0.1,boosting,-3.6417223504932648,,,,,,,,,,,0.4775535000371746
freesolv,regression,3,1,seeded_scaffold_group_balanced,seeded_scaffold_group_balanced,15,gb_lr0.05_d2,boosting,-2.7324931672125343,,,,,,,,,,,0.1114247000077739
freesolv,regression,3,2,seeded_scaffold_group_balanced,seeded_scaffold_group_balanced,15,gb_lr0.05_d2,boosting,-3.5434679853938067,,,,,,,,,,,0.1273558000102639
freesolv,regression,3,3,seeded_scaffold_group_balanced,seeded_scaffold_group_balanced,15,gb_lr0.05_d2,boosting,-3.689332336436088,,,,,,,,,,,0.1388208999997005
freesolv,regression,3,1,seeded_scaffold_group_balanced,seeded_scaffold_group_balanced,16,gb_lr0.1_d3,boosting,-2.3002465659801405,,,,,,,,,,,0.2036634999676607
freesolv,regression,3,2,seeded_scaffold_group_balanced,seeded_scaffold_group_balanced,16,gb_lr0.1_d3,boosting,-3.218126260785012,,,,,,,,,,,0.2063803999917581
freesolv,regression,3,3,seeded_scaffold_group_balanced,seeded_scaffold_group_balanced,16,gb_lr0.1_d3,boosting,-3.480570623106841,,,,,,,,,,,0.2196975999977439
freesolv,regression,3,1,seeded_scaffold_group_balanced,seeded_scaffold_group_balanced,17,lgbm_60_l15,boosting,-2.9983188220468624,,,,,,,,,,,0.0277509000152349
freesolv,regression,3,2,seeded_scaffold_group_balanced,seeded_scaffold_group_balanced,17,lgbm_60_l15,boosting,-3.706065485808424,,,,,,,,,,,0.0259494999772869
freesolv,regression,3,3,seeded_scaffold_group_balanced,seeded_scaffold_group_balanced,17,lgbm_60_l15,boosting,-3.7476258194588894,,,,,,,,,,,0.0234815999865531
freesolv,regression,3,1,seeded_scaffold_group_balanced,seeded_scaffold_group_balanced,18,lgbm_90_l31,boosting,-2.870108019789078,,,,,,,,,,,0.0474450999754481
freesolv,regression,3,2,seeded_scaffold_group_balanced,seeded_scaffold_group_balanced,18,lgbm_90_l31,boosting,-3.618642743518927,,,,,,,,,,,0.037707399984356
freesolv,regression,3,3,seeded_scaffold_group_balanced,seeded_scaffold_group_balanced,18,lgbm_90_l31,boosting,-3.684759036184033,,,,,,,,,,,0.0449647000059485
freesolv,regression,3,1,seeded_scaffold_group_balanced,seeded_scaffold_group_balanced,19,lgbm_60_l63,boosting,-2.9565879736313847,,,,,,,,,,,0.0353777999989688
freesolv,regression,3,2,seeded_scaffold_group_balanced,seeded_scaffold_group_balanced,19,lgbm_60_l63,boosting,-3.6040242671289535,,,,,,,,,,,0.0205752999754622
freesolv,regression,3,3,seeded_scaffold_group_balanced,seeded_scaffold_group_balanced,19,lgbm_60_l63,boosting,-3.7184887527898662,,,,,,,,,,,0.0180891000200063
freesolv,regression,3,1,seeded_scaffold_group_balanced,seeded_scaffold_group_balanced,20,lgbm_100_leaf10,boosting,-2.8381781339133827,,,,,,,,,,,0.0466791999642737
freesolv,regression,3,2,seeded_scaffold_group_balanced,seeded_scaffold_group_balanced,20,lgbm_100_leaf10,boosting,-3.3853808296481698,,,,,,,,,,,0.0443686000071466
freesolv,regression,3,3,seeded_scaffold_group_balanced,seeded_scaffold_group_balanced,20,lgbm_100_leaf10,boosting,-3.584756265515027,,,,,,,,,,,0.0475338000105693
freesolv,regression,3,1,seeded_scaffold_group_balanced,seeded_scaffold_group_balanced,21,lgbm_100_leaf30,boosting,-2.851415984672682,,,,,,,,,,,0.0187009999644942
freesolv,regression,3,2,seeded_scaffold_group_balanced,seeded_scaffold_group_balanced,21,lgbm_100_leaf30,boosting,-3.758853275646973,,,,,,,,,,,0.0190184999955818
freesolv,regression,3,3,seeded_scaffold_group_balanced,seeded_scaffold_group_balanced,21,lgbm_100_leaf30,boosting,-3.849399443891907,,,,,,,,,,,0.0189389000297524
freesolv,regression,3,1,seeded_scaffold_group_balanced,seeded_scaffold_group_balanced,22,lgbm_80_ff0.7,boosting,-2.8610971314311286,,,,,,,,,,,0.0186046999879181
freesolv,regression,3,2,seeded_scaffold_group_balanced,seeded_scaffold_group_balanced,22,lgbm_80_ff0.7,boosting,-3.5243279030333454,,,,,,,,,,,0.0184834999963641
freesolv,regression,3,3,seeded_scaffold_group_balanced,seeded_scaffold_group_balanced,22,lgbm_80_ff0.7,boosting,-3.669310434676502,,,,,,,,,,,0.0209071999997831
freesolv,regression,3,1,seeded_scaffold_group_balanced,seeded_scaffold_group_balanced,23,lgbm_80_bag0.8,boosting,-2.5957037040075432,,,,,,,,,,,0.0170046999701298
freesolv,regression,3,2,seeded_scaffold_group_balanced,seeded_scaffold_group_balanced,23,lgbm_80_bag0.8,boosting,-3.554115613859079,,,,,,,,,,,0.0161622000159695
freesolv,regression,3,3,seeded_scaffold_group_balanced,seeded_scaffold_group_balanced,23,lgbm_80_bag0.8,boosting,-3.7001980340169935,,,,,,,,,,,0.0167860999936237
freesolv,regression,3,1,seeded_scaffold_group_balanced,seeded_scaffold_group_balanced,24,lgbm_120_l15,boosting,-2.897480522739347,,,,,,,,,,,0.0251764000277034
freesolv,regression,3,2,seeded_scaffold_group_balanced,seeded_scaffold_group_balanced,24,lgbm_120_l15,boosting,-3.5844038891537195,,,,,,,,,,,0.0268351000268012
freesolv,regression,3,3,seeded_scaffold_group_balanced,seeded_scaffold_group_balanced,24,lgbm_120_l15,boosting,-3.7141303972073394,,,,,,,,,,,0.0260745999985374
freesolv,regression,3,1,seeded_scaffold_group_balanced,seeded_scaffold_group_balanced,25,xgb_60_d3,boosting,-2.570761799335597,,,,,,,,,,,0.0368089000112377
freesolv,regression,3,2,seeded_scaffold_group_balanced,seeded_scaffold_group_balanced,25,xgb_60_d3,boosting,-3.357612210328908,,,,,,,,,,,0.0419428000459447
freesolv,regression,3,3,seeded_scaffold_group_balanced,seeded_scaffold_group_balanced,25,xgb_60_d3,boosting,-3.544759317227076,,,,,,,,,,,0.0448677000240422
freesolv,regression,3,1,seeded_scaffold_group_balanced,seeded_scaffold_group_balanced,26,xgb_80_d5,boosting,-2.5004072889412887,,,,,,,,,,,0.0669751999666914
freesolv,regression,3,2,seeded_scaffold_group_balanced,seeded_scaffold_group_balanced,26,xgb_80_d5,boosting,-3.179653117490338,,,,,,,,,,,0.0705605000257492
freesolv,regression,3,3,seeded_scaffold_group_balanced,seeded_scaffold_group_balanced,26,xgb_80_d5,boosting,-3.4682003689850847,,,,,,,,,,,0.0731319999904371
freesolv,regression,3,1,seeded_scaffold_group_balanced,seeded_scaffold_group_balanced,27,xgb_100_d3,boosting,-2.594371600443248,,,,,,,,,,,0.0586859999457374
freesolv,regression,3,2,seeded_scaffold_group_balanced,seeded_scaffold_group_balanced,27,xgb_100_d3,boosting,-3.262889220557979,,,,,,,,,,,0.0565324000199325
freesolv,regression,3,3,seeded_scaffold_group_balanced,seeded_scaffold_group_balanced,27,xgb_100_d3,boosting,-3.520684702322574,,,,,,,,,,,0.0591353000490926
freesolv,regression,3,1,seeded_scaffold_group_balanced,seeded_scaffold_group_balanced,28,xgb_60_d6,boosting,-2.345347754773172,,,,,,,,,,,0.0573192999581806
freesolv,regression,3,2,seeded_scaffold_group_balanced,seeded_scaffold_group_balanced,28,xgb_60_d6,boosting,-3.1998276182577188,,,,,,,,,,,0.0531073000165633
freesolv,regression,3,3,seeded_scaffold_group_balanced,seeded_scaffold_group_balanced,28,xgb_60_d6,boosting,-3.456766928967033,,,,,,,,,,,0.0585340000106953
freesolv,regression,3,1,seeded_scaffold_group_balanced,seeded_scaffold_group_balanced,29,cat_60_d4,boosting,-2.8327150541599497,,,,,,,,,,,0.129807699995581
freesolv,regression,3,2,seeded_scaffold_group_balanced,seeded_scaffold_group_balanced,29,cat_60_d4,boosting,-3.5856535167826107,,,,,,,,,,,0.1193095000344328
freesolv,regression,3,3,seeded_scaffold_group_balanced,seeded_scaffold_group_balanced,29,cat_60_d4,boosting,-3.6957847471438674,,,,,,,,,,,0.0913291000179015
freesolv,regression,3,1,seeded_scaffold_group_balanced,seeded_scaffold_group_balanced,30,cat_80_d6,boosting,-2.831575591626738,,,,,,,,,,,0.1726733000250533
freesolv,regression,3,2,seeded_scaffold_group_balanced,seeded_scaffold_group_balanced,30,cat_80_d6,boosting,-3.554021250477264,,,,,,,,,,,0.1832766999723389
freesolv,regression,3,3,seeded_scaffold_group_balanced,seeded_scaffold_group_balanced,30,cat_80_d6,boosting,-3.640686621678249,,,,,,,,,,,0.1793081000214442
freesolv,regression,3,1,seeded_scaffold_group_balanced,seeded_scaffold_group_balanced,31,cat_100_d4,boosting,-2.7155409323074218,,,,,,,,,,,0.1462943000369705
freesolv,regression,3,2,seeded_scaffold_group_balanced,seeded_scaffold_group_balanced,31,cat_100_d4,boosting,-3.6474629141277792,,,,,,,,,,,0.131263899966143
freesolv,regression,3,3,seeded_scaffold_group_balanced,seeded_scaffold_group_balanced,31,cat_100_d4,boosting,-3.667536841973223,,,,,,,,,,,0.1256402999861166
freesolv,regression,3,1,seeded_scaffold_group_balanced,seeded_scaffold_group_balanced,32,cat_60_d8,boosting,-2.5106457557229818,,,,,,,,,,,0.2950241999933496
freesolv,regression,3,2,seeded_scaffold_group_balanced,seeded_scaffold_group_balanced,32,cat_60_d8,boosting,-3.5063787581694204,,,,,,,,,,,0.2772426000447012
freesolv,regression,3,3,seeded_scaffold_group_balanced,seeded_scaffold_group_balanced,32,cat_60_d8,boosting,-3.6013057709420755,,,,,,,,,,,0.2404264999786391
lipo,regression,1,1,seeded_scaffold_group_balanced,seeded_scaffold_group_balanced,1,ridge_a0.1,linear,-1.1361709496897168,,,,,,,,,,,0.008835699991323
lipo,regression,1,2,seeded_scaffold_group_balanced,seeded_scaffold_group_balanced,1,ridge_a0.1,linear,-1.1265554131225748,,,,,,,,,,,0.0106699999887496
lipo,regression,1,3,seeded_scaffold_group_balanced,seeded_scaffold_group_balanced,1,ridge_a0.1,linear,-1.207552975236673,,,,,,,,,,,0.0097069999901577
lipo,regression,1,1,seeded_scaffold_group_balanced,seeded_scaffold_group_balanced,2,ridge_a1,linear,-1.1242891314029446,,,,,,,,,,,0.0096469999989494
lipo,regression,1,2,seeded_scaffold_group_balanced,seeded_scaffold_group_balanced,2,ridge_a1,linear,-1.108882466131703,,,,,,,,,,,0.0097494999645277
lipo,regression,1,3,seeded_scaffold_group_balanced,seeded_scaffold_group_balanced,2,ridge_a1,linear,-1.189048856758249,,,,,,,,,,,0.0109704000060446
lipo,regression,1,1,seeded_scaffold_group_balanced,seeded_scaffold_group_balanced,3,ridge_a10,linear,-1.0707170121680274,,,,,,,,,,,0.0111485000234097
lipo,regression,1,2,seeded_scaffold_group_balanced,seeded_scaffold_group_balanced,3,ridge_a10,linear,-1.029773384647538,,,,,,,,,,,0.0099899000488221
lipo,regression,1,3,seeded_scaffold_group_balanced,seeded_scaffold_group_balanced,3,ridge_a10,linear,-1.1129337513184514,,,,,,,,,,,0.0098179000196978
lipo,regression,1,1,seeded_scaffold_group_balanced,seeded_scaffold_group_balanced,4,elasticnet_a0.001,linear,-1.104439495438372,,,,,,,,,,,0.0249964999966323
lipo,regression,1,2,seeded_scaffold_group_balanced,seeded_scaffold_group_balanced,4,elasticnet_a0.001,linear,-1.0792318304136468,,,,,,,,,,,0.0270676999934948
lipo,regression,1,3,seeded_scaffold_group_balanced,seeded_scaffold_group_balanced,4,elasticnet_a0.001,linear,-1.161534608041776,,,,,,,,,,,0.0318015000084415
lipo,regression,1,1,seeded_scaffold_group_balanced,seeded_scaffold_group_balanced,5,rf_60_sqrt,bagging,-1.029137936623208,,,,,,,,,,,0.0853547999868169
lipo,regression,1,2,seeded_scaffold_group_balanced,seeded_scaffold_group_balanced,5,rf_60_sqrt,bagging,-0.9907588614925208,,,,,,,,,,,0.0905778000014834
lipo,regression,1,3,seeded_scaffold_group_balanced,seeded_scaffold_group_balanced,5,rf_60_sqrt,bagging,-1.031852335932028,,,,,,,,,,,0.0911489999853074
lipo,regression,1,1,seeded_scaffold_group_balanced,seeded_scaffold_group_balanced,6,rf_90_d12,bagging,-1.068356977900535,,,,,,,,,,,0.104475200001616
lipo,regression,1,2,seeded_scaffold_group_balanced,seeded_scaffold_group_balanced,6,rf_90_d12,bagging,-1.0276607778241678,,,,,,,,,,,0.1069213000009767
lipo,regression,1,3,seeded_scaffold_group_balanced,seeded_scaffold_group_balanced,6,rf_90_d12,bagging,-1.074596866778729,,,,,,,,,,,0.1073573000030592
lipo,regression,1,1,seeded_scaffold_group_balanced,seeded_scaffold_group_balanced,7,rf_90_leaf2,bagging,-1.0456463609928233,,,,,,,,,,,0.1058424999937415
lipo,regression,1,2,seeded_scaffold_group_balanced,seeded_scaffold_group_balanced,7,rf_90_leaf2,bagging,-0.991431571293926,,,,,,,,,,,0.1093655999866314
lipo,regression,1,3,seeded_scaffold_group_balanced,seeded_scaffold_group_balanced,7,rf_90_leaf2,bagging,-1.0297512900203778,,,,,,,,,,,0.1053192000254057
lipo,regression,1,1,seeded_scaffold_group_balanced,seeded_scaffold_group_balanced,8,rf_120_d20_leaf2,bagging,-1.0451133788539726,,,,,,,,,,,0.1289524000021629
lipo,regression,1,2,seeded_scaffold_group_balanced,seeded_scaffold_group_balanced,8,rf_120_d20_leaf2,bagging,-1.0047284224310604,,,,,,,,,,,0.1484094000188633
lipo,regression,1,3,seeded_scaffold_group_balanced,seeded_scaffold_group_balanced,8,rf_120_d20_leaf2,bagging,-1.0477951954379765,,,,,,,,,,,0.1250939999590627
lipo,regression,1,1,seeded_scaffold_group_balanced,seeded_scaffold_group_balanced,9,et_60_sqrt,bagging,-1.0108524416915594,,,,,,,,,,,0.0873143000062555
lipo,regression,1,2,seeded_scaffold_group_balanced,seeded_scaffold_group_balanced,9,et_60_sqrt,bagging,-0.9763991722760724,,,,,,,,,,,0.0885002000140957
lipo,regression,1,3,seeded_scaffold_group_balanced,seeded_scaffold_group_balanced,9,et_60_sqrt,bagging,-1.012615450472782,,,,,,,,,,,0.0882181000197306
lipo,regression,1,1,seeded_scaffold_group_balanced,seeded_scaffold_group_balanced,10,et_90_d12,bagging,-1.0629519292888467,,,,,,,,,,,0.0793293000315316
lipo,regression,1,2,seeded_scaffold_group_balanced,seeded_scaffold_group_balanced,10,et_90_d12,bagging,-1.0161783840987708,,,,,,,,,,,0.0814122000010684
lipo,regression,1,3,seeded_scaffold_group_balanced,seeded_scaffold_group_balanced,10,et_90_d12,bagging,-1.064930028540144,,,,,,,,,,,0.0857038000249303
lipo,regression,1,1,seeded_scaffold_group_balanced,seeded_scaffold_group_balanced,11,et_90_leaf2,bagging,-1.0198725536781972,,,,,,,,,,,0.0919779000105336
lipo,regression,1,2,seeded_scaffold_group_balanced,seeded_scaffold_group_balanced,11,et_90_leaf2,bagging,-0.9719771152527236,,,,,,,,,,,0.094287300016731
lipo,regression,1,3,seeded_scaffold_group_balanced,seeded_scaffold_group_balanced,11,et_90_leaf2,bagging,-1.0095053641877345,,,,,,,,,,,0.0879241999937221
lipo,regression,1,1,seeded_scaffold_group_balanced,seeded_scaffold_group_balanced,12,et_120_d20_leaf2,bagging,-1.0288170831543175,,,,,,,,,,,0.1087472999934107
lipo,regression,1,2,seeded_scaffold_group_balanced,seeded_scaffold_group_balanced,12,et_120_d20_leaf2,bagging,-0.978893528298811,,,,,,,,,,,0.1044377000071108
lipo,regression,1,3,seeded_scaffold_group_balanced,seeded_scaffold_group_balanced,12,et_120_d20_leaf2,bagging,-1.025703488113742,,,,,,,,,,,0.1204930999665521
lipo,regression,1,1,seeded_scaffold_group_balanced,seeded_scaffold_group_balanced,13,histgb_lr0.05,boosting,-1.0252293478835506,,,,,,,,,,,1.109138300002087
lipo,regression,1,2,seeded_scaffold_group_balanced,seeded_scaffold_group_balanced,13,histgb_lr0.05,boosting,-0.9730682626665718,,,,,,,,,,,1.280411899962928
lipo,regression,1,3,seeded_scaffold_group_balanced,seeded_scaffold_group_balanced,13,histgb_lr0.05,boosting,-1.00952672260289,,,,,,,,,,,1.4760560999857262
lipo,regression,1,1,seeded_scaffold_group_balanced,seeded_scaffold_group_balanced,14,histgb_lr0.1,boosting,-1.0038941419964644,,,,,,,,,,,1.2131786000099964
lipo,regression,1,2,seeded_scaffold_group_balanced,seeded_scaffold_group_balanced,14,histgb_lr0.1,boosting,-0.9597531342364342,,,,,,,,,,,0.963195199961774
lipo,regression,1,3,seeded_scaffold_group_balanced,seeded_scaffold_group_balanced,14,histgb_lr0.1,boosting,-0.9897682536663094,,,,,,,,,,,1.055772599996999
lipo,regression,1,1,seeded_scaffold_group_balanced,seeded_scaffold_group_balanced,15,gb_lr0.05_d2,boosting,-1.1148909433937302,,,,,,,,,,,0.9221498000551946
lipo,regression,1,2,seeded_scaffold_group_balanced,seeded_scaffold_group_balanced,15,gb_lr0.05_d2,boosting,-1.0815661078371253,,,,,,,,,,,0.8422997999587096
lipo,regression,1,3,seeded_scaffold_group_balanced,seeded_scaffold_group_balanced,15,gb_lr0.05_d2,boosting,-1.105170416838905,,,,,,,,,,,0.8584794000489637
lipo,regression,1,1,seeded_scaffold_group_balanced,seeded_scaffold_group_balanced,16,gb_lr0.1_d3,boosting,-1.0485040102585002,,,,,,,,,,,1.3130966000026092
lipo,regression,1,2,seeded_scaffold_group_balanced,seeded_scaffold_group_balanced,16,gb_lr0.1_d3,boosting,-1.0072097444383517,,,,,,,,,,,1.370975800033193
lipo,regression,1,3,seeded_scaffold_group_balanced,seeded_scaffold_group_balanced,16,gb_lr0.1_d3,boosting,-1.0523977863163254,,,,,,,,,,,1.2903046000283211
lipo,regression,1,1,seeded_scaffold_group_balanced,seeded_scaffold_group_balanced,17,lgbm_60_l15,boosting,-1.0520422840461077,,,,,,,,,,,0.0959354999940842
lipo,regression,1,2,seeded_scaffold_group_balanced,seeded_scaffold_group_balanced,17,lgbm_60_l15,boosting,-1.008493384471266,,,,,,,,,,,0.0759061000426299
lipo,regression,1,3,seeded_scaffold_group_balanced,seeded_scaffold_group_balanced,17,lgbm_60_l15,boosting,-1.0328862480384922,,,,,,,,,,,0.0990034000133164
lipo,regression,1,1,seeded_scaffold_group_balanced,seeded_scaffold_group_balanced,18,lgbm_90_l31,boosting,-0.9840369777961856,,,,,,,,,,,0.1427817000076174
lipo,regression,1,2,seeded_scaffold_group_balanced,seeded_scaffold_group_balanced,18,lgbm_90_l31,boosting,-0.9443777219863236,,,,,,,,,,,0.119661700038705
lipo,regression,1,3,seeded_scaffold_group_balanced,seeded_scaffold_group_balanced,18,lgbm_90_l31,boosting,-0.9874912130137314,,,,,,,,,,,0.1965495000476949
lipo,regression,1,1,seeded_scaffold_group_balanced,seeded_scaffold_group_balanced,19,lgbm_60_l63,boosting,-0.983980546965022,,,,,,,,,,,0.1771038000006228
lipo,regression,1,2,seeded_scaffold_group_balanced,seeded_scaffold_group_balanced,19,lgbm_60_l63,boosting,-0.9466817079501012,,,,,,,,,,,0.3305631999974139
lipo,regression,1,3,seeded_scaffold_group_balanced,seeded_scaffold_group_balanced,19,lgbm_60_l63,boosting,-0.972667331043346,,,,,,,,,,,0.3277267999947071
lipo,regression,1,1,seeded_scaffold_group_balanced,seeded_scaffold_group_balanced,20,lgbm_100_leaf10,boosting,-0.9882149351008976,,,,,,,,,,,0.2476682999986224
lipo,regression,1,2,seeded_scaffold_group_balanced,seeded_scaffold_group_balanced,20,lgbm_100_leaf10,boosting,-0.9495762362561392,,,,,,,,,,,0.2519935999880545
lipo,regression,1,3,seeded_scaffold_group_balanced,seeded_scaffold_group_balanced,20,lgbm_100_leaf10,boosting,-0.994528023960253,,,,,,,,,,,0.1592638000147417
lipo,regression,1,1,seeded_scaffold_group_balanced,seeded_scaffold_group_balanced,21,lgbm_100_leaf30,boosting,-0.998333543273059,,,,,,,,,,,0.1117830000002868
lipo,regression,1,2,seeded_scaffold_group_balanced,seeded_scaffold_group_balanced,21,lgbm_100_leaf30,boosting,-0.9293738762041496,,,,,,,,,,,0.1155243000248447
lipo,regression,1,3,seeded_scaffold_group_balanced,seeded_scaffold_group_balanced,21,lgbm_100_leaf30,boosting,-0.9873395625594664,,,,,,,,,,,0.2532169999903999
lipo,regression,1,1,seeded_scaffold_group_balanced,seeded_scaffold_group_balanced,22,lgbm_80_ff0.7,boosting,-0.986633221424088,,,,,,,,,,,0.160332599945832
lipo,regression,1,2,seeded_scaffold_group_balanced,seeded_scaffold_group_balanced,22,lgbm_80_ff0.7,boosting,-0.9277693841243008,,,,,,,,,,,0.1454643000033684
lipo,regression,1,3,seeded_scaffold_group_balanced,seeded_scaffold_group_balanced,22,lgbm_80_ff0.7,boosting,-0.9867656481750144,,,,,,,,,,,0.3020050000050105
lipo,regression,1,1,seeded_scaffold_group_balanced,seeded_scaffold_group_balanced,23,lgbm_80_bag0.8,boosting,-0.9868107250332876,,,,,,,,,,,0.1175980999832972
lipo,regression,1,2,seeded_scaffold_group_balanced,seeded_scaffold_group_balanced,23,lgbm_80_bag0.8,boosting,-0.9297815783426072,,,,,,,,,,,0.1086906000273302
lipo,regression,1,3,seeded_scaffold_group_balanced,seeded_scaffold_group_balanced,23,lgbm_80_bag0.8,boosting,-0.9831925357626718,,,,,,,,,,,0.1231649999972432
lipo,regression,1,1,seeded_scaffold_group_balanced,seeded_scaffold_group_balanced,24,lgbm_120_l15,boosting,-1.019356621046215,,,,,,,,,,,0.0991569999605417
lipo,regression,1,2,seeded_scaffold_group_balanced,seeded_scaffold_group_balanced,24,lgbm_120_l15,boosting,-0.9682834341043864,,,,,,,,,,,0.0982943000271916
lipo,regression,1,3,seeded_scaffold_group_balanced,seeded_scaffold_group_balanced,24,lgbm_120_l15,boosting,-1.0108843392972853,,,,,,,,,,,0.1215536999516189
lipo,regression,1,1,seeded_scaffold_group_balanced,seeded_scaffold_group_balanced,25,xgb_60_d3,boosting,-1.0752343902698545,,,,,,,,,,,0.1079811999807134
lipo,regression,1,2,seeded_scaffold_group_balanced,seeded_scaffold_group_balanced,25,xgb_60_d3,boosting,-1.0372540775820038,,,,,,,,,,,0.1117227000067941
lipo,regression,1,3,seeded_scaffold_group_balanced,seeded_scaffold_group_balanced,25,xgb_60_d3,boosting,-1.0636960200262644,,,,,,,,,,,0.1019090000190772
lipo,regression,1,1,seeded_scaffold_group_balanced,seeded_scaffold_group_balanced,26,xgb_80_d5,boosting,-1.0306199662271245,,,,,,,,,,,0.1497208000509999
lipo,regression,1,2,seeded_scaffold_group_balanced,seeded_scaffold_group_balanced,26,xgb_80_d5,boosting,-0.9846511962478814,,,,,,,,,,,0.1520046000368893
lipo,regression,1,3,seeded_scaffold_group_balanced,seeded_scaffold_group_balanced,26,xgb_80_d5,boosting,-1.0191002692377982,,,,,,,,,,,0.1534538000123575
lipo,regression,1,1,seeded_scaffold_group_balanced,seeded_scaffold_group_balanced,27,xgb_100_d3,boosting,-1.066480510963532,,,,,,,,,,,0.1381395999924279
lipo,regression,1,2,seeded_scaffold_group_balanced,seeded_scaffold_group_balanced,27,xgb_100_d3,boosting,-1.03289770197609,,,,,,,,,,,0.1465591000160202
lipo,regression,1,3,seeded_scaffold_group_balanced,seeded_scaffold_group_balanced,27,xgb_100_d3,boosting,-1.053892987673173,,,,,,,,,,,0.1536244000308215
lipo,regression,1,1,seeded_scaffold_group_balanced,seeded_scaffold_group_balanced,28,xgb_60_d6,boosting,-1.0324172256706146,,,,,,,,,,,0.1690678000450134
lipo,regression,1,2,seeded_scaffold_group_balanced,seeded_scaffold_group_balanced,28,xgb_60_d6,boosting,-0.9753878435284624,,,,,,,,,,,0.1470598999876529
lipo,regression,1,3,seeded_scaffold_group_balanced,seeded_scaffold_group_balanced,28,xgb_60_d6,boosting,-1.0076065390780042,,,,,,,,,,,0.1338684000074863
lipo,regression,1,1,seeded_scaffold_group_balanced,seeded_scaffold_group_balanced,29,cat_60_d4,boosting,-1.0921038018633829,,,,,,,,,,,0.3185818999772891
lipo,regression,1,2,seeded_scaffold_group_balanced,seeded_scaffold_group_balanced,29,cat_60_d4,boosting,-1.0632008992362436,,,,,,,,,,,0.3403511999640614
lipo,regression,1,3,seeded_scaffold_group_balanced,seeded_scaffold_group_balanced,29,cat_60_d4,boosting,-1.07382159350073,,,,,,,,,,,0.3302995999692939
lipo,regression,1,1,seeded_scaffold_group_balanced,seeded_scaffold_group_balanced,30,cat_80_d6,boosting,-1.0753368301844275,,,,,,,,,,,1.2862411999958567
lipo,regression,1,2,seeded_scaffold_group_balanced,seeded_scaffold_group_balanced,30,cat_80_d6,boosting,-1.0493391885679328,,,,,,,,,,,1.271674899966456
lipo,regression,1,3,seeded_scaffold_group_balanced,seeded_scaffold_group_balanced,30,cat_80_d6,boosting,-1.0642732402373445,,,,,,,,,,,1.3884706999524496
lipo,regression,1,1,seeded_scaffold_group_balanced,seeded_scaffold_group_balanced,31,cat_100_d4,boosting,-1.0896848260027985,,,,,,,,,,,0.5958587999921292
lipo,regression,1,2,seeded_scaffold_group_balanced,seeded_scaffold_group_balanced,31,cat_100_d4,boosting,-1.0619384902617668,,,,,,,,,,,0.5778524999623187
lipo,regression,1,3,seeded_scaffold_group_balanced,seeded_scaffold_group_balanced,31,cat_100_d4,boosting,-1.078493070800651,,,,,,,,,,,0.5606962000019848
lipo,regression,1,1,seeded_scaffold_group_balanced,seeded_scaffold_group_balanced,32,cat_60_d8,boosting,-1.0641553914919055,,,,,,,,,,,3.269520400033798
lipo,regression,1,2,seeded_scaffold_group_balanced,seeded_scaffold_group_balanced,32,cat_60_d8,boosting,-1.0190566592368104,,,,,,,,,,,3.191303199972026
lipo,regression,1,3,seeded_scaffold_group_balanced,seeded_scaffold_group_balanced,32,cat_60_d8,boosting,-1.042367155314318,,,,,,,,,,,3.173451300011948
lipo,regression,2,1,seeded_scaffold_group_balanced,seeded_scaffold_group_balanced,1,ridge_a0.1,linear,-1.1504837997129396,,,,,,,,,,,0.0092331999912858
lipo,regression,2,2,seeded_scaffold_group_balanced,seeded_scaffold_group_balanced,1,ridge_a0.1,linear,-1.1770712829368732,,,,,,,,,,,0.0141753999632783
lipo,regression,2,3,seeded_scaffold_group_balanced,seeded_scaffold_group_balanced,1,ridge_a0.1,linear,-1.1406099326154846,,,,,,,,,,,0.0145081999944522
lipo,regression,2,1,seeded_scaffold_group_balanced,seeded_scaffold_group_balanced,2,ridge_a1,linear,-1.1353384803095092,,,,,,,,,,,0.0144144999794662
lipo,regression,2,2,seeded_scaffold_group_balanced,seeded_scaffold_group_balanced,2,ridge_a1,linear,-1.1636533770302095,,,,,,,,,,,0.0163567999843508
lipo,regression,2,3,seeded_scaffold_group_balanced,seeded_scaffold_group_balanced,2,ridge_a1,linear,-1.1245688771971911,,,,,,,,,,,0.015591699979268
lipo,regression,2,1,seeded_scaffold_group_balanced,seeded_scaffold_group_balanced,3,ridge_a10,linear,-1.0684169872086122,,,,,,,,,,,0.0126775000244379
lipo,regression,2,2,seeded_scaffold_group_balanced,seeded_scaffold_group_balanced,3,ridge_a10,linear,-1.1047062358475537,,,,,,,,,,,0.013106099970173
lipo,regression,2,3,seeded_scaffold_group_balanced,seeded_scaffold_group_balanced,3,ridge_a10,linear,-1.049008743993213,,,,,,,,,,,0.0116793000488542
lipo,regression,2,1,seeded_scaffold_group_balanced,seeded_scaffold_group_balanced,4,elasticnet_a0.001,linear,-1.1115179860710516,,,,,,,,,,,0.0343864999595098
lipo,regression,2,2,seeded_scaffold_group_balanced,seeded_scaffold_group_balanced,4,elasticnet_a0.001,linear,-1.142753587478215,,,,,,,,,,,0.0298839000170119
lipo,regression,2,3,seeded_scaffold_group_balanced,seeded_scaffold_group_balanced,4,elasticnet_a0.001,linear,-1.097160725776832,,,,,,,,,,,0.0265700999880209
lipo,regression,2,1,seeded_scaffold_group_balanced,seeded_scaffold_group_balanced,5,rf_60_sqrt,bagging,-1.0629775453729602,,,,,,,,,,,0.0982725999783724
lipo,regression,2,2,seeded_scaffold_group_balanced,seeded_scaffold_group_balanced,5,rf_60_sqrt,bagging,-1.0597775056990184,,,,,,,,,,,0.1032785000279545
lipo,regression,2,3,seeded_scaffold_group_balanced,seeded_scaffold_group_balanced,5,rf_60_sqrt,bagging,-1.0020072617841995,,,,,,,,,,,0.0963142000255175
lipo,regression,2,1,seeded_scaffold_group_balanced,seeded_scaffold_group_balanced,6,rf_90_d12,bagging,-1.1103945759614031,,,,,,,,,,,0.1257202999549918
lipo,regression,2,2,seeded_scaffold_group_balanced,seeded_scaffold_group_balanced,6,rf_90_d12,bagging,-1.0820196398576762,,,,,,,,,,,0.1260758000425994
lipo,regression,2,3,seeded_scaffold_group_balanced,seeded_scaffold_group_balanced,6,rf_90_d12,bagging,-1.051644230417772,,,,,,,,,,,0.1408946000155992
lipo,regression,2,1,seeded_scaffold_group_balanced,seeded_scaffold_group_balanced,7,rf_90_leaf2,bagging,-1.0725047297220287,,,,,,,,,,,0.1314527000067755
lipo,regression,2,2,seeded_scaffold_group_balanced,seeded_scaffold_group_balanced,7,rf_90_leaf2,bagging,-1.059081825423155,,,,,,,,,,,0.129963300016243
lipo,regression,2,3,seeded_scaffold_group_balanced,seeded_scaffold_group_balanced,7,rf_90_leaf2,bagging,-0.9988806903234932,,,,,,,,,,,0.125875299971085
lipo,regression,2,1,seeded_scaffold_group_balanced,seeded_scaffold_group_balanced,8,rf_120_d20_leaf2,bagging,-1.0844500834784336,,,,,,,,,,,0.1414906000136397
lipo,regression,2,2,seeded_scaffold_group_balanced,seeded_scaffold_group_balanced,8,rf_120_d20_leaf2,bagging,-1.062744289269757,,,,,,,,,,,0.137854199972935
lipo,regression,2,3,seeded_scaffold_group_balanced,seeded_scaffold_group_balanced,8,rf_120_d20_leaf2,bagging,-1.0142682963984495,,,,,,,,,,,0.125322200008668
lipo,regression,2,1,seeded_scaffold_group_balanced,seeded_scaffold_group_balanced,9,et_60_sqrt,bagging,-1.0582010485065112,,,,,,,,,,,0.0869886000291444
lipo,regression,2,2,seeded_scaffold_group_balanced,seeded_scaffold_group_balanced,9,et_60_sqrt,bagging,-1.0278616254332162,,,,,,,,,,,0.092772000003606
lipo,regression,2,3,seeded_scaffold_group_balanced,seeded_scaffold_group_balanced,9,et_60_sqrt,bagging,-0.9714100529814914,,,,,,,,,,,0.0895027000224217
lipo,regression,2,1,seeded_scaffold_group_balanced,seeded_scaffold_group_balanced,10,et_90_d12,bagging,-1.1042524881129223,,,,,,,,,,,0.0814239999745041
lipo,regression,2,2,seeded_scaffold_group_balanced,seeded_scaffold_group_balanced,10,et_90_d12,bagging,-1.0717195419257215,,,,,,,,,,,0.0855375999817624
lipo,regression,2,3,seeded_scaffold_group_balanced,seeded_scaffold_group_balanced,10,et_90_d12,bagging,-1.0335539355934735,,,,,,,,,,,0.0826524999574758
lipo,regression,2,1,seeded_scaffold_group_balanced,seeded_scaffold_group_balanced,11,et_90_leaf2,bagging,-1.049872327343771,,,,,,,,,,,0.093778199981898
lipo,regression,2,2,seeded_scaffold_group_balanced,seeded_scaffold_group_balanced,11,et_90_leaf2,bagging,-1.0322199711400402,,,,,,,,,,,0.0923283000010997
lipo,regression,2,3,seeded_scaffold_group_balanced,seeded_scaffold_group_balanced,11,et_90_leaf2,bagging,-0.9745677712428042,,,,,,,,,,,0.092689299955964
lipo,regression,2,1,seeded_scaffold_group_balanced,seeded_scaffold_group_balanced,12,et_120_d20_leaf2,bagging,-1.0603584824640024,,,,,,,,,,,0.0988693999825045
lipo,regression,2,2,seeded_scaffold_group_balanced,seeded_scaffold_group_balanced,12,et_120_d20_leaf2,bagging,-1.039803144580523,,,,,,,,,,,0.1094733999925665
lipo,regression,2,3,seeded_scaffold_group_balanced,seeded_scaffold_group_balanced,12,et_120_d20_leaf2,bagging,-0.991937463409769,,,,,,,,,,,0.1161605999805033
lipo,regression,2,1,seeded_scaffold_group_balanced,seeded_scaffold_group_balanced,13,histgb_lr0.05,boosting,-1.0567752982427745,,,,,,,,,,,1.2382842000224628
lipo,regression,2,2,seeded_scaffold_group_balanced,seeded_scaffold_group_balanced,13,histgb_lr0.05,boosting,-1.0074274756255552,,,,,,,,,,,1.324761900003068
lipo,regression,2,3,seeded_scaffold_group_balanced,seeded_scaffold_group_balanced,13,histgb_lr0.05,boosting,-1.0015781736251688,,,,,,,,,,,1.1537906000157818
lipo,regression,2,1,seeded_scaffold_group_balanced,seeded_scaffold_group_balanced,14,histgb_lr0.1,boosting,-1.0173435624124751,,,,,,,,,,,0.9278324999613689
lipo,regression,2,2,seeded_scaffold_group_balanced,seeded_scaffold_group_balanced,14,histgb_lr0.1,boosting,-0.9885178100207774,,,,,,,,,,,1.1273627000045965
lipo,regression,2,3,seeded_scaffold_group_balanced,seeded_scaffold_group_balanced,14,histgb_lr0.1,boosting,-0.9634626717079052,,,,,,,,,,,1.1621407000347972
lipo,regression,2,1,seeded_scaffold_group_balanced,seeded_scaffold_group_balanced,15,gb_lr0.05_d2,boosting,-1.1685475296649406,,,,,,,,,,,0.8173539999988861
lipo,regression,2,2,seeded_scaffold_group_balanced,seeded_scaffold_group_balanced,15,gb_lr0.05_d2,boosting,-1.1003552642127252,,,,,,,,,,,0.7958324999781325
lipo,regression,2,3,seeded_scaffold_group_balanced,seeded_scaffold_group_balanced,15,gb_lr0.05_d2,boosting,-1.098470968432982,,,,,,,,,,,0.8200712999678217
lipo,regression,2,1,seeded_scaffold_group_balanced,seeded_scaffold_group_balanced,16,gb_lr0.1_d3,boosting,-1.090456590169279,,,,,,,,,,,1.190765500010457
lipo,regression,2,2,seeded_scaffold_group_balanced,seeded_scaffold_group_balanced,16,gb_lr0.1_d3,boosting,-1.0406610020574227,,,,,,,,,,,1.1681607999489645
lipo,regression,2,3,seeded_scaffold_group_balanced,seeded_scaffold_group_balanced,16,gb_lr0.1_d3,boosting,-1.0246846632969633,,,,,,,,,,,1.3785627000033855
lipo,regression,2,1,seeded_scaffold_group_balanced,seeded_scaffold_group_balanced,17,lgbm_60_l15,boosting,-1.0952820839959778,,,,,,,,,,,0.0924750000122003
lipo,regression,2,2,seeded_scaffold_group_balanced,seeded_scaffold_group_balanced,17,lgbm_60_l15,boosting,-1.042815831394073,,,,,,,,,,,0.0875322000356391
lipo,regression,2,3,seeded_scaffold_group_balanced,seeded_scaffold_group_balanced,17,lgbm_60_l15,boosting,-1.0306675354305772,,,,,,,,,,,0.0966200000257231
lipo,regression,2,1,seeded_scaffold_group_balanced,seeded_scaffold_group_balanced,18,lgbm_90_l31,boosting,-1.0202953506785215,,,,,,,,,,,0.1636618999764323
lipo,regression,2,2,seeded_scaffold_group_balanced,seeded_scaffold_group_balanced,18,lgbm_90_l31,boosting,-0.979695199023461,,,,,,,,,,,0.1523788000340573
lipo,regression,2,3,seeded_scaffold_group_balanced,seeded_scaffold_group_balanced,18,lgbm_90_l31,boosting,-0.9816988243150012,,,,,,,,,,,0.1164631000137887
lipo,regression,2,1,seeded_scaffold_group_balanced,seeded_scaffold_group_balanced,19,lgbm_60_l63,boosting,-0.9989645260274752,,,,,,,,,,,0.1275400000158697
lipo,regression,2,2,seeded_scaffold_group_balanced,seeded_scaffold_group_balanced,19,lgbm_60_l63,boosting,-0.9728151596934784,,,,,,,,,,,0.1279677000129595
lipo,regression,2,3,seeded_scaffold_group_balanced,seeded_scaffold_group_balanced,19,lgbm_60_l63,boosting,-0.9606824667202488,,,,,,,,,,,0.1408236999996006
lipo,regression,2,1,seeded_scaffold_group_balanced,seeded_scaffold_group_balanced,20,lgbm_100_leaf10,boosting,-1.018653329803671,,,,,,,,,,,0.1152300999965518
lipo,regression,2,2,seeded_scaffold_group_balanced,seeded_scaffold_group_balanced,20,lgbm_100_leaf10,boosting,-0.9892956632356292,,,,,,,,,,,0.1331020999932661
lipo,regression,2,3,seeded_scaffold_group_balanced,seeded_scaffold_group_balanced,20,lgbm_100_leaf10,boosting,-0.9648380012001772,,,,,,,,,,,0.1203820999944582
lipo,regression,2,1,seeded_scaffold_group_balanced,seeded_scaffold_group_balanced,21,lgbm_100_leaf30,boosting,-1.010952865389791,,,,,,,,,,,0.1069757000077515
lipo,regression,2,2,seeded_scaffold_group_balanced,seeded_scaffold_group_balanced,21,lgbm_100_leaf30,boosting,-0.9697130248362936,,,,,,,,,,,0.1296159999910742
lipo,regression,2,3,seeded_scaffold_group_balanced,seeded_scaffold_group_balanced,21,lgbm_100_leaf30,boosting,-0.980210135836415,,,,,,,,,,,0.1692173000192269
lipo,regression,2,1,seeded_scaffold_group_balanced,seeded_scaffold_group_balanced,22,lgbm_80_ff0.7,boosting,-0.9975507898182946,,,,,,,,,,,0.1476951999939046
lipo,regression,2,2,seeded_scaffold_group_balanced,seeded_scaffold_group_balanced,22,lgbm_80_ff0.7,boosting,-0.9710309252238342,,,,,,,,,,,0.1511373999528587
lipo,regression,2,3,seeded_scaffold_group_balanced,seeded_scaffold_group_balanced,22,lgbm_80_ff0.7,boosting,-0.9627863547867676,,,,,,,,,,,0.1452253999887034
lipo,regression,2,1,seeded_scaffold_group_balanced,seeded_scaffold_group_balanced,23,lgbm_80_bag0.8,boosting,-1.000222959530251,,,,,,,,,,,0.1568800999666564
lipo,regression,2,2,seeded_scaffold_group_balanced,seeded_scaffold_group_balanced,23,lgbm_80_bag0.8,boosting,-0.9625624393577914,,,,,,,,,,,0.1104364999919198
lipo,regression,2,3,seeded_scaffold_group_balanced,seeded_scaffold_group_balanced,23,lgbm_80_bag0.8,boosting,-0.9675239285796554,,,,,,,,,,,0.1057022000313736
lipo,regression,2,1,seeded_scaffold_group_balanced,seeded_scaffold_group_balanced,24,lgbm_120_l15,boosting,-1.0576834626024971,,,,,,,,,,,0.0991551000042818
lipo,regression,2,2,seeded_scaffold_group_balanced,seeded_scaffold_group_balanced,24,lgbm_120_l15,boosting,-1.0155258391838822,,,,,,,,,,,0.1032059999997727
lipo,regression,2,3,seeded_scaffold_group_balanced,seeded_scaffold_group_balanced,24,lgbm_120_l15,boosting,-0.9999215268944268,,,,,,,,,,,0.1096599000156857
lipo,regression,2,1,seeded_scaffold_group_balanced,seeded_scaffold_group_balanced,25,xgb_60_d3,boosting,-1.1111557049679246,,,,,,,,,,,0.1001172999967821
lipo,regression,2,2,seeded_scaffold_group_balanced,seeded_scaffold_group_balanced,25,xgb_60_d3,boosting,-1.0616194518677995,,,,,,,,,,,0.0924066999577917
lipo,regression,2,3,seeded_scaffold_group_balanced,seeded_scaffold_group_balanced,25,xgb_60_d3,boosting,-1.050978355860371,,,,,,,,,,,0.0949993000249378
lipo,regression,2,1,seeded_scaffold_group_balanced,seeded_scaffold_group_balanced,26,xgb_80_d5,boosting,-1.0547239150009515,,,,,,,,,,,0.1482877999660559
lipo,regression,2,2,seeded_scaffold_group_balanced,seeded_scaffold_group_balanced,26,xgb_80_d5,boosting,-1.030445804278622,,,,,,,,,,,0.1575124000082723
lipo,regression,2,3,seeded_scaffold_group_balanced,seeded_scaffold_group_balanced,26,xgb_80_d5,boosting,-0.998533706742885,,,,,,,,,,,0.1474507999955676
lipo,regression,2,1,seeded_scaffold_group_balanced,seeded_scaffold_group_balanced,27,xgb_100_d3,boosting,-1.111005192453083,,,,,,,,,,,0.1307152000372298
lipo,regression,2,2,seeded_scaffold_group_balanced,seeded_scaffold_group_balanced,27,xgb_100_d3,boosting,-1.06722294696426,,,,,,,,,,,0.1443992999847978
lipo,regression,2,3,seeded_scaffold_group_balanced,seeded_scaffold_group_balanced,27,xgb_100_d3,boosting,-1.039979339076619,,,,,,,,,,,0.1250782000133767
lipo,regression,2,1,seeded_scaffold_group_balanced,seeded_scaffold_group_balanced,28,xgb_60_d6,boosting,-1.034440520367098,,,,,,,,,,,0.1241617999621667
lipo,regression,2,2,seeded_scaffold_group_balanced,seeded_scaffold_group_balanced,28,xgb_60_d6,boosting,-1.0007655044976786,,,,,,,,,,,0.1337061999947764
lipo,regression,2,3,seeded_scaffold_group_balanced,seeded_scaffold_group_balanced,28,xgb_60_d6,boosting,-0.9901350590852585,,,,,,,,,,,0.1339507999946363
lipo,regression,2,1,seeded_scaffold_group_balanced,seeded_scaffold_group_balanced,29,cat_60_d4,boosting,-1.145201476980378,,,,,,,,,,,0.3499373999657109
lipo,regression,2,2,seeded_scaffold_group_balanced,seeded_scaffold_group_balanced,29,cat_60_d4,boosting,-1.0912900324250483,,,,,,,,,,,0.3583663999452255
lipo,regression,2,3,seeded_scaffold_group_balanced,seeded_scaffold_group_balanced,29,cat_60_d4,boosting,-1.0772470846743358,,,,,,,,,,,0.3389359000138938
lipo,regression,2,1,seeded_scaffold_group_balanced,seeded_scaffold_group_balanced,30,cat_80_d6,boosting,-1.1129142011183335,,,,,,,,,,,1.2576053999946453
lipo,regression,2,2,seeded_scaffold_group_balanced,seeded_scaffold_group_balanced,30,cat_80_d6,boosting,-1.0755090977597543,,,,,,,,,,,1.1984703000052832
lipo,regression,2,3,seeded_scaffold_group_balanced,seeded_scaffold_group_balanced,30,cat_80_d6,boosting,-1.05302574243262,,,,,,,,,,,1.196374499995727
lipo,regression,2,1,seeded_scaffold_group_balanced,seeded_scaffold_group_balanced,31,cat_100_d4,boosting,-1.1404723923952504,,,,,,,,,,,0.5037524000508711
lipo,regression,2,2,seeded_scaffold_group_balanced,seeded_scaffold_group_balanced,31,cat_100_d4,boosting,-1.085769037953693,,,,,,,,,,,0.5971475999685936
lipo,regression,2,3,seeded_scaffold_group_balanced,seeded_scaffold_group_balanced,31,cat_100_d4,boosting,-1.074303969085686,,,,,,,,,,,0.6195526999654248
lipo,regression,2,1,seeded_scaffold_group_balanced,seeded_scaffold_group_balanced,32,cat_60_d8,boosting,-1.0996527071060491,,,,,,,,,,,3.587099099997431
lipo,regression,2,2,seeded_scaffold_group_balanced,seeded_scaffold_group_balanced,32,cat_60_d8,boosting,-1.0647507596340973,,,,,,,,,,,3.4757169000222348
lipo,regression,2,3,seeded_scaffold_group_balanced,seeded_scaffold_group_balanced,32,cat_60_d8,boosting,-1.0388025782605976,,,,,,,,,,,3.309718900010921
lipo,regression,3,1,seeded_scaffold_group_balanced,seeded_scaffold_group_balanced,1,ridge_a0.1,linear,-1.137702436871406,,,,,,,,,,,0.0095498000155203
lipo,regression,3,2,seeded_scaffold_group_balanced,seeded_scaffold_group_balanced,1,ridge_a0.1,linear,-1.166104800826675,,,,,,,,,,,0.0099189999746158
lipo,regression,3,3,seeded_scaffold_group_balanced,seeded_scaffold_group_balanced,1,ridge_a0.1,linear,-1.11142766775591,,,,,,,,,,,0.0121764999930746
lipo,regression,3,1,seeded_scaffold_group_balanced,seeded_scaffold_group_balanced,2,ridge_a1,linear,-1.1183199369700685,,,,,,,,,,,0.0109625000040978
lipo,regression,3,2,seeded_scaffold_group_balanced,seeded_scaffold_group_balanced,2,ridge_a1,linear,-1.1518536587520125,,,,,,,,,,,0.0108140999800525
lipo,regression,3,3,seeded_scaffold_group_balanced,seeded_scaffold_group_balanced,2,ridge_a1,linear,-1.0939377278693034,,,,,,,,,,,0.0091630000388249
lipo,regression,3,1,seeded_scaffold_group_balanced,seeded_scaffold_group_balanced,3,ridge_a10,linear,-1.0388328034185976,,,,,,,,,,,0.0100328000262379
lipo,regression,3,2,seeded_scaffold_group_balanced,seeded_scaffold_group_balanced,3,ridge_a10,linear,-1.0886632317299985,,,,,,,,,,,0.0095146999810822
lipo,regression,3,3,seeded_scaffold_group_balanced,seeded_scaffold_group_balanced,3,ridge_a10,linear,-1.011893537288142,,,,,,,,,,,0.0105625000433065
lipo,regression,3,1,seeded_scaffold_group_balanced,seeded_scaffold_group_balanced,4,elasticnet_a0.001,linear,-1.0890408476959397,,,,,,,,,,,0.0244536999962292
lipo,regression,3,2,seeded_scaffold_group_balanced,seeded_scaffold_group_balanced,4,elasticnet_a0.001,linear,-1.127637407404576,,,,,,,,,,,0.0288890000083483
lipo,regression,3,3,seeded_scaffold_group_balanced,seeded_scaffold_group_balanced,4,elasticnet_a0.001,linear,-1.0665940793348476,,,,,,,,,,,0.0253980999696068
lipo,regression,3,1,seeded_scaffold_group_balanced,seeded_scaffold_group_balanced,5,rf_60_sqrt,bagging,-0.9932022145335806,,,,,,,,,,,0.106758699985221
lipo,regression,3,2,seeded_scaffold_group_balanced,seeded_scaffold_group_balanced,5,rf_60_sqrt,bagging,-1.1189816063586122,,,,,,,,,,,0.116187599953264
lipo,regression,3,3,seeded_scaffold_group_balanced,seeded_scaffold_group_balanced,5,rf_60_sqrt,bagging,-0.9571059053030124,,,,,,,,,,,0.1051512999692931
lipo,regression,3,1,seeded_scaffold_group_balanced,seeded_scaffold_group_balanced,6,rf_90_d12,bagging,-1.0432368331913404,,,,,,,,,,,0.1364364000037312
lipo,regression,3,2,seeded_scaffold_group_balanced,seeded_scaffold_group_balanced,6,rf_90_d12,bagging,-1.154548077686927,,,,,,,,,,,0.1365995000232942
lipo,regression,3,3,seeded_scaffold_group_balanced,seeded_scaffold_group_balanced,6,rf_90_d12,bagging,-1.00110837946956,,,,,,,,,,,0.1280122000025585
lipo,regression,3,1,seeded_scaffold_group_balanced,seeded_scaffold_group_balanced,7,rf_90_leaf2,bagging,-0.9957162762774572,,,,,,,,,,,0.1202720000292174
lipo,regression,3,2,seeded_scaffold_group_balanced,seeded_scaffold_group_balanced,7,rf_90_leaf2,bagging,-1.117969753376009,,,,,,,,,,,0.1238369999919086
lipo,regression,3,3,seeded_scaffold_group_balanced,seeded_scaffold_group_balanced,7,rf_90_leaf2,bagging,-0.9587396509798808,,,,,,,,,,,0.1253984000068158
lipo,regression,3,1,seeded_scaffold_group_balanced,seeded_scaffold_group_balanced,8,rf_120_d20_leaf2,bagging,-1.0074472221160429,,,,,,,,,,,0.1469702999456785
lipo,regression,3,2,seeded_scaffold_group_balanced,seeded_scaffold_group_balanced,8,rf_120_d20_leaf2,bagging,-1.1235956921540888,,,,,,,,,,,0.1484383000060916
lipo,regression,3,3,seeded_scaffold_group_balanced,seeded_scaffold_group_balanced,8,rf_120_d20_leaf2,bagging,-0.9805419470423472,,,,,,,,,,,0.1582213000510819
lipo,regression,3,1,seeded_scaffold_group_balanced,seeded_scaffold_group_balanced,9,et_60_sqrt,bagging,-0.9700820938491946,,,,,,,,,,,0.0980407000170089
lipo,regression,3,2,seeded_scaffold_group_balanced,seeded_scaffold_group_balanced,9,et_60_sqrt,bagging,-1.1002704025278598,,,,,,,,,,,0.0915700999903492
lipo,regression,3,3,seeded_scaffold_group_balanced,seeded_scaffold_group_balanced,9,et_60_sqrt,bagging,-0.9561701307002908,,,,,,,,,,,0.0917819000314921
lipo,regression,3,1,seeded_scaffold_group_balanced,seeded_scaffold_group_balanced,10,et_90_d12,bagging,-1.0242488170846409,,,,,,,,,,,0.085333900002297
lipo,regression,3,2,seeded_scaffold_group_balanced,seeded_scaffold_group_balanced,10,et_90_d12,bagging,-1.1402809766731778,,,,,,,,,,,0.0938861000468023
lipo,regression,3,3,seeded_scaffold_group_balanced,seeded_scaffold_group_balanced,10,et_90_d12,bagging,-0.9857524852943754,,,,,,,,,,,0.0788338999846018
lipo,regression,3,1,seeded_scaffold_group_balanced,seeded_scaffold_group_balanced,11,et_90_leaf2,bagging,-0.9764892564541138,,,,,,,,,,,0.0941519000334665
lipo,regression,3,2,seeded_scaffold_group_balanced,seeded_scaffold_group_balanced,11,et_90_leaf2,bagging,-1.0996174184565188,,,,,,,,,,,0.1058851000270806
lipo,regression,3,3,seeded_scaffold_group_balanced,seeded_scaffold_group_balanced,11,et_90_leaf2,bagging,-0.9446185266755484,,,,,,,,,,,0.099425499967765
lipo,regression,3,1,seeded_scaffold_group_balanced,seeded_scaffold_group_balanced,12,et_120_d20_leaf2,bagging,-0.9842570849688784,,,,,,,,,,,0.1077724000206217
lipo,regression,3,2,seeded_scaffold_group_balanced,seeded_scaffold_group_balanced,12,et_120_d20_leaf2,bagging,-1.1139636998723583,,,,,,,,,,,0.1057776000234298
lipo,regression,3,3,seeded_scaffold_group_balanced,seeded_scaffold_group_balanced,12,et_120_d20_leaf2,bagging,-0.950397452756803,,,,,,,,,,,0.1281686999718658
lipo,regression,3,1,seeded_scaffold_group_balanced,seeded_scaffold_group_balanced,13,histgb_lr0.05,boosting,-0.9887646794404596,,,,,,,,,,,1.6144582999986596
lipo,regression,3,2,seeded_scaffold_group_balanced,seeded_scaffold_group_balanced,13,histgb_lr0.05,boosting,-1.0711489739833178,,,,,,,,,,,1.6573624999728054
lipo,regression,3,3,seeded_scaffold_group_balanced,seeded_scaffold_group_balanced,13,histgb_lr0.05,boosting,-0.9467499376832444,,,,,,,,,,,1.6296309999888765
lipo,regression,3,1,seeded_scaffold_group_balanced,seeded_scaffold_group_balanced,14,histgb_lr0.1,boosting,-0.9637994967821188,,,,,,,,,,,1.3718198999995366
lipo,regression,3,2,seeded_scaffold_group_balanced,seeded_scaffold_group_balanced,14,histgb_lr0.1,boosting,-1.0450511271444003,,,,,,,,,,,1.2413530999911018
lipo,regression,3,3,seeded_scaffold_group_balanced,seeded_scaffold_group_balanced,14,histgb_lr0.1,boosting,-0.9392684092923578,,,,,,,,,,,1.0325999000342565
lipo,regression,3,1,seeded_scaffold_group_balanced,seeded_scaffold_group_balanced,15,gb_lr0.05_d2,boosting,-1.0880254092940285,,,,,,,,,,,0.7336982000269927
lipo,regression,3,2,seeded_scaffold_group_balanced,seeded_scaffold_group_balanced,15,gb_lr0.05_d2,boosting,-1.1867845578508218,,,,,,,,,,,0.7828352000215091
lipo,regression,3,3,seeded_scaffold_group_balanced,seeded_scaffold_group_balanced,15,gb_lr0.05_d2,boosting,-1.0473710870919477,,,,,,,,,,,0.8853209000080824
lipo,regression,3,1,seeded_scaffold_group_balanced,seeded_scaffold_group_balanced,16,gb_lr0.1_d3,boosting,-1.0089955712098504,,,,,,,,,,,1.2287046000128612
lipo,regression,3,2,seeded_scaffold_group_balanced,seeded_scaffold_group_balanced,16,gb_lr0.1_d3,boosting,-1.1182022257231683,,,,,,,,,,,1.1743761000107042
lipo,regression,3,3,seeded_scaffold_group_balanced,seeded_scaffold_group_balanced,16,gb_lr0.1_d3,boosting,-0.968595150499805,,,,,,,,,,,1.1104539000079967
lipo,regression,3,1,seeded_scaffold_group_balanced,seeded_scaffold_group_balanced,17,lgbm_60_l15,boosting,-1.0176393439005855,,,,,,,,,,,0.0616828000056557
lipo,regression,3,2,seeded_scaffold_group_balanced,seeded_scaffold_group_balanced,17,lgbm_60_l15,boosting,-1.1037890468959346,,,,,,,,,,,0.0600116999703459
lipo,regression,3,3,seeded_scaffold_group_balanced,seeded_scaffold_group_balanced,17,lgbm_60_l15,boosting,-0.9801849915374534,,,,,,,,,,,0.0616558999754488
lipo,regression,3,1,seeded_scaffold_group_balanced,seeded_scaffold_group_balanced,18,lgbm_90_l31,boosting,-0.9700636370990382,,,,,,,,,,,0.1364871000405401
lipo,regression,3,2,seeded_scaffold_group_balanced,seeded_scaffold_group_balanced,18,lgbm_90_l31,boosting,-1.0412227229951618,,,,,,,,,,,0.1225067999912425
lipo,regression,3,3,seeded_scaffold_group_balanced,seeded_scaffold_group_balanced,18,lgbm_90_l31,boosting,-0.9295306480105396,,,,,,,,,,,0.174634099996183
lipo,regression,3,1,seeded_scaffold_group_balanced,seeded_scaffold_group_balanced,19,lgbm_60_l63,boosting,-0.9610573603873837,,,,,,,,,,,0.1293408999918028
lipo,regression,3,2,seeded_scaffold_group_balanced,seeded_scaffold_group_balanced,19,lgbm_60_l63,boosting,-1.0473435822546917,,,,,,,,,,,0.1587360000121407
lipo,regression,3,3,seeded_scaffold_group_balanced,seeded_scaffold_group_balanced,19,lgbm_60_l63,boosting,-0.9219274146655728,,,,,,,,,,,0.1831182000460103
lipo,regression,3,1,seeded_scaffold_group_balanced,seeded_scaffold_group_balanced,20,lgbm_100_leaf10,boosting,-0.9587119765574238,,,,,,,,,,,0.2032509999698959
lipo,regression,3,2,seeded_scaffold_group_balanced,seeded_scaffold_group_balanced,20,lgbm_100_leaf10,boosting,-1.0670701202798725,,,,,,,,,,,0.1565450000343844
lipo,regression,3,3,seeded_scaffold_group_balanced,seeded_scaffold_group_balanced,20,lgbm_100_leaf10,boosting,-0.932649687387431,,,,,,,,,,,0.1489739000098779
lipo,regression,3,1,seeded_scaffold_group_balanced,seeded_scaffold_group_balanced,21,lgbm_100_leaf30,boosting,-0.9694757744456316,,,,,,,,,,,0.1418407000019215
lipo,regression,3,2,seeded_scaffold_group_balanced,seeded_scaffold_group_balanced,21,lgbm_100_leaf30,boosting,-1.0412460003481077,,,,,,,,,,,0.1644959999830462
lipo,regression,3,3,seeded_scaffold_group_balanced,seeded_scaffold_group_balanced,21,lgbm_100_leaf30,boosting,-0.9277126007364032,,,,,,,,,,,0.1272527999826707
lipo,regression,3,1,seeded_scaffold_group_balanced,seeded_scaffold_group_balanced,22,lgbm_80_ff0.7,boosting,-0.9445863941547868,,,,,,,,,,,0.1139164000051096
lipo,regression,3,2,seeded_scaffold_group_balanced,seeded_scaffold_group_balanced,22,lgbm_80_ff0.7,boosting,-1.0480898965132808,,,,,,,,,,,0.1026092999964021
lipo,regression,3,3,seeded_scaffold_group_balanced,seeded_scaffold_group_balanced,22,lgbm_80_ff0.7,boosting,-0.9124422201554094,,,,,,,,,,,0.1308380999835208
lipo,regression,3,1,seeded_scaffold_group_balanced,seeded_scaffold_group_balanced,23,lgbm_80_bag0.8,boosting,-0.9519610437580464,,,,,,,,,,,0.112090399954468
lipo,regression,3,2,seeded_scaffold_group_balanced,seeded_scaffold_group_balanced,23,lgbm_80_bag0.8,boosting,-1.0436775718299938,,,,,,,,,,,0.1054657999775372
lipo,regression,3,3,seeded_scaffold_group_balanced,seeded_scaffold_group_balanced,23,lgbm_80_bag0.8,boosting,-0.9141760565160404,,,,,,,,,,,0.1051765999873168
lipo,regression,3,1,seeded_scaffold_group_balanced,seeded_scaffold_group_balanced,24,lgbm_120_l15,boosting,-0.99052448739485,,,,,,,,,,,0.0886613000184297
lipo,regression,3,2,seeded_scaffold_group_balanced,seeded_scaffold_group_balanced,24,lgbm_120_l15,boosting,-1.0713196153802893,,,,,,,,,,,0.0879671999718993
lipo,regression,3,3,seeded_scaffold_group_balanced,seeded_scaffold_group_balanced,24,lgbm_120_l15,boosting,-0.9474779877088668,,,,,,,,,,,0.1006073000025935
lipo,regression,3,1,seeded_scaffold_group_balanced,seeded_scaffold_group_balanced,25,xgb_60_d3,boosting,-1.0312880842475978,,,,,,,,,,,0.1008235000190325
lipo,regression,3,2,seeded_scaffold_group_balanced,seeded_scaffold_group_balanced,25,xgb_60_d3,boosting,-1.1542322411981103,,,,,,,,,,,0.0974307000287808
lipo,regression,3,3,seeded_scaffold_group_balanced,seeded_scaffold_group_balanced,25,xgb_60_d3,boosting,-1.0010216405503407,,,,,,,,,,,0.0971756999497301
lipo,regression,3,1,seeded_scaffold_group_balanced,seeded_scaffold_group_balanced,26,xgb_80_d5,boosting,-0.9887093932014276,,,,,,,,,,,0.1379466999787837
lipo,regression,3,2,seeded_scaffold_group_balanced,seeded_scaffold_group_balanced,26,xgb_80_d5,boosting,-1.1060557045580677,,,,,,,,,,,0.1452878999989479
lipo,regression,3,3,seeded_scaffold_group_balanced,seeded_scaffold_group_balanced,26,xgb_80_d5,boosting,-0.9538729895708684,,,,,,,,,,,0.1588913000305183
lipo,regression,3,1,seeded_scaffold_group_balanced,seeded_scaffold_group_balanced,27,xgb_100_d3,boosting,-1.038721848441596,,,,,,,,,,,0.1479695999878458
lipo,regression,3,2,seeded_scaffold_group_balanced,seeded_scaffold_group_balanced,27,xgb_100_d3,boosting,-1.1418342515222324,,,,,,,,,,,0.131993799994234
lipo,regression,3,3,seeded_scaffold_group_balanced,seeded_scaffold_group_balanced,27,xgb_100_d3,boosting,-0.996925426453582,,,,,,,,,,,0.1305812000064179
lipo,regression,3,1,seeded_scaffold_group_balanced,seeded_scaffold_group_balanced,28,xgb_60_d6,boosting,-0.9851544449102542,,,,,,,,,,,0.1381697000470012
lipo,regression,3,2,seeded_scaffold_group_balanced,seeded_scaffold_group_balanced,28,xgb_60_d6,boosting,-1.0959668351313878,,,,,,,,,,,0.1361396000138484
lipo,regression,3,3,seeded_scaffold_group_balanced,seeded_scaffold_group_balanced,28,xgb_60_d6,boosting,-0.9398031561265124,,,,,,,,,,,0.1331691999803297
lipo,regression,3,1,seeded_scaffold_group_balanced,seeded_scaffold_group_balanced,29,cat_60_d4,boosting,-1.074049433664202,,,,,,,,,,,0.3092151000164449
lipo,regression,3,2,seeded_scaffold_group_balanced,seeded_scaffold_group_balanced,29,cat_60_d4,boosting,-1.1651845348832828,,,,,,,,,,,0.2920347999897785
lipo,regression,3,3,seeded_scaffold_group_balanced,seeded_scaffold_group_balanced,29,cat_60_d4,boosting,-1.0305351213041587,,,,,,,,,,,0.3272336999652907
lipo,regression,3,1,seeded_scaffold_group_balanced,seeded_scaffold_group_balanced,30,cat_80_d6,boosting,-1.0453852588413768,,,,,,,,,,,1.3446374000050128
lipo,regression,3,2,seeded_scaffold_group_balanced,seeded_scaffold_group_balanced,30,cat_80_d6,boosting,-1.141039296999665,,,,,,,,,,,1.339412400033325
lipo,regression,3,3,seeded_scaffold_group_balanced,seeded_scaffold_group_balanced,30,cat_80_d6,boosting,-1.008024541779106,,,,,,,,,,,1.2368228000123054
lipo,regression,3,1,seeded_scaffold_group_balanced,seeded_scaffold_group_balanced,31,cat_100_d4,boosting,-1.0692879988945811,,,,,,,,,,,0.496127400023397
lipo,regression,3,2,seeded_scaffold_group_balanced,seeded_scaffold_group_balanced,31,cat_100_d4,boosting,-1.1625010667412992,,,,,,,,,,,0.4564449999597855
lipo,regression,3,3,seeded_scaffold_group_balanced,seeded_scaffold_group_balanced,31,cat_100_d4,boosting,-1.0298521542593924,,,,,,,,,,,0.4941303000086918
lipo,regression,3,1,seeded_scaffold_group_balanced,seeded_scaffold_group_balanced,32,cat_60_d8,boosting,-1.038289426523647,,,,,,,,,,,3.1788196999696083
lipo,regression,3,2,seeded_scaffold_group_balanced,seeded_scaffold_group_balanced,32,cat_60_d8,boosting,-1.1272763383367708,,,,,,,,,,,3.0836130999960005
lipo,regression,3,3,seeded_scaffold_group_balanced,seeded_scaffold_group_balanced,32,cat_60_d8,boosting,-0.994520423198558,,,,,,,,,,,3.0807909999857657
tdc_caco2_wang,regression,1,1,seeded_scaffold_group_balanced,seeded_scaffold_group_balanced,1,ridge_a0.1,linear,-1.0439990312261782,,,,,,,,,,,0.0043043000041507
tdc_caco2_wang,regression,1,2,seeded_scaffold_group_balanced,seeded_scaffold_group_balanced,1,ridge_a0.1,linear,-0.9261518298502344,,,,,,,,,,,0.0036564999609254
tdc_caco2_wang,regression,1,3,seeded_scaffold_group_balanced,seeded_scaffold_group_balanced,1,ridge_a0.1,linear,-0.989132179379515,,,,,,,,,,,0.0030412999913096
tdc_caco2_wang,regression,1,1,seeded_scaffold_group_balanced,seeded_scaffold_group_balanced,2,ridge_a1,linear,-0.7623489565769526,,,,,,,,,,,0.0029102000407874
tdc_caco2_wang,regression,1,2,seeded_scaffold_group_balanced,seeded_scaffold_group_balanced,2,ridge_a1,linear,-0.7205289954150401,,,,,,,,,,,0.0028540999628603
tdc_caco2_wang,regression,1,3,seeded_scaffold_group_balanced,seeded_scaffold_group_balanced,2,ridge_a1,linear,-0.7658651236043967,,,,,,,,,,,0.0032801000052131
tdc_caco2_wang,regression,1,1,seeded_scaffold_group_balanced,seeded_scaffold_group_balanced,3,ridge_a10,linear,-0.6472685865565095,,,,,,,,,,,0.00286219996633
tdc_caco2_wang,regression,1,2,seeded_scaffold_group_balanced,seeded_scaffold_group_balanced,3,ridge_a10,linear,-0.6083746286668716,,,,,,,,,,,0.0030173999839462
tdc_caco2_wang,regression,1,3,seeded_scaffold_group_balanced,seeded_scaffold_group_balanced,3,ridge_a10,linear,-0.575714199365339,,,,,,,,,,,0.0029434000025503
tdc_caco2_wang,regression,1,1,seeded_scaffold_group_balanced,seeded_scaffold_group_balanced,4,elasticnet_a0.001,linear,-0.7983444387494165,,,,,,,,,,,0.0337025999906472
tdc_caco2_wang,regression,1,2,seeded_scaffold_group_balanced,seeded_scaffold_group_balanced,4,elasticnet_a0.001,linear,-0.7709697099820936,,,,,,,,,,,0.0531195999938063
tdc_caco2_wang,regression,1,3,seeded_scaffold_group_balanced,seeded_scaffold_group_balanced,4,elasticnet_a0.001,linear,-0.8373627087342957,,,,,,,,,,,0.0712076999479904
tdc_caco2_wang,regression,1,1,seeded_scaffold_group_balanced,seeded_scaffold_group_balanced,5,rf_60_sqrt,bagging,-0.6399187351160425,,,,,,,,,,,0.0650725000305101
tdc_caco2_wang,regression,1,2,seeded_scaffold_group_balanced,seeded_scaffold_group_balanced,5,rf_60_sqrt,bagging,-0.6296807114081974,,,,,,,,,,,0.0676262000342831
tdc_caco2_wang,regression,1,3,seeded_scaffold_group_balanced,seeded_scaffold_group_balanced,5,rf_60_sqrt,bagging,-0.6067287371925566,,,,,,,,,,,0.0577695000101812
tdc_caco2_wang,regression,1,1,seeded_scaffold_group_balanced,seeded_scaffold_group_balanced,6,rf_90_d12,bagging,-0.6318479197943095,,,,,,,,,,,0.0761386000085622
tdc_caco2_wang,regression,1,2,seeded_scaffold_group_balanced,seeded_scaffold_group_balanced,6,rf_90_d12,bagging,-0.6474022353175424,,,,,,,,,,,0.0896746999933384
tdc_caco2_wang,regression,1,3,seeded_scaffold_group_balanced,seeded_scaffold_group_balanced,6,rf_90_d12,bagging,-0.6353198769899989,,,,,,,,,,,0.0890968000167049
tdc_caco2_wang,regression,1,1,seeded_scaffold_group_balanced,seeded_scaffold_group_balanced,7,rf_90_leaf2,bagging,-0.6201896637922844,,,,,,,,,,,0.0843604999827221
tdc_caco2_wang,regression,1,2,seeded_scaffold_group_balanced,seeded_scaffold_group_balanced,7,rf_90_leaf2,bagging,-0.6617651231599293,,,,,,,,,,,0.0775591999990865
tdc_caco2_wang,regression,1,3,seeded_scaffold_group_balanced,seeded_scaffold_group_balanced,7,rf_90_leaf2,bagging,-0.6214735681563927,,,,,,,,,,,0.078387500019744
tdc_caco2_wang,regression,1,1,seeded_scaffold_group_balanced,seeded_scaffold_group_balanced,8,rf_120_d20_leaf2,bagging,-0.6301313216114414,,,,,,,,,,,0.1108092999784275
tdc_caco2_wang,regression,1,2,seeded_scaffold_group_balanced,seeded_scaffold_group_balanced,8,rf_120_d20_leaf2,bagging,-0.6655575230135318,,,,,,,,,,,0.1104399999603629
tdc_caco2_wang,regression,1,3,seeded_scaffold_group_balanced,seeded_scaffold_group_balanced,8,rf_120_d20_leaf2,bagging,-0.6117135253323227,,,,,,,,,,,0.1178614000091329
tdc_caco2_wang,regression,1,1,seeded_scaffold_group_balanced,seeded_scaffold_group_balanced,9,et_60_sqrt,bagging,-0.6431601213507292,,,,,,,,,,,0.0542569999815896
tdc_caco2_wang,regression,1,2,seeded_scaffold_group_balanced,seeded_scaffold_group_balanced,9,et_60_sqrt,bagging,-0.6116781988299214,,,,,,,,,,,0.054313100001309
tdc_caco2_wang,regression,1,3,seeded_scaffold_group_balanced,seeded_scaffold_group_balanced,9,et_60_sqrt,bagging,-0.5832618727544598,,,,,,,,,,,0.0540682999999262
tdc_caco2_wang,regression,1,1,seeded_scaffold_group_balanced,seeded_scaffold_group_balanced,10,et_90_d12,bagging,-0.6330347549181614,,,,,,,,,,,0.055771600047592
tdc_caco2_wang,regression,1,2,seeded_scaffold_group_balanced,seeded_scaffold_group_balanced,10,et_90_d12,bagging,-0.6318377567457444,,,,,,,,,,,0.0583281000144779
tdc_caco2_wang,regression,1,3,seeded_scaffold_group_balanced,seeded_scaffold_group_balanced,10,et_90_d12,bagging,-0.6052089158459025,,,,,,,,,,,0.0583505000104196
tdc_caco2_wang,regression,1,1,seeded_scaffold_group_balanced,seeded_scaffold_group_balanced,11,et_90_leaf2,bagging,-0.6405464307246539,,,,,,,,,,,0.0844809000263921
tdc_caco2_wang,regression,1,2,seeded_scaffold_group_balanced,seeded_scaffold_group_balanced,11,et_90_leaf2,bagging,-0.6311045934252368,,,,,,,,,,,0.0817965000169351
tdc_caco2_wang,regression,1,3,seeded_scaffold_group_balanced,seeded_scaffold_group_balanced,11,et_90_leaf2,bagging,-0.5980522274626092,,,,,,,,,,,0.0834806999773718
tdc_caco2_wang,regression,1,1,seeded_scaffold_group_balanced,seeded_scaffold_group_balanced,12,et_120_d20_leaf2,bagging,-0.6415361015988079,,,,,,,,,,,0.1168962999945506
tdc_caco2_wang,regression,1,2,seeded_scaffold_group_balanced,seeded_scaffold_group_balanced,12,et_120_d20_leaf2,bagging,-0.6419119962467178,,,,,,,,,,,0.1049692999804392
tdc_caco2_wang,regression,1,3,seeded_scaffold_group_balanced,seeded_scaffold_group_balanced,12,et_120_d20_leaf2,bagging,-0.5972955994009896,,,,,,,,,,,0.1086705999914556
tdc_caco2_wang,regression,1,1,seeded_scaffold_group_balanced,seeded_scaffold_group_balanced,13,histgb_lr0.05,boosting,-0.6644275606806005,,,,,,,,,,,0.912349299993366
tdc_caco2_wang,regression,1,2,seeded_scaffold_group_balanced,seeded_scaffold_group_balanced,13,histgb_lr0.05,boosting,-0.6436783004952733,,,,,,,,,,,0.898065100016538
tdc_caco2_wang,regression,1,3,seeded_scaffold_group_balanced,seeded_scaffold_group_balanced,13,histgb_lr0.05,boosting,-0.5614651119582716,,,,,,,,,,,0.8953311999794096
tdc_caco2_wang,regression,1,1,seeded_scaffold_group_balanced,seeded_scaffold_group_balanced,14,histgb_lr0.1,boosting,-0.6886745865043249,,,,,,,,,,,0.6514547999831848
tdc_caco2_wang,regression,1,2,seeded_scaffold_group_balanced,seeded_scaffold_group_balanced,14,histgb_lr0.1,boosting,-0.6222710720712602,,,,,,,,,,,0.6616825999808498
tdc_caco2_wang,regression,1,3,seeded_scaffold_group_balanced,seeded_scaffold_group_balanced,14,histgb_lr0.1,boosting,-0.5533831478898268,,,,,,,,,,,0.6950793999712914
tdc_caco2_wang,regression,1,1,seeded_scaffold_group_balanced,seeded_scaffold_group_balanced,15,gb_lr0.05_d2,boosting,-0.7075879899915727,,,,,,,,,,,0.195685799990315
tdc_caco2_wang,regression,1,2,seeded_scaffold_group_balanced,seeded_scaffold_group_balanced,15,gb_lr0.05_d2,boosting,-0.7163368449106364,,,,,,,,,,,0.1802936000167392
tdc_caco2_wang,regression,1,3,seeded_scaffold_group_balanced,seeded_scaffold_group_balanced,15,gb_lr0.05_d2,boosting,-0.6620136291664075,,,,,,,,,,,0.1841431999928318
tdc_caco2_wang,regression,1,1,seeded_scaffold_group_balanced,seeded_scaffold_group_balanced,16,gb_lr0.1_d3,boosting,-0.6147043250326122,,,,,,,,,,,0.2740371000254527
tdc_caco2_wang,regression,1,2,seeded_scaffold_group_balanced,seeded_scaffold_group_balanced,16,gb_lr0.1_d3,boosting,-0.6314401106512678,,,,,,,,,,,0.269029600021895
tdc_caco2_wang,regression,1,3,seeded_scaffold_group_balanced,seeded_scaffold_group_balanced,16,gb_lr0.1_d3,boosting,-0.5842226987638268,,,,,,,,,,,0.2707457999931648
tdc_caco2_wang,regression,1,1,seeded_scaffold_group_balanced,seeded_scaffold_group_balanced,17,lgbm_60_l15,boosting,-0.6571744666526045,,,,,,,,,,,0.0373568999930284
tdc_caco2_wang,regression,1,2,seeded_scaffold_group_balanced,seeded_scaffold_group_balanced,17,lgbm_60_l15,boosting,-0.6665093218464442,,,,,,,,,,,0.031146399967838
tdc_caco2_wang,regression,1,3,seeded_scaffold_group_balanced,seeded_scaffold_group_balanced,17,lgbm_60_l15,boosting,-0.5785683891119748,,,,,,,,,,,0.0313260999973863
tdc_caco2_wang,regression,1,1,seeded_scaffold_group_balanced,seeded_scaffold_group_balanced,18,lgbm_90_l31,boosting,-0.6714726201238519,,,,,,,,,,,0.0423878000001423
tdc_caco2_wang,regression,1,2,seeded_scaffold_group_balanced,seeded_scaffold_group_balanced,18,lgbm_90_l31,boosting,-0.6501948080402306,,,,,,,,,,,0.0402037000167183
tdc_caco2_wang,regression,1,3,seeded_scaffold_group_balanced,seeded_scaffold_group_balanced,18,lgbm_90_l31,boosting,-0.5569776073706935,,,,,,,,,,,0.0400455000344663
tdc_caco2_wang,regression,1,1,seeded_scaffold_group_balanced,seeded_scaffold_group_balanced,19,lgbm_60_l63,boosting,-0.6677757647437932,,,,,,,,,,,0.0342498000245541
tdc_caco2_wang,regression,1,2,seeded_scaffold_group_balanced,seeded_scaffold_group_balanced,19,lgbm_60_l63,boosting,-0.6501616200097943,,,,,,,,,,,0.0329825000371784
tdc_caco2_wang,regression,1,3,seeded_scaffold_group_balanced,seeded_scaffold_group_balanced,19,lgbm_60_l63,boosting,-0.5727324349231433,,,,,,,,,,,0.0325975999585352
tdc_caco2_wang,regression,1,1,seeded_scaffold_group_balanced,seeded_scaffold_group_balanced,20,lgbm_100_leaf10,boosting,-0.7054710344598772,,,,,,,,,,,0.0911029999842867
tdc_caco2_wang,regression,1,2,seeded_scaffold_group_balanced,seeded_scaffold_group_balanced,20,lgbm_100_leaf10,boosting,-0.6240873540774426,,,,,,,,,,,0.0867962000193074
tdc_caco2_wang,regression,1,3,seeded_scaffold_group_balanced,seeded_scaffold_group_balanced,20,lgbm_100_leaf10,boosting,-0.5717914137806263,,,,,,,,,,,0.1347241000039503
tdc_caco2_wang,regression,1,1,seeded_scaffold_group_balanced,seeded_scaffold_group_balanced,21,lgbm_100_leaf30,boosting,-0.6514009494420443,,,,,,,,,,,0.0356184000265784
tdc_caco2_wang,regression,1,2,seeded_scaffold_group_balanced,seeded_scaffold_group_balanced,21,lgbm_100_leaf30,boosting,-0.6558364850049133,,,,,,,,,,,0.0323706999770365
tdc_caco2_wang,regression,1,3,seeded_scaffold_group_balanced,seeded_scaffold_group_balanced,21,lgbm_100_leaf30,boosting,-0.6272263476062329,,,,,,,,,,,0.0287648999947123
tdc_caco2_wang,regression,1,1,seeded_scaffold_group_balanced,seeded_scaffold_group_balanced,22,lgbm_80_ff0.7,boosting,-0.6599236913590272,,,,,,,,,,,0.0388509000185877
tdc_caco2_wang,regression,1,2,seeded_scaffold_group_balanced,seeded_scaffold_group_balanced,22,lgbm_80_ff0.7,boosting,-0.6346323144927976,,,,,,,,,,,0.0388358999625779
tdc_caco2_wang,regression,1,3,seeded_scaffold_group_balanced,seeded_scaffold_group_balanced,22,lgbm_80_ff0.7,boosting,-0.5774401773302593,,,,,,,,,,,0.0395493999822065
tdc_caco2_wang,regression,1,1,seeded_scaffold_group_balanced,seeded_scaffold_group_balanced,23,lgbm_80_bag0.8,boosting,-0.6912433256939056,,,,,,,,,,,0.0390302999876439
tdc_caco2_wang,regression,1,2,seeded_scaffold_group_balanced,seeded_scaffold_group_balanced,23,lgbm_80_bag0.8,boosting,-0.6334051573361136,,,,,,,,,,,0.0351060999673791
tdc_caco2_wang,regression,1,3,seeded_scaffold_group_balanced,seeded_scaffold_group_balanced,23,lgbm_80_bag0.8,boosting,-0.6083996540244568,,,,,,,,,,,0.0325292000197805
tdc_caco2_wang,regression,1,1,seeded_scaffold_group_balanced,seeded_scaffold_group_balanced,24,lgbm_120_l15,boosting,-0.6761138022042861,,,,,,,,,,,0.0471517000114545
tdc_caco2_wang,regression,1,2,seeded_scaffold_group_balanced,seeded_scaffold_group_balanced,24,lgbm_120_l15,boosting,-0.6434934005811455,,,,,,,,,,,0.0461779999895952
tdc_caco2_wang,regression,1,3,seeded_scaffold_group_balanced,seeded_scaffold_group_balanced,24,lgbm_120_l15,boosting,-0.556297366928942,,,,,,,,,,,0.0474619999877177
tdc_caco2_wang,regression,1,1,seeded_scaffold_group_balanced,seeded_scaffold_group_balanced,25,xgb_60_d3,boosting,-0.7028838352957428,,,,,,,,,,,0.0463049999671056
tdc_caco2_wang,regression,1,2,seeded_scaffold_group_balanced,seeded_scaffold_group_balanced,25,xgb_60_d3,boosting,-0.6544763315969246,,,,,,,,,,,0.0441048999782651
tdc_caco2_wang,regression,1,3,seeded_scaffold_group_balanced,seeded_scaffold_group_balanced,25,xgb_60_d3,boosting,-0.6028634242491409,,,,,,,,,,,0.0430458000046201
tdc_caco2_wang,regression,1,1,seeded_scaffold_group_balanced,seeded_scaffold_group_balanced,26,xgb_80_d5,boosting,-0.6228775820391127,,,,,,,,,,,0.0706875000032596
tdc_caco2_wang,regression,1,2,seeded_scaffold_group_balanced,seeded_scaffold_group_balanced,26,xgb_80_d5,boosting,-0.6292804565604474,,,,,,,,,,,0.0762155999545939
tdc_caco2_wang,regression,1,3,seeded_scaffold_group_balanced,seeded_scaffold_group_balanced,26,xgb_80_d5,boosting,-0.5707110732954861,,,,,,,,,,,0.0694834000314585
tdc_caco2_wang,regression,1,1,seeded_scaffold_group_balanced,seeded_scaffold_group_balanced,27,xgb_100_d3,boosting,-0.6621042945292975,,,,,,,,,,,0.0556795000447891
tdc_caco2_wang,regression,1,2,seeded_scaffold_group_balanced,seeded_scaffold_group_balanced,27,xgb_100_d3,boosting,-0.6416209867346486,,,,,,,,,,,0.0601578000350855
tdc_caco2_wang,regression,1,3,seeded_scaffold_group_balanced,seeded_scaffold_group_balanced,27,xgb_100_d3,boosting,-0.6134326858756481,,,,,,,,,,,0.0578554999665357
tdc_caco2_wang,regression,1,1,seeded_scaffold_group_balanced,seeded_scaffold_group_balanced,28,xgb_60_d6,boosting,-0.6544227004576354,,,,,,,,,,,0.0690786999766714
tdc_caco2_wang,regression,1,2,seeded_scaffold_group_balanced,seeded_scaffold_group_balanced,28,xgb_60_d6,boosting,-0.6248707349769804,,,,,,,,,,,0.0576293999911285
tdc_caco2_wang,regression,1,3,seeded_scaffold_group_balanced,seeded_scaffold_group_balanced,28,xgb_60_d6,boosting,-0.5781312519260636,,,,,,,,,,,0.0726323000271804
tdc_caco2_wang,regression,1,1,seeded_scaffold_group_balanced,seeded_scaffold_group_balanced,29,cat_60_d4,boosting,-0.6926888361097473,,,,,,,,,,,0.1579829999827779
tdc_caco2_wang,regression,1,2,seeded_scaffold_group_balanced,seeded_scaffold_group_balanced,29,cat_60_d4,boosting,-0.6946382741674861,,,,,,,,,,,0.1796552999876439
tdc_caco2_wang,regression,1,3,seeded_scaffold_group_balanced,seeded_scaffold_group_balanced,29,cat_60_d4,boosting,-0.6616354154003442,,,,,,,,,,,0.1775181999546475
tdc_caco2_wang,regression,1,1,seeded_scaffold_group_balanced,seeded_scaffold_group_balanced,30,cat_80_d6,boosting,-0.7037058912834296,,,,,,,,,,,0.4939427000354044
tdc_caco2_wang,regression,1,2,seeded_scaffold_group_balanced,seeded_scaffold_group_balanced,30,cat_80_d6,boosting,-0.6754690732912619,,,,,,,,,,,0.4635186999803409
tdc_caco2_wang,regression,1,3,seeded_scaffold_group_balanced,seeded_scaffold_group_balanced,30,cat_80_d6,boosting,-0.6449128037167551,,,,,,,,,,,0.552654099999927
tdc_caco2_wang,regression,1,1,seeded_scaffold_group_balanced,seeded_scaffold_group_balanced,31,cat_100_d4,boosting,-0.6910358142012952,,,,,,,,,,,0.2492054000031203
tdc_caco2_wang,regression,1,2,seeded_scaffold_group_balanced,seeded_scaffold_group_balanced,31,cat_100_d4,boosting,-0.7049895937088795,,,,,,,,,,,0.2473013999988325
tdc_caco2_wang,regression,1,3,seeded_scaffold_group_balanced,seeded_scaffold_group_balanced,31,cat_100_d4,boosting,-0.6487204172454402,,,,,,,,,,,0.2992000000085681
tdc_caco2_wang,regression,1,1,seeded_scaffold_group_balanced,seeded_scaffold_group_balanced,32,cat_60_d8,boosting,-0.6746205051272695,,,,,,,,,,,1.1161397999967448
tdc_caco2_wang,regression,1,2,seeded_scaffold_group_balanced,seeded_scaffold_group_balanced,32,cat_60_d8,boosting,-0.6880915855230192,,,,,,,,,,,1.1221307999803685
tdc_caco2_wang,regression,1,3,seeded_scaffold_group_balanced,seeded_scaffold_group_balanced,32,cat_60_d8,boosting,-0.6391648834063618,,,,,,,,,,,1.232851299981121
tdc_caco2_wang,regression,2,1,seeded_scaffold_group_balanced,seeded_scaffold_group_balanced,1,ridge_a0.1,linear,-0.9084661111615,,,,,,,,,,,0.0047217999817803
tdc_caco2_wang,regression,2,2,seeded_scaffold_group_balanced,seeded_scaffold_group_balanced,1,ridge_a0.1,linear,-0.9277270764241352,,,,,,,,,,,0.0034957000170834
tdc_caco2_wang,regression,2,3,seeded_scaffold_group_balanced,seeded_scaffold_group_balanced,1,ridge_a0.1,linear,-0.957266798511474,,,,,,,,,,,0.0034233999904245
tdc_caco2_wang,regression,2,1,seeded_scaffold_group_balanced,seeded_scaffold_group_balanced,2,ridge_a1,linear,-0.7016197339580611,,,,,,,,,,,0.003291800036095
tdc_caco2_wang,regression,2,2,seeded_scaffold_group_balanced,seeded_scaffold_group_balanced,2,ridge_a1,linear,-0.668938582240898,,,,,,,,,,,0.0031358000123873
tdc_caco2_wang,regression,2,3,seeded_scaffold_group_balanced,seeded_scaffold_group_balanced,2,ridge_a1,linear,-0.7661109978826842,,,,,,,,,,,0.0040368000045418
tdc_caco2_wang,regression,2,1,seeded_scaffold_group_balanced,seeded_scaffold_group_balanced,3,ridge_a10,linear,-0.5730508579605337,,,,,,,,,,,0.0038398000178858
tdc_caco2_wang,regression,2,2,seeded_scaffold_group_balanced,seeded_scaffold_group_balanced,3,ridge_a10,linear,-0.5649948026477963,,,,,,,,,,,0.0035178000107407
tdc_caco2_wang,regression,2,3,seeded_scaffold_group_balanced,seeded_scaffold_group_balanced,3,ridge_a10,linear,-0.6184523264395215,,,,,,,,,,,0.0035471000010147
tdc_caco2_wang,regression,2,1,seeded_scaffold_group_balanced,seeded_scaffold_group_balanced,4,elasticnet_a0.001,linear,-0.7383849484728662,,,,,,,,,,,0.027357600047253
tdc_caco2_wang,regression,2,2,seeded_scaffold_group_balanced,seeded_scaffold_group_balanced,4,elasticnet_a0.001,linear,-0.7130112225913657,,,,,,,,,,,0.0358428000472486
tdc_caco2_wang,regression,2,3,seeded_scaffold_group_balanced,seeded_scaffold_group_balanced,4,elasticnet_a0.001,linear,-0.8319227618699753,,,,,,,,,,,0.0425683999783359
tdc_caco2_wang,regression,2,1,seeded_scaffold_group_balanced,seeded_scaffold_group_balanced,5,rf_60_sqrt,bagging,-0.5577178856616849,,,,,,,,,,,0.0798099000239744
tdc_caco2_wang,regression,2,2,seeded_scaffold_group_balanced,seeded_scaffold_group_balanced,5,rf_60_sqrt,bagging,-0.5724193488495837,,,,,,,,,,,0.0637177000171504
tdc_caco2_wang,regression,2,3,seeded_scaffold_group_balanced,seeded_scaffold_group_balanced,5,rf_60_sqrt,bagging,-0.5900391651141044,,,,,,,,,,,0.0640686000115238
tdc_caco2_wang,regression,2,1,seeded_scaffold_group_balanced,seeded_scaffold_group_balanced,6,rf_90_d12,bagging,-0.5779836363823265,,,,,,,,,,,0.0876200000056997
tdc_caco2_wang,regression,2,2,seeded_scaffold_group_balanced,seeded_scaffold_group_balanced,6,rf_90_d12,bagging,-0.6029675928675683,,,,,,,,,,,0.0999541999772191
tdc_caco2_wang,regression,2,3,seeded_scaffold_group_balanced,seeded_scaffold_group_balanced,6,rf_90_d12,bagging,-0.6053812690418361,,,,,,,,,,,0.0881641000160016
tdc_caco2_wang,regression,2,1,seeded_scaffold_group_balanced,seeded_scaffold_group_balanced,7,rf_90_leaf2,bagging,-0.576021085329753,,,,,,,,,,,0.0892750000348314
tdc_caco2_wang,regression,2,2,seeded_scaffold_group_balanced,seeded_scaffold_group_balanced,7,rf_90_leaf2,bagging,-0.6027006275413848,,,,,,,,,,,0.0907815999817103
tdc_caco2_wang,regression,2,3,seeded_scaffold_group_balanced,seeded_scaffold_group_balanced,7,rf_90_leaf2,bagging,-0.5923413380316268,,,,,,,,,,,0.0868491000146605
tdc_caco2_wang,regression,2,1,seeded_scaffold_group_balanced,seeded_scaffold_group_balanced,8,rf_120_d20_leaf2,bagging,-0.5849117516369777,,,,,,,,,,,0.1088345000171102
tdc_caco2_wang,regression,2,2,seeded_scaffold_group_balanced,seeded_scaffold_group_balanced,8,rf_120_d20_leaf2,bagging,-0.5965145709788267,,,,,,,,,,,0.1270074000349268
tdc_caco2_wang,regression,2,3,seeded_scaffold_group_balanced,seeded_scaffold_group_balanced,8,rf_120_d20_leaf2,bagging,-0.5926150415450548,,,,,,,,,,,0.1083494000486098
tdc_caco2_wang,regression,2,1,seeded_scaffold_group_balanced,seeded_scaffold_group_balanced,9,et_60_sqrt,bagging,-0.5533861536905453,,,,,,,,,,,0.0517261000350117
tdc_caco2_wang,regression,2,2,seeded_scaffold_group_balanced,seeded_scaffold_group_balanced,9,et_60_sqrt,bagging,-0.5584849060279509,,,,,,,,,,,0.0527195000322535
tdc_caco2_wang,regression,2,3,seeded_scaffold_group_balanced,seeded_scaffold_group_balanced,9,et_60_sqrt,bagging,-0.5655534870342641,,,,,,,,,,,0.0595271000056527
tdc_caco2_wang,regression,2,1,seeded_scaffold_group_balanced,seeded_scaffold_group_balanced,10,et_90_d12,bagging,-0.5839401317525102,,,,,,,,,,,0.0699526999960653
tdc_caco2_wang,regression,2,2,seeded_scaffold_group_balanced,seeded_scaffold_group_balanced,10,et_90_d12,bagging,-0.5768739542680942,,,,,,,,,,,0.0676559000276029
tdc_caco2_wang,regression,2,3,seeded_scaffold_group_balanced,seeded_scaffold_group_balanced,10,et_90_d12,bagging,-0.5862348174766218,,,,,,,,,,,0.0702502999920398
tdc_caco2_wang,regression,2,1,seeded_scaffold_group_balanced,seeded_scaffold_group_balanced,11,et_90_leaf2,bagging,-0.5727218488854985,,,,,,,,,,,0.0725246999645605
tdc_caco2_wang,regression,2,2,seeded_scaffold_group_balanced,seeded_scaffold_group_balanced,11,et_90_leaf2,bagging,-0.5714665855682638,,,,,,,,,,,0.0600573999690823
tdc_caco2_wang,regression,2,3,seeded_scaffold_group_balanced,seeded_scaffold_group_balanced,11,et_90_leaf2,bagging,-0.5620876462814676,,,,,,,,,,,0.0593183999881148
tdc_caco2_wang,regression,2,1,seeded_scaffold_group_balanced,seeded_scaffold_group_balanced,12,et_120_d20_leaf2,bagging,-0.5723788929580231,,,,,,,,,,,0.0832947999588213
tdc_caco2_wang,regression,2,2,seeded_scaffold_group_balanced,seeded_scaffold_group_balanced,12,et_120_d20_leaf2,bagging,-0.5779089442938461,,,,,,,,,,,0.0832119999686256
tdc_caco2_wang,regression,2,3,seeded_scaffold_group_balanced,seeded_scaffold_group_balanced,12,et_120_d20_leaf2,bagging,-0.5633301630643642,,,,,,,,,,,0.079619099968113
tdc_caco2_wang,regression,2,1,seeded_scaffold_group_balanced,seeded_scaffold_group_balanced,13,histgb_lr0.05,boosting,-0.5655387050288466,,,,,,,,,,,0.7699674000032246
tdc_caco2_wang,regression,2,2,seeded_scaffold_group_balanced,seeded_scaffold_group_balanced,13,histgb_lr0.05,boosting,-0.5730385449363118,,,,,,,,,,,0.7475249999552034
tdc_caco2_wang,regression,2,3,seeded_scaffold_group_balanced,seeded_scaffold_group_balanced,13,histgb_lr0.05,boosting,-0.5831467441356304,,,,,,,,,,,0.7355610000086017
tdc_caco2_wang,regression,2,1,seeded_scaffold_group_balanced,seeded_scaffold_group_balanced,14,histgb_lr0.1,boosting,-0.5354065365076843,,,,,,,,,,,0.6885331999510527
tdc_caco2_wang,regression,2,2,seeded_scaffold_group_balanced,seeded_scaffold_group_balanced,14,histgb_lr0.1,boosting,-0.5609641486772993,,,,,,,,,,,0.6971520999795757
tdc_caco2_wang,regression,2,3,seeded_scaffold_group_balanced,seeded_scaffold_group_balanced,14,histgb_lr0.1,boosting,-0.5680335450079266,,,,,,,,,,,0.661677600000985
tdc_caco2_wang,regression,2,1,seeded_scaffold_group_balanced,seeded_scaffold_group_balanced,15,gb_lr0.05_d2,boosting,-0.6337839841664962,,,,,,,,,,,0.1897194999619387
tdc_caco2_wang,regression,2,2,seeded_scaffold_group_balanced,seeded_scaffold_group_balanced,15,gb_lr0.05_d2,boosting,-0.6420819278079248,,,,,,,,,,,0.1918058000155724
tdc_caco2_wang,regression,2,3,seeded_scaffold_group_balanced,seeded_scaffold_group_balanced,15,gb_lr0.05_d2,boosting,-0.6357302941591951,,,,,,,,,,,0.1908880000119097
tdc_caco2_wang,regression,2,1,seeded_scaffold_group_balanced,seeded_scaffold_group_balanced,16,gb_lr0.1_d3,boosting,-0.5698409327290369,,,,,,,,,,,0.3106550000375137
tdc_caco2_wang,regression,2,2,seeded_scaffold_group_balanced,seeded_scaffold_group_balanced,16,gb_lr0.1_d3,boosting,-0.5490558627056203,,,,,,,,,,,0.3630448000039905
tdc_caco2_wang,regression,2,3,seeded_scaffold_group_balanced,seeded_scaffold_group_balanced,16,gb_lr0.1_d3,boosting,-0.5904593670671782,,,,,,,,,,,0.3561138999648392
tdc_caco2_wang,regression,2,1,seeded_scaffold_group_balanced,seeded_scaffold_group_balanced,17,lgbm_60_l15,boosting,-0.5856540344973863,,,,,,,,,,,0.0425055000232532
tdc_caco2_wang,regression,2,2,seeded_scaffold_group_balanced,seeded_scaffold_group_balanced,17,lgbm_60_l15,boosting,-0.5866942424702148,,,,,,,,,,,0.0397624999750405
tdc_caco2_wang,regression,2,3,seeded_scaffold_group_balanced,seeded_scaffold_group_balanced,17,lgbm_60_l15,boosting,-0.6005889821928226,,,,,,,,,,,0.0467528000008314
tdc_caco2_wang,regression,2,1,seeded_scaffold_group_balanced,seeded_scaffold_group_balanced,18,lgbm_90_l31,boosting,-0.5678627661822941,,,,,,,,,,,0.0783361999783665
tdc_caco2_wang,regression,2,2,seeded_scaffold_group_balanced,seeded_scaffold_group_balanced,18,lgbm_90_l31,boosting,-0.5875036522822275,,,,,,,,,,,0.0695452999789267
tdc_caco2_wang,regression,2,3,seeded_scaffold_group_balanced,seeded_scaffold_group_balanced,18,lgbm_90_l31,boosting,-0.5828239370789058,,,,,,,,,,,0.0597006999887526
tdc_caco2_wang,regression,2,1,seeded_scaffold_group_balanced,seeded_scaffold_group_balanced,19,lgbm_60_l63,boosting,-0.5562489044223481,,,,,,,,,,,0.0434698999742977
tdc_caco2_wang,regression,2,2,seeded_scaffold_group_balanced,seeded_scaffold_group_balanced,19,lgbm_60_l63,boosting,-0.5756053445205539,,,,,,,,,,,0.0577196999802254
tdc_caco2_wang,regression,2,3,seeded_scaffold_group_balanced,seeded_scaffold_group_balanced,19,lgbm_60_l63,boosting,-0.5646400040395536,,,,,,,,,,,0.0587034999625757
tdc_caco2_wang,regression,2,1,seeded_scaffold_group_balanced,seeded_scaffold_group_balanced,20,lgbm_100_leaf10,boosting,-0.5396869296276136,,,,,,,,,,,0.1548753000097349
tdc_caco2_wang,regression,2,2,seeded_scaffold_group_balanced,seeded_scaffold_group_balanced,20,lgbm_100_leaf10,boosting,-0.5709860893782076,,,,,,,,,,,0.109585199970752
tdc_caco2_wang,regression,2,3,seeded_scaffold_group_balanced,seeded_scaffold_group_balanced,20,lgbm_100_leaf10,boosting,-0.5954996233582504,,,,,,,,,,,0.150513399974443
tdc_caco2_wang,regression,2,1,seeded_scaffold_group_balanced,seeded_scaffold_group_balanced,21,lgbm_100_leaf30,boosting,-0.5680671190397923,,,,,,,,,,,0.0398879999993369
tdc_caco2_wang,regression,2,2,seeded_scaffold_group_balanced,seeded_scaffold_group_balanced,21,lgbm_100_leaf30,boosting,-0.5767881449678433,,,,,,,,,,,0.0441683999961242
tdc_caco2_wang,regression,2,3,seeded_scaffold_group_balanced,seeded_scaffold_group_balanced,21,lgbm_100_leaf30,boosting,-0.5756835927297305,,,,,,,,,,,0.0433974000043235
tdc_caco2_wang,regression,2,1,seeded_scaffold_group_balanced,seeded_scaffold_group_balanced,22,lgbm_80_ff0.7,boosting,-0.5622338021763437,,,,,,,,,,,0.0456735999905504
tdc_caco2_wang,regression,2,2,seeded_scaffold_group_balanced,seeded_scaffold_group_balanced,22,lgbm_80_ff0.7,boosting,-0.5689117765804547,,,,,,,,,,,0.053358000004664
tdc_caco2_wang,regression,2,3,seeded_scaffold_group_balanced,seeded_scaffold_group_balanced,22,lgbm_80_ff0.7,boosting,-0.5544541493102045,,,,,,,,,,,0.1150127999717369
tdc_caco2_wang,regression,2,1,seeded_scaffold_group_balanced,seeded_scaffold_group_balanced,23,lgbm_80_bag0.8,boosting,-0.544538685285668,,,,,,,,,,,0.0740699999732896
tdc_caco2_wang,regression,2,2,seeded_scaffold_group_balanced,seeded_scaffold_group_balanced,23,lgbm_80_bag0.8,boosting,-0.5595085796738282,,,,,,,,,,,0.0564165999530814
tdc_caco2_wang,regression,2,3,seeded_scaffold_group_balanced,seeded_scaffold_group_balanced,23,lgbm_80_bag0.8,boosting,-0.5553318153401267,,,,,,,,,,,0.09416700003203
tdc_caco2_wang,regression,2,1,seeded_scaffold_group_balanced,seeded_scaffold_group_balanced,24,lgbm_120_l15,boosting,-0.5587355944067255,,,,,,,,,,,0.1020510999951511
tdc_caco2_wang,regression,2,2,seeded_scaffold_group_balanced,seeded_scaffold_group_balanced,24,lgbm_120_l15,boosting,-0.5782577320870275,,,,,,,,,,,0.1148886999581009
tdc_caco2_wang,regression,2,3,seeded_scaffold_group_balanced,seeded_scaffold_group_balanced,24,lgbm_120_l15,boosting,-0.5736735786879047,,,,,,,,,,,0.0938948999973945
tdc_caco2_wang,regression,2,1,seeded_scaffold_group_balanced,seeded_scaffold_group_balanced,25,xgb_60_d3,boosting,-0.5749696426838314,,,,,,,,,,,0.055629099952057
tdc_caco2_wang,regression,2,2,seeded_scaffold_group_balanced,seeded_scaffold_group_balanced,25,xgb_60_d3,boosting,-0.5723535165137407,,,,,,,,,,,0.0536626999964937
tdc_caco2_wang,regression,2,3,seeded_scaffold_group_balanced,seeded_scaffold_group_balanced,25,xgb_60_d3,boosting,-0.5920505830783932,,,,,,,,,,,0.0553631000220775
tdc_caco2_wang,regression,2,1,seeded_scaffold_group_balanced,seeded_scaffold_group_balanced,26,xgb_80_d5,boosting,-0.5414573491373994,,,,,,,,,,,0.0928058000281453
tdc_caco2_wang,regression,2,2,seeded_scaffold_group_balanced,seeded_scaffold_group_balanced,26,xgb_80_d5,boosting,-0.5497006590837425,,,,,,,,,,,0.0896618000115268
tdc_caco2_wang,regression,2,3,seeded_scaffold_group_balanced,seeded_scaffold_group_balanced,26,xgb_80_d5,boosting,-0.5839740033265459,,,,,,,,,,,0.1054383000009693
tdc_caco2_wang,regression,2,1,seeded_scaffold_group_balanced,seeded_scaffold_group_balanced,27,xgb_100_d3,boosting,-0.5769302616949298,,,,,,,,,,,0.0801290000090375
tdc_caco2_wang,regression,2,2,seeded_scaffold_group_balanced,seeded_scaffold_group_balanced,27,xgb_100_d3,boosting,-0.5653431568577008,,,,,,,,,,,0.0726689000148326
tdc_caco2_wang,regression,2,3,seeded_scaffold_group_balanced,seeded_scaffold_group_balanced,27,xgb_100_d3,boosting,-0.5851421114223273,,,,,,,,,,,0.0736066999961622
tdc_caco2_wang,regression,2,1,seeded_scaffold_group_balanced,seeded_scaffold_group_balanced,28,xgb_60_d6,boosting,-0.5516630227500339,,,,,,,,,,,0.0810443999944254
tdc_caco2_wang,regression,2,2,seeded_scaffold_group_balanced,seeded_scaffold_group_balanced,28,xgb_60_d6,boosting,-0.5516319175077147,,,,,,,,,,,0.0801974000059999
tdc_caco2_wang,regression,2,3,seeded_scaffold_group_balanced,seeded_scaffold_group_balanced,28,xgb_60_d6,boosting,-0.581579897890056,,,,,,,,,,,0.0802206000080332
tdc_caco2_wang,regression,2,1,seeded_scaffold_group_balanced,seeded_scaffold_group_balanced,29,cat_60_d4,boosting,-0.6000741992626194,,,,,,,,,,,0.1992573000025004
tdc_caco2_wang,regression,2,2,seeded_scaffold_group_balanced,seeded_scaffold_group_balanced,29,cat_60_d4,boosting,-0.616095235494728,,,,,,,,,,,0.203705699997954
tdc_caco2_wang,regression,2,3,seeded_scaffold_group_balanced,seeded_scaffold_group_balanced,29,cat_60_d4,boosting,-0.6211363299491712,,,,,,,,,,,0.2109878999763168
tdc_caco2_wang,regression,2,1,seeded_scaffold_group_balanced,seeded_scaffold_group_balanced,30,cat_80_d6,boosting,-0.5930759459588247,,,,,,,,,,,0.6323693000013009
tdc_caco2_wang,regression,2,2,seeded_scaffold_group_balanced,seeded_scaffold_group_balanced,30,cat_80_d6,boosting,-0.610368723345652,,,,,,,,,,,0.556898100010585
tdc_caco2_wang,regression,2,3,seeded_scaffold_group_balanced,seeded_scaffold_group_balanced,30,cat_80_d6,boosting,-0.6116722978374195,,,,,,,,,,,0.5985043999971822
tdc_caco2_wang,regression,2,1,seeded_scaffold_group_balanced,seeded_scaffold_group_balanced,31,cat_100_d4,boosting,-0.6005192061255047,,,,,,,,,,,0.2330811999854631
tdc_caco2_wang,regression,2,2,seeded_scaffold_group_balanced,seeded_scaffold_group_balanced,31,cat_100_d4,boosting,-0.6130137455279452,,,,,,,,,,,0.2220128999906592
tdc_caco2_wang,regression,2,3,seeded_scaffold_group_balanced,seeded_scaffold_group_balanced,31,cat_100_d4,boosting,-0.6171851399497756,,,,,,,,,,,0.2453407000284642
tdc_caco2_wang,regression,2,1,seeded_scaffold_group_balanced,seeded_scaffold_group_balanced,32,cat_60_d8,boosting,-0.5829189554874641,,,,,,,,,,,1.2403414000291375
tdc_caco2_wang,regression,2,2,seeded_scaffold_group_balanced,seeded_scaffold_group_balanced,32,cat_60_d8,boosting,-0.6028819227779235,,,,,,,,,,,1.1157553999801166
tdc_caco2_wang,regression,2,3,seeded_scaffold_group_balanced,seeded_scaffold_group_balanced,32,cat_60_d8,boosting,-0.5826690222763212,,,,,,,,,,,1.483344300009776
tdc_caco2_wang,regression,3,1,seeded_scaffold_group_balanced,seeded_scaffold_group_balanced,1,ridge_a0.1,linear,-0.8235274084944253,,,,,,,,,,,0.0034366999752819
tdc_caco2_wang,regression,3,2,seeded_scaffold_group_balanced,seeded_scaffold_group_balanced,1,ridge_a0.1,linear,-0.9705051587875202,,,,,,,,,,,0.0031588000128977
tdc_caco2_wang,regression,3,3,seeded_scaffold_group_balanced,seeded_scaffold_group_balanced,1,ridge_a0.1,linear,-0.989988409530218,,,,,,,,,,,0.0031630999874323
tdc_caco2_wang,regression,3,1,seeded_scaffold_group_balanced,seeded_scaffold_group_balanced,2,ridge_a1,linear,-0.6479953088022813,,,,,,,,,,,0.0031193000031635
tdc_caco2_wang,regression,3,2,seeded_scaffold_group_balanced,seeded_scaffold_group_balanced,2,ridge_a1,linear,-0.7939637760254853,,,,,,,,,,,0.0031403999892063
tdc_caco2_wang,regression,3,3,seeded_scaffold_group_balanced,seeded_scaffold_group_balanced,2,ridge_a1,linear,-0.7936706891084517,,,,,,,,,,,0.0033328999998047
tdc_caco2_wang,regression,3,1,seeded_scaffold_group_balanced,seeded_scaffold_group_balanced,3,ridge_a10,linear,-0.5438184762251563,,,,,,,,,,,0.0033019999973475
tdc_caco2_wang,regression,3,2,seeded_scaffold_group_balanced,seeded_scaffold_group_balanced,3,ridge_a10,linear,-0.6320472748521356,,,,,,,,,,,0.0029481999808922
tdc_caco2_wang,regression,3,3,seeded_scaffold_group_balanced,seeded_scaffold_group_balanced,3,ridge_a10,linear,-0.6665819822100246,,,,,,,,,,,0.0032262000022456
tdc_caco2_wang,regression,3,1,seeded_scaffold_group_balanced,seeded_scaffold_group_balanced,4,elasticnet_a0.001,linear,-0.6616587515937962,,,,,,,,,,,0.0328063000342808
tdc_caco2_wang,regression,3,2,seeded_scaffold_group_balanced,seeded_scaffold_group_balanced,4,elasticnet_a0.001,linear,-0.8518665334708375,,,,,,,,,,,0.0254422000143677
tdc_caco2_wang,regression,3,3,seeded_scaffold_group_balanced,seeded_scaffold_group_balanced,4,elasticnet_a0.001,linear,-0.8307256967787915,,,,,,,,,,,0.0445577000500634
tdc_caco2_wang,regression,3,1,seeded_scaffold_group_balanced,seeded_scaffold_group_balanced,5,rf_60_sqrt,bagging,-0.5609581486644627,,,,,,,,,,,0.0708582999650389
tdc_caco2_wang,regression,3,2,seeded_scaffold_group_balanced,seeded_scaffold_group_balanced,5,rf_60_sqrt,bagging,-0.6053533015188106,,,,,,,,,,,0.0719135000254027
tdc_caco2_wang,regression,3,3,seeded_scaffold_group_balanced,seeded_scaffold_group_balanced,5,rf_60_sqrt,bagging,-0.7708498268232007,,,,,,,,,,,0.0688512999913655
tdc_caco2_wang,regression,3,1,seeded_scaffold_group_balanced,seeded_scaffold_group_balanced,6,rf_90_d12,bagging,-0.578631047798958,,,,,,,,,,,0.0870924000046216
tdc_caco2_wang,regression,3,2,seeded_scaffold_group_balanced,seeded_scaffold_group_balanced,6,rf_90_d12,bagging,-0.5671623742409951,,,,,,,,,,,0.0790069000213407
tdc_caco2_wang,regression,3,3,seeded_scaffold_group_balanced,seeded_scaffold_group_balanced,6,rf_90_d12,bagging,-0.7680920979684961,,,,,,,,,,,0.0884312000125646
tdc_caco2_wang,regression,3,1,seeded_scaffold_group_balanced,seeded_scaffold_group_balanced,7,rf_90_leaf2,bagging,-0.5654029403676355,,,,,,,,,,,0.0943367999861948
tdc_caco2_wang,regression,3,2,seeded_scaffold_group_balanced,seeded_scaffold_group_balanced,7,rf_90_leaf2,bagging,-0.5483177598120194,,,,,,,,,,,0.1036644999985583
tdc_caco2_wang,regression,3,3,seeded_scaffold_group_balanced,seeded_scaffold_group_balanced,7,rf_90_leaf2,bagging,-0.7819235918623882,,,,,,,,,,,0.0995114999823272
tdc_caco2_wang,regression,3,1,seeded_scaffold_group_balanced,seeded_scaffold_group_balanced,8,rf_120_d20_leaf2,bagging,-0.5676286321329099,,,,,,,,,,,0.1184930999879725
tdc_caco2_wang,regression,3,2,seeded_scaffold_group_balanced,seeded_scaffold_group_balanced,8,rf_120_d20_leaf2,bagging,-0.5548321023743564,,,,,,,,,,,0.1279121999978087
tdc_caco2_wang,regression,3,3,seeded_scaffold_group_balanced,seeded_scaffold_group_balanced,8,rf_120_d20_leaf2,bagging,-0.7788697106247927,,,,,,,,,,,0.1151040000258944
tdc_caco2_wang,regression,3,1,seeded_scaffold_group_balanced,seeded_scaffold_group_balanced,9,et_60_sqrt,bagging,-0.5201621085309069,,,,,,,,,,,0.054487399989739
tdc_caco2_wang,regression,3,2,seeded_scaffold_group_balanced,seeded_scaffold_group_balanced,9,et_60_sqrt,bagging,-0.5230787999719594,,,,,,,,,,,0.0561665000277571
tdc_caco2_wang,regression,3,3,seeded_scaffold_group_balanced,seeded_scaffold_group_balanced,9,et_60_sqrt,bagging,-0.7202744266494138,,,,,,,,,,,0.0552949999691918
tdc_caco2_wang,regression,3,1,seeded_scaffold_group_balanced,seeded_scaffold_group_balanced,10,et_90_d12,bagging,-0.5499623155132961,,,,,,,,,,,0.059130500012543
tdc_caco2_wang,regression,3,2,seeded_scaffold_group_balanced,seeded_scaffold_group_balanced,10,et_90_d12,bagging,-0.544601990799867,,,,,,,,,,,0.070514099963475
tdc_caco2_wang,regression,3,3,seeded_scaffold_group_balanced,seeded_scaffold_group_balanced,10,et_90_d12,bagging,-0.7633733726833186,,,,,,,,,,,0.0656646999996155
tdc_caco2_wang,regression,3,1,seeded_scaffold_group_balanced,seeded_scaffold_group_balanced,11,et_90_leaf2,bagging,-0.5433480695109473,,,,,,,,,,,0.0707551999948918
tdc_caco2_wang,regression,3,2,seeded_scaffold_group_balanced,seeded_scaffold_group_balanced,11,et_90_leaf2,bagging,-0.549409776083614,,,,,,,,,,,0.081283200008329
tdc_caco2_wang,regression,3,3,seeded_scaffold_group_balanced,seeded_scaffold_group_balanced,11,et_90_leaf2,bagging,-0.7581143266403667,,,,,,,,,,,0.0752455000183545
tdc_caco2_wang,regression,3,1,seeded_scaffold_group_balanced,seeded_scaffold_group_balanced,12,et_120_d20_leaf2,bagging,-0.54803922635162,,,,,,,,,,,0.0829085999866947
tdc_caco2_wang,regression,3,2,seeded_scaffold_group_balanced,seeded_scaffold_group_balanced,12,et_120_d20_leaf2,bagging,-0.5339111185760285,,,,,,,,,,,0.0762448000023141
tdc_caco2_wang,regression,3,3,seeded_scaffold_group_balanced,seeded_scaffold_group_balanced,12,et_120_d20_leaf2,bagging,-0.7655046694127497,,,,,,,,,,,0.0878213999676518
tdc_caco2_wang,regression,3,1,seeded_scaffold_group_balanced,seeded_scaffold_group_balanced,13,histgb_lr0.05,boosting,-0.5905411071599226,,,,,,,,,,,0.9266392000135966
tdc_caco2_wang,regression,3,2,seeded_scaffold_group_balanced,seeded_scaffold_group_balanced,13,histgb_lr0.05,boosting,-0.5768055331697963,,,,,,,,,,,1.1032578000449575
tdc_caco2_wang,regression,3,3,seeded_scaffold_group_balanced,seeded_scaffold_group_balanced,13,histgb_lr0.05,boosting,-0.7183581320131575,,,,,,,,,,,0.9451141000026836
tdc_caco2_wang,regression,3,1,seeded_scaffold_group_balanced,seeded_scaffold_group_balanced,14,histgb_lr0.1,boosting,-0.5813113467187438,,,,,,,,,,,0.8412475000368431
tdc_caco2_wang,regression,3,2,seeded_scaffold_group_balanced,seeded_scaffold_group_balanced,14,histgb_lr0.1,boosting,-0.602779114545585,,,,,,,,,,,0.7284122999990359
tdc_caco2_wang,regression,3,3,seeded_scaffold_group_balanced,seeded_scaffold_group_balanced,14,histgb_lr0.1,boosting,-0.7010164400271208,,,,,,,,,,,0.7420555999851786
tdc_caco2_wang,regression,3,1,seeded_scaffold_group_balanced,seeded_scaffold_group_balanced,15,gb_lr0.05_d2,boosting,-0.6165392388371852,,,,,,,,,,,0.192212899972219
tdc_caco2_wang,regression,3,2,seeded_scaffold_group_balanced,seeded_scaffold_group_balanced,15,gb_lr0.05_d2,boosting,-0.649830158070162,,,,,,,,,,,0.1953208000049926
tdc_caco2_wang,regression,3,3,seeded_scaffold_group_balanced,seeded_scaffold_group_balanced,15,gb_lr0.05_d2,boosting,-0.801914607574107,,,,,,,,,,,0.1854753000079654
tdc_caco2_wang,regression,3,1,seeded_scaffold_group_balanced,seeded_scaffold_group_balanced,16,gb_lr0.1_d3,boosting,-0.5592686606254355,,,,,,,,,,,0.2753676000284031
tdc_caco2_wang,regression,3,2,seeded_scaffold_group_balanced,seeded_scaffold_group_balanced,16,gb_lr0.1_d3,boosting,-0.6258836315570528,,,,,,,,,,,0.2759759000036865
tdc_caco2_wang,regression,3,3,seeded_scaffold_group_balanced,seeded_scaffold_group_balanced,16,gb_lr0.1_d3,boosting,-0.6995815744391508,,,,,,,,,,,0.2827088000485673
tdc_caco2_wang,regression,3,1,seeded_scaffold_group_balanced,seeded_scaffold_group_balanced,17,lgbm_60_l15,boosting,-0.5975890618011446,,,,,,,,,,,0.0654886999982409
tdc_caco2_wang,regression,3,2,seeded_scaffold_group_balanced,seeded_scaffold_group_balanced,17,lgbm_60_l15,boosting,-0.5693759407042487,,,,,,,,,,,0.0580035999882966
tdc_caco2_wang,regression,3,3,seeded_scaffold_group_balanced,seeded_scaffold_group_balanced,17,lgbm_60_l15,boosting,-0.7448738864391569,,,,,,,,,,,0.060052299988456
tdc_caco2_wang,regression,3,1,seeded_scaffold_group_balanced,seeded_scaffold_group_balanced,18,lgbm_90_l31,boosting,-0.5861594536445841,,,,,,,,,,,0.0731425000121817
tdc_caco2_wang,regression,3,2,seeded_scaffold_group_balanced,seeded_scaffold_group_balanced,18,lgbm_90_l31,boosting,-0.5829277596634046,,,,,,,,,,,0.0802780999802053
tdc_caco2_wang,regression,3,3,seeded_scaffold_group_balanced,seeded_scaffold_group_balanced,18,lgbm_90_l31,boosting,-0.7306219598643859,,,,,,,,,,,0.1050877999514341
tdc_caco2_wang,regression,3,1,seeded_scaffold_group_balanced,seeded_scaffold_group_balanced,19,lgbm_60_l63,boosting,-0.5816201299351803,,,,,,,,,,,0.0601732000359334
tdc_caco2_wang,regression,3,2,seeded_scaffold_group_balanced,seeded_scaffold_group_balanced,19,lgbm_60_l63,boosting,-0.5952218041148692,,,,,,,,,,,0.0732910999795422
tdc_caco2_wang,regression,3,3,seeded_scaffold_group_balanced,seeded_scaffold_group_balanced,19,lgbm_60_l63,boosting,-0.7163241152059148,,,,,,,,,,,0.0666887999977916
tdc_caco2_wang,regression,3,1,seeded_scaffold_group_balanced,seeded_scaffold_group_balanced,20,lgbm_100_leaf10,boosting,-0.5511195253583263,,,,,,,,,,,0.1165177000220865
tdc_caco2_wang,regression,3,2,seeded_scaffold_group_balanced,seeded_scaffold_group_balanced,20,lgbm_100_leaf10,boosting,-0.5920754986653657,,,,,,,,,,,0.1027110000140965
tdc_caco2_wang,regression,3,3,seeded_scaffold_group_balanced,seeded_scaffold_group_balanced,20,lgbm_100_leaf10,boosting,-0.6637884982177203,,,,,,,,,,,0.1146399999852292
tdc_caco2_wang,regression,3,1,seeded_scaffold_group_balanced,seeded_scaffold_group_balanced,21,lgbm_100_leaf30,boosting,-0.5598656224521479,,,,,,,,,,,0.0623109000152908
tdc_caco2_wang,regression,3,2,seeded_scaffold_group_balanced,seeded_scaffold_group_balanced,21,lgbm_100_leaf30,boosting,-0.6078283505920967,,,,,,,,,,,0.0479918999481014
tdc_caco2_wang,regression,3,3,seeded_scaffold_group_balanced,seeded_scaffold_group_balanced,21,lgbm_100_leaf30,boosting,-0.7225102810203515,,,,,,,,,,,0.0413195000146515
tdc_caco2_wang,regression,3,1,seeded_scaffold_group_balanced,seeded_scaffold_group_balanced,22,lgbm_80_ff0.7,boosting,-0.587529581164202,,,,,,,,,,,0.0673630000092089
tdc_caco2_wang,regression,3,2,seeded_scaffold_group_balanced,seeded_scaffold_group_balanced,22,lgbm_80_ff0.7,boosting,-0.5958262291532197,,,,,,,,,,,0.089886000030674
tdc_caco2_wang,regression,3,3,seeded_scaffold_group_balanced,seeded_scaffold_group_balanced,22,lgbm_80_ff0.7,boosting,-0.7128439122113945,,,,,,,,,,,0.0711358999833464
tdc_caco2_wang,regression,3,1,seeded_scaffold_group_balanced,seeded_scaffold_group_balanced,23,lgbm_80_bag0.8,boosting,-0.5584913164674737,,,,,,,,,,,0.072614100005012
tdc_caco2_wang,regression,3,2,seeded_scaffold_group_balanced,seeded_scaffold_group_balanced,23,lgbm_80_bag0.8,boosting,-0.5803185771514356,,,,,,,,,,,0.0703824000083841
tdc_caco2_wang,regression,3,3,seeded_scaffold_group_balanced,seeded_scaffold_group_balanced,23,lgbm_80_bag0.8,boosting,-0.7182840216346288,,,,,,,,,,,0.0502969999797642
tdc_caco2_wang,regression,3,1,seeded_scaffold_group_balanced,seeded_scaffold_group_balanced,24,lgbm_120_l15,boosting,-0.5813593040632619,,,,,,,,,,,0.067989100003615
tdc_caco2_wang,regression,3,2,seeded_scaffold_group_balanced,seeded_scaffold_group_balanced,24,lgbm_120_l15,boosting,-0.6055836989350373,,,,,,,,,,,0.0646388999884948
tdc_caco2_wang,regression,3,3,seeded_scaffold_group_balanced,seeded_scaffold_group_balanced,24,lgbm_120_l15,boosting,-0.718851581501919,,,,,,,,,,,0.0851962000015191
tdc_caco2_wang,regression,3,1,seeded_scaffold_group_balanced,seeded_scaffold_group_balanced,25,xgb_60_d3,boosting,-0.5626808916605259,,,,,,,,,,,0.0538443000405095
tdc_caco2_wang,regression,3,2,seeded_scaffold_group_balanced,seeded_scaffold_group_balanced,25,xgb_60_d3,boosting,-0.6597754848851873,,,,,,,,,,,0.0597902000299654
tdc_caco2_wang,regression,3,3,seeded_scaffold_group_balanced,seeded_scaffold_group_balanced,25,xgb_60_d3,boosting,-0.7288717840666252,,,,,,,,,,,0.0544689999660477
tdc_caco2_wang,regression,3,1,seeded_scaffold_group_balanced,seeded_scaffold_group_balanced,26,xgb_80_d5,boosting,-0.5485689775226087,,,,,,,,,,,0.092234699986875
tdc_caco2_wang,regression,3,2,seeded_scaffold_group_balanced,seeded_scaffold_group_balanced,26,xgb_80_d5,boosting,-0.5165128755075383,,,,,,,,,,,0.0761663000448606
tdc_caco2_wang,regression,3,3,seeded_scaffold_group_balanced,seeded_scaffold_group_balanced,26,xgb_80_d5,boosting,-0.6894010326635731,,,,,,,,,,,0.0706292000249959
tdc_caco2_wang,regression,3,1,seeded_scaffold_group_balanced,seeded_scaffold_group_balanced,27,xgb_100_d3,boosting,-0.573151255764759,,,,,,,,,,,0.0603560999734327
tdc_caco2_wang,regression,3,2,seeded_scaffold_group_balanced,seeded_scaffold_group_balanced,27,xgb_100_d3,boosting,-0.6058603025192474,,,,,,,,,,,0.0702976000029593
tdc_caco2_wang,regression,3,3,seeded_scaffold_group_balanced,seeded_scaffold_group_balanced,27,xgb_100_d3,boosting,-0.7275760803764321,,,,,,,,,,,0.0603491999791003
tdc_caco2_wang,regression,3,1,seeded_scaffold_group_balanced,seeded_scaffold_group_balanced,28,xgb_60_d6,boosting,-0.5477728491339144,,,,,,,,,,,0.0692906000185757
tdc_caco2_wang,regression,3,2,seeded_scaffold_group_balanced,seeded_scaffold_group_balanced,28,xgb_60_d6,boosting,-0.5269915467151958,,,,,,,,,,,0.0609951000078581
tdc_caco2_wang,regression,3,3,seeded_scaffold_group_balanced,seeded_scaffold_group_balanced,28,xgb_60_d6,boosting,-0.6929092928615478,,,,,,,,,,,0.0617016999749466
tdc_caco2_wang,regression,3,1,seeded_scaffold_group_balanced,seeded_scaffold_group_balanced,29,cat_60_d4,boosting,-0.6093383384591847,,,,,,,,,,,0.1584018999710679
tdc_caco2_wang,regression,3,2,seeded_scaffold_group_balanced,seeded_scaffold_group_balanced,29,cat_60_d4,boosting,-0.6298950662289402,,,,,,,,,,,0.1682941000326536
tdc_caco2_wang,regression,3,3,seeded_scaffold_group_balanced,seeded_scaffold_group_balanced,29,cat_60_d4,boosting,-0.7885143144504903,,,,,,,,,,,0.1683006000239402
tdc_caco2_wang,regression,3,1,seeded_scaffold_group_balanced,seeded_scaffold_group_balanced,30,cat_80_d6,boosting,-0.5933378269019965,,,,,,,,,,,0.517368600005284
tdc_caco2_wang,regression,3,2,seeded_scaffold_group_balanced,seeded_scaffold_group_balanced,30,cat_80_d6,boosting,-0.5981672285425095,,,,,,,,,,,0.6921055999700911
tdc_caco2_wang,regression,3,3,seeded_scaffold_group_balanced,seeded_scaffold_group_balanced,30,cat_80_d6,boosting,-0.7831688312538966,,,,,,,,,,,0.589030199975241
tdc_caco2_wang,regression,3,1,seeded_scaffold_group_balanced,seeded_scaffold_group_balanced,31,cat_100_d4,boosting,-0.6070787952091229,,,,,,,,,,,0.2979607000015676
tdc_caco2_wang,regression,3,2,seeded_scaffold_group_balanced,seeded_scaffold_group_balanced,31,cat_100_d4,boosting,-0.6310837219344848,,,,,,,,,,,0.3287097999709658
tdc_caco2_wang,regression,3,3,seeded_scaffold_group_balanced,seeded_scaffold_group_balanced,31,cat_100_d4,boosting,-0.7781369074390353,,,,,,,,,,,0.3454560000100173
tdc_caco2_wang,regression,3,1,seeded_scaffold_group_balanced,seeded_scaffold_group_balanced,32,cat_60_d8,boosting,-0.5848894654756126,,,,,,,,,,,1.267347700020764
tdc_caco2_wang,regression,3,2,seeded_scaffold_group_balanced,seeded_scaffold_group_balanced,32,cat_60_d8,boosting,-0.6067769595627658,,,,,,,,,,,1.2026785000343807
tdc_caco2_wang,regression,3,3,seeded_scaffold_group_balanced,seeded_scaffold_group_balanced,32,cat_60_d8,boosting,-0.7777723967115668,,,,,,,,,,,1.089560899999924
