dataset,task_type,outer_fold,inner_fold,outer_split_type,inner_split_type,candidate_order,candidate,family,inner_utility,inner_roc_auc,inner_pr_auc,inner_brier,minority_label,minority_threshold,minority_recall,majority_recall,balanced_recall,minority_constraint_feasible,minority_recall_target,fit_seconds
bbbp,classification,1,1,stratified_scaffold_group,stratified_scaffold_group,1,logreg_l2_c0.1,linear,0.757014960080614,0.757014960080614,0.8905143428063929,0.1796840294475062,0.0,0.701129020529291,0.8045112781954887,0.4974226804123711,0.6509669793039299,1.0,0.8,0.0050561999669298
bbbp,classification,1,2,stratified_scaffold_group,stratified_scaffold_group,1,logreg_l2_c0.1,linear,0.8521621220001486,0.8521621220001486,0.938918455775649,0.1261869656198026,0.0,0.6759087219132398,0.8023255813953488,0.7092651757188498,0.7557953785570993,1.0,0.8,0.0056076999753713
bbbp,classification,1,3,stratified_scaffold_group,stratified_scaffold_group,1,logreg_l2_c0.1,linear,0.8618755445832122,0.8618755445832122,0.9498644500073884,0.1305366845121159,0.0,0.6518001528727491,0.8068181818181819,0.7124600638977636,0.7596391228579727,1.0,0.8,0.0053778999717906
bbbp,classification,1,1,stratified_scaffold_group,stratified_scaffold_group,2,logreg_l2_c1,linear,0.7471707619564374,0.7471707619564374,0.8814363893541732,0.1939659128443192,0.0,0.8823755626021621,0.8045112781954887,0.5309278350515464,0.6677195566235176,1.0,0.8,0.0060903999838046
bbbp,classification,1,2,stratified_scaffold_group,stratified_scaffold_group,2,logreg_l2_c1,linear,0.8374136265695816,0.8374136265695816,0.9323586203539008,0.1338383610792197,0.0,0.7336254361524637,0.8023255813953488,0.7412140575079872,0.771769819451668,1.0,0.8,0.006784199969843
bbbp,classification,1,3,stratified_scaffold_group,stratified_scaffold_group,2,logreg_l2_c1,linear,0.837296688934069,0.837296688934069,0.9357109168160316,0.1381797692300513,0.0,0.8124494344648671,0.8068181818181819,0.7060702875399361,0.756444234679059,1.0,0.8,0.0079895000089891
bbbp,classification,1,1,stratified_scaffold_group,stratified_scaffold_group,3,logreg_l2_c10,linear,0.7326370048833424,0.7326370048833424,0.8690471245030721,0.2181124163883291,0.0,0.9853497565992364,0.8045112781954887,0.4768041237113402,0.6406577009534145,1.0,0.8,0.0081820000195875
bbbp,classification,1,2,stratified_scaffold_group,stratified_scaffold_group,3,logreg_l2_c10,linear,0.8100713277360875,0.8100713277360875,0.9209109779455086,0.1683059903514852,0.0,0.9873739710703252,0.8023255813953488,0.5782747603833865,0.6903001708893677,1.0,0.8,0.0108365000342018
bbbp,classification,1,3,stratified_scaffold_group,stratified_scaffold_group,3,logreg_l2_c10,linear,0.806582195759512,0.806582195759512,0.9209489806613392,0.167081868632357,0.0,0.9637701143816726,0.8181818181818181,0.6805111821086262,0.7493465001452222,1.0,0.8,0.0100068000028841
bbbp,classification,1,1,stratified_scaffold_group,stratified_scaffold_group,4,logreg_l1_c1,linear,0.7308154406635146,0.7308154406635146,0.8824522972843915,0.2017165529510189,0.0,0.8654463968630633,0.8045112781954887,0.520618556701031,0.6625649174482598,1.0,0.8,0.0100761000066995
bbbp,classification,1,2,stratified_scaffold_group,stratified_scaffold_group,4,logreg_l1_c1,linear,0.8159038561557322,0.8159038561557322,0.9257975496888388,0.1451584454512088,0.0,0.791459271852764,0.8023255813953488,0.6964856230031949,0.7494056021992719,1.0,0.8,0.0101829000050202
bbbp,classification,1,3,stratified_scaffold_group,stratified_scaffold_group,4,logreg_l1_c1,linear,0.8022981411559685,0.8022981411559685,0.915290828357053,0.1655487086033278,0.0,0.8412917360636877,0.8068181818181819,0.6198083067092651,0.7133132442637236,1.0,0.8,0.0130975000211037
bbbp,classification,1,1,stratified_scaffold_group,stratified_scaffold_group,5,rf_60_sqrt,bagging,0.7882140919308581,0.7882140919308581,0.906652467613326,0.1442315482803257,0.0,0.8545454545454546,0.8120300751879699,0.520618556701031,0.6663243159445005,1.0,0.8,0.1068909000023268
bbbp,classification,1,2,stratified_scaffold_group,stratified_scaffold_group,5,rf_60_sqrt,bagging,0.8679508135819897,0.8679508135819897,0.946126813816192,0.1040834950548025,0.0,0.7583694866232827,0.8023255813953488,0.7891373801916933,0.7957314807935211,1.0,0.8,0.1210145999793894
bbbp,classification,1,3,stratified_scaffold_group,stratified_scaffold_group,5,rf_60_sqrt,bagging,0.8850929422015684,0.8850929422015684,0.9557081339051748,0.1030602781928171,0.0,0.7536956521739131,0.8068181818181819,0.7859424920127795,0.7963803369154807,1.0,0.8,0.109104799979832
bbbp,classification,1,1,stratified_scaffold_group,stratified_scaffold_group,6,rf_90_d12,bagging,0.8004321370436401,0.8004321370436401,0.9213608381869052,0.1455463225538421,0.0,0.7611138170414735,0.8045112781954887,0.6211340206185567,0.7128226494070227,1.0,0.8,0.1604605000466108
bbbp,classification,1,2,stratified_scaffold_group,stratified_scaffold_group,6,rf_90_d12,bagging,0.8640872278772569,0.8640872278772569,0.9505622879646268,0.1182349168650986,0.0,0.7097667648484836,0.8023255813953488,0.7188498402555911,0.7605877108254699,1.0,0.8,0.1502591000171378
bbbp,classification,1,3,stratified_scaffold_group,stratified_scaffold_group,6,rf_90_d12,bagging,0.8946231484170781,0.8946231484170781,0.9606216744699956,0.1119699586395004,0.0,0.6764665436520336,0.8068181818181819,0.8146964856230032,0.8107573337205926,1.0,0.8,0.1696249000378884
bbbp,classification,1,1,stratified_scaffold_group,stratified_scaffold_group,7,rf_90_leaf2,bagging,0.7981745601116194,0.7981745601116194,0.9174614194620244,0.1435559449590562,0.0,0.7790235158948756,0.8045112781954887,0.6056701030927835,0.7050906906441361,1.0,0.8,0.1582714999676682
bbbp,classification,1,2,stratified_scaffold_group,stratified_scaffold_group,7,rf_90_leaf2,bagging,0.8765324318300023,0.8765324318300023,0.9522238161859978,0.1082787572990736,0.0,0.6793219820351306,0.8023255813953488,0.8626198083067093,0.832472694851029,1.0,0.8,0.1444136000354774
bbbp,classification,1,3,stratified_scaffold_group,stratified_scaffold_group,7,rf_90_leaf2,bagging,0.8829327621260529,0.8829327621260529,0.956615999466112,0.1068188090245648,0.0,0.6955194517781836,0.8068181818181819,0.7955271565495208,0.8011726691838513,1.0,0.8,0.1663159999880008
bbbp,classification,1,1,stratified_scaffold_group,stratified_scaffold_group,8,rf_120_d20_leaf2,bagging,0.8001123943880319,0.8001123943880319,0.91795689469706,0.1435638720757333,0.0,0.7723965006604836,0.8120300751879699,0.6134020618556701,0.71271606852182,1.0,0.8,0.2158984999987296
bbbp,classification,1,2,stratified_scaffold_group,stratified_scaffold_group,8,rf_120_d20_leaf2,bagging,0.8845196522772867,0.8845196522772867,0.9557310577013368,0.1079605501505218,0.0,0.6794444345441905,0.8023255813953488,0.8370607028753994,0.8196931421353741,1.0,0.8,0.193890199996531
bbbp,classification,1,3,stratified_scaffold_group,stratified_scaffold_group,8,rf_120_d20_leaf2,bagging,0.8857282892826023,0.8857282892826023,0.9565941375328044,0.1065078846485461,0.0,0.7056073884389312,0.8068181818181819,0.7571884984025559,0.7820033401103689,1.0,0.8,0.2075153999612666
bbbp,classification,1,1,stratified_scaffold_group,stratified_scaffold_group,9,et_60_sqrt,bagging,0.7956263080381366,0.7956263080381366,0.9168011641029662,0.1421068707401018,0.0,0.8369583333333334,0.8270676691729324,0.538659793814433,0.6828637314936827,1.0,0.8,0.0767781000467948
bbbp,classification,1,2,stratified_scaffold_group,stratified_scaffold_group,9,et_60_sqrt,bagging,0.8706070287539934,0.8706070287539934,0.9540559933513164,0.1010632447421519,0.0,0.8206616052060737,0.8372093023255813,0.6741214057507987,0.75566535403819,1.0,0.8,0.0797001000028103
bbbp,classification,1,3,stratified_scaffold_group,stratified_scaffold_group,9,et_60_sqrt,bagging,0.8760710136508858,0.8760710136508858,0.950094926040879,0.1024944346831212,0.0,0.7373007246376811,0.8068181818181819,0.7987220447284346,0.8027701132733083,1.0,0.8,0.0843081000493839
bbbp,classification,1,1,stratified_scaffold_group,stratified_scaffold_group,10,et_90_d12,bagging,0.7846097201767306,0.7846097201767306,0.9075876561098118,0.1472983058098811,0.0,0.7615856591876383,0.8045112781954887,0.5283505154639175,0.6664308968297031,1.0,0.8,0.1105285999947227
bbbp,classification,1,2,stratified_scaffold_group,stratified_scaffold_group,10,et_90_d12,bagging,0.8611523887361617,0.8611523887361617,0.9483119565125308,0.1192375997362439,0.0,0.6832492746883716,0.8023255813953488,0.7412140575079872,0.771769819451668,1.0,0.8,0.0932744999881833
bbbp,classification,1,3,stratified_scaffold_group,stratified_scaffold_group,10,et_90_d12,bagging,0.8990887307580597,0.8990887307580597,0.961131541556108,0.1110571780886465,0.0,0.6416328114866462,0.8068181818181819,0.8562300319488818,0.8315241068835318,1.0,0.8,0.0990190000156872
bbbp,classification,1,1,stratified_scaffold_group,stratified_scaffold_group,11,et_90_leaf2,bagging,0.8048019533369506,0.8048019533369506,0.9225174531632084,0.1410077969926408,0.0,0.7644329842916071,0.8045112781954887,0.6082474226804123,0.7063793504379505,1.0,0.8,0.1041249000118114
bbbp,classification,1,2,stratified_scaffold_group,stratified_scaffold_group,11,et_90_leaf2,bagging,0.8736347425514526,0.8736347425514526,0.9529804574064114,0.1044586976251623,0.0,0.7147189580823623,0.8023255813953488,0.7987220447284346,0.8005238130618917,1.0,0.8,0.1048706999863497
bbbp,classification,1,3,stratified_scaffold_group,stratified_scaffold_group,11,et_90_leaf2,bagging,0.8923722044728435,0.8923722044728435,0.95641937293805,0.1009708882535676,0.0,0.6999372381454142,0.8068181818181819,0.8115015974440895,0.8091598896311356,1.0,0.8,0.1027218999806791
bbbp,classification,1,1,stratified_scaffold_group,stratified_scaffold_group,12,et_120_d20_leaf2,bagging,0.8039686845980931,0.8039686845980931,0.9218918801335608,0.1411545917630014,0.0,0.7558187895416271,0.8120300751879699,0.6108247422680413,0.7114274087280056,1.0,0.8,0.1113653000211343
bbbp,classification,1,2,stratified_scaffold_group,stratified_scaffold_group,12,et_120_d20_leaf2,bagging,0.8675793149565347,0.8675793149565347,0.9514252396872754,0.1068395654503112,0.0,0.6972783772398394,0.8023255813953488,0.8083067092651757,0.8053161453302622,1.0,0.8,0.1255632999818772
bbbp,classification,1,3,stratified_scaffold_group,stratified_scaffold_group,12,et_120_d20_leaf2,bagging,0.8944416206796398,0.8944416206796398,0.9583461435250812,0.1022110298239901,0.0,0.7007064087533462,0.8068181818181819,0.7891373801916933,0.7979777810049375,1.0,0.8,0.1332890000194311
bbbp,classification,1,1,stratified_scaffold_group,stratified_scaffold_group,13,histgb_lr0.05,boosting,0.7642624602743974,0.7642624602743974,0.8948537781481051,0.1546885152545973,0.0,0.90186278755899,0.8045112781954887,0.538659793814433,0.6715855360049608,1.0,0.8,2.317164700012654
bbbp,classification,1,2,stratified_scaffold_group,stratified_scaffold_group,13,histgb_lr0.05,boosting,0.8471097406939594,0.8471097406939594,0.941255993964672,0.0991937252704459,0.0,0.857730557508345,0.8023255813953488,0.7507987220447284,0.7765621517200386,1.0,0.8,1.1058615000220016
bbbp,classification,1,3,stratified_scaffold_group,stratified_scaffold_group,13,histgb_lr0.05,boosting,0.880064623874528,0.880064623874528,0.9561717344610908,0.0960335329689263,0.0,0.8434969970290074,0.8181818181818181,0.7603833865814696,0.7892826023816439,1.0,0.8,1.0685233999975026
bbbp,classification,1,1,stratified_scaffold_group,stratified_scaffold_group,14,histgb_lr0.1,boosting,0.7596697930392993,0.7596697930392993,0.8929966918004089,0.162897985191072,0.0,0.934983596246356,0.8120300751879699,0.5335051546391752,0.6727676149135726,1.0,0.8,0.8587490000063553
bbbp,classification,1,2,stratified_scaffold_group,stratified_scaffold_group,14,histgb_lr0.1,boosting,0.849264432721599,0.849264432721599,0.9401731908226704,0.1009930084834784,0.0,0.8938255712035579,0.8255813953488372,0.7603833865814696,0.7929823909651534,1.0,0.8,0.8638219999847934
bbbp,classification,1,3,stratified_scaffold_group,stratified_scaffold_group,14,histgb_lr0.1,boosting,0.8755264304385709,0.8755264304385709,0.9536331172957784,0.098097498920478,0.0,0.8530981745759142,0.8068181818181819,0.7987220447284346,0.8027701132733083,1.0,0.8,0.8883865000098012
bbbp,classification,1,1,stratified_scaffold_group,stratified_scaffold_group,15,gb_lr0.05_d2,boosting,0.7171246415006588,0.7171246415006588,0.8683011523287324,0.1623093236910762,0.0,0.8858199724145438,0.8045112781954887,0.4201030927835051,0.6123071854894969,1.0,0.8,0.353200499957893
bbbp,classification,1,2,stratified_scaffold_group,stratified_scaffold_group,15,gb_lr0.05_d2,boosting,0.8486328850583253,0.8486328850583253,0.9445618170686452,0.1109121845940469,0.0,0.8067931854820484,0.8023255813953488,0.670926517571885,0.736626049483617,1.0,0.8,0.3785329000093043
bbbp,classification,1,3,stratified_scaffold_group,stratified_scaffold_group,15,gb_lr0.05_d2,boosting,0.8486058669764741,0.8486058669764741,0.9453848710361304,0.1090522098345919,0.0,0.8307508724008169,0.8181818181818181,0.645367412140575,0.7317746151611966,1.0,0.8,0.4041634000022895
bbbp,classification,1,1,stratified_scaffold_group,stratified_scaffold_group,16,gb_lr0.1_d3,boosting,0.7353112161847919,0.7353112161847919,0.8837156997897291,0.1648294104083817,0.0,0.9068650372516156,0.8045112781954887,0.5025773195876289,0.6535442988915587,1.0,0.8,0.5422760999645106
bbbp,classification,1,2,stratified_scaffold_group,stratified_scaffold_group,16,gb_lr0.1_d3,boosting,0.8659818708670778,0.8659818708670778,0.9540308306332546,0.1003290205536483,0.0,0.8156106654008852,0.8023255813953488,0.7667731629392971,0.7845493721673229,1.0,0.8,0.6187860000063665
bbbp,classification,1,3,stratified_scaffold_group,stratified_scaffold_group,16,gb_lr0.1_d3,boosting,0.8728942782457159,0.8728942782457159,0.9566986929130064,0.0971125815621464,0.0,0.8387595550999069,0.8068181818181819,0.7571884984025559,0.7820033401103689,1.0,0.8,0.5760489000240341
bbbp,classification,1,1,stratified_scaffold_group,stratified_scaffold_group,17,lgbm_60_l15,boosting,0.7534687233547788,0.7534687233547788,0.8967215280641244,0.1546595969027256,0.0,0.8874876710267786,0.8195488721804511,0.5128865979381443,0.6662177350592977,1.0,0.8,0.049239200016018
bbbp,classification,1,2,stratified_scaffold_group,stratified_scaffold_group,17,lgbm_60_l15,boosting,0.8740433910394532,0.8740433910394532,0.9565049805245284,0.0957228353577113,0.0,0.8364114672750299,0.8023255813953488,0.7635782747603834,0.7829519280778661,1.0,0.8,0.0537043999647721
bbbp,classification,1,3,stratified_scaffold_group,stratified_scaffold_group,17,lgbm_60_l15,boosting,0.8795926517571885,0.8795926517571885,0.9563110855280456,0.0961034549223181,0.0,0.8049060398244269,0.8068181818181819,0.8019169329073482,0.8043675573627651,1.0,0.8,0.0630417999927885
bbbp,classification,1,1,stratified_scaffold_group,stratified_scaffold_group,18,lgbm_90_l31,boosting,0.7471804511278195,0.7471804511278195,0.8902982323032613,0.1604456644680106,0.0,0.9339772010819688,0.8045112781954887,0.5154639175257731,0.6599875978606309,1.0,0.8,0.086300199967809
bbbp,classification,1,2,stratified_scaffold_group,stratified_scaffold_group,18,lgbm_90_l31,boosting,0.8666877182554424,0.8666877182554424,0.9511197933825792,0.0950652265734578,0.0,0.886455917681804,0.8023255813953488,0.7667731629392971,0.7845493721673229,1.0,0.8,0.0978754000389017
bbbp,classification,1,3,stratified_scaffold_group,stratified_scaffold_group,18,lgbm_90_l31,boosting,0.879120679639849,0.879120679639849,0.9561983949525984,0.09701565724764,0.0,0.8852138188961574,0.8181818181818181,0.7412140575079872,0.7796979378449027,1.0,0.8,0.0898636999772861
bbbp,classification,1,1,stratified_scaffold_group,stratified_scaffold_group,19,lgbm_60_l63,boosting,0.7588752809859701,0.7588752809859701,0.8969598587927986,0.1580370112435732,0.0,0.9531027882435724,0.8045112781954887,0.4510309278350515,0.6277711030152702,1.0,0.8,0.0689589999965392
bbbp,classification,1,2,stratified_scaffold_group,stratified_scaffold_group,19,lgbm_60_l63,boosting,0.873671892413998,0.873671892413998,0.9542008626840784,0.0949273031152694,0.0,0.8585990209863851,0.8023255813953488,0.8434504792332268,0.8228880303142878,1.0,0.8,0.1011941999895498
bbbp,classification,1,3,stratified_scaffold_group,stratified_scaffold_group,19,lgbm_60_l63,boosting,0.8762162358408365,0.8762162358408365,0.956370975182015,0.0996137392588957,0.0,0.8506984373918006,0.8068181818181819,0.805111821086262,0.8059650014522219,1.0,0.8,0.082357499981299
bbbp,classification,1,1,stratified_scaffold_group,stratified_scaffold_group,20,lgbm_100_leaf10,boosting,0.7665491047205643,0.7665491047205643,0.901096209732807,0.1633531230204486,0.0,0.9706953196686324,0.8045112781954887,0.4819587628865979,0.6432350205410433,1.0,0.8,0.1237275999737903
bbbp,classification,1,2,stratified_scaffold_group,stratified_scaffold_group,20,lgbm_100_leaf10,boosting,0.8571402035812468,0.8571402035812468,0.9476333495005086,0.09818717824754,0.0,0.93273989884681,0.8023255813953488,0.6964856230031949,0.7494056021992719,1.0,0.8,0.1199470999999903
bbbp,classification,1,3,stratified_scaffold_group,stratified_scaffold_group,20,lgbm_100_leaf10,boosting,0.8886690386291025,0.8886690386291025,0.9591337252423712,0.0944914103102624,0.0,0.8574641980441111,0.8068181818181819,0.8402555910543131,0.8235368864362476,1.0,0.8,0.1045485000358894
bbbp,classification,1,1,stratified_scaffold_group,stratified_scaffold_group,21,lgbm_100_leaf30,boosting,0.7618789241144097,0.7618789241144097,0.8947943812423981,0.1538870574621839,0.0,0.910813829860804,0.8045112781954887,0.5128865979381443,0.6586989380668165,1.0,0.8,0.064860500046052
bbbp,classification,1,2,stratified_scaffold_group,stratified_scaffold_group,21,lgbm_100_leaf30,boosting,0.8644587265027119,0.8644587265027119,0.95021324810297,0.0937770141809927,0.0,0.8846688299293712,0.8023255813953488,0.7284345047923323,0.7653800430938406,1.0,0.8,0.0737915000063367
bbbp,classification,1,3,stratified_scaffold_group,stratified_scaffold_group,21,lgbm_100_leaf30,boosting,0.8683379320360152,0.8683379320360152,0.9494010940584344,0.0994931825063309,0.0,0.8600944204383221,0.8068181818181819,0.7539936102236422,0.780405896020912,1.0,0.8,0.0839975000126287
bbbp,classification,1,1,stratified_scaffold_group,stratified_scaffold_group,22,lgbm_80_ff0.7,boosting,0.7598732656383226,0.7598732656383226,0.8967911933971618,0.161523321396144,0.0,0.9466118164485936,0.8195488721804511,0.4974226804123711,0.6584857762964111,1.0,0.8,0.0844985999865457
bbbp,classification,1,2,stratified_scaffold_group,stratified_scaffold_group,22,lgbm_80_ff0.7,boosting,0.8655360725165316,0.8655360725165316,0.9534333329240904,0.0995893580513682,0.0,0.8968238545018716,0.8023255813953488,0.7571884984025559,0.7797570398989524,1.0,0.8,0.0807980999816209
bbbp,classification,1,3,stratified_scaffold_group,stratified_scaffold_group,22,lgbm_80_ff0.7,boosting,0.8826060121986641,0.8826060121986641,0.9613415792631848,0.1010808314349604,0.0,0.8549780345714434,0.8068181818181819,0.7955271565495208,0.8011726691838513,1.0,0.8,0.0961537000257521
bbbp,classification,1,1,stratified_scaffold_group,stratified_scaffold_group,23,lgbm_80_bag0.8,boosting,0.7666072397488566,0.7666072397488566,0.8908605068651394,0.1546488644084674,0.0,0.9193760158724495,0.8045112781954887,0.5721649484536082,0.6883381133245485,1.0,0.8,0.0889449999667704
bbbp,classification,1,2,stratified_scaffold_group,stratified_scaffold_group,23,lgbm_80_bag0.8,boosting,0.8744148896649082,0.8744148896649082,0.9552563609149692,0.0935387545150507,0.0,0.907365929097823,0.813953488372093,0.7635782747603834,0.7887658815662382,1.0,0.8,0.08890989999054
bbbp,classification,1,3,stratified_scaffold_group,stratified_scaffold_group,23,lgbm_80_bag0.8,boosting,0.8789391519024108,0.8789391519024108,0.957679018122853,0.0971529531062999,0.0,0.8911181667394695,0.8295454545454546,0.7667731629392971,0.7981593087423758,1.0,0.8,0.0836840000119991
bbbp,classification,1,1,stratified_scaffold_group,stratified_scaffold_group,24,lgbm_120_l15,boosting,0.7576544453918301,0.7576544453918301,0.8936192059173462,0.1553806617074147,0.0,0.9027484956611352,0.8045112781954887,0.5412371134020618,0.6728741957987753,1.0,0.8,0.0714685000129975
bbbp,classification,1,2,stratified_scaffold_group,stratified_scaffold_group,24,lgbm_120_l15,boosting,0.8579946504197935,0.8579946504197935,0.944337973142264,0.0966889444223548,0.0,0.8508102288207104,0.8023255813953488,0.7763578274760383,0.7893417044356936,1.0,0.8,0.0935386000201106
bbbp,classification,1,3,stratified_scaffold_group,stratified_scaffold_group,24,lgbm_120_l15,boosting,0.8851110949753123,0.8851110949753123,0.960414831571032,0.0946845102662266,0.0,0.8440572261004585,0.8181818181818181,0.7603833865814696,0.7892826023816439,1.0,0.8,0.0811268999823369
bbbp,classification,1,1,stratified_scaffold_group,stratified_scaffold_group,25,xgb_60_d3,boosting,0.7351271219285327,0.7351271219285327,0.884149282688674,0.160763012816567,0.0,0.8908281326293945,0.8045112781954887,0.4561855670103092,0.630348422602899,1.0,0.8,0.1608478000271134
bbbp,classification,1,2,stratified_scaffold_group,stratified_scaffold_group,25,xgb_60_d3,boosting,0.8632699309012556,0.8632699309012556,0.9507361699466438,0.0982528415844263,0.0,0.8227301836013794,0.8023255813953488,0.7124600638977636,0.7573928226465563,1.0,0.8,0.0550949999596923
bbbp,classification,1,3,stratified_scaffold_group,stratified_scaffold_group,25,xgb_60_d3,boosting,0.8722226256171941,0.8722226256171941,0.9556509740881166,0.103609390524373,0.0,0.8074911236763,0.8068181818181819,0.7667731629392971,0.7867956723787395,1.0,0.8,0.0562090000021271
bbbp,classification,1,1,stratified_scaffold_group,stratified_scaffold_group,26,xgb_80_d5,boosting,0.7707542051003798,0.7707542051003798,0.9078921452633724,0.1526251974789472,0.0,0.8990032076835632,0.8045112781954887,0.4974226804123711,0.6509669793039299,1.0,0.8,0.0831189999589696
bbbp,classification,1,2,stratified_scaffold_group,stratified_scaffold_group,26,xgb_80_d5,boosting,0.8654617727914408,0.8654617727914408,0.9502640727733084,0.0955938165941812,0.0,0.8443858623504639,0.8023255813953488,0.7220447284345048,0.7621851549149268,1.0,0.8,0.092945399985183
bbbp,classification,1,3,stratified_scaffold_group,stratified_scaffold_group,26,xgb_80_d5,boosting,0.8812990124891081,0.8812990124891081,0.9578900756241208,0.0973425763654943,0.0,0.813775897026062,0.8181818181818181,0.792332268370607,0.8052570432762125,1.0,0.8,0.0935944999800995
bbbp,classification,1,1,stratified_scaffold_group,stratified_scaffold_group,27,xgb_100_d3,boosting,0.7409503139291529,0.7409503139291529,0.8881755320800095,0.1579115192337337,0.0,0.8926741480827332,0.8045112781954887,0.4639175257731959,0.6342144019843423,1.0,0.8,0.0767166999867186
bbbp,classification,1,2,stratified_scaffold_group,stratified_scaffold_group,27,xgb_100_d3,boosting,0.858254699457612,0.858254699457612,0.9495790804163496,0.1007948966213189,0.0,0.8344833254814148,0.8023255813953488,0.670926517571885,0.736626049483617,1.0,0.8,0.0853761999751441
bbbp,classification,1,3,stratified_scaffold_group,stratified_scaffold_group,27,xgb_100_d3,boosting,0.8553768515829218,0.8553768515829218,0.9481543650058024,0.1055532519714232,0.0,0.8200865387916565,0.8068181818181819,0.731629392971246,0.7692237873947139,1.0,0.8,0.091120500001125
bbbp,classification,1,1,stratified_scaffold_group,stratified_scaffold_group,28,xgb_60_d6,boosting,0.7743779551972715,0.7743779551972715,0.9056627469278568,0.1507135320122416,0.0,0.892340362071991,0.8045112781954887,0.5850515463917526,0.6947814122936207,1.0,0.8,0.0662247000145725
bbbp,classification,1,2,stratified_scaffold_group,stratified_scaffold_group,28,xgb_60_d6,boosting,0.8704398543725388,0.8704398543725388,0.9532091258897272,0.0949117053433059,0.0,0.838269829750061,0.8023255813953488,0.744408945686901,0.7733672635411248,1.0,0.8,0.0811323999660089
bbbp,classification,1,3,stratified_scaffold_group,stratified_scaffold_group,28,xgb_60_d6,boosting,0.883332123148417,0.883332123148417,0.9586157138925008,0.0964105895309323,0.0,0.8304309248924255,0.8068181818181819,0.7763578274760383,0.7915880046471101,1.0,0.8,0.0915342000080272
bbbp,classification,1,1,stratified_scaffold_group,stratified_scaffold_group,29,cat_60_d4,boosting,0.7721978916363074,0.7721978916363074,0.9035823834169344,0.1514271388549452,0.0,0.8646954581859079,0.8045112781954887,0.5515463917525774,0.6780288349740331,1.0,0.8,0.438542400021106
bbbp,classification,1,2,stratified_scaffold_group,stratified_scaffold_group,29,cat_60_d4,boosting,0.8599264432721598,0.8599264432721598,0.9459394392850796,0.1038990827243107,0.0,0.7737023537565596,0.8023255813953488,0.8146964856230032,0.8085110335091761,1.0,0.8,0.2663721999851987
bbbp,classification,1,3,stratified_scaffold_group,stratified_scaffold_group,29,cat_60_d4,boosting,0.853053296543712,0.853053296543712,0.9484818142312794,0.1083249154391604,0.0,0.8287232811855507,0.8181818181818181,0.6613418530351438,0.739761835608481,1.0,0.8,0.2618194000096991
bbbp,classification,1,1,stratified_scaffold_group,stratified_scaffold_group,30,cat_80_d6,boosting,0.7696302612200605,0.7696302612200605,0.9027994072534214,0.1536917293437725,0.0,0.8709110397439501,0.8045112781954887,0.5412371134020618,0.6728741957987753,1.0,0.8,0.8671370000229217
bbbp,classification,1,2,stratified_scaffold_group,stratified_scaffold_group,30,cat_80_d6,boosting,0.8685080615201723,0.8685080615201723,0.9527952857410392,0.100603550948664,0.0,0.827442779684425,0.8023255813953488,0.7476038338658147,0.7749647076305818,1.0,0.8,0.9246755000203848
bbbp,classification,1,3,stratified_scaffold_group,stratified_scaffold_group,30,cat_80_d6,boosting,0.8807181237293058,0.8807181237293058,0.9587791133823972,0.1022888116358542,0.0,0.8136857271466865,0.8295454545454546,0.7731629392971247,0.8013541969212896,1.0,0.8,0.979118900024332
bbbp,classification,1,1,stratified_scaffold_group,stratified_scaffold_group,31,cat_100_d4,boosting,0.7622471126269282,0.7622471126269282,0.8944546480697506,0.1537870667432005,0.0,0.8657746947026553,0.8045112781954887,0.5644329896907216,0.6844721339431052,1.0,0.8,0.3887291999999434
bbbp,classification,1,2,stratified_scaffold_group,stratified_scaffold_group,31,cat_100_d4,boosting,0.865201723753622,0.865201723753622,0.9519410597679776,0.1033388360803761,0.0,0.7978154893428892,0.8023255813953488,0.7859424920127795,0.7941340367040641,1.0,0.8,0.4421604999806732
bbbp,classification,1,3,stratified_scaffold_group,stratified_scaffold_group,31,cat_100_d4,boosting,0.8627831832704037,0.8627831832704037,0.9519046229308162,0.1061242361713716,0.0,0.8117348840183508,0.8068181818181819,0.731629392971246,0.7692237873947139,1.0,0.8,0.4152967000263743
bbbp,classification,1,1,stratified_scaffold_group,stratified_scaffold_group,32,cat_60_d8,boosting,0.7645725137586233,0.7645725137586233,0.8993858584404442,0.1567648703386294,0.0,0.8841139613672362,0.8045112781954887,0.5541237113402062,0.6793174947678475,1.0,0.8,2.428291499963961
bbbp,classification,1,2,stratified_scaffold_group,stratified_scaffold_group,32,cat_60_d8,boosting,0.8764209822423656,0.8764209822423656,0.9554334517233468,0.0962813535059234,0.0,0.7878638720322191,0.8023255813953488,0.853035143769968,0.8276803625826584,1.0,0.8,2.3785079999943264
bbbp,classification,1,3,stratified_scaffold_group,stratified_scaffold_group,32,cat_60_d8,boosting,0.8846391228579727,0.8846391228579727,0.9606352101585488,0.097988368479571,0.0,0.8248963906495013,0.8068181818181819,0.7539936102236422,0.780405896020912,1.0,0.8,2.376610899984371
bbbp,classification,2,1,stratified_scaffold_group,stratified_scaffold_group,1,logreg_l2_c0.1,linear,0.920413223140496,0.920413223140496,0.9524218645865772,0.1026234502393356,0.0,0.4794319892512884,0.8,0.9049586776859504,0.8524793388429752,1.0,0.8,0.0056149999727495
bbbp,classification,2,2,stratified_scaffold_group,stratified_scaffold_group,1,logreg_l2_c0.1,linear,0.76584385591314,0.76584385591314,0.8807947574759751,0.1627999075101529,0.0,0.7826292195344229,0.8051948051948052,0.5242494226327945,0.6647221139137999,1.0,0.8,0.0046503999619744
bbbp,classification,2,3,stratified_scaffold_group,stratified_scaffold_group,1,logreg_l2_c0.1,linear,0.8541943093026685,0.8541943093026685,0.9634368095268488,0.1269077440619398,0.0,0.6837325682351771,0.8,0.6791979949874687,0.7395989974937344,1.0,0.8,0.0059123000246472
bbbp,classification,2,1,stratified_scaffold_group,stratified_scaffold_group,2,logreg_l2_c1,linear,0.9016528925619836,0.9016528925619836,0.9397225321814204,0.110364391166915,0.0,0.4391700829681359,0.81,0.8801652892561983,0.8450826446280992,1.0,0.8,0.0088366999989375
bbbp,classification,2,2,stratified_scaffold_group,stratified_scaffold_group,2,logreg_l2_c1,linear,0.7384301610629556,0.7384301610629556,0.8598964960250923,0.175391251515161,0.0,0.9650385952957046,0.8051948051948052,0.4665127020785219,0.6358537536366635,1.0,0.8,0.006094500015024
bbbp,classification,2,3,stratified_scaffold_group,stratified_scaffold_group,2,logreg_l2_c1,linear,0.8409553295002211,0.8409553295002211,0.959897084106836,0.1357150056929109,0.0,0.8972015802705787,0.8,0.6416040100250626,0.7208020050125313,1.0,0.8,0.0072445999830961
bbbp,classification,2,1,stratified_scaffold_group,stratified_scaffold_group,3,logreg_l2_c10,linear,0.8822314049586778,0.8822314049586778,0.9303610181996308,0.1364967046177821,0.0,0.5141423048290445,0.8,0.8553719008264463,0.8276859504132232,1.0,0.8,0.0124710000236518
bbbp,classification,2,2,stratified_scaffold_group,stratified_scaffold_group,3,logreg_l2_c10,linear,0.7182598002459434,0.7182598002459434,0.8559734403492163,0.2004791391254536,0.0,0.9993605330747736,0.8051948051948052,0.3833718244803695,0.5942833148375873,1.0,0.8,0.0118317999877035
bbbp,classification,2,3,stratified_scaffold_group,stratified_scaffold_group,3,logreg_l2_c10,linear,0.8188707061772077,0.8188707061772077,0.9519868845420734,0.1553792781719407,0.0,0.992086553772596,0.8,0.6090225563909775,0.7045112781954888,1.0,0.8,0.011597000004258
bbbp,classification,2,1,stratified_scaffold_group,stratified_scaffold_group,4,logreg_l1_c1,linear,0.9023140495867767,0.9023140495867767,0.9394829428790328,0.1133296338363135,0.0,0.447726000346743,0.81,0.8801652892561983,0.8450826446280992,1.0,0.8,0.0126591000007465
bbbp,classification,2,2,stratified_scaffold_group,stratified_scaffold_group,4,logreg_l1_c1,linear,0.7484853483698749,0.7484853483698749,0.8695915801550578,0.1764141663845552,0.0,0.9210502188731344,0.8051948051948052,0.4988452655889145,0.6520200353918599,1.0,0.8,0.0093670000205747
bbbp,classification,2,3,stratified_scaffold_group,stratified_scaffold_group,4,logreg_l1_c1,linear,0.829249594574672,0.829249594574672,0.9557726674866578,0.1488807334959792,0.0,0.7961452491271972,0.8,0.6741854636591479,0.7370927318295739,1.0,0.8,0.0122902999864891
bbbp,classification,2,1,stratified_scaffold_group,stratified_scaffold_group,5,rf_60_sqrt,bagging,0.9299173553719008,0.9299173553719008,0.9588102491091272,0.1025193928195623,0.0,0.6514065720868195,0.8,0.9545454545454546,0.8772727272727273,1.0,0.8,0.1050067999749444
bbbp,classification,2,2,stratified_scaffold_group,stratified_scaffold_group,5,rf_60_sqrt,bagging,0.803200263939294,0.803200263939294,0.9044861688053364,0.1427405846495314,0.0,0.8352201257861634,0.8051948051948052,0.5935334872979214,0.6993641462463633,1.0,0.8,0.1077573999646119
bbbp,classification,2,3,stratified_scaffold_group,stratified_scaffold_group,5,rf_60_sqrt,bagging,0.8488869231903288,0.8488869231903288,0.9529236772825422,0.0961862173984179,0.0,0.7849892473118278,0.8,0.7042606516290727,0.7521303258145364,1.0,0.8,0.1096265999949537
bbbp,classification,2,1,stratified_scaffold_group,stratified_scaffold_group,6,rf_90_d12,bagging,0.9353305785123968,0.9353305785123968,0.965846362755884,0.112382891655964,0.0,0.6286301519464256,0.8,0.9421487603305784,0.8710743801652893,1.0,0.8,0.1588408999959938
bbbp,classification,2,2,stratified_scaffold_group,stratified_scaffold_group,6,rf_90_d12,bagging,0.8201463663357427,0.8201463663357427,0.918069173108048,0.143828453956432,0.0,0.7687100416665807,0.8051948051948052,0.6882217090069284,0.7467082571008667,1.0,0.8,0.1485599000006914
bbbp,classification,2,3,stratified_scaffold_group,stratified_scaffold_group,6,rf_90_d12,bagging,0.8454666076957098,0.8454666076957098,0.9527894156507144,0.105708421693186,0.0,0.7345787837732793,0.8,0.6741854636591479,0.7370927318295739,1.0,0.8,0.1554676999803632
bbbp,classification,2,1,stratified_scaffold_group,stratified_scaffold_group,7,rf_90_leaf2,bagging,0.9315702479338844,0.9315702479338844,0.9590058634449156,0.0996226621040323,0.0,0.5914241314876031,0.81,0.9710743801652892,0.8905371900826446,1.0,0.8,0.1563749999622814
bbbp,classification,2,2,stratified_scaffold_group,stratified_scaffold_group,7,rf_90_leaf2,bagging,0.8355178308988933,0.8355178308988933,0.9252233373942196,0.1402351349257418,0.0,0.7714127639513921,0.8051948051948052,0.7020785219399538,0.7536366635673795,1.0,0.8,0.1579605999868363
bbbp,classification,2,3,stratified_scaffold_group,stratified_scaffold_group,7,rf_90_leaf2,bagging,0.860297803331859,0.860297803331859,0.9606656116113308,0.1019787226195993,0.0,0.7162653761759217,0.8,0.7644110275689223,0.7822055137844612,1.0,0.8,0.1471678999951109
bbbp,classification,2,1,stratified_scaffold_group,stratified_scaffold_group,8,rf_120_d20_leaf2,bagging,0.9378925619834712,0.9378925619834712,0.9661904087470564,0.101381917003425,0.0,0.6197009928096645,0.8,0.9545454545454546,0.8772727272727273,1.0,0.8,0.2026319000287912
bbbp,classification,2,2,stratified_scaffold_group,stratified_scaffold_group,8,rf_120_d20_leaf2,bagging,0.8325635103926097,0.8325635103926097,0.9240951285448848,0.1402268276256406,0.0,0.7763398344722087,0.8051948051948052,0.6720554272517321,0.7386251162232687,1.0,0.8,0.1958311999915167
bbbp,classification,2,3,stratified_scaffold_group,stratified_scaffold_group,8,rf_120_d20_leaf2,bagging,0.8440218192540174,0.8440218192540174,0.9553656296337668,0.1073570301457944,0.0,0.7001819543749787,0.8117647058823529,0.7042606516290727,0.7580126787557129,1.0,0.8,0.2072985999984666
bbbp,classification,2,1,stratified_scaffold_group,stratified_scaffold_group,9,et_60_sqrt,bagging,0.935,0.935,0.9664406245143756,0.1002675932271461,0.0,0.6741051976346094,0.8,0.9380165289256198,0.8690082644628099,1.0,0.8,0.0739594000042416
bbbp,classification,2,2,stratified_scaffold_group,stratified_scaffold_group,9,et_60_sqrt,bagging,0.8281020365315978,0.8281020365315978,0.9162282427517696,0.1408034047082263,0.0,0.8203995157384988,0.8246753246753247,0.6836027713625866,0.7541390480189556,1.0,0.8,0.0677282999968156
bbbp,classification,2,3,stratified_scaffold_group,stratified_scaffold_group,9,et_60_sqrt,bagging,0.8556243550051599,0.8556243550051599,0.9563811600727412,0.0926351829516234,0.0,0.7970039468963042,0.8,0.7218045112781954,0.7609022556390977,1.0,0.8,0.0628714000340551
bbbp,classification,2,1,stratified_scaffold_group,stratified_scaffold_group,10,et_90_d12,bagging,0.9414876033057852,0.9414876033057852,0.969133818137301,0.1089820175109897,0.0,0.6059852053004213,0.81,0.9545454545454546,0.8822727272727273,1.0,0.8,0.1015816000290215
bbbp,classification,2,2,stratified_scaffold_group,stratified_scaffold_group,10,et_90_d12,bagging,0.8385471341591435,0.8385471341591435,0.929829976494324,0.1399414605222459,0.0,0.7306208432755437,0.8051948051948052,0.7090069284064665,0.7571008668006358,1.0,0.8,0.0904277999652549
bbbp,classification,2,3,stratified_scaffold_group,stratified_scaffold_group,10,et_90_d12,bagging,0.8643078283945157,0.8643078283945157,0.9624855943299933,0.1046177201132688,0.0,0.6957134754884555,0.8,0.7619047619047619,0.780952380952381,1.0,0.8,0.0947842000168748
bbbp,classification,2,1,stratified_scaffold_group,stratified_scaffold_group,11,et_90_leaf2,bagging,0.9316115702479338,0.9316115702479338,0.9628826079271562,0.0952608329271411,0.0,0.6360940854160114,0.8,0.950413223140496,0.8752066115702479,1.0,0.8,0.1005438999854959
bbbp,classification,2,2,stratified_scaffold_group,stratified_scaffold_group,11,et_90_leaf2,bagging,0.8263099487117963,0.8263099487117963,0.9236794732353404,0.1397722630907239,0.0,0.7858279757922928,0.8051948051948052,0.674364896073903,0.7397798506343541,1.0,0.8,0.0934815999935381
bbbp,classification,2,3,stratified_scaffold_group,stratified_scaffold_group,11,et_90_leaf2,bagging,0.8737431814831196,0.8737431814831196,0.9660803686010262,0.0963991673607189,0.0,0.7162522793641359,0.8117647058823529,0.7543859649122807,0.7830753353973168,1.0,0.8,0.0909558000275865
bbbp,classification,2,1,stratified_scaffold_group,stratified_scaffold_group,12,et_120_d20_leaf2,bagging,0.9378719008264462,0.9378719008264462,0.9671199895230134,0.0975209508077003,0.0,0.6082269682866084,0.81,0.975206611570248,0.8926033057851239,1.0,0.8,0.1260012999991886
bbbp,classification,2,2,stratified_scaffold_group,stratified_scaffold_group,12,et_120_d20_leaf2,bagging,0.8360127170750727,0.8360127170750727,0.9226905628776648,0.1391182725736171,0.0,0.769126658008518,0.8051948051948052,0.7228637413394919,0.7640292732671485,1.0,0.8,0.1440781000419519
bbbp,classification,2,3,stratified_scaffold_group,stratified_scaffold_group,12,et_120_d20_leaf2,bagging,0.8746572313135781,0.8746572313135781,0.9641050749357905,0.0980539910070967,0.0,0.708484221463787,0.8,0.7869674185463659,0.793483709273183,1.0,0.8,0.1235481000039726
bbbp,classification,2,1,stratified_scaffold_group,stratified_scaffold_group,13,histgb_lr0.05,boosting,0.9202479338842976,0.9202479338842976,0.9522062301501996,0.098995278112534,0.0,0.7768730767415265,0.8,0.8760330578512396,0.8380165289256198,1.0,0.8,1.0662779999547638
bbbp,classification,2,2,stratified_scaffold_group,stratified_scaffold_group,13,histgb_lr0.05,boosting,0.7566734651030262,0.7566734651030262,0.8714171772707839,0.1623523327187242,0.0,0.9420985985133656,0.8051948051948052,0.5334872979214781,0.6693410515581417,1.0,0.8,1.0189143000170588
bbbp,classification,2,3,stratified_scaffold_group,stratified_scaffold_group,13,histgb_lr0.05,boosting,0.8409553295002211,0.8409553295002211,0.9562495499151908,0.0972627690630632,0.0,0.8304974095385973,0.8,0.7243107769423559,0.762155388471178,1.0,0.8,1.065065499977209
bbbp,classification,2,1,stratified_scaffold_group,stratified_scaffold_group,14,histgb_lr0.1,boosting,0.9128925619834712,0.9128925619834712,0.9532122488345236,0.1047230566596304,0.0,0.8155145637093895,0.8,0.8553719008264463,0.8276859504132232,1.0,0.8,0.8477038000128232
bbbp,classification,2,2,stratified_scaffold_group,stratified_scaffold_group,14,histgb_lr0.1,boosting,0.7449311658318587,0.7449311658318587,0.8749188966789259,0.1706156361318714,0.0,0.9702505559155924,0.8051948051948052,0.4688221709006928,0.637008488047749,1.0,0.8,0.8117599999532104
bbbp,classification,2,3,stratified_scaffold_group,stratified_scaffold_group,14,histgb_lr0.1,boosting,0.8487394957983192,0.8487394957983192,0.9590654591195592,0.0984715435336541,0.0,0.8917924752585548,0.8,0.6867167919799498,0.743358395989975,1.0,0.8,0.8509569999878295
bbbp,classification,2,1,stratified_scaffold_group,stratified_scaffold_group,15,gb_lr0.05_d2,boosting,0.899710743801653,0.899710743801653,0.9461890217274852,0.1223527977350046,0.0,0.8028640996143872,0.81,0.8305785123966942,0.8202892561983471,1.0,0.8,0.4233843000256456
bbbp,classification,2,2,stratified_scaffold_group,stratified_scaffold_group,15,gb_lr0.05_d2,boosting,0.7120137368405267,0.7120137368405267,0.8614924505942733,0.170205099987711,0.0,0.8880036226240757,0.8051948051948052,0.4387990762124711,0.6219969407036382,1.0,0.8,0.342171199969016
bbbp,classification,2,3,stratified_scaffold_group,stratified_scaffold_group,15,gb_lr0.05_d2,boosting,0.769453044375645,0.769453044375645,0.929746754321143,0.1139598276984241,0.0,0.8218440315992381,0.8,0.5739348370927319,0.6869674185463659,1.0,0.8,0.3984803999774158
bbbp,classification,2,1,stratified_scaffold_group,stratified_scaffold_group,16,gb_lr0.1_d3,boosting,0.9277892561983472,0.9277892561983472,0.9595739998506284,0.0914500366437575,0.0,0.7476825174958169,0.81,0.9214876033057852,0.8657438016528927,1.0,0.8,0.6412924999604002
bbbp,classification,2,2,stratified_scaffold_group,stratified_scaffold_group,16,gb_lr0.1_d3,boosting,0.750262439638883,0.750262439638883,0.8823794752690144,0.165011482110204,0.0,0.9413666493970284,0.8051948051948052,0.4387990762124711,0.6219969407036382,1.0,0.8,0.5083808999625035
bbbp,classification,2,3,stratified_scaffold_group,stratified_scaffold_group,16,gb_lr0.1_d3,boosting,0.8308860386259767,0.8308860386259767,0.9504703602073898,0.097256888310279,0.0,0.8354429771405445,0.8,0.706766917293233,0.7533834586466166,1.0,0.8,0.5746184000163339
bbbp,classification,2,1,stratified_scaffold_group,stratified_scaffold_group,17,lgbm_60_l15,boosting,0.910309917355372,0.910309917355372,0.9499271971731956,0.1087798544515197,0.0,0.769068193416129,0.8,0.8760330578512396,0.8380165289256198,1.0,0.8,0.052216199983377
bbbp,classification,2,2,stratified_scaffold_group,stratified_scaffold_group,17,lgbm_60_l15,boosting,0.767291023064695,0.767291023064695,0.8786805046336765,0.1561155421781561,0.0,0.906911939405916,0.8051948051948052,0.5889145496535797,0.6970546774241925,1.0,0.8,0.048490600020159
bbbp,classification,2,3,stratified_scaffold_group,stratified_scaffold_group,17,lgbm_60_l15,boosting,0.8343505823381983,0.8343505823381983,0.9545719144213805,0.0982770762768253,0.0,0.8390066832658353,0.8,0.6641604010025063,0.7320802005012532,1.0,0.8,0.0503511000424623
bbbp,classification,2,1,stratified_scaffold_group,stratified_scaffold_group,18,lgbm_90_l31,boosting,0.9192148760330578,0.9192148760330578,0.9550949126604864,0.1015207655779751,0.0,0.8062424950454367,0.81,0.8760330578512396,0.8430165289256198,1.0,0.8,0.0861748000024817
bbbp,classification,2,2,stratified_scaffold_group,stratified_scaffold_group,18,lgbm_90_l31,boosting,0.774916769143097,0.774916769143097,0.88318370488199,0.1595213098052358,0.0,0.9479653836150788,0.8051948051948052,0.5912240184757506,0.698209411835278,1.0,0.8,0.0718874000012874
bbbp,classification,2,3,stratified_scaffold_group,stratified_scaffold_group,18,lgbm_90_l31,boosting,0.857201828099661,0.857201828099661,0.9607640950259634,0.0923741048512221,0.0,0.8525392148272766,0.8,0.7493734335839599,0.77468671679198,1.0,0.8,0.0778337999945506
bbbp,classification,2,1,stratified_scaffold_group,stratified_scaffold_group,19,lgbm_60_l63,boosting,0.9248760330578514,0.9248760330578514,0.953957034005648,0.0954310921698736,0.0,0.7889131033949062,0.83,0.8884297520661157,0.8592148760330578,1.0,0.8,0.0713060999987647
bbbp,classification,2,2,stratified_scaffold_group,stratified_scaffold_group,19,lgbm_60_l63,boosting,0.7773012207192345,0.7773012207192345,0.889053047973928,0.157595965680652,0.0,0.9660389314877658,0.8051948051948052,0.535796766743649,0.6704957859692271,1.0,0.8,0.0597404000000096
bbbp,classification,2,3,stratified_scaffold_group,stratified_scaffold_group,19,lgbm_60_l63,boosting,0.8524399233377562,0.8524399233377562,0.9599408649223952,0.0947468103206074,0.0,0.8782113859941817,0.8235294117647058,0.7117794486215538,0.7676544301931298,1.0,0.8,0.0674674000474624
bbbp,classification,2,1,stratified_scaffold_group,stratified_scaffold_group,20,lgbm_100_leaf10,boosting,0.9108264462809916,0.9108264462809916,0.948519025093182,0.1084045371714957,0.0,0.8392335885375913,0.8,0.9049586776859504,0.8524793388429752,1.0,0.8,0.0978579999646171
bbbp,classification,2,2,stratified_scaffold_group,stratified_scaffold_group,20,lgbm_100_leaf10,boosting,0.7886686062205694,0.7886686062205694,0.8981904735867796,0.1625313649412492,0.0,0.9731896064993244,0.8051948051948052,0.6189376443418014,0.7120662247683034,1.0,0.8,0.0949435000075027
bbbp,classification,2,3,stratified_scaffold_group,stratified_scaffold_group,20,lgbm_100_leaf10,boosting,0.8506855373728439,0.8506855373728439,0.95644357632978,0.0945828110248077,0.0,0.8782519972094249,0.8,0.7518796992481203,0.7759398496240602,1.0,0.8,0.1193401000346057
bbbp,classification,2,1,stratified_scaffold_group,stratified_scaffold_group,21,lgbm_100_leaf30,boosting,0.926818181818182,0.926818181818182,0.9577731067282484,0.1000054654485811,0.0,0.7804271362693176,0.8200000000000001,0.9008264462809916,0.860413223140496,1.0,0.8,0.087173200037796
bbbp,classification,2,2,stratified_scaffold_group,stratified_scaffold_group,21,lgbm_100_leaf30,boosting,0.7516271257610749,0.7516271257610749,0.8776581564333561,0.1649055714487648,0.0,0.9556153672423712,0.8051948051948052,0.5173210161662818,0.6612579106805435,1.0,0.8,0.0604713999782688
bbbp,classification,2,3,stratified_scaffold_group,stratified_scaffold_group,21,lgbm_100_leaf30,boosting,0.8568774878372402,0.8568774878372402,0.9626107408924736,0.0936994280783773,0.0,0.8401316395837515,0.8,0.7117794486215538,0.755889724310777,1.0,0.8,0.0684155999915674
bbbp,classification,2,1,stratified_scaffold_group,stratified_scaffold_group,22,lgbm_80_ff0.7,boosting,0.9209504132231404,0.9209504132231404,0.955953967173182,0.1025811799582491,0.0,0.8066108515041773,0.81,0.8884297520661157,0.8492148760330579,1.0,0.8,0.0800333000370301
bbbp,classification,2,2,stratified_scaffold_group,stratified_scaffold_group,22,lgbm_80_ff0.7,boosting,0.7800530877898084,0.7800530877898084,0.8983076129717095,0.1583868754921387,0.0,0.9684954728435816,0.8116883116883117,0.5127020785219399,0.6621951951051258,1.0,0.8,0.0679924999712966
bbbp,classification,2,3,stratified_scaffold_group,stratified_scaffold_group,22,lgbm_80_ff0.7,boosting,0.8628335544744212,0.8628335544744212,0.9616808749368454,0.0901205255578971,0.0,0.8553892224898089,0.8,0.7644110275689223,0.7822055137844612,1.0,0.8,0.0725705999648198
bbbp,classification,2,1,stratified_scaffold_group,stratified_scaffold_group,23,lgbm_80_bag0.8,boosting,0.9292561983471074,0.9292561983471074,0.956951839961288,0.0928534561661964,0.0,0.8004372279696808,0.81,0.9090909090909092,0.8595454545454546,1.0,0.8,0.0754380999715067
bbbp,classification,2,2,stratified_scaffold_group,stratified_scaffold_group,23,lgbm_80_bag0.8,boosting,0.7834723013706848,0.7834723013706848,0.8977020382573273,0.1591356242382548,0.0,0.958570482042195,0.8051948051948052,0.5750577367205543,0.6901262709576798,1.0,0.8,0.066410299972631
bbbp,classification,2,3,stratified_scaffold_group,stratified_scaffold_group,23,lgbm_80_bag0.8,boosting,0.8727111897390535,0.8727111897390535,0.9663700445284676,0.0865324832955469,0.0,0.879287114640113,0.8,0.7167919799498746,0.7583959899749373,1.0,0.8,0.0714108000393025
bbbp,classification,2,1,stratified_scaffold_group,stratified_scaffold_group,24,lgbm_120_l15,boosting,0.9144628099173554,0.9144628099173554,0.9488241123373392,0.1038647513900303,0.0,0.764886365913757,0.8,0.8842975206611571,0.8421487603305786,1.0,0.8,0.0818064999766647
bbbp,classification,2,2,stratified_scaffold_group,stratified_scaffold_group,24,lgbm_120_l15,boosting,0.7614648630814913,0.7614648630814913,0.8763849260066052,0.1586854114727138,0.0,0.9424391901009508,0.8051948051948052,0.5311778290993071,0.6681863171470561,1.0,0.8,0.0653712000348605
bbbp,classification,2,3,stratified_scaffold_group,stratified_scaffold_group,24,lgbm_120_l15,boosting,0.8497125165855816,0.8497125165855816,0.9592246622913472,0.095924226213456,0.0,0.8461674997200418,0.8,0.7167919799498746,0.7583959899749373,1.0,0.8,0.0688662999891676
bbbp,classification,2,1,stratified_scaffold_group,stratified_scaffold_group,25,xgb_60_d3,boosting,0.9221487603305786,0.9221487603305786,0.9549055454737968,0.1047571493510456,0.0,0.7738324999809265,0.8,0.8884297520661157,0.8442148760330579,1.0,0.8,0.0612926000030711
bbbp,classification,2,2,stratified_scaffold_group,stratified_scaffold_group,25,xgb_60_d3,boosting,0.7501499655079331,0.7501499655079331,0.8869153915485399,0.1614008763306135,0.0,0.8957278728485107,0.8051948051948052,0.5080831408775982,0.6566389730362017,1.0,0.8,0.063308999990113
bbbp,classification,2,3,stratified_scaffold_group,stratified_scaffold_group,25,xgb_60_d3,boosting,0.8017249004865104,0.8017249004865104,0.9440362543352788,0.1095616718060575,0.0,0.8413047194480896,0.8117647058823529,0.5413533834586466,0.6765590446704998,1.0,0.8,0.0590433999896049
bbbp,classification,2,1,stratified_scaffold_group,stratified_scaffold_group,26,xgb_80_d5,boosting,0.9339256198347108,0.9339256198347108,0.9621857117198568,0.0979945109992355,0.0,0.7601046562194824,0.81,0.9090909090909092,0.8595454545454546,1.0,0.8,0.0997019000351429
bbbp,classification,2,2,stratified_scaffold_group,stratified_scaffold_group,26,xgb_80_d5,boosting,0.7715725383161873,0.7715725383161873,0.8945531014373237,0.1576020118316017,0.0,0.9141716361045836,0.8051948051948052,0.558891454965358,0.6820431300800815,1.0,0.8,0.0852381999720819
bbbp,classification,2,3,stratified_scaffold_group,stratified_scaffold_group,26,xgb_80_d5,boosting,0.842798171900339,0.842798171900339,0.9577791607515822,0.0967394887437459,0.0,0.8212701678276062,0.8,0.7017543859649122,0.7508771929824561,1.0,0.8,0.0893160999985411
bbbp,classification,2,1,stratified_scaffold_group,stratified_scaffold_group,27,xgb_100_d3,boosting,0.9189669421487604,0.9189669421487604,0.9538511835298444,0.1084473638934187,0.0,0.7738796472549438,0.81,0.9008264462809916,0.8554132231404958,1.0,0.8,0.0823987000039778
bbbp,classification,2,2,stratified_scaffold_group,stratified_scaffold_group,27,xgb_100_d3,boosting,0.7466182777961069,0.7466182777961069,0.8782091231676981,0.1621405626371886,0.0,0.9109418988227844,0.8051948051948052,0.4665127020785219,0.6358537536366635,1.0,0.8,0.0872074000071734
bbbp,classification,2,3,stratified_scaffold_group,stratified_scaffold_group,27,xgb_100_d3,boosting,0.8158337019018134,0.8158337019018134,0.9490450654046778,0.1032974924142923,0.0,0.8147879838943481,0.8,0.6215538847117794,0.7107769423558897,1.0,0.8,0.0964613999822177
bbbp,classification,2,1,stratified_scaffold_group,stratified_scaffold_group,28,xgb_60_d6,boosting,0.9284297520661158,0.9284297520661158,0.95452801561459,0.0948136685349817,0.0,0.7504469156265259,0.8,0.9338842975206612,0.8669421487603306,1.0,0.8,0.0816122000105679
bbbp,classification,2,2,stratified_scaffold_group,stratified_scaffold_group,28,xgb_60_d6,boosting,0.799548603821121,0.799548603821121,0.9141942168946986,0.1581238621573491,0.0,0.9148297309875488,0.8051948051948052,0.6351039260969977,0.7201493656459015,1.0,0.8,0.0806393999955616
bbbp,classification,2,3,stratified_scaffold_group,stratified_scaffold_group,28,xgb_60_d6,boosting,0.8618310482087571,0.8618310482087571,0.9622629516130512,0.0900484455476879,0.0,0.8112525939941406,0.8,0.7568922305764411,0.7784461152882205,1.0,0.8,0.0811491999775171
bbbp,classification,2,1,stratified_scaffold_group,stratified_scaffold_group,29,cat_60_d4,boosting,0.922809917355372,0.922809917355372,0.9571640617958638,0.1142429214225621,0.0,0.772957128109684,0.8,0.9049586776859504,0.8524793388429752,1.0,0.8,0.2937606999767013
bbbp,classification,2,2,stratified_scaffold_group,stratified_scaffold_group,29,cat_60_d4,boosting,0.7487777811103447,0.7487777811103447,0.8890889743948401,0.1634664508933755,0.0,0.8862522076806413,0.8051948051948052,0.5173210161662818,0.6612579106805435,1.0,0.8,0.2887251999927684
bbbp,classification,2,3,stratified_scaffold_group,stratified_scaffold_group,29,cat_60_d4,boosting,0.7935721657083886,0.7935721657083886,0.9391128893787484,0.1042370354092254,0.0,0.8398628487247435,0.8,0.5288220551378446,0.6644110275689223,1.0,0.8,0.2635301999980584
bbbp,classification,2,1,stratified_scaffold_group,stratified_scaffold_group,30,cat_80_d6,boosting,0.9232644628099176,0.9232644628099176,0.9532477962693128,0.1095142147900832,0.0,0.7824758662756107,0.81,0.8842975206611571,0.8471487603305785,1.0,0.8,0.9956960999988952
bbbp,classification,2,2,stratified_scaffold_group,stratified_scaffold_group,30,cat_80_d6,boosting,0.7833298341381482,0.7833298341381482,0.9003427443926845,0.1564110773481683,0.0,0.8950038954961997,0.8051948051948052,0.5381062355658198,0.6716505203803125,1.0,0.8,0.8838332000304945
bbbp,classification,2,3,stratified_scaffold_group,stratified_scaffold_group,30,cat_80_d6,boosting,0.8264779596048946,0.8264779596048946,0.9522279935173388,0.100785761088331,0.0,0.8152450548239863,0.8,0.6265664160401002,0.7132832080200502,1.0,0.8,0.9567993000382558
bbbp,classification,2,1,stratified_scaffold_group,stratified_scaffold_group,31,cat_100_d4,boosting,0.9243388429752064,0.9243388429752064,0.957058940766392,0.1097181528623409,0.0,0.7683406577318435,0.8,0.8925619834710744,0.8462809917355372,1.0,0.8,0.4530397999915294
bbbp,classification,2,2,stratified_scaffold_group,stratified_scaffold_group,31,cat_100_d4,boosting,0.7562985513331932,0.7562985513331932,0.88117748593402,0.1615064317804865,0.0,0.8710027980756614,0.8051948051948052,0.5796766743648961,0.6924357397798506,1.0,0.8,0.4244563999818638
bbbp,classification,2,3,stratified_scaffold_group,stratified_scaffold_group,31,cat_100_d4,boosting,0.7978180745982604,0.7978180745982604,0.9425074088313186,0.1046073092784461,0.0,0.8378323078636122,0.8117647058823529,0.5363408521303258,0.6740527790063393,1.0,0.8,0.4254354999866336
bbbp,classification,2,1,stratified_scaffold_group,stratified_scaffold_group,32,cat_60_d8,boosting,0.9190495867768594,0.9190495867768594,0.9560388774871832,0.1089894133287547,0.0,0.7759910353790948,0.81,0.9132231404958676,0.8616115702479339,1.0,0.8,2.538698900025338
bbbp,classification,2,2,stratified_scaffold_group,stratified_scaffold_group,32,cat_60_d8,boosting,0.793445007648241,0.793445007648241,0.9136402350130092,0.1613550628111885,0.0,0.8820557589279251,0.8051948051948052,0.6420323325635104,0.7236135688791578,1.0,0.8,2.2609379999921657
bbbp,classification,2,3,stratified_scaffold_group,stratified_scaffold_group,32,cat_60_d8,boosting,0.8447294707356626,0.8447294707356626,0.9555533806094968,0.0922539298836802,0.0,0.841194892822732,0.8,0.6591478696741855,0.7295739348370928,1.0,0.8,2.4105095000122674
bbbp,classification,3,1,stratified_scaffold_group,stratified_scaffold_group,1,logreg_l2_c0.1,linear,0.8586380877406427,0.8586380877406427,0.9468764488065338,0.1313197673937471,0.0,0.6400618782614426,0.8089887640449438,0.767515923566879,0.7882523438059115,1.0,0.8,0.0055667999549768
bbbp,classification,3,2,stratified_scaffold_group,stratified_scaffold_group,1,logreg_l2_c0.1,linear,0.8500660851176316,0.8500660851176316,0.9183890729000306,0.1377064415065542,0.0,0.651707476310738,0.8,0.7079037800687286,0.7539518900343642,1.0,0.8,0.0056424000067636
bbbp,classification,3,3,stratified_scaffold_group,stratified_scaffold_group,1,logreg_l2_c0.1,linear,0.7926896829593816,0.7926896829593816,0.943752869163788,0.1362479399624903,0.0,0.7551350733046509,0.8172043010752688,0.5456674473067916,0.6814358741910302,1.0,0.8,0.0057363000232726
bbbp,classification,3,1,stratified_scaffold_group,stratified_scaffold_group,2,logreg_l2_c1,linear,0.8588170042224289,0.8588170042224289,0.9441265250720656,0.1320728752947056,0.0,0.7074400128900075,0.8089887640449438,0.7993630573248408,0.8041759106848922,1.0,0.8,0.0102221999550238
bbbp,classification,3,2,stratified_scaffold_group,stratified_scaffold_group,2,logreg_l2_c1,linear,0.805604017975152,0.805604017975152,0.8938674307677229,0.1636012639447535,0.0,0.9306429729511928,0.823076923076923,0.5910652920962199,0.7070711075865714,1.0,0.8,0.0075045000412501
bbbp,classification,3,3,stratified_scaffold_group,stratified_scaffold_group,2,logreg_l2_c1,linear,0.7695978444259777,0.7695978444259777,0.9313779524113236,0.1417925949204494,0.0,0.9323911489354816,0.8064516129032258,0.5644028103044496,0.6854272116038377,1.0,0.8,0.0059878000174649
bbbp,classification,3,1,stratified_scaffold_group,stratified_scaffold_group,3,logreg_l2_c10,linear,0.8559901238102054,0.8559901238102054,0.941228257096444,0.1420333178074903,0.0,0.8200107295626138,0.8089887640449438,0.8343949044585988,0.8216918342517713,1.0,0.8,0.0107123999623581
bbbp,classification,3,2,stratified_scaffold_group,stratified_scaffold_group,3,logreg_l2_c10,linear,0.7740153317472905,0.7740153317472905,0.8731102256956913,0.1898134202864946,0.0,0.9974604230969344,0.8076923076923077,0.5463917525773195,0.6770420301348137,1.0,0.8,0.0119507999625056
bbbp,classification,3,3,stratified_scaffold_group,stratified_scaffold_group,3,logreg_l2_c10,linear,0.7483946513560475,0.7483946513560475,0.922509864093184,0.1638463472654427,0.0,0.994472086974004,0.8064516129032258,0.5152224824355972,0.6608370476694114,1.0,0.8,0.0081165000447072
bbbp,classification,3,1,stratified_scaffold_group,stratified_scaffold_group,4,logreg_l1_c1,linear,0.8384563085951476,0.8384563085951476,0.9390589993358964,0.1424601257699598,0.0,0.837574241743532,0.8089887640449438,0.7070063694267515,0.7579975667358476,1.0,0.8,0.0133920999942347
bbbp,classification,3,2,stratified_scaffold_group,stratified_scaffold_group,4,logreg_l1_c1,linear,0.7954797779540047,0.7954797779540047,0.8907965263945328,0.1802340432419026,0.0,0.90188570256195,0.8,0.6460481099656358,0.723024054982818,1.0,0.8,0.0127688000211492
bbbp,classification,3,3,stratified_scaffold_group,stratified_scaffold_group,4,logreg_l1_c1,linear,0.8000428092971721,0.8000428092971721,0.938352209456158,0.1324786175484619,0.0,0.8687723513003905,0.8064516129032258,0.6182669789227166,0.7123592959129712,1.0,0.8,0.0118303000344894
bbbp,classification,3,1,stratified_scaffold_group,stratified_scaffold_group,5,rf_60_sqrt,bagging,0.8829528376154011,0.8829528376154011,0.9569639804417776,0.1004736595455491,0.0,0.7857461476074615,0.8202247191011236,0.7611464968152867,0.7906856079582052,1.0,0.8,0.1096595000126399
bbbp,classification,3,2,stratified_scaffold_group,stratified_scaffold_group,5,rf_60_sqrt,bagging,0.8662040708432461,0.8662040708432461,0.923449250169454,0.1403113496981685,0.0,0.7735969720699557,0.8076923076923077,0.8213058419243986,0.8144990748083532,1.0,0.8,0.1154585999902337
bbbp,classification,3,3,stratified_scaffold_group,stratified_scaffold_group,5,rf_60_sqrt,bagging,0.82093122812319,0.82093122812319,0.9436965712883292,0.1060664662283825,0.0,0.8191940368040996,0.8494623655913979,0.594847775175644,0.7221550703835209,1.0,0.8,0.1060709999874234
bbbp,classification,3,1,stratified_scaffold_group,stratified_scaffold_group,6,rf_90_d12,bagging,0.8869784584555931,0.8869784584555931,0.9606486124583368,0.1086924216769311,0.0,0.6976689852633119,0.8089887640449438,0.821656050955414,0.8153224075001789,1.0,0.8,0.1587881000014022
bbbp,classification,3,2,stratified_scaffold_group,stratified_scaffold_group,6,rf_90_d12,bagging,0.8641554321966693,0.8641554321966693,0.9236003468377691,0.1417937932911576,0.0,0.727448546237976,0.8,0.711340206185567,0.7556701030927835,1.0,0.8,0.1602254000026732
bbbp,classification,3,3,stratified_scaffold_group,stratified_scaffold_group,6,rf_90_d12,bagging,0.8313943239908338,0.8313943239908338,0.9520318643398468,0.1094841097155343,0.0,0.757777999181737,0.8064516129032258,0.6861826697892272,0.7463171413462264,1.0,0.8,0.1489180999924428
bbbp,classification,3,1,stratified_scaffold_group,stratified_scaffold_group,7,rf_90_leaf2,bagging,0.8806090317040005,0.8806090317040005,0.9561583345911258,0.1060073019230463,0.0,0.698492383307235,0.8089887640449438,0.8089171974522293,0.8089529807485866,1.0,0.8,0.1544701000093482
bbbp,classification,3,2,stratified_scaffold_group,stratified_scaffold_group,7,rf_90_leaf2,bagging,0.8993655828707374,0.8993655828707374,0.9466979166784688,0.1266335035751223,0.0,0.6879303102562766,0.8,0.872852233676976,0.836426116838488,1.0,0.8,0.1672278000041842
bbbp,classification,3,3,stratified_scaffold_group,stratified_scaffold_group,7,rf_90_leaf2,bagging,0.8259550250560298,0.8259550250560298,0.9475838531561768,0.1116202539368422,0.0,0.7509494095969864,0.8064516129032258,0.6627634660421545,0.7346075394726901,1.0,0.8,0.1607780000194907
bbbp,classification,3,1,stratified_scaffold_group,stratified_scaffold_group,8,rf_120_d20_leaf2,bagging,0.8917376368711085,0.8917376368711085,0.96200894619029,0.104614645503556,0.0,0.7153368455526418,0.8089887640449438,0.7929936305732485,0.8009911973090962,1.0,0.8,0.1953774000285193
bbbp,classification,3,2,stratified_scaffold_group,stratified_scaffold_group,8,rf_120_d20_leaf2,bagging,0.8931271477663231,0.8931271477663231,0.94446356724457,0.129397357623751,0.0,0.7158749667583216,0.8,0.8075601374570447,0.8037800687285224,1.0,0.8,0.2060420999769121
bbbp,classification,3,3,stratified_scaffold_group,stratified_scaffold_group,8,rf_120_d20_leaf2,bagging,0.8252247488101534,0.8252247488101534,0.947999118119644,0.112705542190504,0.0,0.745370830495812,0.8064516129032258,0.6627634660421545,0.7346075394726901,1.0,0.8,0.1957609999808482
bbbp,classification,3,1,stratified_scaffold_group,stratified_scaffold_group,9,et_60_sqrt,bagging,0.899413153939741,0.899413153939741,0.9662382199267764,0.0965746471623312,0.0,0.7824654622741763,0.8089887640449438,0.8057324840764332,0.8073606240606885,1.0,0.8,0.068807800009381
bbbp,classification,3,2,stratified_scaffold_group,stratified_scaffold_group,9,et_60_sqrt,bagging,0.8677108115252445,0.8677108115252445,0.9224393931221648,0.1344355105880118,0.0,0.8199530516431925,0.8,0.6941580756013745,0.7470790378006873,1.0,0.8,0.0733907999820075
bbbp,classification,3,3,stratified_scaffold_group,stratified_scaffold_group,9,et_60_sqrt,bagging,0.8402331847598901,0.8402331847598901,0.9526668997483714,0.1027820034048381,0.0,0.8044296116504854,0.8172043010752688,0.6861826697892272,0.7516934854322479,1.0,0.8,0.0624849000014364
bbbp,classification,3,1,stratified_scaffold_group,stratified_scaffold_group,10,et_90_d12,bagging,0.8817540971874329,0.8817540971874329,0.9598826392690258,0.112255079098962,0.0,0.6986823463995838,0.8089887640449438,0.7866242038216561,0.7978064839332999,1.0,0.8,0.0916384999873116
bbbp,classification,3,2,stratified_scaffold_group,stratified_scaffold_group,10,et_90_d12,bagging,0.846761829236056,0.846761829236056,0.9045934477010176,0.1438920303406951,0.0,0.7114349785180852,0.8,0.7422680412371134,0.7711340206185567,1.0,0.8,0.0966367999790236
bbbp,classification,3,3,stratified_scaffold_group,stratified_scaffold_group,10,et_90_d12,bagging,0.8469819445493691,0.8469819445493691,0.9546108456729996,0.1080727211121315,0.0,0.7481402377182447,0.8064516129032258,0.7447306791569087,0.7755911460300673,1.0,0.8,0.091919400030747
bbbp,classification,3,1,stratified_scaffold_group,stratified_scaffold_group,11,et_90_leaf2,bagging,0.8962105489157662,0.8962105489157662,0.9648869264848294,0.1019224973616929,0.0,0.7177771879450006,0.8089887640449438,0.8057324840764332,0.8073606240606885,1.0,0.8,0.0897726999828592
bbbp,classification,3,2,stratified_scaffold_group,stratified_scaffold_group,11,et_90_leaf2,bagging,0.8760243193232884,0.8760243193232884,0.9308840193774228,0.1289111039402438,0.0,0.7213612258860462,0.8,0.8384879725085911,0.8192439862542955,1.0,0.8,0.1034287000074982
bbbp,classification,3,3,stratified_scaffold_group,stratified_scaffold_group,11,et_90_leaf2,bagging,0.8411900984613835,0.8411900984613835,0.9502589376461053,0.1067575796721592,0.0,0.7679720301746168,0.8279569892473118,0.6604215456674473,0.7441892674573796,1.0,0.8,0.0905486000119708
bbbp,classification,3,1,stratified_scaffold_group,stratified_scaffold_group,12,et_120_d20_leaf2,bagging,0.8999320117369212,0.8999320117369212,0.9661027938873492,0.1024261181376161,0.0,0.6906672470929949,0.8089887640449438,0.8184713375796179,0.8137300508122809,1.0,0.8,0.1268567999941297
bbbp,classification,3,2,stratified_scaffold_group,stratified_scaffold_group,12,et_120_d20_leaf2,bagging,0.8700502246894,0.8700502246894,0.9271116211575524,0.1294698030180543,0.0,0.7105595249849312,0.8,0.8144329896907216,0.8072164948453608,1.0,0.8,0.1189296999946236
bbbp,classification,3,3,stratified_scaffold_group,stratified_scaffold_group,12,et_120_d20_leaf2,bagging,0.8415174636750523,0.8415174636750523,0.951217276002338,0.1077514875135134,0.0,0.7456510003233748,0.8064516129032258,0.7049180327868853,0.7556848228450554,1.0,0.8,0.1213815999799408
bbbp,classification,3,1,stratified_scaffold_group,stratified_scaffold_group,13,histgb_lr0.05,boosting,0.8645065483432335,0.8645065483432335,0.9490931311007582,0.1015123149556095,0.0,0.8435351312662582,0.8089887640449438,0.7898089171974523,0.799398840621198,1.0,0.8,1.045198200037703
bbbp,classification,3,2,stratified_scaffold_group,stratified_scaffold_group,13,histgb_lr0.05,boosting,0.8508591065292097,0.8508591065292097,0.9032356480799072,0.151023179096256,0.0,0.8903028088199686,0.8,0.7250859106529209,0.7625429553264604,1.0,0.8,1.0334693000186237
bbbp,classification,3,3,stratified_scaffold_group,stratified_scaffold_group,13,histgb_lr0.05,boosting,0.8130115081463574,0.8130115081463574,0.9410579362011277,0.1059928774914942,0.0,0.9004500417734489,0.8064516129032258,0.6440281030444965,0.7252398579738611,1.0,0.8,1.0113704000250436
bbbp,classification,3,1,stratified_scaffold_group,stratified_scaffold_group,14,histgb_lr0.1,boosting,0.8695519931296072,0.8695519931296072,0.9527115403222892,0.104913369947911,0.0,0.9097888818928004,0.8202247191011236,0.7547770700636943,0.7875008945824089,1.0,0.8,0.883678299956955
bbbp,classification,3,2,stratified_scaffold_group,stratified_scaffold_group,14,histgb_lr0.1,boosting,0.8461274121067935,0.8461274121067935,0.905465648512946,0.156418868579049,0.0,0.9333082155834536,0.8,0.7147766323024055,0.7573883161512027,1.0,0.8,1.0640844999579713
bbbp,classification,3,3,stratified_scaffold_group,stratified_scaffold_group,14,histgb_lr0.1,boosting,0.8142202412429805,0.8142202412429805,0.9410778976362272,0.1053317406628197,0.0,0.9362427614690866,0.8064516129032258,0.5995316159250585,0.7029916144141422,1.0,0.8,0.9644484000164084
bbbp,classification,3,1,stratified_scaffold_group,stratified_scaffold_group,15,gb_lr0.05_d2,boosting,0.804229585629428,0.804229585629428,0.922155041131404,0.1151357601742149,0.0,0.8514294866893222,0.8089887640449438,0.4936305732484076,0.6513096686466757,1.0,0.8,0.4215115999686532
bbbp,classification,3,2,stratified_scaffold_group,stratified_scaffold_group,15,gb_lr0.05_d2,boosting,0.808802537668517,0.808802537668517,0.8862801223870821,0.1668263291303904,0.0,0.8747581549468281,0.8,0.6323024054982818,0.7161512027491409,1.0,0.8,0.4032199999783188
bbbp,classification,3,3,stratified_scaffold_group,stratified_scaffold_group,15,gb_lr0.05_d2,boosting,0.7165646798116391,0.7165646798116391,0.9110774588914444,0.1215452446041081,0.0,0.8793621052854724,0.8064516129032258,0.3629976580796253,0.5847246354914255,1.0,0.8,0.3560731000034138
bbbp,classification,3,1,stratified_scaffold_group,stratified_scaffold_group,16,gb_lr0.1_d3,boosting,0.864184498676018,0.864184498676018,0.949966792833746,0.1024724253637383,0.0,0.8426303035272751,0.8089887640449438,0.7643312101910829,0.7866599871180133,1.0,0.8,0.6077081999974325
bbbp,classification,3,2,stratified_scaffold_group,stratified_scaffold_group,16,gb_lr0.1_d3,boosting,0.8319058947924929,0.8319058947924929,0.8856172036883065,0.1548924743672985,0.0,0.8662680142643272,0.8,0.8144329896907216,0.8072164948453608,1.0,0.8,0.5998638999881223
bbbp,classification,3,3,stratified_scaffold_group,stratified_scaffold_group,16,gb_lr0.1_d3,boosting,0.7717131273450681,0.7717131273450681,0.9276932523184112,0.1189233609617509,0.0,0.8971482648403933,0.8064516129032258,0.5550351288056206,0.6807433708544232,1.0,0.8,0.5592563999816775
bbbp,classification,3,1,stratified_scaffold_group,stratified_scaffold_group,17,lgbm_60_l15,boosting,0.8567415730337079,0.8567415730337079,0.9382147345746968,0.1005274092295245,0.0,0.8381064699057127,0.8089887640449438,0.7452229299363057,0.7771058469906247,1.0,0.8,0.0497652000049129
bbbp,classification,3,2,stratified_scaffold_group,stratified_scaffold_group,17,lgbm_60_l15,boosting,0.8620935765265663,0.8620935765265663,0.9206436846307646,0.1418738307639766,0.0,0.861039867228606,0.8,0.7525773195876289,0.7762886597938145,1.0,0.8,0.0473890000139363
bbbp,classification,3,3,stratified_scaffold_group,stratified_scaffold_group,17,lgbm_60_l15,boosting,0.7869733826899346,0.7869733826899346,0.93349694045426,0.108647728887751,0.0,0.8833350061813333,0.8064516129032258,0.5714285714285714,0.6889400921658986,1.0,0.8,0.0784607999958098
bbbp,classification,3,1,stratified_scaffold_group,stratified_scaffold_group,18,lgbm_90_l31,boosting,0.8684069276461748,0.8684069276461748,0.9483027628192616,0.1006699203079854,0.0,0.8674856770089001,0.8089887640449438,0.7929936305732485,0.8009911973090962,1.0,0.8,0.1052402000059373
bbbp,classification,3,2,stratified_scaffold_group,stratified_scaffold_group,18,lgbm_90_l31,boosting,0.8617234998678298,0.8617234998678298,0.9239139423418026,0.1459507659670017,0.0,0.9206423703626104,0.8,0.7250859106529209,0.7625429553264604,1.0,0.8,0.0971901000011712
bbbp,classification,3,3,stratified_scaffold_group,stratified_scaffold_group,18,lgbm_90_l31,boosting,0.8113998640175266,0.8113998640175266,0.9397400211660644,0.1057524177546693,0.0,0.9179516242869372,0.8064516129032258,0.6088992974238876,0.7076754551635567,1.0,0.8,0.0914473999873735
bbbp,classification,3,1,stratified_scaffold_group,stratified_scaffold_group,19,lgbm_60_l63,boosting,0.866653546124669,0.866653546124669,0.9518689665332474,0.1057865956840095,0.0,0.8980690316139316,0.8089887640449438,0.7547770700636943,0.7818829170543191,1.0,0.8,0.0721937000053003
bbbp,classification,3,2,stratified_scaffold_group,stratified_scaffold_group,19,lgbm_60_l63,boosting,0.8490615913296325,0.8490615913296325,0.915252479009284,0.1506531036571909,0.0,0.9431358888771952,0.8076923076923077,0.6872852233676976,0.7474887655300027,1.0,0.8,0.0791641999967396
bbbp,classification,3,3,stratified_scaffold_group,stratified_scaffold_group,19,lgbm_60_l63,boosting,0.8129359623278183,0.8129359623278183,0.9437668655128808,0.1089334928960688,0.0,0.9205503941853432,0.8064516129032258,0.6206088992974239,0.7135302561003248,1.0,0.8,0.0769591000280343
bbbp,classification,3,1,stratified_scaffold_group,stratified_scaffold_group,20,lgbm_100_leaf10,boosting,0.8782831174407787,0.8782831174407787,0.9563571107872176,0.105901370892267,0.0,0.9251045300947118,0.8089887640449438,0.7898089171974523,0.799398840621198,1.0,0.8,0.1126005000551231
bbbp,classification,3,2,stratified_scaffold_group,stratified_scaffold_group,20,lgbm_100_leaf10,boosting,0.8619878403383557,0.8619878403383557,0.9240937821057078,0.1524204969736614,0.0,0.945243955209894,0.8076923076923077,0.7250859106529209,0.7663891091726143,1.0,0.8,0.1121085000340826
bbbp,classification,3,3,stratified_scaffold_group,stratified_scaffold_group,20,lgbm_100_leaf10,boosting,0.8180982599279796,0.8180982599279796,0.941327915627554,0.1130417674015103,0.0,0.9504315476922474,0.8064516129032258,0.6908665105386417,0.7486590617209337,1.0,0.8,0.1063015999970957
bbbp,classification,3,1,stratified_scaffold_group,stratified_scaffold_group,21,lgbm_100_leaf30,boosting,0.8530558935089101,0.8530558935089101,0.9414673791981044,0.1023145681366214,0.0,0.8994305206799519,0.8089887640449438,0.7101910828025477,0.7595899234237458,1.0,0.8,0.071279100026004
bbbp,classification,3,2,stratified_scaffold_group,stratified_scaffold_group,21,lgbm_100_leaf30,boosting,0.8578641289981497,0.8578641289981497,0.9244545664675266,0.1455263654874976,0.0,0.8801984419187464,0.8,0.7800687285223368,0.7900343642611685,1.0,0.8,0.0825794000411406
bbbp,classification,3,3,stratified_scaffold_group,stratified_scaffold_group,21,lgbm_100_leaf30,boosting,0.7970965223741532,0.7970965223741532,0.9399191671169852,0.1111738658783593,0.0,0.8965140703237342,0.8064516129032258,0.6159250585480094,0.7111883357256176,1.0,0.8,0.0643502000020816
bbbp,classification,3,1,stratified_scaffold_group,stratified_scaffold_group,22,lgbm_80_ff0.7,boosting,0.8756351535103415,0.8756351535103415,0.9553261792219,0.0994637478455867,0.0,0.8993719251162324,0.8089887640449438,0.7484076433121019,0.7786982036785228,1.0,0.8,0.0800712999771349
bbbp,classification,3,2,stratified_scaffold_group,stratified_scaffold_group,22,lgbm_80_ff0.7,boosting,0.8589214908802537,0.8589214908802537,0.9172491670066626,0.1471616989597406,0.0,0.9252395964451252,0.8,0.7457044673539519,0.772852233676976,1.0,0.8,0.0855921999900601
bbbp,classification,3,3,stratified_scaffold_group,stratified_scaffold_group,22,lgbm_80_ff0.7,boosting,0.8302863186522625,0.8302863186522625,0.9459905929348694,0.1030932386372905,0.0,0.9003264041714607,0.8064516129032258,0.7330210772833724,0.769736345093299,1.0,0.8,0.0779037000029347
bbbp,classification,3,1,stratified_scaffold_group,stratified_scaffold_group,23,lgbm_80_bag0.8,boosting,0.8621448507836542,0.8621448507836542,0.9389645497829738,0.1012048137586488,0.0,0.8743710968638004,0.8202247191011236,0.7707006369426752,0.7954626780218994,1.0,0.8,0.0807579000247642
bbbp,classification,3,2,stratified_scaffold_group,stratified_scaffold_group,23,lgbm_80_bag0.8,boosting,0.8750198255352895,0.8750198255352895,0.92991049943196,0.1374403062602758,0.0,0.9135241215862006,0.8,0.7800687285223368,0.7900343642611685,1.0,0.8,0.0805034000077284
bbbp,classification,3,3,stratified_scaffold_group,stratified_scaffold_group,23,lgbm_80_bag0.8,boosting,0.8134647830575912,0.8134647830575912,0.9419542720103644,0.1053762764093469,0.0,0.9268423303568298,0.8064516129032258,0.6018735362997658,0.7041625746014958,1.0,0.8,0.0857334000174887
bbbp,classification,3,1,stratified_scaffold_group,stratified_scaffold_group,24,lgbm_120_l15,boosting,0.8700171759822514,0.8700171759822514,0.9479107727436028,0.0997233650084915,0.0,0.8213804674843108,0.8089887640449438,0.8439490445859873,0.8264689043154656,1.0,0.8,0.069078000029549
bbbp,classification,3,2,stratified_scaffold_group,stratified_scaffold_group,24,lgbm_120_l15,boosting,0.8662172878667723,0.8662172878667723,0.9208343534948552,0.1431983006703188,0.0,0.886159985639724,0.8,0.7491408934707904,0.7745704467353952,1.0,0.8,0.0661070000496693
bbbp,classification,3,3,stratified_scaffold_group,stratified_scaffold_group,24,lgbm_120_l15,boosting,0.813615874694669,0.813615874694669,0.9417808515509536,0.1060888978599713,0.0,0.9012868751229908,0.8064516129032258,0.6557377049180327,0.7310946589106293,1.0,0.8,0.0774046000442467
bbbp,classification,3,1,stratified_scaffold_group,stratified_scaffold_group,25,xgb_60_d3,boosting,0.8416946969154798,0.8416946969154798,0.9401437074309024,0.1062945599907052,0.0,0.8472809195518494,0.8202247191011236,0.6560509554140127,0.7381378372575682,1.0,0.8,0.0644170999876223
bbbp,classification,3,2,stratified_scaffold_group,stratified_scaffold_group,25,xgb_60_d3,boosting,0.8379857256145915,0.8379857256145915,0.896832312250583,0.1553319235882126,0.0,0.850829005241394,0.8,0.7766323024054983,0.7883161512027492,1.0,0.8,0.0650222000549547
bbbp,classification,3,3,stratified_scaffold_group,stratified_scaffold_group,25,xgb_60_d3,boosting,0.7713605801918864,0.7713605801918864,0.931529815570503,0.1144111890470725,0.0,0.8575267791748047,0.8064516129032258,0.5245901639344263,0.665520888418826,1.0,0.8,0.0571559999953024
bbbp,classification,3,1,stratified_scaffold_group,stratified_scaffold_group,26,xgb_80_d5,boosting,0.8806090317040005,0.8806090317040005,0.959705069477091,0.0975981154221477,0.0,0.8493348956108093,0.8089887640449438,0.732484076433121,0.7707364202390323,1.0,0.8,0.0908934999606572
bbbp,classification,3,2,stratified_scaffold_group,stratified_scaffold_group,26,xgb_80_d5,boosting,0.8585514142215174,0.8585514142215174,0.9073533854616848,0.1483315353541634,0.0,0.8585542440414429,0.8,0.8281786941580757,0.8140893470790378,1.0,0.8,0.089621499995701
bbbp,classification,3,3,stratified_scaffold_group,stratified_scaffold_group,26,xgb_80_d5,boosting,0.7980030721966207,0.7980030721966207,0.9431578862327036,0.1107285891880169,0.0,0.8773735761642456,0.8064516129032258,0.5971896955503513,0.7018206542267885,1.0,0.8,0.0937610999681055
bbbp,classification,3,1,stratified_scaffold_group,stratified_scaffold_group,27,xgb_100_d3,boosting,0.8513740785801187,0.8513740785801187,0.9430337972584534,0.1057761649605213,0.0,0.8317018151283264,0.8089887640449438,0.7197452229299363,0.76436699348744,1.0,0.8,0.0793185999500565
bbbp,classification,3,2,stratified_scaffold_group,stratified_scaffold_group,27,xgb_100_d3,boosting,0.8486782976473698,0.8486782976473698,0.9038027170131472,0.1520128116613148,0.0,0.8512141108512878,0.8,0.7800687285223368,0.7900343642611685,1.0,0.8,0.0789084999705664
bbbp,classification,3,3,stratified_scaffold_group,stratified_scaffold_group,27,xgb_100_d3,boosting,0.7661479187126993,0.7661479187126993,0.931254257726363,0.1151820943374807,0.0,0.8608856201171875,0.8064516129032258,0.4918032786885246,0.6491274457958751,1.0,0.8,0.0778290000162087
bbbp,classification,3,1,stratified_scaffold_group,stratified_scaffold_group,28,xgb_60_d6,boosting,0.8996099620697058,0.8996099620697058,0.966103894938368,0.0949535122018592,0.0,0.8226359486579895,0.8089887640449438,0.8312101910828026,0.8200994775638732,1.0,0.8,0.0781464999890886
bbbp,classification,3,2,stratified_scaffold_group,stratified_scaffold_group,28,xgb_60_d6,boosting,0.8606132698916205,0.8606132698916205,0.9122783999905244,0.1436262758986719,0.0,0.880325198173523,0.8,0.7800687285223368,0.7900343642611685,1.0,0.8,0.0725232000113464
bbbp,classification,3,3,stratified_scaffold_group,stratified_scaffold_group,28,xgb_60_d6,boosting,0.8137040114829643,0.8137040114829643,0.94511850549059,0.1055748534595991,0.0,0.8783205151557922,0.8064516129032258,0.594847775175644,0.7006496940394349,1.0,0.8,0.0708670000312849
bbbp,classification,3,1,stratified_scaffold_group,stratified_scaffold_group,29,cat_60_d4,boosting,0.8354505117011379,0.8354505117011379,0.9407689572711516,0.1094413055572258,0.0,0.8553638567524934,0.8089887640449438,0.5509554140127388,0.6799720890288413,1.0,0.8,0.2791211999719962
bbbp,classification,3,2,stratified_scaffold_group,stratified_scaffold_group,29,cat_60_d4,boosting,0.8264076130055512,0.8264076130055512,0.8945136538322073,0.1586405196902091,0.0,0.8622746595464302,0.8,0.6666666666666666,0.7333333333333334,1.0,0.8,0.2549167000106536
bbbp,classification,3,3,stratified_scaffold_group,stratified_scaffold_group,29,cat_60_d4,boosting,0.7612248495379115,0.7612248495379115,0.929580116769193,0.1152027447053267,0.0,0.8537164245085288,0.8064516129032258,0.5105386416861827,0.6584951272947042,1.0,0.8,0.259032100031618
bbbp,classification,3,1,stratified_scaffold_group,stratified_scaffold_group,30,cat_80_d6,boosting,0.8843304945251557,0.8843304945251557,0.95843306362184,0.0994861700837368,0.0,0.8205403498847047,0.8314606741573034,0.7579617834394905,0.794711228798397,1.0,0.8,0.9763071999768728
bbbp,classification,3,2,stratified_scaffold_group,stratified_scaffold_group,30,cat_80_d6,boosting,0.8552471583399418,0.8552471583399418,0.9175175872360916,0.1526124327664131,0.0,0.8667132951168358,0.8076923076923077,0.7147766323024055,0.7612344699973566,1.0,0.8,0.8939590000081807
bbbp,classification,3,3,stratified_scaffold_group,stratified_scaffold_group,30,cat_80_d6,boosting,0.774533504570522,0.774533504570522,0.9308540208816956,0.110662217604341,0.0,0.8753775680334047,0.8064516129032258,0.5152224824355972,0.6608370476694114,1.0,0.8,0.881416000018362
bbbp,classification,3,1,stratified_scaffold_group,stratified_scaffold_group,31,cat_100_d4,boosting,0.8391004079295784,0.8391004079295784,0.940400058291633,0.1091047735529698,0.0,0.8394787200210081,0.8089887640449438,0.6560509554140127,0.7325198597294782,1.0,0.8,0.4170323999715037
bbbp,classification,3,2,stratified_scaffold_group,stratified_scaffold_group,31,cat_100_d4,boosting,0.8463124504361618,0.8463124504361618,0.9154978126123028,0.1562349100220633,0.0,0.8401435422092831,0.8,0.7560137457044673,0.7780068728522337,1.0,0.8,0.428529700031504
bbbp,classification,3,3,stratified_scaffold_group,stratified_scaffold_group,31,cat_100_d4,boosting,0.7493893379668103,0.7493893379668103,0.9249119201843612,0.1175363442177151,0.0,0.8528915181136228,0.8064516129032258,0.5081967213114754,0.6573241671073506,1.0,0.8,0.4074633000418544
bbbp,classification,3,1,stratified_scaffold_group,stratified_scaffold_group,32,cat_60_d8,boosting,0.876529735919273,0.876529735919273,0.9579607102882788,0.1014378326444721,0.0,0.8422206754690098,0.8089887640449438,0.7579617834394905,0.7834752737422171,1.0,0.8,2.4486798999714665
bbbp,classification,3,2,stratified_scaffold_group,stratified_scaffold_group,32,cat_60_d8,boosting,0.8554850647634152,0.8554850647634152,0.9124000877782772,0.1511943212376223,0.0,0.8636614852045411,0.8076923076923077,0.7800687285223368,0.7938805181073223,1.0,0.8,2.2661470000166446
bbbp,classification,3,3,stratified_scaffold_group,stratified_scaffold_group,32,cat_60_d8,boosting,0.7727959507441262,0.7727959507441262,0.9314318014611752,0.1089513478281114,0.0,0.8865536202508704,0.8172043010752688,0.4824355971896955,0.6498199491324821,1.0,0.8,2.2198712999816053
bace,classification,1,1,stratified_scaffold_group,stratified_scaffold_group,1,logreg_l2_c0.1,linear,0.8199502023031436,0.8199502023031436,0.7421104181743731,0.1718779833596197,1.0,0.4299430717059904,0.8088235294117647,0.7380952380952381,0.7734593837535014,1.0,0.8,0.0053569999872706
bace,classification,1,2,stratified_scaffold_group,stratified_scaffold_group,1,logreg_l2_c0.1,linear,0.8512687969924813,0.8512687969924813,0.804071123417561,0.1571732537765258,1.0,0.5079618211206981,0.8045112781954887,0.78125,0.7928806390977443,1.0,0.8,0.0055805000010877
bace,classification,1,3,stratified_scaffold_group,stratified_scaffold_group,1,logreg_l2_c0.1,linear,0.8407988055244494,0.8407988055244494,0.8372740786301818,0.1627130777932068,1.0,0.3466562304133128,0.8011695906432749,0.6861702127659575,0.7436699017046162,1.0,0.8,0.0050135999917984
bace,classification,1,1,stratified_scaffold_group,stratified_scaffold_group,2,logreg_l2_c1,linear,0.8212535014005601,0.8212535014005601,0.7534028307211529,0.1803143716403528,1.0,0.36532710347433,0.8088235294117647,0.7301587301587302,0.7694911297852475,1.0,0.8,0.007505299989134
bace,classification,1,2,stratified_scaffold_group,stratified_scaffold_group,2,logreg_l2_c1,linear,0.8165335213032582,0.8165335213032582,0.7718297197806514,0.1903982269749883,1.0,0.3541729740552162,0.8045112781954887,0.6979166666666667,0.7512139724310778,1.0,0.8,0.0079792000469751
bace,classification,1,3,stratified_scaffold_group,stratified_scaffold_group,2,logreg_l2_c1,linear,0.8083240014930945,0.8083240014930945,0.7872573110699109,0.1897078032319831,1.0,0.2145266254142684,0.8070175438596491,0.601063829787234,0.7040406868234416,1.0,0.8,0.0076147000072523
bace,classification,1,1,stratified_scaffold_group,stratified_scaffold_group,3,logreg_l2_c10,linear,0.8088040771864301,0.8088040771864301,0.7457609571719688,0.2121275400221518,1.0,0.1580394498743214,0.8284313725490197,0.6626984126984127,0.7455648926237162,1.0,0.8,0.0105432999553158
bace,classification,1,2,stratified_scaffold_group,stratified_scaffold_group,3,logreg_l2_c10,linear,0.7693452380952382,0.7693452380952382,0.7278809259884632,0.2442034300783858,1.0,0.0266903492031305,0.8120300751879699,0.53125,0.6716400375939849,1.0,0.8,0.0173627999611198
bace,classification,1,3,stratified_scaffold_group,stratified_scaffold_group,3,logreg_l2_c10,linear,0.7662996142839367,0.7662996142839367,0.7355324546469016,0.249874242685248,1.0,0.0756146975020895,0.8011695906432749,0.5691489361702128,0.6851592634067438,1.0,0.8,0.0163006999646313
bace,classification,1,1,stratified_scaffold_group,stratified_scaffold_group,4,logreg_l1_c1,linear,0.8119164332399627,0.8119164332399627,0.7555071567305293,0.1854368190679289,1.0,0.3604007254003628,0.8137254901960784,0.7103174603174602,0.7620214752567693,1.0,0.8,0.0209919000044465
bace,classification,1,2,stratified_scaffold_group,stratified_scaffold_group,4,logreg_l1_c1,linear,0.8194313909774437,0.8194313909774437,0.7645090541576224,0.188273562585214,1.0,0.4138537717255585,0.8120300751879699,0.6770833333333333,0.7445567042606516,1.0,0.8,0.0504408000269904
bace,classification,1,3,stratified_scaffold_group,stratified_scaffold_group,4,logreg_l1_c1,linear,0.7841078760731617,0.7841078760731617,0.7747699344461088,0.199944405422558,1.0,0.1765679761980436,0.8011695906432749,0.5425531914893618,0.6718613910663183,1.0,0.8,0.0413198000169359
bace,classification,1,1,stratified_scaffold_group,stratified_scaffold_group,5,rf_60_sqrt,bagging,0.8228972144413321,0.8228972144413321,0.7590523988553499,0.1724333627065855,1.0,0.3666666666666666,0.8186274509803921,0.7222222222222222,0.7704248366013071,1.0,0.8,0.1067278999835252
bace,classification,1,2,stratified_scaffold_group,stratified_scaffold_group,5,rf_60_sqrt,bagging,0.8859061716791979,0.8859061716791979,0.8405907171229334,0.1370193042566194,1.0,0.5,0.8120300751879699,0.796875,0.8044525375939849,1.0,0.8,0.1059506000019609
bace,classification,1,3,stratified_scaffold_group,stratified_scaffold_group,5,rf_60_sqrt,bagging,0.8756687818837874,0.8756687818837874,0.8774351550407209,0.146525115159554,1.0,0.4333333333333333,0.8070175438596491,0.8351063829787234,0.8210619634191862,1.0,0.8,0.1110196000081487
bace,classification,1,1,stratified_scaffold_group,stratified_scaffold_group,6,rf_90_d12,bagging,0.826797385620915,0.826797385620915,0.7677659731254486,0.1690212002135996,1.0,0.3874944716235425,0.803921568627451,0.7142857142857143,0.7591036414565826,1.0,0.8,0.1559627999668009
bace,classification,1,2,stratified_scaffold_group,stratified_scaffold_group,6,rf_90_d12,bagging,0.8854558270676692,0.8854558270676692,0.8443915871033949,0.1418124529750764,1.0,0.4836961345894958,0.8045112781954887,0.8125,0.8085056390977443,1.0,0.8,0.1560507999965921
bace,classification,1,3,stratified_scaffold_group,stratified_scaffold_group,6,rf_90_d12,bagging,0.8831031479407739,0.8831031479407739,0.8851380065118936,0.1474779126399963,1.0,0.4504857865727371,0.8070175438596491,0.8617021276595744,0.8343598357596118,1.0,0.8,0.1447990000015124
bace,classification,1,1,stratified_scaffold_group,stratified_scaffold_group,7,rf_90_leaf2,bagging,0.8357259570494864,0.8357259570494864,0.7785088544229959,0.1657222476231778,1.0,0.3712892085752116,0.8137254901960784,0.7380952380952381,0.7759103641456583,1.0,0.8,0.1561356000020168
bace,classification,1,2,stratified_scaffold_group,stratified_scaffold_group,7,rf_90_leaf2,bagging,0.8860823934837093,0.8860823934837093,0.8441207950547652,0.1402872796502243,1.0,0.5228987221249751,0.8045112781954887,0.8229166666666666,0.8137139724310777,1.0,0.8,0.1614013999933377
bace,classification,1,3,stratified_scaffold_group,stratified_scaffold_group,7,rf_90_leaf2,bagging,0.884254074903571,0.884254074903571,0.8879937461537799,0.1437602975221192,1.0,0.4579130318627967,0.8011695906432749,0.8617021276595744,0.8314358591514246,1.0,0.8,0.1601138000260107
bace,classification,1,1,stratified_scaffold_group,stratified_scaffold_group,8,rf_120_d20_leaf2,bagging,0.8290927482103952,0.8290927482103952,0.7664956962661422,0.1688249540855103,1.0,0.3683780169886413,0.8137254901960784,0.7301587301587302,0.7719421101774043,1.0,0.8,0.2098148999502882
bace,classification,1,2,stratified_scaffold_group,stratified_scaffold_group,8,rf_120_d20_leaf2,bagging,0.8898026315789475,0.8898026315789475,0.850519462576432,0.1383332173690202,1.0,0.4954304731528727,0.8195488721804511,0.8125,0.8160244360902256,1.0,0.8,0.2107312000007368
bace,classification,1,3,stratified_scaffold_group,stratified_scaffold_group,8,rf_120_d20_leaf2,bagging,0.8868358840363318,0.8868358840363318,0.8882088723305644,0.143827968333307,1.0,0.4390494171513061,0.8128654970760234,0.851063829787234,0.8319646634316287,1.0,0.8,0.1956435000174679
bace,classification,1,1,stratified_scaffold_group,stratified_scaffold_group,9,et_60_sqrt,bagging,0.8278575319016497,0.8278575319016497,0.7636789886962411,0.1724395801747166,1.0,0.3351851851851852,0.8088235294117647,0.7261904761904762,0.7675070028011204,1.0,0.8,0.073481899977196
bace,classification,1,2,stratified_scaffold_group,stratified_scaffold_group,9,et_60_sqrt,bagging,0.8979675751879698,0.8979675751879698,0.8600522302963616,0.1262883077540723,1.0,0.4783231083844581,0.8045112781954887,0.8385416666666666,0.8215264724310777,1.0,0.8,0.0777866999851539
bace,classification,1,3,stratified_scaffold_group,stratified_scaffold_group,9,et_60_sqrt,bagging,0.8709250964290157,0.8709250964290157,0.8653773679115474,0.1420451762234758,1.0,0.3833333333333333,0.8011695906432749,0.8191489361702128,0.8101592634067438,1.0,0.8,0.0752458000206388
bace,classification,1,1,stratified_scaffold_group,stratified_scaffold_group,10,et_90_d12,bagging,0.8309018051665111,0.8309018051665111,0.7713958630593509,0.1702554187835494,1.0,0.3536395524136049,0.8235294117647058,0.7222222222222222,0.772875816993464,1.0,0.8,0.0924965000012889
bace,classification,1,2,stratified_scaffold_group,stratified_scaffold_group,10,et_90_d12,bagging,0.890390037593985,0.890390037593985,0.8543701848244353,0.137618847475878,1.0,0.4650517605745802,0.8120300751879699,0.8020833333333334,0.8070567042606516,1.0,0.8,0.0994165000156499
bace,classification,1,3,stratified_scaffold_group,stratified_scaffold_group,10,et_90_d12,bagging,0.8862759736219983,0.8862759736219983,0.8770868496065684,0.1430900035897874,1.0,0.4371029488472613,0.8011695906432749,0.8617021276595744,0.8314358591514246,1.0,0.8,0.0873009999631904
bace,classification,1,1,stratified_scaffold_group,stratified_scaffold_group,11,et_90_leaf2,bagging,0.8294817927170869,0.8294817927170869,0.7669154310837489,0.168469677412471,1.0,0.3736709510475322,0.8137254901960784,0.7301587301587302,0.7719421101774043,1.0,0.8,0.1006512000458315
bace,classification,1,2,stratified_scaffold_group,stratified_scaffold_group,11,et_90_leaf2,bagging,0.8917606516290727,0.8917606516290727,0.8559295931915707,0.1345858397705333,1.0,0.525536984570625,0.8045112781954887,0.8229166666666666,0.8137139724310777,1.0,0.8,0.0952719000051729
bace,classification,1,3,stratified_scaffold_group,stratified_scaffold_group,11,et_90_leaf2,bagging,0.8922172452407615,0.8922172452407615,0.8814741901893722,0.1382071150610897,1.0,0.4519321045512268,0.8070175438596491,0.8617021276595744,0.8343598357596118,1.0,0.8,0.0901948999962769
bace,classification,1,1,stratified_scaffold_group,stratified_scaffold_group,12,et_120_d20_leaf2,bagging,0.834870059134765,0.834870059134765,0.7669351985836719,0.1664992587449624,1.0,0.3900036513494686,0.8088235294117647,0.75,0.7794117647058824,1.0,0.8,0.1205058000050485
bace,classification,1,2,stratified_scaffold_group,stratified_scaffold_group,12,et_120_d20_leaf2,bagging,0.8968515037593985,0.8968515037593985,0.8627612404817658,0.1321763130591363,1.0,0.5057288956754761,0.8120300751879699,0.8229166666666666,0.8174733709273183,1.0,0.8,0.1187122000264935
bace,classification,1,3,stratified_scaffold_group,stratified_scaffold_group,12,et_120_d20_leaf2,bagging,0.89324374766704,0.89324374766704,0.8837426447680404,0.1377262778018048,1.0,0.4497423870486229,0.8070175438596491,0.851063829787234,0.8290406868234416,1.0,0.8,0.1266157000209204
bace,classification,1,1,stratified_scaffold_group,stratified_scaffold_group,13,histgb_lr0.05,boosting,0.8224011826953004,0.8224011826953004,0.7508100306255754,0.1732299859693984,1.0,0.3764543980113279,0.8088235294117647,0.7380952380952381,0.7734593837535014,1.0,0.8,1.111987499985844
bace,classification,1,2,stratified_scaffold_group,stratified_scaffold_group,13,histgb_lr0.05,boosting,0.8588659147869675,0.8588659147869675,0.8131448736281517,0.1521347070434274,1.0,0.4756362064407576,0.8195488721804511,0.7604166666666666,0.7899827694235588,1.0,0.8,1.0753468999755569
bace,classification,1,3,stratified_scaffold_group,stratified_scaffold_group,13,histgb_lr0.05,boosting,0.8743001119820829,0.8743001119820829,0.8662221380753555,0.1515161849742289,1.0,0.3388555930568376,0.8011695906432749,0.8351063829787234,0.8181379868109991,1.0,0.8,1.0824624000233598
bace,classification,1,1,stratified_scaffold_group,stratified_scaffold_group,14,histgb_lr0.1,boosting,0.8220121381886087,0.8220121381886087,0.7431740830952135,0.1789691698420372,1.0,0.3565394421030896,0.8088235294117647,0.746031746031746,0.7774276377217554,1.0,0.8,0.8393267000210471
bace,classification,1,2,stratified_scaffold_group,stratified_scaffold_group,14,histgb_lr0.1,boosting,0.8498198621553884,0.8498198621553884,0.8005636685381801,0.1597481466136537,1.0,0.3874620084608179,0.8045112781954887,0.7291666666666667,0.7668389724310778,1.0,0.8,0.8704950000392273
bace,classification,1,3,stratified_scaffold_group,stratified_scaffold_group,14,histgb_lr0.1,boosting,0.8672701256687818,0.8672701256687818,0.8544266844964072,0.1550288505724443,1.0,0.3023037579494468,0.8011695906432749,0.8085106382978724,0.8048401144705737,1.0,0.8,0.8638832000433467
bace,classification,1,1,stratified_scaffold_group,stratified_scaffold_group,15,gb_lr0.05_d2,boosting,0.7774373638344226,0.7774373638344226,0.7225969124033761,0.1939084337158877,1.0,0.3762560430869573,0.803921568627451,0.6428571428571428,0.7233893557422969,1.0,0.8,0.3278279000078328
bace,classification,1,2,stratified_scaffold_group,stratified_scaffold_group,15,gb_lr0.05_d2,boosting,0.8336270363408521,0.8336270363408521,0.7698728947318424,0.1779938923876303,1.0,0.41657623938067,0.8345864661654135,0.6979166666666667,0.7662515664160401,1.0,0.8,0.3569791999761946
bace,classification,1,3,stratified_scaffold_group,stratified_scaffold_group,15,gb_lr0.05_d2,boosting,0.8624331218116212,0.8624331218116212,0.8600670024606127,0.177958649675449,1.0,0.3990560567827785,0.8070175438596491,0.7819148936170213,0.7944662187383351,1.0,0.8,0.3797173000057228
bace,classification,1,1,stratified_scaffold_group,stratified_scaffold_group,16,gb_lr0.1_d3,boosting,0.804660753190165,0.804660753190165,0.7376678540320846,0.1769911480359718,1.0,0.4015444705926326,0.803921568627451,0.7341269841269842,0.7690242763772176,1.0,0.8,0.4712318000383675
bace,classification,1,2,stratified_scaffold_group,stratified_scaffold_group,16,gb_lr0.1_d3,boosting,0.8593945802005012,0.8593945802005012,0.8214183167965945,0.1539875411719966,1.0,0.4079019587978946,0.8120300751879699,0.7135416666666667,0.7627858709273183,1.0,0.8,0.5808070999919437
bace,classification,1,3,stratified_scaffold_group,stratified_scaffold_group,16,gb_lr0.1_d3,boosting,0.867612293144208,0.867612293144208,0.8619817006144413,0.1602384609179649,1.0,0.3066828703194693,0.8187134502923976,0.8085106382978724,0.813612044295135,1.0,0.8,0.5448873999994248
bace,classification,1,1,stratified_scaffold_group,stratified_scaffold_group,17,lgbm_60_l15,boosting,0.8276727357609711,0.8276727357609711,0.7608785621248022,0.1678910320086477,1.0,0.4077146970590939,0.8088235294117647,0.7380952380952381,0.7734593837535014,1.0,0.8,0.0458625000319443
bace,classification,1,2,stratified_scaffold_group,stratified_scaffold_group,17,lgbm_60_l15,boosting,0.8702224310776941,0.8702224310776941,0.8210302635119667,0.1445274321605969,1.0,0.4615204669784343,0.8120300751879699,0.7604166666666666,0.7862233709273183,1.0,0.8,0.0529614000115543
bace,classification,1,3,stratified_scaffold_group,stratified_scaffold_group,17,lgbm_60_l15,boosting,0.8824654721911162,0.8824654721911162,0.8798785273889878,0.1493816167897322,1.0,0.3600190382951406,0.8011695906432749,0.8563829787234043,0.8287762846833395,1.0,0.8,0.0485461999778635
bace,classification,1,1,stratified_scaffold_group,stratified_scaffold_group,18,lgbm_90_l31,boosting,0.8350159508247743,0.8350159508247743,0.7665022236283764,0.168470039824921,1.0,0.3551958749481272,0.8137254901960784,0.75,0.7818627450980392,1.0,0.8,0.0702848000219091
bace,classification,1,2,stratified_scaffold_group,stratified_scaffold_group,18,lgbm_90_l31,boosting,0.8746475563909774,0.8746475563909774,0.8363113686282264,0.1425745974303987,1.0,0.4235865409044773,0.8120300751879699,0.75,0.7810150375939849,1.0,0.8,0.0771705000079236
bace,classification,1,3,stratified_scaffold_group,stratified_scaffold_group,18,lgbm_90_l31,boosting,0.8869292024387209,0.8869292024387209,0.8802652892378269,0.1433930308543154,1.0,0.3514430265200207,0.8070175438596491,0.8776595744680851,0.842338559163867,1.0,0.8,0.0880952999577857
bace,classification,1,1,stratified_scaffold_group,stratified_scaffold_group,19,lgbm_60_l63,boosting,0.8229361188920012,0.8229361188920012,0.7473876118723987,0.1766916529852206,1.0,0.3265904573716472,0.803921568627451,0.746031746031746,0.7749766573295985,1.0,0.8,0.0561446000356227
bace,classification,1,2,stratified_scaffold_group,stratified_scaffold_group,19,lgbm_60_l63,boosting,0.8678336466165413,0.8678336466165413,0.8267164556499947,0.147089083186739,1.0,0.4277262663995252,0.8045112781954887,0.7708333333333334,0.787672305764411,1.0,0.8,0.096791399992071
bace,classification,1,3,stratified_scaffold_group,stratified_scaffold_group,19,lgbm_60_l63,boosting,0.884160756501182,0.884160756501182,0.8815841558508487,0.1442254835734204,1.0,0.2882407162869654,0.8070175438596491,0.8297872340425532,0.8184023889511012,1.0,0.8,0.068621999991592
bace,classification,1,1,stratified_scaffold_group,stratified_scaffold_group,20,lgbm_100_leaf10,boosting,0.833255524431995,0.833255524431995,0.7584669985220608,0.1697020452505451,1.0,0.3362616321121574,0.8137254901960784,0.753968253968254,0.7838468720821662,1.0,0.8,0.1004752999870106
bace,classification,1,2,stratified_scaffold_group,stratified_scaffold_group,20,lgbm_100_leaf10,boosting,0.8693217418546366,0.8693217418546366,0.8275205017553442,0.1460513171493331,1.0,0.485684371421835,0.8120300751879699,0.7760416666666666,0.7940358709273183,1.0,0.8,0.113524199987296
bace,classification,1,3,stratified_scaffold_group,stratified_scaffold_group,20,lgbm_100_leaf10,boosting,0.888608933681722,0.888608933681722,0.8825196116694294,0.1353863807665168,1.0,0.3555686093670064,0.8128654970760234,0.8563829787234043,0.8346242378997139,1.0,0.8,0.0937461000285111
bace,classification,1,1,stratified_scaffold_group,stratified_scaffold_group,21,lgbm_100_leaf30,boosting,0.8366888422035482,0.8366888422035482,0.768415391291329,0.1627269574896324,1.0,0.4283202389614969,0.803921568627451,0.7936507936507937,0.7987861811391224,1.0,0.8,0.0459861999843269
bace,classification,1,2,stratified_scaffold_group,stratified_scaffold_group,21,lgbm_100_leaf30,boosting,0.8832432644110275,0.8832432644110275,0.8519117367226627,0.134590765012321,1.0,0.4805332485246289,0.8045112781954887,0.8333333333333334,0.818922305764411,1.0,0.8,0.0594683999661356
bace,classification,1,3,stratified_scaffold_group,stratified_scaffold_group,21,lgbm_100_leaf30,boosting,0.8776906806022147,0.8776906806022147,0.8722759909856456,0.1499319840582066,1.0,0.3122294378261683,0.8011695906432749,0.8351063829787234,0.8181379868109991,1.0,0.8,0.060666500008665
bace,classification,1,1,stratified_scaffold_group,stratified_scaffold_group,22,lgbm_80_ff0.7,boosting,0.8310768751945223,0.8310768751945223,0.7643149337175709,0.1715155032731619,1.0,0.3179790702135768,0.8333333333333334,0.7420634920634921,0.7876984126984128,1.0,0.8,0.0669553999905474
bace,classification,1,2,stratified_scaffold_group,stratified_scaffold_group,22,lgbm_80_ff0.7,boosting,0.8752741228070176,0.8752741228070176,0.8354589462050446,0.1417862517467515,1.0,0.4592519632805906,0.8045112781954887,0.78125,0.7928806390977443,1.0,0.8,0.0726266999845393
bace,classification,1,3,stratified_scaffold_group,stratified_scaffold_group,22,lgbm_80_ff0.7,boosting,0.8881423416697772,0.8881423416697772,0.88028337160335,0.1407155369787734,1.0,0.363979098881191,0.8070175438596491,0.8776595744680851,0.842338559163867,1.0,0.8,0.0687143999966792
bace,classification,1,1,stratified_scaffold_group,stratified_scaffold_group,23,lgbm_80_bag0.8,boosting,0.8428260192966076,0.8428260192966076,0.7655225316050778,0.1618534480057432,1.0,0.459598348360535,0.8137254901960784,0.7857142857142857,0.7997198879551821,1.0,0.8,0.0531746000051498
bace,classification,1,2,stratified_scaffold_group,stratified_scaffold_group,23,lgbm_80_bag0.8,boosting,0.8795817669172933,0.8795817669172933,0.8419895019421907,0.1411571307470792,1.0,0.4718807959953532,0.8045112781954887,0.7552083333333334,0.779859805764411,1.0,0.8,0.0800223000114783
bace,classification,1,3,stratified_scaffold_group,stratified_scaffold_group,23,lgbm_80_bag0.8,boosting,0.8836941644892373,0.8836941644892373,0.875257479035838,0.1447163257319972,1.0,0.3365753171216072,0.8011695906432749,0.8617021276595744,0.8314358591514246,1.0,0.8,0.0706985999713651
bace,classification,1,1,stratified_scaffold_group,stratified_scaffold_group,24,lgbm_120_l15,boosting,0.8313589324618736,0.8313589324618736,0.7581223948497889,0.1666263564748788,1.0,0.3809905692396885,0.803921568627451,0.746031746031746,0.7749766573295985,1.0,0.8,0.0720626999973319
bace,classification,1,2,stratified_scaffold_group,stratified_scaffold_group,24,lgbm_120_l15,boosting,0.8663063909774437,0.8663063909774437,0.8231938410615007,0.147698465640664,1.0,0.4358898307554861,0.8045112781954887,0.7239583333333333,0.764234805764411,1.0,0.8,0.0696963000227697
bace,classification,1,3,stratified_scaffold_group,stratified_scaffold_group,24,lgbm_120_l15,boosting,0.8809412716187632,0.8809412716187632,0.8696219921093404,0.149178395497268,1.0,0.3216904534158356,0.8011695906432749,0.8457446808510638,0.8234571357471694,1.0,0.8,0.0778978000162169
bace,classification,1,1,stratified_scaffold_group,stratified_scaffold_group,25,xgb_60_d3,boosting,0.8014316837846249,0.8014316837846249,0.7426290015210097,0.1794904024878405,1.0,0.3916354179382324,0.8088235294117647,0.7142857142857143,0.7615546218487395,1.0,0.8,0.0600203000358305
bace,classification,1,2,stratified_scaffold_group,stratified_scaffold_group,25,xgb_60_d3,boosting,0.8593358395989975,0.8593358395989975,0.8134533393250775,0.1563086418448301,1.0,0.4544897377490997,0.8045112781954887,0.7552083333333334,0.779859805764411,1.0,0.8,0.0596565000014379
bace,classification,1,3,stratified_scaffold_group,stratified_scaffold_group,25,xgb_60_d3,boosting,0.8745800671892497,0.8745800671892497,0.8771431335647977,0.1561135120604222,1.0,0.364501953125,0.8187134502923976,0.8031914893617021,0.8109524698270498,1.0,0.8,0.0559925999841652
bace,classification,1,1,stratified_scaffold_group,stratified_scaffold_group,26,xgb_80_d5,boosting,0.8147759103641457,0.8147759103641457,0.7409261087549848,0.1749718263821763,1.0,0.3734292089939117,0.803921568627451,0.7380952380952381,0.7710084033613446,1.0,0.8,0.0880238999961875
bace,classification,1,2,stratified_scaffold_group,stratified_scaffold_group,26,xgb_80_d5,boosting,0.8715147243107769,0.8715147243107769,0.8287785089226517,0.1457457068202929,1.0,0.3912230134010315,0.8195488721804511,0.703125,0.7613369360902256,1.0,0.8,0.0808530999929644
bace,classification,1,3,stratified_scaffold_group,stratified_scaffold_group,26,xgb_80_d5,boosting,0.8930726639293267,0.8930726639293267,0.8868697864986769,0.1447750367847141,1.0,0.3529090881347656,0.8070175438596491,0.851063829787234,0.8290406868234416,1.0,0.8,0.0804268000065349
bace,classification,1,1,stratified_scaffold_group,stratified_scaffold_group,27,xgb_100_d3,boosting,0.8132197323373795,0.8132197323373795,0.7298111363706175,0.1774822648781327,1.0,0.3657563626766205,0.8088235294117647,0.7182539682539683,0.7635387488328664,1.0,0.8,0.0728948999894782
bace,classification,1,2,stratified_scaffold_group,stratified_scaffold_group,27,xgb_100_d3,boosting,0.8536184210526316,0.8536184210526316,0.8035015642644292,0.1587804431683566,1.0,0.4490662217140198,0.8045112781954887,0.7291666666666667,0.7668389724310778,1.0,0.8,0.0806287000305019
bace,classification,1,3,stratified_scaffold_group,stratified_scaffold_group,27,xgb_100_d3,boosting,0.8788105014308821,0.8788105014308821,0.8790070128442721,0.1553486720335575,1.0,0.3575991094112396,0.8070175438596491,0.8085106382978724,0.8077640910787607,1.0,0.8,0.0809257000219076
bace,classification,1,1,stratified_scaffold_group,stratified_scaffold_group,28,xgb_60_d6,boosting,0.8207185652038593,0.8207185652038593,0.738612570141782,0.1738389824886669,1.0,0.3580712974071502,0.803921568627451,0.7182539682539683,0.7610877684407096,1.0,0.8,0.0714432999957352
bace,classification,1,2,stratified_scaffold_group,stratified_scaffold_group,28,xgb_60_d6,boosting,0.8768013784461153,0.8768013784461153,0.8362531412831637,0.1400265104908311,1.0,0.4106445014476776,0.8045112781954887,0.7604166666666666,0.7824639724310777,1.0,0.8,0.0772682999959215
bace,classification,1,3,stratified_scaffold_group,stratified_scaffold_group,28,xgb_60_d6,boosting,0.8919061838994649,0.8919061838994649,0.8874341512065879,0.1406891281370312,1.0,0.3121137917041778,0.8128654970760234,0.8404255319148937,0.8266455144954585,1.0,0.8,0.0833176000160165
bace,classification,1,1,stratified_scaffold_group,stratified_scaffold_group,29,cat_60_d4,boosting,0.8186079987550577,0.8186079987550577,0.7612674025185814,0.175562370258304,1.0,0.3604509582778689,0.803921568627451,0.6904761904761905,0.7471988795518207,1.0,0.8,0.2361844999832101
bace,classification,1,2,stratified_scaffold_group,stratified_scaffold_group,29,cat_60_d4,boosting,0.8475877192982455,0.8475877192982455,0.795480716565812,0.1616112773191787,1.0,0.4451829485642652,0.8045112781954887,0.7395833333333333,0.772047305764411,1.0,0.8,0.2347876999992877
bace,classification,1,3,stratified_scaffold_group,stratified_scaffold_group,29,cat_60_d4,boosting,0.8686232425034216,0.8686232425034216,0.8670544305399631,0.1643225043479398,1.0,0.3720897469441405,0.8011695906432749,0.7978723404255319,0.7995209655344033,1.0,0.8,0.2369565999833867
bace,classification,1,1,stratified_scaffold_group,stratified_scaffold_group,30,cat_80_d6,boosting,0.7953625894802365,0.7953625894802365,0.7349315057624137,0.1849762286961575,1.0,0.3306398920140534,0.803921568627451,0.6706349206349207,0.7372782446311859,1.0,0.8,0.7355354000465013
bace,classification,1,2,stratified_scaffold_group,stratified_scaffold_group,30,cat_80_d6,boosting,0.8608630952380951,0.8608630952380951,0.8085036594085324,0.1536543940353072,1.0,0.4543978603672525,0.8045112781954887,0.765625,0.7850681390977443,1.0,0.8,0.7576984000043012
bace,classification,1,3,stratified_scaffold_group,stratified_scaffold_group,30,cat_80_d6,boosting,0.8807079756127908,0.8807079756127908,0.8773755651137853,0.1519903752254636,1.0,0.3780233151708528,0.8070175438596491,0.8404255319148937,0.8237215378872713,1.0,0.8,0.8116694999625906
bace,classification,1,1,stratified_scaffold_group,stratified_scaffold_group,31,cat_100_d4,boosting,0.8084733893557424,0.8084733893557424,0.7380582468119843,0.1791885254871965,1.0,0.3585825272326682,0.803921568627451,0.7103174603174602,0.7571195144724556,1.0,0.8,0.3512522000237368
bace,classification,1,2,stratified_scaffold_group,stratified_scaffold_group,31,cat_100_d4,boosting,0.8673049812030075,0.8673049812030075,0.8306195189156163,0.1543872541131888,1.0,0.4493662785245282,0.8120300751879699,0.75,0.7810150375939849,1.0,0.8,0.4107748999958858
bace,classification,1,3,stratified_scaffold_group,stratified_scaffold_group,31,cat_100_d4,boosting,0.8781883787482891,0.8781883787482891,0.8746889786545495,0.1616126924110798,1.0,0.3881620458896929,0.8070175438596491,0.7925531914893618,0.7997853676745055,1.0,0.8,0.3742771000252105
bace,classification,1,1,stratified_scaffold_group,stratified_scaffold_group,32,cat_60_d8,boosting,0.8140950824774353,0.8140950824774353,0.7535194688027664,0.1789232441060134,1.0,0.3251881415662003,0.803921568627451,0.7063492063492063,0.7551353874883286,1.0,0.8,1.7970287000061944
bace,classification,1,2,stratified_scaffold_group,stratified_scaffold_group,32,cat_60_d8,boosting,0.8850250626566416,0.8850250626566416,0.841284052262749,0.1387170578201416,1.0,0.5022499005717704,0.8270676691729323,0.8177083333333334,0.8223880012531328,1.0,0.8,1.832540300034452
bace,classification,1,3,stratified_scaffold_group,stratified_scaffold_group,32,cat_60_d8,boosting,0.8794015179793455,0.8794015179793455,0.8761343778131542,0.1504743173845389,1.0,0.3605027403920546,0.8128654970760234,0.824468085106383,0.8186667910912032,1.0,0.8,1.8368103000102565
bace,classification,2,1,stratified_scaffold_group,stratified_scaffold_group,1,logreg_l2_c0.1,linear,0.848741264629115,0.848741264629115,0.7642580215025725,0.143564828736588,0.0,0.4312237993111393,0.822429906542056,0.7657657657657657,0.7940978361539108,1.0,0.8,0.004162700031884
bace,classification,2,2,stratified_scaffold_group,stratified_scaffold_group,1,logreg_l2_c0.1,linear,0.8374957907733752,0.8374957907733752,0.7731705306518764,0.1599309212236519,1.0,0.4526878584001294,0.8050847457627118,0.7682119205298014,0.7866483331462566,1.0,0.8,0.0055168999824672
bace,classification,2,3,stratified_scaffold_group,stratified_scaffold_group,1,logreg_l2_c0.1,linear,0.8613144871534134,0.8613144871534134,0.8506859758617085,0.1490091046396517,1.0,0.5457664340471852,0.8080808080808081,0.8187919463087249,0.8134363771947665,1.0,0.8,0.0036629000096581
bace,classification,2,1,stratified_scaffold_group,stratified_scaffold_group,2,logreg_l2_c1,linear,0.860444556706239,0.860444556706239,0.7811935645993462,0.1395134005849657,0.0,0.3279562129428683,0.8084112149532711,0.7837837837837838,0.7960974993685275,1.0,0.8,0.005774300021585
bace,classification,2,2,stratified_scaffold_group,stratified_scaffold_group,2,logreg_l2_c1,linear,0.8298069368054776,0.8298069368054776,0.758568471878552,0.1686486805451611,1.0,0.5072238612221273,0.8050847457627118,0.7748344370860927,0.7899595914244022,1.0,0.8,0.0063727999804541
bace,classification,2,3,stratified_scaffold_group,stratified_scaffold_group,2,logreg_l2_c1,linear,0.8496203647210359,0.8496203647210359,0.8490055692826958,0.153193354839196,1.0,0.4900574985449256,0.8131313131313131,0.7718120805369127,0.792471696834113,1.0,0.8,0.0054044999997131
bace,classification,2,1,stratified_scaffold_group,stratified_scaffold_group,3,logreg_l2_c10,linear,0.8386798012966236,0.8386798012966236,0.750164656588021,0.1652489179113845,0.0,0.2534600726468563,0.8084112149532711,0.7207207207207207,0.7645659678369958,1.0,0.8,0.0089024999761022
bace,classification,2,2,stratified_scaffold_group,stratified_scaffold_group,3,logreg_l2_c10,linear,0.8071893590750926,0.8071893590750926,0.7291555467087174,0.2006571543684617,1.0,0.3590696238172254,0.8050847457627118,0.7086092715231789,0.7568470086429453,1.0,0.8,0.0101297999499365
bace,classification,2,3,stratified_scaffold_group,stratified_scaffold_group,3,logreg_l2_c10,linear,0.8296217205613178,0.8296217205613178,0.8537091637394889,0.1965318539784899,1.0,0.4101284767461163,0.803030303030303,0.697986577181208,0.7505084401057556,1.0,0.8,0.0079416999942623
bace,classification,2,1,stratified_scaffold_group,stratified_scaffold_group,4,logreg_l1_c1,linear,0.8388902921613203,0.8388902921613203,0.7496132605168695,0.1543404717908925,0.0,0.4124185367038127,0.8037383177570093,0.7387387387387387,0.771238528247874,1.0,0.8,0.0253933999920263
bace,classification,2,2,stratified_scaffold_group,stratified_scaffold_group,4,logreg_l1_c1,linear,0.8130261533280951,0.8130261533280951,0.7452065873745802,0.1797665362461912,1.0,0.3619541034400412,0.8050847457627118,0.7152317880794702,0.760158266921091,1.0,0.8,0.0433104000403545
bace,classification,2,3,stratified_scaffold_group,stratified_scaffold_group,4,logreg_l1_c1,linear,0.8436885634872212,0.8436885634872212,0.8501854057085787,0.1573022849420333,1.0,0.5436034703984014,0.8080808080808081,0.7583892617449665,0.7832350349128873,1.0,0.8,0.0208727999706752
bace,classification,2,1,stratified_scaffold_group,stratified_scaffold_group,5,rf_60_sqrt,bagging,0.8566978193146417,0.8566978193146417,0.7883031098436567,0.1384051343957613,0.0,0.3833333333333333,0.8084112149532711,0.8288288288288288,0.81862002189105,1.0,0.8,0.1077492000185884
bace,classification,2,2,stratified_scaffold_group,stratified_scaffold_group,5,rf_60_sqrt,bagging,0.8579806936805477,0.8579806936805477,0.7978980246663752,0.1511479348198279,1.0,0.45,0.8220338983050848,0.7880794701986755,0.8050566842518802,1.0,0.8,0.1230650999932549
bace,classification,2,3,stratified_scaffold_group,stratified_scaffold_group,5,rf_60_sqrt,bagging,0.8749915259982374,0.8749915259982374,0.8988061771211966,0.1482287096361875,1.0,0.488486982501067,0.8181818181818182,0.8120805369127517,0.8151311775472849,1.0,0.8,0.1095190999913029
bace,classification,2,1,stratified_scaffold_group,stratified_scaffold_group,6,rf_90_d12,bagging,0.8623810726614466,0.8623810726614466,0.7963467333832053,0.1368794442654618,0.0,0.3532233982559751,0.8037383177570093,0.8288288288288288,0.816283573292919,1.0,0.8,0.152890000026673
bace,classification,2,2,stratified_scaffold_group,stratified_scaffold_group,6,rf_90_d12,bagging,0.8544449433157482,0.8544449433157482,0.7807657586943167,0.1537423310634532,1.0,0.4447640605848875,0.8050847457627118,0.8079470198675497,0.8065158828151308,1.0,0.8,0.159496099979151
bace,classification,2,3,stratified_scaffold_group,stratified_scaffold_group,6,rf_90_d12,bagging,0.8791437868619078,0.8791437868619078,0.894706023793168,0.1520914872883818,1.0,0.5119550288979646,0.8080808080808081,0.8187919463087249,0.8134363771947665,1.0,0.8,0.1753139999927953
bace,classification,2,1,stratified_scaffold_group,stratified_scaffold_group,7,rf_90_leaf2,bagging,0.8657489264965901,0.8657489264965901,0.787704531840761,0.1365788502707739,0.0,0.3487955392652098,0.8084112149532711,0.8288288288288288,0.81862002189105,1.0,0.8,0.1568072999943979
bace,classification,2,2,stratified_scaffold_group,stratified_scaffold_group,7,rf_90_leaf2,bagging,0.8577562015938938,0.8577562015938938,0.8035286972646813,0.1525440329822287,1.0,0.4370392588380227,0.8050847457627118,0.794701986754967,0.7998933662588394,1.0,0.8,0.1574444000143557
bace,classification,2,3,stratified_scaffold_group,stratified_scaffold_group,7,rf_90_leaf2,bagging,0.8818215714188868,0.8818215714188868,0.8983770711166589,0.1503215153282222,1.0,0.5074927587916339,0.8282828282828283,0.825503355704698,0.8268930919937632,1.0,0.8,0.150306699972134
bace,classification,2,1,stratified_scaffold_group,stratified_scaffold_group,8,rf_120_d20_leaf2,bagging,0.8685274059105834,0.8685274059105834,0.7936456923190179,0.1360047912289873,0.0,0.3552397944612467,0.8037383177570093,0.8198198198198198,0.8117790687884145,1.0,0.8,0.2105528999818489
bace,classification,2,2,stratified_scaffold_group,stratified_scaffold_group,8,rf_120_d20_leaf2,bagging,0.8580368167022112,0.8580368167022112,0.8039907921530567,0.1522480566077929,1.0,0.41867558120036,0.8050847457627118,0.7880794701986755,0.7965821079806936,1.0,0.8,0.2267452999949455
bace,classification,2,3,stratified_scaffold_group,stratified_scaffold_group,8,rf_120_d20_leaf2,bagging,0.883584163785506,0.883584163785506,0.8983012477770355,0.1500816967615424,1.0,0.5019633329036038,0.8282828282828283,0.8187919463087249,0.8235373872957765,1.0,0.8,0.2446532999747432
bace,classification,2,1,stratified_scaffold_group,stratified_scaffold_group,9,et_60_sqrt,bagging,0.8627389071314305,0.8627389071314305,0.7858104862405216,0.1333572805183982,0.0,0.3333333333333333,0.8084112149532711,0.8468468468468469,0.8276290309000589,1.0,0.8,0.0688034999766387
bace,classification,2,2,stratified_scaffold_group,stratified_scaffold_group,9,et_60_sqrt,bagging,0.8534908519474689,0.8534908519474689,0.7875411969535479,0.1530753331257517,1.0,0.4090029761904762,0.8050847457627118,0.7748344370860927,0.7899595914244022,1.0,0.8,0.0628180999774485
bace,classification,2,3,stratified_scaffold_group,stratified_scaffold_group,9,et_60_sqrt,bagging,0.8548742458138432,0.8548742458138432,0.876139510426909,0.1528842778232605,1.0,0.5176767676767676,0.8080808080808081,0.785234899328859,0.7966578537048336,1.0,0.8,0.0709873000159859
bace,classification,2,1,stratified_scaffold_group,stratified_scaffold_group,10,et_90_d12,bagging,0.8580239117622296,0.8580239117622296,0.7795887752693835,0.1358992178365305,0.0,0.3170913514175288,0.8037383177570093,0.8468468468468469,0.8252925823019281,1.0,0.8,0.0983002000139094
bace,classification,2,2,stratified_scaffold_group,stratified_scaffold_group,10,et_90_d12,bagging,0.8549781120215513,0.8549781120215513,0.783826872171707,0.1525644819147504,1.0,0.4273138075941947,0.8135593220338984,0.8079470198675497,0.8107531709507241,1.0,0.8,0.094359099981375
bace,classification,2,3,stratified_scaffold_group,stratified_scaffold_group,10,et_90_d12,bagging,0.8638227916751405,0.8638227916751405,0.8867440005367158,0.1503157081216527,1.0,0.5036946527676781,0.8333333333333334,0.8053691275167785,0.8193512304250559,1.0,0.8,0.0957168000168167
bace,classification,2,1,stratified_scaffold_group,stratified_scaffold_group,11,et_90_leaf2,bagging,0.8686957986023406,0.8686957986023406,0.7895206959022525,0.1345141723881499,0.0,0.3384759784587585,0.8130841121495327,0.8468468468468469,0.8299654794981898,1.0,0.8,0.0965856999973766
bace,classification,2,2,stratified_scaffold_group,stratified_scaffold_group,11,et_90_leaf2,bagging,0.8547255584240656,0.8547255584240656,0.7915449230527409,0.1523702850111226,1.0,0.4252587296774467,0.8135593220338984,0.7880794701986755,0.8008193961162869,1.0,0.8,0.0921061999979429
bace,classification,2,3,stratified_scaffold_group,stratified_scaffold_group,11,et_90_leaf2,bagging,0.8634838316046369,0.8634838316046369,0.8862174785886427,0.1510227851230086,1.0,0.5102513270603152,0.8232323232323232,0.7919463087248322,0.8075893159785776,1.0,0.8,0.0917831999831833
bace,classification,2,1,stratified_scaffold_group,stratified_scaffold_group,12,et_120_d20_leaf2,bagging,0.8677696387976762,0.8677696387976762,0.7794362843889334,0.1365128584810884,0.0,0.3161821649532913,0.8037383177570093,0.8378378378378378,0.8207880777974236,1.0,0.8,0.1357273000176064
bace,classification,2,2,stratified_scaffold_group,stratified_scaffold_group,12,et_120_d20_leaf2,bagging,0.855006173532383,0.855006173532383,0.7979794775029643,0.1523397264472825,1.0,0.4356437256004516,0.8135593220338984,0.794701986754967,0.8041306543944327,1.0,0.8,0.1188621000037528
bace,classification,2,3,stratified_scaffold_group,stratified_scaffold_group,12,et_120_d20_leaf2,bagging,0.8690258287573723,0.8690258287573723,0.8926728663683824,0.1492418950060572,1.0,0.5183631396399497,0.803030303030303,0.785234899328859,0.7941326011795811,1.0,0.8,0.1347302999929525
bace,classification,2,1,stratified_scaffold_group,stratified_scaffold_group,13,histgb_lr0.05,boosting,0.8798518144312537,0.8798518144312537,0.7793489617279881,0.1292764436799537,0.0,0.3128811438469868,0.8037383177570093,0.8378378378378378,0.8207880777974236,1.0,0.8,0.988391800026875
bace,classification,2,2,stratified_scaffold_group,stratified_scaffold_group,13,histgb_lr0.05,boosting,0.8330620720619598,0.8330620720619598,0.7773935995843089,0.1619796495208285,1.0,0.3692954473146796,0.8050847457627118,0.7417218543046358,0.7734033000336737,1.0,0.8,1.0414626999991017
bace,classification,2,3,stratified_scaffold_group,stratified_scaffold_group,13,histgb_lr0.05,boosting,0.8681953765846383,0.8681953765846383,0.8950652238521201,0.1525457999423706,1.0,0.4326926907817674,0.8080808080808081,0.7785234899328859,0.793302149006847,1.0,0.8,1.0082719000056386
bace,classification,2,1,stratified_scaffold_group,stratified_scaffold_group,14,histgb_lr0.1,boosting,0.8734528921444811,0.8734528921444811,0.7696723840755325,0.1315660708752421,0.0,0.2981213053819137,0.8037383177570093,0.8378378378378378,0.8207880777974236,1.0,0.8,0.7925373999751173
bace,classification,2,2,stratified_scaffold_group,stratified_scaffold_group,14,histgb_lr0.1,boosting,0.8380008979683466,0.8380008979683466,0.7822158559462715,0.163590694361823,1.0,0.4141231931751755,0.8050847457627118,0.7880794701986755,0.7965821079806936,1.0,0.8,0.8622732000076212
bace,classification,2,3,stratified_scaffold_group,stratified_scaffold_group,14,histgb_lr0.1,boosting,0.8612636431428378,0.8612636431428378,0.880414843998106,0.1589763552183877,1.0,0.4051958042396638,0.8181818181818182,0.7919463087248322,0.8050640634533253,1.0,0.8,0.823860100004822
bace,classification,2,1,stratified_scaffold_group,stratified_scaffold_group,15,gb_lr0.05_d2,boosting,0.8178201566052032,0.8178201566052032,0.7226071838823243,0.1648363868100248,0.0,0.4776419063990799,0.8037383177570093,0.7387387387387387,0.771238528247874,1.0,0.8,0.2950040999567136
bace,classification,2,2,stratified_scaffold_group,stratified_scaffold_group,15,gb_lr0.05_d2,boosting,0.7949264788416208,0.7949264788416208,0.7470382396233141,0.1847868275114516,1.0,0.3567788247988104,0.8305084745762712,0.6026490066225165,0.7165787405993939,1.0,0.8,0.3315712999901734
bace,classification,2,3,stratified_scaffold_group,stratified_scaffold_group,15,gb_lr0.05_d2,boosting,0.8341129414954918,0.8341129414954918,0.8606957838500348,0.1995116104102488,1.0,0.3366848505735794,0.8282828282828283,0.697986577181208,0.7631347027320181,1.0,0.8,0.2874884000048041
bace,classification,2,1,stratified_scaffold_group,stratified_scaffold_group,16,gb_lr0.1_d3,boosting,0.8418582133535405,0.8418582133535405,0.7662607030823175,0.1475925557041284,0.0,0.4834426888662382,0.8364485981308412,0.7117117117117117,0.7740801549212764,1.0,0.8,0.4425489999703131
bace,classification,2,2,stratified_scaffold_group,stratified_scaffold_group,16,gb_lr0.1_d3,boosting,0.8028959479178359,0.8028959479178359,0.7602183152356208,0.1793989909359659,1.0,0.3521994977081662,0.8050847457627118,0.6821192052980132,0.7436019755303624,1.0,0.8,0.4444504000130109
bace,classification,2,3,stratified_scaffold_group,stratified_scaffold_group,16,gb_lr0.1_d3,boosting,0.8522303572639143,0.8522303572639143,0.8495036424877503,0.1658155400080476,1.0,0.4004896936517885,0.8080808080808081,0.7651006711409396,0.7865907396108738,1.0,0.8,0.4490235999692231
bace,classification,2,1,stratified_scaffold_group,stratified_scaffold_group,17,lgbm_60_l15,boosting,0.8744211501220848,0.8744211501220848,0.7910503158895722,0.127639076240395,0.0,0.3371627292469218,0.8037383177570093,0.8378378378378378,0.8207880777974236,1.0,0.8,0.0417961000348441
bace,classification,2,2,stratified_scaffold_group,stratified_scaffold_group,17,lgbm_60_l15,boosting,0.8290773375238523,0.8290773375238523,0.7774301977232793,0.1644717524365045,1.0,0.3202675830077752,0.8220338983050848,0.695364238410596,0.7586990683578404,1.0,0.8,0.0404856000095605
bace,classification,2,3,stratified_scaffold_group,stratified_scaffold_group,17,lgbm_60_l15,boosting,0.8563826181275845,0.8563826181275845,0.8801860835523793,0.1670758193787069,1.0,0.4054651324727036,0.8181818181818182,0.7583892617449665,0.7882855399633923,1.0,0.8,0.0454246000153943
bace,classification,2,1,stratified_scaffold_group,stratified_scaffold_group,18,lgbm_90_l31,boosting,0.8874294855603266,0.8874294855603266,0.8006353357227864,0.1248683922288696,0.0,0.3265603709629501,0.822429906542056,0.8198198198198198,0.8211248631809379,1.0,0.8,0.0648573000216856
bace,classification,2,2,stratified_scaffold_group,stratified_scaffold_group,18,lgbm_90_l31,boosting,0.8372151756650579,0.8372151756650579,0.7871558120113378,0.1621624966488869,1.0,0.3609832220910405,0.8050847457627118,0.7549668874172185,0.7800258165899652,1.0,0.8,0.0646850999910384
bace,classification,2,3,stratified_scaffold_group,stratified_scaffold_group,18,lgbm_90_l31,boosting,0.8784319707138498,0.8784319707138498,0.8981718533718146,0.1518548183035604,1.0,0.4281220852780745,0.8080808080808081,0.8120805369127517,0.81008067249678,1.0,0.8,0.0582831000210717
bace,classification,2,1,stratified_scaffold_group,stratified_scaffold_group,19,lgbm_60_l63,boosting,0.8865454239286016,0.8865454239286016,0.8068817654214314,0.1235469448951277,0.0,0.3118417496429423,0.8130841121495327,0.8288288288288288,0.8209564704891807,1.0,0.8,0.0471254000440239
bace,classification,2,2,stratified_scaffold_group,stratified_scaffold_group,19,lgbm_60_l63,boosting,0.838730497249972,0.838730497249972,0.7947830865968608,0.1614366926970029,1.0,0.3663508119956103,0.8050847457627118,0.7549668874172185,0.7800258165899652,1.0,0.8,0.056160699983593
bace,classification,2,3,stratified_scaffold_group,stratified_scaffold_group,19,lgbm_60_l63,boosting,0.8667717442885228,0.8667717442885228,0.8881424297453838,0.1568997649093403,1.0,0.4064435862088548,0.8232323232323232,0.7718120805369127,0.797522201884618,1.0,0.8,0.0502873999648727
bace,classification,2,1,stratified_scaffold_group,stratified_scaffold_group,20,lgbm_100_leaf10,boosting,0.8849877915298476,0.8849877915298476,0.8197157211777816,0.1240096872180261,0.0,0.2642845866581734,0.8084112149532711,0.8648648648648649,0.836638039909068,1.0,0.8,0.0914193000062368
bace,classification,2,2,stratified_scaffold_group,stratified_scaffold_group,20,lgbm_100_leaf10,boosting,0.8253732180940622,0.8253732180940622,0.7758228052987256,0.1751162070867801,1.0,0.3258032207132581,0.8135593220338984,0.7682119205298014,0.7908856212818498,1.0,0.8,0.0934879999840632
bace,classification,2,3,stratified_scaffold_group,stratified_scaffold_group,20,lgbm_100_leaf10,boosting,0.8732458816351434,0.8732458816351434,0.8929213693124712,0.1456001142564944,1.0,0.5061444376748482,0.803030303030303,0.7919463087248322,0.7974883058775676,1.0,0.8,0.0871249000192619
bace,classification,2,1,stratified_scaffold_group,stratified_scaffold_group,21,lgbm_100_leaf30,boosting,0.8686957986023407,0.8686957986023407,0.7696119832054938,0.1312174158378436,0.0,0.3705170277026282,0.8130841121495327,0.8108108108108109,0.8119474614801718,1.0,0.8,0.0500630000024102
bace,classification,2,2,stratified_scaffold_group,stratified_scaffold_group,21,lgbm_100_leaf30,boosting,0.854444943315748,0.854444943315748,0.8094155668809796,0.1513198154321961,1.0,0.3880704508688699,0.8050847457627118,0.7814569536423841,0.793270849702548,1.0,0.8,0.0503748999908566
bace,classification,2,3,stratified_scaffold_group,stratified_scaffold_group,21,lgbm_100_leaf30,boosting,0.8649244119042777,0.8649244119042777,0.8927868304121132,0.156847273450791,1.0,0.4183842963730106,0.8080808080808081,0.7651006711409396,0.7865907396108738,1.0,0.8,0.0462263000081293
bace,classification,2,1,stratified_scaffold_group,stratified_scaffold_group,22,lgbm_80_ff0.7,boosting,0.890397406752547,0.890397406752547,0.8262388117251179,0.1200490155884957,0.0,0.2918069535252929,0.8084112149532711,0.8558558558558559,0.8321335354045635,1.0,0.8,0.064488599949982
bace,classification,2,2,stratified_scaffold_group,stratified_scaffold_group,22,lgbm_80_ff0.7,boosting,0.8465315972611966,0.8465315972611966,0.8023416195446005,0.1551925282235529,1.0,0.434534941744401,0.8050847457627118,0.814569536423841,0.8098271410932765,1.0,0.8,0.0590971000492572
bace,classification,2,3,stratified_scaffold_group,stratified_scaffold_group,22,lgbm_80_ff0.7,boosting,0.8755508101145685,0.8755508101145685,0.8987016576120852,0.149639020757244,1.0,0.4378762991999768,0.803030303030303,0.7718120805369127,0.7874211917836078,1.0,0.8,0.0511639000033028
bace,classification,2,1,stratified_scaffold_group,stratified_scaffold_group,23,lgbm_80_bag0.8,boosting,0.889913277763745,0.889913277763745,0.8265779568780905,0.1221650681968822,0.0,0.3133493212339401,0.8130841121495327,0.8468468468468469,0.8299654794981898,1.0,0.8,0.0456494000391103
bace,classification,2,2,stratified_scaffold_group,stratified_scaffold_group,23,lgbm_80_bag0.8,boosting,0.852929621730834,0.852929621730834,0.806628159405742,0.152400880327193,1.0,0.3511236027893393,0.8135593220338984,0.8013245033112583,0.8074419126725783,1.0,0.8,0.0595894000143744
bace,classification,2,3,stratified_scaffold_group,stratified_scaffold_group,23,lgbm_80_bag0.8,boosting,0.876245678259101,0.876245678259101,0.8966916869505703,0.1495303839330297,1.0,0.4112242185263967,0.8333333333333334,0.785234899328859,0.8092841163310962,1.0,0.8,0.0543880999903194
bace,classification,2,1,stratified_scaffold_group,stratified_scaffold_group,24,lgbm_120_l15,boosting,0.8786309674160141,0.8786309674160141,0.8010750931955524,0.1244203874953238,0.0,0.304279659792624,0.8177570093457944,0.8288288288288288,0.8232929190873116,1.0,0.8,0.0608210999635048
bace,classification,2,2,stratified_scaffold_group,stratified_scaffold_group,24,lgbm_120_l15,boosting,0.8387866202716355,0.8387866202716355,0.7864371561388277,0.1608499914675478,1.0,0.3339467180753819,0.8050847457627118,0.7350993377483444,0.7700920417555281,1.0,0.8,0.0608595000230707
bace,classification,2,3,stratified_scaffold_group,stratified_scaffold_group,24,lgbm_120_l15,boosting,0.8674835604365805,0.8674835604365805,0.8898839873689093,0.157641443551697,1.0,0.3935782514410392,0.8232323232323232,0.7785234899328859,0.8008779065826046,1.0,0.8,0.0654740000027231
bace,classification,2,1,stratified_scaffold_group,stratified_scaffold_group,25,xgb_60_d3,boosting,0.858297549886335,0.858297549886335,0.7612132509712268,0.1428214831409379,0.0,0.4438482820987701,0.8271028037383178,0.7657657657657657,0.7964342847520418,1.0,0.8,0.0508755999617278
bace,classification,2,2,stratified_scaffold_group,stratified_scaffold_group,25,xgb_60_d3,boosting,0.8213884835559546,0.8213884835559546,0.7798143639831723,0.1680900264453802,1.0,0.3874695599079132,0.8050847457627118,0.7152317880794702,0.760158266921091,1.0,0.8,0.0560888000181876
bace,classification,2,3,stratified_scaffold_group,stratified_scaffold_group,25,xgb_60_d3,boosting,0.8575520303708223,0.8575520303708223,0.8834808145714484,0.171583792637521,1.0,0.4121509790420532,0.803030303030303,0.7651006711409396,0.7840654870856213,1.0,0.8,0.0605429999995976
bace,classification,2,1,stratified_scaffold_group,stratified_scaffold_group,26,xgb_80_d5,boosting,0.8783573292919088,0.8783573292919088,0.8131539704689882,0.1309550742193025,0.0,0.4034458100795746,0.8037383177570093,0.7927927927927928,0.7982655552749011,1.0,0.8,0.0778444000170566
bace,classification,2,2,stratified_scaffold_group,stratified_scaffold_group,26,xgb_80_d5,boosting,0.8447917835896285,0.8447917835896285,0.794820762790541,0.1540467290084256,1.0,0.4382302165031433,0.8050847457627118,0.814569536423841,0.8098271410932765,1.0,0.8,0.0844292999827303
bace,classification,2,3,stratified_scaffold_group,stratified_scaffold_group,26,xgb_80_d5,boosting,0.8647040878584503,0.8647040878584503,0.8903297882881503,0.1628440052537877,1.0,0.400727242231369,0.8181818181818182,0.7583892617449665,0.7882855399633923,1.0,0.8,0.0728494999930262
bace,classification,2,1,stratified_scaffold_group,stratified_scaffold_group,27,xgb_100_d3,boosting,0.8516039403889871,0.8516039403889871,0.7799717707178839,0.1448238243469797,0.0,0.4257043600082397,0.8084112149532711,0.7747747747747747,0.7915929948640229,1.0,0.8,0.0704905000166036
bace,classification,2,2,stratified_scaffold_group,stratified_scaffold_group,27,xgb_100_d3,boosting,0.8251767875182401,0.8251767875182401,0.7803826872544976,0.1670255489330742,1.0,0.3866711556911468,0.8050847457627118,0.7483443708609272,0.7767145583118196,1.0,0.8,0.0806140000349842
bace,classification,2,3,stratified_scaffold_group,stratified_scaffold_group,27,xgb_100_d3,boosting,0.8579079384448511,0.8579079384448511,0.8804318466991753,0.1778134270451516,1.0,0.3746914267539978,0.803030303030303,0.7718120805369127,0.7874211917836078,1.0,0.8,0.0772213999880477
bace,classification,2,1,stratified_scaffold_group,stratified_scaffold_group,28,xgb_60_d6,boosting,0.8767365496337458,0.8767365496337458,0.8016352626433325,0.1323455801800944,0.0,0.3828187584877014,0.8084112149532711,0.8018018018018018,0.8051065083775364,1.0,0.8,0.0630599000141955
bace,classification,2,2,stratified_scaffold_group,stratified_scaffold_group,28,xgb_60_d6,boosting,0.8438938152430127,0.8438938152430127,0.7936506661854926,0.1572557857157359,1.0,0.4053336381912231,0.8050847457627118,0.794701986754967,0.7998933662588394,1.0,0.8,0.0723139999900013
bace,classification,2,3,stratified_scaffold_group,stratified_scaffold_group,28,xgb_60_d6,boosting,0.8690258287573723,0.8690258287573723,0.8935526490439551,0.1567396084694135,1.0,0.4042562246322632,0.8080808080808081,0.785234899328859,0.7966578537048336,1.0,0.8,0.0638770000077784
bace,classification,2,1,stratified_scaffold_group,stratified_scaffold_group,29,cat_60_d4,boosting,0.8382377704807612,0.8382377704807612,0.7392381490152385,0.1507350894941115,0.0,0.4179612376834569,0.8084112149532711,0.7837837837837838,0.7960974993685275,1.0,0.8,0.3005584999918937
bace,classification,2,2,stratified_scaffold_group,stratified_scaffold_group,29,cat_60_d4,boosting,0.8146817824671679,0.8146817824671679,0.768965846782206,0.1733459073432116,1.0,0.3931530673832872,0.8050847457627118,0.7615894039735099,0.7833370748681109,1.0,0.8,0.2071713999612257
bace,classification,2,3,stratified_scaffold_group,stratified_scaffold_group,29,cat_60_d4,boosting,0.8268252999796624,0.8268252999796624,0.8320901125752624,0.194051729319818,1.0,0.3487875896992578,0.8232323232323232,0.7248322147651007,0.774032268998712,1.0,0.8,0.1846621999866329
bace,classification,2,1,stratified_scaffold_group,stratified_scaffold_group,30,cat_80_d6,boosting,0.8592237096909995,0.8592237096909995,0.79083504988141,0.1394460288889533,0.0,0.3999952926353722,0.8084112149532711,0.7837837837837838,0.7960974993685275,1.0,0.8,0.6374743999913335
bace,classification,2,2,stratified_scaffold_group,stratified_scaffold_group,30,cat_80_d6,boosting,0.8417050173981367,0.8417050173981367,0.7972759245844648,0.1588198064863651,1.0,0.4046033546940414,0.8050847457627118,0.7682119205298014,0.7866483331462566,1.0,0.8,0.6990249999798834
bace,classification,2,3,stratified_scaffold_group,stratified_scaffold_group,30,cat_80_d6,boosting,0.8652803199783067,0.8652803199783067,0.8857113563325936,0.1670299512273839,1.0,0.4392559602687739,0.803030303030303,0.7919463087248322,0.7974883058775676,1.0,0.8,0.5398581000044942
bace,classification,2,1,stratified_scaffold_group,stratified_scaffold_group,31,cat_100_d4,boosting,0.8490359518396902,0.8490359518396902,0.7669168253613686,0.1493394229822526,0.0,0.4107282065353856,0.8037383177570093,0.7657657657657657,0.7847520417613876,1.0,0.8,0.3430814000312239
bace,classification,2,2,stratified_scaffold_group,stratified_scaffold_group,31,cat_100_d4,boosting,0.8191996857110786,0.8191996857110786,0.7830638930552409,0.1684006353229293,1.0,0.3337720349207366,0.8389830508474576,0.7019867549668874,0.7704849029071725,1.0,0.8,0.3279061000212095
bace,classification,2,3,stratified_scaffold_group,stratified_scaffold_group,31,cat_100_d4,boosting,0.8497898447562877,0.8497898447562877,0.8574213072227558,0.1781126355510263,1.0,0.3921296819814409,0.803030303030303,0.7583892617449665,0.7807097823876348,1.0,0.8,0.2795015000156127
bace,classification,2,1,stratified_scaffold_group,stratified_scaffold_group,32,cat_60_d8,boosting,0.8636861160225646,0.8636861160225646,0.786405333749529,0.1360291762445446,0.0,0.4081686630257146,0.8317757009345794,0.7927927927927928,0.8122842468636862,1.0,0.8,1.4776703999959864
bace,classification,2,2,stratified_scaffold_group,stratified_scaffold_group,32,cat_60_d8,boosting,0.8465315972611966,0.8465315972611966,0.7958270581186679,0.1558286875858558,1.0,0.3818103838152025,0.8050847457627118,0.7682119205298014,0.7866483331462566,1.0,0.8,1.6599402999854649
bace,classification,2,3,stratified_scaffold_group,stratified_scaffold_group,32,cat_60_d8,boosting,0.8658565520981628,0.8658565520981628,0.8872585497490698,0.1635953977820358,1.0,0.4241228385912798,0.8080808080808081,0.7785234899328859,0.793302149006847,1.0,0.8,1.3434641999774612
bace,classification,3,1,stratified_scaffold_group,stratified_scaffold_group,1,logreg_l2_c0.1,linear,0.8286247334754797,0.8286247334754797,0.725202341639802,0.1598849814851284,1.0,0.4277477891994018,0.8208955223880597,0.75,0.7854477611940298,1.0,0.8,0.0057810000143945
bace,classification,3,2,stratified_scaffold_group,stratified_scaffold_group,1,logreg_l2_c0.1,linear,0.8186200833735077,0.8186200833735077,0.7655873103210888,0.1746891719028828,1.0,0.4503905522356723,0.8044692737430168,0.7106598984771574,0.757564586110087,1.0,0.8,0.0040357999969273
bace,classification,3,3,stratified_scaffold_group,stratified_scaffold_group,1,logreg_l2_c0.1,linear,0.818605385769565,0.818605385769565,0.8218267055420531,0.1740012635133572,1.0,0.4171926999562574,0.8009950248756219,0.6825396825396826,0.7417673537076522,1.0,0.8,0.0038416999741457
bace,classification,3,1,stratified_scaffold_group,stratified_scaffold_group,2,logreg_l2_c1,linear,0.8106343283582089,0.8106343283582089,0.7066041688112835,0.1767794119903875,1.0,0.3271245971006935,0.8059701492537313,0.75,0.7779850746268657,1.0,0.8,0.0109020000090822
bace,classification,3,2,stratified_scaffold_group,stratified_scaffold_group,2,logreg_l2_c1,linear,0.796812523041148,0.796812523041148,0.7447724651190712,0.1989763625927815,1.0,0.320704674080001,0.8100558659217877,0.6345177664974619,0.7222868162096248,1.0,0.8,0.0057044000132009
bace,classification,3,3,stratified_scaffold_group,stratified_scaffold_group,2,logreg_l2_c1,linear,0.8168680407486377,0.8168680407486377,0.8370268707063513,0.1840454477029315,1.0,0.2521226522011083,0.8009950248756219,0.6137566137566137,0.7073758193161178,1.0,0.8,0.0063344999798573
bace,classification,3,1,stratified_scaffold_group,stratified_scaffold_group,3,logreg_l2_c10,linear,0.787180170575693,0.787180170575693,0.6965959535179025,0.2200903180771268,1.0,0.0294960014658394,0.835820895522388,0.5892857142857143,0.7125533049040511,1.0,0.8,0.0148087000125087
bace,classification,3,2,stratified_scaffold_group,stratified_scaffold_group,3,logreg_l2_c10,linear,0.7629526699373281,0.7629526699373281,0.7143107712532002,0.2508043506945231,1.0,0.1834093226951233,0.8044692737430168,0.583756345177665,0.6941128094603408,1.0,0.8,0.0092623999807983
bace,classification,3,3,stratified_scaffold_group,stratified_scaffold_group,3,logreg_l2_c10,linear,0.8077074942746585,0.8077074942746585,0.8328219289777213,0.2135592070067149,1.0,0.0774851495387707,0.8059701492537313,0.6296296296296297,0.7177998894416805,1.0,0.8,0.0099928999552503
bace,classification,3,1,stratified_scaffold_group,stratified_scaffold_group,4,logreg_l1_c1,linear,0.8109008528784648,0.8109008528784648,0.7147484605508092,0.1709567450054621,1.0,0.3329080214073107,0.8059701492537313,0.6875,0.7467350746268657,1.0,0.8,0.0300090999808162
bace,classification,3,2,stratified_scaffold_group,stratified_scaffold_group,4,logreg_l1_c1,linear,0.774395258486232,0.774395258486232,0.7305256471943283,0.2081534753351773,1.0,0.3391913722960738,0.8044692737430168,0.5634517766497462,0.6839605251963815,1.0,0.8,0.0321669999975711
bace,classification,3,3,stratified_scaffold_group,stratified_scaffold_group,4,logreg_l1_c1,linear,0.8216720629655954,0.8216720629655954,0.8382249581171394,0.1762139456716584,1.0,0.2823701125580033,0.8059701492537313,0.6613756613756614,0.7336729053146964,1.0,0.8,0.0162953999824821
bace,classification,3,1,stratified_scaffold_group,stratified_scaffold_group,5,rf_60_sqrt,bagging,0.8384195095948827,0.8384195095948827,0.7148840180819362,0.1604295118596402,1.0,0.3310904723324427,0.8059701492537313,0.6964285714285714,0.7511993603411513,1.0,0.8,0.1078449999913573
bace,classification,3,2,stratified_scaffold_group,stratified_scaffold_group,5,rf_60_sqrt,bagging,0.8143521538156141,0.8143521538156141,0.7756057068150617,0.1747410643428341,1.0,0.4,0.8156424581005587,0.7208121827411167,0.7682273204208376,1.0,0.8,0.0958953999797813
bace,classification,3,3,stratified_scaffold_group,stratified_scaffold_group,5,rf_60_sqrt,bagging,0.8390455131748663,0.8390455131748663,0.8356107076797603,0.1667322781598304,1.0,0.4,0.8059701492537313,0.7142857142857143,0.7601279317697228,1.0,0.8,0.110632500029169
bace,classification,3,1,stratified_scaffold_group,stratified_scaffold_group,6,rf_90_d12,bagging,0.8543443496801706,0.8543443496801706,0.760918433679213,0.1562941353301763,1.0,0.3815346528751699,0.8059701492537313,0.7767857142857143,0.7913779317697228,1.0,0.8,0.1577188000082969
bace,classification,3,2,stratified_scaffold_group,stratified_scaffold_group,6,rf_90_d12,bagging,0.8196409834670901,0.8196409834670901,0.7858823981592485,0.1720385632399278,1.0,0.4047043814100248,0.8100558659217877,0.7360406091370558,0.7730482375294218,1.0,0.8,0.157491400022991
bace,classification,3,3,stratified_scaffold_group,stratified_scaffold_group,6,rf_90_d12,bagging,0.8322409118429019,0.8322409118429019,0.8369382250614521,0.1720082152566065,1.0,0.3988029383682273,0.8009950248756219,0.6878306878306879,0.7444128563531549,1.0,0.8,0.1492985999793745
bace,classification,3,1,stratified_scaffold_group,stratified_scaffold_group,7,rf_90_leaf2,bagging,0.8668710021321961,0.8668710021321961,0.7550467056545023,0.1494766569616193,1.0,0.3604047302643192,0.8059701492537313,0.7410714285714286,0.7735207889125799,1.0,0.8,0.164723900030367
bace,classification,3,2,stratified_scaffold_group,stratified_scaffold_group,7,rf_90_leaf2,bagging,0.8234126421461587,0.8234126421461587,0.7804550175752012,0.1730665515805993,1.0,0.4037291064981501,0.8100558659217877,0.7309644670050761,0.770510166463432,1.0,0.8,0.1484339999733492
bace,classification,3,3,stratified_scaffold_group,stratified_scaffold_group,7,rf_90_leaf2,bagging,0.8326884098028376,0.8326884098028376,0.8297174190221969,0.1715867916600202,1.0,0.3995434485823917,0.8009950248756219,0.6878306878306879,0.7444128563531549,1.0,0.8,0.1399278999888338
bace,classification,3,1,stratified_scaffold_group,stratified_scaffold_group,8,rf_120_d20_leaf2,bagging,0.8635394456289979,0.8635394456289979,0.7601618916912432,0.1516509113304787,1.0,0.3722077659963307,0.8059701492537313,0.75,0.7779850746268657,1.0,0.8,0.2046971999807283
bace,classification,3,2,stratified_scaffold_group,stratified_scaffold_group,8,rf_120_d20_leaf2,bagging,0.8260783257238467,0.8260783257238467,0.7799148178210493,0.1709245930860844,1.0,0.4306718905030035,0.8044692737430168,0.751269035532995,0.7778691546380059,1.0,0.8,0.1919161000405438
bace,classification,3,3,stratified_scaffold_group,stratified_scaffold_group,8,rf_120_d20_leaf2,bagging,0.8316354734265181,0.8316354734265181,0.8293798638552873,0.1725430731271545,1.0,0.3964386147518727,0.8059701492537313,0.6984126984126984,0.7521914238332148,1.0,0.8,0.1856789999874308
bace,classification,3,1,stratified_scaffold_group,stratified_scaffold_group,9,et_60_sqrt,bagging,0.8368869936034115,0.8368869936034115,0.7506149293867309,0.1550739463918457,1.0,0.3111689814814815,0.8208955223880597,0.6607142857142857,0.7408049040511727,1.0,0.8,0.0636094000074081
bace,classification,3,2,stratified_scaffold_group,stratified_scaffold_group,9,et_60_sqrt,bagging,0.8197685959787879,0.8197685959787879,0.7863282003403197,0.1740758901864451,1.0,0.3676332747510252,0.8100558659217877,0.7208121827411167,0.7654340243314521,1.0,0.8,0.0649878000258468
bace,classification,3,3,stratified_scaffold_group,stratified_scaffold_group,9,et_60_sqrt,bagging,0.8392692621548343,0.8392692621548343,0.8283033520166835,0.1700006219233218,1.0,0.3185585585585586,0.8009950248756219,0.7089947089947091,0.7549948669351655,1.0,0.8,0.0633302999776788
bace,classification,3,1,stratified_scaffold_group,stratified_scaffold_group,10,et_90_d12,bagging,0.8452825159914712,0.8452825159914712,0.7495621628573078,0.1559796225211958,1.0,0.3342636159851486,0.8059701492537313,0.6607142857142857,0.7333422174840085,1.0,0.8,0.0909380000084638
bace,classification,3,2,stratified_scaffold_group,stratified_scaffold_group,10,et_90_d12,bagging,0.8210021835918668,0.8210021835918668,0.7902691828262024,0.1736569030437435,1.0,0.3740795206174312,0.8100558659217877,0.700507614213198,0.7552817400674928,1.0,0.8,0.0920238000107929
bace,classification,3,3,stratified_scaffold_group,stratified_scaffold_group,10,et_90_d12,bagging,0.8361894232541,0.8361894232541,0.8467732257294236,0.169915506036118,1.0,0.3567354423132702,0.8009950248756219,0.6772486772486772,0.7391218510621496,1.0,0.8,0.0948401999776251
bace,classification,3,1,stratified_scaffold_group,stratified_scaffold_group,11,et_90_leaf2,bagging,0.8439498933901919,0.8439498933901919,0.7351324578992501,0.1570937470696647,1.0,0.3504944637988676,0.8208955223880597,0.7142857142857143,0.767590618336887,1.0,0.8,0.0912013999768532
bace,classification,3,2,stratified_scaffold_group,stratified_scaffold_group,11,et_90_leaf2,bagging,0.816323058162947,0.816323058162947,0.7763293078402931,0.1748599908463312,1.0,0.423215191009736,0.8044692737430168,0.7208121827411167,0.7626407282420667,1.0,0.8,0.1040485000121407
bace,classification,3,3,stratified_scaffold_group,stratified_scaffold_group,11,et_90_leaf2,bagging,0.8472452552054542,0.8472452552054542,0.8461369880088846,0.1644263782322597,1.0,0.4040587750721595,0.8059701492537313,0.7248677248677249,0.765418937060728,1.0,0.8,0.0912702000350691
bace,classification,3,1,stratified_scaffold_group,stratified_scaffold_group,12,et_120_d20_leaf2,bagging,0.839952025586354,0.839952025586354,0.7375762726539259,0.156656382332934,1.0,0.3591227006066405,0.8059701492537313,0.6875,0.7467350746268657,1.0,0.8,0.1215818999917246
bace,classification,3,2,stratified_scaffold_group,stratified_scaffold_group,12,et_120_d20_leaf2,bagging,0.8197827751467546,0.8197827751467546,0.7829282454565427,0.1735049568851375,1.0,0.4089863218910278,0.8044692737430168,0.7157360406091371,0.760102657176077,1.0,0.8,0.1411932000191882
bace,classification,3,3,stratified_scaffold_group,stratified_scaffold_group,12,et_120_d20_leaf2,bagging,0.8429282160625444,0.8429282160625444,0.8432503530325113,0.1660053960237434,1.0,0.3973457152921636,0.8009950248756219,0.7089947089947091,0.7549948669351655,1.0,0.8,0.1326105000334791
bace,classification,3,1,stratified_scaffold_group,stratified_scaffold_group,13,histgb_lr0.05,boosting,0.841817697228145,0.841817697228145,0.7403416009119971,0.1559914573211447,1.0,0.3252459783889279,0.8208955223880597,0.7053571428571428,0.7631263326226012,1.0,0.8,1.1125906000379473
bace,classification,3,2,stratified_scaffold_group,stratified_scaffold_group,13,histgb_lr0.05,boosting,0.8210589002637325,0.8210589002637325,0.7859356600704536,0.1736912012757277,1.0,0.3622681915346816,0.8100558659217877,0.6954314720812182,0.752743669001503,1.0,0.8,0.9541673000203446
bace,classification,3,3,stratified_scaffold_group,stratified_scaffold_group,13,histgb_lr0.05,boosting,0.8289636473716075,0.8289636473716075,0.8548428711187603,0.1744113632567509,1.0,0.287168245217317,0.8059701492537313,0.6772486772486772,0.7416094132512043,1.0,0.8,0.9184842000249772
bace,classification,3,1,stratified_scaffold_group,stratified_scaffold_group,14,histgb_lr0.1,boosting,0.8392857142857143,0.8392857142857143,0.7406848944408204,0.1604612897322602,1.0,0.3235989307667925,0.8208955223880597,0.7142857142857143,0.767590618336887,1.0,0.8,0.762750199995935
bace,classification,3,2,stratified_scaffold_group,stratified_scaffold_group,14,histgb_lr0.1,boosting,0.8154297705810623,0.8154297705810623,0.7724047745941839,0.1847441828852268,1.0,0.3440423127318143,0.8044692737430168,0.6954314720812182,0.7499503729121175,1.0,0.8,0.7596401000046171
bace,classification,3,3,stratified_scaffold_group,stratified_scaffold_group,14,histgb_lr0.1,boosting,0.8381900023691069,0.8381900023691069,0.842719288486017,0.1740113591130752,1.0,0.2863668219955986,0.8009950248756219,0.6931216931216931,0.7470583589986575,1.0,0.8,0.7978379999985918
bace,classification,3,1,stratified_scaffold_group,stratified_scaffold_group,15,gb_lr0.05_d2,boosting,0.8074360341151386,0.8074360341151386,0.7272697802539753,0.1833737135827045,1.0,0.4298949536741372,0.8059701492537313,0.6875,0.7467350746268657,1.0,0.8,0.3372315000160597
bace,classification,3,2,stratified_scaffold_group,stratified_scaffold_group,15,gb_lr0.05_d2,boosting,0.7892266681791114,0.7892266681791114,0.7689319413133825,0.19198373115745,1.0,0.4017606413477494,0.8100558659217877,0.5380710659898478,0.6740634659558178,1.0,0.8,0.2594244999927468
bace,classification,3,3,stratified_scaffold_group,stratified_scaffold_group,15,gb_lr0.05_d2,boosting,0.7878991286951484,0.7878991286951484,0.8119774805084119,0.1978612616429287,1.0,0.3342104987553376,0.8009950248756219,0.6137566137566137,0.7073758193161178,1.0,0.8,0.2708255999605171
bace,classification,3,1,stratified_scaffold_group,stratified_scaffold_group,16,gb_lr0.1_d3,boosting,0.7954424307036247,0.7954424307036247,0.7285806167631896,0.1739457325113363,1.0,0.3513891013848448,0.8059701492537313,0.6517857142857143,0.7288779317697228,1.0,0.8,0.5013165000127628
bace,classification,3,2,stratified_scaffold_group,stratified_scaffold_group,16,gb_lr0.1_d3,boosting,0.7780534838215694,0.7780534838215694,0.7470177199774388,0.1924820548199449,1.0,0.3214141196458034,0.8100558659217877,0.6091370558375635,0.7095964608796757,1.0,0.8,0.3747692000470124
bace,classification,3,3,stratified_scaffold_group,stratified_scaffold_group,16,gb_lr0.1_d3,boosting,0.8136960699149755,0.8136960699149755,0.8296811295045317,0.1811651490729924,1.0,0.3376351677397616,0.8059701492537313,0.6613756613756614,0.7336729053146964,1.0,0.8,0.3872435000375844
bace,classification,3,1,stratified_scaffold_group,stratified_scaffold_group,17,lgbm_60_l15,boosting,0.8426172707889126,0.8426172707889126,0.7504323320895627,0.1571142344093903,1.0,0.3793143657230033,0.8059701492537313,0.7053571428571428,0.7556636460554371,1.0,0.8,0.0479213999933563
bace,classification,3,2,stratified_scaffold_group,stratified_scaffold_group,17,lgbm_60_l15,boosting,0.8260641465558802,0.8260641465558802,0.7934662498513649,0.1687247316205258,1.0,0.3623746568486229,0.8100558659217877,0.6700507614213198,0.7400533136715537,1.0,0.8,0.0401168999960646
bace,classification,3,3,stratified_scaffold_group,stratified_scaffold_group,17,lgbm_60_l15,boosting,0.8109584353365448,0.8109584353365448,0.8414097156179188,0.1812820686895756,1.0,0.2803014325542733,0.8009950248756219,0.6084656084656085,0.7047303166706151,1.0,0.8,0.0360325000365264
bace,classification,3,1,stratified_scaffold_group,stratified_scaffold_group,18,lgbm_90_l31,boosting,0.8462153518123668,0.8462153518123668,0.7409364630976435,0.1555585833005785,1.0,0.3879978432239202,0.8059701492537313,0.7767857142857143,0.7913779317697228,1.0,0.8,0.0690211000037379
bace,classification,3,2,stratified_scaffold_group,stratified_scaffold_group,18,lgbm_90_l31,boosting,0.8266880299464028,0.8266880299464028,0.7910109824888497,0.1696354419267567,1.0,0.3717221145791921,0.8044692737430168,0.7208121827411167,0.7626407282420667,1.0,0.8,0.055499600013718
bace,classification,3,3,stratified_scaffold_group,stratified_scaffold_group,18,lgbm_90_l31,boosting,0.8335834057227093,0.8335834057227093,0.8489549072440721,0.1736599800117334,1.0,0.291138566818901,0.8059701492537313,0.7195767195767195,0.7627734344152255,1.0,0.8,0.0511726000113412
bace,classification,3,1,stratified_scaffold_group,stratified_scaffold_group,19,lgbm_60_l63,boosting,0.8523454157782516,0.8523454157782516,0.7371476265214255,0.1526545044211687,1.0,0.3178528426085311,0.8059701492537313,0.75,0.7779850746268657,1.0,0.8,0.0544843000243417
bace,classification,3,2,stratified_scaffold_group,stratified_scaffold_group,19,lgbm_60_l63,boosting,0.8264895215948728,0.8264895215948728,0.7851541466989354,0.1705464082811298,1.0,0.4148728028872272,0.8044692737430168,0.7563451776649746,0.7804072257039957,1.0,0.8,0.0463770000496879
bace,classification,3,3,stratified_scaffold_group,stratified_scaffold_group,19,lgbm_60_l63,boosting,0.8381768406644028,0.8381768406644028,0.8547535201921476,0.1706285216154989,1.0,0.2795553503407836,0.8009950248756219,0.7037037037037037,0.7523493642896628,1.0,0.8,0.0381097000208683
bace,classification,3,1,stratified_scaffold_group,stratified_scaffold_group,20,lgbm_100_leaf10,boosting,0.8146321961620469,0.8146321961620469,0.7123654846164235,0.1819586790734029,1.0,0.2188445958154479,0.8208955223880597,0.6875,0.7541977611940298,1.0,0.8,0.091811099962797
bace,classification,3,2,stratified_scaffold_group,stratified_scaffold_group,20,lgbm_100_leaf10,boosting,0.8188894875648697,0.8188894875648697,0.76957176450593,0.1815154389803829,1.0,0.3456979087161742,0.8044692737430168,0.6852791878172588,0.7448742307801378,1.0,0.8,0.0844662999734282
bace,classification,3,3,stratified_scaffold_group,stratified_scaffold_group,20,lgbm_100_leaf10,boosting,0.8151306957277107,0.8151306957277107,0.8397274441620102,0.1906295029915737,1.0,0.2697872940825611,0.8009950248756219,0.6666666666666667,0.7338308457711443,1.0,0.8,0.0878246999927796
bace,classification,3,1,stratified_scaffold_group,stratified_scaffold_group,21,lgbm_100_leaf30,boosting,0.859408315565032,0.859408315565032,0.7528932887069443,0.1495551329312667,1.0,0.3800973828836295,0.8059701492537313,0.7589285714285714,0.7824493603411513,1.0,0.8,0.0596775999874807
bace,classification,3,2,stratified_scaffold_group,stratified_scaffold_group,21,lgbm_100_leaf30,boosting,0.831650738734651,0.831650738734651,0.7887955580459187,0.1674181230096244,1.0,0.3563569778657903,0.8268156424581006,0.7055837563451777,0.7661996994016391,1.0,0.8,0.0481761000119149
bace,classification,3,3,stratified_scaffold_group,stratified_scaffold_group,21,lgbm_100_leaf30,boosting,0.8160651767616942,0.8160651767616942,0.837569442929263,0.1813834439091216,1.0,0.3135983855553237,0.8109452736318408,0.6666666666666667,0.7388059701492538,1.0,0.8,0.038933600008022
bace,classification,3,1,stratified_scaffold_group,stratified_scaffold_group,22,lgbm_80_ff0.7,boosting,0.8591417910447762,0.8591417910447762,0.7476228754209079,0.1476763062242416,1.0,0.3396391003549738,0.8059701492537313,0.7857142857142857,0.7958422174840085,1.0,0.8,0.0635825000354088
bace,classification,3,2,stratified_scaffold_group,stratified_scaffold_group,22,lgbm_80_ff0.7,boosting,0.8285171426140714,0.8285171426140714,0.7877279409770026,0.1711984293062611,1.0,0.4045696048702642,0.8100558659217877,0.7614213197969544,0.785738592859371,1.0,0.8,0.0504360999912023
bace,classification,3,3,stratified_scaffold_group,stratified_scaffold_group,22,lgbm_80_ff0.7,boosting,0.8322540735476058,0.8322540735476058,0.8562708341161139,0.1745363530949956,1.0,0.2544698754977383,0.8009950248756219,0.6666666666666667,0.7338308457711443,1.0,0.8,0.0494376000133343
bace,classification,3,1,stratified_scaffold_group,stratified_scaffold_group,23,lgbm_80_bag0.8,boosting,0.8434168443496802,0.8434168443496802,0.7281904282545403,0.1554772801485887,1.0,0.2834013942508598,0.8208955223880597,0.7053571428571428,0.7631263326226012,1.0,0.8,0.0589361000456847
bace,classification,3,2,stratified_scaffold_group,stratified_scaffold_group,23,lgbm_80_bag0.8,boosting,0.8435895981623798,0.8435895981623798,0.8095432458206164,0.1601476214012721,1.0,0.4379797287307627,0.8212290502793296,0.7614213197969544,0.791325185038142,1.0,0.8,0.0483153999666683
bace,classification,3,3,stratified_scaffold_group,stratified_scaffold_group,23,lgbm_80_bag0.8,boosting,0.8281476216799599,0.8281476216799599,0.8413167173072906,0.1746745446579949,1.0,0.2689118060756217,0.8009950248756219,0.6931216931216931,0.7470583589986575,1.0,0.8,0.0489781000069342
bace,classification,3,1,stratified_scaffold_group,stratified_scaffold_group,24,lgbm_120_l15,boosting,0.8604744136460555,0.8604744136460555,0.7651119268975519,0.1489396814462426,1.0,0.3444457955653656,0.8805970149253731,0.7410714285714286,0.8108342217484008,1.0,0.8,0.0653851999668404
bace,classification,3,2,stratified_scaffold_group,stratified_scaffold_group,24,lgbm_120_l15,boosting,0.8249439922865327,0.8249439922865327,0.7900404951711677,0.1705282973964064,1.0,0.417991069636372,0.8044692737430168,0.7360406091370558,0.7702549414400364,1.0,0.8,0.0555029999813996
bace,classification,3,3,stratified_scaffold_group,stratified_scaffold_group,24,lgbm_120_l15,boosting,0.8266735107531127,0.8266735107531127,0.8550325690981788,0.1754717448834084,1.0,0.2896172688744358,0.8009950248756219,0.6455026455026456,0.7232488351891337,1.0,0.8,0.0534636000520549
bace,classification,3,1,stratified_scaffold_group,stratified_scaffold_group,25,xgb_60_d3,boosting,0.8037713219616205,0.8037713219616205,0.7349754112473588,0.1748499592464579,1.0,0.3841556906700134,0.8059701492537313,0.6160714285714286,0.7110207889125799,1.0,0.8,0.0527774000074714
bace,classification,3,2,stratified_scaffold_group,stratified_scaffold_group,25,xgb_60_d3,boosting,0.8032498652979043,0.8032498652979043,0.7742588354224782,0.1788864140716498,1.0,0.3760336637496948,0.8044692737430168,0.6649746192893401,0.7347219465161785,1.0,0.8,0.0495653999969363
bace,classification,3,3,stratified_scaffold_group,stratified_scaffold_group,25,xgb_60_d3,boosting,0.8103793203295692,0.8103793203295692,0.8291144570112252,0.1846207258240484,1.0,0.3391214907169342,0.8159203980099502,0.6666666666666667,0.7412935323383085,1.0,0.8,0.0468318000202998
bace,classification,3,1,stratified_scaffold_group,stratified_scaffold_group,26,xgb_80_d5,boosting,0.822094882729211,0.822094882729211,0.7441323361369043,0.1618710066984823,1.0,0.3274404406547546,0.8208955223880597,0.6517857142857143,0.736340618336887,1.0,0.8,0.07851160003338
bace,classification,3,2,stratified_scaffold_group,stratified_scaffold_group,26,xgb_80_d5,boosting,0.8207894960723703,0.8207894960723703,0.78729272615414,0.173273861377721,1.0,0.3241245746612549,0.8212290502793296,0.6548223350253808,0.7380256926523552,1.0,0.8,0.0705185999977402
bace,classification,3,3,stratified_scaffold_group,stratified_scaffold_group,26,xgb_80_d5,boosting,0.8177103898496932,0.8177103898496932,0.8388290848184653,0.1801198849585807,1.0,0.3348934352397918,0.8009950248756219,0.6931216931216931,0.7470583589986575,1.0,0.8,0.0791578000062145
bace,classification,3,1,stratified_scaffold_group,stratified_scaffold_group,27,xgb_100_d3,boosting,0.8085021321961621,0.8085021321961621,0.7314670228481295,0.1714486427850329,1.0,0.3742113709449768,0.8059701492537313,0.625,0.7154850746268657,1.0,0.8,0.0810024999664165
bace,classification,3,2,stratified_scaffold_group,stratified_scaffold_group,27,xgb_100_d3,boosting,0.8099424325780563,0.8099424325780563,0.7850460773146848,0.1759845257229729,1.0,0.3538680374622345,0.8156424581005587,0.6802030456852792,0.747922751892919,1.0,0.8,0.0638387000071816
bace,classification,3,3,stratified_scaffold_group,stratified_scaffold_group,27,xgb_100_d3,boosting,0.8130643080891837,0.8130643080891837,0.8247217283172528,0.1830281953586758,1.0,0.3235833048820495,0.8009950248756219,0.6507936507936508,0.7258943378346363,1.0,0.8,0.0640127999940887
bace,classification,3,1,stratified_scaffold_group,stratified_scaffold_group,28,xgb_60_d6,boosting,0.8263592750533049,0.8263592750533049,0.7212308472155139,0.1639318203556048,1.0,0.2969570457935333,0.8059701492537313,0.6696428571428572,0.7378065031982943,1.0,0.8,0.071110300021246
bace,classification,3,2,stratified_scaffold_group,stratified_scaffold_group,28,xgb_60_d6,boosting,0.8454896066698806,0.8454896066698806,0.813590174816477,0.1602517316440632,1.0,0.3947734832763672,0.8044692737430168,0.7258883248730965,0.7651787993080567,1.0,0.8,0.0635263000149279
bace,classification,3,3,stratified_scaffold_group,stratified_scaffold_group,28,xgb_60_d6,boosting,0.8316223117218142,0.8316223117218142,0.8412434996740091,0.1722416761618743,1.0,0.3352456986904144,0.8009950248756219,0.6984126984126984,0.7497038616441601,1.0,0.8,0.0590856000198982
bace,classification,3,1,stratified_scaffold_group,stratified_scaffold_group,29,cat_60_d4,boosting,0.7977078891257995,0.7977078891257995,0.7031315869795316,0.1759097071683977,1.0,0.370664445013649,0.8059701492537313,0.6517857142857143,0.7288779317697228,1.0,0.8,0.2242655000300146
bace,classification,3,2,stratified_scaffold_group,stratified_scaffold_group,29,cat_60_d4,boosting,0.8207894960723705,0.8207894960723705,0.7925066711996077,0.1764999020865426,1.0,0.4048283431435391,0.8044692737430168,0.6903553299492386,0.7474123018461277,1.0,0.8,0.2401980999857187
bace,classification,3,3,stratified_scaffold_group,stratified_scaffold_group,29,cat_60_d4,boosting,0.8079049198452185,0.8079049198452185,0.832877837932551,0.185795470971515,1.0,0.3516217357409134,0.8009950248756219,0.671957671957672,0.736476348416647,1.0,0.8,0.2236700999783352
bace,classification,3,1,stratified_scaffold_group,stratified_scaffold_group,30,cat_80_d6,boosting,0.8022388059701493,0.8022388059701493,0.7340531021280167,0.1706147109891949,1.0,0.354645354653656,0.8059701492537313,0.6517857142857143,0.7288779317697228,1.0,0.8,0.7412253000074998
bace,classification,3,2,stratified_scaffold_group,stratified_scaffold_group,30,cat_80_d6,boosting,0.8214275586308596,0.8214275586308596,0.7778275519730136,0.1729510806519077,1.0,0.4124559459273986,0.8044692737430168,0.6903553299492386,0.7474123018461277,1.0,0.8,0.6272612999891862
bace,classification,3,3,stratified_scaffold_group,stratified_scaffold_group,30,cat_80_d6,boosting,0.8139461423043511,0.8139461423043511,0.8374403607339851,0.1806312906609455,1.0,0.3473218700111715,0.8009950248756219,0.7089947089947091,0.7549948669351655,1.0,0.8,0.6138237999984995
bace,classification,3,1,stratified_scaffold_group,stratified_scaffold_group,31,cat_100_d4,boosting,0.8444829424307037,0.8444829424307037,0.7168747061520739,0.1644254060856121,1.0,0.3770056945046354,0.8059701492537313,0.7053571428571428,0.7556636460554371,1.0,0.8,0.3552486999542452
bace,classification,3,2,stratified_scaffold_group,stratified_scaffold_group,31,cat_100_d4,boosting,0.8060431613872898,0.8060431613872898,0.7746082314216505,0.1814676526505957,1.0,0.4052729476709278,0.8044692737430168,0.6903553299492386,0.7474123018461277,1.0,0.8,0.3219704999937676
bace,classification,3,3,stratified_scaffold_group,stratified_scaffold_group,31,cat_100_d4,boosting,0.7928874147779621,0.7928874147779621,0.8226496323968456,0.1921060726948648,1.0,0.3044428138466343,0.8059701492537313,0.5925925925925926,0.699281370923162,1.0,0.8,0.3159976999741047
bace,classification,3,1,stratified_scaffold_group,stratified_scaffold_group,32,cat_60_d8,boosting,0.8191631130063965,0.8191631130063965,0.7239689529930842,0.1592249552990105,1.0,0.3253692416127127,0.8059701492537313,0.6517857142857143,0.7288779317697228,1.0,0.8,1.877485400007572
bace,classification,3,2,stratified_scaffold_group,stratified_scaffold_group,32,cat_60_d8,boosting,0.8210163627598333,0.8210163627598333,0.7903754547717567,0.1733024614528438,1.0,0.3715414844815779,0.8100558659217877,0.7157360406091371,0.7628959532654624,1.0,0.8,1.4276891999761574
bace,classification,3,3,stratified_scaffold_group,stratified_scaffold_group,32,cat_60_d8,boosting,0.8237384506041223,0.8237384506041223,0.8415097410316865,0.1796036011349112,1.0,0.357310108598794,0.8059701492537313,0.7037037037037037,0.7548369264787176,1.0,0.8,1.508435699972324
clintox,classification,1,1,stratified_scaffold_group,stratified_scaffold_group,1,logreg_l2_c0.1,linear,0.7829619499638002,0.7829619499638002,0.2754074655129312,0.0835090196331453,1.0,0.1427772298901721,0.8064516129032258,0.5511221945137157,0.6787869037084707,1.0,0.8,0.0040139000047929
clintox,classification,1,2,stratified_scaffold_group,stratified_scaffold_group,1,logreg_l2_c0.1,linear,0.7927829014785537,0.7927829014785537,0.4375316352613226,0.0949271396521551,1.0,0.2245307870438428,0.8148148148148148,0.6442687747035574,0.729541794759186,1.0,0.8,0.0042519000126048
clintox,classification,1,3,stratified_scaffold_group,stratified_scaffold_group,1,logreg_l2_c0.1,linear,0.8636825396825396,0.8636825396825396,0.542634356516544,0.0939516095701908,1.0,0.4494556278827947,0.8,0.8857142857142857,0.8428571428571429,1.0,0.8,0.0048811999731697
clintox,classification,1,1,stratified_scaffold_group,stratified_scaffold_group,2,logreg_l2_c1,linear,0.7786984152521922,0.7786984152521922,0.2567266722728548,0.073873807858514,1.0,0.0240695803073788,0.8064516129032258,0.5935162094763092,0.6999839111897674,1.0,0.8,0.0049313000054098
clintox,classification,1,2,stratified_scaffold_group,stratified_scaffold_group,2,logreg_l2_c1,linear,0.7538427755819059,0.7538427755819059,0.4238312314203573,0.0830949238636307,1.0,0.0260560865653129,0.8148148148148148,0.5533596837944664,0.6840872493046406,1.0,0.8,0.0062033000285737
clintox,classification,1,3,stratified_scaffold_group,stratified_scaffold_group,2,logreg_l2_c1,linear,0.8696507936507935,0.8696507936507935,0.5370657651948231,0.0678284576903016,1.0,0.4032717391265973,0.8,0.9047619047619048,0.8523809523809525,1.0,0.8,0.0055059000151231
clintox,classification,1,1,stratified_scaffold_group,stratified_scaffold_group,3,logreg_l2_c10,linear,0.7757219853591827,0.7757219853591827,0.2525310556455559,0.0783398438794375,1.0,0.0021875774828684,0.8064516129032258,0.6034912718204488,0.7049714423618373,1.0,0.8,0.0075630000210367
clintox,classification,1,2,stratified_scaffold_group,stratified_scaffold_group,3,logreg_l2_c10,linear,0.7277850973503146,0.7277850973503146,0.4047271736427505,0.0856757342645649,1.0,0.0012990873782821,0.8148148148148148,0.5217391304347826,0.6682769726247987,1.0,0.8,0.0087473999592475
clintox,classification,1,3,stratified_scaffold_group,stratified_scaffold_group,3,logreg_l2_c10,linear,0.8673650793650793,0.8673650793650793,0.5252700033442465,0.0698100209223383,1.0,0.2079662535153223,0.8,0.8698412698412699,0.834920634920635,1.0,0.8,0.0082621999899856
clintox,classification,1,1,stratified_scaffold_group,stratified_scaffold_group,4,logreg_l1_c1,linear,0.7494972246802348,0.7494972246802348,0.2136616976494473,0.0814873263629489,1.0,0.0145227163981985,0.8064516129032258,0.5386533665835411,0.6725524897433834,1.0,0.8,0.0093002999783493
clintox,classification,1,2,stratified_scaffold_group,stratified_scaffold_group,4,logreg_l1_c1,linear,0.798784950958864,0.798784950958864,0.3943340541048335,0.0956052094594717,1.0,0.0926085268459349,0.8148148148148148,0.691699604743083,0.7532572097789489,1.0,0.8,0.0149015000206418
clintox,classification,1,3,stratified_scaffold_group,stratified_scaffold_group,4,logreg_l1_c1,linear,0.8469841269841271,0.8469841269841271,0.4368613486576282,0.0917458453325794,1.0,0.2997548104784192,0.8,0.819047619047619,0.8095238095238095,1.0,0.8,0.0115933999768458
clintox,classification,1,1,stratified_scaffold_group,stratified_scaffold_group,5,rf_60_sqrt,bagging,0.7496983348081409,0.7496983348081409,0.2658137202357689,0.0608050233270046,1.0,0.0653225806451612,0.8064516129032258,0.5486284289276808,0.6775400209154533,1.0,0.8,0.1053521999856457
clintox,classification,1,2,stratified_scaffold_group,stratified_scaffold_group,5,rf_60_sqrt,bagging,0.7756551017420583,0.7756551017420583,0.3694938768327739,0.0770333457403034,1.0,0.0666666666666666,0.8148148148148148,0.5059288537549407,0.6603718342848777,1.0,0.8,0.1094185999827459
clintox,classification,1,3,stratified_scaffold_group,stratified_scaffold_group,5,rf_60_sqrt,bagging,0.8346666666666667,0.8346666666666667,0.4178705600575898,0.0573525897393237,1.0,0.1166666666666666,0.8,0.7269841269841271,0.7634920634920636,1.0,0.8,0.1089219000423327
clintox,classification,1,1,stratified_scaffold_group,stratified_scaffold_group,6,rf_90_d12,bagging,0.8277692864612661,0.8277692864612661,0.3484904632660278,0.0593953130461798,1.0,0.1297231970638513,0.8387096774193549,0.7082294264339153,0.773469551926635,1.0,0.8,0.1494382999953813
clintox,classification,1,2,stratified_scaffold_group,stratified_scaffold_group,6,rf_90_d12,bagging,0.7976138193529497,0.7976138193529497,0.3303580476999538,0.0781353456178525,1.0,0.1583944696481288,0.8148148148148148,0.7272727272727273,0.771043771043771,1.0,0.8,0.1442097999970428
clintox,classification,1,3,stratified_scaffold_group,stratified_scaffold_group,6,rf_90_d12,bagging,0.824952380952381,0.824952380952381,0.3746803684094114,0.0647784569410566,1.0,0.2043637493320806,0.8,0.7873015873015873,0.7936507936507937,1.0,0.8,0.1521822999930009
clintox,classification,1,1,stratified_scaffold_group,stratified_scaffold_group,7,rf_90_leaf2,bagging,0.7762046496661572,0.7762046496661572,0.2834231341621824,0.0622493464893643,1.0,0.1194429493818808,0.8064516129032258,0.6284289276807979,0.7174402702920119,1.0,0.8,0.1625549999880604
clintox,classification,1,2,stratified_scaffold_group,stratified_scaffold_group,7,rf_90_leaf2,bagging,0.7778509735031474,0.7778509735031474,0.3706114095602992,0.0781974279095424,1.0,0.125903095550301,0.8148148148148148,0.5770750988142292,0.695944956814522,1.0,0.8,0.1446038999711163
clintox,classification,1,3,stratified_scaffold_group,stratified_scaffold_group,7,rf_90_leaf2,bagging,0.8643174603174604,0.8643174603174604,0.4751524571453964,0.0616853450597337,1.0,0.2138709913031223,0.8,0.8571428571428572,0.8285714285714286,1.0,0.8,0.1451601000153459
clintox,classification,1,1,stratified_scaffold_group,stratified_scaffold_group,8,rf_120_d20_leaf2,bagging,0.7756415413080202,0.7756415413080202,0.2872511502151496,0.061947499552823,1.0,0.1091111592711344,0.8064516129032258,0.5860349127182045,0.6962432628107151,1.0,0.8,0.1874144999892451
clintox,classification,1,2,stratified_scaffold_group,stratified_scaffold_group,8,rf_120_d20_leaf2,bagging,0.7810715854194115,0.7810715854194115,0.374445959442467,0.0780047790878029,1.0,0.1278898900635266,0.8148148148148148,0.5889328063241106,0.7018738105694626,1.0,0.8,0.1995971999713219
clintox,classification,1,3,stratified_scaffold_group,stratified_scaffold_group,8,rf_120_d20_leaf2,bagging,0.8597460317460317,0.8597460317460317,0.4461224844287497,0.061601343901555,1.0,0.204400889165897,0.8,0.8380952380952381,0.819047619047619,1.0,0.8,0.195398700016085
clintox,classification,1,1,stratified_scaffold_group,stratified_scaffold_group,9,et_60_sqrt,bagging,0.7668731397313169,0.7668731397313169,0.2528356614280891,0.0612858430165337,1.0,0.0805376344086021,0.8064516129032258,0.6284289276807979,0.7174402702920119,1.0,0.8,0.0638357999850995
clintox,classification,1,2,stratified_scaffold_group,stratified_scaffold_group,9,et_60_sqrt,bagging,0.7555262772654078,0.7555262772654078,0.2745358991875425,0.0801337557213637,1.0,0.05,0.8148148148148148,0.4980237154150198,0.6564192651149172,1.0,0.8,0.0646872000070288
clintox,classification,1,3,stratified_scaffold_group,stratified_scaffold_group,9,et_60_sqrt,bagging,0.8215238095238095,0.8215238095238095,0.4169726607728898,0.0562445465157668,1.0,0.1139513108614232,0.8,0.6888888888888889,0.7444444444444445,1.0,0.8,0.068126400001347
clintox,classification,1,1,stratified_scaffold_group,stratified_scaffold_group,10,et_90_d12,bagging,0.7828010618614752,0.7828010618614752,0.2714326866804719,0.0650178777347087,1.0,0.146656113237329,0.8064516129032258,0.6832917705735662,0.744871691738396,1.0,0.8,0.0910474000265821
clintox,classification,1,2,stratified_scaffold_group,stratified_scaffold_group,10,et_90_d12,bagging,0.7702386180647051,0.7702386180647051,0.2748715788866042,0.0840750367255847,1.0,0.168608584072431,0.8148148148148148,0.616600790513834,0.7157078026643244,1.0,0.8,0.0953380999853834
clintox,classification,1,3,stratified_scaffold_group,stratified_scaffold_group,10,et_90_d12,bagging,0.8367619047619048,0.8367619047619048,0.4122991019242619,0.0749897489425138,1.0,0.2546396982719787,0.84,0.780952380952381,0.8104761904761905,1.0,0.8,0.0920903999940492
clintox,classification,1,1,stratified_scaffold_group,stratified_scaffold_group,11,et_90_leaf2,bagging,0.7772504223312686,0.7772504223312686,0.2913474533258213,0.0615940199834351,1.0,0.091775805312905,0.8064516129032258,0.5860349127182045,0.6962432628107151,1.0,0.8,0.0928204999654553
clintox,classification,1,2,stratified_scaffold_group,stratified_scaffold_group,11,et_90_leaf2,bagging,0.7598448250622163,0.7598448250622163,0.3012779855202556,0.078410335335586,1.0,0.106473957685252,0.8148148148148148,0.5454545454545454,0.6801346801346801,1.0,0.8,0.0951885000104084
clintox,classification,1,3,stratified_scaffold_group,stratified_scaffold_group,11,et_90_leaf2,bagging,0.8452063492063492,0.8452063492063492,0.3777071716835469,0.0611065179530131,1.0,0.2259636679195146,0.8,0.8857142857142857,0.8428571428571429,1.0,0.8,0.0926373000256717
clintox,classification,1,1,stratified_scaffold_group,stratified_scaffold_group,12,et_120_d20_leaf2,bagging,0.777934196766149,0.777934196766149,0.2856505883637574,0.0624655595375724,1.0,0.1021873121153038,0.8064516129032258,0.600997506234414,0.7037245595688199,1.0,0.8,0.1185502999578602
clintox,classification,1,2,stratified_scaffold_group,stratified_scaffold_group,12,et_120_d20_leaf2,bagging,0.7787293222075831,0.7787293222075831,0.319887222988649,0.0779932671646806,1.0,0.1248653577101055,0.8148148148148148,0.6284584980237153,0.7216366564192651,1.0,0.8,0.1175058000371791
clintox,classification,1,3,stratified_scaffold_group,stratified_scaffold_group,12,et_120_d20_leaf2,bagging,0.8495873015873016,0.8495873015873016,0.3885548338750758,0.0629530310307805,1.0,0.2298564320609815,0.8,0.8603174603174604,0.8301587301587302,1.0,0.8,0.1204396999673917
clintox,classification,1,1,stratified_scaffold_group,stratified_scaffold_group,13,histgb_lr0.05,boosting,0.7644598181964444,0.7644598181964444,0.3413440691022058,0.0583487052627707,1.0,0.0047308433051187,0.8064516129032258,0.4339152119700747,0.6201834124366503,1.0,0.8,0.9512383000110276
clintox,classification,1,2,stratified_scaffold_group,stratified_scaffold_group,13,histgb_lr0.05,boosting,0.7412531108183282,0.7412531108183282,0.3627339076509376,0.0789845296853479,1.0,0.0099520507779252,0.8148148148148148,0.4940711462450593,0.654442980529937,1.0,0.8,0.9678152999840676
clintox,classification,1,3,stratified_scaffold_group,stratified_scaffold_group,13,histgb_lr0.05,boosting,0.8036825396825398,0.8036825396825398,0.4448453621654913,0.054453385183805,1.0,0.0283439679577789,0.8,0.6698412698412699,0.734920634920635,1.0,0.8,1.0013178999652157
clintox,classification,1,1,stratified_scaffold_group,stratified_scaffold_group,14,histgb_lr0.1,boosting,0.7696886815220014,0.7696886815220014,0.3247933730581723,0.0607999537429394,1.0,0.0025733215950817,0.8064516129032258,0.5710723192019951,0.6887619660526104,1.0,0.8,0.8530722999712452
clintox,classification,1,2,stratified_scaffold_group,stratified_scaffold_group,14,histgb_lr0.1,boosting,0.7500365978626848,0.7500365978626848,0.3462469741295783,0.0824164404584412,1.0,0.0042445549457261,0.8148148148148148,0.5810276679841897,0.6979212413995022,1.0,0.8,0.862124000035692
clintox,classification,1,3,stratified_scaffold_group,stratified_scaffold_group,14,histgb_lr0.1,boosting,0.8111746031746031,0.8111746031746031,0.4752027450964973,0.0509681751292435,1.0,0.0176594928776408,0.8,0.6666666666666667,0.7333333333333334,1.0,0.8,0.811353400000371
clintox,classification,1,1,stratified_scaffold_group,stratified_scaffold_group,15,gb_lr0.05_d2,boosting,0.7387579438500523,0.7387579438500523,0.1958272504294121,0.0647145111037077,1.0,0.0489716095033722,0.8064516129032258,0.5610972568578554,0.6837744348805406,1.0,0.8,0.2716937999939546
clintox,classification,1,2,stratified_scaffold_group,stratified_scaffold_group,15,gb_lr0.05_d2,boosting,0.7383984775289123,0.7383984775289123,0.2817567424341298,0.0816620059251897,1.0,0.0451431075855647,0.8148148148148148,0.4347826086956522,0.6247987117552335,1.0,0.8,0.3327148000244051
clintox,classification,1,3,stratified_scaffold_group,stratified_scaffold_group,15,gb_lr0.05_d2,boosting,0.8083174603174604,0.8083174603174604,0.2859921745175597,0.0610598493374948,1.0,0.0767242272509136,0.8,0.6603174603174603,0.7301587301587302,1.0,0.8,0.2995294000138528
clintox,classification,1,1,stratified_scaffold_group,stratified_scaffold_group,16,gb_lr0.1_d3,boosting,0.7077869841525218,0.7077869841525218,0.203556898437953,0.0697879931466041,1.0,0.0174052112921126,0.8064516129032258,0.4912718204488778,0.6488617166760517,1.0,0.8,0.4218467000173405
clintox,classification,1,2,stratified_scaffold_group,stratified_scaffold_group,16,gb_lr0.1_d3,boosting,0.7659200702678963,0.7659200702678963,0.3388929510497766,0.0791151837473341,1.0,0.0318033904401405,0.8148148148148148,0.6561264822134387,0.7354706485141267,1.0,0.8,0.4993615000275895
clintox,classification,1,3,stratified_scaffold_group,stratified_scaffold_group,16,gb_lr0.1_d3,boosting,0.8502857142857143,0.8502857142857143,0.3504972462030855,0.0596729497680271,1.0,0.0834187013398747,0.8,0.8603174603174604,0.8301587301587302,1.0,0.8,0.4409696999937296
clintox,classification,1,1,stratified_scaffold_group,stratified_scaffold_group,17,lgbm_60_l15,boosting,0.7848926071916982,0.7848926071916982,0.3330726751646717,0.0594093810574301,1.0,0.0163131022967439,0.8064516129032258,0.5187032418952618,0.6625774273992437,1.0,0.8,0.0468837000080384
clintox,classification,1,2,stratified_scaffold_group,stratified_scaffold_group,17,lgbm_60_l15,boosting,0.7719953154735762,0.7719953154735762,0.3314712813620216,0.0793522065868738,1.0,0.0243382401345172,0.8148148148148148,0.5573122529644269,0.6860635338896208,1.0,0.8,0.0463241999968886
clintox,classification,1,3,stratified_scaffold_group,stratified_scaffold_group,17,lgbm_60_l15,boosting,0.8237460317460318,0.8237460317460318,0.4471586977568047,0.0546908334554115,1.0,0.0495426863662423,0.8,0.7015873015873015,0.7507936507936508,1.0,0.8,0.0503816000418737
clintox,classification,1,1,stratified_scaffold_group,stratified_scaffold_group,18,lgbm_90_l31,boosting,0.7886734775963318,0.7886734775963318,0.3326186112366194,0.0592350776047209,1.0,0.0126918764401351,0.8064516129032258,0.6633416458852868,0.7348966293942563,1.0,0.8,0.0676736000459641
clintox,classification,1,2,stratified_scaffold_group,stratified_scaffold_group,18,lgbm_90_l31,boosting,0.756477821695213,0.756477821695213,0.3266692045714133,0.0829506852705842,1.0,0.0063709929015641,0.8148148148148148,0.4189723320158103,0.6168935734153125,1.0,0.8,0.0779595999629236
clintox,classification,1,3,stratified_scaffold_group,stratified_scaffold_group,18,lgbm_90_l31,boosting,0.8703492063492064,0.8703492063492064,0.4646189952143179,0.0539236312965936,1.0,0.0363790173998917,0.8,0.780952380952381,0.7904761904761906,1.0,0.8,0.0720545000513084
clintox,classification,1,1,stratified_scaffold_group,stratified_scaffold_group,19,lgbm_60_l63,boosting,0.7652642587080686,0.7652642587080686,0.3226958486380015,0.0597400659058069,1.0,0.007327804931256,0.8064516129032258,0.5710723192019951,0.6887619660526104,1.0,0.8,0.0609115000115707
clintox,classification,1,2,stratified_scaffold_group,stratified_scaffold_group,19,lgbm_60_l63,boosting,0.7541355584833845,0.7541355584833845,0.3680900341791679,0.0823087298918696,1.0,0.0050063473504678,0.8148148148148148,0.4071146245059288,0.6109647196603718,1.0,0.8,0.0638421999756246
clintox,classification,1,3,stratified_scaffold_group,stratified_scaffold_group,19,lgbm_60_l63,boosting,0.862984126984127,0.862984126984127,0.4823603310118697,0.0539076067184043,1.0,0.0472541012851466,0.8,0.8444444444444444,0.8222222222222222,1.0,0.8,0.0556824000086635
clintox,classification,1,1,stratified_scaffold_group,stratified_scaffold_group,20,lgbm_100_leaf10,boosting,0.7731075536964042,0.7731075536964042,0.3366912731471201,0.0600592222364473,1.0,0.0046645135207099,0.8064516129032258,0.6882793017456359,0.7473654573244308,1.0,0.8,0.085424699995201
clintox,classification,1,2,stratified_scaffold_group,stratified_scaffold_group,20,lgbm_100_leaf10,boosting,0.7573561703996486,0.7573561703996486,0.3387409046300872,0.0854631586036562,1.0,0.0030046784885479,0.8148148148148148,0.5533596837944664,0.6840872493046406,1.0,0.8,0.0916654000175185
clintox,classification,1,3,stratified_scaffold_group,stratified_scaffold_group,20,lgbm_100_leaf10,boosting,0.8336507936507936,0.8336507936507936,0.4318982908989082,0.0577096437600432,1.0,0.0128213836798245,0.8,0.7396825396825397,0.7698412698412699,1.0,0.8,0.0879888000199571
clintox,classification,1,1,stratified_scaffold_group,stratified_scaffold_group,21,lgbm_100_leaf30,boosting,0.7735097739522163,0.7735097739522163,0.3119568476368896,0.0605046861310139,1.0,0.0087490633366026,0.8064516129032258,0.5486284289276808,0.6775400209154533,1.0,0.8,0.0535361000220291
clintox,classification,1,2,stratified_scaffold_group,stratified_scaffold_group,21,lgbm_100_leaf30,boosting,0.7646757429366126,0.7646757429366126,0.3966151804291005,0.0781512553483883,1.0,0.01291511685356,0.8148148148148148,0.5059288537549407,0.6603718342848777,1.0,0.8,0.0708239999949
clintox,classification,1,3,stratified_scaffold_group,stratified_scaffold_group,21,lgbm_100_leaf30,boosting,0.8544126984126985,0.8544126984126985,0.5220949735389744,0.050048028282155,1.0,0.0547539975811686,0.8,0.8095238095238095,0.8047619047619048,1.0,0.8,0.0599402000079862
clintox,classification,1,1,stratified_scaffold_group,stratified_scaffold_group,22,lgbm_80_ff0.7,boosting,0.7970396589172231,0.7970396589172231,0.3713536709083052,0.0577790665644999,1.0,0.0083461714430064,0.8064516129032258,0.6608478802992519,0.7336497466012388,1.0,0.8,0.0623769999947398
clintox,classification,1,2,stratified_scaffold_group,stratified_scaffold_group,22,lgbm_80_ff0.7,boosting,0.7809251939686722,0.7809251939686722,0.362640065283236,0.0813859685534861,1.0,0.005729900263545,0.8148148148148148,0.4940711462450593,0.654442980529937,1.0,0.8,0.0699340000282973
clintox,classification,1,3,stratified_scaffold_group,stratified_scaffold_group,22,lgbm_80_ff0.7,boosting,0.8713650793650793,0.8713650793650793,0.4989929986628361,0.0523540198139937,1.0,0.0451894195971113,0.8,0.8634920634920635,0.8317460317460318,1.0,0.8,0.063157600001432
clintox,classification,1,1,stratified_scaffold_group,stratified_scaffold_group,23,lgbm_80_bag0.8,boosting,0.7936610087684015,0.7936610087684015,0.3891783862512021,0.0569729726498599,1.0,0.0068684865373285,0.8064516129032258,0.6259351620947631,0.7161933874989944,1.0,0.8,0.0574149000458419
clintox,classification,1,2,stratified_scaffold_group,stratified_scaffold_group,23,lgbm_80_bag0.8,boosting,0.7790221051090616,0.7790221051090616,0.393323999369909,0.0789560422751787,1.0,0.0047781240807532,0.8148148148148148,0.3913043478260869,0.6030595813204509,1.0,0.8,0.0674230000004172
clintox,classification,1,3,stratified_scaffold_group,stratified_scaffold_group,23,lgbm_80_bag0.8,boosting,0.8751746031746032,0.8751746031746032,0.526413783798022,0.0511148493910145,1.0,0.0520373892301899,0.8,0.8412698412698413,0.8206349206349206,1.0,0.8,0.0645008000428788
clintox,classification,1,1,stratified_scaffold_group,stratified_scaffold_group,24,lgbm_120_l15,boosting,0.7915694634381787,0.7915694634381787,0.3498815340901434,0.0581856197505667,1.0,0.0110061839243215,0.8064516129032258,0.6384039900249376,0.7224278014640817,1.0,0.8,0.0663190999766811
clintox,classification,1,2,stratified_scaffold_group,stratified_scaffold_group,24,lgbm_120_l15,boosting,0.7589664763577807,0.7589664763577807,0.3437444731845875,0.0805582933098363,1.0,0.0102235032323755,0.8148148148148148,0.4901185770750987,0.6524666959449568,1.0,0.8,0.0794673999771475
clintox,classification,1,3,stratified_scaffold_group,stratified_scaffold_group,24,lgbm_120_l15,boosting,0.8424126984126984,0.8424126984126984,0.4651108704977823,0.0539500731334597,1.0,0.0387159056118845,0.8,0.7619047619047619,0.780952380952381,1.0,0.8,0.0673454999923706
clintox,classification,1,1,stratified_scaffold_group,stratified_scaffold_group,25,xgb_60_d3,boosting,0.7836055023730996,0.7836055023730996,0.3134672934806818,0.0588712869719178,1.0,0.0446970239281654,0.8064516129032258,0.6633416458852868,0.7348966293942563,1.0,0.8,0.0533723999978974
clintox,classification,1,2,stratified_scaffold_group,stratified_scaffold_group,25,xgb_60_d3,boosting,0.7828282828282829,0.7828282828282829,0.3873345853205226,0.0751775452392498,1.0,0.0396644510328769,0.8148148148148148,0.5533596837944664,0.6840872493046406,1.0,0.8,0.0541463000117801
clintox,classification,1,3,stratified_scaffold_group,stratified_scaffold_group,25,xgb_60_d3,boosting,0.8316190476190477,0.8316190476190477,0.3804286169287891,0.0572731120011745,1.0,0.0636824443936348,0.8,0.653968253968254,0.7269841269841271,1.0,0.8,0.0509014000417664
clintox,classification,1,1,stratified_scaffold_group,stratified_scaffold_group,26,xgb_80_d5,boosting,0.7847317190893733,0.7847317190893733,0.3236454361002752,0.05842359916125,1.0,0.0225399937480688,0.8064516129032258,0.6034912718204488,0.7049714423618373,1.0,0.8,0.0668845999753102
clintox,classification,1,2,stratified_scaffold_group,stratified_scaffold_group,26,xgb_80_d5,boosting,0.7699458351632265,0.7699458351632265,0.4020645424253525,0.0763136757262295,1.0,0.0311325080692768,0.8148148148148148,0.5652173913043479,0.6900161030595813,1.0,0.8,0.0785455000004731
clintox,classification,1,3,stratified_scaffold_group,stratified_scaffold_group,26,xgb_80_d5,boosting,0.8427936507936508,0.8427936507936508,0.467725394583827,0.0535175535924307,1.0,0.0676978677511215,0.8,0.7619047619047619,0.780952380952381,1.0,0.8,0.0723273999756202
clintox,classification,1,1,stratified_scaffold_group,stratified_scaffold_group,27,xgb_100_d3,boosting,0.7910465771056231,0.7910465771056231,0.3171421027231126,0.0589068886594381,1.0,0.0396093055605888,0.8064516129032258,0.6633416458852868,0.7348966293942563,1.0,0.8,0.0637422000290826
clintox,classification,1,2,stratified_scaffold_group,stratified_scaffold_group,27,xgb_100_d3,boosting,0.7882447665056361,0.7882447665056361,0.3944907046203266,0.0749914519221012,1.0,0.0410613343119621,0.8148148148148148,0.5889328063241106,0.7018738105694626,1.0,0.8,0.0695020999992266
clintox,classification,1,3,stratified_scaffold_group,stratified_scaffold_group,27,xgb_100_d3,boosting,0.8524444444444444,0.8524444444444444,0.451350731895926,0.0544888072849301,1.0,0.1096072867512703,0.8,0.8476190476190476,0.8238095238095238,1.0,0.8,0.0689782999688759
clintox,classification,1,1,stratified_scaffold_group,stratified_scaffold_group,28,xgb_60_d6,boosting,0.7895985841846995,0.7895985841846995,0.3357627394640911,0.0585472233379205,1.0,0.0148938344791531,0.8387096774193549,0.5162094763092269,0.6774595768642908,1.0,0.8,0.0632721000001765
clintox,classification,1,2,stratified_scaffold_group,stratified_scaffold_group,28,xgb_60_d6,boosting,0.7976138193529496,0.7976138193529496,0.3892555714579533,0.0754007009252175,1.0,0.0283451229333877,0.8148148148148148,0.5454545454545454,0.6801346801346801,1.0,0.8,0.0623076999909244
clintox,classification,1,3,stratified_scaffold_group,stratified_scaffold_group,28,xgb_60_d6,boosting,0.8797460317460317,0.8797460317460317,0.4957977578267142,0.0513903805210818,1.0,0.080302707850933,0.8,0.8158730158730159,0.807936507936508,1.0,0.8,0.0611419000197202
clintox,classification,1,1,stratified_scaffold_group,stratified_scaffold_group,29,cat_60_d4,boosting,0.7445096935081652,0.7445096935081652,0.2211513764642547,0.0626212964408825,1.0,0.0549827595054784,0.8064516129032258,0.6458852867830425,0.7261684498431341,1.0,0.8,0.2594695000443607
clintox,classification,1,2,stratified_scaffold_group,stratified_scaffold_group,29,cat_60_d4,boosting,0.7021665934709412,0.7021665934709412,0.2439738748821937,0.0832934207602772,1.0,0.0413216919889276,0.8148148148148148,0.3557312252964426,0.5852730200556286,1.0,0.8,0.2683807999710552
clintox,classification,1,3,stratified_scaffold_group,stratified_scaffold_group,29,cat_60_d4,boosting,0.8429206349206348,0.8429206349206348,0.34981122181824,0.0598208125767562,1.0,0.076429417926195,0.8,0.7047619047619047,0.7523809523809524,1.0,0.8,0.2723916000104509
clintox,classification,1,1,stratified_scaffold_group,stratified_scaffold_group,30,cat_80_d6,boosting,0.7638162657871451,0.7638162657871451,0.272443767620373,0.0609777825541117,1.0,0.047228407092132,0.8064516129032258,0.5810473815461347,0.6937494972246803,1.0,0.8,1.0780776999890804
clintox,classification,1,2,stratified_scaffold_group,stratified_scaffold_group,30,cat_80_d6,boosting,0.7946859903381642,0.7946859903381642,0.3380587061064881,0.0811585541983949,1.0,0.0510636086228265,0.8148148148148148,0.6798418972332017,0.7473283560240083,1.0,0.8,0.9940347999799996
clintox,classification,1,3,stratified_scaffold_group,stratified_scaffold_group,30,cat_80_d6,boosting,0.8314920634920636,0.8314920634920636,0.3297284597735748,0.061121239322684,1.0,0.0803231206395256,0.8,0.7936507936507937,0.7968253968253969,1.0,0.8,0.9166251000133344
clintox,classification,1,1,stratified_scaffold_group,stratified_scaffold_group,31,cat_100_d4,boosting,0.7452336899686268,0.7452336899686268,0.2305023093047417,0.0623161924195897,1.0,0.0602412938783704,0.8064516129032258,0.6683291770573566,0.7373903949802911,1.0,0.8,0.4370027999975718
clintox,classification,1,2,stratified_scaffold_group,stratified_scaffold_group,31,cat_100_d4,boosting,0.740081979212414,0.740081979212414,0.293336026562325,0.0819221153567257,1.0,0.0500741848628213,0.8148148148148148,0.5573122529644269,0.6860635338896208,1.0,0.8,0.4290390000096522
clintox,classification,1,3,stratified_scaffold_group,stratified_scaffold_group,31,cat_100_d4,boosting,0.8466031746031746,0.8466031746031746,0.3907763780982987,0.0589875778518707,1.0,0.093745794045672,0.8,0.8412698412698413,0.8206349206349206,1.0,0.8,0.4195473000290803
clintox,classification,1,1,stratified_scaffold_group,stratified_scaffold_group,32,cat_60_d8,boosting,0.7397634944895826,0.7397634944895826,0.2157278421883889,0.0632780567492485,1.0,0.0380259955573268,0.8064516129032258,0.6209476309226933,0.7136996219129595,1.0,0.8,2.6200598999857903
clintox,classification,1,2,stratified_scaffold_group,stratified_scaffold_group,32,cat_60_d8,boosting,0.7494510320597277,0.7494510320597277,0.293590090727593,0.0827951208826568,1.0,0.0430959379818355,0.8148148148148148,0.541501976284585,0.6781583955496999,1.0,0.8,2.607300200033933
clintox,classification,1,3,stratified_scaffold_group,stratified_scaffold_group,32,cat_60_d8,boosting,0.8553650793650793,0.8553650793650793,0.38003176904821,0.0592446408185627,1.0,0.0791561873499865,0.8,0.819047619047619,0.8095238095238095,1.0,0.8,2.3986910000094213
clintox,classification,2,1,stratified_scaffold_group,stratified_scaffold_group,1,logreg_l2_c0.1,linear,0.7734708392603129,0.7734708392603129,0.2095159436052245,0.0906506831078171,1.0,0.1604122302584851,0.8421052631578947,0.5297297297297296,0.6859174964438122,1.0,0.8,0.0040319999679923
clintox,classification,2,2,stratified_scaffold_group,stratified_scaffold_group,1,logreg_l2_c0.1,linear,0.6889752846431546,0.6889752846431546,0.2372034931673417,0.1098874697369692,1.0,0.0976357723484786,0.8076923076923077,0.335740072202166,0.5717161899472369,1.0,0.8,0.0049417999689467
clintox,classification,2,3,stratified_scaffold_group,stratified_scaffold_group,1,logreg_l2_c0.1,linear,0.7725674827369743,0.7725674827369743,0.2152479742337898,0.1017326195001944,1.0,0.195221504866862,0.8518518518518519,0.576271186440678,0.7140615191462649,1.0,0.8,0.0037046000361442
clintox,classification,2,1,stratified_scaffold_group,stratified_scaffold_group,2,logreg_l2_c1,linear,0.7650782361308677,0.7650782361308677,0.2416645191417528,0.0745257527389669,1.0,0.0206991778294218,0.8421052631578947,0.4783783783783784,0.6602418207681365,1.0,0.8,0.0048876000219024
clintox,classification,2,2,stratified_scaffold_group,stratified_scaffold_group,2,logreg_l2_c1,linear,0.6617606220494308,0.6617606220494308,0.2272296938862123,0.0992390057840313,1.0,0.0070728823435944,0.8076923076923077,0.3393501805054152,0.5735212440988615,1.0,0.8,0.0069575000088661
clintox,classification,2,3,stratified_scaffold_group,stratified_scaffold_group,2,logreg_l2_c1,linear,0.7389202762084117,0.7389202762084117,0.2349265473687168,0.0869980923616278,1.0,0.0209517317713205,0.8148148148148148,0.4745762711864406,0.6446955430006277,1.0,0.8,0.0050275999819859
clintox,classification,2,1,stratified_scaffold_group,stratified_scaffold_group,3,logreg_l2_c10,linear,0.7502844950213371,0.7502844950213371,0.2397683238257652,0.0785823490093961,1.0,0.0016294218183751,0.8421052631578947,0.4918918918918918,0.6669985775248932,1.0,0.8,0.0092774999793618
clintox,classification,2,2,stratified_scaffold_group,stratified_scaffold_group,3,logreg_l2_c10,linear,0.6456539850041655,0.6456539850041655,0.2232740559146254,0.1062044286833145,1.0,0.00017050116586,0.8076923076923077,0.335740072202166,0.5717161899472369,1.0,0.8,0.011012099974323
clintox,classification,2,3,stratified_scaffold_group,stratified_scaffold_group,3,logreg_l2_c10,linear,0.7258631512868801,0.7258631512868801,0.2340419093387785,0.0903299002525395,1.0,0.0011013709641695,0.8148148148148148,0.4576271186440678,0.6362209667294413,1.0,0.8,0.0109103000140748
clintox,classification,2,1,stratified_scaffold_group,stratified_scaffold_group,4,logreg_l1_c1,linear,0.7135846372688477,0.7135846372688477,0.1985088096108716,0.0994086214699287,1.0,0.0095749727748907,0.8421052631578947,0.3513513513513513,0.596728307254623,1.0,0.8,0.0069700000458396
clintox,classification,2,2,stratified_scaffold_group,stratified_scaffold_group,4,logreg_l1_c1,linear,0.6767564565398501,0.6767564565398501,0.2218316444747315,0.1168575911686741,1.0,0.0256775356063153,0.8076923076923077,0.4368231046931408,0.6222577061927242,1.0,0.8,0.0075920000090263
clintox,classification,2,3,stratified_scaffold_group,stratified_scaffold_group,4,logreg_l1_c1,linear,0.7839924670433145,0.7839924670433145,0.3136056378447392,0.0959722729137322,1.0,0.0300031503946908,0.8148148148148148,0.5830508474576271,0.698932831136221,1.0,0.8,0.0106850000447593
clintox,classification,2,1,stratified_scaffold_group,stratified_scaffold_group,5,rf_60_sqrt,bagging,0.8028449502133712,0.8028449502133712,0.1938114024890027,0.0453731419492035,1.0,0.1125090694418464,0.8421052631578947,0.7108108108108109,0.7764580369843528,1.0,0.8,0.108609199989587
clintox,classification,2,2,stratified_scaffold_group,stratified_scaffold_group,5,rf_60_sqrt,bagging,0.7174396001110803,0.7174396001110803,0.1908277180034678,0.0747843710830642,1.0,0.05,0.9230769230769232,0.3898916967509025,0.6564843099139128,1.0,0.8,0.144215099979192
clintox,classification,2,3,stratified_scaffold_group,stratified_scaffold_group,5,rf_60_sqrt,bagging,0.7078468298807281,0.7078468298807281,0.1910672276070417,0.0739605914199387,1.0,0.0666666666666666,0.8148148148148148,0.4711864406779661,0.6430006277463904,1.0,0.8,0.1252612000098452
clintox,classification,2,1,stratified_scaffold_group,stratified_scaffold_group,6,rf_90_d12,bagging,0.8221194879089616,0.8221194879089616,0.203060262858843,0.0525091669864876,1.0,0.1790539004066228,0.8421052631578947,0.772972972972973,0.8075391180654339,1.0,0.8,0.1592609999934211
clintox,classification,2,2,stratified_scaffold_group,stratified_scaffold_group,6,rf_90_d12,bagging,0.6827270202721466,0.6827270202721466,0.2126124172609307,0.0766269583381922,1.0,0.0894603810839178,0.8461538461538461,0.3176895306859205,0.5819216884198833,1.0,0.8,0.1709191999980248
clintox,classification,2,3,stratified_scaffold_group,stratified_scaffold_group,6,rf_90_d12,bagging,0.731638418079096,0.731638418079096,0.1991527769389769,0.0750180978422297,1.0,0.1178529226409338,0.8148148148148148,0.5796610169491525,0.6972379158819837,1.0,0.8,0.1600803999463096
clintox,classification,2,1,stratified_scaffold_group,stratified_scaffold_group,7,rf_90_leaf2,bagging,0.8336415362731152,0.8336415362731152,0.2748789265224324,0.0500716504874181,1.0,0.1639581107897914,0.8421052631578947,0.7405405405405405,0.7913229018492176,1.0,0.8,0.14774290000787
clintox,classification,2,2,stratified_scaffold_group,stratified_scaffold_group,7,rf_90_leaf2,bagging,0.7272979727853374,0.7272979727853374,0.1908666929917185,0.0775261885861305,1.0,0.1123708889418533,0.8076923076923077,0.4765342960288808,0.6421133018605942,1.0,0.8,0.1582742999889888
clintox,classification,2,3,stratified_scaffold_group,stratified_scaffold_group,7,rf_90_leaf2,bagging,0.7096672944130571,0.7096672944130571,0.2399893595944747,0.0756544393882505,1.0,0.094250910149294,0.8148148148148148,0.3694915254237287,0.5921531701192717,1.0,0.8,0.16524510004092
clintox,classification,2,1,stratified_scaffold_group,stratified_scaffold_group,8,rf_120_d20_leaf2,bagging,0.8325035561877666,0.8325035561877666,0.2197744876643128,0.0498133951547719,1.0,0.1547947183349566,0.8421052631578947,0.7,0.7710526315789473,1.0,0.8,0.214654800016433
clintox,classification,2,2,stratified_scaffold_group,stratified_scaffold_group,8,rf_120_d20_leaf2,bagging,0.7760344348792002,0.7760344348792002,0.230001863132222,0.0752616081424046,1.0,0.1293862258083639,0.8076923076923077,0.6028880866425993,0.7052901971674534,1.0,0.8,0.2011272999807261
clintox,classification,2,3,stratified_scaffold_group,stratified_scaffold_group,8,rf_120_d20_leaf2,bagging,0.737037037037037,0.737037037037037,0.2483328190183117,0.074703899143401,1.0,0.1095991357235794,0.8148148148148148,0.4711864406779661,0.6430006277463904,1.0,0.8,0.2002465999685228
clintox,classification,2,1,stratified_scaffold_group,stratified_scaffold_group,9,et_60_sqrt,bagging,0.7636557610241821,0.7636557610241821,0.2449616721313916,0.0444927116229648,1.0,0.05,0.8947368421052632,0.4513513513513514,0.6730440967283073,1.0,0.8,0.063873799983412
clintox,classification,2,2,stratified_scaffold_group,stratified_scaffold_group,9,et_60_sqrt,bagging,0.7443765620660928,0.7443765620660928,0.2006239270396196,0.0747420514544914,1.0,0.0666666666666666,0.8461538461538461,0.5812274368231047,0.7136906414884754,1.0,0.8,0.074635999975726
clintox,classification,2,3,stratified_scaffold_group,stratified_scaffold_group,9,et_60_sqrt,bagging,0.7480225988700566,0.7480225988700566,0.236822962475938,0.0726928455596291,1.0,0.0666666666666666,0.8148148148148148,0.5728813559322035,0.6938480853735092,1.0,0.8,0.0700422000372782
clintox,classification,2,1,stratified_scaffold_group,stratified_scaffold_group,10,et_90_d12,bagging,0.8047652916073968,0.8047652916073968,0.2945218239052315,0.0608047711987391,1.0,0.1800689384093124,0.8421052631578947,0.6297297297297297,0.7359174964438122,1.0,0.8,0.0980598000460304
clintox,classification,2,2,stratified_scaffold_group,stratified_scaffold_group,10,et_90_d12,bagging,0.7786725909469592,0.7786725909469592,0.2120334920529435,0.0803057579076578,1.0,0.1763844015145424,0.8076923076923077,0.6425992779783394,0.7251457928353235,1.0,0.8,0.0967658999725245
clintox,classification,2,3,stratified_scaffold_group,stratified_scaffold_group,10,et_90_d12,bagging,0.7490897677338354,0.7490897677338354,0.2250325774574286,0.0762029749394901,1.0,0.1173071098254588,0.8148148148148148,0.5152542372881356,0.6650345260514752,1.0,0.8,0.0902436000178568
clintox,classification,2,1,stratified_scaffold_group,stratified_scaffold_group,11,et_90_leaf2,bagging,0.7886201991465149,0.7886201991465149,0.2613704683783964,0.050258665664381,1.0,0.1100790639662305,0.8421052631578947,0.5621621621621622,0.7021337126600284,1.0,0.8,0.1037889000144787
clintox,classification,2,2,stratified_scaffold_group,stratified_scaffold_group,11,et_90_leaf2,bagging,0.7783948903082477,0.7783948903082477,0.2123249095482988,0.0752333819857186,1.0,0.124560646852316,0.8076923076923077,0.631768953068592,0.7197306303804498,1.0,0.8,0.091455899993889
clintox,classification,2,3,stratified_scaffold_group,stratified_scaffold_group,11,et_90_leaf2,bagging,0.7487758945386064,0.7487758945386064,0.2526788131878811,0.0733610263663508,1.0,0.1138289379281763,0.8148148148148148,0.5694915254237288,0.6921531701192718,1.0,0.8,0.0888260999927297
clintox,classification,2,1,stratified_scaffold_group,stratified_scaffold_group,12,et_120_d20_leaf2,bagging,0.8195590327169274,0.8195590327169274,0.2770417307933904,0.0497140263723846,1.0,0.1475655760575755,0.8421052631578947,0.7054054054054054,0.7737553342816501,1.0,0.8,0.13727619999554
clintox,classification,2,2,stratified_scaffold_group,stratified_scaffold_group,12,et_120_d20_leaf2,bagging,0.8107470147181338,0.8107470147181338,0.235012187789355,0.0741105514183519,1.0,0.1470011646478438,0.8076923076923077,0.6787003610108303,0.7431963343515691,1.0,0.8,0.1213685999973677
clintox,classification,2,3,stratified_scaffold_group,stratified_scaffold_group,12,et_120_d20_leaf2,bagging,0.7527306967984934,0.7527306967984934,0.2677859566837505,0.0738025899947176,1.0,0.1135661346920582,0.8148148148148148,0.5627118644067797,0.6887633396107973,1.0,0.8,0.1395917999907396
clintox,classification,2,1,stratified_scaffold_group,stratified_scaffold_group,13,histgb_lr0.05,boosting,0.8022048364153627,0.8022048364153627,0.1609163494240688,0.0444327961274116,1.0,0.0236539383038534,0.8421052631578947,0.6891891891891893,0.765647226173542,1.0,0.8,0.9923803000128828
clintox,classification,2,2,stratified_scaffold_group,stratified_scaffold_group,13,histgb_lr0.05,boosting,0.7542349347403499,0.7542349347403499,0.2538681991532467,0.0761915152416108,1.0,0.0120914972488162,0.8076923076923077,0.5487364620938628,0.6782143848930853,1.0,0.8,1.067170500056818
clintox,classification,2,3,stratified_scaffold_group,stratified_scaffold_group,13,histgb_lr0.05,boosting,0.7490897677338355,0.7490897677338355,0.2275406899934064,0.0747274764342927,1.0,0.0187539602446444,0.8148148148148148,0.6949152542372881,0.7548650345260515,1.0,0.8,1.061207499995362
clintox,classification,2,1,stratified_scaffold_group,stratified_scaffold_group,14,histgb_lr0.1,boosting,0.8251066856330015,0.8251066856330015,0.2872742085201333,0.0421922881552736,1.0,0.0125523324254767,0.8421052631578947,0.7081081081081081,0.7751066856330013,1.0,0.8,0.8183199999621138
clintox,classification,2,2,stratified_scaffold_group,stratified_scaffold_group,14,histgb_lr0.1,boosting,0.7429880588725354,0.7429880588725354,0.2638522682530311,0.0780225802346182,1.0,0.003203299964141,0.8076923076923077,0.4873646209386282,0.647528464315468,1.0,0.8,0.8217918999725953
clintox,classification,2,3,stratified_scaffold_group,stratified_scaffold_group,14,histgb_lr0.1,boosting,0.7316384180790961,0.7316384180790961,0.2304929821934733,0.0778482869432316,1.0,0.0057243756554688,0.8148148148148148,0.6644067796610169,0.7396107972379158,1.0,0.8,0.8614712000126019
clintox,classification,2,1,stratified_scaffold_group,stratified_scaffold_group,15,gb_lr0.05_d2,boosting,0.7336415362731152,0.7336415362731152,0.0906451884234344,0.0494848150963043,1.0,0.0619962392427829,0.8421052631578947,0.5540540540540541,0.6980796586059743,1.0,0.8,0.2898073999676853
clintox,classification,2,2,stratified_scaffold_group,stratified_scaffold_group,15,gb_lr0.05_d2,boosting,0.7657595112468759,0.7657595112468759,0.1958670014845817,0.0764434165133715,1.0,0.053347813225022,0.8076923076923077,0.6967509025270758,0.7522216051096917,1.0,0.8,0.3074441999779083
clintox,classification,2,3,stratified_scaffold_group,stratified_scaffold_group,15,gb_lr0.05_d2,boosting,0.7052102950408036,0.7052102950408036,0.1588984083972515,0.0781788933190446,1.0,0.043365088411467,0.8148148148148148,0.5084745762711864,0.6616446955430006,1.0,0.8,0.3207175999996252
clintox,classification,2,1,stratified_scaffold_group,stratified_scaffold_group,16,gb_lr0.1_d3,boosting,0.7617354196301565,0.7617354196301565,0.1669717570264974,0.0458838755416605,1.0,0.02672730012831,0.8947368421052632,0.5621621621621622,0.7284495021337127,1.0,0.8,0.4190213999827392
clintox,classification,2,2,stratified_scaffold_group,stratified_scaffold_group,16,gb_lr0.1_d3,boosting,0.820049986114968,0.820049986114968,0.228209782591432,0.0828101602487846,1.0,0.0310183218325495,0.8076923076923077,0.7184115523465704,0.763051930019439,1.0,0.8,0.4623014000244438
clintox,classification,2,3,stratified_scaffold_group,stratified_scaffold_group,16,gb_lr0.1_d3,boosting,0.7183301946013811,0.7183301946013811,0.2133459446827736,0.0787379309123834,1.0,0.0153559964237414,0.8148148148148148,0.4576271186440678,0.6362209667294413,1.0,0.8,0.4663835999672301
clintox,classification,2,1,stratified_scaffold_group,stratified_scaffold_group,17,lgbm_60_l15,boosting,0.7807254623044095,0.7807254623044095,0.1451800263592615,0.0461280093955458,1.0,0.0251130978753608,0.8421052631578947,0.5864864864864865,0.7142958748221906,1.0,0.8,0.0459331999882124
clintox,classification,2,2,stratified_scaffold_group,stratified_scaffold_group,17,lgbm_60_l15,boosting,0.7813107470147181,0.7813107470147181,0.2427975099663132,0.0761345408046255,1.0,0.0223173884051351,0.8076923076923077,0.6137184115523466,0.7107053596223272,1.0,0.8,0.0417901999899186
clintox,classification,2,3,stratified_scaffold_group,stratified_scaffold_group,17,lgbm_60_l15,boosting,0.7588826114249844,0.7588826114249844,0.2745621603996547,0.0716725125892933,1.0,0.0287726446706832,0.8148148148148148,0.6067796610169491,0.710797237915882,1.0,0.8,0.0444564999779686
clintox,classification,2,1,stratified_scaffold_group,stratified_scaffold_group,18,lgbm_90_l31,boosting,0.7295163584637269,0.7295163584637269,0.1401317468786503,0.0466138361032113,1.0,0.0114417373204416,0.8421052631578947,0.5756756756756757,0.7088904694167852,1.0,0.8,0.0668176999897696
clintox,classification,2,2,stratified_scaffold_group,stratified_scaffold_group,18,lgbm_90_l31,boosting,0.8011663426825881,0.8011663426825881,0.2786274913620597,0.077131725769815,1.0,0.0120040864276796,0.8076923076923077,0.6750902527075813,0.7413912801999445,1.0,0.8,0.0767863999935798
clintox,classification,2,3,stratified_scaffold_group,stratified_scaffold_group,18,lgbm_90_l31,boosting,0.7443188951663529,0.7443188951663529,0.2758927982787875,0.0740677955677859,1.0,0.0101454399380958,0.8148148148148148,0.5593220338983051,0.6870684243565599,1.0,0.8,0.0790437000105157
clintox,classification,2,1,stratified_scaffold_group,stratified_scaffold_group,19,lgbm_60_l63,boosting,0.7322190611664295,0.7322190611664295,0.1295382347181874,0.0476975219024346,1.0,0.0086271946986302,0.8421052631578947,0.5567567567567567,0.6994310099573258,1.0,0.8,0.0657244000467471
clintox,classification,2,2,stratified_scaffold_group,stratified_scaffold_group,19,lgbm_60_l63,boosting,0.8275479033601777,0.8275479033601777,0.3220785128343413,0.0743000741054937,1.0,0.0171486829388579,0.8076923076923077,0.7581227436823105,0.782907525687309,1.0,0.8,0.0760497999726794
clintox,classification,2,3,stratified_scaffold_group,stratified_scaffold_group,19,lgbm_60_l63,boosting,0.7542372881355932,0.7542372881355932,0.2997449574147283,0.0748543682168903,1.0,0.0062965416434661,0.8148148148148148,0.5016949152542373,0.658254865034526,1.0,0.8,0.0616560999769717
clintox,classification,2,1,stratified_scaffold_group,stratified_scaffold_group,20,lgbm_100_leaf10,boosting,0.7628022759601707,0.7628022759601707,0.1602189192472112,0.0468155579025158,1.0,0.0031218384302613,0.8421052631578947,0.5351351351351351,0.6886201991465148,1.0,0.8,0.1015402000048197
clintox,classification,2,2,stratified_scaffold_group,stratified_scaffold_group,20,lgbm_100_leaf10,boosting,0.7327131352402111,0.7327131352402111,0.192936599876757,0.0822365341532583,1.0,0.0039604450116808,0.8076923076923077,0.5992779783393503,0.703485143015829,1.0,0.8,0.1023352000047452
clintox,classification,2,3,stratified_scaffold_group,stratified_scaffold_group,20,lgbm_100_leaf10,boosting,0.7331450094161959,0.7331450094161959,0.2108206493080028,0.0802101574674575,1.0,0.0029663121376935,0.8148148148148148,0.5559322033898305,0.6853735091023226,1.0,0.8,0.095472700020764
clintox,classification,2,1,stratified_scaffold_group,stratified_scaffold_group,21,lgbm_100_leaf30,boosting,0.7756045519203414,0.7756045519203414,0.1781309537290082,0.0443215830317751,1.0,0.0187935108336354,0.8421052631578947,0.6,0.7210526315789474,1.0,0.8,0.0531995000201277
clintox,classification,2,2,stratified_scaffold_group,stratified_scaffold_group,21,lgbm_100_leaf30,boosting,0.757289641766176,0.757289641766176,0.2333557758557752,0.0768944439936854,1.0,0.0117688788438796,0.8076923076923077,0.5342960288808665,0.6709941682865871,1.0,0.8,0.0607579999486915
clintox,classification,2,3,stratified_scaffold_group,stratified_scaffold_group,21,lgbm_100_leaf30,boosting,0.7554927809165098,0.7554927809165098,0.2736871099793319,0.0749464892504257,1.0,0.011857983072262,0.8148148148148148,0.5152542372881356,0.6650345260514752,1.0,0.8,0.0758629000047221
clintox,classification,2,1,stratified_scaffold_group,stratified_scaffold_group,22,lgbm_80_ff0.7,boosting,0.7754623044096728,0.7754623044096728,0.1680940232577773,0.0455408619413766,1.0,0.0063630949227688,0.8421052631578947,0.5567567567567567,0.6994310099573258,1.0,0.8,0.0860222000046633
clintox,classification,2,2,stratified_scaffold_group,stratified_scaffold_group,22,lgbm_80_ff0.7,boosting,0.8026936961955012,0.8026936961955012,0.2877395053402271,0.0766448497956589,1.0,0.009319446666728,0.8076923076923077,0.6570397111913358,0.7323660094418217,1.0,0.8,0.0874782999744638
clintox,classification,2,3,stratified_scaffold_group,stratified_scaffold_group,22,lgbm_80_ff0.7,boosting,0.7328939108600127,0.7328939108600127,0.2272395995430316,0.0778722196090687,1.0,0.0049121298827171,0.8148148148148148,0.5254237288135593,0.6701192718141871,1.0,0.8,0.0690552000305615
clintox,classification,2,1,stratified_scaffold_group,stratified_scaffold_group,23,lgbm_80_bag0.8,boosting,0.7697724039829303,0.7697724039829303,0.1458380918590691,0.0469827103443369,1.0,0.0065083587587282,0.8421052631578947,0.5351351351351351,0.6886201991465148,1.0,0.8,0.0603370000026188
clintox,classification,2,2,stratified_scaffold_group,stratified_scaffold_group,23,lgbm_80_bag0.8,boosting,0.7597889475145793,0.7597889475145793,0.2737169906525877,0.0756167714259028,1.0,0.0093216271073385,0.8076923076923077,0.6064981949458483,0.707095251319078,1.0,0.8,0.0690634999773465
clintox,classification,2,3,stratified_scaffold_group,stratified_scaffold_group,23,lgbm_80_bag0.8,boosting,0.7828625235404896,0.7828625235404896,0.3170188314433908,0.071923159207614,1.0,0.0056889783065006,0.8518518518518519,0.5220338983050847,0.6869428750784683,1.0,0.8,0.0817067000316456
clintox,classification,2,1,stratified_scaffold_group,stratified_scaffold_group,24,lgbm_120_l15,boosting,0.7703413940256045,0.7703413940256045,0.1313663381871155,0.0475948702112886,1.0,0.0172578590398406,0.8421052631578947,0.6432432432432432,0.742674253200569,1.0,0.8,0.0821408999618142
clintox,classification,2,2,stratified_scaffold_group,stratified_scaffold_group,24,lgbm_120_l15,boosting,0.7799222438211608,0.7799222438211608,0.2544429110580853,0.0761886174481986,1.0,0.0160505463067406,0.8076923076923077,0.631768953068592,0.7197306303804498,1.0,0.8,0.0812691999599337
clintox,classification,2,3,stratified_scaffold_group,stratified_scaffold_group,24,lgbm_120_l15,boosting,0.7595103578154425,0.7595103578154425,0.2819581510535487,0.0734016965998353,1.0,0.0087334566824625,0.8148148148148148,0.4983050847457627,0.6565599497802888,1.0,0.8,0.0741098999860696
clintox,classification,2,1,stratified_scaffold_group,stratified_scaffold_group,25,xgb_60_d3,boosting,0.7830014224751067,0.7830014224751067,0.1766997159992238,0.0446135120425116,1.0,0.0469958968460559,0.8421052631578947,0.5756756756756757,0.7088904694167852,1.0,0.8,0.0552337999688461
clintox,classification,2,2,stratified_scaffold_group,stratified_scaffold_group,25,xgb_60_d3,boosting,0.8068592057761733,0.8068592057761733,0.2692861386918864,0.0732928949704338,1.0,0.0431230291724205,0.8076923076923077,0.631768953068592,0.7197306303804498,1.0,0.8,0.0529220000025816
clintox,classification,2,3,stratified_scaffold_group,stratified_scaffold_group,25,xgb_60_d3,boosting,0.7775894538606404,0.7775894538606404,0.2953338151006615,0.0692258254687362,1.0,0.0401138626039028,0.8148148148148148,0.5898305084745763,0.7023226616446956,1.0,0.8,0.0577518999925814
clintox,classification,2,1,stratified_scaffold_group,stratified_scaffold_group,26,xgb_80_d5,boosting,0.7788762446657185,0.7788762446657185,0.1678009120814179,0.0454218291256131,1.0,0.0375202074646949,0.8421052631578947,0.6270270270270271,0.7345661450924609,1.0,0.8,0.0830738999648019
clintox,classification,2,2,stratified_scaffold_group,stratified_scaffold_group,26,xgb_80_d5,boosting,0.7840877534018329,0.7840877534018329,0.2716338840242974,0.0740256455663141,1.0,0.045490875840187,0.8076923076923077,0.7436823104693141,0.775687309080811,1.0,0.8,0.0793204000219702
clintox,classification,2,3,stratified_scaffold_group,stratified_scaffold_group,26,xgb_80_d5,boosting,0.7813559322033898,0.7813559322033898,0.3185971002085701,0.0688147240586251,1.0,0.0341364592313766,0.8518518518518519,0.6305084745762712,0.7411801632140615,1.0,0.8,0.0853765999781899
clintox,classification,2,1,stratified_scaffold_group,stratified_scaffold_group,27,xgb_100_d3,boosting,0.7798719772403983,0.7798719772403983,0.194199607252239,0.0437900974195662,1.0,0.0430200919508934,0.8421052631578947,0.6270270270270271,0.7345661450924609,1.0,0.8,0.0697025000117719
clintox,classification,2,2,stratified_scaffold_group,stratified_scaffold_group,27,xgb_100_d3,boosting,0.8047764509858373,0.8047764509858373,0.2662720112584904,0.0739174267397799,1.0,0.0435987599194049,0.8076923076923077,0.6859205776173285,0.7468064426548181,1.0,0.8,0.081336100003682
clintox,classification,2,3,stratified_scaffold_group,stratified_scaffold_group,27,xgb_100_d3,boosting,0.7591337099811677,0.7591337099811677,0.2770304259262037,0.0700882297908527,1.0,0.0362247601151466,0.8148148148148148,0.5457627118644068,0.6802887633396109,1.0,0.8,0.0705076000303961
clintox,classification,2,1,stratified_scaffold_group,stratified_scaffold_group,28,xgb_60_d6,boosting,0.8033428165007113,0.8033428165007113,0.1671103861131828,0.0440213024907054,1.0,0.0294868312776088,0.8421052631578947,0.6,0.7210526315789474,1.0,0.8,0.0704498999984934
clintox,classification,2,2,stratified_scaffold_group,stratified_scaffold_group,28,xgb_60_d6,boosting,0.7624271035823382,0.7624271035823382,0.2381785556476942,0.074525143564592,1.0,0.0237576849758625,0.8076923076923077,0.5306859205776173,0.6691891141349625,1.0,0.8,0.081613499962259
clintox,classification,2,3,stratified_scaffold_group,stratified_scaffold_group,28,xgb_60_d6,boosting,0.7321406151914626,0.7321406151914626,0.2626467533928882,0.0717083758584005,1.0,0.0196041353046894,0.8148148148148148,0.4542372881355933,0.634526051475204,1.0,0.8,0.0675396000151522
clintox,classification,2,1,stratified_scaffold_group,stratified_scaffold_group,29,cat_60_d4,boosting,0.7299431009957326,0.7299431009957326,0.0911167712561,0.0462548655375002,1.0,0.0633768564127451,0.8421052631578947,0.5972972972972973,0.7197012802275959,1.0,0.8,0.2746131999883801
clintox,classification,2,2,stratified_scaffold_group,stratified_scaffold_group,29,cat_60_d4,boosting,0.7192446542627048,0.7192446542627048,0.1952324716123271,0.0766344120866513,1.0,0.0478275512831182,0.8076923076923077,0.5956678700361011,0.7016800888642044,1.0,0.8,0.2669205000274814
clintox,classification,2,3,stratified_scaffold_group,stratified_scaffold_group,29,cat_60_d4,boosting,0.6524168236032643,0.6524168236032643,0.1606667471160646,0.0769100505891308,1.0,0.040099508344205,0.8148148148148148,0.3966101694915254,0.60571249215317,1.0,0.8,0.2702031999942846
clintox,classification,2,1,stratified_scaffold_group,stratified_scaffold_group,30,cat_80_d6,boosting,0.8014935988620199,0.8014935988620199,0.1361292741833304,0.0446939881440438,1.0,0.0559666357339877,0.8421052631578947,0.6216216216216216,0.7318634423897581,1.0,0.8,0.9709301000111736
clintox,classification,2,2,stratified_scaffold_group,stratified_scaffold_group,30,cat_80_d6,boosting,0.7141071924465425,0.7141071924465425,0.2299487712987901,0.0766264933201283,1.0,0.0363111659426843,0.8076923076923077,0.4584837545126353,0.6330880311024716,1.0,0.8,0.9612088999710976
clintox,classification,2,3,stratified_scaffold_group,stratified_scaffold_group,30,cat_80_d6,boosting,0.6918392969240428,0.6918392969240428,0.1997174812503659,0.075600651579654,1.0,0.0410102771565578,0.8148148148148148,0.5254237288135593,0.6701192718141871,1.0,0.8,0.9164613999892026
clintox,classification,2,1,stratified_scaffold_group,stratified_scaffold_group,31,cat_100_d4,boosting,0.7859886201991465,0.7859886201991465,0.1206840017732334,0.0453826236064524,1.0,0.059900615001861,0.8421052631578947,0.6,0.7210526315789474,1.0,0.8,0.4021466000122018
clintox,classification,2,2,stratified_scaffold_group,stratified_scaffold_group,31,cat_100_d4,boosting,0.7449319633435157,0.7449319633435157,0.1872141191240739,0.0765102856464303,1.0,0.0444314024305351,0.8076923076923077,0.5451263537906137,0.6764093307414607,1.0,0.8,0.4186891000135802
clintox,classification,2,3,stratified_scaffold_group,stratified_scaffold_group,31,cat_100_d4,boosting,0.6865662272441933,0.6865662272441933,0.1981275046600292,0.0748210193384329,1.0,0.039711976406687,0.8148148148148148,0.4,0.6074074074074074,1.0,0.8,0.4341971999965608
clintox,classification,2,1,stratified_scaffold_group,stratified_scaffold_group,32,cat_60_d8,boosting,0.7828591749644381,0.7828591749644381,0.1653813015819292,0.0441754952668378,1.0,0.0473336278089438,0.8421052631578947,0.5837837837837838,0.7129445234708393,1.0,0.8,2.4286859999992885
clintox,classification,2,2,stratified_scaffold_group,stratified_scaffold_group,32,cat_60_d8,boosting,0.7392391002499306,0.7392391002499306,0.1825336125014633,0.0778728790023194,1.0,0.0369510480167628,0.8076923076923077,0.5667870036101084,0.687239655651208,1.0,0.8,2.318981100048404
clintox,classification,2,3,stratified_scaffold_group,stratified_scaffold_group,32,cat_60_d8,boosting,0.721594475831764,0.721594475831764,0.2475527359833753,0.0752748795687043,1.0,0.0310826980800593,0.8148148148148148,0.423728813559322,0.6192718141870683,1.0,0.8,2.3055982000078075
clintox,classification,3,1,stratified_scaffold_group,stratified_scaffold_group,1,logreg_l2_c0.1,linear,0.7593954248366013,0.7593954248366013,0.3216869991206125,0.0988557185932902,1.0,0.161668380666365,0.8333333333333334,0.5,0.6666666666666667,1.0,0.8,0.0040224000113084
clintox,classification,3,2,stratified_scaffold_group,stratified_scaffold_group,1,logreg_l2_c0.1,linear,0.7434813248766737,0.7434813248766737,0.2800412687008762,0.0924030833753708,1.0,0.1373733644426466,0.8181818181818182,0.4806201550387596,0.649400986610289,1.0,0.8,0.0038742999895475
clintox,classification,3,3,stratified_scaffold_group,stratified_scaffold_group,1,logreg_l2_c0.1,linear,0.7885447106954997,0.7885447106954997,0.3325302524631472,0.0877361431391203,1.0,0.1823348291382533,0.8275862068965517,0.5864406779661018,0.7070134424313268,1.0,0.8,0.0032534000347368
clintox,classification,3,1,stratified_scaffold_group,stratified_scaffold_group,2,logreg_l2_c1,linear,0.7689950980392156,0.7689950980392156,0.3231638103904504,0.0785616853040155,1.0,0.0302726340753826,0.8333333333333334,0.5220588235294117,0.6776960784313726,1.0,0.8,0.0046912999823689
clintox,classification,3,2,stratified_scaffold_group,stratified_scaffold_group,2,logreg_l2_c1,linear,0.732029598308668,0.732029598308668,0.30454441814383,0.075794956490831,1.0,0.0218191437269515,0.8181818181818182,0.5348837209302326,0.6765327695560255,1.0,0.8,0.0051185999764129
clintox,classification,3,3,stratified_scaffold_group,stratified_scaffold_group,2,logreg_l2_c1,linear,0.7616598480420808,0.7616598480420808,0.3360570606743033,0.0756079630518741,1.0,0.0225630559614673,0.8275862068965517,0.4610169491525423,0.644301578024547,1.0,0.8,0.0046137000317685
clintox,classification,3,1,stratified_scaffold_group,stratified_scaffold_group,3,logreg_l2_c10,linear,0.7704248366013072,0.7704248366013072,0.3118338888121334,0.081285434820747,1.0,0.0025586283080907,0.8333333333333334,0.5,0.6666666666666667,1.0,0.8,0.0093082000385038
clintox,classification,3,2,stratified_scaffold_group,stratified_scaffold_group,3,logreg_l2_c10,linear,0.7232205778717405,0.7232205778717405,0.2894461249351217,0.081487072400085,1.0,0.0016580310509675,0.8181818181818182,0.5465116279069768,0.6823467230443976,1.0,0.8,0.0121932000038214
clintox,classification,3,3,stratified_scaffold_group,stratified_scaffold_group,3,logreg_l2_c10,linear,0.7462302746931619,0.7462302746931619,0.3240742551008909,0.0762735134042159,1.0,0.0011082757231965,0.8275862068965517,0.4135593220338983,0.620572764465225,1.0,0.8,0.0066341000492684
clintox,classification,3,1,stratified_scaffold_group,stratified_scaffold_group,4,logreg_l1_c1,linear,0.7299836601307189,0.7299836601307189,0.2715165325392168,0.1059947771619328,1.0,0.0171042597223461,0.8333333333333334,0.3639705882352941,0.5986519607843137,1.0,0.8,0.0083403000026009
clintox,classification,3,2,stratified_scaffold_group,stratified_scaffold_group,4,logreg_l1_c1,linear,0.7077167019027484,0.7077167019027484,0.191672248505857,0.0978646093061439,1.0,0.018322750178934,0.8181818181818182,0.4612403100775194,0.6397110641296688,1.0,0.8,0.0071037000161595
clintox,classification,3,3,stratified_scaffold_group,stratified_scaffold_group,4,logreg_l1_c1,linear,0.7304500292226768,0.7304500292226768,0.2314459577664411,0.0890338752376849,1.0,0.0163945703718523,0.8620689655172413,0.4474576271186441,0.6547632963179427,1.0,0.8,0.0074327000183984
clintox,classification,3,1,stratified_scaffold_group,stratified_scaffold_group,5,rf_60_sqrt,bagging,0.8324142156862745,0.8324142156862745,0.3169446169458033,0.0526355016853226,1.0,0.0963024282560706,0.8333333333333334,0.5955882352941176,0.7144607843137255,1.0,0.8,0.1117819999926723
clintox,classification,3,2,stratified_scaffold_group,stratified_scaffold_group,5,rf_60_sqrt,bagging,0.8049682875264271,0.8049682875264271,0.2932891248694145,0.0648040067489943,1.0,0.0807769423558897,0.8181818181818182,0.6434108527131783,0.7307963354474982,1.0,0.8,0.1208634999929927
clintox,classification,3,3,stratified_scaffold_group,stratified_scaffold_group,5,rf_60_sqrt,bagging,0.6362361192285213,0.6362361192285213,0.2666821621444901,0.0770190426956112,1.0,0.0166666666666666,0.8275862068965517,0.1220338983050847,0.4748100526008182,1.0,0.8,0.109889600018505
clintox,classification,3,1,stratified_scaffold_group,stratified_scaffold_group,6,rf_90_d12,bagging,0.7816584967320263,0.7816584967320263,0.2815865677636547,0.0599069449288824,1.0,0.1250396756647833,0.8333333333333334,0.5073529411764706,0.670343137254902,1.0,0.8,0.1624096999876201
clintox,classification,3,2,stratified_scaffold_group,stratified_scaffold_group,6,rf_90_d12,bagging,0.8167723749119098,0.8167723749119098,0.287355550356947,0.0667569662373228,1.0,0.1270774682887168,0.8181818181818182,0.6976744186046512,0.7579281183932347,1.0,0.8,0.1457869000150822
clintox,classification,3,3,stratified_scaffold_group,stratified_scaffold_group,6,rf_90_d12,bagging,0.713676212741087,0.713676212741087,0.3313729454575161,0.0741287041689741,1.0,0.0446346718005133,0.8275862068965517,0.2983050847457626,0.5629456458211572,1.0,0.8,0.1505272000213153
clintox,classification,3,1,stratified_scaffold_group,stratified_scaffold_group,7,rf_90_leaf2,bagging,0.7975898692810458,0.7975898692810458,0.2883719637554399,0.0587586156867417,1.0,0.1266686433050617,0.8333333333333334,0.5404411764705883,0.6868872549019609,1.0,0.8,0.1618444999912753
clintox,classification,3,2,stratified_scaffold_group,stratified_scaffold_group,7,rf_90_leaf2,bagging,0.801092318534179,0.801092318534179,0.283541238198563,0.066799298157194,1.0,0.1284285417892225,0.8181818181818182,0.6666666666666667,0.7424242424242424,1.0,0.8,0.1482489999616518
clintox,classification,3,3,stratified_scaffold_group,stratified_scaffold_group,7,rf_90_leaf2,bagging,0.7416715371127995,0.7416715371127995,0.2942018633562495,0.0746949804491244,1.0,0.0904067216076421,0.8275862068965517,0.5254237288135593,0.6765049678550554,1.0,0.8,0.1481572999618947
clintox,classification,3,1,stratified_scaffold_group,stratified_scaffold_group,8,rf_120_d20_leaf2,bagging,0.7947303921568627,0.7947303921568627,0.3195408204803473,0.0582229851357998,1.0,0.1483414230244252,0.8333333333333334,0.6544117647058824,0.7438725490196079,1.0,0.8,0.1897190000163391
clintox,classification,3,2,stratified_scaffold_group,stratified_scaffold_group,8,rf_120_d20_leaf2,bagging,0.8099013389711064,0.8099013389711064,0.2767213236278805,0.0673565328332158,1.0,0.1456281180389085,0.8181818181818182,0.7325581395348837,0.775369978858351,1.0,0.8,0.1970206000260077
clintox,classification,3,3,stratified_scaffold_group,stratified_scaffold_group,8,rf_120_d20_leaf2,bagging,0.757802454704851,0.757802454704851,0.2972345420800366,0.0744052189525458,1.0,0.1130643845695095,0.8275862068965517,0.6067796610169491,0.7171829339567504,1.0,0.8,0.195724599994719
clintox,classification,3,1,stratified_scaffold_group,stratified_scaffold_group,9,et_60_sqrt,bagging,0.8288398692810457,0.8288398692810457,0.3932126803988183,0.0488482692414008,1.0,0.0819260485651214,0.8333333333333334,0.6360294117647058,0.7346813725490196,1.0,0.8,0.0644362000166438
clintox,classification,3,2,stratified_scaffold_group,stratified_scaffold_group,9,et_60_sqrt,bagging,0.7906976744186046,0.7906976744186046,0.2910536206830114,0.065261456362869,1.0,0.0666666666666666,0.8636363636363636,0.5891472868217054,0.7263918252290344,1.0,0.8,0.0665789000340737
clintox,classification,3,3,stratified_scaffold_group,stratified_scaffold_group,9,et_60_sqrt,bagging,0.7977206312098188,0.7977206312098188,0.3655345217083768,0.0707695604134394,1.0,0.0821637426900584,0.8275862068965517,0.6983050847457627,0.7629456458211572,1.0,0.8,0.0739107999834232
clintox,classification,3,1,stratified_scaffold_group,stratified_scaffold_group,10,et_90_d12,bagging,0.7986111111111112,0.7986111111111112,0.3616417960671094,0.0621111748710398,1.0,0.1637911216616386,0.8333333333333334,0.6433823529411764,0.7383578431372548,1.0,0.8,0.093478699971456
clintox,classification,3,2,stratified_scaffold_group,stratified_scaffold_group,10,et_90_d12,bagging,0.7832980972515856,0.7832980972515856,0.2973819004341519,0.0726212219394725,1.0,0.1612912261662948,0.8181818181818182,0.6434108527131783,0.7307963354474982,1.0,0.8,0.0900080999708734
clintox,classification,3,3,stratified_scaffold_group,stratified_scaffold_group,10,et_90_d12,bagging,0.7933372296902396,0.7933372296902396,0.3952119753027573,0.0697763871689441,1.0,0.0901143043001543,0.8275862068965517,0.5661016949152542,0.696843950905903,1.0,0.8,0.0892367000342346
clintox,classification,3,1,stratified_scaffold_group,stratified_scaffold_group,11,et_90_leaf2,bagging,0.8316993464052288,0.8316993464052288,0.3455305196561713,0.0569084890909748,1.0,0.1342212196173647,0.8333333333333334,0.6360294117647058,0.7346813725490196,1.0,0.8,0.089784600015264
clintox,classification,3,2,stratified_scaffold_group,stratified_scaffold_group,11,et_90_leaf2,bagging,0.8002114164904863,0.8002114164904863,0.3343544255957509,0.0643870217980265,1.0,0.1085771599501924,0.8181818181818182,0.6201550387596899,0.719168428470754,1.0,0.8,0.0896834000013768
clintox,classification,3,3,stratified_scaffold_group,stratified_scaffold_group,11,et_90_leaf2,bagging,0.7355347749853887,0.7355347749853887,0.2865772846543366,0.074282250551005,1.0,0.1014913960274879,0.8275862068965517,0.6169491525423729,0.7222676797194623,1.0,0.8,0.0919278999790549
clintox,classification,3,1,stratified_scaffold_group,stratified_scaffold_group,12,et_120_d20_leaf2,bagging,0.8208741830065359,0.8208741830065359,0.3435683321167515,0.0580040599041239,1.0,0.1419423599394879,0.8333333333333334,0.6286764705882353,0.7310049019607843,1.0,0.8,0.1229158000205643
clintox,classification,3,2,stratified_scaffold_group,stratified_scaffold_group,12,et_120_d20_leaf2,bagging,0.8167723749119098,0.8167723749119098,0.3161748337141002,0.0652674164645731,1.0,0.1232510535480545,0.8181818181818182,0.6395348837209303,0.7288583509513742,1.0,0.8,0.1199292000383138
clintox,classification,3,3,stratified_scaffold_group,stratified_scaffold_group,12,et_120_d20_leaf2,bagging,0.7402688486265342,0.7402688486265342,0.2992657104404841,0.0742351957649619,1.0,0.0917261278741407,0.8275862068965517,0.5322033898305085,0.6798947983635302,1.0,0.8,0.124527899955865
clintox,classification,3,1,stratified_scaffold_group,stratified_scaffold_group,13,histgb_lr0.05,boosting,0.8347630718954249,0.8347630718954249,0.4272610518036963,0.0458070951539932,1.0,0.0151835740128164,0.8333333333333334,0.5625,0.6979166666666667,1.0,0.8,0.930958000011742
clintox,classification,3,2,stratified_scaffold_group,stratified_scaffold_group,13,histgb_lr0.05,boosting,0.810429880197322,0.810429880197322,0.316168442872115,0.0667254959381307,1.0,0.017046271185926,0.8181818181818182,0.7015503875968992,0.7598661028893587,1.0,0.8,0.943214499973692
clintox,classification,3,3,stratified_scaffold_group,stratified_scaffold_group,13,histgb_lr0.05,boosting,0.7347749853886616,0.7347749853886616,0.3500476871679762,0.076320204770763,1.0,0.0060639744590571,0.8275862068965517,0.4372881355932203,0.632437171244886,1.0,0.8,0.8764007999561727
clintox,classification,3,1,stratified_scaffold_group,stratified_scaffold_group,14,histgb_lr0.1,boosting,0.8304738562091503,0.8304738562091503,0.421358771520354,0.0462047640225497,1.0,0.0074276905441196,0.8333333333333334,0.5808823529411764,0.7071078431372548,1.0,0.8,0.857707199989818
clintox,classification,3,2,stratified_scaffold_group,stratified_scaffold_group,14,histgb_lr0.1,boosting,0.7877026074700493,0.7877026074700493,0.295397471223349,0.0687274830173997,1.0,0.004380678750992,0.8181818181818182,0.6124031007751938,0.715292459478506,1.0,0.8,0.845978900033515
clintox,classification,3,3,stratified_scaffold_group,stratified_scaffold_group,14,histgb_lr0.1,boosting,0.7554646405610754,0.7554646405610754,0.3497841342850703,0.0786417984768934,1.0,0.0024557516245625,0.8275862068965517,0.5152542372881356,0.6714202220923436,1.0,0.8,0.741776899958495
clintox,classification,3,1,stratified_scaffold_group,stratified_scaffold_group,15,gb_lr0.05_d2,boosting,0.7639910130718954,0.7639910130718954,0.1917932507858229,0.0575167759940588,1.0,0.0642167700465304,0.8333333333333334,0.6470588235294117,0.7401960784313726,1.0,0.8,0.2644073999836109
clintox,classification,3,2,stratified_scaffold_group,stratified_scaffold_group,15,gb_lr0.05_d2,boosting,0.7517618040873855,0.7517618040873855,0.2048856276531473,0.0713959837812792,1.0,0.0617630267853579,0.8181818181818182,0.7054263565891472,0.7618040873854828,1.0,0.8,0.2729067999753169
clintox,classification,3,3,stratified_scaffold_group,stratified_scaffold_group,15,gb_lr0.05_d2,boosting,0.6082992402104033,0.6082992402104033,0.1953488892496049,0.0815896933020512,1.0,0.0259210144638034,0.8620689655172413,0.3016949152542373,0.5818819403857394,1.0,0.8,0.2512572000268847
clintox,classification,3,1,stratified_scaffold_group,stratified_scaffold_group,16,gb_lr0.1_d3,boosting,0.7709354575163399,0.7709354575163399,0.3005268939033848,0.0572015332531098,1.0,0.0204152207937634,0.8333333333333334,0.5036764705882353,0.6685049019607843,1.0,0.8,0.3828399000340141
clintox,classification,3,2,stratified_scaffold_group,stratified_scaffold_group,16,gb_lr0.1_d3,boosting,0.7889358703312191,0.7889358703312191,0.2420481587529579,0.0695358274162958,1.0,0.032904585260427,0.8181818181818182,0.748062015503876,0.7831219168428472,1.0,0.8,0.4007571999682113
clintox,classification,3,3,stratified_scaffold_group,stratified_scaffold_group,16,gb_lr0.1_d3,boosting,0.610812390414962,0.610812390414962,0.1840570498939963,0.0837729075302477,1.0,0.0063279882953219,0.8620689655172413,0.2745762711864407,0.5683226183518411,1.0,0.8,0.3737102000159211
clintox,classification,3,1,stratified_scaffold_group,stratified_scaffold_group,17,lgbm_60_l15,boosting,0.8094362745098039,0.8094362745098039,0.2904020606756504,0.0502500621430929,1.0,0.0309388474503977,0.8333333333333334,0.5625,0.6979166666666667,1.0,0.8,0.052238899981603
clintox,classification,3,2,stratified_scaffold_group,stratified_scaffold_group,17,lgbm_60_l15,boosting,0.784707540521494,0.784707540521494,0.3347945172113258,0.0669579275871544,1.0,0.023221951479284,0.8181818181818182,0.6705426356589148,0.7443622269203665,1.0,0.8,0.046655100013595
clintox,classification,3,3,stratified_scaffold_group,stratified_scaffold_group,17,lgbm_60_l15,boosting,0.7147866744593806,0.7147866744593806,0.2961681361091149,0.0775217666208655,1.0,0.0111279799681435,0.8275862068965517,0.3728813559322034,0.6002337814143776,1.0,0.8,0.049050600035116
clintox,classification,3,1,stratified_scaffold_group,stratified_scaffold_group,18,lgbm_90_l31,boosting,0.8131127450980392,0.8131127450980392,0.3052219285978062,0.0506367124371324,1.0,0.015887997831403,0.8333333333333334,0.5882352941176471,0.7107843137254902,1.0,0.8,0.0810987000004388
clintox,classification,3,2,stratified_scaffold_group,stratified_scaffold_group,18,lgbm_90_l31,boosting,0.7864693446088795,0.7864693446088795,0.323755741318626,0.0680662949854672,1.0,0.0092987072729331,0.8181818181818182,0.627906976744186,0.7230443974630021,1.0,0.8,0.1245318999863229
clintox,classification,3,3,stratified_scaffold_group,stratified_scaffold_group,18,lgbm_90_l31,boosting,0.7309175920514319,0.7309175920514319,0.3346341220842247,0.0779393177934663,1.0,0.0041231086087167,0.8275862068965517,0.3457627118644067,0.5866744593804792,1.0,0.8,0.0839593000127933
clintox,classification,3,1,stratified_scaffold_group,stratified_scaffold_group,19,lgbm_60_l63,boosting,0.7898284313725491,0.7898284313725491,0.3406223520801932,0.0481319583695456,1.0,0.0144403315278836,0.8333333333333334,0.5845588235294117,0.7089460784313726,1.0,0.8,0.0590341000352054
clintox,classification,3,2,stratified_scaffold_group,stratified_scaffold_group,19,lgbm_60_l63,boosting,0.7977448907681466,0.7977448907681466,0.3050109204872624,0.0689872945016496,1.0,0.013276478532253,0.8181818181818182,0.7248062015503876,0.771494009866103,1.0,0.8,0.0622517999727278
clintox,classification,3,3,stratified_scaffold_group,stratified_scaffold_group,19,lgbm_60_l63,boosting,0.7144360023378141,0.7144360023378141,0.3165313579103549,0.0785531030920256,1.0,0.0030627868673255,0.8275862068965517,0.3491525423728814,0.5883693746347165,1.0,0.8,0.0825711999787017
clintox,classification,3,1,stratified_scaffold_group,stratified_scaffold_group,20,lgbm_100_leaf10,boosting,0.8206699346405228,0.8206699346405228,0.378943747785834,0.0503290077238764,1.0,0.0080093261689177,0.8333333333333334,0.6838235294117647,0.758578431372549,1.0,0.8,0.0990372999804094
clintox,classification,3,2,stratified_scaffold_group,stratified_scaffold_group,20,lgbm_100_leaf10,boosting,0.7965116279069767,0.7965116279069767,0.319642022299313,0.0709568575794497,1.0,0.0033658401070276,0.8181818181818182,0.6201550387596899,0.719168428470754,1.0,0.8,0.1037671000231057
clintox,classification,3,3,stratified_scaffold_group,stratified_scaffold_group,20,lgbm_100_leaf10,boosting,0.6716540035067212,0.6716540035067212,0.2434260477565923,0.0831279909593687,1.0,0.0012522025732339,0.8275862068965517,0.311864406779661,0.5697253068381063,1.0,0.8,0.123878100013826
clintox,classification,3,1,stratified_scaffold_group,stratified_scaffold_group,21,lgbm_100_leaf30,boosting,0.7967728758169934,0.7967728758169934,0.4126691491362039,0.0462119985005959,1.0,0.0167299262344057,0.8333333333333334,0.5183823529411764,0.6758578431372548,1.0,0.8,0.0524352000211365
clintox,classification,3,2,stratified_scaffold_group,stratified_scaffold_group,21,lgbm_100_leaf30,boosting,0.7741367159971811,0.7741367159971811,0.3083872414122529,0.0682057720891517,1.0,0.0127847382321408,0.8181818181818182,0.562015503875969,0.6900986610288936,1.0,0.8,0.0539996000006794
clintox,classification,3,3,stratified_scaffold_group,stratified_scaffold_group,21,lgbm_100_leaf30,boosting,0.752542372881356,0.752542372881356,0.3500099481711392,0.0763599073449429,1.0,0.009603429437142,0.8275862068965517,0.5118644067796609,0.6697253068381064,1.0,0.8,0.0501463999971747
clintox,classification,3,1,stratified_scaffold_group,stratified_scaffold_group,22,lgbm_80_ff0.7,boosting,0.8000408496732025,0.8000408496732025,0.3717543387291665,0.0477836647537308,1.0,0.0128063454477954,0.8333333333333334,0.6397058823529411,0.7365196078431373,1.0,0.8,0.070606300025247
clintox,classification,3,2,stratified_scaffold_group,stratified_scaffold_group,22,lgbm_80_ff0.7,boosting,0.8079633544749824,0.8079633544749824,0.3385869214049342,0.066751822001309,1.0,0.010115340838817,0.8181818181818182,0.7286821705426356,0.773431994362227,1.0,0.8,0.0742109999991953
clintox,classification,3,3,stratified_scaffold_group,stratified_scaffold_group,22,lgbm_80_ff0.7,boosting,0.7049678550555231,0.7049678550555231,0.3120928164703194,0.0816050311988915,1.0,0.0021420682552912,0.8275862068965517,0.3254237288135593,0.5765049678550556,1.0,0.8,0.0594228000263683
clintox,classification,3,1,stratified_scaffold_group,stratified_scaffold_group,23,lgbm_80_bag0.8,boosting,0.8245506535947712,0.8245506535947712,0.4135313170136924,0.0483068923688234,1.0,0.0175409159191621,0.8333333333333334,0.6397058823529411,0.7365196078431373,1.0,0.8,0.0601840000017546
clintox,classification,3,2,stratified_scaffold_group,stratified_scaffold_group,23,lgbm_80_bag0.8,boosting,0.820648343904158,0.820648343904158,0.2829302948511323,0.0700791050077617,1.0,0.0103864253991381,0.8181818181818182,0.6589147286821706,0.7385482734319944,1.0,0.8,0.0706094999914057
clintox,classification,3,3,stratified_scaffold_group,stratified_scaffold_group,23,lgbm_80_bag0.8,boosting,0.7149035651665693,0.7149035651665693,0.2900697823086527,0.0800064616307366,1.0,0.0037718178958491,0.8275862068965517,0.4271186440677966,0.6273524254821742,1.0,0.8,0.0696434000274166
clintox,classification,3,1,stratified_scaffold_group,stratified_scaffold_group,24,lgbm_120_l15,boosting,0.8037173202614379,0.8037173202614379,0.3352755656961259,0.0487019934027903,1.0,0.011911854999799,0.8333333333333334,0.4889705882352941,0.6611519607843137,1.0,0.8,0.0764102999819442
clintox,classification,3,2,stratified_scaffold_group,stratified_scaffold_group,24,lgbm_120_l15,boosting,0.7989781536293165,0.7989781536293165,0.3373878472847297,0.0673985531061657,1.0,0.0147907664304206,0.8181818181818182,0.686046511627907,0.7521141649048626,1.0,0.8,0.0748612000024877
clintox,classification,3,3,stratified_scaffold_group,stratified_scaffold_group,24,lgbm_120_l15,boosting,0.7279953243717125,0.7279953243717125,0.3304910228081288,0.0783360423450551,1.0,0.0045367838650949,0.8275862068965517,0.423728813559322,0.6256575102279369,1.0,0.8,0.0655743000097572
clintox,classification,3,1,stratified_scaffold_group,stratified_scaffold_group,25,xgb_60_d3,boosting,0.8044321895424836,0.8044321895424836,0.3011911878586124,0.0509923968129285,1.0,0.0631862878799438,0.8333333333333334,0.6911764705882353,0.7622549019607843,1.0,0.8,0.0535891999606974
clintox,classification,3,2,stratified_scaffold_group,stratified_scaffold_group,25,xgb_60_d3,boosting,0.7935165609584214,0.7935165609584214,0.2287535311673696,0.0683339927879,1.0,0.0462531819939613,0.8181818181818182,0.7131782945736433,0.7656800563777308,1.0,0.8,0.0492250000243075
clintox,classification,3,3,stratified_scaffold_group,stratified_scaffold_group,25,xgb_60_d3,boosting,0.7275862068965517,0.7275862068965517,0.2835500755896573,0.0773349269552016,1.0,0.0203011613339185,0.8275862068965517,0.4610169491525423,0.644301578024547,1.0,0.8,0.0499337000073865
clintox,classification,3,1,stratified_scaffold_group,stratified_scaffold_group,26,xgb_80_d5,boosting,0.8163807189542484,0.8163807189542484,0.3150867332698734,0.0517432716763463,1.0,0.0477864481508731,0.8888888888888888,0.7242647058823529,0.8065767973856208,1.0,0.8,0.0752668000059202
clintox,classification,3,2,stratified_scaffold_group,stratified_scaffold_group,26,xgb_80_d5,boosting,0.8063777307963355,0.8063777307963355,0.3179774478314631,0.0671691672294814,1.0,0.0366884544491767,0.8181818181818182,0.7093023255813953,0.7637420718816068,1.0,0.8,0.0692544999765232
clintox,classification,3,3,stratified_scaffold_group,stratified_scaffold_group,26,xgb_80_d5,boosting,0.7684395090590298,0.7684395090590298,0.3384854738611929,0.0763522987851658,1.0,0.0215967819094657,0.8275862068965517,0.6474576271186441,0.737521917007598,1.0,0.8,0.0733849999960511
clintox,classification,3,1,stratified_scaffold_group,stratified_scaffold_group,27,xgb_100_d3,boosting,0.7781862745098039,0.7781862745098039,0.340096986242405,0.0505914206747818,1.0,0.0507294610142707,0.8333333333333334,0.6286764705882353,0.7310049019607843,1.0,0.8,0.0674883000319823
clintox,classification,3,2,stratified_scaffold_group,stratified_scaffold_group,27,xgb_100_d3,boosting,0.8158914728682171,0.8158914728682171,0.2534222880675165,0.0678856011873515,1.0,0.0414483472704887,0.8181818181818182,0.7015503875968992,0.7598661028893587,1.0,0.8,0.0665403999737463
clintox,classification,3,3,stratified_scaffold_group,stratified_scaffold_group,27,xgb_100_d3,boosting,0.7135593220338984,0.7135593220338984,0.2648491359248492,0.0784340861317544,1.0,0.0193356405943632,0.8275862068965517,0.4813559322033898,0.6544710695499707,1.0,0.8,0.0721531999879516
clintox,classification,3,1,stratified_scaffold_group,stratified_scaffold_group,28,xgb_60_d6,boosting,0.7910539215686275,0.7910539215686275,0.2850799942925058,0.0527049539628614,1.0,0.0393481068313121,0.8333333333333334,0.6691176470588236,0.7512254901960784,1.0,0.8,0.0581347999977879
clintox,classification,3,2,stratified_scaffold_group,stratified_scaffold_group,28,xgb_60_d6,boosting,0.8028541226215644,0.8028541226215644,0.2706332779790402,0.0684496437728177,1.0,0.0241388380527496,0.8181818181818182,0.6317829457364341,0.7249823819591261,1.0,0.8,0.0595488999970257
clintox,classification,3,3,stratified_scaffold_group,stratified_scaffold_group,28,xgb_60_d6,boosting,0.7309175920514319,0.7309175920514319,0.3248215124499498,0.0765586763492141,1.0,0.0151498178020119,0.8275862068965517,0.5254237288135593,0.6765049678550554,1.0,0.8,0.0593923000269569
clintox,classification,3,1,stratified_scaffold_group,stratified_scaffold_group,29,cat_60_d4,boosting,0.7199754901960785,0.7199754901960785,0.2389441466626017,0.0536545608089709,1.0,0.0498671351011522,0.8333333333333334,0.4227941176470589,0.6280637254901962,1.0,0.8,0.2515424999874085
clintox,classification,3,2,stratified_scaffold_group,stratified_scaffold_group,29,cat_60_d4,boosting,0.7089499647639181,0.7089499647639181,0.1812428496278341,0.0706137500128253,1.0,0.0492754323493596,0.8181818181818182,0.5232558139534884,0.6707188160676534,1.0,0.8,0.2603182999882847
clintox,classification,3,3,stratified_scaffold_group,stratified_scaffold_group,29,cat_60_d4,boosting,0.6905318527177089,0.6905318527177089,0.211932059032352,0.0801723755941962,1.0,0.031174241434905,0.8620689655172413,0.3830508474576271,0.6225599064874342,1.0,0.8,0.2584737000288442
clintox,classification,3,1,stratified_scaffold_group,stratified_scaffold_group,30,cat_80_d6,boosting,0.8161764705882353,0.8161764705882353,0.2753746494840587,0.0524509913342654,1.0,0.061395866229521,0.8333333333333334,0.6727941176470589,0.7530637254901962,1.0,0.8,0.8983954000286758
clintox,classification,3,2,stratified_scaffold_group,stratified_scaffold_group,30,cat_80_d6,boosting,0.7219873150105708,0.7219873150105708,0.2273254152386931,0.0701499584250757,1.0,0.0344167118529534,0.8181818181818182,0.3488372093023255,0.5835095137420718,1.0,0.8,0.9110093000344932
clintox,classification,3,3,stratified_scaffold_group,stratified_scaffold_group,30,cat_80_d6,boosting,0.6970192869666862,0.6970192869666862,0.1956328308704293,0.080695858238774,1.0,0.0305323671584606,0.8275862068965517,0.4881355932203389,0.6578609000584453,1.0,0.8,0.9245968000032008
clintox,classification,3,1,stratified_scaffold_group,stratified_scaffold_group,31,cat_100_d4,boosting,0.7352941176470588,0.7352941176470588,0.237538905082096,0.0529698470326731,1.0,0.0483743246985728,0.8333333333333334,0.4301470588235294,0.6317401960784315,1.0,0.8,0.4114161000470631
clintox,classification,3,2,stratified_scaffold_group,stratified_scaffold_group,31,cat_100_d4,boosting,0.711768851303735,0.711768851303735,0.1712992557741748,0.0709592404153075,1.0,0.0448168800042227,0.8181818181818182,0.4844961240310077,0.651338971106413,1.0,0.8,0.4116992999915965
clintox,classification,3,3,stratified_scaffold_group,stratified_scaffold_group,31,cat_100_d4,boosting,0.7084745762711865,0.7084745762711865,0.2181992957272223,0.0794314514249119,1.0,0.032764192775591,0.8275862068965517,0.4406779661016949,0.6341320864991233,1.0,0.8,0.4076227999757975
clintox,classification,3,1,stratified_scaffold_group,stratified_scaffold_group,32,cat_60_d8,boosting,0.818218954248366,0.818218954248366,0.3318716792303466,0.0503258687776907,1.0,0.0587093249592514,0.8333333333333334,0.7205882352941176,0.7769607843137255,1.0,0.8,2.383519500028342
clintox,classification,3,2,stratified_scaffold_group,stratified_scaffold_group,32,cat_60_d8,boosting,0.7674418604651163,0.7674418604651163,0.2200024083490334,0.0692758611290494,1.0,0.0430529205941151,0.8181818181818182,0.6046511627906976,0.7114164904862579,1.0,0.8,2.3894617999903858
clintox,classification,3,3,stratified_scaffold_group,stratified_scaffold_group,32,cat_60_d8,boosting,0.6895382817066044,0.6895382817066044,0.2331835256215153,0.0791805649256712,1.0,0.0244128198203255,0.8275862068965517,0.4067796610169492,0.6171829339567505,1.0,0.8,2.314813199976925
tdc_hia_hou,classification,1,1,stratified_scaffold_group,stratified_scaffold_group,1,logreg_l2_c0.1,linear,0.8622159090909091,0.8622159090909091,0.9702114316246166,0.1025397440664837,0.0,0.6812724223373596,0.8125,0.8068181818181818,0.8096590909090908,1.0,0.8,0.0016521000070497
tdc_hia_hou,classification,1,2,stratified_scaffold_group,stratified_scaffold_group,1,logreg_l2_c0.1,linear,0.9520609318996416,0.9520609318996416,0.9927785686959392,0.0797391686963305,0.0,0.6056953858230516,0.8333333333333334,0.8951612903225806,0.864247311827957,1.0,0.8,0.0013261000276543
tdc_hia_hou,classification,1,3,stratified_scaffold_group,stratified_scaffold_group,1,logreg_l2_c0.1,linear,0.9399759903961584,0.9399759903961584,0.9893564973224354,0.0863701758319491,0.0,0.570526243161216,0.8235294117647058,0.9081632653061223,0.8658463385354142,1.0,0.8,0.0013663999852724
tdc_hia_hou,classification,1,1,stratified_scaffold_group,stratified_scaffold_group,2,logreg_l2_c1,linear,0.8522727272727273,0.8522727272727273,0.9672797906060896,0.098963626166842,0.0,0.904145850943508,0.8125,0.7045454545454546,0.7585227272727273,1.0,0.8,0.0017235000268556
tdc_hia_hou,classification,1,2,stratified_scaffold_group,stratified_scaffold_group,2,logreg_l2_c1,linear,0.9543010752688172,0.9543010752688172,0.9929874177880108,0.0517086734537733,0.0,0.7114085795982049,0.8333333333333334,0.935483870967742,0.8844086021505376,1.0,0.8,0.0015686000115238
tdc_hia_hou,classification,1,3,stratified_scaffold_group,stratified_scaffold_group,2,logreg_l2_c1,linear,0.9345738295318128,0.9345738295318128,0.9883554685472196,0.0677134506894716,0.0,0.8031974020287235,0.8823529411764706,0.8571428571428571,0.8697478991596639,1.0,0.8,0.0016482000355608
tdc_hia_hou,classification,1,1,stratified_scaffold_group,stratified_scaffold_group,3,logreg_l2_c10,linear,0.8359375,0.8359375,0.9633145750219614,0.1107883092764971,0.0,0.9806630974403534,0.8125,0.6477272727272727,0.7301136363636364,1.0,0.8,0.0018660000059753
tdc_hia_hou,classification,1,2,stratified_scaffold_group,stratified_scaffold_group,3,logreg_l2_c10,linear,0.9484767025089608,0.9484767025089608,0.9919569656941304,0.0522822382582512,0.0,0.7928857097084429,0.8333333333333334,0.9516129032258064,0.89247311827957,1.0,0.8,0.0016856999718584
tdc_hia_hou,classification,1,3,stratified_scaffold_group,stratified_scaffold_group,3,logreg_l2_c10,linear,0.92797118847539,0.92797118847539,0.9870217051951704,0.0745143823338234,0.0,0.927774037238576,0.8823529411764706,0.826530612244898,0.8544417767106842,1.0,0.8,0.0018276000046171
tdc_hia_hou,classification,1,1,stratified_scaffold_group,stratified_scaffold_group,4,logreg_l1_c1,linear,0.7975852272727273,0.7975852272727273,0.9456351886695552,0.1136707171245903,0.0,0.9045474232587292,0.8125,0.5681818181818182,0.6903409090909092,1.0,0.8,0.001885800040327
tdc_hia_hou,classification,1,2,stratified_scaffold_group,stratified_scaffold_group,4,logreg_l1_c1,linear,0.9229390681003584,0.9229390681003584,0.9885559947584236,0.0784926527836118,0.0,0.7365903610505292,0.8888888888888888,0.8387096774193549,0.8637992831541219,1.0,0.8,0.0016539000207558
tdc_hia_hou,classification,1,3,stratified_scaffold_group,stratified_scaffold_group,4,logreg_l1_c1,linear,0.8454381752701081,0.8454381752701081,0.968163961466387,0.1088411535428718,0.0,0.8310472281170681,0.8235294117647058,0.6938775510204082,0.758703481392557,1.0,0.8,0.0019343000021763
tdc_hia_hou,classification,1,1,stratified_scaffold_group,stratified_scaffold_group,5,rf_60_sqrt,bagging,0.8114346590909092,0.8114346590909092,0.9368488511750416,0.0985897435897436,0.0,0.85,0.8125,0.8068181818181818,0.8096590909090908,1.0,0.8,0.0928855999954976
tdc_hia_hou,classification,1,2,stratified_scaffold_group,stratified_scaffold_group,5,rf_60_sqrt,bagging,0.9260752688172044,0.9260752688172044,0.9859279135977668,0.0693309859154929,0.0,0.8166666666666667,0.8333333333333334,0.8145161290322581,0.8239247311827957,1.0,0.8,0.088927699951455
tdc_hia_hou,classification,1,3,stratified_scaffold_group,stratified_scaffold_group,5,rf_60_sqrt,bagging,0.9345738295318128,0.9345738295318128,0.9856401055839668,0.0787391304347826,0.0,0.7833333333333333,0.8235294117647058,0.9183673469387756,0.8709483793517407,1.0,0.8,0.094390399986878
tdc_hia_hou,classification,1,1,stratified_scaffold_group,stratified_scaffold_group,6,rf_90_d12,bagging,0.796875,0.796875,0.9379207326691116,0.0980491766012273,0.0,0.8710405191283704,0.8125,0.625,0.71875,1.0,0.8,0.1339855000260286
tdc_hia_hou,classification,1,2,stratified_scaffold_group,stratified_scaffold_group,6,rf_90_d12,bagging,0.9305555555555556,0.9305555555555556,0.988685679900254,0.0715481207102974,0.0,0.7843400615171278,0.8333333333333334,0.8225806451612904,0.8279569892473119,1.0,0.8,0.1214812000398524
tdc_hia_hou,classification,1,3,stratified_scaffold_group,stratified_scaffold_group,6,rf_90_d12,bagging,0.9351740696278512,0.9351740696278512,0.987721416416045,0.0816075628116373,0.0,0.7631506349986156,0.8235294117647058,0.8979591836734694,0.8607442977190876,1.0,0.8,0.1312589999870397
tdc_hia_hou,classification,1,1,stratified_scaffold_group,stratified_scaffold_group,7,rf_90_leaf2,bagging,0.8096590909090909,0.8096590909090909,0.9356846144102232,0.0978653332165488,0.0,0.8184532119976065,0.875,0.625,0.75,1.0,0.8,0.1302711000316776
tdc_hia_hou,classification,1,2,stratified_scaffold_group,stratified_scaffold_group,7,rf_90_leaf2,bagging,0.949820788530466,0.949820788530466,0.9919563968042407,0.0761181561291301,0.0,0.7208228468575181,0.8333333333333334,0.9274193548387096,0.8803763440860215,1.0,0.8,0.1342277000076137
tdc_hia_hou,classification,1,3,stratified_scaffold_group,stratified_scaffold_group,7,rf_90_leaf2,bagging,0.9231692677070829,0.9231692677070829,0.9854137242503836,0.0858351939144569,0.0,0.7235786327969609,0.8235294117647058,0.8877551020408163,0.8556422569027611,1.0,0.8,0.1295697000459768
tdc_hia_hou,classification,1,1,stratified_scaffold_group,stratified_scaffold_group,8,rf_120_d20_leaf2,bagging,0.8188920454545454,0.8188920454545454,0.9330822940774788,0.097082050385197,0.0,0.7947054616449701,0.8125,0.7159090909090909,0.7642045454545454,1.0,0.8,0.163758400012739
tdc_hia_hou,classification,1,2,stratified_scaffold_group,stratified_scaffold_group,8,rf_120_d20_leaf2,bagging,0.9439964157706092,0.9439964157706092,0.9910344546220156,0.0759084096121362,0.0,0.732848845007885,0.8333333333333334,0.8870967741935484,0.8602150537634409,1.0,0.8,0.1684185999911278
tdc_hia_hou,classification,1,3,stratified_scaffold_group,stratified_scaffold_group,8,rf_120_d20_leaf2,bagging,0.9267707082833132,0.9267707082833132,0.9861248693035862,0.0842428710816496,0.0,0.7108335456107505,0.8235294117647058,0.9183673469387756,0.8709483793517407,1.0,0.8,0.1694741999963298
tdc_hia_hou,classification,1,1,stratified_scaffold_group,stratified_scaffold_group,9,et_60_sqrt,bagging,0.7627840909090909,0.7627840909090909,0.9338128954620702,0.0976282051282051,0.0,0.9166666666666666,0.8125,0.5568181818181818,0.6846590909090908,1.0,0.8,0.0585215999744832
tdc_hia_hou,classification,1,2,stratified_scaffold_group,stratified_scaffold_group,9,et_60_sqrt,bagging,0.903673835125448,0.903673835125448,0.9793984371633218,0.0645402973395931,0.0,0.8333333333333334,0.8333333333333334,0.7903225806451613,0.8118279569892473,1.0,0.8,0.0567484999774023
tdc_hia_hou,classification,1,3,stratified_scaffold_group,stratified_scaffold_group,9,et_60_sqrt,bagging,0.9450780312124852,0.9450780312124852,0.9879010407261836,0.0669444444444444,0.0,0.7333333333333333,0.8235294117647058,0.9081632653061223,0.8658463385354142,1.0,0.8,0.0538694999995641
tdc_hia_hou,classification,1,1,stratified_scaffold_group,stratified_scaffold_group,10,et_90_d12,bagging,0.8380681818181818,0.8380681818181818,0.9627051226991888,0.0944684974558799,0.0,0.8480931701434054,0.8125,0.7840909090909091,0.7982954545454546,1.0,0.8,0.0771742999786511
tdc_hia_hou,classification,1,2,stratified_scaffold_group,stratified_scaffold_group,10,et_90_d12,bagging,0.9292114695340504,0.9292114695340504,0.9888158808867472,0.0665545469040602,0.0,0.7694674168252829,0.8333333333333334,0.8306451612903226,0.831989247311828,1.0,0.8,0.0841243999893777
tdc_hia_hou,classification,1,3,stratified_scaffold_group,stratified_scaffold_group,10,et_90_d12,bagging,0.924969987995198,0.924969987995198,0.985987546959961,0.0806137621623215,0.0,0.6986260937991844,0.8235294117647058,0.8877551020408163,0.8556422569027611,1.0,0.8,0.0832400000072084
tdc_hia_hou,classification,1,1,stratified_scaffold_group,stratified_scaffold_group,11,et_90_leaf2,bagging,0.8053977272727273,0.8053977272727273,0.9423272958039188,0.0952643984535071,0.0,0.8325803259463823,0.8125,0.6704545454545454,0.7414772727272727,1.0,0.8,0.0770989999873563
tdc_hia_hou,classification,1,2,stratified_scaffold_group,stratified_scaffold_group,11,et_90_leaf2,bagging,0.9574372759856632,0.9574372759856632,0.9936659400306512,0.0681074432285714,0.0,0.7300983626779087,0.8333333333333334,0.8951612903225806,0.864247311827957,1.0,0.8,0.0812999000190757
tdc_hia_hou,classification,1,3,stratified_scaffold_group,stratified_scaffold_group,11,et_90_leaf2,bagging,0.9561824729891956,0.9561824729891956,0.992129088626644,0.0727023777058235,0.0,0.6686552823271648,0.8823529411764706,0.9489795918367347,0.9156662665066028,1.0,0.8,0.0813224000157788
tdc_hia_hou,classification,1,1,stratified_scaffold_group,stratified_scaffold_group,12,et_120_d20_leaf2,bagging,0.8217329545454546,0.8217329545454546,0.9485173286211744,0.094077776175456,0.0,0.8128717227672302,0.8125,0.7272727272727273,0.7698863636363636,1.0,0.8,0.1036587000126019
tdc_hia_hou,classification,1,2,stratified_scaffold_group,stratified_scaffold_group,12,et_120_d20_leaf2,bagging,0.9520609318996416,0.9520609318996416,0.9928514213534662,0.0691261302829394,0.0,0.7470625614771306,0.9444444444444444,0.8548387096774194,0.8996415770609318,1.0,0.8,0.0977860999992117
tdc_hia_hou,classification,1,3,stratified_scaffold_group,stratified_scaffold_group,12,et_120_d20_leaf2,bagging,0.9495798319327732,0.9495798319327732,0.9909405861510944,0.0745653747610216,0.0,0.6545393397295958,0.8235294117647058,0.9489795918367347,0.8862545018007203,1.0,0.8,0.098586400039494
tdc_hia_hou,classification,1,1,stratified_scaffold_group,stratified_scaffold_group,13,histgb_lr0.05,boosting,0.8153409090909091,0.8153409090909091,0.9641019048629816,0.1225882150075934,0.0,0.9305558345337132,0.8125,0.7045454545454546,0.7585227272727273,1.0,0.8,0.5233188000274822
tdc_hia_hou,classification,1,2,stratified_scaffold_group,stratified_scaffold_group,13,histgb_lr0.05,boosting,0.8991935483870968,0.8991935483870968,0.9846189167258728,0.0776751057514035,0.0,0.8619440621392848,0.8333333333333334,0.8306451612903226,0.831989247311828,1.0,0.8,0.4661900000064634
tdc_hia_hou,classification,1,3,stratified_scaffold_group,stratified_scaffold_group,13,histgb_lr0.05,boosting,0.8157262905162065,0.8157262905162065,0.9631539147345836,0.1153751535406917,0.0,0.968411354861098,0.8235294117647058,0.6020408163265306,0.7127851140456183,1.0,0.8,0.4929023000295274
tdc_hia_hou,classification,1,1,stratified_scaffold_group,stratified_scaffold_group,14,histgb_lr0.1,boosting,0.8153409090909091,0.8153409090909091,0.9629367437398948,0.1239330409525095,0.0,0.9715841552076148,0.8125,0.6818181818181818,0.7471590909090908,1.0,0.8,0.4081625000108033
tdc_hia_hou,classification,1,2,stratified_scaffold_group,stratified_scaffold_group,14,histgb_lr0.1,boosting,0.9045698924731184,0.9045698924731184,0.9854612123735838,0.0760523536412928,0.0,0.8950298965968048,0.8333333333333334,0.8306451612903226,0.831989247311828,1.0,0.8,0.3782195000094361
tdc_hia_hou,classification,1,3,stratified_scaffold_group,stratified_scaffold_group,14,histgb_lr0.1,boosting,0.8217286914765907,0.8217286914765907,0.9635783012010496,0.1204729667800116,0.0,0.9776250101164968,0.8235294117647058,0.6938775510204082,0.758703481392557,1.0,0.8,0.404524500016123
tdc_hia_hou,classification,1,1,stratified_scaffold_group,stratified_scaffold_group,15,gb_lr0.05_d2,boosting,0.7240767045454545,0.7240767045454545,0.902544107983048,0.1087649161213241,0.0,0.9515922106096932,0.8125,0.375,0.59375,1.0,0.8,0.1820823999587446
tdc_hia_hou,classification,1,2,stratified_scaffold_group,stratified_scaffold_group,15,gb_lr0.05_d2,boosting,0.8530465949820788,0.8530465949820788,0.9712173689981796,0.0788901365794773,0.0,0.9218644513311798,0.8333333333333334,0.7096774193548387,0.771505376344086,1.0,0.8,0.1494179000146687
tdc_hia_hou,classification,1,3,stratified_scaffold_group,stratified_scaffold_group,15,gb_lr0.05_d2,boosting,0.8361344537815125,0.8361344537815125,0.957428174978736,0.0937901705451579,0.0,0.8890956612637848,0.8235294117647058,0.7346938775510204,0.7791116446578632,1.0,0.8,0.1537485000444576
tdc_hia_hou,classification,1,1,stratified_scaffold_group,stratified_scaffold_group,16,gb_lr0.1_d3,boosting,0.7318892045454546,0.7318892045454546,0.8995482781313703,0.1245270202638022,0.0,0.9761927447205584,0.8125,0.6590909090909091,0.7357954545454546,1.0,0.8,0.2101375000202097
tdc_hia_hou,classification,1,2,stratified_scaffold_group,stratified_scaffold_group,16,gb_lr0.1_d3,boosting,0.8337813620071686,0.8337813620071686,0.9527905512803396,0.0870927607128248,0.0,0.9728519864084804,0.8333333333333334,0.7016129032258065,0.76747311827957,1.0,0.8,0.1863530999980867
tdc_hia_hou,classification,1,3,stratified_scaffold_group,stratified_scaffold_group,16,gb_lr0.1_d3,boosting,0.8508403361344536,0.8508403361344536,0.9690249526259148,0.0975610014373517,0.0,0.9330497354913312,0.8235294117647058,0.7244897959183674,0.7740096038415366,1.0,0.8,0.2024094000225886
tdc_hia_hou,classification,1,1,stratified_scaffold_group,stratified_scaffold_group,17,lgbm_60_l15,boosting,0.7450284090909091,0.7450284090909091,0.9377154219654324,0.1182707815255777,0.0,0.9433313722902557,0.8125,0.5,0.65625,1.0,0.8,0.0412967999582178
tdc_hia_hou,classification,1,2,stratified_scaffold_group,stratified_scaffold_group,17,lgbm_60_l15,boosting,0.8960573476702509,0.8960573476702509,0.983049733590813,0.0788707785037997,0.0,0.8550556801088488,0.8333333333333334,0.8225806451612904,0.8279569892473119,1.0,0.8,0.0218848999938927
tdc_hia_hou,classification,1,3,stratified_scaffold_group,stratified_scaffold_group,17,lgbm_60_l15,boosting,0.8478391356542617,0.8478391356542617,0.9709724885168975,0.1018108515502418,0.0,0.9249123307658448,0.8235294117647058,0.7040816326530612,0.7638055222088835,1.0,0.8,0.0240684999735094
tdc_hia_hou,classification,1,1,stratified_scaffold_group,stratified_scaffold_group,18,lgbm_90_l31,boosting,0.7485795454545454,0.7485795454545454,0.9390893480580292,0.126726417046467,0.0,0.9620859906985896,0.8125,0.5340909090909091,0.6732954545454546,1.0,0.8,0.0299001000239513
tdc_hia_hou,classification,1,2,stratified_scaffold_group,stratified_scaffold_group,18,lgbm_90_l31,boosting,0.921146953405018,0.921146953405018,0.988106122712561,0.0745291553648706,0.0,0.8664371935520802,0.8333333333333334,0.8467741935483871,0.8400537634408602,1.0,0.8,0.0273648000438697
tdc_hia_hou,classification,1,3,stratified_scaffold_group,stratified_scaffold_group,18,lgbm_90_l31,boosting,0.858343337334934,0.858343337334934,0.9732891813679988,0.1029744101433374,0.0,0.9387132448818996,0.8235294117647058,0.7244897959183674,0.7740096038415366,1.0,0.8,0.0314098999951966
tdc_hia_hou,classification,1,1,stratified_scaffold_group,stratified_scaffold_group,19,lgbm_60_l63,boosting,0.7471590909090909,0.7471590909090909,0.9360224756307188,0.1223479113143116,0.0,0.9644989985566176,0.8125,0.5681818181818182,0.6903409090909092,1.0,0.8,0.0228243999881669
tdc_hia_hou,classification,1,2,stratified_scaffold_group,stratified_scaffold_group,19,lgbm_60_l63,boosting,0.9224910394265232,0.9224910394265232,0.9881730963113812,0.0734731227180285,0.0,0.8558081277561822,0.8333333333333334,0.9032258064516128,0.8682795698924731,1.0,0.8,0.0207117000245489
tdc_hia_hou,classification,1,3,stratified_scaffold_group,stratified_scaffold_group,19,lgbm_60_l63,boosting,0.8553421368547418,0.8553421368547418,0.9713273066015508,0.0984982669266202,0.0,0.9327303172531948,0.8235294117647058,0.7755102040816326,0.7995198079231692,1.0,0.8,0.0194004999939352
tdc_hia_hou,classification,1,1,stratified_scaffold_group,stratified_scaffold_group,20,lgbm_100_leaf10,boosting,0.8068181818181818,0.8068181818181818,0.9338479556006348,0.0867808371098069,0.0,0.9685157254370796,0.8125,0.7727272727272727,0.7926136363636364,1.0,0.8,0.0607304000295698
tdc_hia_hou,classification,1,2,stratified_scaffold_group,stratified_scaffold_group,20,lgbm_100_leaf10,boosting,0.8879928315412187,0.8879928315412187,0.9812736307486346,0.067260042802314,0.0,0.9739345112329506,0.8333333333333334,0.7258064516129032,0.7795698924731183,1.0,0.8,0.0531628999742679
tdc_hia_hou,classification,1,3,stratified_scaffold_group,stratified_scaffold_group,20,lgbm_100_leaf10,boosting,0.868547418967587,0.868547418967587,0.9719419741780096,0.0808397826496019,0.0,0.98173768685835,0.8823529411764706,0.7857142857142857,0.8340336134453781,1.0,0.8,0.0615986000047996
tdc_hia_hou,classification,1,1,stratified_scaffold_group,stratified_scaffold_group,21,lgbm_100_leaf30,boosting,0.7741477272727273,0.7741477272727273,0.9506109754069482,0.1172112304303913,0.0,0.8893997203480272,0.8125,0.6931818181818182,0.7528409090909092,1.0,0.8,0.0192691000411286
tdc_hia_hou,classification,1,2,stratified_scaffold_group,stratified_scaffold_group,21,lgbm_100_leaf30,boosting,0.8525985663082437,0.8525985663082437,0.9743514656394316,0.0786227640267762,0.0,0.8311456151634746,0.8333333333333334,0.7741935483870968,0.803763440860215,1.0,0.8,0.0177668000105768
tdc_hia_hou,classification,1,3,stratified_scaffold_group,stratified_scaffold_group,21,lgbm_100_leaf30,boosting,0.826530612244898,0.826530612244898,0.9674259635914584,0.1088743002165318,0.0,0.9434074365736604,0.8235294117647058,0.6428571428571429,0.7331932773109244,1.0,0.8,0.0196201999788172
tdc_hia_hou,classification,1,1,stratified_scaffold_group,stratified_scaffold_group,22,lgbm_80_ff0.7,boosting,0.7578124999999999,0.7578124999999999,0.9422825897201011,0.1203982440521615,0.0,0.973637592629888,0.8125,0.4772727272727273,0.6448863636363636,1.0,0.8,0.0256345000234432
tdc_hia_hou,classification,1,2,stratified_scaffold_group,stratified_scaffold_group,22,lgbm_80_ff0.7,boosting,0.9296594982078852,0.9296594982078852,0.9894956830346336,0.0731908756509829,0.0,0.8795493100278682,0.8333333333333334,0.8790322580645161,0.8561827956989247,1.0,0.8,0.0230876000132411
tdc_hia_hou,classification,1,3,stratified_scaffold_group,stratified_scaffold_group,22,lgbm_80_ff0.7,boosting,0.8841536614645857,0.8841536614645857,0.9784296358205842,0.0969671210946069,0.0,0.906624499229119,0.8235294117647058,0.8469387755102041,0.8352340936374549,1.0,0.8,0.0272087000194005
tdc_hia_hou,classification,1,1,stratified_scaffold_group,stratified_scaffold_group,23,lgbm_80_bag0.8,boosting,0.7528409090909092,0.7528409090909092,0.9405897108967984,0.1224176315601762,0.0,0.9809074620417332,0.8125,0.4318181818181818,0.6221590909090909,1.0,0.8,0.0242591999704018
tdc_hia_hou,classification,1,2,stratified_scaffold_group,stratified_scaffold_group,23,lgbm_80_bag0.8,boosting,0.9184587813620072,0.9184587813620072,0.987158706901768,0.0718334537018541,0.0,0.8615506886454469,0.8333333333333334,0.8951612903225806,0.864247311827957,1.0,0.8,0.0185227000038139
tdc_hia_hou,classification,1,3,stratified_scaffold_group,stratified_scaffold_group,23,lgbm_80_bag0.8,boosting,0.8553421368547419,0.8553421368547419,0.9726444000928716,0.0999948095591568,0.0,0.9462787138186776,0.8235294117647058,0.6836734693877551,0.7536014405762305,1.0,0.8,0.0184944000211544
tdc_hia_hou,classification,1,1,stratified_scaffold_group,stratified_scaffold_group,24,lgbm_120_l15,boosting,0.7492897727272727,0.7492897727272727,0.9404991891023587,0.127430082511503,0.0,0.9692993994805292,0.8125,0.5340909090909091,0.6732954545454546,1.0,0.8,0.0280760000459849
tdc_hia_hou,classification,1,2,stratified_scaffold_group,stratified_scaffold_group,24,lgbm_120_l15,boosting,0.9121863799283154,0.9121863799283154,0.9868181289492332,0.077634105709222,0.0,0.8787624654439683,0.8888888888888888,0.8467741935483871,0.8678315412186379,1.0,0.8,0.0263756000204011
tdc_hia_hou,classification,1,3,stratified_scaffold_group,stratified_scaffold_group,24,lgbm_120_l15,boosting,0.8637454981992797,0.8637454981992797,0.9745065117378148,0.099094861329432,0.0,0.9424329407913534,0.8235294117647058,0.7346938775510204,0.7791116446578632,1.0,0.8,0.0256836999906227
tdc_hia_hou,classification,1,1,stratified_scaffold_group,stratified_scaffold_group,25,xgb_60_d3,boosting,0.7997159090909092,0.7997159090909092,0.946034409531003,0.0938468007371137,0.0,0.9337878227233888,0.8125,0.6590909090909091,0.7357954545454546,1.0,0.8,0.0357050999882631
tdc_hia_hou,classification,1,2,stratified_scaffold_group,stratified_scaffold_group,25,xgb_60_d3,boosting,0.9189068100358424,0.9189068100358424,0.9856184590794445,0.068148591522328,0.0,0.8530246615409851,0.8333333333333334,0.8870967741935484,0.8602150537634409,1.0,0.8,0.032739499991294
tdc_hia_hou,classification,1,3,stratified_scaffold_group,stratified_scaffold_group,25,xgb_60_d3,boosting,0.8532412965186075,0.8532412965186075,0.9688514973393072,0.0870411080673341,0.0,0.9370130896568298,0.8235294117647058,0.673469387755102,0.7484993997599039,1.0,0.8,0.034882900014054
tdc_hia_hou,classification,1,1,stratified_scaffold_group,stratified_scaffold_group,26,xgb_80_d5,boosting,0.8316761363636364,0.8316761363636364,0.9536530191418444,0.0862271529757136,0.0,0.9324648976325988,0.8125,0.75,0.78125,1.0,0.8,0.0450094999978318
tdc_hia_hou,classification,1,2,stratified_scaffold_group,stratified_scaffold_group,26,xgb_80_d5,boosting,0.94668458781362,0.94668458781362,0.9913090336008928,0.0622699198683112,0.0,0.8553314208984375,0.8333333333333334,0.9032258064516128,0.8682795698924731,1.0,0.8,0.0428723999648354
tdc_hia_hou,classification,1,3,stratified_scaffold_group,stratified_scaffold_group,26,xgb_80_d5,boosting,0.8847539015606243,0.8847539015606243,0.9755815797280918,0.0832579681466198,0.0,0.9184839725494384,0.8235294117647058,0.8061224489795918,0.8148259303721488,1.0,0.8,0.0531530000152997
tdc_hia_hou,classification,1,1,stratified_scaffold_group,stratified_scaffold_group,27,xgb_100_d3,boosting,0.8117897727272727,0.8117897727272727,0.950378014917815,0.0918306514948325,0.0,0.9423607587814332,0.8125,0.6477272727272727,0.7301136363636364,1.0,0.8,0.0478271999745629
tdc_hia_hou,classification,1,2,stratified_scaffold_group,stratified_scaffold_group,27,xgb_100_d3,boosting,0.9480286738351256,0.9480286738351256,0.9916378874064412,0.0657692585746938,0.0,0.8135536909103394,0.8333333333333334,0.9516129032258064,0.89247311827957,1.0,0.8,0.0446665000054053
tdc_hia_hou,classification,1,3,stratified_scaffold_group,stratified_scaffold_group,27,xgb_100_d3,boosting,0.8715486194477791,0.8715486194477791,0.9728171647941196,0.0836980896160452,0.0,0.911614179611206,0.8235294117647058,0.7653061224489796,0.7944177671068426,1.0,0.8,0.0459848000318743
tdc_hia_hou,classification,1,1,stratified_scaffold_group,stratified_scaffold_group,28,xgb_60_d6,boosting,0.8125,0.8125,0.9539540585370776,0.0898476825073292,0.0,0.9707068800926208,0.875,0.4431818181818182,0.6590909090909091,1.0,0.8,0.0408863000338897
tdc_hia_hou,classification,1,2,stratified_scaffold_group,stratified_scaffold_group,28,xgb_60_d6,boosting,0.9404121863799284,0.9404121863799284,0.9904673081941096,0.0652315787896959,0.0,0.8739966154098511,0.8333333333333334,0.8709677419354839,0.8521505376344086,1.0,0.8,0.0419569000368937
tdc_hia_hou,classification,1,3,stratified_scaffold_group,stratified_scaffold_group,28,xgb_60_d6,boosting,0.9021608643457384,0.9021608643457384,0.9802552914323353,0.0791018117444378,0.0,0.9106149077415466,0.8235294117647058,0.8061224489795918,0.8148259303721488,1.0,0.8,0.0423685000278055
tdc_hia_hou,classification,1,1,stratified_scaffold_group,stratified_scaffold_group,29,cat_60_d4,boosting,0.7144886363636364,0.7144886363636364,0.8833824155284986,0.1005666997522703,0.0,0.960082818967573,0.8125,0.1818181818181818,0.4971590909090909,1.0,0.8,0.1588069000281393
tdc_hia_hou,classification,1,2,stratified_scaffold_group,stratified_scaffold_group,29,cat_60_d4,boosting,0.9126344086021506,0.9126344086021506,0.9857638641329902,0.0689846236252473,0.0,0.8981945311147026,0.8333333333333334,0.8387096774193549,0.8360215053763441,1.0,0.8,0.1511352999950759
tdc_hia_hou,classification,1,3,stratified_scaffold_group,stratified_scaffold_group,29,cat_60_d4,boosting,0.8919567827130852,0.8919567827130852,0.9768795859967416,0.0797999867160819,0.0,0.8593519319483683,0.8235294117647058,0.8163265306122449,0.8199279711884754,1.0,0.8,0.1552122000139206
tdc_hia_hou,classification,1,1,stratified_scaffold_group,stratified_scaffold_group,30,cat_80_d6,boosting,0.8210227272727273,0.8210227272727273,0.9571903936021426,0.094508990773192,0.0,0.9276057719010564,0.8125,0.6931818181818182,0.7528409090909092,1.0,0.8,0.365504499990493
tdc_hia_hou,classification,1,2,stratified_scaffold_group,stratified_scaffold_group,30,cat_80_d6,boosting,0.918010752688172,0.918010752688172,0.9871977940571988,0.0729689475514139,0.0,0.8924373377355296,0.8333333333333334,0.8306451612903226,0.831989247311828,1.0,0.8,0.3586851000436581
tdc_hia_hou,classification,1,3,stratified_scaffold_group,stratified_scaffold_group,30,cat_80_d6,boosting,0.9297719087635056,0.9297719087635056,0.9860572636269228,0.0764003209177984,0.0,0.8477710900226114,0.8235294117647058,0.9387755102040816,0.8811524609843937,1.0,0.8,0.4001043000025674
tdc_hia_hou,classification,1,1,stratified_scaffold_group,stratified_scaffold_group,31,cat_100_d4,boosting,0.7904829545454546,0.7904829545454546,0.9371023413088791,0.0967579700552972,0.0,0.9289955029088672,0.8125,0.625,0.71875,1.0,0.8,0.2237657000077888
tdc_hia_hou,classification,1,2,stratified_scaffold_group,stratified_scaffold_group,31,cat_100_d4,boosting,0.924731182795699,0.924731182795699,0.9878408150860216,0.0696466594145162,0.0,0.8983988326589827,0.8888888888888888,0.7983870967741935,0.8436379928315412,1.0,0.8,0.2510033000144176
tdc_hia_hou,classification,1,3,stratified_scaffold_group,stratified_scaffold_group,31,cat_100_d4,boosting,0.942376950780312,0.942376950780312,0.9898156965066044,0.0790220678921589,0.0,0.8645162227939841,0.8823529411764706,0.8775510204081632,0.8799519807923168,1.0,0.8,0.2463103999616578
tdc_hia_hou,classification,1,1,stratified_scaffold_group,stratified_scaffold_group,32,cat_60_d8,boosting,0.8359375,0.8359375,0.9553810448541248,0.096662030004606,0.0,0.9285756113954842,0.8125,0.8068181818181818,0.8096590909090908,1.0,0.8,0.7455816000001505
tdc_hia_hou,classification,1,2,stratified_scaffold_group,stratified_scaffold_group,32,cat_60_d8,boosting,0.928763440860215,0.928763440860215,0.9877469154668984,0.0648635072455825,0.0,0.9023551168392066,0.8333333333333334,0.8870967741935484,0.8602150537634409,1.0,0.8,0.7360368000227027
tdc_hia_hou,classification,1,3,stratified_scaffold_group,stratified_scaffold_group,32,cat_60_d8,boosting,0.9297719087635056,0.9297719087635056,0.98653791505973,0.0793324692796451,0.0,0.885124960104461,0.8823529411764706,0.8979591836734694,0.89015606242497,1.0,0.8,0.8147349000209942
tdc_hia_hou,classification,2,1,stratified_scaffold_group,stratified_scaffold_group,1,logreg_l2_c0.1,linear,0.8300469483568075,0.8300469483568075,0.9507685065577784,0.1052158641209434,0.0,0.6784661308935875,0.8,0.8450704225352113,0.8225352112676056,1.0,0.8,0.0017350999987684
tdc_hia_hou,classification,2,2,stratified_scaffold_group,stratified_scaffold_group,1,logreg_l2_c0.1,linear,0.9504132231404958,0.9504132231404958,0.9937602751459184,0.0791338150819198,0.0,0.5467850153540564,0.8461538461538461,0.9256198347107438,0.885886840432295,1.0,0.8,0.0013908999972045
tdc_hia_hou,classification,2,3,stratified_scaffold_group,stratified_scaffold_group,1,logreg_l2_c0.1,linear,0.7804276315789473,0.7804276315789473,0.9470251932530722,0.1134563829903479,0.0,0.7726279345198909,0.8333333333333334,0.5460526315789473,0.6896929824561404,1.0,0.8,0.0012458999990485
tdc_hia_hou,classification,2,1,stratified_scaffold_group,stratified_scaffold_group,2,logreg_l2_c1,linear,0.8215962441314555,0.8215962441314555,0.942012009646338,0.0930081176248948,0.0,0.8636799013541105,0.8,0.8591549295774648,0.8295774647887324,1.0,0.8,0.0018911999650299
tdc_hia_hou,classification,2,2,stratified_scaffold_group,stratified_scaffold_group,2,logreg_l2_c1,linear,0.944055944055944,0.944055944055944,0.9928046246287114,0.0481228818786007,0.0,0.644658061453508,0.8461538461538461,0.9256198347107438,0.885886840432295,1.0,0.8,0.0016865000361576
tdc_hia_hou,classification,2,3,stratified_scaffold_group,stratified_scaffold_group,2,logreg_l2_c1,linear,0.7938596491228069,0.7938596491228069,0.9501409360529844,0.0944230635145812,0.0,0.9225555842656712,0.8333333333333334,0.625,0.7291666666666667,1.0,0.8,0.0015371000044979
tdc_hia_hou,classification,2,1,stratified_scaffold_group,stratified_scaffold_group,3,logreg_l2_c10,linear,0.8178403755868544,0.8178403755868544,0.9387007912921128,0.0955301968111429,0.0,0.9628672903457678,0.8,0.8450704225352113,0.8225352112676056,1.0,0.8,0.0022230999893508
tdc_hia_hou,classification,2,2,stratified_scaffold_group,stratified_scaffold_group,3,logreg_l2_c10,linear,0.9357914812460268,0.9357914812460268,0.9912370358836088,0.0439143461772167,0.0,0.8161133417504679,0.8461538461538461,0.9008264462809916,0.8734901462174189,1.0,0.8,0.0019461000338196
tdc_hia_hou,classification,2,3,stratified_scaffold_group,stratified_scaffold_group,3,logreg_l2_c10,linear,0.803453947368421,0.803453947368421,0.9536966849605956,0.0975855403916051,0.0,0.976386821647103,0.8333333333333334,0.6842105263157895,0.7587719298245614,1.0,0.8,0.0016558000352233
tdc_hia_hou,classification,2,1,stratified_scaffold_group,stratified_scaffold_group,4,logreg_l1_c1,linear,0.7605633802816901,0.7605633802816901,0.924703091588334,0.1338751925033067,0.0,0.9275814070084096,0.8,0.6619718309859155,0.7309859154929578,1.0,0.8,0.0029422999941743
tdc_hia_hou,classification,2,2,stratified_scaffold_group,stratified_scaffold_group,4,logreg_l1_c1,linear,0.8766687857596949,0.8766687857596949,0.9841231206518464,0.0999027835282793,0.0,0.7837987669615829,0.8461538461538461,0.7520661157024794,0.7991099809281628,1.0,0.8,0.0025235999491997
tdc_hia_hou,classification,2,3,stratified_scaffold_group,stratified_scaffold_group,4,logreg_l1_c1,linear,0.7771381578947368,0.7771381578947368,0.953684919010452,0.1200698722568641,0.0,0.8770267625630336,0.8333333333333334,0.5197368421052632,0.6765350877192983,1.0,0.8,0.0018206000095233
tdc_hia_hou,classification,2,1,stratified_scaffold_group,stratified_scaffold_group,5,rf_60_sqrt,bagging,0.8309859154929577,0.8309859154929577,0.9476882919161296,0.1000710594315245,0.0,0.9,0.8,0.6338028169014085,0.7169014084507043,1.0,0.8,0.0918626000056974
tdc_hia_hou,classification,2,2,stratified_scaffold_group,stratified_scaffold_group,5,rf_60_sqrt,bagging,0.89446916719644,0.89446916719644,0.9841848469402376,0.0599212271973466,0.0,0.7833333333333333,0.8461538461538461,0.859504132231405,0.8528289891926255,1.0,0.8,0.0937157000298611
tdc_hia_hou,classification,2,3,stratified_scaffold_group,stratified_scaffold_group,5,rf_60_sqrt,bagging,0.8164747807017544,0.8164747807017544,0.9602590252079628,0.094330808080808,0.0,0.9166666666666666,0.875,0.4736842105263157,0.6743421052631579,1.0,0.8,0.0921032999758608
tdc_hia_hou,classification,2,1,stratified_scaffold_group,stratified_scaffold_group,6,rf_90_d12,bagging,0.8460093896713615,0.8460093896713615,0.957621194525347,0.0993828278935878,0.0,0.8328202303535779,0.8,0.7605633802816901,0.7802816901408451,1.0,0.8,0.1313578999834135
tdc_hia_hou,classification,2,2,stratified_scaffold_group,stratified_scaffold_group,6,rf_90_d12,bagging,0.9396058486967578,0.9396058486967578,0.9926759547477702,0.0638338945604651,0.0,0.689887727089484,0.8461538461538461,0.9421487603305784,0.8941513032422124,1.0,0.8,0.1253139000036753
tdc_hia_hou,classification,2,3,stratified_scaffold_group,stratified_scaffold_group,6,rf_90_d12,bagging,0.8218201754385964,0.8218201754385964,0.9663299213913,0.0955467439355858,0.0,0.8797896083481767,0.8333333333333334,0.6052631578947368,0.7192982456140351,1.0,0.8,0.1310836999909952
tdc_hia_hou,classification,2,1,stratified_scaffold_group,stratified_scaffold_group,7,rf_90_leaf2,bagging,0.8507042253521127,0.8507042253521127,0.9589038154074472,0.1022662619509477,0.0,0.8217571991933011,0.8666666666666667,0.6901408450704225,0.7784037558685446,1.0,0.8,0.1225840999977663
tdc_hia_hou,classification,2,2,stratified_scaffold_group,stratified_scaffold_group,7,rf_90_leaf2,bagging,0.919262555626192,0.919262555626192,0.9869771478802908,0.0720080969238846,0.0,0.6380161620071324,0.8461538461538461,0.9338842975206612,0.8900190718372536,1.0,0.8,0.1318955000024289
tdc_hia_hou,classification,2,3,stratified_scaffold_group,stratified_scaffold_group,7,rf_90_leaf2,bagging,0.8242872807017544,0.8242872807017544,0.966755687340128,0.0945313209040744,0.0,0.8315195986358552,0.8333333333333334,0.625,0.7291666666666667,1.0,0.8,0.1274033999652601
tdc_hia_hou,classification,2,1,stratified_scaffold_group,stratified_scaffold_group,8,rf_120_d20_leaf2,bagging,0.8347417840375587,0.8347417840375587,0.9491920400792192,0.1025717108969844,0.0,0.8349966582598173,0.8666666666666667,0.6619718309859155,0.7643192488262911,1.0,0.8,0.1634243999724276
tdc_hia_hou,classification,2,2,stratified_scaffold_group,stratified_scaffold_group,8,rf_120_d20_leaf2,bagging,0.936427209154482,0.936427209154482,0.9912953341476552,0.0711830575012561,0.0,0.6408635423327981,0.8461538461538461,0.9338842975206612,0.8900190718372536,1.0,0.8,0.1647045999998226
tdc_hia_hou,classification,2,3,stratified_scaffold_group,stratified_scaffold_group,8,rf_120_d20_leaf2,bagging,0.8171600877192983,0.8171600877192983,0.9653194247990632,0.094985929216994,0.0,0.853244601118936,0.8333333333333334,0.5263157894736842,0.6798245614035088,1.0,0.8,0.1709967000060714
tdc_hia_hou,classification,2,1,stratified_scaffold_group,stratified_scaffold_group,9,et_60_sqrt,bagging,0.7826291079812207,0.7826291079812207,0.9199870209430504,0.0974806201550387,0.0,0.95,0.8,0.3943661971830985,0.5971830985915493,1.0,0.8,0.0539137000450864
tdc_hia_hou,classification,2,2,stratified_scaffold_group,stratified_scaffold_group,9,et_60_sqrt,bagging,0.9230769230769232,0.9230769230769232,0.9875560987933966,0.051386815920398,0.0,0.7,0.8461538461538461,0.9338842975206612,0.8900190718372536,1.0,0.8,0.0608849999844096
tdc_hia_hou,classification,2,3,stratified_scaffold_group,stratified_scaffold_group,9,et_60_sqrt,bagging,0.8558114035087718,0.8558114035087718,0.9730266796175596,0.0923611111111111,0.0,0.8833333333333333,0.875,0.6907894736842105,0.7828947368421053,1.0,0.8,0.0572192000108771
tdc_hia_hou,classification,2,1,stratified_scaffold_group,stratified_scaffold_group,10,et_90_d12,bagging,0.8131455399061033,0.8131455399061033,0.94456392246821,0.1002412926969202,0.0,0.8452606692147273,0.8,0.6338028169014085,0.7169014084507043,1.0,0.8,0.0863168999785557
tdc_hia_hou,classification,2,2,stratified_scaffold_group,stratified_scaffold_group,10,et_90_d12,bagging,0.9561347743165924,0.9561347743165924,0.994426717004416,0.0657696245430035,0.0,0.5965843370463425,0.8461538461538461,0.9834710743801652,0.9148124602670058,1.0,0.8,0.083737899956759
tdc_hia_hou,classification,2,3,stratified_scaffold_group,stratified_scaffold_group,10,et_90_d12,bagging,0.853344298245614,0.853344298245614,0.9740802569222504,0.0927073235232794,0.0,0.8604950544786159,0.8333333333333334,0.7368421052631579,0.7850877192982456,1.0,0.8,0.0816452999715693
tdc_hia_hou,classification,2,1,stratified_scaffold_group,stratified_scaffold_group,11,et_90_leaf2,bagging,0.8140845070422535,0.8140845070422535,0.946700284885279,0.0994839624019435,0.0,0.8820150186441903,0.8,0.5492957746478874,0.6746478873239437,1.0,0.8,0.0835833000019192
tdc_hia_hou,classification,2,2,stratified_scaffold_group,stratified_scaffold_group,11,et_90_leaf2,bagging,0.922441195168468,0.922441195168468,0.9835364743469172,0.0638178717193515,0.0,0.5827819909773979,0.8461538461538461,0.9669421487603306,0.9065479974570884,1.0,0.8,0.0852333000511862
tdc_hia_hou,classification,2,3,stratified_scaffold_group,stratified_scaffold_group,11,et_90_leaf2,bagging,0.8231907894736841,0.8231907894736841,0.9652069096560508,0.0937565188762545,0.0,0.8547995332781636,0.8333333333333334,0.5723684210526315,0.7028508771929824,1.0,0.8,0.077627399994526
tdc_hia_hou,classification,2,1,stratified_scaffold_group,stratified_scaffold_group,12,et_120_d20_leaf2,bagging,0.8347417840375587,0.8347417840375587,0.9574218122770544,0.0994376859263062,0.0,0.8888063914758345,0.9333333333333332,0.5492957746478874,0.7413145539906103,1.0,0.8,0.1042679999954998
tdc_hia_hou,classification,2,2,stratified_scaffold_group,stratified_scaffold_group,12,et_120_d20_leaf2,bagging,0.933248569612206,0.933248569612206,0.9885485336720012,0.0640554418616559,0.0,0.5327121830189626,0.8461538461538461,0.9834710743801652,0.9148124602670058,1.0,0.8,0.1038096000556834
tdc_hia_hou,classification,2,3,stratified_scaffold_group,stratified_scaffold_group,12,et_120_d20_leaf2,bagging,0.8103070175438597,0.8103070175438597,0.958800604932982,0.0940723006687499,0.0,0.8512705453985743,0.8333333333333334,0.5986842105263158,0.7160087719298246,1.0,0.8,0.1017609999980777
tdc_hia_hou,classification,2,1,stratified_scaffold_group,stratified_scaffold_group,13,histgb_lr0.05,boosting,0.815962441314554,0.815962441314554,0.9469665530006428,0.0963448469627115,0.0,0.945588773714084,0.8,0.7464788732394366,0.7732394366197184,1.0,0.8,0.6595768999541178
tdc_hia_hou,classification,2,2,stratified_scaffold_group,stratified_scaffold_group,13,histgb_lr0.05,boosting,0.866497139224412,0.866497139224412,0.9802137787477918,0.0592556710975615,0.0,0.9263577520318635,0.8461538461538461,0.6942148760330579,0.770184361093452,1.0,0.8,0.5281016000080854
tdc_hia_hou,classification,2,3,stratified_scaffold_group,stratified_scaffold_group,13,histgb_lr0.05,boosting,0.7519188596491228,0.7519188596491228,0.9426000268778042,0.0938783729990385,0.0,0.9777829152519668,0.8333333333333334,0.4144736842105263,0.6239035087719298,1.0,0.8,0.4520159999956377
tdc_hia_hou,classification,2,1,stratified_scaffold_group,stratified_scaffold_group,14,histgb_lr0.1,boosting,0.8234741784037558,0.8234741784037558,0.9405421033335049,0.0940979124747108,0.0,0.9721622715681568,0.8,0.7605633802816901,0.7802816901408451,1.0,0.8,0.508968600013759
tdc_hia_hou,classification,2,2,stratified_scaffold_group,stratified_scaffold_group,14,histgb_lr0.1,boosting,0.8467895740623014,0.8467895740623014,0.9712399432403782,0.0610732974481435,0.0,0.9181349708771416,0.8461538461538461,0.768595041322314,0.8073744437380801,1.0,0.8,0.4526699999696575
tdc_hia_hou,classification,2,3,stratified_scaffold_group,stratified_scaffold_group,14,histgb_lr0.1,boosting,0.7691885964912281,0.7691885964912281,0.9461951692520688,0.0965077681346975,0.0,0.9828686944511678,0.8333333333333334,0.4605263157894737,0.6469298245614035,1.0,0.8,0.4451454000081867
tdc_hia_hou,classification,2,1,stratified_scaffold_group,stratified_scaffold_group,15,gb_lr0.05_d2,boosting,0.7173708920187793,0.7173708920187793,0.8825733047470871,0.1127691450037202,0.0,0.948454339667218,0.8,0.4647887323943662,0.6323943661971831,1.0,0.8,0.1496696000103838
tdc_hia_hou,classification,2,2,stratified_scaffold_group,stratified_scaffold_group,15,gb_lr0.05_d2,boosting,0.8130959949141768,0.8130959949141768,0.9706796532133184,0.0799379353681883,0.0,0.9108967538083784,0.8461538461538461,0.6115702479338843,0.7288620470438651,1.0,0.8,0.1347459999960847
tdc_hia_hou,classification,2,3,stratified_scaffold_group,stratified_scaffold_group,15,gb_lr0.05_d2,boosting,0.678453947368421,0.678453947368421,0.9034773356706188,0.1085207313910082,0.0,0.9639497309871196,0.8333333333333334,0.1513157894736842,0.4923245614035088,1.0,0.8,0.1250490000238642
tdc_hia_hou,classification,2,1,stratified_scaffold_group,stratified_scaffold_group,16,gb_lr0.1_d3,boosting,0.7774647887323944,0.7774647887323944,0.9344510823350248,0.0952296793906928,0.0,0.9822184587905436,0.8,0.4788732394366197,0.6394366197183099,1.0,0.8,0.2164026999962516
tdc_hia_hou,classification,2,2,stratified_scaffold_group,stratified_scaffold_group,16,gb_lr0.1_d3,boosting,0.8343928798474254,0.8343928798474254,0.971325930307822,0.0837315987979411,0.0,0.9426240238340754,0.8461538461538461,0.743801652892562,0.794977749523204,1.0,0.8,0.1900842000031843
tdc_hia_hou,classification,2,3,stratified_scaffold_group,stratified_scaffold_group,16,gb_lr0.1_d3,boosting,0.7164199561403509,0.7164199561403509,0.9374294147786568,0.1222604135404271,0.0,0.9904382155859544,0.8333333333333334,0.4473684210526316,0.6403508771929824,1.0,0.8,0.1727349000284448
tdc_hia_hou,classification,2,1,stratified_scaffold_group,stratified_scaffold_group,17,lgbm_60_l15,boosting,0.8169014084507042,0.8169014084507042,0.94465578349315,0.0980967761104097,0.0,0.9536512582855264,0.8,0.676056338028169,0.7380281690140845,1.0,0.8,0.0244109000195749
tdc_hia_hou,classification,2,2,stratified_scaffold_group,stratified_scaffold_group,17,lgbm_60_l15,boosting,0.8455181182453909,0.8455181182453909,0.9735782839295188,0.0654362700533629,0.0,0.8323810569978158,0.8461538461538461,0.8181818181818182,0.8321678321678322,1.0,0.8,0.0167124000145122
tdc_hia_hou,classification,2,3,stratified_scaffold_group,stratified_scaffold_group,17,lgbm_60_l15,boosting,0.7179276315789473,0.7179276315789473,0.9358695973443888,0.1020176196773179,0.0,0.9484526023389804,0.8333333333333334,0.3947368421052631,0.6140350877192983,1.0,0.8,0.016048299963586
tdc_hia_hou,classification,2,1,stratified_scaffold_group,stratified_scaffold_group,18,lgbm_90_l31,boosting,0.8075117370892019,0.8075117370892019,0.9363690017837548,0.0876660635977135,0.0,0.9483261769794884,0.8,0.7746478873239436,0.7873239436619719,1.0,0.8,0.0253416000050492
tdc_hia_hou,classification,2,2,stratified_scaffold_group,stratified_scaffold_group,18,lgbm_90_l31,boosting,0.8760330578512396,0.8760330578512396,0.980176836745459,0.0584947542803722,0.0,0.8834159212356206,0.8461538461538461,0.8099173553719008,0.8280356007628735,1.0,0.8,0.022540200036019
tdc_hia_hou,classification,2,3,stratified_scaffold_group,stratified_scaffold_group,18,lgbm_90_l31,boosting,0.7113486842105263,0.7113486842105263,0.9337997187618534,0.1058978562186686,0.0,0.9724212907005624,0.8333333333333334,0.3881578947368421,0.6107456140350878,1.0,0.8,0.0196938999579288
tdc_hia_hou,classification,2,1,stratified_scaffold_group,stratified_scaffold_group,19,lgbm_60_l63,boosting,0.8497652582159624,0.8497652582159624,0.960420847065065,0.0895958653383193,0.0,0.953380962324421,0.8,0.7887323943661971,0.7943661971830986,1.0,0.8,0.0205613000434823
tdc_hia_hou,classification,2,2,stratified_scaffold_group,stratified_scaffold_group,19,lgbm_60_l63,boosting,0.902097902097902,0.902097902097902,0.9879075799913406,0.058733801126197,0.0,0.8740369301403538,0.8461538461538461,0.7851239669421488,0.8156389065479974,1.0,0.8,0.0166884000063873
tdc_hia_hou,classification,2,3,stratified_scaffold_group,stratified_scaffold_group,19,lgbm_60_l63,boosting,0.7231359649122806,0.7231359649122806,0.9396488530469695,0.1056674523986079,0.0,0.9663306298441042,0.8333333333333334,0.4276315789473684,0.6304824561403509,1.0,0.8,0.0153745000134222
tdc_hia_hou,classification,2,1,stratified_scaffold_group,stratified_scaffold_group,20,lgbm_100_leaf10,boosting,0.8751173708920188,0.8751173708920188,0.9675975810403656,0.1001822710797398,0.0,0.9876897429658504,0.8,0.7464788732394366,0.7732394366197184,1.0,0.8,0.0574042000225745
tdc_hia_hou,classification,2,2,stratified_scaffold_group,stratified_scaffold_group,20,lgbm_100_leaf10,boosting,0.8874761602034329,0.8874761602034329,0.9778918031281734,0.04375723055187,0.0,0.947072524212042,0.8461538461538461,0.8429752066115702,0.8445645263827082,1.0,0.8,0.0507747999508865
tdc_hia_hou,classification,2,3,stratified_scaffold_group,stratified_scaffold_group,20,lgbm_100_leaf10,boosting,0.7420504385964912,0.7420504385964912,0.944701420284668,0.1020736593833448,0.0,0.9949921193809582,0.8333333333333334,0.4539473684210526,0.6436403508771931,1.0,0.8,0.0435201999498531
tdc_hia_hou,classification,2,1,stratified_scaffold_group,stratified_scaffold_group,21,lgbm_100_leaf30,boosting,0.6666666666666666,0.6666666666666666,0.9031170060057354,0.1330170476698847,0.0,0.9781344615654288,0.8666666666666667,0.2957746478873239,0.5812206572769953,1.0,0.8,0.0198948999750427
tdc_hia_hou,classification,2,2,stratified_scaffold_group,stratified_scaffold_group,21,lgbm_100_leaf30,boosting,0.8741258741258742,0.8741258741258742,0.9859977897210483,0.069966207839013,0.0,0.8048044144025152,0.9230769230769232,0.8099173553719008,0.866497139224412,1.0,0.8,0.0167847999837249
tdc_hia_hou,classification,2,3,stratified_scaffold_group,stratified_scaffold_group,21,lgbm_100_leaf30,boosting,0.6957236842105263,0.6957236842105263,0.9231375616445268,0.1039614529921172,0.0,0.9726052746642512,0.8333333333333334,0.2171052631578947,0.5252192982456141,1.0,0.8,0.0139860000344924
tdc_hia_hou,classification,2,1,stratified_scaffold_group,stratified_scaffold_group,22,lgbm_80_ff0.7,boosting,0.8084507042253521,0.8084507042253521,0.9401387507654302,0.0960371612390765,0.0,0.9659653431812056,0.8,0.7464788732394366,0.7732394366197184,1.0,0.8,0.028537200007122
tdc_hia_hou,classification,2,2,stratified_scaffold_group,stratified_scaffold_group,22,lgbm_80_ff0.7,boosting,0.8970120788302607,0.8970120788302607,0.9788017582120948,0.0528292675322316,0.0,0.8045009288438744,0.8461538461538461,0.9173553719008264,0.8817546090273363,1.0,0.8,0.0259645000332966
tdc_hia_hou,classification,2,3,stratified_scaffold_group,stratified_scaffold_group,22,lgbm_80_ff0.7,boosting,0.7203947368421052,0.7203947368421052,0.9377467296219832,0.1046603204136954,0.0,0.972507707951573,0.8333333333333334,0.4342105263157895,0.6337719298245614,1.0,0.8,0.0212535999598912
tdc_hia_hou,classification,2,1,stratified_scaffold_group,stratified_scaffold_group,23,lgbm_80_bag0.8,boosting,0.7812206572769953,0.7812206572769953,0.9196674043806992,0.104478375225061,0.0,0.9601662255750878,0.8,0.7746478873239436,0.7873239436619719,1.0,0.8,0.0225427999976091
tdc_hia_hou,classification,2,2,stratified_scaffold_group,stratified_scaffold_group,23,lgbm_80_bag0.8,boosting,0.898283534647171,0.898283534647171,0.9847596798472454,0.060348774993483,0.0,0.8403634305509963,0.8461538461538461,0.9008264462809916,0.8734901462174189,1.0,0.8,0.0191160999820567
tdc_hia_hou,classification,2,3,stratified_scaffold_group,stratified_scaffold_group,23,lgbm_80_bag0.8,boosting,0.6894188596491228,0.6894188596491228,0.9273966018437888,0.1068134561279864,0.0,0.980748041358387,0.8333333333333334,0.3684210526315789,0.6008771929824561,1.0,0.8,0.0186941999709233
tdc_hia_hou,classification,2,1,stratified_scaffold_group,stratified_scaffold_group,24,lgbm_120_l15,boosting,0.8272300469483568,0.8272300469483568,0.9470002615931834,0.0836951484923401,0.0,0.9484667322015956,0.8,0.7746478873239436,0.7873239436619719,1.0,0.8,0.0302636999986134
tdc_hia_hou,classification,2,2,stratified_scaffold_group,stratified_scaffold_group,24,lgbm_120_l15,boosting,0.9103623649078194,0.9103623649078194,0.9883728317878728,0.055173331586463,0.0,0.8708785195017257,0.8461538461538461,0.8347107438016529,0.8404322949777495,1.0,0.8,0.0266812999616377
tdc_hia_hou,classification,2,3,stratified_scaffold_group,stratified_scaffold_group,24,lgbm_120_l15,boosting,0.7214912280701754,0.7214912280701754,0.937421285907834,0.1041383627092242,0.0,0.9676496458517015,0.8333333333333334,0.4605263157894737,0.6469298245614035,1.0,0.8,0.0232884000288322
tdc_hia_hou,classification,2,1,stratified_scaffold_group,stratified_scaffold_group,25,xgb_60_d3,boosting,0.7812206572769953,0.7812206572769953,0.9269872273835416,0.1070804526001541,0.0,0.9369550347328186,0.8,0.676056338028169,0.7380281690140845,1.0,0.8,0.0351537999813444
tdc_hia_hou,classification,2,2,stratified_scaffold_group,stratified_scaffold_group,25,xgb_60_d3,boosting,0.8582326764144946,0.8582326764144946,0.9741736850291796,0.0541052398215959,0.0,0.8814874887466431,0.8461538461538461,0.7851239669421488,0.8156389065479974,1.0,0.8,0.0350997999776154
tdc_hia_hou,classification,2,3,stratified_scaffold_group,stratified_scaffold_group,25,xgb_60_d3,boosting,0.7620614035087719,0.7620614035087719,0.9479493313603252,0.1010439936539578,0.0,0.9475261569023132,0.8333333333333334,0.5197368421052632,0.6765350877192983,1.0,0.8,0.0333447000011801
tdc_hia_hou,classification,2,1,stratified_scaffold_group,stratified_scaffold_group,26,xgb_80_d5,boosting,0.815962441314554,0.815962441314554,0.9467767664633602,0.108631095944472,0.0,0.9380078315734864,0.8,0.7464788732394366,0.7732394366197184,1.0,0.8,0.0474730000132694
tdc_hia_hou,classification,2,2,stratified_scaffold_group,stratified_scaffold_group,26,xgb_80_d5,boosting,0.8976478067387158,0.8976478067387158,0.9831220784792098,0.0493452365157885,0.0,0.8282790184020996,0.8461538461538461,0.9008264462809916,0.8734901462174189,1.0,0.8,0.0440579000278376
tdc_hia_hou,classification,2,3,stratified_scaffold_group,stratified_scaffold_group,26,xgb_80_d5,boosting,0.7856359649122807,0.7856359649122807,0.9547644366537964,0.1003890172783181,0.0,0.9639239311218262,0.8333333333333334,0.5394736842105263,0.6864035087719298,1.0,0.8,0.041466099966783
tdc_hia_hou,classification,2,1,stratified_scaffold_group,stratified_scaffold_group,27,xgb_100_d3,boosting,0.7924882629107981,0.7924882629107981,0.9449295614640196,0.118309061794109,0.0,0.9563312530517578,0.8,0.6197183098591549,0.7098591549295774,1.0,0.8,0.0455242000170983
tdc_hia_hou,classification,2,2,stratified_scaffold_group,stratified_scaffold_group,27,xgb_100_d3,boosting,0.8849332485696122,0.8849332485696122,0.9822273921398053,0.053425519123897,0.0,0.850334107875824,0.8461538461538461,0.859504132231405,0.8528289891926255,1.0,0.8,0.0434665000066161
tdc_hia_hou,classification,2,3,stratified_scaffold_group,stratified_scaffold_group,27,xgb_100_d3,boosting,0.7864583333333333,0.7864583333333333,0.955962214770872,0.096954884546679,0.0,0.9447777271270752,0.8333333333333334,0.5460526315789473,0.6896929824561404,1.0,0.8,0.0400778999901376
tdc_hia_hou,classification,2,1,stratified_scaffold_group,stratified_scaffold_group,28,xgb_60_d6,boosting,0.8178403755868544,0.8178403755868544,0.944244479749798,0.1055290809236904,0.0,0.919529139995575,0.8,0.8028169014084507,0.8014084507042254,1.0,0.8,0.0393850000109523
tdc_hia_hou,classification,2,2,stratified_scaffold_group,stratified_scaffold_group,28,xgb_60_d6,boosting,0.8931977113795296,0.8931977113795296,0.9820508290938478,0.0477118695297186,0.0,0.8644307255744934,0.8461538461538461,0.9008264462809916,0.8734901462174189,1.0,0.8,0.0463806000188924
tdc_hia_hou,classification,2,3,stratified_scaffold_group,stratified_scaffold_group,28,xgb_60_d6,boosting,0.7741228070175439,0.7741228070175439,0.953784152122561,0.1019398705134133,0.0,0.9667637348175048,0.8333333333333334,0.4934210526315789,0.6633771929824561,1.0,0.8,0.0345296000014059
tdc_hia_hou,classification,2,1,stratified_scaffold_group,stratified_scaffold_group,29,cat_60_d4,boosting,0.7774647887323943,0.7774647887323943,0.922051612757428,0.1094400892615776,0.0,0.9347066877397766,0.8,0.5915492957746479,0.6957746478873239,1.0,0.8,0.1504808000172488
tdc_hia_hou,classification,2,2,stratified_scaffold_group,stratified_scaffold_group,29,cat_60_d4,boosting,0.8919262555626192,0.8919262555626192,0.9847783078680876,0.0551974702799976,0.0,0.8474708868086482,0.8461538461538461,0.8347107438016529,0.8404322949777495,1.0,0.8,0.1464834000216797
tdc_hia_hou,classification,2,3,stratified_scaffold_group,stratified_scaffold_group,29,cat_60_d4,boosting,0.7919407894736842,0.7919407894736842,0.9520725177189,0.102300239353436,0.0,0.9460427379072354,0.8333333333333334,0.5855263157894737,0.7094298245614035,1.0,0.8,0.1093102000304497
tdc_hia_hou,classification,2,1,stratified_scaffold_group,stratified_scaffold_group,30,cat_80_d6,boosting,0.8093896713615023,0.8093896713615023,0.9481970354322312,0.1109267557395258,0.0,0.9447177367915252,0.8,0.6056338028169014,0.7028169014084507,1.0,0.8,0.2789502000086941
tdc_hia_hou,classification,2,2,stratified_scaffold_group,stratified_scaffold_group,30,cat_80_d6,boosting,0.881118881118881,0.881118881118881,0.9811435856530282,0.0519620247554387,0.0,0.8336978517249574,0.8461538461538461,0.9008264462809916,0.8734901462174189,1.0,0.8,0.2842498000245541
tdc_hia_hou,classification,2,3,stratified_scaffold_group,stratified_scaffold_group,30,cat_80_d6,boosting,0.7417763157894737,0.7417763157894737,0.9423088412141116,0.1086107255904804,0.0,0.957209066312061,0.8333333333333334,0.506578947368421,0.6699561403508771,1.0,0.8,0.2691670000203885
tdc_hia_hou,classification,2,1,stratified_scaffold_group,stratified_scaffold_group,31,cat_100_d4,boosting,0.7887323943661971,0.7887323943661971,0.9398099109645222,0.1115196593708122,0.0,0.9442734994440636,0.8,0.5211267605633803,0.6605633802816901,1.0,0.8,0.1965941000380553
tdc_hia_hou,classification,2,2,stratified_scaffold_group,stratified_scaffold_group,31,cat_100_d4,boosting,0.891290527654164,0.891290527654164,0.9844849660877084,0.0561090755032563,0.0,0.821497634520535,0.8461538461538461,0.8925619834710744,0.8693579148124603,1.0,0.8,0.1957257000030949
tdc_hia_hou,classification,2,3,stratified_scaffold_group,stratified_scaffold_group,31,cat_100_d4,boosting,0.7924890350877193,0.7924890350877193,0.9587594693916972,0.1014324068510185,0.0,0.9381526625322182,0.8333333333333334,0.5789473684210527,0.7061403508771931,1.0,0.8,0.1771442999597638
tdc_hia_hou,classification,2,1,stratified_scaffold_group,stratified_scaffold_group,32,cat_60_d8,boosting,0.8384976525821596,0.8384976525821596,0.9473392291155516,0.1064250477037485,0.0,0.9528207354343712,0.8666666666666667,0.7183098591549296,0.7924882629107981,1.0,0.8,0.496842699998524
tdc_hia_hou,classification,2,2,stratified_scaffold_group,stratified_scaffold_group,32,cat_60_d8,boosting,0.8906547997457088,0.8906547997457088,0.9774313659514664,0.0535099082028039,0.0,0.871879118990814,0.8461538461538461,0.8677685950413223,0.8569612205975843,1.0,0.8,0.5734861999517307
tdc_hia_hou,classification,2,3,stratified_scaffold_group,stratified_scaffold_group,32,cat_60_d8,boosting,0.754111842105263,0.754111842105263,0.9406911075220448,0.1066167833894969,0.0,0.9585515120751908,0.8333333333333334,0.631578947368421,0.7324561403508771,1.0,0.8,0.4109994000173174
tdc_hia_hou,classification,3,1,stratified_scaffold_group,stratified_scaffold_group,1,logreg_l2_c0.1,linear,0.8390688259109312,0.8390688259109312,0.9647194710541892,0.0920666483496422,0.0,0.8384511887907804,0.8461538461538461,0.6447368421052632,0.7454453441295547,1.0,0.8,0.0018520000157877
tdc_hia_hou,classification,3,2,stratified_scaffold_group,stratified_scaffold_group,1,logreg_l2_c0.1,linear,0.9490263459335624,0.9490263459335624,0.9872036274691568,0.088061617289401,0.0,0.4599411382548898,0.8333333333333334,0.9587628865979382,0.8960481099656358,1.0,0.8,0.0017100000404752
tdc_hia_hou,classification,3,3,stratified_scaffold_group,stratified_scaffold_group,1,logreg_l2_c0.1,linear,0.824224908039937,0.824224908039937,0.9706283594326746,0.1046740251995583,0.0,0.6942072913123338,0.8181818181818181,0.7283236994219653,0.7732527588018917,1.0,0.8,0.0012469999492168
tdc_hia_hou,classification,3,1,stratified_scaffold_group,stratified_scaffold_group,2,logreg_l2_c1,linear,0.8451417004048583,0.8451417004048583,0.96720160758745,0.0868847185095215,0.0,0.9754512137964212,0.9230769230769232,0.5526315789473685,0.7378542510121457,1.0,0.8,0.0019448000239208
tdc_hia_hou,classification,3,2,stratified_scaffold_group,stratified_scaffold_group,2,logreg_l2_c1,linear,0.9438717067583048,0.9438717067583048,0.9863675639521314,0.0592215176405032,0.0,0.648100599728088,0.8333333333333334,0.9175257731958762,0.8754295532646048,1.0,0.8,0.0018297000206075
tdc_hia_hou,classification,3,3,stratified_scaffold_group,stratified_scaffold_group,2,logreg_l2_c1,linear,0.8357856016815554,0.8357856016815554,0.9711372098128664,0.0790899500883552,0.0,0.9005689588621437,0.8181818181818181,0.6242774566473989,0.7212296374146085,1.0,0.8,0.0015410999767482
tdc_hia_hou,classification,3,1,stratified_scaffold_group,stratified_scaffold_group,3,logreg_l2_c10,linear,0.8623481781376519,0.8623481781376519,0.9719503138080166,0.0871555195201913,0.0,0.9941815306529298,0.8461538461538461,0.6842105263157895,0.7651821862348178,1.0,0.8,0.0022227999870665
tdc_hia_hou,classification,3,2,stratified_scaffold_group,stratified_scaffold_group,3,logreg_l2_c10,linear,0.9392898052691868,0.9392898052691868,0.9849844896224142,0.060577961199667,0.0,0.8182409970285827,0.8333333333333334,0.9072164948453608,0.8702749140893471,1.0,0.8,0.0021616999874822
tdc_hia_hou,classification,3,3,stratified_scaffold_group,stratified_scaffold_group,3,logreg_l2_c10,linear,0.8344718864950078,0.8344718864950078,0.9703426231567334,0.0777382774020613,0.0,0.983390567867454,0.8181818181818181,0.5606936416184971,0.6894377299001576,1.0,0.8,0.001642899995204
tdc_hia_hou,classification,3,1,stratified_scaffold_group,stratified_scaffold_group,4,logreg_l1_c1,linear,0.7793522267206479,0.7793522267206479,0.9558752518515808,0.1344917014940095,0.0,0.9522815938131084,0.8461538461538461,0.5394736842105263,0.6928137651821862,1.0,0.8,0.0020331999985501
tdc_hia_hou,classification,3,2,stratified_scaffold_group,stratified_scaffold_group,4,logreg_l1_c1,linear,0.8877434135166093,0.8877434135166093,0.9721212556719354,0.1221022081432562,0.0,0.6025210011919031,0.8333333333333334,0.8144329896907216,0.8238831615120275,1.0,0.8,0.0022639000089839
tdc_hia_hou,classification,3,3,stratified_scaffold_group,stratified_scaffold_group,4,logreg_l1_c1,linear,0.7745664739884393,0.7745664739884393,0.9581531501651116,0.10105065667286,0.0,0.9197526570133918,0.8181818181818181,0.5838150289017341,0.7009984235417761,1.0,0.8,0.0019074999727308
tdc_hia_hou,classification,3,1,stratified_scaffold_group,stratified_scaffold_group,5,rf_60_sqrt,bagging,0.8846153846153846,0.8846153846153846,0.9714836317338884,0.0870505617977528,0.0,0.8333333333333334,0.8461538461538461,0.8421052631578947,0.8441295546558705,1.0,0.8,0.0927499000099487
tdc_hia_hou,classification,3,2,stratified_scaffold_group,stratified_scaffold_group,5,rf_60_sqrt,bagging,0.9444444444444444,0.9444444444444444,0.9853202840737484,0.0740048309178744,0.0,0.65,0.8333333333333334,0.9587628865979382,0.8960481099656358,1.0,0.8,0.0836194999865256
tdc_hia_hou,classification,3,3,stratified_scaffold_group,stratified_scaffold_group,5,rf_60_sqrt,bagging,0.7905937992643195,0.7905937992643195,0.9580753098149366,0.0824743589743589,0.0,0.8833333333333333,0.8181818181818181,0.5375722543352601,0.6778770362585391,1.0,0.8,0.0962151999701745
tdc_hia_hou,classification,3,1,stratified_scaffold_group,stratified_scaffold_group,6,rf_90_d12,bagging,0.8653846153846154,0.8653846153846154,0.9687124898260072,0.0873935391281642,0.0,0.8082981244865173,0.8461538461538461,0.8289473684210527,0.8375506072874495,1.0,0.8,0.1252377000055275
tdc_hia_hou,classification,3,2,stratified_scaffold_group,stratified_scaffold_group,6,rf_90_d12,bagging,0.9329896907216496,0.9329896907216496,0.9807622210553248,0.0835475448380688,0.0,0.636448670771816,0.8333333333333334,0.9484536082474226,0.890893470790378,1.0,0.8,0.1311667000409215
tdc_hia_hou,classification,3,3,stratified_scaffold_group,stratified_scaffold_group,6,rf_90_d12,bagging,0.8213347346295324,0.8213347346295324,0.9686999565715582,0.0824999650074261,0.0,0.8282025996617046,0.8181818181818181,0.7109826589595376,0.7645822385706779,1.0,0.8,0.1314258999773301
tdc_hia_hou,classification,3,1,stratified_scaffold_group,stratified_scaffold_group,7,rf_90_leaf2,bagging,0.8491902834008097,0.8491902834008097,0.9689976219271256,0.095803301651767,0.0,0.788968770716486,0.8461538461538461,0.7894736842105263,0.8178137651821862,1.0,0.8,0.125369299959857
tdc_hia_hou,classification,3,2,stratified_scaffold_group,stratified_scaffold_group,7,rf_90_leaf2,bagging,0.9507445589919816,0.9507445589919816,0.9863611764450596,0.0779464538255631,0.0,0.6005958899953077,0.8888888888888888,0.9690721649484536,0.9289805269186712,1.0,0.8,0.1287147999973967
tdc_hia_hou,classification,3,3,stratified_scaffold_group,stratified_scaffold_group,7,rf_90_leaf2,bagging,0.8118759852863899,0.8118759852863899,0.968730909335529,0.0919436734047778,0.0,0.7878739456317918,0.8181818181818181,0.6878612716763006,0.7530215449290594,1.0,0.8,0.1224314999999478
tdc_hia_hou,classification,3,1,stratified_scaffold_group,stratified_scaffold_group,8,rf_120_d20_leaf2,bagging,0.8370445344129555,0.8370445344129555,0.9651065314860264,0.0974172610229469,0.0,0.7959078306632377,0.8461538461538461,0.7631578947368421,0.8046558704453441,1.0,0.8,0.1662965000141412
tdc_hia_hou,classification,3,2,stratified_scaffold_group,stratified_scaffold_group,8,rf_120_d20_leaf2,bagging,0.9467353951890034,0.9467353951890034,0.9840613040396424,0.0805829155072487,0.0,0.5962186247935208,0.8888888888888888,0.9690721649484536,0.9289805269186712,1.0,0.8,0.169438499957323
tdc_hia_hou,classification,3,3,stratified_scaffold_group,stratified_scaffold_group,8,rf_120_d20_leaf2,bagging,0.8126642143983185,0.8126642143983185,0.9684586860118392,0.0920541616080135,0.0,0.7799296747728469,0.8181818181818181,0.7052023121387283,0.7616920651602732,1.0,0.8,0.1645575000438839
tdc_hia_hou,classification,3,1,stratified_scaffold_group,stratified_scaffold_group,9,et_60_sqrt,bagging,0.8841093117408907,0.8841093117408907,0.9762595604955148,0.0894975031210986,0.0,0.8333333333333334,0.8461538461538461,0.8157894736842105,0.8309716599190283,1.0,0.8,0.0635894000297412
tdc_hia_hou,classification,3,2,stratified_scaffold_group,stratified_scaffold_group,9,et_60_sqrt,bagging,0.9292668957617412,0.9292668957617412,0.9706840798233116,0.0671497584541062,0.0,0.6333333333333333,0.8333333333333334,0.9484536082474226,0.890893470790378,1.0,0.8,0.0539580000331625
tdc_hia_hou,classification,3,3,stratified_scaffold_group,stratified_scaffold_group,9,et_60_sqrt,bagging,0.8593011035207567,0.8593011035207567,0.976441221372554,0.0799017094017094,0.0,0.8166666666666667,0.8181818181818181,0.838150289017341,0.8281660535995796,1.0,0.8,0.0573944000061601
tdc_hia_hou,classification,3,1,stratified_scaffold_group,stratified_scaffold_group,10,et_90_d12,bagging,0.8704453441295547,0.8704453441295547,0.9625073419263996,0.0897553753175681,0.0,0.7674439454777244,0.8461538461538461,0.881578947368421,0.8638663967611335,1.0,0.8,0.0850179999833926
tdc_hia_hou,classification,3,2,stratified_scaffold_group,stratified_scaffold_group,10,et_90_d12,bagging,0.938717067583047,0.938717067583047,0.9823523617517288,0.0756277956761275,0.0,0.6060093630843462,0.8888888888888888,0.9484536082474226,0.9186712485681556,1.0,0.8,0.0785017000162042
tdc_hia_hou,classification,3,3,stratified_scaffold_group,stratified_scaffold_group,10,et_90_d12,bagging,0.8770362585391487,0.8770362585391487,0.9814101923174836,0.0830649669182697,0.0,0.7511540222700138,0.8181818181818181,0.8670520231213873,0.8426169206516028,1.0,0.8,0.083239700004924
tdc_hia_hou,classification,3,1,stratified_scaffold_group,stratified_scaffold_group,11,et_90_leaf2,bagging,0.8248987854251012,0.8248987854251012,0.9511783141534266,0.0945585466144242,0.0,0.8274048845671063,0.8461538461538461,0.7236842105263158,0.784919028340081,1.0,0.8,0.0860989999491721
tdc_hia_hou,classification,3,2,stratified_scaffold_group,stratified_scaffold_group,11,et_90_leaf2,bagging,0.9421534936998855,0.9421534936998855,0.9841449729205776,0.0765702154071254,0.0,0.5264326572430982,0.8333333333333334,0.9484536082474226,0.890893470790378,1.0,0.8,0.0855122000211849
tdc_hia_hou,classification,3,3,stratified_scaffold_group,stratified_scaffold_group,11,et_90_leaf2,bagging,0.8279033105622702,0.8279033105622702,0.9684283665564944,0.0872060649857495,0.0,0.7590486911394614,0.8181818181818181,0.791907514450867,0.8050446663163426,1.0,0.8,0.0816386999795213
tdc_hia_hou,classification,3,1,stratified_scaffold_group,stratified_scaffold_group,12,et_120_d20_leaf2,bagging,0.8461538461538461,0.8461538461538461,0.9593115766434728,0.0936395390402269,0.0,0.8134963038333847,0.8461538461538461,0.7236842105263158,0.784919028340081,1.0,0.8,0.101465800020378
tdc_hia_hou,classification,3,2,stratified_scaffold_group,stratified_scaffold_group,12,et_120_d20_leaf2,bagging,0.9478808705612828,0.9478808705612828,0.9876808202202436,0.0764910697277246,0.0,0.5483238415457194,0.8333333333333334,0.9587628865979382,0.8960481099656358,1.0,0.8,0.1025161000434309
tdc_hia_hou,classification,3,3,stratified_scaffold_group,stratified_scaffold_group,12,et_120_d20_leaf2,bagging,0.8152916447714136,0.8152916447714136,0.9639255430278016,0.0886607078594969,0.0,0.776927539245414,0.8181818181818181,0.7456647398843931,0.7819232790331057,1.0,0.8,0.1078836999949999
tdc_hia_hou,classification,3,1,stratified_scaffold_group,stratified_scaffold_group,13,histgb_lr0.05,boosting,0.8208502024291499,0.8208502024291499,0.9568153523749142,0.1029241164466591,0.0,0.9641296910699612,0.8461538461538461,0.7894736842105263,0.8178137651821862,1.0,0.8,0.6290314000216313
tdc_hia_hou,classification,3,2,stratified_scaffold_group,stratified_scaffold_group,13,histgb_lr0.05,boosting,0.918671248568156,0.918671248568156,0.9849612179612496,0.0815831319722073,0.0,0.8950484310317414,0.9444444444444444,0.8041237113402062,0.8742840778923253,1.0,0.8,0.5792957000085153
tdc_hia_hou,classification,3,3,stratified_scaffold_group,stratified_scaffold_group,13,histgb_lr0.05,boosting,0.7228060956384657,0.7228060956384657,0.9568315291010674,0.1078717781068587,0.0,0.964283978070538,0.9090909090909092,0.4624277456647399,0.6857593273778244,1.0,0.8,0.4277511999825947
tdc_hia_hou,classification,3,1,stratified_scaffold_group,stratified_scaffold_group,14,histgb_lr0.1,boosting,0.8147773279352226,0.8147773279352226,0.9561843256880788,0.1039462262017336,0.0,0.9897922667474032,0.8461538461538461,0.631578947368421,0.7388663967611335,1.0,0.8,0.5392406000173651
tdc_hia_hou,classification,3,2,stratified_scaffold_group,stratified_scaffold_group,14,histgb_lr0.1,boosting,0.9255441008018328,0.9255441008018328,0.986279672028675,0.083541258237444,0.0,0.8916517948946827,0.8333333333333334,0.8865979381443299,0.8599656357388317,1.0,0.8,0.4690088000497781
tdc_hia_hou,classification,3,3,stratified_scaffold_group,stratified_scaffold_group,14,histgb_lr0.1,boosting,0.7096689437729901,0.7096689437729901,0.9514462317999648,0.1193488803887337,0.0,0.9909951378450472,0.9090909090909092,0.3872832369942196,0.6481870730425643,1.0,0.8,0.358004699985031
tdc_hia_hou,classification,3,1,stratified_scaffold_group,stratified_scaffold_group,15,gb_lr0.05_d2,boosting,0.8380566801619433,0.8380566801619433,0.9690619434994494,0.10613056524405,0.0,0.9411469671957275,0.9230769230769232,0.6578947368421053,0.7904858299595142,1.0,0.8,0.1508383999462239
tdc_hia_hou,classification,3,2,stratified_scaffold_group,stratified_scaffold_group,15,gb_lr0.05_d2,boosting,0.8714203894616266,0.8714203894616266,0.9688185796508836,0.0946292260189354,0.0,0.8741873149391353,0.8888888888888888,0.8144329896907216,0.8516609392898052,1.0,0.8,0.1408395000034943
tdc_hia_hou,classification,3,3,stratified_scaffold_group,stratified_scaffold_group,15,gb_lr0.05_d2,boosting,0.807540725170783,0.807540725170783,0.9649496287704118,0.0813892865109777,0.0,0.9367192040660542,0.8181818181818181,0.5895953757225434,0.7038885969521808,1.0,0.8,0.1219165000366047
tdc_hia_hou,classification,3,1,stratified_scaffold_group,stratified_scaffold_group,16,gb_lr0.1_d3,boosting,0.8663967611336032,0.8663967611336032,0.9755185760643325,0.0970105701540133,0.0,0.9661123589314244,0.8461538461538461,0.75,0.7980769230769231,1.0,0.8,0.2157757999957539
tdc_hia_hou,classification,3,2,stratified_scaffold_group,stratified_scaffold_group,16,gb_lr0.1_d3,boosting,0.8886025200458191,0.8886025200458191,0.9728676840697832,0.0876472428062529,0.0,0.9103704752801266,0.8888888888888888,0.8247422680412371,0.856815578465063,1.0,0.8,0.2007351000211201
tdc_hia_hou,classification,3,3,stratified_scaffold_group,stratified_scaffold_group,16,gb_lr0.1_d3,boosting,0.843536521282186,0.843536521282186,0.970995781306692,0.0827562021028423,0.0,0.9728779687135602,0.8181818181818181,0.7514450867052023,0.7848134524435102,1.0,0.8,0.1655862999614328
tdc_hia_hou,classification,3,1,stratified_scaffold_group,stratified_scaffold_group,17,lgbm_60_l15,boosting,0.7449392712550608,0.7449392712550608,0.9430602227840444,0.1062091394674434,0.0,0.958427888413564,0.8461538461538461,0.618421052631579,0.7322874493927125,1.0,0.8,0.0211318000219762
tdc_hia_hou,classification,3,2,stratified_scaffold_group,stratified_scaffold_group,17,lgbm_60_l15,boosting,0.8983390607101948,0.8983390607101948,0.9804359984430462,0.091307451090384,0.0,0.86138199679031,0.8333333333333334,0.8041237113402062,0.8187285223367697,1.0,0.8,0.0187662999960593
tdc_hia_hou,classification,3,3,stratified_scaffold_group,stratified_scaffold_group,17,lgbm_60_l15,boosting,0.7243825538623226,0.7243825538623226,0.954810463745205,0.1009568588937231,0.0,0.9410214328306438,0.8636363636363636,0.4797687861271676,0.6717025748817657,1.0,0.8,0.0145105000119656
tdc_hia_hou,classification,3,1,stratified_scaffold_group,stratified_scaffold_group,18,lgbm_90_l31,boosting,0.7672064777327935,0.7672064777327935,0.9470942303123934,0.1042750156281652,0.0,0.9821151670119794,0.8461538461538461,0.5,0.6730769230769231,1.0,0.8,0.0260781000251881
tdc_hia_hou,classification,3,2,stratified_scaffold_group,stratified_scaffold_group,18,lgbm_90_l31,boosting,0.8969072164948454,0.8969072164948454,0.9789124349280056,0.085062904174701,0.0,0.8994539794357421,0.8333333333333334,0.7938144329896907,0.813573883161512,1.0,0.8,0.0225321000325493
tdc_hia_hou,classification,3,3,stratified_scaffold_group,stratified_scaffold_group,18,lgbm_90_l31,boosting,0.7519705727798213,0.7519705727798213,0.9615554803000704,0.1030371742779102,0.0,0.9446121438110736,0.8636363636363636,0.5549132947976878,0.7092748292170257,1.0,0.8,0.0178390999790281
tdc_hia_hou,classification,3,1,stratified_scaffold_group,stratified_scaffold_group,19,lgbm_60_l63,boosting,0.7894736842105263,0.7894736842105263,0.9535130220230774,0.1033658787792275,0.0,0.9817101192893728,0.8461538461538461,0.631578947368421,0.7388663967611335,1.0,0.8,0.0204083999851718
tdc_hia_hou,classification,3,2,stratified_scaffold_group,stratified_scaffold_group,19,lgbm_60_l63,boosting,0.900057273768614,0.900057273768614,0.9799634724879012,0.0847874837977152,0.0,0.904943742819678,0.8333333333333334,0.7628865979381443,0.7981099656357389,1.0,0.8,0.0176711000385694
tdc_hia_hou,classification,3,3,stratified_scaffold_group,stratified_scaffold_group,19,lgbm_60_l63,boosting,0.7314766158696795,0.7314766158696795,0.9566219308894084,0.1060821287383192,0.0,0.9477704867450496,0.8181818181818181,0.5606936416184971,0.6894377299001576,1.0,0.8,0.0156160999904386
tdc_hia_hou,classification,3,1,stratified_scaffold_group,stratified_scaffold_group,20,lgbm_100_leaf10,boosting,0.8370445344129555,0.8370445344129555,0.967577734455851,0.1017584091600906,0.0,0.9928838712147856,0.8461538461538461,0.6578947368421053,0.7520242914979758,1.0,0.8,0.0701101000304333
tdc_hia_hou,classification,3,2,stratified_scaffold_group,stratified_scaffold_group,20,lgbm_100_leaf10,boosting,0.8407789232531501,0.8407789232531501,0.9602710478298928,0.0968803593286136,0.0,0.9774990205573356,0.8333333333333334,0.7319587628865979,0.7826460481099656,1.0,0.8,0.0569899000111036
tdc_hia_hou,classification,3,3,stratified_scaffold_group,stratified_scaffold_group,20,lgbm_100_leaf10,boosting,0.7758801891749868,0.7758801891749868,0.9617080599039723,0.1022541918151667,0.0,0.9893844825945708,0.8181818181818181,0.6416184971098265,0.7299001576458224,1.0,0.8,0.0418962999829091
tdc_hia_hou,classification,3,1,stratified_scaffold_group,stratified_scaffold_group,21,lgbm_100_leaf30,boosting,0.7257085020242915,0.7257085020242915,0.9431238359398636,0.117518315886832,0.0,0.9661736642819712,0.8461538461538461,0.5394736842105263,0.6928137651821862,1.0,0.8,0.0220054000383242
tdc_hia_hou,classification,3,2,stratified_scaffold_group,stratified_scaffold_group,21,lgbm_100_leaf30,boosting,0.9003436426116839,0.9003436426116839,0.9815317884901976,0.0904003512275695,0.0,0.8208714384273664,0.8333333333333334,0.8350515463917526,0.834192439862543,1.0,0.8,0.0175839000148698
tdc_hia_hou,classification,3,3,stratified_scaffold_group,stratified_scaffold_group,21,lgbm_100_leaf30,boosting,0.686547556489753,0.686547556489753,0.9461591895176906,0.112600776566321,0.0,0.9108935315351386,0.8181818181818181,0.5722543352601156,0.6952180767209668,1.0,0.8,0.0141733000054955
tdc_hia_hou,classification,3,1,stratified_scaffold_group,stratified_scaffold_group,22,lgbm_80_ff0.7,boosting,0.7965587044534412,0.7965587044534412,0.9535729839322326,0.1083708217106561,0.0,0.973126848821492,0.8461538461538461,0.6973684210526315,0.7717611336032388,1.0,0.8,0.0274613999645225
tdc_hia_hou,classification,3,2,stratified_scaffold_group,stratified_scaffold_group,22,lgbm_80_ff0.7,boosting,0.9066437571592212,0.9066437571592212,0.982039873423424,0.0876695566325444,0.0,0.8662476488704299,0.8333333333333334,0.845360824742268,0.8393470790378007,1.0,0.8,0.0228239999851211
tdc_hia_hou,classification,3,3,stratified_scaffold_group,stratified_scaffold_group,22,lgbm_80_ff0.7,boosting,0.7380451918024172,0.7380451918024172,0.9607403314745306,0.1008788237322738,0.0,0.954415643745163,0.8181818181818181,0.5260115606936416,0.6720966894377298,1.0,0.8,0.0168664999655447
tdc_hia_hou,classification,3,1,stratified_scaffold_group,stratified_scaffold_group,23,lgbm_80_bag0.8,boosting,0.8168016194331984,0.8168016194331984,0.9638648811668346,0.1102319876059573,0.0,0.979685200122668,0.8461538461538461,0.6578947368421053,0.7520242914979758,1.0,0.8,0.0235745999962091
tdc_hia_hou,classification,3,2,stratified_scaffold_group,stratified_scaffold_group,23,lgbm_80_bag0.8,boosting,0.8997709049255441,0.8997709049255441,0.9799808145705352,0.0860424620935125,0.0,0.9018196962737408,0.8888888888888888,0.7938144329896907,0.8413516609392897,1.0,0.8,0.019871599972248
tdc_hia_hou,classification,3,3,stratified_scaffold_group,stratified_scaffold_group,23,lgbm_80_bag0.8,boosting,0.7503941145559643,0.7503941145559643,0.9619684249035104,0.1005469713395294,0.0,0.9357164005158742,0.8636363636363636,0.5722543352601156,0.7179453494482396,1.0,0.8,0.0163692000205628
tdc_hia_hou,classification,3,1,stratified_scaffold_group,stratified_scaffold_group,24,lgbm_120_l15,boosting,0.7844129554655871,0.7844129554655871,0.9503407811526182,0.1033262194580016,0.0,0.9770163791002824,0.8461538461538461,0.6578947368421053,0.7520242914979758,1.0,0.8,0.0308221000013872
tdc_hia_hou,classification,3,2,stratified_scaffold_group,stratified_scaffold_group,24,lgbm_120_l15,boosting,0.9106529209621992,0.9106529209621992,0.98255772993282,0.083544469563951,0.0,0.9060257508634786,0.8333333333333334,0.8144329896907216,0.8238831615120275,1.0,0.8,0.0299630000372417
tdc_hia_hou,classification,3,3,stratified_scaffold_group,stratified_scaffold_group,24,lgbm_120_l15,boosting,0.7393589069889648,0.7393589069889648,0.9593062023356662,0.105575852971572,0.0,0.9436979684693784,0.8636363636363636,0.5664739884393064,0.715055176037835,1.0,0.8,0.0233925000065937
tdc_hia_hou,classification,3,1,stratified_scaffold_group,stratified_scaffold_group,25,xgb_60_d3,boosting,0.8552631578947368,0.8552631578947368,0.9730947594508288,0.1056808668100649,0.0,0.9546266794204712,0.9230769230769232,0.618421052631579,0.770748987854251,1.0,0.8,0.0409367000102065
tdc_hia_hou,classification,3,2,stratified_scaffold_group,stratified_scaffold_group,25,xgb_60_d3,boosting,0.8997709049255441,0.8997709049255441,0.979481101391304,0.093694233819846,0.0,0.8502021431922913,0.8333333333333334,0.8762886597938144,0.854810996563574,1.0,0.8,0.0348792999866418
tdc_hia_hou,classification,3,3,stratified_scaffold_group,stratified_scaffold_group,25,xgb_60_d3,boosting,0.7393589069889649,0.7393589069889649,0.9547839487536232,0.0881458487873689,0.0,0.9536977410316468,0.8181818181818181,0.4682080924855491,0.6431949553336836,1.0,0.8,0.0351693999837152
tdc_hia_hou,classification,3,1,stratified_scaffold_group,stratified_scaffold_group,26,xgb_80_d5,boosting,0.811740890688259,0.811740890688259,0.958930946621182,0.1011796724238753,0.0,0.9748535752296448,0.8461538461538461,0.4210526315789473,0.6336032388663968,1.0,0.8,0.0478818999836221
tdc_hia_hou,classification,3,2,stratified_scaffold_group,stratified_scaffold_group,26,xgb_80_d5,boosting,0.8897479954180985,0.8897479954180985,0.977437299925114,0.0888328234060305,0.0,0.8159058690071106,0.8333333333333334,0.8762886597938144,0.854810996563574,1.0,0.8,0.0493116999859921
tdc_hia_hou,classification,3,3,stratified_scaffold_group,stratified_scaffold_group,26,xgb_80_d5,boosting,0.7411981082501313,0.7411981082501313,0.9549573360952052,0.0924722041220423,0.0,0.9560188055038452,0.8181818181818181,0.5317919075144508,0.6749868628481345,1.0,0.8,0.0418246000190265
tdc_hia_hou,classification,3,1,stratified_scaffold_group,stratified_scaffold_group,27,xgb_100_d3,boosting,0.8107287449392713,0.8107287449392713,0.9587264193237874,0.102805283563515,0.0,0.9636138081550598,0.8461538461538461,0.4605263157894737,0.6533400809716599,1.0,0.8,0.049398300005123
tdc_hia_hou,classification,3,2,stratified_scaffold_group,stratified_scaffold_group,27,xgb_100_d3,boosting,0.8957617411225658,0.8957617411225658,0.9792533337098268,0.0912531909408074,0.0,0.8336617350578308,0.8333333333333334,0.8762886597938144,0.854810996563574,1.0,0.8,0.0466836999985389
tdc_hia_hou,classification,3,3,stratified_scaffold_group,stratified_scaffold_group,27,xgb_100_d3,boosting,0.7454019968470836,0.7454019968470836,0.9562205598356746,0.0869862997885169,0.0,0.9571068286895752,0.8181818181818181,0.4450867052023121,0.6316342616920652,1.0,0.8,0.0402620000531896
tdc_hia_hou,classification,3,1,stratified_scaffold_group,stratified_scaffold_group,28,xgb_60_d6,boosting,0.8532388663967612,0.8532388663967612,0.9725671123750432,0.1070129472958287,0.0,0.9644746780395508,0.8461538461538461,0.7105263157894737,0.7783400809716599,1.0,0.8,0.0386952999979257
tdc_hia_hou,classification,3,2,stratified_scaffold_group,stratified_scaffold_group,28,xgb_60_d6,boosting,0.9083619702176404,0.9083619702176404,0.9819700197958432,0.0838316056309997,0.0,0.8629559278488159,0.8333333333333334,0.845360824742268,0.8393470790378007,1.0,0.8,0.0404725999687798
tdc_hia_hou,classification,3,3,stratified_scaffold_group,stratified_scaffold_group,28,xgb_60_d6,boosting,0.7338413032054651,0.7338413032054651,0.952008911074826,0.0867884730414639,0.0,0.9683204889297484,0.8636363636363636,0.3815028901734104,0.622569626904887,1.0,0.8,0.0346069000079296
tdc_hia_hou,classification,3,1,stratified_scaffold_group,stratified_scaffold_group,29,cat_60_d4,boosting,0.8562753036437247,0.8562753036437247,0.9727137074207596,0.1058900150617446,0.0,0.9234428999373514,0.8461538461538461,0.7894736842105263,0.8178137651821862,1.0,0.8,0.1626925999880768
tdc_hia_hou,classification,3,2,stratified_scaffold_group,stratified_scaffold_group,29,cat_60_d4,boosting,0.922680412371134,0.922680412371134,0.9809040872761834,0.0741741115107659,0.0,0.8254925599325538,0.8333333333333334,0.8865979381443299,0.8599656357388317,1.0,0.8,0.1278487999807112
tdc_hia_hou,classification,3,3,stratified_scaffold_group,stratified_scaffold_group,29,cat_60_d4,boosting,0.8318444561219128,0.8318444561219128,0.9722376900780536,0.0748657191109225,0.0,0.9168173278852922,0.8181818181818181,0.6994219653179191,0.7588018917498687,1.0,0.8,0.1116213999921456
tdc_hia_hou,classification,3,1,stratified_scaffold_group,stratified_scaffold_group,30,cat_80_d6,boosting,0.8127530364372471,0.8127530364372471,0.9550846520214096,0.1040134343103444,0.0,0.9402754683801536,0.8461538461538461,0.7368421052631579,0.791497975708502,1.0,0.8,0.3803008000249974
tdc_hia_hou,classification,3,2,stratified_scaffold_group,stratified_scaffold_group,30,cat_80_d6,boosting,0.9232531500572738,0.9232531500572738,0.9830444022474096,0.0786222584610782,0.0,0.7758141000455503,0.8333333333333334,0.865979381443299,0.8496563573883162,1.0,0.8,0.2988132000318728
tdc_hia_hou,classification,3,3,stratified_scaffold_group,stratified_scaffold_group,30,cat_80_d6,boosting,0.791907514450867,0.791907514450867,0.9577179262776884,0.080386014226725,0.0,0.9320783401499014,0.8181818181818181,0.7109826589595376,0.7645822385706779,1.0,0.8,0.2922702999785542
tdc_hia_hou,classification,3,1,stratified_scaffold_group,stratified_scaffold_group,31,cat_100_d4,boosting,0.8360323886639676,0.8360323886639676,0.9552105268767332,0.1025305582715317,0.0,0.9157679842533007,0.8461538461538461,0.7894736842105263,0.8178137651821862,1.0,0.8,0.2294720000354573
tdc_hia_hou,classification,3,2,stratified_scaffold_group,stratified_scaffold_group,31,cat_100_d4,boosting,0.9198167239404352,0.9198167239404352,0.9778054618516372,0.0731517830991883,0.0,0.8224990316945132,0.8333333333333334,0.8969072164948454,0.8651202749140894,1.0,0.8,0.204603300022427
tdc_hia_hou,classification,3,3,stratified_scaffold_group,stratified_scaffold_group,31,cat_100_d4,boosting,0.8276405675249606,0.8276405675249606,0.9709026282669756,0.0790002606941352,0.0,0.9217509805408044,0.8181818181818181,0.7283236994219653,0.7732527588018917,1.0,0.8,0.1901088000158779
tdc_hia_hou,classification,3,1,stratified_scaffold_group,stratified_scaffold_group,32,cat_60_d8,boosting,0.8674089068825911,0.8674089068825911,0.9761497579691976,0.1049198280862135,0.0,0.9449696153246856,0.9230769230769232,0.7236842105263158,0.8233805668016194,1.0,0.8,0.7502817999920808
tdc_hia_hou,classification,3,2,stratified_scaffold_group,stratified_scaffold_group,32,cat_60_d8,boosting,0.9083619702176404,0.9083619702176404,0.9771884220463948,0.0813583897781562,0.0,0.8252048549060691,0.8333333333333334,0.8762886597938144,0.854810996563574,1.0,0.8,0.5567628999706358
tdc_hia_hou,classification,3,3,stratified_scaffold_group,stratified_scaffold_group,32,cat_60_d8,boosting,0.8081975827640566,0.8081975827640566,0.9685608155882168,0.0830728511136064,0.0,0.9530125797450308,0.8181818181818181,0.5838150289017341,0.7009984235417761,1.0,0.8,0.4697599000064656
tdc_pgp_broccatelli,classification,1,1,stratified_scaffold_group,stratified_scaffold_group,1,logreg_l2_c0.1,linear,0.883101851851852,0.883101851851852,0.9021487599514596,0.1348788506829288,0.0,0.5460733061374468,0.8819444444444444,0.7777777777777778,0.8298611111111112,1.0,0.8,0.0031374000245705
tdc_pgp_broccatelli,classification,1,2,stratified_scaffold_group,stratified_scaffold_group,1,logreg_l2_c0.1,linear,0.8324339880566948,0.8324339880566948,0.8562005504794741,0.1665672305803714,0.0,0.5537197426061129,0.8130081300813008,0.7610619469026548,0.7870350384919778,1.0,0.8,0.0031978000188246
tdc_pgp_broccatelli,classification,1,3,stratified_scaffold_group,stratified_scaffold_group,1,logreg_l2_c0.1,linear,0.9309789972899728,0.9309789972899728,0.9586311412371692,0.1238808362097133,1.0,0.4538338720734987,0.8125,0.91869918699187,0.865599593495935,1.0,0.8,0.002731800021138
tdc_pgp_broccatelli,classification,1,1,stratified_scaffold_group,stratified_scaffold_group,2,logreg_l2_c1,linear,0.8874559082892417,0.8874559082892417,0.9009198332194572,0.1377245473397561,0.0,0.5470164267936677,0.8402777777777778,0.7936507936507936,0.8169642857142857,1.0,0.8,0.0039461000123992
tdc_pgp_broccatelli,classification,1,2,stratified_scaffold_group,stratified_scaffold_group,2,logreg_l2_c1,linear,0.8227930066911289,0.8227930066911289,0.8466900271495031,0.1888152018617532,0.0,0.6215313712793488,0.8292682926829268,0.6902654867256637,0.7597668897042953,1.0,0.8,0.0044650000054389
tdc_pgp_broccatelli,classification,1,3,stratified_scaffold_group,stratified_scaffold_group,2,logreg_l2_c1,linear,0.917894647696477,0.917894647696477,0.948871373159674,0.1182638572658053,1.0,0.5055081775144039,0.8177083333333334,0.8617886178861789,0.8397484756097562,1.0,0.8,0.0044671999639831
tdc_pgp_broccatelli,classification,1,1,stratified_scaffold_group,stratified_scaffold_group,3,logreg_l2_c10,linear,0.8800154320987654,0.8800154320987654,0.8861768510607311,0.164113308657967,0.0,0.7044591966514931,0.8055555555555556,0.7936507936507936,0.7996031746031746,1.0,0.8,0.0065423000487498
tdc_pgp_broccatelli,classification,1,2,stratified_scaffold_group,stratified_scaffold_group,3,logreg_l2_c10,linear,0.8056694726239298,0.8056694726239298,0.8288971763212148,0.2197744779316106,0.0,0.7207504517733064,0.8048780487804879,0.6991150442477876,0.7519965465141377,1.0,0.8,0.0056212000199593
tdc_pgp_broccatelli,classification,1,3,stratified_scaffold_group,stratified_scaffold_group,3,logreg_l2_c10,linear,0.9034129403794038,0.9034129403794038,0.935726643196179,0.1326069233616442,1.0,0.611068061932791,0.8229166666666666,0.8536585365853658,0.8382876016260162,1.0,0.8,0.0047387999948114
tdc_pgp_broccatelli,classification,1,1,stratified_scaffold_group,stratified_scaffold_group,4,logreg_l1_c1,linear,0.8907627865961198,0.8907627865961198,0.8962591119430667,0.1362222433785461,0.0,0.4326698835606829,0.8055555555555556,0.8412698412698413,0.8234126984126984,1.0,0.8,0.0074704000144265
tdc_pgp_broccatelli,classification,1,2,stratified_scaffold_group,stratified_scaffold_group,4,logreg_l1_c1,linear,0.8107058061731061,0.8107058061731061,0.828583602802591,0.1899203143876974,0.0,0.6149364361533926,0.8048780487804879,0.672566371681416,0.7387222102309519,1.0,0.8,0.0093572000041604
tdc_pgp_broccatelli,classification,1,3,stratified_scaffold_group,stratified_scaffold_group,4,logreg_l1_c1,linear,0.915819783197832,0.915819783197832,0.9461173790354348,0.1333140584972197,1.0,0.4136428724040378,0.8072916666666666,0.8861788617886179,0.8467352642276422,1.0,0.8,0.0082580000162124
tdc_pgp_broccatelli,classification,1,1,stratified_scaffold_group,stratified_scaffold_group,5,rf_60_sqrt,bagging,0.9066909171075838,0.9066909171075838,0.9145788275200326,0.1269485596707818,0.0,0.4166666666666667,0.8125,0.8333333333333334,0.8229166666666667,1.0,0.8,0.1079313000082038
tdc_pgp_broccatelli,classification,1,2,stratified_scaffold_group,stratified_scaffold_group,5,rf_60_sqrt,bagging,0.8388373264263617,0.8388373264263617,0.8306466810698567,0.1616301789077212,0.0,0.5333333333333333,0.8048780487804879,0.672566371681416,0.7387222102309519,1.0,0.8,0.1057358999969437
tdc_pgp_broccatelli,classification,1,3,stratified_scaffold_group,stratified_scaffold_group,5,rf_60_sqrt,bagging,0.9246485433604336,0.9246485433604336,0.952381211093594,0.1424673721340388,1.0,0.3833333333333333,0.8020833333333334,0.902439024390244,0.8522611788617886,1.0,0.8,0.0976537000387907
tdc_pgp_broccatelli,classification,1,1,stratified_scaffold_group,stratified_scaffold_group,6,rf_90_d12,bagging,0.9054783950617284,0.9054783950617284,0.9206132499953644,0.1291895120174385,0.0,0.4329754566396582,0.8055555555555556,0.8333333333333334,0.8194444444444444,1.0,0.8,0.1497142000007443
tdc_pgp_broccatelli,classification,1,2,stratified_scaffold_group,stratified_scaffold_group,6,rf_90_d12,bagging,0.844808979063242,0.844808979063242,0.8491685629944474,0.1599794589205087,0.0,0.4948562285140292,0.8130081300813008,0.6814159292035398,0.7472120296424203,1.0,0.8,0.1492621000506915
tdc_pgp_broccatelli,classification,1,3,stratified_scaffold_group,stratified_scaffold_group,6,rf_90_d12,bagging,0.9375,0.9375,0.9631663867547426,0.1389583171858781,1.0,0.4084646311136853,0.8072916666666666,0.943089430894309,0.8751905487804879,1.0,0.8,0.1473056999966502
tdc_pgp_broccatelli,classification,1,1,stratified_scaffold_group,stratified_scaffold_group,7,rf_90_leaf2,bagging,0.9009589947089948,0.9009589947089948,0.9133094789847922,0.1306064340318227,0.0,0.4309897385859914,0.8055555555555556,0.8174603174603174,0.8115079365079365,1.0,0.8,0.1434717000229284
tdc_pgp_broccatelli,classification,1,2,stratified_scaffold_group,stratified_scaffold_group,7,rf_90_leaf2,bagging,0.8494855745017627,0.8494855745017627,0.8548825946224072,0.1581641051611064,0.0,0.4967309225032716,0.8292682926829268,0.7610619469026548,0.7951651197927908,1.0,0.8,0.1452674000174738
tdc_pgp_broccatelli,classification,1,3,stratified_scaffold_group,stratified_scaffold_group,7,rf_90_leaf2,bagging,0.9287347560975612,0.9287347560975612,0.9595050088815824,0.146918735319242,1.0,0.4049866229835379,0.8177083333333334,0.943089430894309,0.8803988821138211,1.0,0.8,0.1502355000120587
tdc_pgp_broccatelli,classification,1,1,stratified_scaffold_group,stratified_scaffold_group,8,rf_120_d20_leaf2,bagging,0.9065255731922398,0.9065255731922398,0.9174598557423088,0.1283330831125757,0.0,0.4271044424630668,0.8263888888888888,0.8015873015873016,0.8139880952380952,1.0,0.8,0.1840850000153295
tdc_pgp_broccatelli,classification,1,2,stratified_scaffold_group,stratified_scaffold_group,8,rf_120_d20_leaf2,bagging,0.8509964745665155,0.8509964745665155,0.8577306362433997,0.1572099416726791,0.0,0.4839319976599992,0.8292682926829268,0.7610619469026548,0.7951651197927908,1.0,0.8,0.1859875000081956
tdc_pgp_broccatelli,classification,1,3,stratified_scaffold_group,stratified_scaffold_group,8,rf_120_d20_leaf2,bagging,0.9278878726287262,0.9278878726287262,0.9584170097466986,0.1480173439984845,1.0,0.3990418406609544,0.8072916666666666,0.926829268292683,0.8670604674796748,1.0,0.8,0.1952120999922044
tdc_pgp_broccatelli,classification,1,1,stratified_scaffold_group,stratified_scaffold_group,9,et_60_sqrt,bagging,0.9044312169312168,0.9044312169312168,0.9122418848622724,0.1241440329218107,0.0,0.45,0.8611111111111112,0.8015873015873016,0.8313492063492064,1.0,0.8,0.0640131999971345
tdc_pgp_broccatelli,classification,1,2,stratified_scaffold_group,stratified_scaffold_group,9,et_60_sqrt,bagging,0.853478667530038,0.853478667530038,0.8540279511679087,0.1573222693032014,0.0,0.5,0.8048780487804879,0.7345132743362832,0.7696956615583855,1.0,0.8,0.0655993999680504
tdc_pgp_broccatelli,classification,1,3,stratified_scaffold_group,stratified_scaffold_group,9,et_60_sqrt,bagging,0.9152269647696476,0.9152269647696476,0.9485345264141406,0.1421349206349206,1.0,0.3833333333333333,0.8229166666666666,0.8699186991869918,0.8464176829268293,1.0,0.8,0.0633836999768391
tdc_pgp_broccatelli,classification,1,1,stratified_scaffold_group,stratified_scaffold_group,10,et_90_d12,bagging,0.8972111992945326,0.8972111992945326,0.9102449950776256,0.1319624739089607,0.0,0.4063214226097687,0.8194444444444444,0.7936507936507936,0.8065476190476191,1.0,0.8,0.0908731999807059
tdc_pgp_broccatelli,classification,1,2,stratified_scaffold_group,stratified_scaffold_group,10,et_90_d12,bagging,0.8617166702640479,0.8617166702640479,0.8521889323687022,0.1530306968907305,0.0,0.4525747371226277,0.8048780487804879,0.7787610619469026,0.7918195553636953,1.0,0.8,0.1018483999650925
tdc_pgp_broccatelli,classification,1,3,stratified_scaffold_group,stratified_scaffold_group,10,et_90_d12,bagging,0.9320376016260165,0.9320376016260165,0.9597438450264052,0.1446453336179953,1.0,0.3789658823228139,0.8072916666666666,0.91869918699187,0.8629954268292683,1.0,0.8,0.092377100023441
tdc_pgp_broccatelli,classification,1,1,stratified_scaffold_group,stratified_scaffold_group,11,et_90_leaf2,bagging,0.9113205467372134,0.9113205467372134,0.9222150393606888,0.1232274327909136,0.0,0.3847464707148175,0.8194444444444444,0.8492063492063492,0.8343253968253967,1.0,0.8,0.0897398000233806
tdc_pgp_broccatelli,classification,1,2,stratified_scaffold_group,stratified_scaffold_group,11,et_90_leaf2,bagging,0.8490538887689761,0.8490538887689761,0.8595045417899406,0.1570391435958304,0.0,0.4588152675598606,0.8048780487804879,0.7522123893805309,0.7785452190805093,1.0,0.8,0.0917161999968811
tdc_pgp_broccatelli,classification,1,3,stratified_scaffold_group,stratified_scaffold_group,11,et_90_leaf2,bagging,0.9272103658536583,0.9272103658536583,0.9571572189120146,0.1386614683091312,1.0,0.384904530614384,0.8125,0.902439024390244,0.8574695121951219,1.0,0.8,0.0880399000016041
tdc_pgp_broccatelli,classification,1,1,stratified_scaffold_group,stratified_scaffold_group,12,et_120_d20_leaf2,bagging,0.9146825396825397,0.9146825396825397,0.9261935553415122,0.1222626736636706,0.0,0.3871585815622281,0.8194444444444444,0.8492063492063492,0.8343253968253967,1.0,0.8,0.1069317999645136
tdc_pgp_broccatelli,classification,1,2,stratified_scaffold_group,stratified_scaffold_group,12,et_120_d20_leaf2,bagging,0.847255198215699,0.847255198215699,0.8568470291682522,0.1581110279904261,0.0,0.4548816554769931,0.8048780487804879,0.7610619469026548,0.7829699978415714,1.0,0.8,0.1239106000284664
tdc_pgp_broccatelli,classification,1,3,stratified_scaffold_group,stratified_scaffold_group,12,et_120_d20_leaf2,bagging,0.9267869241192412,0.9267869241192412,0.9568927138670892,0.1411462061479672,1.0,0.3632411723266558,0.8229166666666666,0.9105691056910568,0.8667428861788617,1.0,0.8,0.1191680000047199
tdc_pgp_broccatelli,classification,1,1,stratified_scaffold_group,stratified_scaffold_group,13,histgb_lr0.05,boosting,0.9008487654320988,0.9008487654320988,0.913818222060966,0.1190884402218229,0.0,0.3873396307599336,0.8055555555555556,0.8492063492063492,0.8273809523809523,1.0,0.8,0.8617868000292219
tdc_pgp_broccatelli,classification,1,2,stratified_scaffold_group,stratified_scaffold_group,13,histgb_lr0.05,boosting,0.8346643643427585,0.8346643643427585,0.8340458785569635,0.1718981189433167,0.0,0.5951326400998799,0.8048780487804879,0.7345132743362832,0.7696956615583855,1.0,0.8,0.9098558999830856
tdc_pgp_broccatelli,classification,1,3,stratified_scaffold_group,stratified_scaffold_group,13,histgb_lr0.05,boosting,0.9032012195121952,0.9032012195121952,0.9398603449379848,0.1593277939318058,1.0,0.2491539702304009,0.8020833333333334,0.8211382113821138,0.8116107723577236,1.0,0.8,0.8566838999977335
tdc_pgp_broccatelli,classification,1,1,stratified_scaffold_group,stratified_scaffold_group,14,histgb_lr0.1,boosting,0.8982583774250441,0.8982583774250441,0.9156392325460492,0.1208332272318385,0.0,0.3874351491105696,0.8055555555555556,0.8253968253968254,0.8154761904761905,1.0,0.8,0.7008765999926254
tdc_pgp_broccatelli,classification,1,2,stratified_scaffold_group,stratified_scaffold_group,14,histgb_lr0.1,boosting,0.8291243974386646,0.8291243974386646,0.8313047047799413,0.1835777905251003,0.0,0.6258468382651747,0.8048780487804879,0.7168141592920354,0.7608461040362616,1.0,0.8,0.7300042000133544
tdc_pgp_broccatelli,classification,1,3,stratified_scaffold_group,stratified_scaffold_group,14,histgb_lr0.1,boosting,0.8938008130081301,0.8938008130081301,0.9352653302367888,0.1637844084094681,1.0,0.1597308034904289,0.8333333333333334,0.7235772357723578,0.7784552845528456,1.0,0.8,0.6911822999827564
tdc_pgp_broccatelli,classification,1,1,stratified_scaffold_group,stratified_scaffold_group,15,gb_lr0.05_d2,boosting,0.8648864638447972,0.8648864638447972,0.8685680410679815,0.156395677443273,0.0,0.5489192701979116,0.8125,0.746031746031746,0.779265873015873,1.0,0.8,0.2360602999688126
tdc_pgp_broccatelli,classification,1,2,stratified_scaffold_group,stratified_scaffold_group,15,gb_lr0.05_d2,boosting,0.815742139722282,0.815742139722282,0.8387761927662316,0.1709616575596731,0.0,0.5265762449654001,0.8048780487804879,0.7610619469026548,0.7829699978415714,1.0,0.8,0.249067600001581
tdc_pgp_broccatelli,classification,1,3,stratified_scaffold_group,stratified_scaffold_group,15,gb_lr0.05_d2,boosting,0.840553014905149,0.840553014905149,0.910322772144077,0.1873643286862323,1.0,0.3156758177387699,0.8229166666666666,0.7560975609756098,0.7895071138211383,1.0,0.8,0.2192053999751806
tdc_pgp_broccatelli,classification,1,1,stratified_scaffold_group,stratified_scaffold_group,16,gb_lr0.1_d3,boosting,0.8804012345679013,0.8804012345679013,0.89099888920451,0.1431297117397348,0.0,0.553555723619959,0.8194444444444444,0.8015873015873016,0.810515873015873,1.0,0.8,0.343481799995061
tdc_pgp_broccatelli,classification,1,2,stratified_scaffold_group,stratified_scaffold_group,16,gb_lr0.1_d3,boosting,0.8361752644075112,0.8361752644075112,0.8370458875968279,0.1682663131407299,0.0,0.6124779299752757,0.8130081300813008,0.7079646017699115,0.7604863659256061,1.0,0.8,0.3531252999673597
tdc_pgp_broccatelli,classification,1,3,stratified_scaffold_group,stratified_scaffold_group,16,gb_lr0.1_d3,boosting,0.9060171070460704,0.9060171070460704,0.9448211713392004,0.1494714069168783,1.0,0.2640380447309494,0.8385416666666666,0.8130081300813008,0.8257748983739837,1.0,0.8,0.3211058999877423
tdc_pgp_broccatelli,classification,1,1,stratified_scaffold_group,stratified_scaffold_group,17,lgbm_60_l15,boosting,0.8923611111111112,0.8923611111111112,0.9021544745847896,0.1261469200715874,0.0,0.4420891733057857,0.8402777777777778,0.8492063492063492,0.8447420634920635,1.0,0.8,0.0321419000392779
tdc_pgp_broccatelli,classification,1,2,stratified_scaffold_group,stratified_scaffold_group,17,lgbm_60_l15,boosting,0.8250233829771927,0.8250233829771927,0.8353834337793594,0.1741747636010566,0.0,0.5879429951525483,0.8048780487804879,0.7168141592920354,0.7608461040362616,1.0,0.8,0.0300385999726131
tdc_pgp_broccatelli,classification,1,3,stratified_scaffold_group,stratified_scaffold_group,17,lgbm_60_l15,boosting,0.8822831978319783,0.8822831978319783,0.9266705823201938,0.1698538217723921,1.0,0.2254989046152919,0.8125,0.7398373983739837,0.7761686991869918,1.0,0.8,0.028757799998857
tdc_pgp_broccatelli,classification,1,1,stratified_scaffold_group,stratified_scaffold_group,18,lgbm_90_l31,boosting,0.9000771604938271,0.9000771604938271,0.9124491269356608,0.118436683828108,0.0,0.3566822412956861,0.8055555555555556,0.8650793650793651,0.8353174603174603,1.0,0.8,0.0439370999811217
tdc_pgp_broccatelli,classification,1,2,stratified_scaffold_group,stratified_scaffold_group,18,lgbm_90_l31,boosting,0.8281890783509605,0.8281890783509605,0.8314550981889284,0.1761600610149652,0.0,0.5883727879055842,0.8048780487804879,0.7345132743362832,0.7696956615583855,1.0,0.8,0.0442625999567098
tdc_pgp_broccatelli,classification,1,3,stratified_scaffold_group,stratified_scaffold_group,18,lgbm_90_l31,boosting,0.8974000677506775,0.8974000677506775,0.9358273250193352,0.1632354428625822,1.0,0.2658818877329276,0.8125,0.8211382113821138,0.816819105691057,1.0,0.8,0.0414699999964796
tdc_pgp_broccatelli,classification,1,1,stratified_scaffold_group,stratified_scaffold_group,19,lgbm_60_l63,boosting,0.9015652557319224,0.9015652557319224,0.9165640671031158,0.1186631043736647,0.0,0.3936754994434055,0.8194444444444444,0.8492063492063492,0.8343253968253967,1.0,0.8,0.0344791999668814
tdc_pgp_broccatelli,classification,1,2,stratified_scaffold_group,stratified_scaffold_group,19,lgbm_60_l63,boosting,0.8290524498165336,0.8290524498165336,0.8382674325905307,0.1770295392008228,0.0,0.5898631541228043,0.8130081300813008,0.7345132743362832,0.773760702208792,1.0,0.8,0.0377574000158347
tdc_pgp_broccatelli,classification,1,3,stratified_scaffold_group,stratified_scaffold_group,19,lgbm_60_l63,boosting,0.8982046070460704,0.8982046070460704,0.9360468827242816,0.1617538520316296,1.0,0.2708697142789104,0.8020833333333334,0.8292682926829268,0.8156758130081301,1.0,0.8,0.0386025000480003
tdc_pgp_broccatelli,classification,1,1,stratified_scaffold_group,stratified_scaffold_group,20,lgbm_100_leaf10,boosting,0.9108245149911816,0.9108245149911816,0.9201802840252912,0.1159560232610408,0.0,0.3514431645352376,0.8125,0.8571428571428571,0.8348214285714286,1.0,0.8,0.0829326000530272
tdc_pgp_broccatelli,classification,1,2,stratified_scaffold_group,stratified_scaffold_group,20,lgbm_100_leaf10,boosting,0.8311389308583351,0.8311389308583351,0.8261763766775073,0.1825362804606632,0.0,0.5119970462077305,0.8048780487804879,0.7345132743362832,0.7696956615583855,1.0,0.8,0.0811584999901242
tdc_pgp_broccatelli,classification,1,3,stratified_scaffold_group,stratified_scaffold_group,20,lgbm_100_leaf10,boosting,0.904640921409214,0.904640921409214,0.942060789641817,0.1606933021315662,1.0,0.193713413038261,0.8072916666666666,0.8130081300813008,0.8101498983739837,1.0,0.8,0.079538699996192
tdc_pgp_broccatelli,classification,1,1,stratified_scaffold_group,stratified_scaffold_group,21,lgbm_100_leaf30,boosting,0.900407848324515,0.900407848324515,0.9126278121626872,0.1237843643757558,0.0,0.4992003139412349,0.8472222222222222,0.8174603174603174,0.8323412698412698,1.0,0.8,0.033138400001917
tdc_pgp_broccatelli,classification,1,2,stratified_scaffold_group,stratified_scaffold_group,21,lgbm_100_leaf30,boosting,0.8268940211526009,0.8268940211526009,0.8410978668352254,0.1756747994020689,0.0,0.5930411195637039,0.8048780487804879,0.7345132743362832,0.7696956615583855,1.0,0.8,0.0330484000151045
tdc_pgp_broccatelli,classification,1,3,stratified_scaffold_group,stratified_scaffold_group,21,lgbm_100_leaf30,boosting,0.8894393631436314,0.8894393631436314,0.9331218562746192,0.1679748551457993,1.0,0.2015512757689805,0.8072916666666666,0.7479674796747968,0.7776295731707317,1.0,0.8,0.031279299990274
tdc_pgp_broccatelli,classification,1,1,stratified_scaffold_group,stratified_scaffold_group,22,lgbm_80_ff0.7,boosting,0.9031084656084656,0.9031084656084656,0.9159419249888908,0.1180628546976183,0.0,0.4233520728015001,0.8263888888888888,0.8174603174603174,0.8219246031746031,1.0,0.8,0.0398180000483989
tdc_pgp_broccatelli,classification,1,2,stratified_scaffold_group,stratified_scaffold_group,22,lgbm_80_ff0.7,boosting,0.8431541837542269,0.8431541837542269,0.850516361110625,0.1715294893088941,0.0,0.6421893930717613,0.8130081300813008,0.7168141592920354,0.7649111446866681,1.0,0.8,0.0440233999979682
tdc_pgp_broccatelli,classification,1,3,stratified_scaffold_group,stratified_scaffold_group,22,lgbm_80_ff0.7,boosting,0.9032012195121952,0.9032012195121952,0.9405664048688276,0.1577050605195912,1.0,0.2833992303952401,0.8020833333333334,0.8373983739837398,0.8197408536585367,1.0,0.8,0.0379690999980084
tdc_pgp_broccatelli,classification,1,1,stratified_scaffold_group,stratified_scaffold_group,23,lgbm_80_bag0.8,boosting,0.904376102292769,0.904376102292769,0.9156888345711284,0.1191006313844639,0.0,0.4105369107399555,0.8263888888888888,0.8095238095238095,0.8179563492063492,1.0,0.8,0.0386870000511407
tdc_pgp_broccatelli,classification,1,2,stratified_scaffold_group,stratified_scaffold_group,23,lgbm_80_bag0.8,boosting,0.837542269228002,0.837542269228002,0.849159701538161,0.1764427867260617,0.0,0.6454564612776736,0.8048780487804879,0.7168141592920354,0.7608461040362616,1.0,0.8,0.0377333000069484
tdc_pgp_broccatelli,classification,1,3,stratified_scaffold_group,stratified_scaffold_group,23,lgbm_80_bag0.8,boosting,0.9125169376693768,0.9125169376693768,0.946632660641436,0.1498447075874172,1.0,0.2761438449422548,0.8072916666666666,0.8780487804878049,0.8426702235772358,1.0,0.8,0.0339870000025257
tdc_pgp_broccatelli,classification,1,1,stratified_scaffold_group,stratified_scaffold_group,24,lgbm_120_l15,boosting,0.8984237213403881,0.8984237213403881,0.9114548511389982,0.1209271992853068,0.0,0.3886987654564994,0.8125,0.8253968253968254,0.8189484126984127,1.0,0.8,0.0442270000348798
tdc_pgp_broccatelli,classification,1,2,stratified_scaffold_group,stratified_scaffold_group,24,lgbm_120_l15,boosting,0.8225052162026045,0.8225052162026045,0.8147292259880484,0.1790892795415109,0.0,0.597249408076178,0.8130081300813008,0.7079646017699115,0.7604863659256061,1.0,0.8,0.04476960003376
tdc_pgp_broccatelli,classification,1,3,stratified_scaffold_group,stratified_scaffold_group,24,lgbm_120_l15,boosting,0.90112635501355,0.90112635501355,0.9375611593594526,0.1595022537536853,1.0,0.2539768822890058,0.8020833333333334,0.7967479674796748,0.7994156504065041,1.0,0.8,0.0452903000405058
tdc_pgp_broccatelli,classification,1,1,stratified_scaffold_group,stratified_scaffold_group,25,xgb_60_d3,boosting,0.8723544973544973,0.8723544973544973,0.8790031297844366,0.1454386481590103,0.0,0.5263625979423523,0.8125,0.746031746031746,0.779265873015873,1.0,0.8,0.0458690000232309
tdc_pgp_broccatelli,classification,1,2,stratified_scaffold_group,stratified_scaffold_group,25,xgb_60_d3,boosting,0.8319303547017771,0.8319303547017771,0.8428527103556847,0.1682345801542867,0.0,0.5770593881607056,0.8130081300813008,0.7345132743362832,0.773760702208792,1.0,0.8,0.0470038999919779
tdc_pgp_broccatelli,classification,1,3,stratified_scaffold_group,stratified_scaffold_group,25,xgb_60_d3,boosting,0.8717183265582655,0.8717183265582655,0.9278700896852492,0.1747186332830042,1.0,0.273777574300766,0.8072916666666666,0.8130081300813008,0.8101498983739837,1.0,0.8,0.0427657999680377
tdc_pgp_broccatelli,classification,1,1,stratified_scaffold_group,stratified_scaffold_group,26,xgb_80_d5,boosting,0.8832120811287477,0.8832120811287477,0.8926752715088411,0.1356334614706936,0.0,0.4680760502815246,0.8333333333333334,0.7777777777777778,0.8055555555555556,1.0,0.8,0.0754450000240467
tdc_pgp_broccatelli,classification,1,2,stratified_scaffold_group,stratified_scaffold_group,26,xgb_80_d5,boosting,0.818763939851788,0.818763939851788,0.8211925162563857,0.1761149119763168,0.0,0.5784125328063965,0.8048780487804879,0.7079646017699115,0.7564213252751997,1.0,0.8,0.0722307999967597
tdc_pgp_broccatelli,classification,1,3,stratified_scaffold_group,stratified_scaffold_group,26,xgb_80_d5,boosting,0.904640921409214,0.904640921409214,0.9426026981123672,0.1579376330072992,1.0,0.2626658380031585,0.8125,0.8373983739837398,0.8249491869918699,1.0,0.8,0.0709102999535389
tdc_pgp_broccatelli,classification,1,1,stratified_scaffold_group,stratified_scaffold_group,27,xgb_100_d3,boosting,0.8804563492063493,0.8804563492063493,0.8883960674524559,0.1385709714092364,0.0,0.5110023021697998,0.8472222222222222,0.7698412698412699,0.808531746031746,1.0,0.8,0.0642410999862477
tdc_pgp_broccatelli,classification,1,2,stratified_scaffold_group,stratified_scaffold_group,27,xgb_100_d3,boosting,0.8244478020001438,0.8244478020001438,0.8392267561987747,0.1695374422882316,0.0,0.5985295176506042,0.8048780487804879,0.7168141592920354,0.7608461040362616,1.0,0.8,0.0652195999864488
tdc_pgp_broccatelli,classification,1,3,stratified_scaffold_group,stratified_scaffold_group,27,xgb_100_d3,boosting,0.8963838075880759,0.8963838075880759,0.9381832760248818,0.1635832476367037,1.0,0.2720281481742859,0.8177083333333334,0.8211382113821138,0.8194232723577236,1.0,0.8,0.062327500025276
tdc_pgp_broccatelli,classification,1,1,stratified_scaffold_group,stratified_scaffold_group,28,xgb_60_d6,boosting,0.8936838624338624,0.8936838624338624,0.9045958234590312,0.1261653895798247,0.0,0.4047625362873077,0.8055555555555556,0.8174603174603174,0.8115079365079365,1.0,0.8,0.0554282000521197
tdc_pgp_broccatelli,classification,1,2,stratified_scaffold_group,stratified_scaffold_group,28,xgb_60_d6,boosting,0.819627311317361,0.819627311317361,0.8252384147783803,0.1778525385780807,0.0,0.5578795075416565,0.8048780487804879,0.672566371681416,0.7387222102309519,1.0,0.8,0.064653699984774
tdc_pgp_broccatelli,classification,1,3,stratified_scaffold_group,stratified_scaffold_group,28,xgb_60_d6,boosting,0.9007876016260165,0.9007876016260165,0.9399091055161476,0.1582498423352827,1.0,0.2806474864482879,0.8020833333333334,0.8455284552845528,0.823805894308943,1.0,0.8,0.0524857999989762
tdc_pgp_broccatelli,classification,1,1,stratified_scaffold_group,stratified_scaffold_group,29,cat_60_d4,boosting,0.8863536155202822,0.8863536155202822,0.9032732805678972,0.1394292041206043,0.0,0.5225677788532378,0.8263888888888888,0.8015873015873016,0.8139880952380952,1.0,0.8,0.1763620999990962
tdc_pgp_broccatelli,classification,1,2,stratified_scaffold_group,stratified_scaffold_group,29,cat_60_d4,boosting,0.8097704870854019,0.8097704870854019,0.8349302344437716,0.1745864731035949,0.0,0.5915013365375995,0.8130081300813008,0.7168141592920354,0.7649111446866681,1.0,0.8,0.1777590000419877
tdc_pgp_broccatelli,classification,1,3,stratified_scaffold_group,stratified_scaffold_group,29,cat_60_d4,boosting,0.8988821138211383,0.8988821138211383,0.9403660980393336,0.1651410328613944,1.0,0.3489396410183256,0.8020833333333334,0.8943089430894309,0.8481961382113821,1.0,0.8,0.1687775000464171
tdc_pgp_broccatelli,classification,1,1,stratified_scaffold_group,stratified_scaffold_group,30,cat_80_d6,boosting,0.8882826278659611,0.8882826278659611,0.9033976419516676,0.1376133449656921,0.0,0.5264115615657263,0.8125,0.8174603174603174,0.8149801587301587,1.0,0.8,0.4524172999663278
tdc_pgp_broccatelli,classification,1,2,stratified_scaffold_group,stratified_scaffold_group,30,cat_80_d6,boosting,0.8256709115763724,0.8256709115763724,0.8397070651073113,0.1695195315442109,0.0,0.5843962968670017,0.8048780487804879,0.6902654867256637,0.7475717677530758,1.0,0.8,0.4791853000060655
tdc_pgp_broccatelli,classification,1,3,stratified_scaffold_group,stratified_scaffold_group,30,cat_80_d6,boosting,0.9200542005420054,0.9200542005420054,0.9515904538978588,0.1485002097735626,1.0,0.3295105131430976,0.8020833333333334,0.8943089430894309,0.8481961382113821,1.0,0.8,0.4825223000370897
tdc_pgp_broccatelli,classification,1,1,stratified_scaffold_group,stratified_scaffold_group,31,cat_100_d4,boosting,0.8897707231040564,0.8897707231040564,0.8999333287874981,0.1385332846264789,0.0,0.5278925803443446,0.8611111111111112,0.8015873015873016,0.8313492063492064,1.0,0.8,0.2809381000115536
tdc_pgp_broccatelli,classification,1,2,stratified_scaffold_group,stratified_scaffold_group,31,cat_100_d4,boosting,0.820490682782934,0.820490682782934,0.8420477247664233,0.1705575522863135,0.0,0.5616736213918115,0.8048780487804879,0.7256637168141593,0.7652708827973236,1.0,0.8,0.2834999999613501
tdc_pgp_broccatelli,classification,1,3,stratified_scaffold_group,stratified_scaffold_group,31,cat_100_d4,boosting,0.9022273035230352,0.9022273035230352,0.94448974282504,0.1582563335180928,1.0,0.3524783039289976,0.8020833333333334,0.8861788617886179,0.8441310975609757,1.0,0.8,0.2902005999931134
tdc_pgp_broccatelli,classification,1,1,stratified_scaffold_group,stratified_scaffold_group,32,cat_60_d8,boosting,0.8995260141093475,0.8995260141093475,0.9105609687678484,0.1272007012160623,0.0,0.4718557960118362,0.8263888888888888,0.8174603174603174,0.8219246031746031,1.0,0.8,0.9681223999941722
tdc_pgp_broccatelli,classification,1,2,stratified_scaffold_group,stratified_scaffold_group,32,cat_60_d8,boosting,0.840851859846032,0.840851859846032,0.8562358681399789,0.1607274375604529,0.0,0.5377392698884186,0.8455284552845528,0.7433628318584071,0.79444564357148,1.0,0.8,1.0153693000320343
tdc_pgp_broccatelli,classification,1,3,stratified_scaffold_group,stratified_scaffold_group,32,cat_60_d8,boosting,0.938135162601626,0.938135162601626,0.9614223829154992,0.1335931583705932,1.0,0.3608350564290862,0.8072916666666666,0.8861788617886179,0.8467352642276422,1.0,0.8,1.0194240999990145
tdc_pgp_broccatelli,classification,2,1,stratified_scaffold_group,stratified_scaffold_group,1,logreg_l2_c0.1,linear,0.8598571428571429,0.8598571428571429,0.8958563897472082,0.1500852985634566,0.0,0.4550419310815989,0.8125,0.76,0.78625,1.0,0.8,0.003163699992001
tdc_pgp_broccatelli,classification,2,2,stratified_scaffold_group,stratified_scaffold_group,1,logreg_l2_c0.1,linear,0.8743543543543544,0.8743543543543544,0.912492813339274,0.1501373338380096,0.0,0.4247876547009475,0.8108108108108107,0.78,0.7954054054054054,1.0,0.8,0.0025091000134125
tdc_pgp_broccatelli,classification,2,3,stratified_scaffold_group,stratified_scaffold_group,1,logreg_l2_c0.1,linear,0.850189633375474,0.850189633375474,0.8603024571574581,0.1550851531980969,0.0,0.5152949226534286,0.8015873015873016,0.7079646017699115,0.7547759516786066,1.0,0.8,0.0027023000293411
tdc_pgp_broccatelli,classification,2,1,stratified_scaffold_group,stratified_scaffold_group,2,logreg_l2_c1,linear,0.8708571428571429,0.8708571428571429,0.895177086461433,0.1544918830214752,0.0,0.4452839402535221,0.8035714285714286,0.76,0.7817857142857143,1.0,0.8,0.0033948000054806
tdc_pgp_broccatelli,classification,2,2,stratified_scaffold_group,stratified_scaffold_group,2,logreg_l2_c1,linear,0.8998198198198198,0.8998198198198198,0.9361357515760036,0.1294241874158163,0.0,0.3998766711507128,0.8198198198198199,0.8533333333333334,0.8365765765765767,1.0,0.8,0.0028847000212408
tdc_pgp_broccatelli,classification,2,3,stratified_scaffold_group,stratified_scaffold_group,2,logreg_l2_c1,linear,0.8487849417052957,0.8487849417052957,0.8557479831977928,0.1637570620813363,0.0,0.5784130246030162,0.8174603174603174,0.7522123893805309,0.7848363534204241,1.0,0.8,0.0035166000016033
tdc_pgp_broccatelli,classification,2,1,stratified_scaffold_group,stratified_scaffold_group,3,logreg_l2_c10,linear,0.8708571428571429,0.8708571428571429,0.8917498071035876,0.1749161695390063,0.0,0.5147457165820857,0.8035714285714286,0.736,0.7697857142857143,1.0,0.8,0.0042921000276692
tdc_pgp_broccatelli,classification,2,2,stratified_scaffold_group,stratified_scaffold_group,3,logreg_l2_c10,linear,0.8927327327327328,0.8927327327327328,0.9321233055151084,0.1373678197680233,0.0,0.441321551666466,0.8378378378378378,0.82,0.8289189189189189,1.0,0.8,0.0039970999932847
tdc_pgp_broccatelli,classification,2,3,stratified_scaffold_group,stratified_scaffold_group,3,logreg_l2_c10,linear,0.8438685208596713,0.8438685208596713,0.8455265986326852,0.1819129882480119,0.0,0.7292274602963135,0.8095238095238095,0.7256637168141593,0.7675937631689844,1.0,0.8,0.004442699952051
tdc_pgp_broccatelli,classification,2,1,stratified_scaffold_group,stratified_scaffold_group,4,logreg_l1_c1,linear,0.8567142857142858,0.8567142857142858,0.8762025944888331,0.1587408983257761,0.0,0.4065014695784595,0.8035714285714286,0.76,0.7817857142857143,1.0,0.8,0.0058071999810636
tdc_pgp_broccatelli,classification,2,2,stratified_scaffold_group,stratified_scaffold_group,4,logreg_l1_c1,linear,0.8834234234234235,0.8834234234234235,0.9195715428131238,0.1477370429729984,0.0,0.3804743760569135,0.8198198198198199,0.7733333333333333,0.7965765765765767,1.0,0.8,0.0057633999967947
tdc_pgp_broccatelli,classification,2,3,stratified_scaffold_group,stratified_scaffold_group,4,logreg_l1_c1,linear,0.8404270262677341,0.8404270262677341,0.8303472952212868,0.1685916035265365,0.0,0.6381124077348486,0.8095238095238095,0.6814159292035398,0.7454698693636747,1.0,0.8,0.0080645999987609
tdc_pgp_broccatelli,classification,2,1,stratified_scaffold_group,stratified_scaffold_group,5,rf_60_sqrt,bagging,0.8793571428571428,0.8793571428571428,0.907227425492951,0.143961556493202,0.0,0.4666666666666667,0.8303571428571428,0.776,0.8031785714285714,1.0,0.8,0.0903531999792903
tdc_pgp_broccatelli,classification,2,2,stratified_scaffold_group,stratified_scaffold_group,5,rf_60_sqrt,bagging,0.928018018018018,0.928018018018018,0.9465207990387672,0.1326138782460621,0.0,0.4,0.8108108108108107,0.8866666666666667,0.8487387387387387,1.0,0.8,0.0889613999752327
tdc_pgp_broccatelli,classification,2,3,stratified_scaffold_group,stratified_scaffold_group,5,rf_60_sqrt,bagging,0.8873437280516927,0.8873437280516927,0.893492572780773,0.1386913063691306,0.0,0.45,0.8174603174603174,0.8053097345132744,0.8113850259867958,1.0,0.8,0.0868899000342935
tdc_pgp_broccatelli,classification,2,1,stratified_scaffold_group,stratified_scaffold_group,6,rf_90_d12,bagging,0.8825714285714286,0.8825714285714286,0.9084324643259176,0.1455679452291396,0.0,0.4278831080701527,0.8035714285714286,0.76,0.7817857142857143,1.0,0.8,0.1300817999872379
tdc_pgp_broccatelli,classification,2,2,stratified_scaffold_group,stratified_scaffold_group,6,rf_90_d12,bagging,0.9057057057057056,0.9057057057057056,0.9362485271867224,0.1480037159998282,0.0,0.4047274712137989,0.8018018018018018,0.8266666666666667,0.8142342342342342,1.0,0.8,0.134667599981185
tdc_pgp_broccatelli,classification,2,3,stratified_scaffold_group,stratified_scaffold_group,6,rf_90_d12,bagging,0.8841129372102823,0.8841129372102823,0.8890715788398599,0.1418977415980898,0.0,0.4214577842437664,0.8095238095238095,0.8407079646017699,0.8251158870627897,1.0,0.8,0.1401182999834418
tdc_pgp_broccatelli,classification,2,1,stratified_scaffold_group,stratified_scaffold_group,7,rf_90_leaf2,bagging,0.8827857142857142,0.8827857142857142,0.9095050844741412,0.1462427410652736,0.0,0.3961955818044328,0.8035714285714286,0.8,0.8017857142857143,1.0,0.8,0.1267836999613791
tdc_pgp_broccatelli,classification,2,2,stratified_scaffold_group,stratified_scaffold_group,7,rf_90_leaf2,bagging,0.9011411411411412,0.9011411411411412,0.925876904962252,0.1552877996092872,0.0,0.3546826714761074,0.8108108108108107,0.86,0.8354054054054054,1.0,0.8,0.1324829999939538
tdc_pgp_broccatelli,classification,2,3,stratified_scaffold_group,stratified_scaffold_group,7,rf_90_leaf2,bagging,0.878353701362551,0.878353701362551,0.8855874824028289,0.1441687089924947,0.0,0.4203205941690011,0.8015873015873016,0.8141592920353983,0.80787329681135,1.0,0.8,0.1289292000001296
tdc_pgp_broccatelli,classification,2,1,stratified_scaffold_group,stratified_scaffold_group,8,rf_120_d20_leaf2,bagging,0.8874285714285713,0.8874285714285713,0.9126216877769142,0.1452935696552332,0.0,0.4017354568964686,0.8125,0.8,0.80625,1.0,0.8,0.1735619999817572
tdc_pgp_broccatelli,classification,2,2,stratified_scaffold_group,stratified_scaffold_group,8,rf_120_d20_leaf2,bagging,0.9013213213213214,0.9013213213213214,0.9248870277473806,0.1577605950822202,0.0,0.3580255691772373,0.8018018018018018,0.86,0.830900900900901,1.0,0.8,0.1701181000098586
tdc_pgp_broccatelli,classification,2,3,stratified_scaffold_group,stratified_scaffold_group,8,rf_120_d20_leaf2,bagging,0.8930327293159152,0.8930327293159152,0.8965862057574095,0.1392779187318592,0.0,0.4186485321687578,0.8095238095238095,0.8495575221238938,0.8295406658238517,1.0,0.8,0.1710275000077672
tdc_pgp_broccatelli,classification,2,1,stratified_scaffold_group,stratified_scaffold_group,9,et_60_sqrt,bagging,0.8688571428571429,0.8688571428571429,0.8996507989767857,0.1466713548992029,0.0,0.4166666666666667,0.8214285714285714,0.736,0.7787142857142857,1.0,0.8,0.0569159999722614
tdc_pgp_broccatelli,classification,2,2,stratified_scaffold_group,stratified_scaffold_group,9,et_60_sqrt,bagging,0.9105405405405406,0.9105405405405406,0.938244262267916,0.1312792677735206,0.0,0.4,0.8468468468468469,0.8533333333333334,0.8500900900900901,1.0,0.8,0.0640719999792054
tdc_pgp_broccatelli,classification,2,3,stratified_scaffold_group,stratified_scaffold_group,9,et_60_sqrt,bagging,0.8868520859671303,0.8868520859671303,0.8863299724642288,0.1379567642956764,0.0,0.4166666666666667,0.8015873015873016,0.8584070796460177,0.8299971906166597,1.0,0.8,0.063632300007157
tdc_pgp_broccatelli,classification,2,1,stratified_scaffold_group,stratified_scaffold_group,10,et_90_d12,bagging,0.8810714285714286,0.8810714285714286,0.9134150228011356,0.142567556688771,0.0,0.3991632216179986,0.8035714285714286,0.784,0.7937857142857143,1.0,0.8,0.0817619999870657
tdc_pgp_broccatelli,classification,2,2,stratified_scaffold_group,stratified_scaffold_group,10,et_90_d12,bagging,0.8980180180180181,0.8980180180180181,0.930116878742462,0.1455718713451688,0.0,0.3795169727524088,0.8018018018018018,0.8533333333333334,0.8275675675675676,1.0,0.8,0.0821391000063158
tdc_pgp_broccatelli,classification,2,3,stratified_scaffold_group,stratified_scaffold_group,10,et_90_d12,bagging,0.8821463688720326,0.8821463688720326,0.882731307999322,0.1433882210531265,0.0,0.391569405458207,0.8015873015873016,0.8672566371681416,0.8344219693777216,1.0,0.8,0.0856848999974317
tdc_pgp_broccatelli,classification,2,1,stratified_scaffold_group,stratified_scaffold_group,11,et_90_leaf2,bagging,0.8872142857142858,0.8872142857142858,0.9170370201911948,0.1432442539463619,0.0,0.3723701281249756,0.8125,0.808,0.81025,1.0,0.8,0.083445299998857
tdc_pgp_broccatelli,classification,2,2,stratified_scaffold_group,stratified_scaffold_group,11,et_90_leaf2,bagging,0.902222222222222,0.902222222222222,0.9334608942263484,0.1480960700737505,0.0,0.3872398589065255,0.8288288288288288,0.8333333333333334,0.8310810810810811,1.0,0.8,0.0857182000181637
tdc_pgp_broccatelli,classification,2,3,stratified_scaffold_group,stratified_scaffold_group,11,et_90_leaf2,bagging,0.8864306784660767,0.8864306784660767,0.8935274802664849,0.1394367551606151,0.0,0.3859480930736819,0.8015873015873016,0.8584070796460177,0.8299971906166597,1.0,0.8,0.0855234999908134
tdc_pgp_broccatelli,classification,2,1,stratified_scaffold_group,stratified_scaffold_group,12,et_120_d20_leaf2,bagging,0.8856428571428572,0.8856428571428572,0.9145663681651122,0.1452565895548215,0.0,0.3753839755747631,0.8035714285714286,0.8,0.8017857142857143,1.0,0.8,0.1049885000102222
tdc_pgp_broccatelli,classification,2,2,stratified_scaffold_group,stratified_scaffold_group,12,et_120_d20_leaf2,bagging,0.8972372372372373,0.8972372372372373,0.9282563049697838,0.1536114488352916,0.0,0.3912845824949698,0.8468468468468469,0.8333333333333334,0.8400900900900901,1.0,0.8,0.1026026000035926
tdc_pgp_broccatelli,classification,2,3,stratified_scaffold_group,stratified_scaffold_group,12,et_120_d20_leaf2,bagging,0.8924708526478438,0.8924708526478438,0.8998796149764927,0.1367164472852088,0.0,0.4083243173198712,0.8095238095238095,0.8230088495575221,0.8162663295406658,1.0,0.8,0.1033354999963194
tdc_pgp_broccatelli,classification,2,1,stratified_scaffold_group,stratified_scaffold_group,13,histgb_lr0.05,boosting,0.8952142857142856,0.8952142857142856,0.9223520161558258,0.1266323196152826,0.0,0.4607093277795903,0.875,0.824,0.8494999999999999,1.0,0.8,0.8290501000010408
tdc_pgp_broccatelli,classification,2,2,stratified_scaffold_group,stratified_scaffold_group,13,histgb_lr0.05,boosting,0.8733933933933934,0.8733933933933934,0.9062414584422848,0.1606113171893247,0.0,0.3180329111469817,0.8018018018018018,0.8266666666666667,0.8142342342342342,1.0,0.8,0.8400522000156343
tdc_pgp_broccatelli,classification,2,3,stratified_scaffold_group,stratified_scaffold_group,13,histgb_lr0.05,boosting,0.8853771597134429,0.8853771597134429,0.8903250586931942,0.1337925380571446,0.0,0.4780766126384305,0.8174603174603174,0.8584070796460177,0.8379336985531676,1.0,0.8,0.8647548999870196
tdc_pgp_broccatelli,classification,2,1,stratified_scaffold_group,stratified_scaffold_group,14,histgb_lr0.1,boosting,0.8939285714285715,0.8939285714285715,0.91802936639781,0.1378120657199575,0.0,0.3620852997507673,0.8214285714285714,0.808,0.8147142857142857,1.0,0.8,0.744941100012511
tdc_pgp_broccatelli,classification,2,2,stratified_scaffold_group,stratified_scaffold_group,14,histgb_lr0.1,boosting,0.9015015015015015,0.9015015015015015,0.9281381002619904,0.1359005750041424,0.0,0.3727304092676365,0.8108108108108107,0.8266666666666667,0.8187387387387387,1.0,0.8,0.7846848000190221
tdc_pgp_broccatelli,classification,2,3,stratified_scaffold_group,stratified_scaffold_group,14,histgb_lr0.1,boosting,0.8831296530411574,0.8831296530411574,0.8844052264612757,0.1393640087601277,0.0,0.4790104696149196,0.8015873015873016,0.8495575221238938,0.8255724118555977,1.0,0.8,0.8035866999998689
tdc_pgp_broccatelli,classification,2,1,stratified_scaffold_group,stratified_scaffold_group,15,gb_lr0.05_d2,boosting,0.85775,0.85775,0.8893479361271512,0.1557099993949817,0.0,0.4718831392307563,0.8125,0.776,0.79425,1.0,0.8,0.4068946000188589
tdc_pgp_broccatelli,classification,2,2,stratified_scaffold_group,stratified_scaffold_group,15,gb_lr0.05_d2,boosting,0.7744444444444444,0.7744444444444444,0.8506331145407326,0.1999940288403216,0.0,0.4468578561298427,0.8198198198198199,0.5866666666666667,0.7032432432432433,1.0,0.8,0.3283762999926694
tdc_pgp_broccatelli,classification,2,3,stratified_scaffold_group,stratified_scaffold_group,15,gb_lr0.05_d2,boosting,0.8599873577749683,0.8599873577749683,0.8618237868117673,0.1609177504297681,0.0,0.5652931170616675,0.8095238095238095,0.7699115044247787,0.7897176569742941,1.0,0.8,0.2302199000259861
tdc_pgp_broccatelli,classification,2,1,stratified_scaffold_group,stratified_scaffold_group,16,gb_lr0.1_d3,boosting,0.8732142857142858,0.8732142857142858,0.9036273980310509,0.1466008472336672,0.0,0.4876473483541856,0.8035714285714286,0.76,0.7817857142857143,1.0,0.8,0.3305004999856464
tdc_pgp_broccatelli,classification,2,2,stratified_scaffold_group,stratified_scaffold_group,16,gb_lr0.1_d3,boosting,0.8718918918918919,0.8718918918918919,0.913922169069431,0.1497891973638727,0.0,0.4217424038616923,0.8198198198198199,0.7933333333333333,0.8065765765765767,1.0,0.8,0.3090741999913007
tdc_pgp_broccatelli,classification,2,3,stratified_scaffold_group,stratified_scaffold_group,16,gb_lr0.1_d3,boosting,0.8558435173479421,0.8558435173479421,0.8474755403042176,0.1588834888065086,0.0,0.6261440600512387,0.8333333333333334,0.7699115044247787,0.801622418879056,1.0,0.8,0.3193344000028446
tdc_pgp_broccatelli,classification,2,1,stratified_scaffold_group,stratified_scaffold_group,17,lgbm_60_l15,boosting,0.8809285714285715,0.8809285714285715,0.9114347319351248,0.1396933609241471,0.0,0.4292632641201038,0.8035714285714286,0.8,0.8017857142857143,1.0,0.8,0.030317600001581
tdc_pgp_broccatelli,classification,2,2,stratified_scaffold_group,stratified_scaffold_group,17,lgbm_60_l15,boosting,0.8582882882882883,0.8582882882882883,0.8991118892644219,0.1636217363699296,0.0,0.3817825722314362,0.8018018018018018,0.78,0.7909009009009009,1.0,0.8,0.027698700025212
tdc_pgp_broccatelli,classification,2,3,stratified_scaffold_group,stratified_scaffold_group,17,lgbm_60_l15,boosting,0.8802500351172917,0.8802500351172917,0.8832506303545367,0.138092108346886,0.0,0.4575582474107844,0.8095238095238095,0.831858407079646,0.8206911083017278,1.0,0.8,0.0526201000320725
tdc_pgp_broccatelli,classification,2,1,stratified_scaffold_group,stratified_scaffold_group,18,lgbm_90_l31,boosting,0.8858571428571428,0.8858571428571428,0.9126067757126844,0.1388156618951565,0.0,0.3529434249948051,0.8214285714285714,0.824,0.8227142857142857,1.0,0.8,0.0526812999742105
tdc_pgp_broccatelli,classification,2,2,stratified_scaffold_group,stratified_scaffold_group,18,lgbm_90_l31,boosting,0.8872672672672672,0.8872672672672672,0.918733245985668,0.1437024963100976,0.0,0.3702698607030486,0.8018018018018018,0.8533333333333334,0.8275675675675676,1.0,0.8,0.0457317999680526
tdc_pgp_broccatelli,classification,2,3,stratified_scaffold_group,stratified_scaffold_group,18,lgbm_90_l31,boosting,0.8754740834386853,0.8754740834386853,0.8759380994861667,0.1403486054836822,0.0,0.400814535974548,0.8015873015873016,0.8849557522123894,0.8432715268998455,1.0,0.8,0.0556006000260822
tdc_pgp_broccatelli,classification,2,1,stratified_scaffold_group,stratified_scaffold_group,19,lgbm_60_l63,boosting,0.8941428571428571,0.8941428571428571,0.9183830682787596,0.135511659809992,0.0,0.3638061090660818,0.8125,0.816,0.8142499999999999,1.0,0.8,0.0375442000222392
tdc_pgp_broccatelli,classification,2,2,stratified_scaffold_group,stratified_scaffold_group,19,lgbm_60_l63,boosting,0.8925225225225225,0.8925225225225225,0.921867636707448,0.141235410808378,0.0,0.3598352213363023,0.8018018018018018,0.8266666666666667,0.8142342342342342,1.0,0.8,0.0355774000054225
tdc_pgp_broccatelli,classification,2,3,stratified_scaffold_group,stratified_scaffold_group,19,lgbm_60_l63,boosting,0.870417193426043,0.870417193426043,0.8767253551886929,0.14397022767089,0.0,0.4247342747630123,0.8095238095238095,0.8672566371681416,0.8383902233459756,1.0,0.8,0.0355271000298671
tdc_pgp_broccatelli,classification,2,1,stratified_scaffold_group,stratified_scaffold_group,20,lgbm_100_leaf10,boosting,0.8957857142857143,0.8957857142857143,0.917831594414511,0.150365442623006,0.0,0.249283887626444,0.8125,0.848,0.8302499999999999,1.0,0.8,0.0798065999988466
tdc_pgp_broccatelli,classification,2,2,stratified_scaffold_group,stratified_scaffold_group,20,lgbm_100_leaf10,boosting,0.8925525525525526,0.8925525525525526,0.9198385476729922,0.1419915108389854,0.0,0.2930379564187976,0.8018018018018018,0.8533333333333334,0.8275675675675676,1.0,0.8,0.0901698999805376
tdc_pgp_broccatelli,classification,2,3,stratified_scaffold_group,stratified_scaffold_group,20,lgbm_100_leaf10,boosting,0.8857283326309875,0.8857283326309875,0.8871924070598709,0.1366058980625679,0.0,0.4048721027023907,0.8095238095238095,0.8672566371681416,0.8383902233459756,1.0,0.8,0.0789975000079721
tdc_pgp_broccatelli,classification,2,1,stratified_scaffold_group,stratified_scaffold_group,21,lgbm_100_leaf30,boosting,0.8918571428571429,0.8918571428571429,0.918155284752069,0.1335010779490704,0.0,0.3909628102545485,0.8125,0.832,0.8222499999999999,1.0,0.8,0.036391400033608
tdc_pgp_broccatelli,classification,2,2,stratified_scaffold_group,stratified_scaffold_group,21,lgbm_100_leaf30,boosting,0.8757357357357358,0.8757357357357358,0.9122046660632814,0.1585567822771029,0.0,0.3547838388234507,0.8018018018018018,0.8066666666666666,0.8042342342342342,1.0,0.8,0.0340710000018589
tdc_pgp_broccatelli,classification,2,3,stratified_scaffold_group,stratified_scaffold_group,21,lgbm_100_leaf30,boosting,0.8772299480264082,0.8772299480264082,0.8814031493568129,0.1430353944057902,0.0,0.51961086775218,0.8015873015873016,0.8053097345132744,0.8034485180502879,1.0,0.8,0.0357877999776974
tdc_pgp_broccatelli,classification,2,1,stratified_scaffold_group,stratified_scaffold_group,22,lgbm_80_ff0.7,boosting,0.8925714285714286,0.8925714285714286,0.91646941659474,0.1346225968918155,0.0,0.3331862215873196,0.8125,0.84,0.8262499999999999,1.0,0.8,0.0368720999686047
tdc_pgp_broccatelli,classification,2,2,stratified_scaffold_group,stratified_scaffold_group,22,lgbm_80_ff0.7,boosting,0.9006606606606608,0.9006606606606608,0.9274072796256266,0.1368773698558374,0.0,0.3617813790670824,0.8378378378378378,0.84,0.8389189189189189,1.0,0.8,0.0380938000162132
tdc_pgp_broccatelli,classification,2,3,stratified_scaffold_group,stratified_scaffold_group,22,lgbm_80_ff0.7,boosting,0.8876246663857285,0.8876246663857285,0.8934310559550246,0.1332258305924049,0.0,0.4643321800607398,0.8095238095238095,0.8495575221238938,0.8295406658238517,1.0,0.8,0.0404568999656476
tdc_pgp_broccatelli,classification,2,1,stratified_scaffold_group,stratified_scaffold_group,23,lgbm_80_bag0.8,boosting,0.8877142857142858,0.8877142857142858,0.9154009336106502,0.132845394144099,0.0,0.3120202549400236,0.8035714285714286,0.824,0.8137857142857143,1.0,0.8,0.0347731999936513
tdc_pgp_broccatelli,classification,2,2,stratified_scaffold_group,stratified_scaffold_group,23,lgbm_80_bag0.8,boosting,0.9033633633633632,0.9033633633633632,0.9301490834789484,0.1325652253079325,0.0,0.3316104692643809,0.8378378378378378,0.8533333333333334,0.8455855855855856,1.0,0.8,0.0360797999892383
tdc_pgp_broccatelli,classification,2,3,stratified_scaffold_group,stratified_scaffold_group,23,lgbm_80_bag0.8,boosting,0.8834105913751931,0.8834105913751931,0.8879191231787829,0.1367682806145199,0.0,0.4844744223408871,0.8095238095238095,0.831858407079646,0.8206911083017278,1.0,0.8,0.0359501000493764
tdc_pgp_broccatelli,classification,2,1,stratified_scaffold_group,stratified_scaffold_group,24,lgbm_120_l15,boosting,0.8887142857142857,0.8887142857142857,0.9142452125743268,0.1371269894084579,0.0,0.3784239466226508,0.8214285714285714,0.816,0.8187142857142857,1.0,0.8,0.049072400026489
tdc_pgp_broccatelli,classification,2,2,stratified_scaffold_group,stratified_scaffold_group,24,lgbm_120_l15,boosting,0.8846846846846846,0.8846846846846846,0.9188500866068432,0.1461509670095841,0.0,0.3557722597005676,0.8018018018018018,0.8533333333333334,0.8275675675675676,1.0,0.8,0.0435531000257469
tdc_pgp_broccatelli,classification,2,3,stratified_scaffold_group,stratified_scaffold_group,24,lgbm_120_l15,boosting,0.879196516364658,0.879196516364658,0.8836956311589922,0.1390914841121195,0.0,0.4605812589037698,0.8015873015873016,0.8584070796460177,0.8299971906166597,1.0,0.8,0.0454443000489845
tdc_pgp_broccatelli,classification,2,1,stratified_scaffold_group,stratified_scaffold_group,25,xgb_60_d3,boosting,0.8804285714285714,0.8804285714285714,0.9048818950952028,0.1430606767345723,0.0,0.4333891570568084,0.8214285714285714,0.8,0.8107142857142857,1.0,0.8,0.0506098999758251
tdc_pgp_broccatelli,classification,2,2,stratified_scaffold_group,stratified_scaffold_group,25,xgb_60_d3,boosting,0.8341441441441442,0.8341441441441442,0.8837222730649799,0.1881113849214037,0.0,0.3592464029788971,0.8018018018018018,0.6733333333333333,0.7375675675675676,1.0,0.8,0.0452288000378757
tdc_pgp_broccatelli,classification,2,3,stratified_scaffold_group,stratified_scaffold_group,25,xgb_60_d3,boosting,0.856370276724259,0.856370276724259,0.857446723304523,0.1522277267308796,0.0,0.5610693097114563,0.873015873015873,0.7256637168141593,0.7993397949150162,1.0,0.8,0.0430097999633289
tdc_pgp_broccatelli,classification,2,1,stratified_scaffold_group,stratified_scaffold_group,26,xgb_80_d5,boosting,0.8784285714285714,0.8784285714285714,0.9075891325377636,0.1413521860256691,0.0,0.4147464334964752,0.8035714285714286,0.824,0.8137857142857143,1.0,0.8,0.0651212999946437
tdc_pgp_broccatelli,classification,2,2,stratified_scaffold_group,stratified_scaffold_group,26,xgb_80_d5,boosting,0.8809609609609609,0.8809609609609609,0.9134092471845956,0.1557061887121464,0.0,0.3294937312602997,0.8018018018018018,0.8466666666666667,0.8242342342342343,1.0,0.8,0.0628265999839641
tdc_pgp_broccatelli,classification,2,3,stratified_scaffold_group,stratified_scaffold_group,26,xgb_80_d5,boosting,0.8779322938614973,0.8779322938614973,0.8931169791079064,0.1386484296307505,0.0,0.4768026769161224,0.8174603174603174,0.831858407079646,0.8246593622699817,1.0,0.8,0.0694602000294253
tdc_pgp_broccatelli,classification,2,1,stratified_scaffold_group,stratified_scaffold_group,27,xgb_100_d3,boosting,0.8794285714285716,0.8794285714285716,0.9111342472943982,0.1404441008343271,0.0,0.4558299779891968,0.8035714285714286,0.808,0.8057857142857143,1.0,0.8,0.0655800999957136
tdc_pgp_broccatelli,classification,2,2,stratified_scaffold_group,stratified_scaffold_group,27,xgb_100_d3,boosting,0.8754354354354356,0.8754354354354356,0.9123415965995136,0.1552430857437695,0.0,0.3707382977008819,0.8018018018018018,0.84,0.820900900900901,1.0,0.8,0.0646865000016987
tdc_pgp_broccatelli,classification,2,3,stratified_scaffold_group,stratified_scaffold_group,27,xgb_100_d3,boosting,0.8666947605000702,0.8666947605000702,0.8685901888185291,0.147703663264462,0.0,0.4984573125839233,0.8015873015873016,0.8053097345132744,0.8034485180502879,1.0,0.8,0.0668966000084765
tdc_pgp_broccatelli,classification,2,1,stratified_scaffold_group,stratified_scaffold_group,28,xgb_60_d6,boosting,0.8725,0.8725,0.9037674748603812,0.1443606716302866,0.0,0.3985655307769775,0.8214285714285714,0.8,0.8107142857142857,1.0,0.8,0.0543400000315159
tdc_pgp_broccatelli,classification,2,2,stratified_scaffold_group,stratified_scaffold_group,28,xgb_60_d6,boosting,0.8761561561561562,0.8761561561561562,0.9091687152822202,0.1569984371275619,0.0,0.3763664364814758,0.8198198198198199,0.8266666666666667,0.8232432432432433,1.0,0.8,0.0540982999955304
tdc_pgp_broccatelli,classification,2,3,stratified_scaffold_group,stratified_scaffold_group,28,xgb_60_d6,boosting,0.8742098609355248,0.8742098609355248,0.8818144255397016,0.1415380755684238,0.0,0.5179438591003418,0.8095238095238095,0.7787610619469026,0.7941424357353561,1.0,0.8,0.0559201999567449
tdc_pgp_broccatelli,classification,2,1,stratified_scaffold_group,stratified_scaffold_group,29,cat_60_d4,boosting,0.8592142857142856,0.8592142857142856,0.8941398101755509,0.1538930647493211,0.0,0.5052140630520302,0.8303571428571428,0.736,0.7831785714285714,1.0,0.8,0.1596230000141076
tdc_pgp_broccatelli,classification,2,2,stratified_scaffold_group,stratified_scaffold_group,29,cat_60_d4,boosting,0.8842042042042042,0.8842042042042042,0.9166606128605972,0.1517607404846566,0.0,0.4081689194366124,0.8108108108108107,0.8,0.8054054054054054,1.0,0.8,0.1865506999893114
tdc_pgp_broccatelli,classification,2,3,stratified_scaffold_group,stratified_scaffold_group,29,cat_60_d4,boosting,0.8785644051130778,0.8785644051130778,0.8935111348656865,0.1452978166471898,0.0,0.504145739147415,0.8015873015873016,0.8053097345132744,0.8034485180502879,1.0,0.8,0.1755697999615222
tdc_pgp_broccatelli,classification,2,1,stratified_scaffold_group,stratified_scaffold_group,30,cat_80_d6,boosting,0.8898571428571428,0.8898571428571428,0.9147769835128348,0.137739162554816,0.0,0.4124948720648163,0.8035714285714286,0.808,0.8057857142857143,1.0,0.8,0.4609778000158258
tdc_pgp_broccatelli,classification,2,2,stratified_scaffold_group,stratified_scaffold_group,30,cat_80_d6,boosting,0.8682882882882882,0.8682882882882882,0.90915318784528,0.1584807075481727,0.0,0.4045073543469705,0.8018018018018018,0.7733333333333333,0.7875675675675675,1.0,0.8,0.4666662999661639
tdc_pgp_broccatelli,classification,2,3,stratified_scaffold_group,stratified_scaffold_group,30,cat_80_d6,boosting,0.8702064896755162,0.8702064896755162,0.8850081640799372,0.1449136227402708,0.0,0.491179466092375,0.8015873015873016,0.7787610619469026,0.7901741817671022,1.0,0.8,0.5189285000087693
tdc_pgp_broccatelli,classification,2,1,stratified_scaffold_group,stratified_scaffold_group,31,cat_100_d4,boosting,0.8675714285714284,0.8675714285714284,0.9011308740701678,0.1495405177061488,0.0,0.4838188841350835,0.8214285714285714,0.768,0.7947142857142857,1.0,0.8,0.2657379999873228
tdc_pgp_broccatelli,classification,2,2,stratified_scaffold_group,stratified_scaffold_group,31,cat_100_d4,boosting,0.8816816816816816,0.8816816816816816,0.9138462182227084,0.1524502816115356,0.0,0.3879148464445645,0.8018018018018018,0.8466666666666667,0.8242342342342343,1.0,0.8,0.2559609999880194
tdc_pgp_broccatelli,classification,2,3,stratified_scaffold_group,stratified_scaffold_group,31,cat_100_d4,boosting,0.8723135271807838,0.8723135271807838,0.8827893053983349,0.1485809043341601,0.0,0.5188487248738866,0.8253968253968254,0.7699115044247787,0.797654164910802,1.0,0.8,0.2897435000049881
tdc_pgp_broccatelli,classification,2,1,stratified_scaffold_group,stratified_scaffold_group,32,cat_60_d8,boosting,0.8858571428571429,0.8858571428571429,0.917611095909959,0.1349722462093973,0.0,0.3975193050429507,0.8035714285714286,0.816,0.8097857142857143,1.0,0.8,0.9983225999749266
tdc_pgp_broccatelli,classification,2,2,stratified_scaffold_group,stratified_scaffold_group,32,cat_60_d8,boosting,0.878018018018018,0.878018018018018,0.9133282285983452,0.1565503874994196,0.0,0.369854891984322,0.8018018018018018,0.8266666666666667,0.8142342342342342,1.0,0.8,0.9351610000012442
tdc_pgp_broccatelli,classification,2,3,stratified_scaffold_group,stratified_scaffold_group,32,cat_60_d8,boosting,0.8771597134428992,0.8771597134428992,0.8859067460519222,0.1396078827219391,0.0,0.4324403672018884,0.8095238095238095,0.8141592920353983,0.811841550779604,1.0,0.8,1.0622758999816142
tdc_pgp_broccatelli,classification,3,1,stratified_scaffold_group,stratified_scaffold_group,1,logreg_l2_c0.1,linear,0.8755737704918032,0.8755737704918032,0.8888502551840699,0.1383584822515393,0.0,0.4631297615476266,0.8466666666666667,0.7868852459016393,0.816775956284153,1.0,0.8,0.0039295000024139
tdc_pgp_broccatelli,classification,3,2,stratified_scaffold_group,stratified_scaffold_group,1,logreg_l2_c0.1,linear,0.8991153111490903,0.8991153111490903,0.9562706417578588,0.1265817699536336,1.0,0.5369539045613253,0.8078817733990148,0.8775510204081632,0.842716396903589,1.0,0.8,0.0027975999983027
tdc_pgp_broccatelli,classification,3,3,stratified_scaffold_group,stratified_scaffold_group,1,logreg_l2_c0.1,linear,0.8666200466200465,0.8666200466200465,0.8921299110930672,0.1483869995371301,0.0,0.4414691247021501,0.8111888111888113,0.82,0.8155944055944055,1.0,0.8,0.0029295000131241
tdc_pgp_broccatelli,classification,3,1,stratified_scaffold_group,stratified_scaffold_group,2,logreg_l2_c1,linear,0.892896174863388,0.892896174863388,0.9040554088609348,0.1260882837160944,0.0,0.4258608451052331,0.8200000000000001,0.8114754098360656,0.8157377049180328,1.0,0.8,0.0040571999852545
tdc_pgp_broccatelli,classification,3,2,stratified_scaffold_group,stratified_scaffold_group,2,logreg_l2_c1,linear,0.8813210013069267,0.8813210013069267,0.947213742469185,0.1425081759347917,1.0,0.6678348543389334,0.8029556650246306,0.8877551020408163,0.8453553835327234,1.0,0.8,0.0035372999846003
tdc_pgp_broccatelli,classification,3,3,stratified_scaffold_group,stratified_scaffold_group,2,logreg_l2_c1,linear,0.8622843822843823,0.8622843822843823,0.8867147467776355,0.1474875257779885,0.0,0.4103083711828991,0.8041958041958042,0.8133333333333334,0.8087645687645688,1.0,0.8,0.0055690000299364
tdc_pgp_broccatelli,classification,3,1,stratified_scaffold_group,stratified_scaffold_group,3,logreg_l2_c10,linear,0.8957923497267759,0.8957923497267759,0.906797023579856,0.136729981630332,0.0,0.3747815892325896,0.8,0.8360655737704918,0.8180327868852459,1.0,0.8,0.0053508000564761
tdc_pgp_broccatelli,classification,3,2,stratified_scaffold_group,stratified_scaffold_group,3,logreg_l2_c10,linear,0.8603599075098018,0.8603599075098018,0.933840109926578,0.1701799242126737,1.0,0.4643064288567965,0.8078817733990148,0.7959183673469388,0.8019000703729768,1.0,0.8,0.0055064999614842
tdc_pgp_broccatelli,classification,3,3,stratified_scaffold_group,stratified_scaffold_group,3,logreg_l2_c10,linear,0.8477389277389278,0.8477389277389278,0.8692784185891247,0.1714415862696093,0.0,0.4144049810588746,0.8041958041958042,0.7666666666666667,0.7854312354312354,1.0,0.8,0.0048475000075995
tdc_pgp_broccatelli,classification,3,1,stratified_scaffold_group,stratified_scaffold_group,4,logreg_l1_c1,linear,0.8783606557377048,0.8783606557377048,0.8872984307582794,0.1389168979868773,0.0,0.377795665540087,0.8066666666666666,0.7786885245901639,0.7926775956284153,1.0,0.8,0.0063603000016883
tdc_pgp_broccatelli,classification,3,2,stratified_scaffold_group,stratified_scaffold_group,4,logreg_l1_c1,linear,0.8831808585503167,0.8831808585503167,0.9400059189009852,0.1395818236667963,1.0,0.6060170992462787,0.8078817733990148,0.8571428571428572,0.8325123152709359,1.0,0.8,0.0063247999642044
tdc_pgp_broccatelli,classification,3,3,stratified_scaffold_group,stratified_scaffold_group,4,logreg_l1_c1,linear,0.8848018648018648,0.8848018648018648,0.8910715439347994,0.1313696436100888,0.0,0.4924371399620414,0.8251748251748252,0.84,0.8325874125874126,1.0,0.8,0.0065020000329241
tdc_pgp_broccatelli,classification,3,1,stratified_scaffold_group,stratified_scaffold_group,5,rf_60_sqrt,bagging,0.9204918032786884,0.9204918032786884,0.9234046373431646,0.1216135620915032,0.0,0.4333333333333333,0.8200000000000001,0.8442622950819673,0.8321311475409836,1.0,0.8,0.0979536999948322
tdc_pgp_broccatelli,classification,3,2,stratified_scaffold_group,stratified_scaffold_group,5,rf_60_sqrt,bagging,0.9219362621896048,0.9219362621896048,0.9603363911208608,0.1287024732373569,1.0,0.45,0.8078817733990148,0.8571428571428572,0.8325123152709359,1.0,0.8,0.1056123999878764
tdc_pgp_broccatelli,classification,3,3,stratified_scaffold_group,stratified_scaffold_group,5,rf_60_sqrt,bagging,0.8868764568764569,0.8868764568764569,0.905858902108958,0.1422734167614713,0.0,0.4666666666666667,0.8041958041958042,0.78,0.7920979020979021,1.0,0.8,0.0991399000049568
tdc_pgp_broccatelli,classification,3,1,stratified_scaffold_group,stratified_scaffold_group,6,rf_90_d12,bagging,0.9002185792349725,0.9002185792349725,0.9085449664964932,0.1323061742157272,0.0,0.4219649794664795,0.8,0.8278688524590164,0.8139344262295083,1.0,0.8,0.1487777000293135
tdc_pgp_broccatelli,classification,3,2,stratified_scaffold_group,stratified_scaffold_group,6,rf_90_d12,bagging,0.916557756107369,0.916557756107369,0.960709714932796,0.1360901686734028,1.0,0.3802218150603926,0.812807881773399,0.826530612244898,0.8196692470091484,1.0,0.8,0.1465190000017173
tdc_pgp_broccatelli,classification,3,3,stratified_scaffold_group,stratified_scaffold_group,6,rf_90_d12,bagging,0.8996736596736598,0.8996736596736598,0.9185752359454988,0.1382776741293294,0.0,0.4154238671783981,0.8111888111888113,0.82,0.8155944055944055,1.0,0.8,0.1428615000331774
tdc_pgp_broccatelli,classification,3,1,stratified_scaffold_group,stratified_scaffold_group,7,rf_90_leaf2,bagging,0.9109836065573772,0.9109836065573772,0.9202296852784082,0.1289551596040373,0.0,0.3825241990382362,0.8066666666666666,0.860655737704918,0.8336612021857923,1.0,0.8,0.1448925000149756
tdc_pgp_broccatelli,classification,3,2,stratified_scaffold_group,stratified_scaffold_group,7,rf_90_leaf2,bagging,0.9241479843168796,0.9241479843168796,0.9647822557049996,0.1302557914943529,1.0,0.4023074276898001,0.8374384236453202,0.8571428571428572,0.8472906403940887,1.0,0.8,0.1434868000214919
tdc_pgp_broccatelli,classification,3,3,stratified_scaffold_group,stratified_scaffold_group,7,rf_90_leaf2,bagging,0.8920279720279719,0.8920279720279719,0.9072324194254984,0.1470476270570851,0.0,0.4184549381758882,0.8251748251748252,0.78,0.8025874125874126,1.0,0.8,0.1459659999818541
tdc_pgp_broccatelli,classification,3,1,stratified_scaffold_group,stratified_scaffold_group,8,rf_120_d20_leaf2,bagging,0.9100546448087432,0.9100546448087432,0.9199937342091123,0.1309843625390745,0.0,0.3923324864524974,0.8066666666666666,0.860655737704918,0.8336612021857923,1.0,0.8,0.1854378000134602
tdc_pgp_broccatelli,classification,3,2,stratified_scaffold_group,stratified_scaffold_group,8,rf_120_d20_leaf2,bagging,0.9292248919272142,0.9292248919272142,0.9664518362739952,0.1291579184585903,1.0,0.4301133183723508,0.812807881773399,0.8571428571428572,0.8349753694581281,1.0,0.8,0.2487543000024743
tdc_pgp_broccatelli,classification,3,3,stratified_scaffold_group,stratified_scaffold_group,8,rf_120_d20_leaf2,bagging,0.8914685314685313,0.8914685314685313,0.9067057193997734,0.1470484227231202,0.0,0.4334950661925131,0.8391608391608392,0.7733333333333333,0.8062470862470863,1.0,0.8,0.1935558000113815
tdc_pgp_broccatelli,classification,3,1,stratified_scaffold_group,stratified_scaffold_group,9,et_60_sqrt,bagging,0.9106010928961747,0.9106010928961747,0.91365784900633,0.1217289624183006,0.0,0.4333333333333333,0.8,0.8360655737704918,0.8180327868852459,1.0,0.8,0.0627021999680437
tdc_pgp_broccatelli,classification,3,2,stratified_scaffold_group,stratified_scaffold_group,9,et_60_sqrt,bagging,0.9235447873730772,0.9235447873730772,0.9611373704241356,0.1238713547434477,1.0,0.4666666666666667,0.8029556650246306,0.9081632653061223,0.8555594651653765,1.0,0.8,0.0622858999995514
tdc_pgp_broccatelli,classification,3,3,stratified_scaffold_group,stratified_scaffold_group,9,et_60_sqrt,bagging,0.9045454545454544,0.9045454545454544,0.9226664078353688,0.1262296169890026,0.0,0.45,0.8181818181818181,0.8133333333333334,0.8157575757575757,1.0,0.8,0.0623293999815359
tdc_pgp_broccatelli,classification,3,1,stratified_scaffold_group,stratified_scaffold_group,10,et_90_d12,bagging,0.9091803278688524,0.9091803278688524,0.9192950539496164,0.1236587035675114,0.0,0.4069444423726979,0.84,0.8278688524590164,0.8339344262295082,1.0,0.8,0.0923706999747082
tdc_pgp_broccatelli,classification,3,2,stratified_scaffold_group,stratified_scaffold_group,10,et_90_d12,bagging,0.9228913240172916,0.9228913240172916,0.9624671537036004,0.1333140039577827,1.0,0.401973701395395,0.8177339901477833,0.8571428571428572,0.8374384236453203,1.0,0.8,0.0897227000095881
tdc_pgp_broccatelli,classification,3,3,stratified_scaffold_group,stratified_scaffold_group,10,et_90_d12,bagging,0.8990209790209789,0.8990209790209789,0.9210551482688696,0.1334625416608147,0.0,0.4258107715167698,0.8041958041958042,0.8133333333333334,0.8087645687645688,1.0,0.8,0.0914409999968484
tdc_pgp_broccatelli,classification,3,1,stratified_scaffold_group,stratified_scaffold_group,11,et_90_leaf2,bagging,0.9066666666666666,0.9066666666666666,0.92098984660844,0.1249988443070681,0.0,0.3781383632262933,0.8200000000000001,0.8524590163934426,0.8362295081967213,1.0,0.8,0.0913745000143535
tdc_pgp_broccatelli,classification,3,2,stratified_scaffold_group,stratified_scaffold_group,11,et_90_leaf2,bagging,0.9275661003317582,0.9275661003317582,0.9662968076974467,0.1279326081358281,1.0,0.4274498814018862,0.8029556650246306,0.8571428571428572,0.8300492610837439,1.0,0.8,0.0889276000089012
tdc_pgp_broccatelli,classification,3,3,stratified_scaffold_group,stratified_scaffold_group,11,et_90_leaf2,bagging,0.9034965034965036,0.9034965034965036,0.9224330448065798,0.1355079351507902,0.0,0.4091225782849272,0.8321678321678322,0.8,0.8160839160839162,1.0,0.8,0.091886100010015
tdc_pgp_broccatelli,classification,3,1,stratified_scaffold_group,stratified_scaffold_group,12,et_120_d20_leaf2,bagging,0.906448087431694,0.906448087431694,0.9200960865260976,0.1232357381056034,0.0,0.3791236275715355,0.8266666666666667,0.8524590163934426,0.8395628415300547,1.0,0.8,0.1170590999536216
tdc_pgp_broccatelli,classification,3,2,stratified_scaffold_group,stratified_scaffold_group,12,et_120_d20_leaf2,bagging,0.9277671659796922,0.9277671659796922,0.9660986915721604,0.1295204800062534,1.0,0.4143709830432575,0.8177339901477833,0.846938775510204,0.8323363828289936,1.0,0.8,0.1120604000170715
tdc_pgp_broccatelli,classification,3,3,stratified_scaffold_group,stratified_scaffold_group,12,et_120_d20_leaf2,bagging,0.8989743589743591,0.8989743589743591,0.9180947003689862,0.1374711752655477,0.0,0.3933203149451774,0.8041958041958042,0.8,0.8020979020979021,1.0,0.8,0.1074153999797999
tdc_pgp_broccatelli,classification,3,1,stratified_scaffold_group,stratified_scaffold_group,13,histgb_lr0.05,boosting,0.9057377049180328,0.9057377049180328,0.920317566628208,0.1124365549341356,0.0,0.4181661432308445,0.8266666666666667,0.8688524590163934,0.84775956284153,1.0,0.8,0.8793479000451043
tdc_pgp_broccatelli,classification,3,2,stratified_scaffold_group,stratified_scaffold_group,13,histgb_lr0.05,boosting,0.914496833216045,0.914496833216045,0.960021399772628,0.1306051468657717,1.0,0.3694164758507356,0.8226600985221675,0.7857142857142857,0.8041871921182266,1.0,0.8,0.9000412999885157
tdc_pgp_broccatelli,classification,3,3,stratified_scaffold_group,stratified_scaffold_group,13,histgb_lr0.05,boosting,0.8827972027972029,0.8827972027972029,0.9034676963840595,0.1383023017720903,0.0,0.4182209006622093,0.8041958041958042,0.8,0.8020979020979021,1.0,0.8,0.8732885000063106
tdc_pgp_broccatelli,classification,3,1,stratified_scaffold_group,stratified_scaffold_group,14,histgb_lr0.1,boosting,0.9066666666666666,0.9066666666666666,0.9218559434245788,0.1108345649923922,0.0,0.4190871908411699,0.8466666666666667,0.8770491803278688,0.8618579234972678,1.0,0.8,0.7137378999614157
tdc_pgp_broccatelli,classification,3,2,stratified_scaffold_group,stratified_scaffold_group,14,histgb_lr0.1,boosting,0.9077108675982708,0.9077108675982708,0.9574433012362552,0.1388287175132387,1.0,0.3647451221915392,0.812807881773399,0.7755102040816326,0.7941590429275158,1.0,0.8,0.7343737999908626
tdc_pgp_broccatelli,classification,3,3,stratified_scaffold_group,stratified_scaffold_group,14,histgb_lr0.1,boosting,0.8858275058275058,0.8858275058275058,0.9082212763592452,0.1391768219581173,0.0,0.3462717932842398,0.8111888111888113,0.8066666666666666,0.808927738927739,1.0,0.8,0.7055530999787152
tdc_pgp_broccatelli,classification,3,1,stratified_scaffold_group,stratified_scaffold_group,15,gb_lr0.05_d2,boosting,0.8583060109289617,0.8583060109289617,0.8570250641837007,0.1560821013787833,0.0,0.5063864227527515,0.8200000000000001,0.7377049180327869,0.7788524590163934,1.0,0.8,0.247965800052043
tdc_pgp_broccatelli,classification,3,2,stratified_scaffold_group,stratified_scaffold_group,15,gb_lr0.05_d2,boosting,0.904292751583392,0.904292751583392,0.9537588586760964,0.1413290128478884,1.0,0.430506019877276,0.8029556650246306,0.8163265306122449,0.8096410978184377,1.0,0.8,0.2439919000025838
tdc_pgp_broccatelli,classification,3,3,stratified_scaffold_group,stratified_scaffold_group,15,gb_lr0.05_d2,boosting,0.8781118881118881,0.8781118881118881,0.8891110025127871,0.1501266519806445,0.0,0.4999437204464413,0.8181818181818181,0.84,0.8290909090909091,1.0,0.8,0.2381419999874197
tdc_pgp_broccatelli,classification,3,1,stratified_scaffold_group,stratified_scaffold_group,16,gb_lr0.1_d3,boosting,0.8874316939890711,0.8874316939890711,0.8906860607032847,0.1356098829944412,0.0,0.5144978826665045,0.8133333333333334,0.8114754098360656,0.8124043715846995,1.0,0.8,0.3652537999441847
tdc_pgp_broccatelli,classification,3,2,stratified_scaffold_group,stratified_scaffold_group,16,gb_lr0.1_d3,boosting,0.8959987936061123,0.8959987936061123,0.9486322447616417,0.1329705495699434,1.0,0.4906704719888576,0.8029556650246306,0.8367346938775511,0.8198451794510908,1.0,0.8,0.3536323999869637
tdc_pgp_broccatelli,classification,3,3,stratified_scaffold_group,stratified_scaffold_group,16,gb_lr0.1_d3,boosting,0.8842424242424243,0.8842424242424243,0.8967790226619932,0.1362368735486603,0.0,0.5141865525963815,0.8041958041958042,0.8266666666666667,0.8154312354312354,1.0,0.8,0.3530485999654047
tdc_pgp_broccatelli,classification,3,1,stratified_scaffold_group,stratified_scaffold_group,17,lgbm_60_l15,boosting,0.8979781420765027,0.8979781420765027,0.9032012812462036,0.1208802159542766,0.0,0.4097432701598564,0.8200000000000001,0.8524590163934426,0.8362295081967213,1.0,0.8,0.0326307999785058
tdc_pgp_broccatelli,classification,3,2,stratified_scaffold_group,stratified_scaffold_group,17,lgbm_60_l15,boosting,0.9032371569317382,0.9032371569317382,0.9540102737745724,0.136584192809912,1.0,0.417700015293711,0.8078817733990148,0.7857142857142857,0.7967980295566502,1.0,0.8,0.0311797000467777
tdc_pgp_broccatelli,classification,3,3,stratified_scaffold_group,stratified_scaffold_group,17,lgbm_60_l15,boosting,0.8816783216783217,0.8816783216783217,0.8988722345550362,0.1414701076515274,0.0,0.4379251500177167,0.8041958041958042,0.78,0.7920979020979021,1.0,0.8,0.0291212999727576
tdc_pgp_broccatelli,classification,3,1,stratified_scaffold_group,stratified_scaffold_group,18,lgbm_90_l31,boosting,0.905792349726776,0.905792349726776,0.9172762281248572,0.1137506448010502,0.0,0.4388035004968397,0.8333333333333334,0.860655737704918,0.8469945355191257,1.0,0.8,0.049191600002814
tdc_pgp_broccatelli,classification,3,2,stratified_scaffold_group,stratified_scaffold_group,18,lgbm_90_l31,boosting,0.90841459736604,0.90841459736604,0.9569726102100412,0.1344938112428272,1.0,0.4055096463971959,0.8325123152709359,0.7857142857142857,0.8091133004926108,1.0,0.8,0.048408200033009
tdc_pgp_broccatelli,classification,3,3,stratified_scaffold_group,stratified_scaffold_group,18,lgbm_90_l31,boosting,0.8792074592074592,0.8792074592074592,0.8986319109642376,0.1413865181344432,0.0,0.3991915612534972,0.8041958041958042,0.7733333333333333,0.7887645687645688,1.0,0.8,0.0440004999982193
tdc_pgp_broccatelli,classification,3,1,stratified_scaffold_group,stratified_scaffold_group,19,lgbm_60_l63,boosting,0.9020218579234972,0.9020218579234972,0.9185289530069686,0.1130251925592782,0.0,0.3474602239597492,0.8,0.8934426229508197,0.8467213114754099,1.0,0.8,0.0375976000213995
tdc_pgp_broccatelli,classification,3,2,stratified_scaffold_group,stratified_scaffold_group,19,lgbm_60_l63,boosting,0.904493817231326,0.904493817231326,0.9556053115706132,0.1377472964092889,1.0,0.4065241831543443,0.8078817733990148,0.8163265306122449,0.8121041520056298,1.0,0.8,0.0375625999877229
tdc_pgp_broccatelli,classification,3,3,stratified_scaffold_group,stratified_scaffold_group,19,lgbm_60_l63,boosting,0.8752913752913754,0.8752913752913754,0.8985089750834158,0.1422532832632629,0.0,0.4185115032832869,0.8181818181818181,0.7666666666666667,0.7924242424242425,1.0,0.8,0.0398024999885819
tdc_pgp_broccatelli,classification,3,1,stratified_scaffold_group,stratified_scaffold_group,20,lgbm_100_leaf10,boosting,0.9051366120218578,0.9051366120218578,0.9193742945995478,0.1162481839521638,0.0,0.3894265978744043,0.8066666666666666,0.860655737704918,0.8336612021857923,1.0,0.8,0.0792204000172205
tdc_pgp_broccatelli,classification,3,2,stratified_scaffold_group,stratified_scaffold_group,20,lgbm_100_leaf10,boosting,0.9077611340102544,0.9077611340102544,0.9572200089463948,0.1489685959149304,1.0,0.3656527020410548,0.8029556650246306,0.7959183673469388,0.7994370161857847,1.0,0.8,0.075068799953442
tdc_pgp_broccatelli,classification,3,3,stratified_scaffold_group,stratified_scaffold_group,20,lgbm_100_leaf10,boosting,0.8903962703962705,0.8903962703962705,0.9089501277001651,0.1380707170616441,0.0,0.3140354534072752,0.8041958041958042,0.82,0.812097902097902,1.0,0.8,0.0725061999983154
tdc_pgp_broccatelli,classification,3,1,stratified_scaffold_group,stratified_scaffold_group,21,lgbm_100_leaf30,boosting,0.8988524590163934,0.8988524590163934,0.9103873240067912,0.1183645335404719,0.0,0.4033320708992184,0.8133333333333334,0.860655737704918,0.8369945355191257,1.0,0.8,0.0480995999532751
tdc_pgp_broccatelli,classification,3,2,stratified_scaffold_group,stratified_scaffold_group,21,lgbm_100_leaf30,boosting,0.9157032271036494,0.9157032271036494,0.9609128664145256,0.1282463803499145,1.0,0.4545656238746848,0.8029556650246306,0.846938775510204,0.8249472202674173,1.0,0.8,0.0388968000188469
tdc_pgp_broccatelli,classification,3,3,stratified_scaffold_group,stratified_scaffold_group,21,lgbm_100_leaf30,boosting,0.88,0.88,0.8946354392018498,0.142305803181902,0.0,0.457476279235613,0.8111888111888113,0.7666666666666667,0.7889277389277389,1.0,0.8,0.0385512000066228
tdc_pgp_broccatelli,classification,3,1,stratified_scaffold_group,stratified_scaffold_group,22,lgbm_80_ff0.7,boosting,0.9079234972677596,0.9079234972677596,0.9241797257448614,0.1108492954661216,0.0,0.3815041836241465,0.8,0.8524590163934426,0.8262295081967213,1.0,0.8,0.0436215999652631
tdc_pgp_broccatelli,classification,3,2,stratified_scaffold_group,stratified_scaffold_group,22,lgbm_80_ff0.7,boosting,0.9111289836131496,0.9111289836131496,0.9593171829521718,0.133884224268209,1.0,0.4112714973699474,0.8078817733990148,0.8061224489795918,0.8070021111893033,1.0,0.8,0.0413203000207431
tdc_pgp_broccatelli,classification,3,3,stratified_scaffold_group,stratified_scaffold_group,22,lgbm_80_ff0.7,boosting,0.8760372960372961,0.8760372960372961,0.897664873683363,0.1419844026362658,0.0,0.4603023502696743,0.8461538461538461,0.76,0.803076923076923,1.0,0.8,0.0460954000009223
tdc_pgp_broccatelli,classification,3,1,stratified_scaffold_group,stratified_scaffold_group,23,lgbm_80_bag0.8,boosting,0.9060655737704918,0.9060655737704918,0.9168660159769272,0.1131435460587441,0.0,0.4141059825733099,0.8200000000000001,0.860655737704918,0.840327868852459,1.0,0.8,0.0430336000281386
tdc_pgp_broccatelli,classification,3,2,stratified_scaffold_group,stratified_scaffold_group,23,lgbm_80_bag0.8,boosting,0.9152005629838142,0.9152005629838142,0.9604283791161146,0.1310119675066223,1.0,0.4063058122046647,0.8275862068965517,0.846938775510204,0.8372624912033779,1.0,0.8,0.0396380000165663
tdc_pgp_broccatelli,classification,3,3,stratified_scaffold_group,stratified_scaffold_group,23,lgbm_80_bag0.8,boosting,0.8883916083916085,0.8883916083916085,0.9068910787921372,0.1358561668480074,0.0,0.4085037786413639,0.8041958041958042,0.7933333333333333,0.7987645687645688,1.0,0.8,0.0399129000143148
tdc_pgp_broccatelli,classification,3,1,stratified_scaffold_group,stratified_scaffold_group,24,lgbm_120_l15,boosting,0.9085792349726776,0.9085792349726776,0.9207810742750678,0.1097663277216667,0.0,0.349468820579685,0.8,0.860655737704918,0.830327868852459,1.0,0.8,0.049081599980127
tdc_pgp_broccatelli,classification,3,2,stratified_scaffold_group,stratified_scaffold_group,24,lgbm_120_l15,boosting,0.9083140645420728,0.9083140645420728,0.9570794718856463,0.132585768601585,1.0,0.4355300984291141,0.8029556650246306,0.8061224489795918,0.8045390570021111,1.0,0.8,0.0464199999696575
tdc_pgp_broccatelli,classification,3,3,stratified_scaffold_group,stratified_scaffold_group,24,lgbm_120_l15,boosting,0.886013986013986,0.886013986013986,0.9050520992258102,0.1356669009238756,0.0,0.410085964446831,0.8111888111888113,0.7933333333333333,0.8022610722610723,1.0,0.8,0.0476647999603301
tdc_pgp_broccatelli,classification,3,1,stratified_scaffold_group,stratified_scaffold_group,25,xgb_60_d3,boosting,0.8821857923497267,0.8821857923497267,0.8896543000472745,0.1352771424060654,0.0,0.4925441443920135,0.8266666666666667,0.8032786885245902,0.8149726775956284,1.0,0.8,0.0482902000076137
tdc_pgp_broccatelli,classification,3,2,stratified_scaffold_group,stratified_scaffold_group,25,xgb_60_d3,boosting,0.9143460339800944,0.9143460339800944,0.9609092288959694,0.1271680495577184,1.0,0.4643069803714752,0.8078817733990148,0.8571428571428572,0.8325123152709359,1.0,0.8,0.0468882000423036
tdc_pgp_broccatelli,classification,3,3,stratified_scaffold_group,stratified_scaffold_group,25,xgb_60_d3,boosting,0.8782750582750583,0.8782750582750583,0.8948735971853267,0.1435664735768614,0.0,0.5015263557434082,0.8041958041958042,0.78,0.7920979020979021,1.0,0.8,0.0479573999764397
tdc_pgp_broccatelli,classification,3,1,stratified_scaffold_group,stratified_scaffold_group,26,xgb_80_d5,boosting,0.8955191256830601,0.8955191256830601,0.9096519204983756,0.1225960943907447,0.0,0.43721604347229,0.8,0.8360655737704918,0.8180327868852459,1.0,0.8,0.07897299999604
tdc_pgp_broccatelli,classification,3,2,stratified_scaffold_group,stratified_scaffold_group,26,xgb_80_d5,boosting,0.911732180556952,0.911732180556952,0.9589732817381308,0.1279456364270311,1.0,0.4903231859207153,0.8029556650246306,0.8775510204081632,0.840253342716397,1.0,0.8,0.0700978999957442
tdc_pgp_broccatelli,classification,3,3,stratified_scaffold_group,stratified_scaffold_group,26,xgb_80_d5,boosting,0.8898834498834499,0.8898834498834499,0.9083623754250204,0.1341717213599076,0.0,0.4251377880573272,0.8111888111888113,0.8066666666666666,0.808927738927739,1.0,0.8,0.0669740000157617
tdc_pgp_broccatelli,classification,3,1,stratified_scaffold_group,stratified_scaffold_group,27,xgb_100_d3,boosting,0.8838251366120218,0.8838251366120218,0.8897502395672356,0.1350921919949639,0.0,0.4805725812911987,0.8200000000000001,0.8114754098360656,0.8157377049180328,1.0,0.8,0.0776081999647431
tdc_pgp_broccatelli,classification,3,2,stratified_scaffold_group,stratified_scaffold_group,27,xgb_100_d3,boosting,0.9148989645119132,0.9148989645119132,0.9592955165289344,0.1247926420924559,1.0,0.4633229374885559,0.8078817733990148,0.826530612244898,0.8172061928219564,1.0,0.8,0.0668199000065215
tdc_pgp_broccatelli,classification,3,3,stratified_scaffold_group,stratified_scaffold_group,27,xgb_100_d3,boosting,0.8845687645687648,0.8845687645687648,0.8967160518563596,0.1408453794184726,0.0,0.4141051471233368,0.8111888111888113,0.8266666666666667,0.818927738927739,1.0,0.8,0.0745534999878145
tdc_pgp_broccatelli,classification,3,1,stratified_scaffold_group,stratified_scaffold_group,28,xgb_60_d6,boosting,0.9058469945355192,0.9058469945355192,0.914808514945686,0.1175969471158184,0.0,0.4595315158367157,0.8333333333333334,0.8442622950819673,0.8387978142076503,1.0,0.8,0.058546699990984
tdc_pgp_broccatelli,classification,3,2,stratified_scaffold_group,stratified_scaffold_group,28,xgb_60_d6,boosting,0.9159545591635668,0.9159545591635668,0.9616994989982492,0.1241456841096578,1.0,0.4698766469955444,0.8029556650246306,0.846938775510204,0.8249472202674173,1.0,0.8,0.0598147999844513
tdc_pgp_broccatelli,classification,3,3,stratified_scaffold_group,stratified_scaffold_group,28,xgb_60_d6,boosting,0.8911888111888111,0.8911888111888111,0.9079041421348908,0.1334735281195543,0.0,0.4517621099948883,0.8321678321678322,0.78,0.8060839160839162,1.0,0.8,0.057973499991931
tdc_pgp_broccatelli,classification,3,1,stratified_scaffold_group,stratified_scaffold_group,29,cat_60_d4,boosting,0.8804918032786885,0.8804918032786885,0.8892288660073356,0.1412527129909108,0.0,0.481672796341701,0.8133333333333334,0.8032786885245902,0.8083060109289617,1.0,0.8,0.2206334000220522
tdc_pgp_broccatelli,classification,3,2,stratified_scaffold_group,stratified_scaffold_group,29,cat_60_d4,boosting,0.9274153010958076,0.9274153010958076,0.9665725892582056,0.1227616591482837,1.0,0.5052298829401959,0.8078817733990148,0.8673469387755102,0.8376143560872624,1.0,0.8,0.1754883999819867
tdc_pgp_broccatelli,classification,3,3,stratified_scaffold_group,stratified_scaffold_group,29,cat_60_d4,boosting,0.8821445221445221,0.8821445221445221,0.8940582256495331,0.142964983827085,0.0,0.4870334078450061,0.8041958041958042,0.8333333333333334,0.8187645687645688,1.0,0.8,0.1765729999751784
tdc_pgp_broccatelli,classification,3,1,stratified_scaffold_group,stratified_scaffold_group,30,cat_80_d6,boosting,0.8933333333333334,0.8933333333333334,0.903855937125778,0.1313852481673602,0.0,0.4476450730609062,0.8133333333333334,0.8524590163934426,0.832896174863388,1.0,0.8,0.5245156000019051
tdc_pgp_broccatelli,classification,3,2,stratified_scaffold_group,stratified_scaffold_group,30,cat_80_d6,boosting,0.9203277370061324,0.9203277370061324,0.9630322084820832,0.1252316428138778,1.0,0.458080605945587,0.8522167487684729,0.8673469387755102,0.8597818437719915,1.0,0.8,0.4437142999959178
tdc_pgp_broccatelli,classification,3,3,stratified_scaffold_group,stratified_scaffold_group,30,cat_80_d6,boosting,0.8964102564102564,0.8964102564102564,0.9119142985784796,0.130631110648681,0.0,0.4630180889597888,0.8181818181818181,0.84,0.8290909090909091,1.0,0.8,0.450949199963361
tdc_pgp_broccatelli,classification,3,1,stratified_scaffold_group,stratified_scaffold_group,31,cat_100_d4,boosting,0.8853551912568306,0.8853551912568306,0.8993306961832535,0.1356579349627184,0.0,0.4529176133776925,0.8,0.8032786885245902,0.8016393442622951,1.0,0.8,0.2777996000368148
tdc_pgp_broccatelli,classification,3,2,stratified_scaffold_group,stratified_scaffold_group,31,cat_100_d4,boosting,0.9222881270734896,0.9222881270734896,0.9649241342129644,0.1218524082053844,1.0,0.4842161019608095,0.8177339901477833,0.846938775510204,0.8323363828289936,1.0,0.8,0.2550472999573685
tdc_pgp_broccatelli,classification,3,3,stratified_scaffold_group,stratified_scaffold_group,31,cat_100_d4,boosting,0.8803729603729603,0.8803729603729603,0.8939068289951121,0.1454576187009714,0.0,0.4699144880774357,0.8041958041958042,0.7933333333333333,0.7987645687645688,1.0,0.8,0.2947378999670036
tdc_pgp_broccatelli,classification,3,1,stratified_scaffold_group,stratified_scaffold_group,32,cat_60_d8,boosting,0.8999453551912568,0.8999453551912568,0.9130230427826664,0.1220996147681619,0.0,0.4157418729546544,0.8200000000000001,0.8524590163934426,0.8362295081967213,1.0,0.8,1.2457910999655724
tdc_pgp_broccatelli,classification,3,2,stratified_scaffold_group,stratified_scaffold_group,32,cat_60_d8,boosting,0.9201266713581984,0.9201266713581984,0.9630915966968394,0.1281238037448935,1.0,0.4575441665580312,0.812807881773399,0.8673469387755102,0.8400774102744546,1.0,0.8,0.8855459000333212
tdc_pgp_broccatelli,classification,3,3,stratified_scaffold_group,stratified_scaffold_group,32,cat_60_d8,boosting,0.8977156177156177,0.8977156177156177,0.9091560126671888,0.1325432636239238,0.0,0.3907276534627508,0.8041958041958042,0.8266666666666667,0.8154312354312354,1.0,0.8,0.9104123000288382
