dataset,seed,outer_fold,pool_size,control,selected_candidate,available_opportunity,same_fold_gap,crossfit_gap,effective_rank,unique_candidates
bace,11,1,4,registered,logreg_l2_c0.1,0.0,0.0,0.0,1.064089941413091,4
bace,11,2,4,registered,logreg_l2_c0.1,0.0,0.0,0.0,1.064089941413091,4
bace,11,3,4,registered,logreg_l2_c0.1,0.0,0.0,0.0,1.064089941413091,4
bace,11,1,8,registered,rf_90_d12,0.016320850202429238,0.0023869770580298155,-0.005094466936572117,1.1773932921492731,8
bace,11,2,8,registered,rf_90_d12,0.0051281382118063545,0.0,-0.0035753431807504787,1.1773932921492731,8
bace,11,3,8,registered,rf_90_d12,0.016336818521284435,0.011053024645257703,0.008625840179238287,1.1773932921492731,8
bace,11,1,16,registered,et_90_leaf2,0.016320850202429238,0.0060138326585694735,-0.001939946018893468,1.1713455735312785,16
bace,11,2,16,registered,et_90_leaf2,0.0051281382118063545,0.0011743827965968734,0.0008351166553578482,1.1713455735312785,16
bace,11,3,16,registered,rf_90_d12,0.028379387602688544,0.02309559372666181,0.020519044062733527,1.1713455735312785,16
bace,11,1,32,registered,et_90_leaf2,0.016320850202429238,0.0060138326585694735,-0.001939946018893468,1.148535782464749,32
bace,11,2,32,registered,et_90_leaf2,0.0051281382118063545,0.0011743827965968734,0.0008351166553578482,1.148535782464749,32
bace,11,3,32,registered,rf_90_d12,0.030209111277072376,0.024925317401045644,0.020519044062733527,1.148535782464749,32
bace,11,1,4,weak_added,logreg_l2_c0.1,0.0,0.0,0.0,1.064089941413091,4
bace,11,2,4,weak_added,logreg_l2_c0.1,0.0,0.0,0.0,1.064089941413091,4
bace,11,3,4,weak_added,logreg_l2_c0.1,0.0,0.0,0.0,1.064089941413091,4
bace,11,1,8,weak_added,logreg_l2_c0.1,0.0,0.0,0.0,1.1568574910997036,8
bace,11,2,8,weak_added,logreg_l2_c0.1,0.0,0.0,0.0,1.1568574910997036,8
bace,11,3,8,weak_added,xgb_100_d3,0.0,0.004378267363704169,0.004378267363704169,1.1568574910997036,8
bace,11,1,16,weak_added,xgb_60_d6,0.014431511470985203,0.0,0.0,1.1613738925872286,16
bace,11,2,16,weak_added,histgb_lr0.1,0.0021399864293542015,0.0016310872174957192,0.0016310872174957192,1.1613738925872286,16
bace,11,3,16,weak_added,xgb_100_d3,0.02058439133681844,0.02496265870052261,0.019520164301717657,1.1613738925872286,16
bace,11,1,32,weak_added,et_90_leaf2,0.016320850202429238,0.0060138326585694735,-0.001939946018893468,1.1485357824647489,32
bace,11,2,32,weak_added,et_90_leaf2,0.0051281382118063545,0.0011743827965968734,0.0008351166553578482,1.1485357824647489,32
bace,11,3,32,weak_added,rf_90_d12,0.030209111277072376,0.024925317401045644,0.020519044062733527,1.1485357824647489,32
bace,11,1,4,complementary_strong_added,logreg_l2_c0.1,0.0,0.0,0.0,1.064089941413091,4
bace,11,2,4,complementary_strong_added,logreg_l2_c0.1,0.0,0.0,0.0,1.064089941413091,4
bace,11,3,4,complementary_strong_added,logreg_l2_c0.1,0.0,0.0,0.0,1.064089941413091,4
bace,11,1,8,complementary_strong_added,rf_60_sqrt,0.016320850202429238,0.0,-0.01355431848852906,1.1872031048039808,8
bace,11,2,8,complementary_strong_added,rf_60_sqrt,0.0022443760112740296,0.0,-0.00028707135027927766,1.1872031048039808,8
bace,11,3,8,complementary_strong_added,rf_60_sqrt,0.027875280059746044,0.018231889469753404,0.0066934279312917955,1.1872031048039808,8
bace,11,1,16,complementary_strong_added,et_90_leaf2,0.016320850202429238,0.0060138326585694735,-0.001939946018893468,1.1649958119414172,16
bace,11,2,16,complementary_strong_added,et_90_leaf2,0.0051281382118063545,0.0011743827965968734,0.0008351166553578482,1.1649958119414172,16
bace,11,3,16,complementary_strong_added,rf_90_d12,0.028379387602688544,0.02309559372666181,0.020519044062733527,1.1649958119414172,16
bace,11,1,32,complementary_strong_added,et_90_leaf2,0.016320850202429238,0.0060138326585694735,-0.001939946018893468,1.148535782464749,32
bace,11,2,32,complementary_strong_added,et_90_leaf2,0.0051281382118063545,0.0011743827965968734,0.0008351166553578482,1.148535782464749,32
bace,11,3,32,complementary_strong_added,rf_90_d12,0.030209111277072376,0.024925317401045644,0.020519044062733527,1.148535782464749,32
bace,11,1,4,exact_duplicate,base_1,0.0,0.0,0.0,1.0640899414130909,4
bace,11,2,4,exact_duplicate,base_1,0.0,0.0,0.0,1.0640899414130909,4
bace,11,3,4,exact_duplicate,base_1,0.0,0.0,0.0,1.0640899414130909,4
bace,11,1,8,exact_duplicate,base_1,0.0,0.0,0.0,1.0640899414130913,4
bace,11,2,8,exact_duplicate,base_1,0.0,0.0,0.0,1.0640899414130913,4
bace,11,3,8,exact_duplicate,base_1,0.0,0.0,0.0,1.0640899414130913,4
bace,11,1,16,exact_duplicate,base_1,0.0,0.0,0.0,1.0640899414130913,4
bace,11,2,16,exact_duplicate,base_1,0.0,0.0,0.0,1.0640899414130913,4
bace,11,3,16,exact_duplicate,base_1,0.0,0.0,0.0,1.0640899414130913,4
bace,11,1,32,exact_duplicate,base_1,0.0,0.0,0.0,1.0640899414130915,4
bace,11,2,32,exact_duplicate,base_1,0.0,0.0,0.0,1.0640899414130915,4
bace,11,3,32,exact_duplicate,base_1,0.0,0.0,0.0,1.0640899414130915,4
bace,11,1,4,near_duplicate_95pct_anchor,base_1,0.0,0.0,0.0,1.0640899414130909,4
bace,11,2,4,near_duplicate_95pct_anchor,base_1,0.0,0.0,0.0,1.0640899414130909,4
bace,11,3,4,near_duplicate_95pct_anchor,base_1,0.0,0.0,0.0,1.0640899414130909,4
bace,11,1,8,near_duplicate_95pct_anchor,near_duplicate_95pct_anchor_1,0.0008160425101213509,0.0,0.0,1.062167342964311,4
bace,11,2,8,near_duplicate_95pct_anchor,near_duplicate_95pct_anchor_1,0.00011221880056366818,0.0,0.0,1.062167342964311,4
bace,11,3,8,near_duplicate_95pct_anchor,near_duplicate_95pct_anchor_1,0.00048216952949953207,0.0,0.0,1.062167342964311,4
bace,11,1,16,near_duplicate_95pct_anchor,near_duplicate_95pct_anchor_5,0.0008160425101213509,0.0006136133603238392,0.0006136133603238392,1.0612812902718638,4
bace,11,2,16,near_duplicate_95pct_anchor,near_duplicate_95pct_anchor_1,0.00011221880056366818,0.0,0.0,1.0612812902718638,4
bace,11,3,16,near_duplicate_95pct_anchor,near_duplicate_95pct_anchor_1,0.0007710978342045927,0.0002889283047050606,0.0,1.0612812902718638,4
bace,11,1,32,near_duplicate_95pct_anchor,near_duplicate_95pct_anchor_5,0.0008160425101213509,0.0006136133603238392,0.0006136133603238392,1.06022124409576,4
bace,11,2,32,near_duplicate_95pct_anchor,near_duplicate_95pct_anchor_1,0.00011221880056366818,0.0,0.0,1.06022124409576,4
bace,11,3,32,near_duplicate_95pct_anchor,near_duplicate_95pct_anchor_1,0.0010082150858848893,0.0005260455563853572,0.0,1.06022124409576,4
bace,23,1,4,registered,logreg_l2_c0.1,0.0,0.0,0.0,1.066455418155697,4
bace,23,2,4,registered,logreg_l2_c0.1,0.0,0.0,0.0,1.066455418155697,4
bace,23,3,4,registered,logreg_l2_c0.1,0.0,0.0,0.0,1.066455418155697,4
bace,23,1,8,registered,rf_90_leaf2,0.02044866264020706,0.010727638769053693,0.002157031924072461,1.2006290364646175,8
bace,23,2,8,registered,rf_120_d20_leaf2,0.03167429161747337,0.009697215663124648,0.0,1.2006290364646175,8
bace,23,3,8,registered,rf_90_leaf2,0.014129224853268618,0.0016064561829588486,-0.0008095527221210208,1.2006290364646175,8
bace,23,1,16,registered,et_120_d20_leaf2,0.02044866264020706,0.009634742594190282,0.00011504170261722457,1.203221261230993,16
bace,23,2,16,registered,rf_120_d20_leaf2,0.03167429161747337,0.009697215663124648,-0.0039231601731600785,1.203221261230993,16
bace,23,3,16,registered,rf_90_leaf2,0.014129224853268618,0.0016064561829588486,-0.0004174256223437034,1.203221261230993,16
bace,23,1,32,registered,et_120_d20_leaf2,0.02044866264020706,0.009634742594190282,0.00011504170261722457,1.1725960694819013,32
bace,23,2,32,registered,lgbm_80_bag0.8,0.03167429161747337,0.02293019480519487,0.009309818968910144,1.1725960694819013,32
bace,23,3,32,registered,rf_90_leaf2,0.017278890912770906,0.004756122242461136,-0.0004174256223437034,1.1725960694819013,32
bace,23,1,4,weak_added,logreg_l2_c0.1,0.0,0.0,0.0,1.066455418155697,4
bace,23,2,4,weak_added,logreg_l2_c0.1,0.0,0.0,0.0,1.066455418155697,4
bace,23,3,4,weak_added,logreg_l2_c0.1,0.0,0.0,0.0,1.066455418155697,4
bace,23,1,8,weak_added,xgb_100_d3,0.0,0.006169111302847141,0.006169111302847141,1.1818657471890903,8
bace,23,2,8,weak_added,logreg_l2_c0.1,0.0035972550177095775,0.0035972550177095775,0.0,1.1818657471890903,8
bace,23,3,8,weak_added,logreg_l2_c0.1,0.008822859744990974,0.008822859744990974,0.0,1.1818657471890903,8
bace,23,1,16,weak_added,lgbm_60_l15,0.009979867702041956,0.007808455565142314,0.007808455565142314,1.1859518408392378,16
bace,23,2,16,weak_added,xgb_80_d5,0.023366784730420975,0.003984651711924192,-0.003172963400236206,1.1859518408392378,16
bace,23,3,16,weak_added,histgb_lr0.1,0.017025905687108045,0.011011181946974369,0.0,1.1859518408392378,16
bace,23,1,32,weak_added,et_120_d20_leaf2,0.02044866264020706,0.009634742594190282,0.00011504170261722457,1.172596069481901,32
bace,23,2,32,weak_added,lgbm_80_bag0.8,0.03167429161747337,0.02293019480519487,0.009309818968910144,1.172596069481901,32
bace,23,3,32,weak_added,rf_90_leaf2,0.017278890912770906,0.004756122242461136,-0.0004174256223437034,1.172596069481901,32
bace,23,1,4,complementary_strong_added,logreg_l2_c0.1,0.0,0.0,0.0,1.066455418155697,4
bace,23,2,4,complementary_strong_added,logreg_l2_c0.1,0.0,0.0,0.0,1.066455418155697,4
bace,23,3,4,complementary_strong_added,logreg_l2_c0.1,0.0,0.0,0.0,1.066455418155697,4
bace,23,1,8,complementary_strong_added,et_90_leaf2,0.015271786022433176,0.004342824273799173,0.0,1.2104906106992248,8
bace,23,2,8,complementary_strong_added,lgbm_80_ff0.7,0.03167429161747337,0.011025432900432786,-0.0025949429358519405,1.2104906106992248,8
bace,23,3,8,complementary_strong_added,rf_90_leaf2,0.014129224853268618,0.0016064561829588486,-0.0004174256223437034,1.2104906106992248,8
bace,23,1,16,complementary_strong_added,et_120_d20_leaf2,0.02044866264020706,0.009634742594190282,0.00011504170261722457,1.1888790460958376,16
bace,23,2,16,complementary_strong_added,lgbm_80_ff0.7,0.03167429161747337,0.011025432900432786,-0.0025949429358519405,1.1888790460958376,16
bace,23,3,16,complementary_strong_added,rf_90_leaf2,0.017278890912770906,0.004756122242461136,-0.0004174256223437034,1.1888790460958376,16
bace,23,1,32,complementary_strong_added,et_120_d20_leaf2,0.02044866264020706,0.009634742594190282,0.00011504170261722457,1.1725960694819013,32
bace,23,2,32,complementary_strong_added,lgbm_80_bag0.8,0.03167429161747337,0.02293019480519487,0.009309818968910144,1.1725960694819013,32
bace,23,3,32,complementary_strong_added,rf_90_leaf2,0.017278890912770906,0.004756122242461136,-0.0004174256223437034,1.1725960694819013,32
bace,23,1,4,exact_duplicate,base_1,0.0,0.0,0.0,1.0664554181556976,4
bace,23,2,4,exact_duplicate,base_1,0.0,0.0,0.0,1.0664554181556976,4
bace,23,3,4,exact_duplicate,base_1,0.0,0.0,0.0,1.0664554181556976,4
bace,23,1,8,exact_duplicate,base_1,0.0,0.0,0.0,1.0664554181556976,4
bace,23,2,8,exact_duplicate,base_1,0.0,0.0,0.0,1.0664554181556976,4
bace,23,3,8,exact_duplicate,base_1,0.0,0.0,0.0,1.0664554181556976,4
bace,23,1,16,exact_duplicate,base_1,0.0,0.0,0.0,1.0664554181556976,4
bace,23,2,16,exact_duplicate,base_1,0.0,0.0,0.0,1.0664554181556976,4
bace,23,3,16,exact_duplicate,base_1,0.0,0.0,0.0,1.0664554181556976,4
bace,23,1,32,exact_duplicate,base_1,0.0,0.0,0.0,1.0664554181556982,4
bace,23,2,32,exact_duplicate,base_1,0.0,0.0,0.0,1.0664554181556982,4
bace,23,3,32,exact_duplicate,base_1,0.0,0.0,0.0,1.0664554181556982,4
bace,23,1,4,near_duplicate_95pct_anchor,base_1,0.0,0.0,0.0,1.0664554181556976,4
bace,23,2,4,near_duplicate_95pct_anchor,base_1,0.0,0.0,0.0,1.0664554181556976,4
bace,23,3,4,near_duplicate_95pct_anchor,base_1,0.0,0.0,0.0,1.0664554181556976,4
bace,23,1,8,near_duplicate_95pct_anchor,near_duplicate_95pct_anchor_1,0.0007635893011216366,0.0,0.0,1.0644265476473438,4
bace,23,2,8,near_duplicate_95pct_anchor,near_duplicate_95pct_anchor_1,0.0015837145808735853,0.0,0.0,1.0644265476473438,4
bace,23,3,8,near_duplicate_95pct_anchor,near_duplicate_95pct_anchor_1,0.000706461242663381,0.0,0.0,1.0644265476473438,4
bace,23,1,16,near_duplicate_95pct_anchor,near_duplicate_95pct_anchor_5,0.0007635893011216366,0.0003645383951682568,0.0003645383951682568,1.0634580986257665,4
bace,23,2,16,near_duplicate_95pct_anchor,near_duplicate_95pct_anchor_1,0.0015837145808735853,0.0,0.0,1.0634580986257665,4
bace,23,3,16,near_duplicate_95pct_anchor,near_duplicate_95pct_anchor_5,0.000706461242663381,0.00017867081562439324,0.00017867081562439324,1.0634580986257665,4
bace,23,1,32,near_duplicate_95pct_anchor,near_duplicate_95pct_anchor_17,0.0007635893011216366,0.000752085130860003,0.000752085130860003,1.0624359019964054,4
bace,23,2,32,near_duplicate_95pct_anchor,near_duplicate_95pct_anchor_1,0.0015837145808735853,0.0,0.0,1.0624359019964054,4
bace,23,3,32,near_duplicate_95pct_anchor,near_duplicate_95pct_anchor_17,0.000706461242663381,0.0001343984011333843,0.0001343984011333843,1.0624359019964054,4
bace,37,1,4,registered,logreg_l2_c0.1,0.009244791666666585,0.009244791666666585,0.0,1.0500854426763069,4
bace,37,2,4,registered,logreg_l2_c0.1,0.0,0.0,0.0,1.0500854426763069,4
bace,37,3,4,registered,logreg_l2_c0.1,0.0,0.0,0.0,1.0500854426763069,4
bace,37,1,8,registered,rf_60_sqrt,0.013628472222222188,0.0008897569444444864,0.0008897569444444864,1.1414890632721764,8
bace,37,2,8,registered,rf_90_leaf2,0.03467427361232678,0.0031983748797906886,0.0,1.1414890632721764,8
bace,37,3,8,registered,rf_120_d20_leaf2,0.006573436760260565,0.0,-0.004169853235733156,1.1414890632721764,8
bace,37,1,16,registered,et_60_sqrt,0.02402343749999991,0.01068793402777779,0.006391059027777923,1.1627436644287987,16
bace,37,2,16,registered,rf_90_leaf2,0.03467427361232678,0.0031983748797906886,0.0022367013517456957,1.1627436644287987,16
bace,37,3,16,registered,et_90_leaf2,0.006573436760260565,0.0012382096944535403,0.0,1.1627436644287987,16
bace,37,1,32,registered,et_60_sqrt,0.02402343749999991,0.01068793402777779,0.006391059027777923,1.148237177055172,32
bace,37,2,32,registered,rf_90_leaf2,0.03467427361232678,0.0031983748797906886,0.0022367013517456957,1.148237177055172,32
bace,37,3,32,registered,et_90_leaf2,0.006573436760260565,0.0012382096944535403,0.0,1.148237177055172,32
bace,37,1,4,weak_added,logreg_l2_c0.1,0.009244791666666585,0.009244791666666585,0.0,1.0500854426763069,4
bace,37,2,4,weak_added,logreg_l2_c0.1,0.0,0.0,0.0,1.0500854426763069,4
bace,37,3,4,weak_added,logreg_l2_c0.1,0.0,0.0,0.0,1.0500854426763069,4
bace,37,1,8,weak_added,logreg_l2_c0.1,0.01589626736111116,0.01589626736111116,0.0,1.138774733188009,8
bace,37,2,8,weak_added,logreg_l2_c0.1,0.01313926977643809,0.01313926977643809,0.0,1.138774733188009,8
bace,37,3,8,weak_added,cat_60_d4,0.0,0.012172693834444193,0.012172693834444193,1.138774733188009,8
bace,37,1,16,weak_added,xgb_80_d5,0.02273220486111105,0.0,-0.0050238715277777235,1.1511168571727475,16
bace,37,2,16,weak_added,histgb_lr0.1,0.024528077625422973,0.0,-0.007120706235750451,1.1511168571727475,16
bace,37,3,16,weak_added,cat_60_d8,0.0,0.011580902436359786,0.007465676098911134,1.1511168571727475,16
bace,37,1,32,weak_added,et_60_sqrt,0.02402343749999991,0.01068793402777779,0.006391059027777923,1.148237177055172,32
bace,37,2,32,weak_added,rf_90_leaf2,0.03467427361232678,0.0031983748797906886,0.0022367013517456957,1.148237177055172,32
bace,37,3,32,weak_added,et_90_leaf2,0.006573436760260565,0.0012382096944535403,0.0,1.148237177055172,32
bace,37,1,4,complementary_strong_added,logreg_l2_c0.1,0.009244791666666585,0.009244791666666585,0.0,1.0500854426763069,4
bace,37,2,4,complementary_strong_added,logreg_l2_c0.1,0.0,0.0,0.0,1.0500854426763069,4
bace,37,3,4,complementary_strong_added,logreg_l2_c0.1,0.0,0.0,0.0,1.0500854426763069,4
bace,37,1,8,complementary_strong_added,rf_60_sqrt,0.019726562500000044,0.006987847222222343,0.006987847222222343,1.1599809475890066,8
bace,37,2,8,complementary_strong_added,rf_90_leaf2,0.033712600084281785,0.0022367013517456957,0.0022367013517456957,1.1599809475890066,8
bace,37,3,8,complementary_strong_added,et_90_leaf2,0.0053352270658070244,0.0,0.0,1.1599809475890066,8
bace,37,1,16,complementary_strong_added,et_90_d12,0.02402343749999991,0.0,-0.004296874999999867,1.1503203384208203,16
bace,37,2,16,complementary_strong_added,rf_90_leaf2,0.03467427361232678,0.0031983748797906886,0.0022367013517456957,1.1503203384208203,16
bace,37,3,16,complementary_strong_added,et_90_leaf2,0.006573436760260565,0.0012382096944535403,0.0,1.1503203384208203,16
bace,37,1,32,complementary_strong_added,et_60_sqrt,0.02402343749999991,0.01068793402777779,0.006391059027777923,1.148237177055173,32
bace,37,2,32,complementary_strong_added,rf_90_leaf2,0.03467427361232678,0.0031983748797906886,0.0022367013517456957,1.148237177055173,32
bace,37,3,32,complementary_strong_added,et_90_leaf2,0.006573436760260565,0.0012382096944535403,0.0,1.148237177055173,32
bace,37,1,4,exact_duplicate,base_1,0.009244791666666585,0.009244791666666585,0.0,1.050085442676307,4
bace,37,2,4,exact_duplicate,base_1,0.0,0.0,0.0,1.050085442676307,4
bace,37,3,4,exact_duplicate,base_1,0.0,0.0,0.0,1.050085442676307,4
bace,37,1,8,exact_duplicate,base_1,0.009244791666666585,0.009244791666666585,0.0,1.0500854426763067,4
bace,37,2,8,exact_duplicate,base_1,0.0,0.0,0.0,1.0500854426763067,4
bace,37,3,8,exact_duplicate,base_1,0.0,0.0,0.0,1.0500854426763067,4
bace,37,1,16,exact_duplicate,base_1,0.009244791666666585,0.009244791666666585,0.0,1.0500854426763069,4
bace,37,2,16,exact_duplicate,base_1,0.0,0.0,0.0,1.0500854426763069,4
bace,37,3,16,exact_duplicate,base_1,0.0,0.0,0.0,1.0500854426763069,4
bace,37,1,32,exact_duplicate,base_1,0.009244791666666585,0.009244791666666585,0.0,1.0500854426763069,4
bace,37,2,32,exact_duplicate,base_1,0.0,0.0,0.0,1.0500854426763069,4
bace,37,3,32,exact_duplicate,base_1,0.0,0.0,0.0,1.0500854426763069,4
bace,37,1,4,near_duplicate_95pct_anchor,base_1,0.009244791666666585,0.009244791666666585,0.0,1.050085442676307,4
bace,37,2,4,near_duplicate_95pct_anchor,base_1,0.0,0.0,0.0,1.050085442676307,4
bace,37,3,4,near_duplicate_95pct_anchor,base_1,0.0,0.0,0.0,1.050085442676307,4
bace,37,1,8,near_duplicate_95pct_anchor,near_duplicate_95pct_anchor_1,0.009244791666666585,0.008607855902777684,0.0,1.0487704581322734,4
bace,37,2,8,near_duplicate_95pct_anchor,near_duplicate_95pct_anchor_1,0.0012045231071780016,0.0,0.0,1.0487704581322734,4
bace,37,3,8,near_duplicate_95pct_anchor,near_duplicate_95pct_anchor_1,6.873884700819843e-05,0.0,0.0,1.0487704581322734,4
bace,37,1,16,near_duplicate_95pct_anchor,near_duplicate_95pct_anchor_5,0.009983723958333135,0.009316948784722112,-2.983940972212107e-05,1.0480150103014139,4
bace,37,2,16,near_duplicate_95pct_anchor,near_duplicate_95pct_anchor_1,0.0014741158546468514,0.00026959274746884976,0.0,1.0480150103014139,4
bace,37,3,16,near_duplicate_95pct_anchor,near_duplicate_95pct_anchor_1,0.00020667176517707997,0.00013793291816888154,0.0,1.0480150103014139,4
bace,37,1,32,near_duplicate_95pct_anchor,near_duplicate_95pct_anchor_5,0.009983723958333135,0.009316948784722112,-2.983940972212107e-05,1.04716578817746,4
bace,37,2,32,near_duplicate_95pct_anchor,near_duplicate_95pct_anchor_1,0.0014741158546468514,0.00026959274746884976,0.0,1.04716578817746,4
bace,37,3,32,near_duplicate_95pct_anchor,near_duplicate_95pct_anchor_1,0.00020667176517707997,0.00013793291816888154,0.0,1.04716578817746,4
bace,53,1,4,registered,logreg_l2_c0.1,0.0,0.0,0.0,1.0667156287438806,4
bace,53,2,4,registered,logreg_l2_c0.1,0.0,0.0,0.0,1.0667156287438806,4
bace,53,3,4,registered,logreg_l2_c0.1,0.0,0.0,0.0,1.0667156287438806,4
bace,53,1,8,registered,rf_120_d20_leaf2,0.017377622377622304,0.0023601398601397205,0.0,1.1955261316610195,8
bace,53,2,8,registered,rf_90_d12,0.037693338204847326,0.0051455364754599,0.0051455364754599,1.1955261316610195,8
bace,53,3,8,registered,rf_120_d20_leaf2,0.02112570356472787,0.0067417135709819664,0.0,1.1955261316610195,8
bace,53,1,16,registered,et_90_leaf2,0.01868881118881116,0.00484265734265743,0.0,1.196667996988105,16
bace,53,2,16,registered,rf_90_d12,0.03881987577639756,0.006272074047010134,0.006272074047010134,1.196667996988105,16
bace,53,3,16,registered,et_90_d12,0.022939337085678524,0.0029018136335210443,-0.0012757973733583672,1.196667996988105,16
bace,53,1,32,registered,et_90_leaf2,0.019685314685314648,0.005839160839160917,0.0,1.1683752338479303,32
bace,53,2,32,registered,rf_90_d12,0.03881987577639756,0.006272074047010134,0.006272074047010134,1.1683752338479303,32
bace,53,3,32,registered,et_90_d12,0.02849280800500298,0.008455284552845499,-0.0012757973733583672,1.1683752338479303,32
bace,53,1,4,weak_added,logreg_l2_c0.1,0.0,0.0,0.0,1.0667156287438806,4
bace,53,2,4,weak_added,logreg_l2_c0.1,0.0,0.0,0.0,1.0667156287438806,4
bace,53,3,4,weak_added,logreg_l2_c0.1,0.0,0.0,0.0,1.0667156287438806,4
bace,53,1,8,weak_added,logreg_l2_c0.1,0.002325174825174914,0.002325174825174914,0.0,1.172736426217133,8
bace,53,2,8,weak_added,cat_100_d4,0.018323996265172893,0.0,-0.018323996265172893,1.172736426217133,8
bace,53,3,8,weak_added,logreg_l2_c0.1,0.0,0.0,0.0,1.172736426217133,8
bace,53,1,16,weak_added,cat_80_d6,0.019685314685314648,0.0,-0.008199300699300638,1.1839956758983052,16
bace,53,2,16,weak_added,lgbm_100_leaf10,0.022160313400722664,0.0006038647342995196,0.0,1.1839956758983052,16
bace,53,3,16,weak_added,lgbm_100_leaf10,0.019949968730456402,0.0,0.0,1.1839956758983052,16
bace,53,1,32,weak_added,et_90_leaf2,0.019685314685314648,0.005839160839160917,0.0,1.1683752338479303,32
bace,53,2,32,weak_added,rf_90_d12,0.03881987577639756,0.006272074047010134,0.006272074047010134,1.1683752338479303,32
bace,53,3,32,weak_added,et_90_d12,0.02849280800500298,0.008455284552845499,-0.0012757973733583672,1.1683752338479303,32
bace,53,1,4,complementary_strong_added,logreg_l2_c0.1,0.0,0.0,0.0,1.0667156287438806,4
bace,53,2,4,complementary_strong_added,logreg_l2_c0.1,0.0,0.0,0.0,1.0667156287438806,4
bace,53,3,4,complementary_strong_added,logreg_l2_c0.1,0.0,0.0,0.0,1.0667156287438806,4
bace,53,1,8,complementary_strong_added,rf_60_sqrt,0.017377622377622304,0.004449300699300718,0.004449300699300718,1.2050584213135647,8
bace,53,2,8,complementary_strong_added,lgbm_80_ff0.7,0.035196687370600444,0.006718629480777727,0.006718629480777727,1.2050584213135647,8
bace,53,3,8,complementary_strong_added,lgbm_80_ff0.7,0.02849280800500298,0.0,-0.011031894934333986,1.2050584213135647,8
bace,53,1,16,complementary_strong_added,et_90_leaf2,0.01900349650349653,0.0051573426573428005,0.0,1.189058571545103,16
bace,53,2,16,complementary_strong_added,rf_90_d12,0.03881987577639756,0.006272074047010134,0.006272074047010134,1.189058571545103,16
bace,53,3,16,complementary_strong_added,lgbm_80_ff0.7,0.02849280800500298,0.0,-0.009731081926203866,1.189058571545103,16
bace,53,1,32,complementary_strong_added,et_90_leaf2,0.019685314685314648,0.005839160839160917,0.0,1.1683752338479303,32
bace,53,2,32,complementary_strong_added,rf_90_d12,0.03881987577639756,0.006272074047010134,0.006272074047010134,1.1683752338479303,32
bace,53,3,32,complementary_strong_added,et_90_d12,0.02849280800500298,0.008455284552845499,-0.0012757973733583672,1.1683752338479303,32
bace,53,1,4,exact_duplicate,base_1,0.0,0.0,0.0,1.0667156287438806,4
bace,53,2,4,exact_duplicate,base_1,0.0,0.0,0.0,1.0667156287438806,4
bace,53,3,4,exact_duplicate,base_1,0.0,0.0,0.0,1.0667156287438806,4
bace,53,1,8,exact_duplicate,base_1,0.0,0.0,0.0,1.0667156287438804,4
bace,53,2,8,exact_duplicate,base_1,0.0,0.0,0.0,1.0667156287438804,4
bace,53,3,8,exact_duplicate,base_1,0.0,0.0,0.0,1.0667156287438804,4
bace,53,1,16,exact_duplicate,base_1,0.0,0.0,0.0,1.0667156287438804,4
bace,53,2,16,exact_duplicate,base_1,0.0,0.0,0.0,1.0667156287438804,4
bace,53,3,16,exact_duplicate,base_1,0.0,0.0,0.0,1.0667156287438804,4
bace,53,1,32,exact_duplicate,base_1,0.0,0.0,0.0,1.0667156287438808,4
bace,53,2,32,exact_duplicate,base_1,0.0,0.0,0.0,1.0667156287438808,4
bace,53,3,32,exact_duplicate,base_1,0.0,0.0,0.0,1.0667156287438808,4
bace,53,1,4,near_duplicate_95pct_anchor,base_1,0.0,0.0,0.0,1.0667156287438806,4
bace,53,2,4,near_duplicate_95pct_anchor,base_1,0.0,0.0,0.0,1.0667156287438806,4
bace,53,3,4,near_duplicate_95pct_anchor,base_1,0.0,0.0,0.0,1.0667156287438806,4
bace,53,1,8,near_duplicate_95pct_anchor,near_duplicate_95pct_anchor_1,0.0006464160839160238,0.0,0.0,1.0648116434385932,4
bace,53,2,8,near_duplicate_95pct_anchor,near_duplicate_95pct_anchor_1,0.0014693196119026641,0.0,0.0,1.0648116434385932,4
bace,53,3,8,near_duplicate_95pct_anchor,near_duplicate_95pct_anchor_1,0.0010562851782363047,0.0,0.0,1.0648116434385932,4
bace,53,1,16,near_duplicate_95pct_anchor,near_duplicate_95pct_anchor_1,0.0006464160839160238,0.0,0.0,1.063775159623375,4
bace,53,2,16,near_duplicate_95pct_anchor,near_duplicate_95pct_anchor_1,0.0014693196119026641,0.0,0.0,1.063775159623375,4
bace,53,3,16,near_duplicate_95pct_anchor,near_duplicate_95pct_anchor_5,0.0011469668542838374,0.00020387742338967563,0.000113195747342143,1.063775159623375,4
bace,53,1,32,near_duplicate_95pct_anchor,near_duplicate_95pct_anchor_1,0.0008120629370629295,0.00016564685314690575,0.0,1.0627939710005987,4
bace,53,2,32,near_duplicate_95pct_anchor,near_duplicate_95pct_anchor_1,0.0014693196119026641,0.0,0.0,1.0627939710005987,4
bace,53,3,32,near_duplicate_95pct_anchor,near_duplicate_95pct_anchor_5,0.0011469668542838374,0.00020387742338967563,0.000113195747342143,1.0627939710005987,4
bace,71,1,4,registered,logreg_l2_c1,0.0,0.02498892164229427,0.02498892164229427,1.062714111153481,4
bace,71,2,4,registered,logreg_l2_c0.1,0.0,0.0,0.0,1.062714111153481,4
bace,71,3,4,registered,logreg_l2_c0.1,0.0,0.0,0.0,1.062714111153481,4
bace,71,1,8,registered,rf_90_d12,0.02801379496368228,0.005047877771997777,0.0011174691250988023,1.1682639591732047,8
bace,71,2,8,registered,rf_90_leaf2,0.02111111111111108,0.00909090909090915,0.0074410774410774705,1.1682639591732047,8
bace,71,3,8,registered,rf_120_d20_leaf2,0.031107769423558973,0.0038997493734336253,0.0,1.1682639591732047,8
bace,71,1,16,registered,et_90_leaf2,0.02801379496368228,0.003911141937845586,-0.003814808392578528,1.1736262069038117,16
bace,71,2,16,registered,et_120_d20_leaf2,0.02111111111111108,0.0007407407407407085,0.0,1.1736262069038117,16
bace,71,3,16,registered,et_120_d20_leaf2,0.0361503759398496,0.0033884711779448295,0.0,1.1736262069038117,16
bace,71,1,32,registered,et_90_leaf2,0.02801379496368228,0.003911141937845586,-0.003814808392578528,1.1523711287051817,32
bace,71,2,32,registered,et_120_d20_leaf2,0.02111111111111108,0.0007407407407407085,0.0,1.1523711287051817,32
bace,71,3,32,registered,et_120_d20_leaf2,0.0361503759398496,0.0033884711779448295,0.0,1.1523711287051817,32
bace,71,1,4,weak_added,logreg_l2_c1,0.0,0.02498892164229427,0.02498892164229427,1.062714111153481,4
bace,71,2,4,weak_added,logreg_l2_c0.1,0.0,0.0,0.0,1.062714111153481,4
bace,71,3,4,weak_added,logreg_l2_c0.1,0.0,0.0,0.0,1.062714111153481,4
bace,71,1,8,weak_added,logreg_l2_c1,0.009488854208812736,0.034477775851107006,0.02498892164229427,1.1568360025584155,8
bace,71,2,8,weak_added,logreg_l2_c0.1,0.005482603815937126,0.005482603815937126,0.0,1.1568360025584155,8
bace,71,3,8,weak_added,logreg_l2_c0.1,0.0,0.0,0.0,1.1568360025584155,8
bace,71,1,16,weak_added,lgbm_100_leaf10,0.01763867213841208,0.009257653700171509,0.0,1.1684075059154908,16
bace,71,2,16,weak_added,logreg_l2_c0.1,0.016874298540965005,0.016874298540965005,0.014949494949494824,1.1684075059154908,16
bace,71,3,16,weak_added,cat_60_d8,0.012240601503759496,0.0034185463659148763,0.0011127819548872875,1.1684075059154908,16
bace,71,1,32,weak_added,et_90_leaf2,0.02801379496368228,0.003911141937845586,-0.003814808392578528,1.1523711287051819,32
bace,71,2,32,weak_added,et_120_d20_leaf2,0.02111111111111108,0.0007407407407407085,0.0,1.1523711287051819,32
bace,71,3,32,weak_added,et_120_d20_leaf2,0.0361503759398496,0.0033884711779448295,0.0,1.1523711287051819,32
bace,71,1,4,complementary_strong_added,logreg_l2_c1,0.0,0.02498892164229427,0.02498892164229427,1.062714111153481,4
bace,71,2,4,complementary_strong_added,logreg_l2_c0.1,0.0,0.0,0.0,1.062714111153481,4
bace,71,3,4,complementary_strong_added,logreg_l2_c0.1,0.0,0.0,0.0,1.062714111153481,4
bace,71,1,8,complementary_strong_added,rf_60_sqrt,0.02801379496368228,0.006830048359439678,0.006830048359439678,1.1840472348448954,8
bace,71,2,8,complementary_strong_added,rf_90_leaf2,0.018451178451178274,0.006430976430976343,0.0,1.1840472348448954,8
bace,71,3,8,complementary_strong_added,lgbm_80_ff0.7,0.031107769423558973,0.020320802005012517,0.017403508771929865,1.1840472348448954,8
bace,71,1,16,complementary_strong_added,et_90_leaf2,0.02801379496368228,0.003911141937845586,-0.003814808392578528,1.1627597907124014,16
bace,71,2,16,complementary_strong_added,et_120_d20_leaf2,0.02111111111111108,0.0007407407407407085,0.0,1.1627597907124014,16
bace,71,3,16,complementary_strong_added,et_120_d20_leaf2,0.0361503759398496,0.0033884711779448295,0.0,1.1627597907124014,16
bace,71,1,32,complementary_strong_added,et_90_leaf2,0.02801379496368228,0.003911141937845586,-0.003814808392578528,1.1523711287051819,32
bace,71,2,32,complementary_strong_added,et_120_d20_leaf2,0.02111111111111108,0.0007407407407407085,0.0,1.1523711287051819,32
bace,71,3,32,complementary_strong_added,et_120_d20_leaf2,0.0361503759398496,0.0033884711779448295,0.0,1.1523711287051819,32
bace,71,1,4,exact_duplicate,base_2,0.0,0.02498892164229427,0.02498892164229427,1.0627141111534808,4
bace,71,2,4,exact_duplicate,base_1,0.0,0.0,0.0,1.0627141111534808,4
bace,71,3,4,exact_duplicate,base_1,0.0,0.0,0.0,1.0627141111534808,4
bace,71,1,8,exact_duplicate,base_2,0.0,0.02498892164229427,0.02498892164229427,1.062714111153481,4
bace,71,2,8,exact_duplicate,base_1,0.0,0.0,0.0,1.062714111153481,4
bace,71,3,8,exact_duplicate,base_1,0.0,0.0,0.0,1.062714111153481,4
bace,71,1,16,exact_duplicate,base_2,0.0,0.02498892164229427,0.02498892164229427,1.062714111153481,4
bace,71,2,16,exact_duplicate,base_1,0.0,0.0,0.0,1.062714111153481,4
bace,71,3,16,exact_duplicate,base_1,0.0,0.0,0.0,1.062714111153481,4
bace,71,1,32,exact_duplicate,base_2,0.0,0.02498892164229427,0.02498892164229427,1.062714111153481,4
bace,71,2,32,exact_duplicate,base_1,0.0,0.0,0.0,1.062714111153481,4
bace,71,3,32,exact_duplicate,base_1,0.0,0.0,0.0,1.062714111153481,4
bace,71,1,4,near_duplicate_95pct_anchor,base_2,0.0,0.02498892164229427,0.02498892164229427,1.0627141111534808,4
bace,71,2,4,near_duplicate_95pct_anchor,base_1,0.0,0.0,0.0,1.0627141111534808,4
bace,71,3,4,near_duplicate_95pct_anchor,base_1,0.0,0.0,0.0,1.0627141111534808,4
bace,71,1,8,near_duplicate_95pct_anchor,near_duplicate_95pct_anchor_2,0.0010591873302121524,0.023650367030807473,0.023650367030807473,1.0608885539448782,4
bace,71,2,8,near_duplicate_95pct_anchor,base_1,0.0009225589225588804,0.0009225589225588804,0.0009225589225588804,1.0608885539448782,4
bace,71,3,8,near_duplicate_95pct_anchor,near_duplicate_95pct_anchor_1,0.0015553884711779764,0.0,0.0,1.0608885539448782,4
bace,71,1,16,near_duplicate_95pct_anchor,near_duplicate_95pct_anchor_2,0.0010591873302121524,0.023650367030807473,0.023650367030807473,1.060035865473531,4
bace,71,2,16,near_duplicate_95pct_anchor,base_1,0.0009225589225588804,0.0009225589225588804,0.0009225589225588804,1.060035865473531,4
bace,71,3,16,near_duplicate_95pct_anchor,near_duplicate_95pct_anchor_1,0.0015553884711779764,0.0,0.0,1.060035865473531,4
bace,71,1,32,near_duplicate_95pct_anchor,near_duplicate_95pct_anchor_2,0.0010591873302121524,0.023650367030807473,0.023650367030807473,1.0590128233374188,4
bace,71,2,32,near_duplicate_95pct_anchor,base_1,0.0009225589225588804,0.0009225589225588804,0.0009225589225588804,1.0590128233374188,4
bace,71,3,32,near_duplicate_95pct_anchor,near_duplicate_95pct_anchor_1,0.0015553884711779764,0.0,0.0,1.0590128233374188,4
bace,83,1,4,registered,logreg_l2_c0.1,0.0,0.0,0.0,1.069669475466742,4
bace,83,2,4,registered,logreg_l2_c0.1,0.00425165098474678,0.00425165098474678,0.0,1.069669475466742,4
bace,83,3,4,registered,logreg_l2_c0.1,0.0,0.0,0.0,1.069669475466742,4
bace,83,1,8,registered,rf_120_d20_leaf2,0.029272232397232312,0.0,-0.0012210012210012167,1.1920861582501314,8
bace,83,2,8,registered,rf_120_d20_leaf2,0.00936532055402961,0.0,-0.003082812226053333,1.1920861582501314,8
bace,83,3,8,registered,rf_90_d12,0.024655367231638636,0.00741242937853126,0.00741242937853126,1.1920861582501314,8
bace,83,1,16,registered,et_120_d20_leaf2,0.035052910052910224,0.0,-0.002410205535205656,1.19409616231052,16
bace,83,2,16,registered,et_90_leaf2,0.013872655017240665,0.002286540821693883,0.0,1.19409616231052,16
bace,83,3,16,registered,rf_90_d12,0.028067796610169782,0.010824858757062406,0.008067796610169653,1.19409616231052,16
bace,83,1,32,registered,lgbm_100_leaf10,0.036184879934879954,0.0,-0.003542175417175386,1.1675131576811026,32
bace,83,2,32,registered,et_90_leaf2,0.013872655017240665,0.002286540821693883,0.0,1.1675131576811026,32
bace,83,3,32,registered,rf_90_d12,0.028067796610169782,0.010824858757062406,0.008067796610169653,1.1675131576811026,32
bace,83,1,4,weak_added,logreg_l2_c0.1,0.0,0.0,0.0,1.069669475466742,4
bace,83,2,4,weak_added,logreg_l2_c0.1,0.00425165098474678,0.00425165098474678,0.0,1.069669475466742,4
bace,83,3,4,weak_added,logreg_l2_c0.1,0.0,0.0,0.0,1.069669475466742,4
bace,83,1,8,weak_added,xgb_60_d3,0.0032878001628000586,0.0156186406186406,0.012330840455840542,1.1735710515097881,8
bace,83,2,8,weak_added,cat_100_d4,0.00425165098474678,0.004295482438197662,4.383145345088213e-05,1.1735710515097881,8
bace,83,3,8,weak_added,cat_100_d4,0.0032655367231639865,0.0,-0.0032655367231639865,1.1735710515097881,8
bace,83,1,16,weak_added,lgbm_100_leaf10,0.036184879934879954,0.0,-0.009500915750915717,1.1800006500945188,16
bace,83,2,16,weak_added,cat_60_d8,0.00425165098474678,0.005741920402080547,0.003886388872655022,1.1800006500945188,16
bace,83,3,16,weak_added,lgbm_60_l15,0.024836158192090618,0.008519774011299663,0.003502824858757192,1.1800006500945188,16
bace,83,1,32,weak_added,lgbm_100_leaf10,0.036184879934879954,0.0,-0.003542175417175386,1.1675131576811026,32
bace,83,2,32,weak_added,et_90_leaf2,0.013872655017240665,0.002286540821693883,0.0,1.1675131576811026,32
bace,83,3,32,weak_added,rf_90_d12,0.028067796610169782,0.010824858757062406,0.008067796610169653,1.1675131576811026,32
bace,83,1,4,complementary_strong_added,logreg_l2_c0.1,0.0,0.0,0.0,1.069669475466742,4
bace,83,2,4,complementary_strong_added,logreg_l2_c0.1,0.00425165098474678,0.00425165098474678,0.0,1.069669475466742,4
bace,83,3,4,complementary_strong_added,logreg_l2_c0.1,0.0,0.0,0.0,1.069669475466742,4
bace,83,1,8,complementary_strong_added,rf_90_leaf2,0.03264270451770457,0.004591473341473473,0.004591473341473473,1.2015246407498426,8
bace,83,2,8,complementary_strong_added,et_90_leaf2,0.011586114195546782,0.0,0.0,1.2015246407498426,8
bace,83,3,8,complementary_strong_added,rf_90_leaf2,0.026485875706214967,0.0018305084745763311,0.0006553672316383929,1.2015246407498426,8
bace,83,1,16,complementary_strong_added,et_120_d20_leaf2,0.035052910052910224,0.0,-0.002410205535205656,1.184973062436787,16
bace,83,2,16,complementary_strong_added,et_90_leaf2,0.011586114195546782,0.0,0.0,1.184973062436787,16
bace,83,3,16,complementary_strong_added,rf_90_d12,0.028067796610169782,0.010824858757062406,0.008067796610169653,1.184973062436787,16
bace,83,1,32,complementary_strong_added,lgbm_100_leaf10,0.036184879934879954,0.0,-0.003542175417175386,1.1675131576811024,32
bace,83,2,32,complementary_strong_added,et_90_leaf2,0.013872655017240665,0.002286540821693883,0.0,1.1675131576811024,32
bace,83,3,32,complementary_strong_added,rf_90_d12,0.028067796610169782,0.010824858757062406,0.008067796610169653,1.1675131576811024,32
bace,83,1,4,exact_duplicate,base_1,0.0,0.0,0.0,1.069669475466742,4
bace,83,2,4,exact_duplicate,base_1,0.00425165098474678,0.00425165098474678,0.0,1.069669475466742,4
bace,83,3,4,exact_duplicate,base_1,0.0,0.0,0.0,1.069669475466742,4
bace,83,1,8,exact_duplicate,base_1,0.0,0.0,0.0,1.0696694754667424,4
bace,83,2,8,exact_duplicate,base_1,0.00425165098474678,0.00425165098474678,0.0,1.0696694754667424,4
bace,83,3,8,exact_duplicate,base_1,0.0,0.0,0.0,1.0696694754667424,4
bace,83,1,16,exact_duplicate,base_1,0.0,0.0,0.0,1.069669475466742,4
bace,83,2,16,exact_duplicate,base_1,0.00425165098474678,0.00425165098474678,0.0,1.069669475466742,4
bace,83,3,16,exact_duplicate,base_1,0.0,0.0,0.0,1.069669475466742,4
bace,83,1,32,exact_duplicate,base_1,0.0,0.0,0.0,1.0696694754667424,4
bace,83,2,32,exact_duplicate,base_1,0.00425165098474678,0.00425165098474678,0.0,1.0696694754667424,4
bace,83,3,32,exact_duplicate,base_1,0.0,0.0,0.0,1.0696694754667424,4
bace,83,1,4,near_duplicate_95pct_anchor,base_1,0.0,0.0,0.0,1.069669475466742,4
bace,83,2,4,near_duplicate_95pct_anchor,base_1,0.00425165098474678,0.00425165098474678,0.0,1.069669475466742,4
bace,83,3,4,near_duplicate_95pct_anchor,base_1,0.0,0.0,0.0,1.069669475466742,4
bace,83,1,8,near_duplicate_95pct_anchor,near_duplicate_95pct_anchor_1,0.0011612230362230136,0.0,0.0,1.0677102731695673,4
bace,83,2,8,near_duplicate_95pct_anchor,near_duplicate_95pct_anchor_1,0.00425165098474678,0.0039652854888669875,0.0,1.0677102731695673,4
bace,83,3,8,near_duplicate_95pct_anchor,near_duplicate_95pct_anchor_1,0.0007949152542372495,0.0,0.0,1.0677102731695673,4
bace,83,1,16,near_duplicate_95pct_anchor,near_duplicate_95pct_anchor_1,0.0014944546194546326,0.00033323158323161906,0.0,1.0667486851497145,4
bace,83,2,16,near_duplicate_95pct_anchor,near_duplicate_95pct_anchor_1,0.004558471158903732,0.00427210566302394,0.0,1.0667486851497145,4
bace,83,3,16,near_duplicate_95pct_anchor,near_duplicate_95pct_anchor_1,0.0009096045197739544,0.00011468926553670489,0.0,1.0667486851497145,4
bace,83,1,32,near_duplicate_95pct_anchor,near_duplicate_95pct_anchor_1,0.0014944546194546326,0.00033323158323161906,0.0,1.0656568904669694,4
bace,83,2,32,near_duplicate_95pct_anchor,near_duplicate_95pct_anchor_17,0.004558471158903732,0.004312649757466147,4.054409444220752e-05,1.0656568904669694,4
bace,83,3,32,near_duplicate_95pct_anchor,near_duplicate_95pct_anchor_1,0.0009457627118643064,0.00015084745762705687,0.0,1.0656568904669694,4
bace,97,1,4,registered,logreg_l2_c0.1,0.0,0.0,0.0,1.0703383084202975,4
bace,97,2,4,registered,logreg_l2_c0.1,0.0,0.0,0.0,1.0703383084202975,4
bace,97,3,4,registered,logreg_l2_c0.1,0.0,0.0,0.0,1.0703383084202975,4
bace,97,1,8,registered,rf_120_d20_leaf2,0.0016257863858061272,0.0,0.0,1.1870383439859569,8
bace,97,2,8,registered,rf_90_leaf2,0.033333792192059786,0.0067934034469467885,0.00295963878641059,1.1870383439859569,8
bace,97,3,8,registered,rf_90_leaf2,0.027583168098700095,0.0,-0.006190790923110923,1.1870383439859569,8
bace,97,1,16,registered,rf_120_d20_leaf2,0.005923517353502494,0.004297730967696367,0.004170495511415906,1.1903259718044625,16
bace,97,2,16,registered,rf_90_leaf2,0.033333792192059786,0.0067934034469467885,0.002656792026870969,1.1903259718044625,16
bace,97,3,16,registered,rf_90_leaf2,0.02991848424763155,0.0023353161489314544,0.002092972020268813,1.1903259718044625,16
bace,97,1,32,registered,rf_120_d20_leaf2,0.009429561037675782,0.007803774651869655,0.004170495511415906,1.1628147206396167,32
bace,97,2,32,registered,rf_90_leaf2,0.0410907989648146,0.014550410219701604,0.002656792026870969,1.1628147206396167,32
bace,97,3,32,registered,rf_90_leaf2,0.02991848424763155,0.0023353161489314544,0.002092972020268813,1.1628147206396167,32
bace,97,1,4,weak_added,logreg_l2_c0.1,0.0,0.0,0.0,1.0703383084202975,4
bace,97,2,4,weak_added,logreg_l2_c0.1,0.0,0.0,0.0,1.0703383084202975,4
bace,97,3,4,weak_added,logreg_l2_c0.1,0.0,0.0,0.0,1.0703383084202975,4
bace,97,1,8,weak_added,xgb_60_d3,0.0,0.012624584717607967,0.012624584717607967,1.1776779674353994,8
bace,97,2,8,weak_added,xgb_100_d3,0.010517042013104994,0.0,-0.010517042013104994,1.1776779674353994,8
bace,97,3,8,weak_added,logreg_l2_c0.1,0.00820665344789595,0.00820665344789595,0.0,1.1776779674353994,8
bace,97,1,16,weak_added,cat_60_d8,0.0035484555029334786,0.005145967342899516,0.0034777691383330867,1.1833851295294144,16
bace,97,2,16,weak_added,cat_80_d6,0.029913000385441313,0.021749903639667334,0.02084136336104825,1.1833851295294144,16
bace,97,3,16,weak_added,histgb_lr0.05,0.01032165675258856,0.004450319453624174,0.00201586252478525,1.1833851295294144,16
bace,97,1,32,weak_added,rf_120_d20_leaf2,0.009429561037675782,0.007803774651869655,0.004170495511415906,1.1628147206396169,32
bace,97,2,32,weak_added,rf_90_leaf2,0.0410907989648146,0.014550410219701604,0.002656792026870969,1.1628147206396169,32
bace,97,3,32,weak_added,rf_90_leaf2,0.02991848424763155,0.0023353161489314544,0.002092972020268813,1.1628147206396169,32
bace,97,1,4,complementary_strong_added,logreg_l2_c0.1,0.0,0.0,0.0,1.0703383084202975,4
bace,97,2,4,complementary_strong_added,logreg_l2_c0.1,0.0,0.0,0.0,1.0703383084202975,4
bace,97,3,4,complementary_strong_added,logreg_l2_c0.1,0.0,0.0,0.0,1.0703383084202975,4
bace,97,1,8,complementary_strong_added,et_120_d20_leaf2,0.006990881458966647,0.0010673641054641525,-0.00012723545628046118,1.1866897323356136,8
bace,97,2,8,complementary_strong_added,rf_90_leaf2,0.03770442156268927,0.011164032817576275,0.002656792026870969,1.1866897323356136,8
bace,97,3,8,complementary_strong_added,rf_90_leaf2,0.029676140118968908,0.002092972020268813,0.002092972020268813,1.1866897323356136,8
bace,97,1,16,complementary_strong_added,rf_120_d20_leaf2,0.008468226479112162,0.006842440093306035,0.004170495511415906,1.180801765172648,16
bace,97,2,16,complementary_strong_added,rf_90_leaf2,0.0410907989648146,0.014550410219701604,0.002656792026870969,1.180801765172648,16
bace,97,3,16,complementary_strong_added,rf_90_leaf2,0.029676140118968908,0.002092972020268813,0.002092972020268813,1.180801765172648,16
bace,97,1,32,complementary_strong_added,rf_120_d20_leaf2,0.009429561037675782,0.007803774651869655,0.004170495511415906,1.1628147206396175,32
bace,97,2,32,complementary_strong_added,rf_90_leaf2,0.0410907989648146,0.014550410219701604,0.002656792026870969,1.1628147206396175,32
bace,97,3,32,complementary_strong_added,rf_90_leaf2,0.02991848424763155,0.0023353161489314544,0.002092972020268813,1.1628147206396175,32
bace,97,1,4,exact_duplicate,base_1,0.0,0.0,0.0,1.0703383084202975,4
bace,97,2,4,exact_duplicate,base_1,0.0,0.0,0.0,1.0703383084202975,4
bace,97,3,4,exact_duplicate,base_1,0.0,0.0,0.0,1.0703383084202975,4
bace,97,1,8,exact_duplicate,base_1,0.0,0.0,0.0,1.0703383084202978,4
bace,97,2,8,exact_duplicate,base_1,0.0,0.0,0.0,1.0703383084202978,4
bace,97,3,8,exact_duplicate,base_1,0.0,0.0,0.0,1.0703383084202978,4
bace,97,1,16,exact_duplicate,base_1,0.0,0.0,0.0,1.0703383084202978,4
bace,97,2,16,exact_duplicate,base_1,0.0,0.0,0.0,1.0703383084202978,4
bace,97,3,16,exact_duplicate,base_1,0.0,0.0,0.0,1.0703383084202978,4
bace,97,1,32,exact_duplicate,base_1,0.0,0.0,0.0,1.0703383084202978,4
bace,97,2,32,exact_duplicate,base_1,0.0,0.0,0.0,1.0703383084202978,4
bace,97,3,32,exact_duplicate,base_1,0.0,0.0,0.0,1.0703383084202978,4
bace,97,1,4,near_duplicate_95pct_anchor,base_1,0.0,0.0,0.0,1.0703383084202975,4
bace,97,2,4,near_duplicate_95pct_anchor,base_1,0.0,0.0,0.0,1.0703383084202975,4
bace,97,3,4,near_duplicate_95pct_anchor,base_1,0.0,0.0,0.0,1.0703383084202975,4
bace,97,1,8,near_duplicate_95pct_anchor,near_duplicate_95pct_anchor_1,0.0,0.0006248674630664475,0.0,1.0683158892518474,4
bace,97,2,8,near_duplicate_95pct_anchor,near_duplicate_95pct_anchor_1,0.0016666896096029227,0.0,0.0,1.0683158892518474,4
bace,97,3,8,near_duplicate_95pct_anchor,near_duplicate_95pct_anchor_1,0.0009500991407799253,0.0,0.0,1.0683158892518474,4
bace,97,1,16,near_duplicate_95pct_anchor,near_duplicate_95pct_anchor_1,4.347211422917052e-05,0.000668339577295618,0.0,1.0674402915873165,4
bace,97,2,16,near_duplicate_95pct_anchor,near_duplicate_95pct_anchor_1,0.0016666896096029227,0.0,0.0,1.0674402915873165,4
bace,97,3,16,near_duplicate_95pct_anchor,near_duplicate_95pct_anchor_5,0.0012684512007049564,0.0,-0.00031835205992503113,1.0674402915873165,4
bace,97,1,32,near_duplicate_95pct_anchor,near_duplicate_95pct_anchor_1,0.0003523715275323136,0.000977238990598761,0.0,1.0663392737046213,4
bace,97,2,32,near_duplicate_95pct_anchor,near_duplicate_95pct_anchor_1,0.0016666896096029227,0.0,0.0,1.0663392737046213,4
bace,97,3,32,near_duplicate_95pct_anchor,near_duplicate_95pct_anchor_17,0.0012684512007049564,0.00039380920907683414,7.545714915180302e-05,1.0663392737046213,4
bace,113,1,4,registered,logreg_l2_c0.1,0.0,0.0,0.0,1.0623894245297012,4
bace,113,2,4,registered,logreg_l2_c0.1,0.0016477516477516607,0.0016477516477516607,0.0,1.0623894245297012,4
bace,113,3,4,registered,logreg_l2_c0.1,0.0,0.0,0.0,1.0623894245297012,4
bace,113,1,8,registered,rf_120_d20_leaf2,0.023259370481592767,0.003100322544766998,0.0,1.1859798737376948,8
bace,113,2,8,registered,rf_120_d20_leaf2,0.026666276666276745,0.005606255606255606,0.0,1.1859798737376948,8
bace,113,3,8,registered,rf_120_d20_leaf2,0.021475655430711504,0.0028239700374531607,0.0,1.1859798737376948,8
bace,113,1,16,registered,et_120_d20_leaf2,0.023259370481592767,0.0041291291291292165,0.0,1.1796521553191286,16
bace,113,2,16,registered,et_90_leaf2,0.028440778440778525,0.001550251550251569,-0.002301002301002275,1.1796521553191286,16
bace,113,3,16,registered,et_120_d20_leaf2,0.02414232209737821,0.003048689138576921,0.0,1.1796521553191286,16
bace,113,1,32,registered,et_120_d20_leaf2,0.023259370481592767,0.0041291291291292165,0.0,1.1525719235256213,32
bace,113,2,32,registered,lgbm_80_bag0.8,0.032340782340782415,0.008297258297258248,0.0005460005460005135,1.1525719235256213,32
bace,113,3,32,registered,et_120_d20_leaf2,0.02414232209737821,0.003048689138576921,0.0,1.1525719235256213,32
bace,113,1,4,weak_added,logreg_l2_c0.1,0.0,0.0,0.0,1.0623894245297012,4
bace,113,2,4,weak_added,logreg_l2_c0.1,0.0016477516477516607,0.0016477516477516607,0.0,1.0623894245297012,4
bace,113,3,4,weak_added,logreg_l2_c0.1,0.0,0.0,0.0,1.0623894245297012,4
bace,113,1,8,weak_added,logreg_l2_c0.1,0.00013207652096547395,0.00013207652096547395,0.0,1.164108244818457,8
bace,113,2,8,weak_added,logreg_l2_c0.1,0.022766272766272744,0.022766272766272744,0.0,1.164108244818457,8
bace,113,3,8,weak_added,xgb_60_d3,0.0,0.013955056179775216,0.013955056179775216,1.164108244818457,8
bace,113,1,16,weak_added,xgb_80_d5,0.015397341786230756,0.0130686241797352,0.006986152819486002,1.1597376409035152,16
bace,113,2,16,weak_added,xgb_80_d5,0.028440778440778525,0.003841503841503835,0.002574002574002532,1.1597376409035152,16
bace,113,3,16,weak_added,lgbm_60_l15,0.010134831460674065,0.015295880149812646,0.007857677902621707,1.1597376409035152,16
bace,113,1,32,weak_added,et_120_d20_leaf2,0.023259370481592767,0.0041291291291292165,0.0,1.1525719235256213,32
bace,113,2,32,weak_added,lgbm_80_bag0.8,0.032340782340782415,0.008297258297258248,0.0005460005460005135,1.1525719235256213,32
bace,113,3,32,weak_added,et_120_d20_leaf2,0.02414232209737821,0.003048689138576921,0.0,1.1525719235256213,32
bace,113,1,4,complementary_strong_added,logreg_l2_c0.1,0.0,0.0,0.0,1.0623894245297012,4
bace,113,2,4,complementary_strong_added,logreg_l2_c0.1,0.0016477516477516607,0.0016477516477516607,0.0,1.0623894245297012,4
bace,113,3,4,complementary_strong_added,logreg_l2_c0.1,0.0,0.0,0.0,1.0623894245297012,4
bace,113,1,8,complementary_strong_added,et_120_d20_leaf2,0.023259370481592767,0.0041291291291292165,0.0,1.180325264252226,8
bace,113,2,8,complementary_strong_added,et_90_leaf2,0.026890526890526956,0.0,-0.002301002301002275,1.180325264252226,8
bace,113,3,8,complementary_strong_added,et_120_d20_leaf2,0.023520599250936303,0.0024269662921350132,0.0,1.180325264252226,8
bace,113,1,16,complementary_strong_added,et_120_d20_leaf2,0.023259370481592767,0.0041291291291292165,0.0,1.1691960098839123,16
bace,113,2,16,complementary_strong_added,et_90_leaf2,0.032340782340782415,0.005450255450255459,-0.002301002301002275,1.1691960098839123,16
bace,113,3,16,complementary_strong_added,et_120_d20_leaf2,0.023520599250936303,0.0024269662921350132,0.0,1.1691960098839123,16
bace,113,1,32,complementary_strong_added,et_120_d20_leaf2,0.023259370481592767,0.0041291291291292165,0.0,1.1525719235256213,32
bace,113,2,32,complementary_strong_added,lgbm_80_bag0.8,0.032340782340782415,0.008297258297258248,0.0005460005460005135,1.1525719235256213,32
bace,113,3,32,complementary_strong_added,et_120_d20_leaf2,0.02414232209737821,0.003048689138576921,0.0,1.1525719235256213,32
bace,113,1,4,exact_duplicate,base_1,0.0,0.0,0.0,1.0623894245297014,4
bace,113,2,4,exact_duplicate,base_1,0.0016477516477516607,0.0016477516477516607,0.0,1.0623894245297014,4
bace,113,3,4,exact_duplicate,base_1,0.0,0.0,0.0,1.0623894245297014,4
bace,113,1,8,exact_duplicate,base_1,0.0,0.0,0.0,1.0623894245297019,4
bace,113,2,8,exact_duplicate,base_1,0.0016477516477516607,0.0016477516477516607,0.0,1.0623894245297019,4
bace,113,3,8,exact_duplicate,base_1,0.0,0.0,0.0,1.0623894245297019,4
bace,113,1,16,exact_duplicate,base_1,0.0,0.0,0.0,1.0623894245297016,4
bace,113,2,16,exact_duplicate,base_1,0.0016477516477516607,0.0016477516477516607,0.0,1.0623894245297016,4
bace,113,3,16,exact_duplicate,base_1,0.0,0.0,0.0,1.0623894245297016,4
bace,113,1,32,exact_duplicate,base_1,0.0,0.0,0.0,1.062389424529702,4
bace,113,2,32,exact_duplicate,base_1,0.0016477516477516607,0.0016477516477516607,0.0,1.062389424529702,4
bace,113,3,32,exact_duplicate,base_1,0.0,0.0,0.0,1.062389424529702,4
bace,113,1,4,near_duplicate_95pct_anchor,base_1,0.0,0.0,0.0,1.0623894245297014,4
bace,113,2,4,near_duplicate_95pct_anchor,base_1,0.0016477516477516607,0.0016477516477516607,0.0,1.0623894245297014,4
bace,113,3,4,near_duplicate_95pct_anchor,base_1,0.0,0.0,0.0,1.0623894245297014,4
bace,113,1,8,near_duplicate_95pct_anchor,near_duplicate_95pct_anchor_1,0.0008167890112333875,0.0,0.0,1.0606335868577064,4
bace,113,2,8,near_duplicate_95pct_anchor,near_duplicate_95pct_anchor_1,0.002618365118365107,0.0012850512850512974,0.0,1.0606335868577064,4
bace,113,3,8,near_duplicate_95pct_anchor,near_duplicate_95pct_anchor_1,0.0010737827715355808,0.0,0.0,1.0606335868577064,4
bace,113,1,16,near_duplicate_95pct_anchor,near_duplicate_95pct_anchor_5,0.0008167890112333875,0.000254768657546367,0.000254768657546367,1.0597581920889008,4
bace,113,2,16,near_duplicate_95pct_anchor,near_duplicate_95pct_anchor_5,0.0027948402948402284,0.0019246519246518545,0.00046312546312543557,1.0597581920889008,4
bace,113,3,16,near_duplicate_95pct_anchor,near_duplicate_95pct_anchor_9,0.0012071161048688994,0.001072284644194843,0.0009389513108615244,1.0597581920889008,4
bace,113,1,32,near_duplicate_95pct_anchor,near_duplicate_95pct_anchor_5,0.0008167890112333875,0.000254768657546367,0.000254768657546367,1.0587588965518353,4
bace,113,2,32,near_duplicate_95pct_anchor,near_duplicate_95pct_anchor_5,0.0029908154908153683,0.0021206271206269944,0.00046312546312543557,1.0587588965518353,4
bace,113,3,32,near_duplicate_95pct_anchor,near_duplicate_95pct_anchor_13,0.0012071161048688994,0.0014651685393258784,0.0013318352059925598,1.0587588965518353,4
bace,127,1,4,registered,logreg_l2_c0.1,0.0,0.0,0.0,1.057587088717709,4
bace,127,2,4,registered,logreg_l2_c0.1,0.0,0.0,0.0,1.057587088717709,4
bace,127,3,4,registered,logreg_l2_c0.1,0.0,0.0,0.0,1.057587088717709,4
bace,127,1,8,registered,rf_60_sqrt,0.014413484692122225,0.0,-0.004770095172571764,1.1804351233006642,8
bace,127,2,8,registered,rf_120_d20_leaf2,0.02704109969452917,0.0,0.0,1.1804351233006642,8
bace,127,3,8,registered,rf_120_d20_leaf2,0.026390788873688842,0.007010943912448608,0.0,1.1804351233006642,8
bace,127,1,16,registered,histgb_lr0.1,0.014413484692122225,0.003600504529296944,-0.005217291595000506,1.1866107257727896,16
bace,127,2,16,registered,rf_120_d20_leaf2,0.028325465148569817,0.001284365454040648,0.001284365454040648,1.1866107257727896,16
bace,127,3,16,registered,rf_120_d20_leaf2,0.033971728226174114,0.01459188326493388,0.011931904544763672,1.1866107257727896,16
bace,127,1,32,registered,lgbm_120_l15,0.014413484692122225,0.007195275771126997,-0.0016225203531704535,1.1625913926294302,32
bace,127,2,32,registered,rf_120_d20_leaf2,0.028325465148569817,0.001284365454040648,0.001284365454040648,1.1625913926294302,32
bace,127,3,32,registered,lgbm_80_bag0.8,0.033971728226174114,0.007979936160510737,0.005319957440340528,1.1625913926294302,32
bace,127,1,4,weak_added,logreg_l2_c0.1,0.0,0.0,0.0,1.057587088717709,4
bace,127,2,4,weak_added,logreg_l2_c0.1,0.0,0.0,0.0,1.057587088717709,4
bace,127,3,4,weak_added,logreg_l2_c0.1,0.0,0.0,0.0,1.057587088717709,4
bace,127,1,8,weak_added,xgb_100_d3,0.005165692007797262,0.009201926384588943,0.004036234376791681,1.1641120089150678,8
bace,127,2,8,weak_added,cat_60_d4,0.0,0.004906044617235872,0.004906044617235872,1.1641120089150678,8
bace,127,3,8,weak_added,logreg_l2_c0.1,0.0009119927040583953,0.0009119927040583953,0.0,1.1641120089150678,8
bace,127,1,16,weak_added,histgb_lr0.1,0.010939112487100111,0.00012613232427483023,-0.010457516339869244,1.1700092189076636,16
bace,127,2,16,weak_added,cat_60_d8,0.01669675090252698,0.021290382301212607,0.021290382301212607,1.1700092189076636,16
bace,127,3,16,weak_added,histgb_lr0.05,0.019189846481228012,0.004559963520291865,0.0,1.1700092189076636,16
bace,127,1,32,weak_added,lgbm_120_l15,0.014413484692122225,0.007195275771126997,-0.0016225203531704535,1.16259139262943,32
bace,127,2,32,weak_added,rf_120_d20_leaf2,0.028325465148569817,0.001284365454040648,0.001284365454040648,1.16259139262943,32
bace,127,3,32,weak_added,lgbm_80_bag0.8,0.033971728226174114,0.007979936160510737,0.005319957440340528,1.16259139262943,32
bace,127,1,4,complementary_strong_added,logreg_l2_c0.1,0.0,0.0,0.0,1.057587088717709,4
bace,127,2,4,complementary_strong_added,logreg_l2_c0.1,0.0,0.0,0.0,1.057587088717709,4
bace,127,3,4,complementary_strong_added,logreg_l2_c0.1,0.0,0.0,0.0,1.057587088717709,4
bace,127,1,8,complementary_strong_added,lgbm_60_l63,0.014413484692122225,0.0026086457975000865,-0.0007854603829835494,1.1905035225473166,8
bace,127,2,8,complementary_strong_added,rf_90_leaf2,0.025710450800703555,0.0,0.0,1.1905035225473166,8
bace,127,3,8,complementary_strong_added,lgbm_80_ff0.7,0.027055783553731505,0.0,-0.00262197902416772,1.1905035225473166,8
bace,127,1,16,complementary_strong_added,lgbm_120_l15,0.014413484692122225,0.007195275771126997,-0.0016225203531704535,1.1699949256981104,16
bace,127,2,16,complementary_strong_added,rf_120_d20_leaf2,0.028325465148569817,0.001284365454040648,0.001284365454040648,1.1699949256981104,16
bace,127,3,16,complementary_strong_added,rf_120_d20_leaf2,0.033971728226174114,0.01459188326493388,0.011931904544763672,1.1699949256981104,16
bace,127,1,32,complementary_strong_added,lgbm_120_l15,0.014413484692122225,0.007195275771126997,-0.0016225203531704535,1.1625913926294302,32
bace,127,2,32,complementary_strong_added,rf_120_d20_leaf2,0.028325465148569817,0.001284365454040648,0.001284365454040648,1.1625913926294302,32
bace,127,3,32,complementary_strong_added,lgbm_80_bag0.8,0.033971728226174114,0.007979936160510737,0.005319957440340528,1.1625913926294302,32
bace,127,1,4,exact_duplicate,base_1,0.0,0.0,0.0,1.05758708871771,4
bace,127,2,4,exact_duplicate,base_1,0.0,0.0,0.0,1.05758708871771,4
bace,127,3,4,exact_duplicate,base_1,0.0,0.0,0.0,1.05758708871771,4
bace,127,1,8,exact_duplicate,base_1,0.0,0.0,0.0,1.0575870887177097,4
bace,127,2,8,exact_duplicate,base_1,0.0,0.0,0.0,1.0575870887177097,4
bace,127,3,8,exact_duplicate,base_1,0.0,0.0,0.0,1.0575870887177097,4
bace,127,1,16,exact_duplicate,base_1,0.0,0.0,0.0,1.0575870887177103,4
bace,127,2,16,exact_duplicate,base_1,0.0,0.0,0.0,1.0575870887177103,4
bace,127,3,16,exact_duplicate,base_1,0.0,0.0,0.0,1.0575870887177103,4
bace,127,1,32,exact_duplicate,base_1,0.0,0.0,0.0,1.05758708871771,4
bace,127,2,32,exact_duplicate,base_1,0.0,0.0,0.0,1.05758708871771,4
bace,127,3,32,exact_duplicate,base_1,0.0,0.0,0.0,1.05758708871771,4
bace,127,1,4,near_duplicate_95pct_anchor,base_1,0.0,0.0,0.0,1.05758708871771,4
bace,127,2,4,near_duplicate_95pct_anchor,base_1,0.0,0.0,0.0,1.05758708871771,4
bace,127,3,4,near_duplicate_95pct_anchor,base_1,0.0,0.0,0.0,1.05758708871771,4
bace,127,1,8,near_duplicate_95pct_anchor,near_duplicate_95pct_anchor_1,0.000720674234606089,0.0,0.0,1.0558859161641914,4
bace,127,2,8,near_duplicate_95pct_anchor,near_duplicate_95pct_anchor_1,0.0009210404517263626,0.0,0.0,1.0558859161641914,4
bace,127,3,8,near_duplicate_95pct_anchor,near_duplicate_95pct_anchor_1,0.0013195394436844587,0.0,0.0,1.0558859161641914,4
bace,127,1,16,near_duplicate_95pct_anchor,near_duplicate_95pct_anchor_9,0.000720674234606089,0.0007029010434583816,0.0007029010434583816,1.0552424604072215,4
bace,127,2,16,near_duplicate_95pct_anchor,near_duplicate_95pct_anchor_1,0.0009378181986484657,1.67777469221031e-05,0.0,1.0552424604072215,4
bace,127,3,16,near_duplicate_95pct_anchor,near_duplicate_95pct_anchor_1,0.0013195394436844587,0.0,0.0,1.0552424604072215,4
bace,127,1,32,near_duplicate_95pct_anchor,near_duplicate_95pct_anchor_9,0.000720674234606089,0.0007029010434583816,0.0007029010434583816,1.0543186699394704,4
bace,127,2,32,near_duplicate_95pct_anchor,near_duplicate_95pct_anchor_17,0.0009378181986484657,0.00032571970748862533,0.00030894196056652223,1.0543186699394704,4
bace,127,3,32,near_duplicate_95pct_anchor,near_duplicate_95pct_anchor_17,0.0013195394436844587,0.00035814713482296145,0.00035814713482296145,1.0543186699394704,4
bace,149,1,4,registered,logreg_l2_c0.1,0.0,0.0,0.0,1.094087564274852,4
bace,149,2,4,registered,logreg_l2_c0.1,0.0,0.0,0.0,1.094087564274852,4
bace,149,3,4,registered,logreg_l2_c0.1,0.0,0.0,0.0,1.094087564274852,4
bace,149,1,8,registered,rf_120_d20_leaf2,0.042937605149586666,0.0060163850486431025,0.0,1.2497443861455473,8
bace,149,2,8,registered,rf_120_d20_leaf2,0.016980433632998393,0.006393442622950829,0.0,1.2497443861455473,8
bace,149,3,8,registered,rf_90_d12,0.016203914428766453,0.010423304506144593,0.010423304506144593,1.2497443861455473,8
bace,149,1,16,registered,et_90_leaf2,0.042937605149586666,0.01521468802574788,0.0013715163484748771,1.2335111885637167,16
bace,149,2,16,registered,et_120_d20_leaf2,0.021480698043363278,0.0044103648863035305,0.0,1.2335111885637167,16
bace,149,3,16,registered,et_120_d20_leaf2,0.020732817478379628,0.0005917159763314528,0.0,1.2335111885637167,16
bace,149,1,32,registered,lgbm_60_l63,0.042937605149586666,0.011977909443347312,-0.0018652622339256908,1.197828202828876,32
bace,149,2,32,registered,et_120_d20_leaf2,0.021480698043363278,0.0044103648863035305,0.0,1.197828202828876,32
bace,149,3,32,registered,et_120_d20_leaf2,0.020732817478379628,0.0005917159763314528,0.0,1.197828202828876,32
bace,149,1,4,weak_added,logreg_l2_c0.1,0.0,0.0,0.0,1.094087564274852,4
bace,149,2,4,weak_added,logreg_l2_c0.1,0.0,0.0,0.0,1.094087564274852,4
bace,149,3,4,weak_added,logreg_l2_c0.1,0.0,0.0,0.0,1.094087564274852,4
bace,149,1,8,weak_added,logreg_l2_c0.1,0.0016275327335234513,0.0016275327335234513,0.0,1.1989190481062548,8
bace,149,2,8,weak_added,cat_100_d4,0.00288207297726073,0.0,-0.00288207297726073,1.1989190481062548,8
bace,149,3,8,weak_added,xgb_60_d3,0.0,0.00904642694583524,0.00904642694583524,1.1989190481062548,8
bace,149,1,16,weak_added,lgbm_100_leaf10,0.04136493307000222,0.01347743398434631,0.01347743398434631,1.209641368945183,16
bace,149,2,16,weak_added,xgb_60_d6,0.014627181385510335,0.01044949762030678,0.0,1.209641368945183,16
bace,149,3,16,weak_added,xgb_60_d6,0.019640418752844724,0.009808830223031362,0.0,1.209641368945183,16
bace,149,1,32,weak_added,lgbm_60_l63,0.042937605149586666,0.011977909443347312,-0.0018652622339256908,1.1978282028288763,32
bace,149,2,32,weak_added,et_120_d20_leaf2,0.021480698043363278,0.0044103648863035305,0.0,1.1978282028288763,32
bace,149,3,32,weak_added,et_120_d20_leaf2,0.020732817478379628,0.0005917159763314528,0.0,1.1978282028288763,32
bace,149,1,4,complementary_strong_added,logreg_l2_c0.1,0.0,0.0,0.0,1.094087564274852,4
bace,149,2,4,complementary_strong_added,logreg_l2_c0.1,0.0,0.0,0.0,1.094087564274852,4
bace,149,3,4,complementary_strong_added,logreg_l2_c0.1,0.0,0.0,0.0,1.094087564274852,4
bace,149,1,8,complementary_strong_added,et_90_leaf2,0.037259527466900644,0.009536610343061858,0.0013715163484748771,1.2599741182788449,8
bace,149,2,8,complementary_strong_added,et_120_d20_leaf2,0.021480698043363278,0.0044103648863035305,0.0,1.2599741182788449,8
bace,149,3,8,complementary_strong_added,et_120_d20_leaf2,0.020732817478379628,0.0005917159763314528,0.0,1.2599741182788449,8
bace,149,1,16,complementary_strong_added,lgbm_60_l63,0.042937605149586666,0.011977909443347312,-0.0018652622339256908,1.2215956276449629,16
bace,149,2,16,complementary_strong_added,et_120_d20_leaf2,0.021480698043363278,0.0044103648863035305,0.0,1.2215956276449629,16
bace,149,3,16,complementary_strong_added,et_120_d20_leaf2,0.020732817478379628,0.0005917159763314528,0.0,1.2215956276449629,16
bace,149,1,32,complementary_strong_added,lgbm_60_l63,0.042937605149586666,0.011977909443347312,-0.0018652622339256908,1.1978282028288765,32
bace,149,2,32,complementary_strong_added,et_120_d20_leaf2,0.021480698043363278,0.0044103648863035305,0.0,1.1978282028288765,32
bace,149,3,32,complementary_strong_added,et_120_d20_leaf2,0.020732817478379628,0.0005917159763314528,0.0,1.1978282028288765,32
bace,149,1,4,exact_duplicate,base_1,0.0,0.0,0.0,1.0940875642748518,4
bace,149,2,4,exact_duplicate,base_1,0.0,0.0,0.0,1.0940875642748518,4
bace,149,3,4,exact_duplicate,base_1,0.0,0.0,0.0,1.0940875642748518,4
bace,149,1,8,exact_duplicate,base_1,0.0,0.0,0.0,1.094087564274852,4
bace,149,2,8,exact_duplicate,base_1,0.0,0.0,0.0,1.094087564274852,4
bace,149,3,8,exact_duplicate,base_1,0.0,0.0,0.0,1.094087564274852,4
bace,149,1,16,exact_duplicate,base_1,0.0,0.0,0.0,1.094087564274852,4
bace,149,2,16,exact_duplicate,base_1,0.0,0.0,0.0,1.094087564274852,4
bace,149,3,16,exact_duplicate,base_1,0.0,0.0,0.0,1.094087564274852,4
bace,149,1,32,exact_duplicate,base_1,0.0,0.0,0.0,1.0940875642748524,4
bace,149,2,32,exact_duplicate,base_1,0.0,0.0,0.0,1.0940875642748524,4
bace,149,3,32,exact_duplicate,base_1,0.0,0.0,0.0,1.0940875642748524,4
bace,149,1,4,near_duplicate_95pct_anchor,base_1,0.0,0.0,0.0,1.0940875642748518,4
bace,149,2,4,near_duplicate_95pct_anchor,base_1,0.0,0.0,0.0,1.0940875642748518,4
bace,149,3,4,near_duplicate_95pct_anchor,base_1,0.0,0.0,0.0,1.0940875642748518,4
bace,149,1,8,near_duplicate_95pct_anchor,near_duplicate_95pct_anchor_1,0.0018629763733449822,0.0,0.0,1.0909951000357694,4
bace,149,2,8,near_duplicate_95pct_anchor,near_duplicate_95pct_anchor_1,0.0008490216816499085,0.0,0.0,1.0909951000357694,4
bace,149,3,8,near_duplicate_95pct_anchor,near_duplicate_95pct_anchor_1,0.0003664087391898052,0.0,0.0,1.0909951000357694,4
bace,149,1,16,near_duplicate_95pct_anchor,near_duplicate_95pct_anchor_1,0.0018629763733449822,0.0,0.0,1.0897534201013699,4
bace,149,2,16,near_duplicate_95pct_anchor,near_duplicate_95pct_anchor_5,0.0008490216816499085,0.00015044949762033077,0.00015044949762033077,1.0897534201013699,4
bace,149,3,16,near_duplicate_95pct_anchor,near_duplicate_95pct_anchor_5,0.0006969731451980099,0.0,-0.0003305644060082047,1.0897534201013699,4
bace,149,1,32,near_duplicate_95pct_anchor,near_duplicate_95pct_anchor_1,0.0018629763733449822,0.0,0.0,1.08830818142715,4
bace,149,2,32,near_duplicate_95pct_anchor,near_duplicate_95pct_anchor_5,0.0008490216816499085,0.00015044949762033077,0.00015044949762033077,1.08830818142715,4
bace,149,3,32,near_duplicate_95pct_anchor,near_duplicate_95pct_anchor_5,0.0007669549385526109,6.998179335460097e-05,-0.0003305644060082047,1.08830818142715,4
bbbp,11,1,4,registered,logreg_l2_c0.1,0.0,0.0,0.0,1.2189422408760087,4
bbbp,11,2,4,registered,logreg_l2_c0.1,0.0,0.0,0.0,1.2189422408760087,4
bbbp,11,3,4,registered,logreg_l2_c0.1,0.0,0.0,0.0,1.2189422408760087,4
bbbp,11,1,8,registered,rf_120_d20_leaf2,0.013379635696501135,0.0058140042807844905,0.0,1.3657157650175664,8
bbbp,11,2,8,registered,rf_90_d12,0.042208114978768085,0.01925780750713646,0.013094172951017558,1.3657157650175664,8
bbbp,11,3,8,registered,rf_90_leaf2,0.012840213954313118,1.4775850350368103e-05,1.4775850350368103e-05,1.3657157650175664,8
bbbp,11,1,16,registered,et_120_d20_leaf2,0.01558118202070502,0.008810553444284386,0.0,1.3233961544155295,16
bbbp,11,2,16,registered,et_120_d20_leaf2,0.04727820146847872,0.0,0.0,1.3233961544155295,16
bbbp,11,3,16,registered,et_120_d20_leaf2,0.01693312450131479,0.0022902568042788563,0.0,1.3233961544155295,16
bbbp,11,1,32,registered,et_120_d20_leaf2,0.01558118202070502,0.008810553444284386,0.0,1.240233795154879,32
bbbp,11,2,32,registered,et_120_d20_leaf2,0.04727820146847872,0.0,0.0,1.240233795154879,32
bbbp,11,3,32,registered,et_120_d20_leaf2,0.01693312450131479,0.0022902568042788563,0.0,1.240233795154879,32
bbbp,11,1,4,weak_added,logreg_l2_c0.1,0.0,0.0,0.0,1.2189422408760087,4
bbbp,11,2,4,weak_added,logreg_l2_c0.1,0.0,0.0,0.0,1.2189422408760087,4
bbbp,11,3,4,weak_added,logreg_l2_c0.1,0.0,0.0,0.0,1.2189422408760087,4
bbbp,11,1,8,weak_added,logreg_l2_c0.1,0.0,0.0,0.0,1.3755334017612342,8
bbbp,11,2,8,weak_added,logreg_l2_c0.1,0.0,0.0,0.0,1.3755334017612342,8
bbbp,11,3,8,weak_added,logreg_l2_c0.1,0.0,0.0,0.0,1.3755334017612342,8
bbbp,11,1,16,weak_added,xgb_80_d5,0.004778753330712426,0.0,0.0,1.2795532084707173,16
bbbp,11,2,16,weak_added,xgb_80_d5,0.011453850851405267,0.020173831536790088,0.0,1.2795532084707173,16
bbbp,11,3,16,weak_added,xgb_80_d5,0.013386920417269743,0.011739413103223795,0.0,1.2795532084707173,16
bbbp,11,1,32,weak_added,et_120_d20_leaf2,0.01558118202070502,0.008810553444284386,0.0,1.2402337951548794,32
bbbp,11,2,32,weak_added,et_120_d20_leaf2,0.04727820146847872,0.0,0.0,1.2402337951548794,32
bbbp,11,3,32,weak_added,et_120_d20_leaf2,0.01693312450131479,0.0022902568042788563,0.0,1.2402337951548794,32
bbbp,11,1,4,complementary_strong_added,logreg_l2_c0.1,0.0,0.0,0.0,1.2189422408760087,4
bbbp,11,2,4,complementary_strong_added,logreg_l2_c0.1,0.0,0.0,0.0,1.2189422408760087,4
bbbp,11,3,4,complementary_strong_added,logreg_l2_c0.1,0.0,0.0,0.0,1.2189422408760087,4
bbbp,11,1,8,complementary_strong_added,et_120_d20_leaf2,0.01558118202070502,0.008810553444284386,0.0,1.3888477494988583,8
bbbp,11,2,8,complementary_strong_added,et_120_d20_leaf2,0.04727820146847872,0.0,0.0,1.3888477494988583,8
bbbp,11,3,8,complementary_strong_added,et_120_d20_leaf2,0.014642867697035933,0.0,0.0,1.3888477494988583,8
bbbp,11,1,16,complementary_strong_added,et_120_d20_leaf2,0.01558118202070502,0.008810553444284386,0.0,1.3150599999758543,16
bbbp,11,2,16,complementary_strong_added,et_120_d20_leaf2,0.04727820146847872,0.0,0.0,1.3150599999758543,16
bbbp,11,3,16,complementary_strong_added,et_120_d20_leaf2,0.01693312450131479,0.0022902568042788563,0.0,1.3150599999758543,16
bbbp,11,1,32,complementary_strong_added,et_120_d20_leaf2,0.01558118202070502,0.008810553444284386,0.0,1.240233795154879,32
bbbp,11,2,32,complementary_strong_added,et_120_d20_leaf2,0.04727820146847872,0.0,0.0,1.240233795154879,32
bbbp,11,3,32,complementary_strong_added,et_120_d20_leaf2,0.01693312450131479,0.0022902568042788563,0.0,1.240233795154879,32
bbbp,11,1,4,exact_duplicate,base_1,0.0,0.0,0.0,1.2189422408760076,4
bbbp,11,2,4,exact_duplicate,base_1,0.0,0.0,0.0,1.2189422408760076,4
bbbp,11,3,4,exact_duplicate,base_1,0.0,0.0,0.0,1.2189422408760076,4
bbbp,11,1,8,exact_duplicate,base_1,0.0,0.0,0.0,1.2189422408760082,4
bbbp,11,2,8,exact_duplicate,base_1,0.0,0.0,0.0,1.2189422408760082,4
bbbp,11,3,8,exact_duplicate,base_1,0.0,0.0,0.0,1.2189422408760082,4
bbbp,11,1,16,exact_duplicate,base_1,0.0,0.0,0.0,1.218942240876008,4
bbbp,11,2,16,exact_duplicate,base_1,0.0,0.0,0.0,1.218942240876008,4
bbbp,11,3,16,exact_duplicate,base_1,0.0,0.0,0.0,1.218942240876008,4
bbbp,11,1,32,exact_duplicate,base_1,0.0,0.0,0.0,1.2189422408760087,4
bbbp,11,2,32,exact_duplicate,base_1,0.0,0.0,0.0,1.2189422408760087,4
bbbp,11,3,32,exact_duplicate,base_1,0.0,0.0,0.0,1.2189422408760087,4
bbbp,11,1,4,near_duplicate_95pct_anchor,base_1,0.0,0.0,0.0,1.2189422408760076,4
bbbp,11,2,4,near_duplicate_95pct_anchor,base_1,0.0,0.0,0.0,1.2189422408760076,4
bbbp,11,3,4,near_duplicate_95pct_anchor,base_1,0.0,0.0,0.0,1.2189422408760076,4
bbbp,11,1,8,near_duplicate_95pct_anchor,near_duplicate_95pct_anchor_1,0.0,0.000599746647446886,0.0,1.2057558283050442,4
bbbp,11,2,8,near_duplicate_95pct_anchor,near_duplicate_95pct_anchor_1,0.0017486117620325592,0.0,0.0,1.2057558283050442,4
bbbp,11,3,8,near_duplicate_95pct_anchor,near_duplicate_95pct_anchor_1,0.0006024852980288653,0.0,0.0,1.2057558283050442,4
bbbp,11,1,16,near_duplicate_95pct_anchor,near_duplicate_95pct_anchor_5,0.0,0.0003833049403748623,0.0,1.2011799568244923,4
bbbp,11,2,16,near_duplicate_95pct_anchor,near_duplicate_95pct_anchor_1,0.001970161759902278,0.00022154999786971885,0.00022154999786971885,1.2011799568244923,4
bbbp,11,3,16,near_duplicate_95pct_anchor,near_duplicate_95pct_anchor_1,0.0007099796093263944,0.00010749431129752907,0.00010749431129752907,1.2011799568244923,4
bbbp,11,1,32,near_duplicate_95pct_anchor,near_duplicate_95pct_anchor_5,0.0001271130913378382,0.0005104180317127005,0.0,1.1976965098033947,4
bbbp,11,2,32,near_duplicate_95pct_anchor,near_duplicate_95pct_anchor_1,0.001970161759902278,0.00022154999786971885,0.00022154999786971885,1.1976965098033947,4
bbbp,11,3,32,near_duplicate_95pct_anchor,near_duplicate_95pct_anchor_1,0.0007099796093263944,0.00010749431129752907,0.00010749431129752907,1.1976965098033947,4
bbbp,23,1,4,registered,logreg_l2_c0.1,0.0,0.0,0.0,1.1531367688281253,4
bbbp,23,2,4,registered,logreg_l2_c0.1,0.0,0.0,0.0,1.1531367688281253,4
bbbp,23,3,4,registered,logreg_l2_c0.1,0.0,0.0,0.0,1.1531367688281253,4
bbbp,23,1,8,registered,rf_120_d20_leaf2,0.016909447142005152,0.004163472186727968,0.0,1.3342775795613273,8
bbbp,23,2,8,registered,rf_90_leaf2,0.05580540858318661,0.017092886537330987,0.017092886537330987,1.3342775795613273,8
bbbp,23,3,8,registered,rf_120_d20_leaf2,0.014403012157503281,0.006679822173834227,0.0,1.3342775795613273,8
bbbp,23,1,16,registered,et_90_leaf2,0.025662322173949814,0.0015227021040972177,0.0015227021040972177,1.3132909808049376,16
bbbp,23,2,16,registered,et_120_d20_leaf2,0.05580540858318661,0.00855379188712535,0.0,1.3132909808049376,16
bbbp,23,3,16,registered,et_90_leaf2,0.022647886046089694,2.2681908909527593e-05,-0.00836962438758826,1.3132909808049376,16
bbbp,23,1,32,registered,et_90_leaf2,0.025662322173949814,0.0015227021040972177,0.0015227021040972177,1.2296182473079726,32
bbbp,23,2,32,registered,et_120_d20_leaf2,0.05580540858318661,0.00855379188712535,0.0,1.2296182473079726,32
bbbp,23,3,32,registered,et_90_leaf2,0.022647886046089694,2.2681908909527593e-05,-0.00836962438758826,1.2296182473079726,32
bbbp,23,1,4,weak_added,logreg_l2_c0.1,0.0,0.0,0.0,1.1531367688281253,4
bbbp,23,2,4,weak_added,logreg_l2_c0.1,0.0,0.0,0.0,1.1531367688281253,4
bbbp,23,3,4,weak_added,logreg_l2_c0.1,0.0,0.0,0.0,1.1531367688281253,4
bbbp,23,1,8,weak_added,cat_100_d4,0.0,0.02195140131186646,0.02195140131186646,1.3033545963717539,8
bbbp,23,2,8,weak_added,logreg_l2_c0.1,0.01486625514403328,0.01486625514403328,0.0,1.3033545963717539,8
bbbp,23,3,8,weak_added,logreg_l2_c0.1,0.0,0.0,0.0,1.3033545963717539,8
bbbp,23,1,16,weak_added,cat_60_d8,0.01229874776386397,0.023916006474145934,0.01840552857994704,1.2392457494654043,16
bbbp,23,2,16,weak_added,cat_60_d8,0.024470899470899754,0.003468547912992448,-0.002145796590241167,1.2392457494654043,16
bbbp,23,3,16,weak_added,lgbm_120_l15,0.006725185991653171,2.2681908909527593e-05,2.2681908909527593e-05,1.2392457494654043,16
bbbp,23,1,32,weak_added,et_90_leaf2,0.025662322173949814,0.0015227021040972177,0.0015227021040972177,1.229618247307972,32
bbbp,23,2,32,weak_added,et_120_d20_leaf2,0.05580540858318661,0.00855379188712535,0.0,1.229618247307972,32
bbbp,23,3,32,weak_added,et_90_leaf2,0.022647886046089694,2.2681908909527593e-05,-0.00836962438758826,1.229618247307972,32
bbbp,23,1,4,complementary_strong_added,logreg_l2_c0.1,0.0,0.0,0.0,1.1531367688281253,4
bbbp,23,2,4,complementary_strong_added,logreg_l2_c0.1,0.0,0.0,0.0,1.1531367688281253,4
bbbp,23,3,4,complementary_strong_added,logreg_l2_c0.1,0.0,0.0,0.0,1.1531367688281253,4
bbbp,23,1,8,complementary_strong_added,et_120_d20_leaf2,0.025662322173949814,0.0,0.0,1.3730336746712695,8
bbbp,23,2,8,complementary_strong_added,et_120_d20_leaf2,0.04725161669606126,0.0,0.0,1.3730336746712695,8
bbbp,23,3,8,complementary_strong_added,et_120_d20_leaf2,0.022647886046089694,0.008392306296497787,0.0,1.3730336746712695,8
bbbp,23,1,16,complementary_strong_added,et_90_leaf2,0.025662322173949814,0.0015227021040972177,0.0015227021040972177,1.2864965194627873,16
bbbp,23,2,16,complementary_strong_added,et_120_d20_leaf2,0.05580540858318661,0.00855379188712535,0.0,1.2864965194627873,16
bbbp,23,3,16,complementary_strong_added,et_90_leaf2,0.022647886046089694,2.2681908909527593e-05,-0.00836962438758826,1.2864965194627873,16
bbbp,23,1,32,complementary_strong_added,et_90_leaf2,0.025662322173949814,0.0015227021040972177,0.0015227021040972177,1.2296182473079722,32
bbbp,23,2,32,complementary_strong_added,et_120_d20_leaf2,0.05580540858318661,0.00855379188712535,0.0,1.2296182473079722,32
bbbp,23,3,32,complementary_strong_added,et_90_leaf2,0.022647886046089694,2.2681908909527593e-05,-0.00836962438758826,1.2296182473079722,32
bbbp,23,1,4,exact_duplicate,base_1,0.0,0.0,0.0,1.1531367688281244,4
bbbp,23,2,4,exact_duplicate,base_1,0.0,0.0,0.0,1.1531367688281244,4
bbbp,23,3,4,exact_duplicate,base_1,0.0,0.0,0.0,1.1531367688281244,4
bbbp,23,1,8,exact_duplicate,base_1,0.0,0.0,0.0,1.153136768828125,4
bbbp,23,2,8,exact_duplicate,base_1,0.0,0.0,0.0,1.153136768828125,4
bbbp,23,3,8,exact_duplicate,base_1,0.0,0.0,0.0,1.153136768828125,4
bbbp,23,1,16,exact_duplicate,base_1,0.0,0.0,0.0,1.1531367688281249,4
bbbp,23,2,16,exact_duplicate,base_1,0.0,0.0,0.0,1.1531367688281249,4
bbbp,23,3,16,exact_duplicate,base_1,0.0,0.0,0.0,1.1531367688281249,4
bbbp,23,1,32,exact_duplicate,base_1,0.0,0.0,0.0,1.1531367688281253,4
bbbp,23,2,32,exact_duplicate,base_1,0.0,0.0,0.0,1.1531367688281253,4
bbbp,23,3,32,exact_duplicate,base_1,0.0,0.0,0.0,1.1531367688281253,4
bbbp,23,1,4,near_duplicate_95pct_anchor,base_1,0.0,0.0,0.0,1.1531367688281244,4
bbbp,23,2,4,near_duplicate_95pct_anchor,base_1,0.0,0.0,0.0,1.1531367688281244,4
bbbp,23,3,4,near_duplicate_95pct_anchor,base_1,0.0,0.0,0.0,1.1531367688281244,4
bbbp,23,1,8,near_duplicate_95pct_anchor,near_duplicate_95pct_anchor_1,0.0008454723571003075,0.0,0.0,1.1445286625464417,4
bbbp,23,2,8,near_duplicate_95pct_anchor,near_duplicate_95pct_anchor_1,0.0021413874191652527,0.0,0.0,1.1445286625464417,4
bbbp,23,3,8,near_duplicate_95pct_anchor,near_duplicate_95pct_anchor_1,3.288876791862627e-05,0.0,0.0,1.1445286625464417,4
bbbp,23,1,16,near_duplicate_95pct_anchor,near_duplicate_95pct_anchor_5,0.0008454723571003075,8.651716500562845e-05,0.0,1.140945979562429,4
bbbp,23,2,16,near_duplicate_95pct_anchor,near_duplicate_95pct_anchor_5,0.0021413874191652527,9.479717813054567e-05,0.0,1.140945979562429,4
bbbp,23,3,16,near_duplicate_95pct_anchor,near_duplicate_95pct_anchor_5,0.0003362592995825864,0.00017862003266200244,0.0,1.140945979562429,4
bbbp,23,1,32,near_duplicate_95pct_anchor,near_duplicate_95pct_anchor_5,0.0008454723571003075,8.651716500562845e-05,0.0,1.1385907745045918,4
bbbp,23,2,32,near_duplicate_95pct_anchor,near_duplicate_95pct_anchor_5,0.0021413874191652527,9.479717813054567e-05,0.0,1.1385907745045918,4
bbbp,23,3,32,near_duplicate_95pct_anchor,near_duplicate_95pct_anchor_5,0.00038332426056975066,0.00022568499364916672,0.0,1.1385907745045918,4
bbbp,37,1,4,registered,logreg_l2_c0.1,0.0,0.0,0.0,1.1838714655872553,4
bbbp,37,2,4,registered,logreg_l2_c0.1,0.0,0.0,0.0,1.1838714655872553,4
bbbp,37,3,4,registered,logreg_l2_c0.1,0.0,0.0,0.0,1.1838714655872553,4
bbbp,37,1,8,registered,rf_120_d20_leaf2,0.04539572393098268,0.013118904726181269,0.0,1.3637721451051643,8
bbbp,37,2,8,registered,rf_120_d20_leaf2,0.03704749356923254,0.007450279189409437,0.0,1.3637721451051643,8
bbbp,37,3,8,registered,rf_90_d12,0.01961840283120475,0.0,-0.010665102323434317,1.3637721451051643,8
bbbp,37,1,16,registered,et_120_d20_leaf2,0.04539572393098268,0.004623030757689217,0.0,1.3270648061981478,16
bbbp,37,2,16,registered,et_120_d20_leaf2,0.041428780559215284,0.0,0.0,1.3270648061981478,16
bbbp,37,3,16,registered,et_120_d20_leaf2,0.02165717802738898,0.005020003077396695,0.0,1.3270648061981478,16
bbbp,37,1,32,registered,et_120_d20_leaf2,0.04539572393098268,0.004623030757689217,0.0,1.235890757670838,32
bbbp,37,2,32,registered,et_120_d20_leaf2,0.041428780559215284,0.0,0.0,1.235890757670838,32
bbbp,37,3,32,registered,et_120_d20_leaf2,0.02165717802738898,0.005020003077396695,0.0,1.235890757670838,32
bbbp,37,1,4,weak_added,logreg_l2_c0.1,0.0,0.0,0.0,1.1838714655872553,4
bbbp,37,2,4,weak_added,logreg_l2_c0.1,0.0,0.0,0.0,1.1838714655872553,4
bbbp,37,3,4,weak_added,logreg_l2_c0.1,0.0,0.0,0.0,1.1838714655872553,4
bbbp,37,1,8,weak_added,xgb_60_d3,0.0,0.020902100525131306,0.020902100525131306,1.3358744126802242,8
bbbp,37,2,8,weak_added,logreg_l2_c0.1,0.010629064976890978,0.010629064976890978,0.0,1.3358744126802242,8
bbbp,37,3,8,weak_added,logreg_l2_c0.1,0.0,0.0,0.0,1.3358744126802242,8
bbbp,37,1,16,weak_added,cat_80_d6,0.015210052513128236,0.013953488372093092,0.011477869467366841,1.2588882467829208,16
bbbp,37,2,16,weak_added,logreg_l2_c0.1,0.030020703933747228,0.030020703933747228,0.01185247924378352,1.2588882467829208,16
bbbp,37,3,16,weak_added,histgb_lr0.05,0.0,0.008472457301123337,0.0,1.2588882467829208,16
bbbp,37,1,32,weak_added,et_120_d20_leaf2,0.04539572393098268,0.004623030757689217,0.0,1.2358907576708373,32
bbbp,37,2,32,weak_added,et_120_d20_leaf2,0.041428780559215284,0.0,0.0,1.2358907576708373,32
bbbp,37,3,32,weak_added,et_120_d20_leaf2,0.02165717802738898,0.005020003077396695,0.0,1.2358907576708373,32
bbbp,37,1,4,complementary_strong_added,logreg_l2_c0.1,0.0,0.0,0.0,1.1838714655872553,4
bbbp,37,2,4,complementary_strong_added,logreg_l2_c0.1,0.0,0.0,0.0,1.1838714655872553,4
bbbp,37,3,4,complementary_strong_added,logreg_l2_c0.1,0.0,0.0,0.0,1.1838714655872553,4
bbbp,37,1,8,complementary_strong_added,et_120_d20_leaf2,0.04077269317329346,0.0,0.0,1.3897210971841802,8
bbbp,37,2,8,complementary_strong_added,et_120_d20_leaf2,0.041428780559215284,0.0,0.0,1.3897210971841802,8
bbbp,37,3,8,complementary_strong_added,et_120_d20_leaf2,0.02165717802738898,0.005020003077396695,0.0,1.3897210971841802,8
bbbp,37,1,16,complementary_strong_added,et_120_d20_leaf2,0.04539572393098268,0.004623030757689217,0.0,1.307746325374094,16
bbbp,37,2,16,complementary_strong_added,et_120_d20_leaf2,0.041428780559215284,0.0,0.0,1.307746325374094,16
bbbp,37,3,16,complementary_strong_added,et_120_d20_leaf2,0.02165717802738898,0.005020003077396695,0.0,1.307746325374094,16
bbbp,37,1,32,complementary_strong_added,et_120_d20_leaf2,0.04539572393098268,0.004623030757689217,0.0,1.2358907576708382,32
bbbp,37,2,32,complementary_strong_added,et_120_d20_leaf2,0.041428780559215284,0.0,0.0,1.2358907576708382,32
bbbp,37,3,32,complementary_strong_added,et_120_d20_leaf2,0.02165717802738898,0.005020003077396695,0.0,1.2358907576708382,32
bbbp,37,1,4,exact_duplicate,base_1,0.0,0.0,0.0,1.1838714655872549,4
bbbp,37,2,4,exact_duplicate,base_1,0.0,0.0,0.0,1.1838714655872549,4
bbbp,37,3,4,exact_duplicate,base_1,0.0,0.0,0.0,1.1838714655872549,4
bbbp,37,1,8,exact_duplicate,base_1,0.0,0.0,0.0,1.1838714655872549,4
bbbp,37,2,8,exact_duplicate,base_1,0.0,0.0,0.0,1.1838714655872549,4
bbbp,37,3,8,exact_duplicate,base_1,0.0,0.0,0.0,1.1838714655872549,4
bbbp,37,1,16,exact_duplicate,base_1,0.0,0.0,0.0,1.1838714655872553,4
bbbp,37,2,16,exact_duplicate,base_1,0.0,0.0,0.0,1.1838714655872553,4
bbbp,37,3,16,exact_duplicate,base_1,0.0,0.0,0.0,1.1838714655872553,4
bbbp,37,1,32,exact_duplicate,base_1,0.0,0.0,0.0,1.1838714655872553,4
bbbp,37,2,32,exact_duplicate,base_1,0.0,0.0,0.0,1.1838714655872553,4
bbbp,37,3,32,exact_duplicate,base_1,0.0,0.0,0.0,1.1838714655872553,4
bbbp,37,1,4,near_duplicate_95pct_anchor,base_1,0.0,0.0,0.0,1.1838714655872549,4
bbbp,37,2,4,near_duplicate_95pct_anchor,base_1,0.0,0.0,0.0,1.1838714655872549,4
bbbp,37,3,4,near_duplicate_95pct_anchor,base_1,0.0,0.0,0.0,1.1838714655872549,4
bbbp,37,1,8,near_duplicate_95pct_anchor,near_duplicate_95pct_anchor_1,0.0022697861965490507,0.0,0.0,1.1739991155452496,4
bbbp,37,2,8,near_duplicate_95pct_anchor,near_duplicate_95pct_anchor_1,0.001483781918564464,0.0,0.0,1.1739991155452496,4
bbbp,37,3,8,near_duplicate_95pct_anchor,near_duplicate_95pct_anchor_1,0.0006498595937836082,0.0,0.0,1.1739991155452496,4
bbbp,37,1,16,near_duplicate_95pct_anchor,near_duplicate_95pct_anchor_5,0.0022697861965490507,0.0007905101275318405,0.0,1.1703004814206648,4
bbbp,37,2,16,near_duplicate_95pct_anchor,near_duplicate_95pct_anchor_5,0.001977853064809465,0.0,0.0,1.1703004814206648,4
bbbp,37,3,16,near_duplicate_95pct_anchor,near_duplicate_95pct_anchor_5,0.0006498595937836082,0.0009597630404678537,0.0,1.1703004814206648,4
bbbp,37,1,32,near_duplicate_95pct_anchor,near_duplicate_95pct_anchor_5,0.0022697861965490507,0.0007905101275318405,0.0,1.1674421701273228,4
bbbp,37,2,32,near_duplicate_95pct_anchor,near_duplicate_95pct_anchor_5,0.001977853064809465,0.0,0.0,1.1674421701273228,4
bbbp,37,3,32,near_duplicate_95pct_anchor,near_duplicate_95pct_anchor_5,0.0006498595937836082,0.0009597630404678537,0.0,1.1674421701273228,4
bbbp,53,1,4,registered,logreg_l2_c0.1,0.0,0.0,0.0,1.1741191554490549,4
bbbp,53,2,4,registered,logreg_l2_c0.1,0.0,0.0,0.0,1.1741191554490549,4
bbbp,53,3,4,registered,logreg_l2_c0.1,0.0,0.0,0.0,1.1741191554490549,4
bbbp,53,1,8,registered,rf_90_leaf2,0.001993312757201715,0.014864111796982216,-0.0025505829903978983,1.3585873747486084,8
bbbp,53,2,8,registered,rf_90_d12,0.03514436068838034,0.009998577727208136,0.00455127293414892,1.3585873747486084,8
bbbp,53,3,8,registered,rf_120_d20_leaf2,0.012181888192669854,0.0,0.0,1.3585873747486084,8
bbbp,53,1,16,registered,et_120_d20_leaf2,0.008573388203017784,0.008262602880658387,0.0,1.3329532579440602,16
bbbp,53,2,16,registered,et_90_d12,0.0375195562508891,0.004451713838714344,0.0014791637035983518,1.3329532579440602,16
bbbp,53,3,16,registered,et_120_d20_leaf2,0.01844785941820981,0.0004200651100920716,0.0,1.3329532579440602,16
bbbp,53,1,32,registered,et_120_d20_leaf2,0.008573388203017784,0.008262602880658387,0.0,1.2442732172682793,32
bbbp,53,2,32,registered,et_90_d12,0.0375195562508891,0.004451713838714344,0.0014791637035983518,1.2442732172682793,32
bbbp,53,3,32,registered,et_120_d20_leaf2,0.01844785941820981,0.0004200651100920716,0.0,1.2442732172682793,32
bbbp,53,1,4,weak_added,logreg_l2_c0.1,0.0,0.0,0.0,1.1741191554490549,4
bbbp,53,2,4,weak_added,logreg_l2_c0.1,0.0,0.0,0.0,1.1741191554490549,4
bbbp,53,3,4,weak_added,logreg_l2_c0.1,0.0,0.0,0.0,1.1741191554490549,4
bbbp,53,1,8,weak_added,logreg_l2_c0.1,0.0,0.0,0.0,1.3191778622617794,8
bbbp,53,2,8,weak_added,xgb_60_d3,0.02191011235955076,0.012387996017636183,-0.009522116341914577,1.3191778622617794,8
bbbp,53,3,8,weak_added,logreg_l2_c0.1,0.0,0.0,0.0,1.3191778622617794,8
bbbp,53,1,16,weak_added,lgbm_120_l15,0.0,0.012913665980795686,-0.013953189300411561,1.2479070265665548,16
bbbp,53,2,16,weak_added,lgbm_120_l15,0.02611292845967872,0.00874697767031718,-0.0039041388138243427,1.2479070265665548,16
bbbp,53,3,16,weak_added,lgbm_120_l15,0.0,0.013185377066778692,-0.0021294967386612518,1.2479070265665548,16
bbbp,53,1,32,weak_added,et_120_d20_leaf2,0.008573388203017784,0.008262602880658387,0.0,1.2442732172682787,32
bbbp,53,2,32,weak_added,et_90_d12,0.0375195562508891,0.004451713838714344,0.0014791637035983518,1.2442732172682787,32
bbbp,53,3,32,weak_added,et_120_d20_leaf2,0.01844785941820981,0.0004200651100920716,0.0,1.2442732172682787,32
bbbp,53,1,4,complementary_strong_added,logreg_l2_c0.1,0.0,0.0,0.0,1.1741191554490549,4
bbbp,53,2,4,complementary_strong_added,logreg_l2_c0.1,0.0,0.0,0.0,1.1741191554490549,4
bbbp,53,3,4,complementary_strong_added,logreg_l2_c0.1,0.0,0.0,0.0,1.1741191554490549,4
bbbp,53,1,8,complementary_strong_added,et_120_d20_leaf2,0.008573388203017784,0.008262602880658387,0.0,1.3930792078406866,8
bbbp,53,2,8,complementary_strong_added,et_90_d12,0.03611861755084633,0.00305077513867158,0.0014791637035983518,1.3930792078406866,8
bbbp,53,3,8,complementary_strong_added,et_120_d20_leaf2,0.01802779430811774,0.0,0.0,1.3930792078406866,8
bbbp,53,1,16,complementary_strong_added,et_120_d20_leaf2,0.008573388203017784,0.008262602880658387,0.0,1.332067118120616,16
bbbp,53,2,16,complementary_strong_added,et_90_d12,0.0375195562508891,0.004451713838714344,0.0014791637035983518,1.332067118120616,16
bbbp,53,3,16,complementary_strong_added,et_120_d20_leaf2,0.01844785941820981,0.0004200651100920716,0.0,1.332067118120616,16
bbbp,53,1,32,complementary_strong_added,et_120_d20_leaf2,0.008573388203017784,0.008262602880658387,0.0,1.2442732172682787,32
bbbp,53,2,32,complementary_strong_added,et_90_d12,0.0375195562508891,0.004451713838714344,0.0014791637035983518,1.2442732172682787,32
bbbp,53,3,32,complementary_strong_added,et_120_d20_leaf2,0.01844785941820981,0.0004200651100920716,0.0,1.2442732172682787,32
bbbp,53,1,4,exact_duplicate,base_1,0.0,0.0,0.0,1.174119155449055,4
bbbp,53,2,4,exact_duplicate,base_1,0.0,0.0,0.0,1.174119155449055,4
bbbp,53,3,4,exact_duplicate,base_1,0.0,0.0,0.0,1.174119155449055,4
bbbp,53,1,8,exact_duplicate,base_1,0.0,0.0,0.0,1.1741191554490549,4
bbbp,53,2,8,exact_duplicate,base_1,0.0,0.0,0.0,1.1741191554490549,4
bbbp,53,3,8,exact_duplicate,base_1,0.0,0.0,0.0,1.1741191554490549,4
bbbp,53,1,16,exact_duplicate,base_1,0.0,0.0,0.0,1.1741191554490549,4
bbbp,53,2,16,exact_duplicate,base_1,0.0,0.0,0.0,1.1741191554490549,4
bbbp,53,3,16,exact_duplicate,base_1,0.0,0.0,0.0,1.1741191554490549,4
bbbp,53,1,32,exact_duplicate,base_1,0.0,0.0,0.0,1.1741191554490549,4
bbbp,53,2,32,exact_duplicate,base_1,0.0,0.0,0.0,1.1741191554490549,4
bbbp,53,3,32,exact_duplicate,base_1,0.0,0.0,0.0,1.1741191554490549,4
bbbp,53,1,4,near_duplicate_95pct_anchor,base_1,0.0,0.0,0.0,1.174119155449055,4
bbbp,53,2,4,near_duplicate_95pct_anchor,base_1,0.0,0.0,0.0,1.174119155449055,4
bbbp,53,3,4,near_duplicate_95pct_anchor,base_1,0.0,0.0,0.0,1.174119155449055,4
bbbp,53,1,8,near_duplicate_95pct_anchor,near_duplicate_95pct_anchor_1,0.0,0.0008790402091907179,0.0,1.164998299433051,4
bbbp,53,2,8,near_duplicate_95pct_anchor,near_duplicate_95pct_anchor_1,0.0017220167828189137,0.0,0.0,1.164998299433051,4
bbbp,53,3,8,near_duplicate_95pct_anchor,near_duplicate_95pct_anchor_1,8.488815766438673e-05,0.0,0.0,1.164998299433051,4
bbbp,53,1,16,near_duplicate_95pct_anchor,near_duplicate_95pct_anchor_5,1.1252572016395845e-05,0.0,0.0,1.1613090881470718,4
bbbp,53,2,16,near_duplicate_95pct_anchor,near_duplicate_95pct_anchor_9,0.0018059308775423277,0.001077016071682646,0.001077016071682646,1.1613090881470718,4
bbbp,53,3,16,near_duplicate_95pct_anchor,near_duplicate_95pct_anchor_1,8.488815766438673e-05,0.0,-9.889032800092235e-05,1.1613090881470718,4
bbbp,53,1,32,near_duplicate_95pct_anchor,near_duplicate_95pct_anchor_5,1.1252572016395845e-05,0.0,0.0,1.158647198567291,4
bbbp,53,2,32,near_duplicate_95pct_anchor,near_duplicate_95pct_anchor_9,0.0018059308775423277,0.001077016071682646,0.001077016071682646,1.158647198567291,4
bbbp,53,3,32,near_duplicate_95pct_anchor,near_duplicate_95pct_anchor_1,8.488815766438673e-05,0.0,-9.889032800092235e-05,1.158647198567291,4
bbbp,71,1,4,registered,logreg_l2_c0.1,0.0,0.0,0.0,1.1646094018128328,4
bbbp,71,2,4,registered,logreg_l2_c0.1,0.0,0.0,0.0,1.1646094018128328,4
bbbp,71,3,4,registered,logreg_l2_c0.1,0.0,0.0,0.0,1.1646094018128328,4
bbbp,71,1,8,registered,rf_120_d20_leaf2,0.04923509759099698,0.0,0.0,1.3188970228744339,8
bbbp,71,2,8,registered,rf_120_d20_leaf2,0.026197419461333138,0.0021802525516521065,0.0,1.3188970228744339,8
bbbp,71,3,8,registered,rf_120_d20_leaf2,0.00944019748367575,0.00036231884057968955,0.0,1.3188970228744339,8
bbbp,71,1,16,registered,et_90_leaf2,0.06138561631791806,0.0,-0.0036047125021978488,1.2853792421812622,16
bbbp,71,2,16,registered,et_90_leaf2,0.026197419461333138,0.005027648628572856,0.002558529808247667,1.2853792421812622,16
bbbp,71,3,16,registered,et_120_d20_leaf2,0.025441949354993,0.0,0.0,1.2853792421812622,16
bbbp,71,1,32,registered,et_90_leaf2,0.06138561631791806,0.0,-0.0036047125021978488,1.2114884583581038,32
bbbp,71,2,32,registered,et_90_leaf2,0.026197419461333138,0.005027648628572856,0.002558529808247667,1.2114884583581038,32
bbbp,71,3,32,registered,et_120_d20_leaf2,0.02913680522376183,0.0036948558687688315,0.0,1.2114884583581038,32
bbbp,71,1,4,weak_added,logreg_l2_c0.1,0.0,0.0,0.0,1.1646094018128328,4
bbbp,71,2,4,weak_added,logreg_l2_c0.1,0.0,0.0,0.0,1.1646094018128328,4
bbbp,71,3,4,weak_added,logreg_l2_c0.1,0.0,0.0,0.0,1.1646094018128328,4
bbbp,71,1,8,weak_added,logreg_l2_c0.1,0.01585194302795845,0.01585194302795845,0.0,1.295113964209688,8
bbbp,71,2,8,weak_added,logreg_l2_c0.1,0.011630306198244789,0.011630306198244789,0.0,1.295113964209688,8
bbbp,71,3,8,weak_added,logreg_l2_c0.1,0.0,0.0,0.0,1.295113964209688,8
bbbp,71,1,16,weak_added,histgb_lr0.05,0.03842975206611576,0.0065500263759452615,0.0,1.2283320115458225,16
bbbp,71,2,16,weak_added,xgb_80_d5,0.022091391785193593,0.0030949957357836455,-0.007868166937192389,1.2283320115458225,16
bbbp,71,3,16,weak_added,logreg_l2_c0.1,0.017172320433190058,0.017172320433190058,0.013274406752667667,1.2283320115458225,16
bbbp,71,1,32,weak_added,et_90_leaf2,0.06138561631791806,0.0,-0.0036047125021978488,1.2114884583581038,32
bbbp,71,2,32,weak_added,et_90_leaf2,0.026197419461333138,0.005027648628572856,0.002558529808247667,1.2114884583581038,32
bbbp,71,3,32,weak_added,et_120_d20_leaf2,0.02913680522376183,0.0036948558687688315,0.0,1.2114884583581038,32
bbbp,71,1,4,complementary_strong_added,logreg_l2_c0.1,0.0,0.0,0.0,1.1646094018128328,4
bbbp,71,2,4,complementary_strong_added,logreg_l2_c0.1,0.0,0.0,0.0,1.1646094018128328,4
bbbp,71,3,4,complementary_strong_added,logreg_l2_c0.1,0.0,0.0,0.0,1.1646094018128328,4
bbbp,71,1,8,complementary_strong_added,et_120_d20_leaf2,0.05778090381572021,0.0,0.0,1.3163502816645203,8
bbbp,71,2,8,complementary_strong_added,et_120_d20_leaf2,0.026197419461333138,0.002469118820325189,0.0,1.3163502816645203,8
bbbp,71,3,8,complementary_strong_added,et_120_d20_leaf2,0.025441949354993,0.0,0.0,1.3163502816645203,8
bbbp,71,1,16,complementary_strong_added,et_90_leaf2,0.06138561631791806,0.0,-0.0036047125021978488,1.2805805442195102,16
bbbp,71,2,16,complementary_strong_added,et_90_leaf2,0.026197419461333138,0.005027648628572856,0.002558529808247667,1.2805805442195102,16
bbbp,71,3,16,complementary_strong_added,et_120_d20_leaf2,0.02913680522376183,0.0036948558687688315,0.0,1.2805805442195102,16
bbbp,71,1,32,complementary_strong_added,et_90_leaf2,0.06138561631791806,0.0,-0.0036047125021978488,1.2114884583581038,32
bbbp,71,2,32,complementary_strong_added,et_90_leaf2,0.026197419461333138,0.005027648628572856,0.002558529808247667,1.2114884583581038,32
bbbp,71,3,32,complementary_strong_added,et_120_d20_leaf2,0.02913680522376183,0.0036948558687688315,0.0,1.2114884583581038,32
bbbp,71,1,4,exact_duplicate,base_1,0.0,0.0,0.0,1.1646094018128328,4
bbbp,71,2,4,exact_duplicate,base_1,0.0,0.0,0.0,1.1646094018128328,4
bbbp,71,3,4,exact_duplicate,base_1,0.0,0.0,0.0,1.1646094018128328,4
bbbp,71,1,8,exact_duplicate,base_1,0.0,0.0,0.0,1.1646094018128328,4
bbbp,71,2,8,exact_duplicate,base_1,0.0,0.0,0.0,1.1646094018128328,4
bbbp,71,3,8,exact_duplicate,base_1,0.0,0.0,0.0,1.1646094018128328,4
bbbp,71,1,16,exact_duplicate,base_1,0.0,0.0,0.0,1.1646094018128332,4
bbbp,71,2,16,exact_duplicate,base_1,0.0,0.0,0.0,1.1646094018128332,4
bbbp,71,3,16,exact_duplicate,base_1,0.0,0.0,0.0,1.1646094018128332,4
bbbp,71,1,32,exact_duplicate,base_1,0.0,0.0,0.0,1.1646094018128332,4
bbbp,71,2,32,exact_duplicate,base_1,0.0,0.0,0.0,1.1646094018128332,4
bbbp,71,3,32,exact_duplicate,base_1,0.0,0.0,0.0,1.1646094018128332,4
bbbp,71,1,4,near_duplicate_95pct_anchor,base_1,0.0,0.0,0.0,1.1646094018128328,4
bbbp,71,2,4,near_duplicate_95pct_anchor,base_1,0.0,0.0,0.0,1.1646094018128328,4
bbbp,71,3,4,near_duplicate_95pct_anchor,base_1,0.0,0.0,0.0,1.1646094018128328,4
bbbp,71,1,8,near_duplicate_95pct_anchor,base_1,0.0016084930543344145,0.0016084930543344145,0.0016084930543344145,1.1556956372699605,4
bbbp,71,2,8,near_duplicate_95pct_anchor,near_duplicate_95pct_anchor_1,0.0013098709730666735,0.0,0.0,1.1556956372699605,4
bbbp,71,3,8,near_duplicate_95pct_anchor,base_1,0.00047200987418372087,0.00047200987418372087,0.00047200987418372087,1.1556956372699605,4
bbbp,71,1,16,near_duplicate_95pct_anchor,near_duplicate_95pct_anchor_5,0.0027505714788113034,0.0,0.0,1.1523638752902767,4
bbbp,71,2,16,near_duplicate_95pct_anchor,near_duplicate_95pct_anchor_5,0.0013098709730666735,0.0003170651187103246,0.0,1.1523638752902767,4
bbbp,71,3,16,near_duplicate_95pct_anchor,base_1,0.000663720337633289,0.000663720337633289,0.00017478897913680846,1.1523638752902767,4
bbbp,71,1,32,near_duplicate_95pct_anchor,near_duplicate_95pct_anchor_17,0.0027505714788113034,0.0006712678037629205,0.0006712678037629205,1.1496428014167517,4
bbbp,71,2,32,near_duplicate_95pct_anchor,near_duplicate_95pct_anchor_5,0.0013098709730666735,0.0003170651187103246,0.0,1.1496428014167517,4
bbbp,71,3,32,near_duplicate_95pct_anchor,near_duplicate_95pct_anchor_17,0.0007935180761267091,0.0,-0.0006187290969899006,1.1496428014167517,4
bbbp,83,1,4,registered,logreg_l2_c0.1,0.0,0.0,0.0,1.1786481126595345,4
bbbp,83,2,4,registered,logreg_l2_c0.1,0.0,0.0,0.0,1.1786481126595345,4
bbbp,83,3,4,registered,logreg_l2_c0.1,0.0,0.0,0.0,1.1786481126595345,4
bbbp,83,1,8,registered,rf_90_leaf2,0.038202247191011174,0.004332084893882371,0.004332084893882371,1.340947642956546,8
bbbp,83,2,8,registered,rf_120_d20_leaf2,0.004438807863031191,0.0,0.0,1.340947642956546,8
bbbp,83,3,8,registered,rf_120_d20_leaf2,0.04793580403336517,0.005988204594476354,0.0,1.340947642956546,8
bbbp,83,1,16,registered,et_60_sqrt,0.03926342072409483,0.010099875156054816,0.007802746566791585,1.3242616443335404,16
bbbp,83,2,16,registered,et_120_d20_leaf2,0.024621512365250564,0.0,0.0,1.3242616443335404,16
bbbp,83,3,16,registered,et_60_sqrt,0.04793580403336517,0.013288685762553376,-0.00834125224369131,1.3242616443335404,16
bbbp,83,1,32,registered,et_60_sqrt,0.03926342072409483,0.010099875156054816,0.007802746566791585,1.2354577675126825,32
bbbp,83,2,32,registered,et_120_d20_leaf2,0.024621512365250564,0.0,0.0,1.2354577675126825,32
bbbp,83,3,32,registered,lgbm_80_bag0.8,0.05158604461740357,0.029624266558064494,0.004344087967781407,1.2354577675126825,32
bbbp,83,1,4,weak_added,logreg_l2_c0.1,0.0,0.0,0.0,1.1786481126595345,4
bbbp,83,2,4,weak_added,logreg_l2_c0.1,0.0,0.0,0.0,1.1786481126595345,4
bbbp,83,3,4,weak_added,logreg_l2_c0.1,0.0,0.0,0.0,1.1786481126595345,4
bbbp,83,1,8,weak_added,logreg_l2_c0.1,0.007771535580524458,0.007771535580524458,0.0,1.3183707014727721,8
bbbp,83,2,8,weak_added,cat_100_d4,0.0,0.05467263792010124,0.05467263792010124,1.3183707014727721,8
bbbp,83,3,8,weak_added,xgb_60_d3,0.017791151937493477,0.0,-0.017791151937493477,1.3183707014727721,8
bbbp,83,1,16,weak_added,histgb_lr0.05,0.029232209737827586,0.003464419475655345,0.0,1.2496770826949932,16
bbbp,83,2,16,weak_added,cat_60_d8,0.0,0.005389980976537645,-0.0013474952441343557,1.2496770826949932,16
bbbp,83,3,16,weak_added,lgbm_60_l15,0.04148000663680118,0.0,-0.013454605789100516,1.2496770826949932,16
bbbp,83,1,32,weak_added,et_60_sqrt,0.03926342072409483,0.010099875156054816,0.007802746566791585,1.2354577675126819,32
bbbp,83,2,32,weak_added,et_120_d20_leaf2,0.024621512365250564,0.0,0.0,1.2354577675126819,32
bbbp,83,3,32,weak_added,lgbm_80_bag0.8,0.05158604461740357,0.029624266558064494,0.004344087967781407,1.2354577675126819,32
bbbp,83,1,4,complementary_strong_added,logreg_l2_c0.1,0.0,0.0,0.0,1.1786481126595345,4
bbbp,83,2,4,complementary_strong_added,logreg_l2_c0.1,0.0,0.0,0.0,1.1786481126595345,4
bbbp,83,3,4,complementary_strong_added,logreg_l2_c0.1,0.0,0.0,0.0,1.1786481126595345,4
bbbp,83,1,8,complementary_strong_added,et_60_sqrt,0.0369662921348316,0.007802746566791585,0.007802746566791585,1.3846549693456691,8
bbbp,83,2,8,complementary_strong_added,et_120_d20_leaf2,0.024621512365250564,0.0,0.0,1.3846549693456691,8
bbbp,83,3,8,complementary_strong_added,et_60_sqrt,0.04712128753940603,0.012474169268594237,-0.00834125224369131,1.3846549693456691,8
bbbp,83,1,16,complementary_strong_added,et_60_sqrt,0.03926342072409483,0.010099875156054816,0.007802746566791585,1.2922220727496103,16
bbbp,83,2,16,complementary_strong_added,et_120_d20_leaf2,0.024621512365250564,0.0,0.0,1.2922220727496103,16
bbbp,83,3,16,complementary_strong_added,lgbm_80_bag0.8,0.04793580403336517,0.025974025974026094,0.004344087967781407,1.2922220727496103,16
bbbp,83,1,32,complementary_strong_added,et_60_sqrt,0.03926342072409483,0.010099875156054816,0.007802746566791585,1.2354577675126825,32
bbbp,83,2,32,complementary_strong_added,et_120_d20_leaf2,0.024621512365250564,0.0,0.0,1.2354577675126825,32
bbbp,83,3,32,complementary_strong_added,lgbm_80_bag0.8,0.05158604461740357,0.029624266558064494,0.004344087967781407,1.2354577675126825,32
bbbp,83,1,4,exact_duplicate,base_1,0.0,0.0,0.0,1.1786481126595345,4
bbbp,83,2,4,exact_duplicate,base_1,0.0,0.0,0.0,1.1786481126595345,4
bbbp,83,3,4,exact_duplicate,base_1,0.0,0.0,0.0,1.1786481126595345,4
bbbp,83,1,8,exact_duplicate,base_1,0.0,0.0,0.0,1.1786481126595347,4
bbbp,83,2,8,exact_duplicate,base_1,0.0,0.0,0.0,1.1786481126595347,4
bbbp,83,3,8,exact_duplicate,base_1,0.0,0.0,0.0,1.1786481126595347,4
bbbp,83,1,16,exact_duplicate,base_1,0.0,0.0,0.0,1.1786481126595345,4
bbbp,83,2,16,exact_duplicate,base_1,0.0,0.0,0.0,1.1786481126595345,4
bbbp,83,3,16,exact_duplicate,base_1,0.0,0.0,0.0,1.1786481126595345,4
bbbp,83,1,32,exact_duplicate,base_1,0.0,0.0,0.0,1.1786481126595352,4
bbbp,83,2,32,exact_duplicate,base_1,0.0,0.0,0.0,1.1786481126595352,4
bbbp,83,3,32,exact_duplicate,base_1,0.0,0.0,0.0,1.1786481126595352,4
bbbp,83,1,4,near_duplicate_95pct_anchor,base_1,0.0,0.0,0.0,1.1786481126595345,4
bbbp,83,2,4,near_duplicate_95pct_anchor,base_1,0.0,0.0,0.0,1.1786481126595345,4
bbbp,83,3,4,near_duplicate_95pct_anchor,base_1,0.0,0.0,0.0,1.1786481126595345,4
bbbp,83,1,8,near_duplicate_95pct_anchor,base_1,0.0005093632958801386,0.0005093632958801386,0.0005093632958801386,1.169745847115393,4
bbbp,83,2,8,near_duplicate_95pct_anchor,near_duplicate_95pct_anchor_1,7.059487951810439e-05,0.0,0.0,1.169745847115393,4
bbbp,83,3,8,near_duplicate_95pct_anchor,near_duplicate_95pct_anchor_1,0.002356064376970335,0.0,0.0,1.169745847115393,4
bbbp,83,1,16,near_duplicate_95pct_anchor,near_duplicate_95pct_anchor_5,0.0014581772784020286,0.0,0.0,1.1660771841491038,4
bbbp,83,2,16,near_duplicate_95pct_anchor,near_duplicate_95pct_anchor_5,0.0006499682942295859,0.0,0.0,1.1660771841491038,4
bbbp,83,3,16,near_duplicate_95pct_anchor,near_duplicate_95pct_anchor_5,0.002356064376970335,0.0006237084634297396,0.0,1.1660771841491038,4
bbbp,83,1,32,near_duplicate_95pct_anchor,near_duplicate_95pct_anchor_5,0.0015337078651684877,7.553058676645907e-05,0.0,1.1633509683158354,4
bbbp,83,2,32,near_duplicate_95pct_anchor,near_duplicate_95pct_anchor_5,0.0006499682942295859,0.0,0.0,1.1633509683158354,4
bbbp,83,3,32,near_duplicate_95pct_anchor,near_duplicate_95pct_anchor_5,0.002356064376970335,0.0006237084634297396,0.0,1.1633509683158354,4
bbbp,97,1,4,registered,logreg_l2_c0.1,0.0,0.0,0.0,1.1964856311697556,4
bbbp,97,2,4,registered,logreg_l2_c0.1,0.0,0.0,0.0,1.1964856311697556,4
bbbp,97,3,4,registered,logreg_l2_c0.1,0.0,0.0,0.0,1.1964856311697556,4
bbbp,97,1,8,registered,rf_90_d12,0.015473785896197412,0.020251163607622802,0.018617721963642753,1.4179728848823223,8
bbbp,97,2,8,registered,rf_90_leaf2,0.010019175455417084,0.0,-0.006040268456375841,1.4179728848823223,8
bbbp,97,3,8,registered,rf_60_sqrt,0.031443987532413176,0.0019120458891016545,0.0019120458891016545,1.4179728848823223,8
bbbp,97,1,16,registered,et_90_leaf2,0.02781680864143321,0.005405286730482017,0.003583033283568793,1.367964751623424,16
bbbp,97,2,16,registered,et_90_leaf2,0.015132630233301358,0.0,-0.004969638862256209,1.367964751623424,16
bbbp,97,3,16,registered,rf_60_sqrt,0.039458864820974715,0.009926923177663194,0.009926923177663194,1.367964751623424,16
bbbp,97,1,32,registered,et_90_leaf2,0.02781680864143321,0.005405286730482017,0.003583033283568793,1.2669169348858504,32
bbbp,97,2,32,registered,et_90_leaf2,0.015132630233301358,0.0,-0.004969638862256209,1.2669169348858504,32
bbbp,97,3,32,registered,rf_60_sqrt,0.039458864820974715,0.009926923177663194,0.009926923177663194,1.2669169348858504,32
bbbp,97,1,4,weak_added,logreg_l2_c0.1,0.0,0.0,0.0,1.1964856311697556,4
bbbp,97,2,4,weak_added,logreg_l2_c0.1,0.0,0.0,0.0,1.1964856311697556,4
bbbp,97,3,4,weak_added,logreg_l2_c0.1,0.0,0.0,0.0,1.1964856311697556,4
bbbp,97,1,8,weak_added,logreg_l2_c0.1,0.0,0.0,0.0,1.3710644632621813,8
bbbp,97,2,8,weak_added,logreg_l2_c0.1,0.0,0.0,0.0,1.3710644632621813,8
bbbp,97,3,8,weak_added,logreg_l2_c0.1,0.005245029990308736,0.005245029990308736,0.0,1.3710644632621813,8
bbbp,97,1,16,weak_added,xgb_80_d5,0.01438482480021075,0.008593132519539859,0.00274435760077274,1.2835754221374065,16
bbbp,97,2,16,weak_added,xgb_80_d5,0.0,0.00893256631511663,0.006991051454138697,1.2835754221374065,16
bbbp,97,3,16,weak_added,xgb_80_d5,0.017489981403388977,0.002252547211817779,0.00041907855103595626,1.2835754221374065,16
bbbp,97,1,32,weak_added,et_90_leaf2,0.02781680864143321,0.005405286730482017,0.003583033283568793,1.26691693488585,32
bbbp,97,2,32,weak_added,et_90_leaf2,0.015132630233301358,0.0,-0.004969638862256209,1.26691693488585,32
bbbp,97,3,32,weak_added,rf_60_sqrt,0.039458864820974715,0.009926923177663194,0.009926923177663194,1.26691693488585,32
bbbp,97,1,4,complementary_strong_added,logreg_l2_c0.1,0.0,0.0,0.0,1.1964856311697556,4
bbbp,97,2,4,complementary_strong_added,logreg_l2_c0.1,0.0,0.0,0.0,1.1964856311697556,4
bbbp,97,3,4,complementary_strong_added,logreg_l2_c0.1,0.0,0.0,0.0,1.1964856311697556,4
bbbp,97,1,8,complementary_strong_added,et_120_d20_leaf2,0.02781680864143321,0.0018222534469132246,0.0,1.4465944575479535,8
bbbp,97,2,8,complementary_strong_added,et_120_d20_leaf2,0.01016299137104515,0.0,0.0,1.4465944575479535,8
bbbp,97,3,8,complementary_strong_added,et_60_sqrt,0.039458864820974715,0.01343670604258873,0.01343670604258873,1.4465944575479535,8
bbbp,97,1,16,complementary_strong_added,et_90_leaf2,0.02781680864143321,0.005405286730482017,0.003583033283568793,1.362424437518765,16
bbbp,97,2,16,complementary_strong_added,et_90_leaf2,0.015132630233301358,0.0,-0.004969638862256209,1.362424437518765,16
bbbp,97,3,16,complementary_strong_added,rf_60_sqrt,0.039458864820974715,0.009926923177663194,0.009926923177663194,1.362424437518765,16
bbbp,97,1,32,complementary_strong_added,et_90_leaf2,0.02781680864143321,0.005405286730482017,0.003583033283568793,1.26691693488585,32
bbbp,97,2,32,complementary_strong_added,et_90_leaf2,0.015132630233301358,0.0,-0.004969638862256209,1.26691693488585,32
bbbp,97,3,32,complementary_strong_added,rf_60_sqrt,0.039458864820974715,0.009926923177663194,0.009926923177663194,1.26691693488585,32
bbbp,97,1,4,exact_duplicate,base_1,0.0,0.0,0.0,1.1964856311697556,4
bbbp,97,2,4,exact_duplicate,base_1,0.0,0.0,0.0,1.1964856311697556,4
bbbp,97,3,4,exact_duplicate,base_1,0.0,0.0,0.0,1.1964856311697556,4
bbbp,97,1,8,exact_duplicate,base_1,0.0,0.0,0.0,1.196485631169756,4
bbbp,97,2,8,exact_duplicate,base_1,0.0,0.0,0.0,1.196485631169756,4
bbbp,97,3,8,exact_duplicate,base_1,0.0,0.0,0.0,1.196485631169756,4
bbbp,97,1,16,exact_duplicate,base_1,0.0,0.0,0.0,1.196485631169756,4
bbbp,97,2,16,exact_duplicate,base_1,0.0,0.0,0.0,1.196485631169756,4
bbbp,97,3,16,exact_duplicate,base_1,0.0,0.0,0.0,1.196485631169756,4
bbbp,97,1,32,exact_duplicate,base_1,0.0,0.0,0.0,1.1964856311697567,4
bbbp,97,2,32,exact_duplicate,base_1,0.0,0.0,0.0,1.1964856311697567,4
bbbp,97,3,32,exact_duplicate,base_1,0.0,0.0,0.0,1.1964856311697567,4
bbbp,97,1,4,near_duplicate_95pct_anchor,base_1,0.0,0.0,0.0,1.1964856311697556,4
bbbp,97,2,4,near_duplicate_95pct_anchor,base_1,0.0,0.0,0.0,1.1964856311697556,4
bbbp,97,3,4,near_duplicate_95pct_anchor,base_1,0.0,0.0,0.0,1.1964856311697556,4
bbbp,97,1,8,near_duplicate_95pct_anchor,near_duplicate_95pct_anchor_1,0.0002858522876963976,0.0,0.0,1.1862960775141502,4
bbbp,97,2,8,near_duplicate_95pct_anchor,near_duplicate_95pct_anchor_1,0.0004693991690635224,0.0,0.0,1.1862960775141502,4
bbbp,97,3,8,near_duplicate_95pct_anchor,near_duplicate_95pct_anchor_1,0.0014765970821655205,0.0,0.0,1.1862960775141502,4
bbbp,97,1,16,near_duplicate_95pct_anchor,near_duplicate_95pct_anchor_5,0.001390840432071605,0.0,0.0,1.1822302110623757,4
bbbp,97,2,16,near_duplicate_95pct_anchor,near_duplicate_95pct_anchor_1,0.0004693991690635224,0.0,-3.994886545233278e-06,1.1822302110623757,4
bbbp,97,3,16,near_duplicate_95pct_anchor,near_duplicate_95pct_anchor_1,0.0014765970821655205,0.0,-0.00017548914324627685,1.1822302110623757,4
bbbp,97,1,32,near_duplicate_95pct_anchor,near_duplicate_95pct_anchor_5,0.001390840432071605,0.0,0.0,1.179375683275094,4
bbbp,97,2,32,near_duplicate_95pct_anchor,near_duplicate_95pct_anchor_1,0.0006144135506550574,0.000145014381591535,-3.994886545233278e-06,1.179375683275094,4
bbbp,97,3,32,near_duplicate_95pct_anchor,near_duplicate_95pct_anchor_1,0.0014765970821655205,0.0,-0.00017548914324627685,1.179375683275094,4
bbbp,113,1,4,registered,logreg_l2_c0.1,0.0,0.0,0.0,1.1646805294987264,4
bbbp,113,2,4,registered,logreg_l2_c0.1,0.0,0.0,0.0,1.1646805294987264,4
bbbp,113,3,4,registered,logreg_l2_c0.1,0.0,0.0,0.0,1.1646805294987264,4
bbbp,113,1,8,registered,rf_120_d20_leaf2,0.055876327062767794,0.0009312721177127115,0.0,1.3392899241529483,8
bbbp,113,2,8,registered,rf_120_d20_leaf2,0.019750295985362043,8.610483263360447e-05,0.0,1.3392899241529483,8
bbbp,113,3,8,registered,rf_120_d20_leaf2,0.026881720430107503,0.008069175006056306,0.0,1.3392899241529483,8
bbbp,113,1,16,registered,et_90_leaf2,0.06826224622834798,0.014527845036319542,0.0,1.309788297487221,16
bbbp,113,2,16,registered,et_120_d20_leaf2,0.024141642449682532,0.0,-0.0024216984178238032,1.309788297487221,16
bbbp,113,3,16,registered,rf_120_d20_leaf2,0.02969568215277385,0.010883136728722653,0.007100128585005749,1.309788297487221,16
bbbp,113,1,32,registered,et_90_leaf2,0.06826224622834798,0.014527845036319542,0.0,1.2328107256291128,32
bbbp,113,2,32,registered,et_120_d20_leaf2,0.02461521902916808,0.0004735765794855462,-0.0024216984178238032,1.2328107256291128,32
bbbp,113,3,32,registered,rf_120_d20_leaf2,0.02969568215277385,0.010883136728722653,0.007100128585005749,1.2328107256291128,32
bbbp,113,1,4,weak_added,logreg_l2_c0.1,0.0,0.0,0.0,1.1646805294987264,4
bbbp,113,2,4,weak_added,logreg_l2_c0.1,0.0,0.0,0.0,1.1646805294987264,4
bbbp,113,3,4,weak_added,logreg_l2_c0.1,0.0,0.0,0.0,1.1646805294987264,4
bbbp,113,1,8,weak_added,logreg_l2_c0.1,0.016753585397653037,0.016753585397653037,0.0,1.3411155122712917,8
bbbp,113,2,8,weak_added,cat_100_d4,0.0,0.009127112259175507,0.009127112259175507,1.3411155122712917,8
bbbp,113,3,8,weak_added,logreg_l2_c0.1,0.0,0.0,0.0,1.3411155122712917,8
bbbp,113,1,16,weak_added,logreg_l2_c0.1,0.03418699944123671,0.03418699944123671,0.02105606258148629,1.2647003465934776,16
bbbp,113,2,16,weak_added,histgb_lr0.05,0.016219997847379042,0.0006888386610697239,0.0,1.2647003465934776,16
bbbp,113,3,16,weak_added,cat_60_d8,0.0066062876204320276,0.0033543914574831746,0.0029304336482736115,1.2647003465934776,16
bbbp,113,1,32,weak_added,et_90_leaf2,0.06826224622834798,0.014527845036319542,0.0,1.2328107256291123,32
bbbp,113,2,32,weak_added,et_120_d20_leaf2,0.02461521902916808,0.0004735765794855462,-0.0024216984178238032,1.2328107256291123,32
bbbp,113,3,32,weak_added,rf_120_d20_leaf2,0.02969568215277385,0.010883136728722653,0.007100128585005749,1.2328107256291123,32
bbbp,113,1,4,complementary_strong_added,logreg_l2_c0.1,0.0,0.0,0.0,1.1646805294987264,4
bbbp,113,2,4,complementary_strong_added,logreg_l2_c0.1,0.0,0.0,0.0,1.1646805294987264,4
bbbp,113,3,4,complementary_strong_added,logreg_l2_c0.1,0.0,0.0,0.0,1.1646805294987264,4
bbbp,113,1,8,complementary_strong_added,et_90_d12,0.0596759173030359,0.0,0.0,1.3762105736732813,8
bbbp,113,2,8,complementary_strong_added,et_90_d12,0.019750295985362043,0.008718114304165248,0.0,1.3762105736732813,8
bbbp,113,3,8,complementary_strong_added,et_90_d12,0.019534671362814837,0.002958386910419275,0.0,1.3762105736732813,8
bbbp,113,1,16,complementary_strong_added,et_90_leaf2,0.06826224622834798,0.014527845036319542,0.0,1.3004357387696308,16
bbbp,113,2,16,complementary_strong_added,et_120_d20_leaf2,0.024141642449682532,0.0,-0.0024216984178238032,1.3004357387696308,16
bbbp,113,3,16,complementary_strong_added,rf_120_d20_leaf2,0.02969568215277385,0.010883136728722653,0.007100128585005749,1.3004357387696308,16
bbbp,113,1,32,complementary_strong_added,et_90_leaf2,0.06826224622834798,0.014527845036319542,0.0,1.2328107256291123,32
bbbp,113,2,32,complementary_strong_added,et_120_d20_leaf2,0.02461521902916808,0.0004735765794855462,-0.0024216984178238032,1.2328107256291123,32
bbbp,113,3,32,complementary_strong_added,rf_120_d20_leaf2,0.02969568215277385,0.010883136728722653,0.007100128585005749,1.2328107256291123,32
bbbp,113,1,4,exact_duplicate,base_1,0.0,0.0,0.0,1.1646805294987257,4
bbbp,113,2,4,exact_duplicate,base_1,0.0,0.0,0.0,1.1646805294987257,4
bbbp,113,3,4,exact_duplicate,base_1,0.0,0.0,0.0,1.1646805294987257,4
bbbp,113,1,8,exact_duplicate,base_1,0.0,0.0,0.0,1.1646805294987261,4
bbbp,113,2,8,exact_duplicate,base_1,0.0,0.0,0.0,1.1646805294987261,4
bbbp,113,3,8,exact_duplicate,base_1,0.0,0.0,0.0,1.1646805294987261,4
bbbp,113,1,16,exact_duplicate,base_1,0.0,0.0,0.0,1.1646805294987266,4
bbbp,113,2,16,exact_duplicate,base_1,0.0,0.0,0.0,1.1646805294987266,4
bbbp,113,3,16,exact_duplicate,base_1,0.0,0.0,0.0,1.1646805294987266,4
bbbp,113,1,32,exact_duplicate,base_1,0.0,0.0,0.0,1.1646805294987261,4
bbbp,113,2,32,exact_duplicate,base_1,0.0,0.0,0.0,1.1646805294987261,4
bbbp,113,3,32,exact_duplicate,base_1,0.0,0.0,0.0,1.1646805294987261,4
bbbp,113,1,4,near_duplicate_95pct_anchor,base_1,0.0,0.0,0.0,1.1646805294987257,4
bbbp,113,2,4,near_duplicate_95pct_anchor,base_1,0.0,0.0,0.0,1.1646805294987257,4
bbbp,113,3,4,near_duplicate_95pct_anchor,base_1,0.0,0.0,0.0,1.1646805294987257,4
bbbp,113,1,8,near_duplicate_95pct_anchor,near_duplicate_95pct_anchor_1,0.0025810206742410413,0.0,0.0,1.155063901374904,4
bbbp,113,2,8,near_duplicate_95pct_anchor,near_duplicate_95pct_anchor_1,0.0008537832310838711,0.0,0.0,1.155063901374904,4
bbbp,113,3,8,near_duplicate_95pct_anchor,near_duplicate_95pct_anchor_1,0.0005196977320586216,0.0,0.0,1.155063901374904,4
bbbp,113,1,16,near_duplicate_95pct_anchor,near_duplicate_95pct_anchor_1,0.002746321475135094,0.00016530080089405264,0.00016530080089405264,1.1522627364271631,4
bbbp,113,2,16,near_duplicate_95pct_anchor,near_duplicate_95pct_anchor_1,0.0008537832310838711,0.0,-0.00017490044128731785,1.1522627364271631,4
bbbp,113,3,16,near_duplicate_95pct_anchor,near_duplicate_95pct_anchor_5,0.000976733568140653,0.0,0.0,1.1522627364271631,4
bbbp,113,1,32,near_duplicate_95pct_anchor,near_duplicate_95pct_anchor_1,0.002746321475135094,0.00016530080089405264,0.00016530080089405264,1.1498406729914636,4
bbbp,113,2,32,near_duplicate_95pct_anchor,near_duplicate_95pct_anchor_1,0.001230760951458354,0.00037697772037448285,-0.00017490044128731785,1.1498406729914636,4
bbbp,113,3,32,near_duplicate_95pct_anchor,near_duplicate_95pct_anchor_5,0.000976733568140653,0.0,0.0,1.1498406729914636,4
bbbp,127,1,4,registered,logreg_l2_c0.1,0.0,0.0,0.0,1.1802100722820195,4
bbbp,127,2,4,registered,logreg_l2_c0.1,0.0,0.0,0.0,1.1802100722820195,4
bbbp,127,3,4,registered,logreg_l2_c0.1,0.0,0.0,0.0,1.1802100722820195,4
bbbp,127,1,8,registered,rf_120_d20_leaf2,0.03082549634273768,0.018161723334137014,0.0,1.3587575399430911,8
bbbp,127,2,8,registered,rf_90_d12,0.018355431723674265,0.01794940005320389,0.012909006902538267,1.3587575399430911,8
bbbp,127,3,8,registered,rf_60_sqrt,0.01636050036003156,0.030661285731031662,0.030661285731031662,1.3587575399430911,8
bbbp,127,1,16,registered,et_120_d20_leaf2,0.041869624628245394,0.0,0.0,1.3172115449292032,16
bbbp,127,2,16,registered,rf_90_d12,0.018355431723674265,0.01794940005320389,0.014785153241952842,1.3172115449292032,16
bbbp,127,3,16,registered,et_60_sqrt,0.01636050036003156,0.0043622419076645436,0.0020011052129209617,1.3172115449292032,16
bbbp,127,1,32,registered,et_120_d20_leaf2,0.041869624628245394,0.0,0.0,1.2339623555040469,32
bbbp,127,2,32,registered,rf_90_d12,0.018355431723674265,0.01794940005320389,0.014785153241952842,1.2339623555040469,32
bbbp,127,3,32,registered,et_60_sqrt,0.01636050036003156,0.0043622419076645436,0.0020011052129209617,1.2339623555040469,32
bbbp,127,1,4,weak_added,logreg_l2_c0.1,0.0,0.0,0.0,1.1802100722820195,4
bbbp,127,2,4,weak_added,logreg_l2_c0.1,0.0,0.0,0.0,1.1802100722820195,4
bbbp,127,3,4,weak_added,logreg_l2_c0.1,0.0,0.0,0.0,1.1802100722820195,4
bbbp,127,1,8,weak_added,logreg_l2_c0.1,0.0,0.0,0.0,1.3538113302787815,8
bbbp,127,2,8,weak_added,logreg_l2_c0.1,0.0,0.0,0.0,1.3538113302787815,8
bbbp,127,3,8,weak_added,logreg_l2_c0.1,0.0,0.0,0.0,1.3538113302787815,8
bbbp,127,1,16,weak_added,logreg_l2_c0.1,0.018780644642713562,0.018780644642713562,0.013628325697291221,1.2681915462938158,16
bbbp,127,2,16,weak_added,logreg_l2_c0.1,0.004494350559343663,0.004494350559343663,0.004494350559343663,1.2681915462938158,16
bbbp,127,3,16,weak_added,lgbm_120_l15,0.005626538506622758,0.00942780112865682,0.00942780112865682,1.2681915462938158,16
bbbp,127,1,32,weak_added,et_120_d20_leaf2,0.041869624628245394,0.0,0.0,1.2339623555040473,32
bbbp,127,2,32,weak_added,rf_90_d12,0.018355431723674265,0.01794940005320389,0.014785153241952842,1.2339623555040473,32
bbbp,127,3,32,weak_added,et_60_sqrt,0.01636050036003156,0.0043622419076645436,0.0020011052129209617,1.2339623555040473,32
bbbp,127,1,4,complementary_strong_added,logreg_l2_c0.1,0.0,0.0,0.0,1.1802100722820195,4
bbbp,127,2,4,complementary_strong_added,logreg_l2_c0.1,0.0,0.0,0.0,1.1802100722820195,4
bbbp,127,3,4,complementary_strong_added,logreg_l2_c0.1,0.0,0.0,0.0,1.1802100722820195,4
bbbp,127,1,8,complementary_strong_added,et_120_d20_leaf2,0.041869624628245394,0.0,0.0,1.3408696270951719,8
bbbp,127,2,8,complementary_strong_added,rf_120_d20_leaf2,0.018355431723674265,0.005040393150665623,0.001876146339414575,1.3408696270951719,8
bbbp,127,3,8,complementary_strong_added,et_60_sqrt,0.01636050036003156,0.0043622419076645436,0.0020011052129209617,1.3408696270951719,8
bbbp,127,1,16,complementary_strong_added,et_120_d20_leaf2,0.041869624628245394,0.0,0.0,1.2956002835486198,16
bbbp,127,2,16,complementary_strong_added,rf_90_d12,0.018355431723674265,0.01794940005320389,0.014785153241952842,1.2956002835486198,16
bbbp,127,3,16,complementary_strong_added,et_60_sqrt,0.01636050036003156,0.0043622419076645436,0.0020011052129209617,1.2956002835486198,16
bbbp,127,1,32,complementary_strong_added,et_120_d20_leaf2,0.041869624628245394,0.0,0.0,1.2339623555040466,32
bbbp,127,2,32,complementary_strong_added,rf_90_d12,0.018355431723674265,0.01794940005320389,0.014785153241952842,1.2339623555040466,32
bbbp,127,3,32,complementary_strong_added,et_60_sqrt,0.01636050036003156,0.0043622419076645436,0.0020011052129209617,1.2339623555040466,32
bbbp,127,1,4,exact_duplicate,base_1,0.0,0.0,0.0,1.1802100722820188,4
bbbp,127,2,4,exact_duplicate,base_1,0.0,0.0,0.0,1.1802100722820188,4
bbbp,127,3,4,exact_duplicate,base_1,0.0,0.0,0.0,1.1802100722820188,4
bbbp,127,1,8,exact_duplicate,base_1,0.0,0.0,0.0,1.1802100722820192,4
bbbp,127,2,8,exact_duplicate,base_1,0.0,0.0,0.0,1.1802100722820192,4
bbbp,127,3,8,exact_duplicate,base_1,0.0,0.0,0.0,1.1802100722820192,4
bbbp,127,1,16,exact_duplicate,base_1,0.0,0.0,0.0,1.1802100722820192,4
bbbp,127,2,16,exact_duplicate,base_1,0.0,0.0,0.0,1.1802100722820192,4
bbbp,127,3,16,exact_duplicate,base_1,0.0,0.0,0.0,1.1802100722820192,4
bbbp,127,1,32,exact_duplicate,base_1,0.0,0.0,0.0,1.1802100722820197,4
bbbp,127,2,32,exact_duplicate,base_1,0.0,0.0,0.0,1.1802100722820197,4
bbbp,127,3,32,exact_duplicate,base_1,0.0,0.0,0.0,1.1802100722820197,4
bbbp,127,1,4,near_duplicate_95pct_anchor,base_1,0.0,0.0,0.0,1.1802100722820188,4
bbbp,127,2,4,near_duplicate_95pct_anchor,base_1,0.0,0.0,0.0,1.1802100722820188,4
bbbp,127,3,4,near_duplicate_95pct_anchor,base_1,0.0,0.0,0.0,1.1802100722820188,4
bbbp,127,1,8,near_duplicate_95pct_anchor,near_duplicate_95pct_anchor_1,0.0012547222892049792,0.0,0.0,1.170339006828635,4
bbbp,127,2,8,near_duplicate_95pct_anchor,near_duplicate_95pct_anchor_1,0.0,0.00032692550018897926,0.0,1.170339006828635,4
bbbp,127,3,8,near_duplicate_95pct_anchor,near_duplicate_95pct_anchor_1,0.0,0.0007150392685500995,0.0,1.170339006828635,4
bbbp,127,1,16,near_duplicate_95pct_anchor,near_duplicate_95pct_anchor_1,0.0018983602604291105,0.0006436379712241314,0.0006436379712241314,1.1666625063100078,4
bbbp,127,2,16,near_duplicate_95pct_anchor,near_duplicate_95pct_anchor_5,0.00016556291390723565,0.000540092127185865,0.0,1.1666625063100078,4
bbbp,127,3,16,near_duplicate_95pct_anchor,near_duplicate_95pct_anchor_5,0.0005999129226182953,0.0,0.0,1.1666625063100078,4
bbbp,127,1,32,near_duplicate_95pct_anchor,near_duplicate_95pct_anchor_1,0.0018983602604291105,0.0006436379712241314,0.0006436379712241314,1.1640993444645058,4
bbbp,127,2,32,near_duplicate_95pct_anchor,near_duplicate_95pct_anchor_5,0.00016556291390723565,0.000540092127185865,0.0,1.1640993444645058,4
bbbp,127,3,32,near_duplicate_95pct_anchor,near_duplicate_95pct_anchor_5,0.0005999129226182953,0.0,0.0,1.1640993444645058,4
bbbp,149,1,4,registered,logreg_l2_c0.1,0.0,0.0,0.0,1.2084775370979521,4
bbbp,149,2,4,registered,logreg_l2_c0.1,0.0,0.0,0.0,1.2084775370979521,4
bbbp,149,3,4,registered,logreg_l2_c0.1,0.0,0.0,0.0,1.2084775370979521,4
bbbp,149,1,8,registered,rf_90_d12,0.040651254115950386,0.0,-0.009426503679377363,1.402724717861299,8
bbbp,149,2,8,registered,rf_120_d20_leaf2,0.035760736591333386,0.0,0.0,1.402724717861299,8
bbbp,149,3,8,registered,rf_90_leaf2,0.023486901535682003,0.00043494262103116466,0.00043494262103116466,1.402724717861299,8
bbbp,149,1,16,registered,et_60_sqrt,0.04635928445452253,0.018097149460039375,0.018097149460039375,1.3668363902015936,16
bbbp,149,2,16,registered,et_90_d12,0.04474921125490938,0.02715858605369903,0.017320198313051427,1.3668363902015936,16
bbbp,149,3,16,registered,et_120_d20_leaf2,0.028170898992940563,0.0,0.0,1.3668363902015936,16
bbbp,149,1,32,registered,et_60_sqrt,0.04635928445452253,0.018097149460039375,0.018097149460039375,1.2637826198841315,32
bbbp,149,2,32,registered,et_90_d12,0.04474921125490938,0.02715858605369903,0.017320198313051427,1.2637826198841315,32
bbbp,149,3,32,registered,et_120_d20_leaf2,0.028170898992940563,0.0,0.0,1.2637826198841315,32
bbbp,149,1,4,weak_added,logreg_l2_c0.1,0.0,0.0,0.0,1.2084775370979521,4
bbbp,149,2,4,weak_added,logreg_l2_c0.1,0.0,0.0,0.0,1.2084775370979521,4
bbbp,149,3,4,weak_added,logreg_l2_c0.1,0.0,0.0,0.0,1.2084775370979521,4
bbbp,149,1,8,weak_added,logreg_l2_c0.1,0.010330057949105576,0.010330057949105576,0.0,1.3728931426567432,8
bbbp,149,2,8,weak_added,logreg_l2_c0.1,0.011679866074303047,0.011679866074303047,0.0,1.3728931426567432,8
bbbp,149,3,8,weak_added,logreg_l2_c0.1,0.0,0.0,0.0,1.3728931426567432,8
bbbp,149,1,16,weak_added,histgb_lr0.05,0.027541029183065335,0.011277052327955395,0.0,1.2832967520947987,16
bbbp,149,2,16,weak_added,cat_60_d8,0.02030777155366681,0.005910759126907417,0.005910759126907417,1.2832967520947987,16
bbbp,149,3,16,weak_added,xgb_80_d5,0.013901435310649357,0.0,-0.004734183144300408,1.2832967520947987,16
bbbp,149,1,32,weak_added,et_60_sqrt,0.04635928445452253,0.018097149460039375,0.018097149460039375,1.2637826198841315,32
bbbp,149,2,32,weak_added,et_90_d12,0.04474921125490938,0.02715858605369903,0.017320198313051427,1.2637826198841315,32
bbbp,149,3,32,weak_added,et_120_d20_leaf2,0.028170898992940563,0.0,0.0,1.2637826198841315,32
bbbp,149,1,4,complementary_strong_added,logreg_l2_c0.1,0.0,0.0,0.0,1.2084775370979521,4
bbbp,149,2,4,complementary_strong_added,logreg_l2_c0.1,0.0,0.0,0.0,1.2084775370979521,4
bbbp,149,3,4,complementary_strong_added,logreg_l2_c0.1,0.0,0.0,0.0,1.2084775370979521,4
bbbp,149,1,8,complementary_strong_added,et_60_sqrt,0.04635928445452253,0.018097149460039375,0.018097149460039375,1.4479796258714346,8
bbbp,149,2,8,complementary_strong_added,et_90_d12,0.03491082351426178,0.017320198313051427,0.017320198313051427,1.4479796258714346,8
bbbp,149,3,8,complementary_strong_added,et_120_d20_leaf2,0.028170898992940563,0.0,0.0,1.4479796258714346,8
bbbp,149,1,16,complementary_strong_added,et_60_sqrt,0.04635928445452253,0.018097149460039375,0.018097149460039375,1.3631888345233296,16
bbbp,149,2,16,complementary_strong_added,et_90_d12,0.04474921125490938,0.02715858605369903,0.017320198313051427,1.3631888345233296,16
bbbp,149,3,16,complementary_strong_added,et_120_d20_leaf2,0.028170898992940563,0.0,0.0,1.3631888345233296,16
bbbp,149,1,32,complementary_strong_added,et_60_sqrt,0.04635928445452253,0.018097149460039375,0.018097149460039375,1.2637826198841315,32
bbbp,149,2,32,complementary_strong_added,et_90_d12,0.04474921125490938,0.02715858605369903,0.017320198313051427,1.2637826198841315,32
bbbp,149,3,32,complementary_strong_added,et_120_d20_leaf2,0.028170898992940563,0.0,0.0,1.2637826198841315,32
bbbp,149,1,4,exact_duplicate,base_1,0.0,0.0,0.0,1.2084775370979524,4
bbbp,149,2,4,exact_duplicate,base_1,0.0,0.0,0.0,1.2084775370979524,4
bbbp,149,3,4,exact_duplicate,base_1,0.0,0.0,0.0,1.2084775370979524,4
bbbp,149,1,8,exact_duplicate,base_1,0.0,0.0,0.0,1.208477537097952,4
bbbp,149,2,8,exact_duplicate,base_1,0.0,0.0,0.0,1.208477537097952,4
bbbp,149,3,8,exact_duplicate,base_1,0.0,0.0,0.0,1.208477537097952,4
bbbp,149,1,16,exact_duplicate,base_1,0.0,0.0,0.0,1.2084775370979526,4
bbbp,149,2,16,exact_duplicate,base_1,0.0,0.0,0.0,1.2084775370979526,4
bbbp,149,3,16,exact_duplicate,base_1,0.0,0.0,0.0,1.2084775370979526,4
bbbp,149,1,32,exact_duplicate,base_1,0.0,0.0,0.0,1.2084775370979524,4
bbbp,149,2,32,exact_duplicate,base_1,0.0,0.0,0.0,1.2084775370979524,4
bbbp,149,3,32,exact_duplicate,base_1,0.0,0.0,0.0,1.2084775370979524,4
bbbp,149,1,4,near_duplicate_95pct_anchor,base_1,0.0,0.0,0.0,1.2084775370979524,4
bbbp,149,2,4,near_duplicate_95pct_anchor,base_1,0.0,0.0,0.0,1.2084775370979524,4
bbbp,149,3,4,near_duplicate_95pct_anchor,base_1,0.0,0.0,0.0,1.2084775370979524,4
bbbp,149,1,8,near_duplicate_95pct_anchor,near_duplicate_95pct_anchor_1,0.001948506094647251,0.0,0.0,1.1971427130513836,4
bbbp,149,2,8,near_duplicate_95pct_anchor,near_duplicate_95pct_anchor_1,0.0012098383877405805,0.0,0.0,1.1971427130513836,4
bbbp,149,3,8,near_duplicate_95pct_anchor,near_duplicate_95pct_anchor_1,0.0003960487135735713,0.0,0.0,1.1971427130513836,4
bbbp,149,1,16,near_duplicate_95pct_anchor,near_duplicate_95pct_anchor_5,0.001948506094647251,0.0005353993449231931,0.0,1.1927912694496303,4
bbbp,149,2,16,near_duplicate_95pct_anchor,near_duplicate_95pct_anchor_5,0.0016170884038374522,0.0,0.0,1.1927912694496303,4
bbbp,149,3,16,near_duplicate_95pct_anchor,near_duplicate_95pct_anchor_1,0.0008719763123556934,0.0004759275987821221,0.0004759275987821221,1.1927912694496303,4
bbbp,149,1,32,near_duplicate_95pct_anchor,near_duplicate_95pct_anchor_5,0.001948506094647251,0.0005353993449231931,0.0,1.1896018053911344,4
bbbp,149,2,32,near_duplicate_95pct_anchor,near_duplicate_95pct_anchor_5,0.0016170884038374522,0.0,0.0,1.1896018053911344,4
bbbp,149,3,32,near_duplicate_95pct_anchor,near_duplicate_95pct_anchor_1,0.0009413998460972017,0.0005453511325236304,0.0004759275987821221,1.1896018053911344,4
clintox,11,1,4,registered,logreg_l2_c0.1,0.0,0.0,0.0,1.387395530207239,4
clintox,11,2,4,registered,logreg_l1_c1,0.00834803855029187,0.0,-0.00834803855029187,1.387395530207239,4
clintox,11,3,4,registered,logreg_l2_c0.1,0.0,0.0,0.0,1.387395530207239,4
clintox,11,1,8,registered,rf_120_d20_leaf2,0.04612159329140464,0.0,0.0,2.06733796420763,8
clintox,11,2,8,registered,rf_90_leaf2,0.00834803855029187,0.046898330392289966,0.01391339758381982,2.06733796420763,8
clintox,11,3,8,registered,rf_120_d20_leaf2,0.06012613378684806,0.0,0.0,2.06733796420763,8
clintox,11,1,16,registered,et_90_d12,0.06209443945293003,0.027952480782669542,0.011979634621144153,2.287813632550525,16
clintox,11,2,16,registered,rf_90_leaf2,0.010655626442242494,0.04920591828424059,0.01391339758381982,2.287813632550525,16
clintox,11,3,16,registered,rf_120_d20_leaf2,0.06012613378684806,0.0,0.0,2.287813632550525,16
clintox,11,1,32,registered,xgb_100_d3,0.06209443945293003,0.016871318758111098,-0.01008285913946294,2.2028159786897237,32
clintox,11,2,32,registered,rf_90_leaf2,0.027521379123116585,0.06607167096511468,0.06607167096511468,2.2028159786897237,32
clintox,11,3,32,registered,lgbm_100_leaf30,0.06395266439909297,0.009778911564625736,-0.020727040816326703,2.2028159786897237,32
clintox,11,1,4,weak_added,logreg_l2_c0.1,0.0,0.0,0.0,1.387395530207239,4
clintox,11,2,4,weak_added,logreg_l1_c1,0.00834803855029187,0.0,-0.00834803855029187,1.387395530207239,4
clintox,11,3,4,weak_added,logreg_l2_c0.1,0.0,0.0,0.0,1.387395530207239,4
clintox,11,1,8,weak_added,cat_60_d4,0.034940600978336844,0.03783567934511323,0.0028950783667763824,2.6213373756941336,8
clintox,11,2,8,weak_added,cat_100_d4,0.00834803855029187,0.019241210804941122,0.010893172254649253,2.6213373756941336,8
clintox,11,3,8,weak_added,logreg_l2_c0.1,0.0,0.0,0.0,2.6213373756941336,8
clintox,11,1,16,weak_added,et_90_d12,0.06209443945293003,0.027952480782669542,-0.016871318758111098,2.9143126855344854,16
clintox,11,2,16,weak_added,rf_60_sqrt,0.010655626442242494,0.03914415637301483,0.03799036242703946,2.9143126855344854,16
clintox,11,3,16,weak_added,logreg_l2_c0.1,0.045528628117913805,0.045528628117913805,0.04496173469387754,2.9143126855344854,16
clintox,11,1,32,weak_added,xgb_100_d3,0.06209443945293003,0.016871318758111098,-0.01008285913946294,2.202815978689724,32
clintox,11,2,32,weak_added,rf_90_leaf2,0.027521379123116585,0.06607167096511468,0.06607167096511468,2.202815978689724,32
clintox,11,3,32,weak_added,lgbm_100_leaf30,0.06395266439909297,0.009778911564625736,-0.020727040816326703,2.202815978689724,32
clintox,11,1,4,complementary_strong_added,logreg_l2_c0.1,0.0,0.0,0.0,1.387395530207239,4
clintox,11,2,4,complementary_strong_added,logreg_l1_c1,0.00834803855029187,0.0,-0.00834803855029187,1.387395530207239,4
clintox,11,3,4,complementary_strong_added,logreg_l2_c0.1,0.0,0.0,0.0,1.387395530207239,4
clintox,11,1,8,complementary_strong_added,xgb_60_d6,0.04612159329140464,0.027353499051612218,0.0,2.272308422193265,8
clintox,11,2,8,complementary_strong_added,xgb_60_d6,0.00834803855029187,0.001832496267137218,0.0,2.272308422193265,8
clintox,11,3,8,complementary_strong_added,rf_120_d20_leaf2,0.06395266439909297,0.003826530612244916,0.003826530612244916,2.272308422193265,8
clintox,11,1,16,complementary_strong_added,xgb_100_d3,0.05380852550663884,0.008585404811819908,-0.01008285913946294,1.926530448651276,16
clintox,11,2,16,complementary_strong_added,rf_90_leaf2,0.027521379123116585,0.06607167096511468,0.06607167096511468,1.926530448651276,16
clintox,11,3,16,complementary_strong_added,lgbm_100_leaf30,0.06395266439909297,0.009778911564625736,-0.020727040816326703,1.926530448651276,16
clintox,11,1,32,complementary_strong_added,xgb_100_d3,0.06209443945293003,0.016871318758111098,-0.01008285913946294,2.2028159786897237,32
clintox,11,2,32,complementary_strong_added,rf_90_leaf2,0.027521379123116585,0.06607167096511468,0.06607167096511468,2.2028159786897237,32
clintox,11,3,32,complementary_strong_added,lgbm_100_leaf30,0.06395266439909297,0.009778911564625736,-0.020727040816326703,2.2028159786897237,32
clintox,11,1,4,exact_duplicate,base_1,0.0,0.0,0.0,1.387395530207239,4
clintox,11,2,4,exact_duplicate,base_4,0.00834803855029187,0.0,-0.00834803855029187,1.387395530207239,4
clintox,11,3,4,exact_duplicate,base_1,0.0,0.0,0.0,1.387395530207239,4
clintox,11,1,8,exact_duplicate,base_1,0.0,0.0,0.0,1.3873955302072383,4
clintox,11,2,8,exact_duplicate,base_4,0.00834803855029187,0.0,-0.00834803855029187,1.3873955302072383,4
clintox,11,3,8,exact_duplicate,base_1,0.0,0.0,0.0,1.3873955302072383,4
clintox,11,1,16,exact_duplicate,base_1,0.0,0.0,0.0,1.387395530207239,4
clintox,11,2,16,exact_duplicate,base_4,0.00834803855029187,0.0,-0.00834803855029187,1.387395530207239,4
clintox,11,3,16,exact_duplicate,base_1,0.0,0.0,0.0,1.387395530207239,4
clintox,11,1,32,exact_duplicate,base_1,0.0,0.0,0.0,1.3873955302072394,4
clintox,11,2,32,exact_duplicate,base_4,0.00834803855029187,0.0,-0.00834803855029187,1.3873955302072394,4
clintox,11,3,32,exact_duplicate,base_1,0.0,0.0,0.0,1.3873955302072394,4
clintox,11,1,4,near_duplicate_95pct_anchor,base_1,0.0,0.0,0.0,1.387395530207239,4
clintox,11,2,4,near_duplicate_95pct_anchor,base_4,0.00834803855029187,0.0,-0.00834803855029187,1.387395530207239,4
clintox,11,3,4,near_duplicate_95pct_anchor,base_1,0.0,0.0,0.0,1.387395530207239,4
clintox,11,1,8,near_duplicate_95pct_anchor,near_duplicate_95pct_anchor_1,0.0,0.0009733453129679992,0.0009733453129679992,1.3775425278856461,4
clintox,11,2,8,near_duplicate_95pct_anchor,near_duplicate_95pct_anchor_4,0.00834803855029187,0.0016492466404235406,-0.006698791909868329,1.3775425278856461,4
clintox,11,3,8,near_duplicate_95pct_anchor,base_1,0.0019805839002267067,0.0019805839002267067,0.0,1.3775425278856461,4
clintox,11,1,16,near_duplicate_95pct_anchor,near_duplicate_95pct_anchor_1,0.0031047219726464403,0.0040780672856144395,0.001836877308575513,1.3707892530055474,4
clintox,11,2,16,near_duplicate_95pct_anchor,near_duplicate_95pct_anchor_4,0.00834803855029187,0.0016492466404235406,-0.006223700285055034,1.3707892530055474,4
clintox,11,3,16,near_duplicate_95pct_anchor,base_1,0.0022480867346937883,0.0022480867346937883,0.0022480867346937883,1.3707892530055474,4
clintox,11,1,32,near_duplicate_95pct_anchor,near_duplicate_95pct_anchor_21,0.0031047219726464403,0.000713786562843155,0.0,1.369188585631958,4
clintox,11,2,32,near_duplicate_95pct_anchor,near_duplicate_95pct_anchor_24,0.008563526537260668,0.0003071128003256929,-0.00710601330256555,1.369188585631958,4
clintox,11,3,32,near_duplicate_95pct_anchor,near_duplicate_95pct_anchor_17,0.002708687641723273,0.0,-0.0019292091836734526,1.369188585631958,4
clintox,23,1,4,registered,logreg_l2_c0.1,0.0,0.0,0.0,1.4570457400701673,4
clintox,23,2,4,registered,logreg_l2_c0.1,0.0,0.0,0.0,1.4570457400701673,4
clintox,23,3,4,registered,logreg_l2_c0.1,0.0,0.0,0.0,1.4570457400701673,4
clintox,23,1,8,registered,rf_90_d12,0.04952035260565213,0.00907441016333943,0.00907441016333943,2.0311796638808417,8
clintox,23,2,8,registered,rf_120_d20_leaf2,0.0,0.02740610328638493,0.0,2.0311796638808417,8
clintox,23,3,8,registered,rf_120_d20_leaf2,0.04848173369309172,0.010107499250503138,0.0,2.0311796638808417,8
clintox,23,1,16,registered,rf_90_d12,0.07129893699766665,0.030852994555353952,0.00907441016333943,2.274937872468085,16
clintox,23,2,16,registered,et_120_d20_leaf2,0.0,0.0076877934272300275,-0.019718309859154903,2.274937872468085,16
clintox,23,3,16,registered,et_60_sqrt,0.04848173369309172,0.03023684097820023,0.020129341727697092,2.274937872468085,16
clintox,23,1,32,registered,xgb_60_d6,0.07129893699766665,0.008987987209402859,0.008815141301529605,2.1987978339090595,32
clintox,23,2,32,registered,et_120_d20_leaf2,0.009771126760563464,0.017458920187793492,0.007775821596244237,2.1987978339090595,32
clintox,23,3,32,registered,et_60_sqrt,0.05113709366568153,0.03289220095079004,0.022998843633560306,2.1987978339090595,32
clintox,23,1,4,weak_added,logreg_l2_c0.1,0.0,0.0,0.0,1.4570457400701673,4
clintox,23,2,4,weak_added,logreg_l2_c0.1,0.0,0.0,0.0,1.4570457400701673,4
clintox,23,3,4,weak_added,logreg_l2_c0.1,0.0,0.0,0.0,1.4570457400701673,4
clintox,23,1,8,weak_added,logreg_l2_c0.1,0.05323653962492447,0.05323653962492447,0.0,2.615737011520863,8
clintox,23,2,8,weak_added,cat_60_d8,0.0,0.029430751173708858,0.029430751173708858,2.615737011520863,8
clintox,23,3,8,weak_added,logreg_l2_c0.1,0.03563321769668937,0.03563321769668937,0.0,2.615737011520863,8
clintox,23,1,16,weak_added,rf_90_d12,0.07129893699766665,0.030852994555353952,0.013957307060755375,2.8363981727211773,16
clintox,23,2,16,weak_added,et_90_d12,0.0,0.03169014084507049,-0.04592136150234738,2.8363981727211773,16
clintox,23,3,16,weak_added,et_60_sqrt,0.04848173369309172,0.03023684097820023,0.014475994689279958,2.8363981727211773,16
clintox,23,1,32,weak_added,xgb_60_d6,0.07129893699766665,0.008987987209402859,0.008815141301529605,2.1987978339090595,32
clintox,23,2,32,weak_added,et_120_d20_leaf2,0.009771126760563464,0.017458920187793492,0.007775821596244237,2.1987978339090595,32
clintox,23,3,32,weak_added,et_60_sqrt,0.05113709366568153,0.03289220095079004,0.022998843633560306,2.1987978339090595,32
clintox,23,1,4,complementary_strong_added,logreg_l2_c0.1,0.0,0.0,0.0,1.4570457400701673,4
clintox,23,2,4,complementary_strong_added,logreg_l2_c0.1,0.0,0.0,0.0,1.4570457400701673,4
clintox,23,3,4,complementary_strong_added,logreg_l2_c0.1,0.0,0.0,0.0,1.4570457400701673,4
clintox,23,1,8,complementary_strong_added,xgb_60_d6,0.06231094978826379,0.0,0.0,1.950804571750822,8
clintox,23,2,8,complementary_strong_added,rf_120_d20_leaf2,0.009771126760563464,0.037177230046948395,0.01745892018779327,1.950804571750822,8
clintox,23,3,8,complementary_strong_added,rf_120_d20_leaf2,0.038374234442588584,0.0,-0.0006852541864748041,1.950804571750822,8
clintox,23,1,16,complementary_strong_added,xgb_60_d6,0.0711260910897934,0.008815141301529605,0.008815141301529605,2.013417850501976,16
clintox,23,2,16,complementary_strong_added,xgb_60_d3,0.009771126760563464,0.01804577464788737,0.008362676056338114,2.013417850501976,16
clintox,23,3,16,complementary_strong_added,et_60_sqrt,0.04441303696089771,0.02616814424600622,0.022998843633560306,2.013417850501976,16
clintox,23,1,32,complementary_strong_added,xgb_60_d6,0.07129893699766665,0.008987987209402859,0.008815141301529605,2.19879783390906,32
clintox,23,2,32,complementary_strong_added,et_120_d20_leaf2,0.009771126760563464,0.017458920187793492,0.007775821596244237,2.19879783390906,32
clintox,23,3,32,complementary_strong_added,et_60_sqrt,0.05113709366568153,0.03289220095079004,0.022998843633560306,2.19879783390906,32
clintox,23,1,4,exact_duplicate,base_1,0.0,0.0,0.0,1.457045740070168,4
clintox,23,2,4,exact_duplicate,base_1,0.0,0.0,0.0,1.457045740070168,4
clintox,23,3,4,exact_duplicate,base_1,0.0,0.0,0.0,1.457045740070168,4
clintox,23,1,8,exact_duplicate,base_1,0.0,0.0,0.0,1.4570457400701677,4
clintox,23,2,8,exact_duplicate,base_1,0.0,0.0,0.0,1.4570457400701677,4
clintox,23,3,8,exact_duplicate,base_1,0.0,0.0,0.0,1.4570457400701677,4
clintox,23,1,16,exact_duplicate,base_1,0.0,0.0,0.0,1.4570457400701677,4
clintox,23,2,16,exact_duplicate,base_1,0.0,0.0,0.0,1.4570457400701677,4
clintox,23,3,16,exact_duplicate,base_1,0.0,0.0,0.0,1.4570457400701677,4
clintox,23,1,32,exact_duplicate,base_1,0.0,0.0,0.0,1.4570457400701684,4
clintox,23,2,32,exact_duplicate,base_1,0.0,0.0,0.0,1.4570457400701684,4
clintox,23,3,32,exact_duplicate,base_1,0.0,0.0,0.0,1.4570457400701684,4
clintox,23,1,4,near_duplicate_95pct_anchor,base_1,0.0,0.0,0.0,1.457045740070168,4
clintox,23,2,4,near_duplicate_95pct_anchor,base_1,0.0,0.0,0.0,1.457045740070168,4
clintox,23,3,4,near_duplicate_95pct_anchor,base_1,0.0,0.0,0.0,1.457045740070168,4
clintox,23,1,8,near_duplicate_95pct_anchor,base_1,0.0019985308097830723,0.0019985308097830723,0.0,1.4417971680066493,4
clintox,23,2,8,near_duplicate_95pct_anchor,base_1,0.0,0.0,0.0,1.4417971680066493,4
clintox,23,3,8,near_duplicate_95pct_anchor,base_1,0.00048074864019864716,0.00048074864019864716,0.0,1.4417971680066493,4
clintox,23,1,16,near_duplicate_95pct_anchor,base_1,0.0024630541871921707,0.0024630541871921707,0.0024630541871921707,1.4346727222417985,4
clintox,23,2,16,near_duplicate_95pct_anchor,near_duplicate_95pct_anchor_9,0.0,0.0017062793427230494,0.0,1.4346727222417985,4
clintox,23,3,16,near_duplicate_95pct_anchor,near_duplicate_95pct_anchor_5,0.0009122446357445746,0.0,-0.0005631932845090448,1.4346727222417985,4
clintox,23,1,32,near_duplicate_95pct_anchor,base_1,0.003344568317345087,0.003344568317345087,0.0020439028605997445,1.4304598078967017,4
clintox,23,2,32,near_duplicate_95pct_anchor,near_duplicate_95pct_anchor_21,0.0,0.00041373239436626186,-0.00023180751173701442,1.4304598078967017,4
clintox,23,3,32,near_duplicate_95pct_anchor,near_duplicate_95pct_anchor_5,0.002001156366439605,0.0010889117306950302,0.0005203648978542308,1.4304598078967017,4
clintox,37,1,4,registered,logreg_l2_c0.1,0.004469987228607919,0.004469987228607919,0.0,1.44384030307693,4
clintox,37,2,4,registered,logreg_l2_c0.1,0.0,0.0,0.0,1.44384030307693,4
clintox,37,3,4,registered,logreg_l2_c0.1,0.011369972122660221,0.011369972122660221,0.0,1.44384030307693,4
clintox,37,1,8,registered,rf_120_d20_leaf2,0.023627075351213334,0.013866082831600068,0.0,2.23992217888068,8
clintox,37,2,8,registered,rf_90_d12,0.0,0.005665204678362623,-0.004507797270955072,2.23992217888068,8
clintox,37,3,8,registered,rf_90_d12,0.02126642771804066,0.024432497013142318,0.024432497013142318,2.23992217888068,8
clintox,37,1,16,registered,et_90_leaf2,0.023627075351213334,0.011585477102718511,-0.0022806057288815573,2.468607882607807,16
clintox,37,2,16,registered,et_60_sqrt,0.01157407407407407,0.047423245614035214,0.02567616959064345,2.468607882607807,16
clintox,37,3,16,registered,rf_90_d12,0.03351254480286736,0.03667861409796902,0.024432497013142318,2.468607882607807,16
clintox,37,1,32,registered,et_90_leaf2,0.0451559934318555,0.03311439518336068,0.03311439518336068,2.3164100195654225,32
clintox,37,2,32,registered,lgbm_80_bag0.8,0.0327119883040935,0.0092592592592593,0.006883528265107297,2.3164100195654225,32
clintox,37,3,32,registered,xgb_80_d5,0.043528474711270304,0.004281162883313372,0.0,2.3164100195654225,32
clintox,37,1,4,weak_added,logreg_l2_c0.1,0.004469987228607919,0.004469987228607919,0.0,1.44384030307693,4
clintox,37,2,4,weak_added,logreg_l2_c0.1,0.0,0.0,0.0,1.44384030307693,4
clintox,37,3,4,weak_added,logreg_l2_c0.1,0.011369972122660221,0.011369972122660221,0.0,1.44384030307693,4
clintox,37,1,8,weak_added,logreg_l2_c0.1,0.004469987228607919,0.004469987228607919,0.0,2.8480267660708485,8
clintox,37,2,8,weak_added,logreg_l2_c0.1,0.0,0.0,0.0,2.8480267660708485,8
clintox,37,3,8,weak_added,cat_60_d8,0.011369972122660221,0.006272401433691788,-0.005097570688968434,2.8480267660708485,8
clintox,37,1,16,weak_added,logreg_l2_c0.1,0.02344462689290272,0.02344462689290272,-0.005291005291005346,3.110474706098194,16
clintox,37,2,16,weak_added,et_60_sqrt,0.01157407407407407,0.047423245614035214,-0.00021320662768020693,3.110474706098194,16
clintox,37,3,16,weak_added,lgbm_100_leaf10,0.03351254480286736,0.01479490242931103,0.0,3.110474706098194,16
clintox,37,1,32,weak_added,et_90_leaf2,0.0451559934318555,0.03311439518336068,0.03311439518336068,2.3164100195654225,32
clintox,37,2,32,weak_added,lgbm_80_bag0.8,0.0327119883040935,0.0092592592592593,0.006883528265107297,2.3164100195654225,32
clintox,37,3,32,weak_added,xgb_80_d5,0.043528474711270304,0.004281162883313372,0.0,2.3164100195654225,32
clintox,37,1,4,complementary_strong_added,logreg_l2_c0.1,0.004469987228607919,0.004469987228607919,0.0,1.44384030307693,4
clintox,37,2,4,complementary_strong_added,logreg_l2_c0.1,0.0,0.0,0.0,1.44384030307693,4
clintox,37,3,4,complementary_strong_added,logreg_l2_c0.1,0.011369972122660221,0.011369972122660221,0.0,1.44384030307693,4
clintox,37,1,8,complementary_strong_added,rf_120_d20_leaf2,0.0384054004743658,0.028644407954752538,0.028644407954752538,2.249739790589879,8
clintox,37,2,8,complementary_strong_added,lgbm_80_bag0.8,0.023452729044834197,0.0,-0.006548489278752401,2.249739790589879,8
clintox,37,3,8,complementary_strong_added,lgbm_90_l31,0.03108323377140576,0.007885304659498105,0.0012743926722420529,2.249739790589879,8
clintox,37,1,16,complementary_strong_added,rf_120_d20_leaf2,0.0451559934318555,0.035395000912242236,0.035395000912242236,2.2533436421172803,16
clintox,37,2,16,complementary_strong_added,lgbm_80_bag0.8,0.030336257309941494,0.006883528265107297,0.006883528265107297,2.2533436421172803,16
clintox,37,3,16,complementary_strong_added,xgb_80_d5,0.03924731182795693,0.0,0.0,2.2533436421172803,16
clintox,37,1,32,complementary_strong_added,et_90_leaf2,0.0451559934318555,0.03311439518336068,0.03311439518336068,2.316410019565423,32
clintox,37,2,32,complementary_strong_added,lgbm_80_bag0.8,0.0327119883040935,0.0092592592592593,0.006883528265107297,2.316410019565423,32
clintox,37,3,32,complementary_strong_added,xgb_80_d5,0.043528474711270304,0.004281162883313372,0.0,2.316410019565423,32
clintox,37,1,4,exact_duplicate,base_1,0.004469987228607919,0.004469987228607919,0.0,1.44384030307693,4
clintox,37,2,4,exact_duplicate,base_1,0.0,0.0,0.0,1.44384030307693,4
clintox,37,3,4,exact_duplicate,base_1,0.011369972122660221,0.011369972122660221,0.0,1.44384030307693,4
clintox,37,1,8,exact_duplicate,base_1,0.004469987228607919,0.004469987228607919,0.0,1.44384030307693,4
clintox,37,2,8,exact_duplicate,base_1,0.0,0.0,0.0,1.44384030307693,4
clintox,37,3,8,exact_duplicate,base_1,0.011369972122660221,0.011369972122660221,0.0,1.44384030307693,4
clintox,37,1,16,exact_duplicate,base_1,0.004469987228607919,0.004469987228607919,0.0,1.4438403030769302,4
clintox,37,2,16,exact_duplicate,base_1,0.0,0.0,0.0,1.4438403030769302,4
clintox,37,3,16,exact_duplicate,base_1,0.011369972122660221,0.011369972122660221,0.0,1.4438403030769302,4
clintox,37,1,32,exact_duplicate,base_1,0.004469987228607919,0.004469987228607919,0.0,1.4438403030769302,4
clintox,37,2,32,exact_duplicate,base_1,0.0,0.0,0.0,1.4438403030769302,4
clintox,37,3,32,exact_duplicate,base_1,0.011369972122660221,0.011369972122660221,0.0,1.4438403030769302,4
clintox,37,1,4,near_duplicate_95pct_anchor,base_1,0.004469987228607919,0.004469987228607919,0.0,1.44384030307693,4
clintox,37,2,4,near_duplicate_95pct_anchor,base_1,0.0,0.0,0.0,1.44384030307693,4
clintox,37,3,4,near_duplicate_95pct_anchor,base_1,0.011369972122660221,0.011369972122660221,0.0,1.44384030307693,4
clintox,37,1,8,near_duplicate_95pct_anchor,base_1,0.00473453749315822,0.00473453749315822,0.0,1.4318797305334647,4
clintox,37,2,8,near_duplicate_95pct_anchor,near_duplicate_95pct_anchor_1,0.0,0.0014498050682261177,0.0014498050682261177,1.4318797305334647,4
clintox,37,3,8,near_duplicate_95pct_anchor,base_1,0.011864794902429199,0.011864794902429199,0.0,1.4318797305334647,4
clintox,37,1,16,near_duplicate_95pct_anchor,base_1,0.005026455026455046,0.005026455026455046,0.0009852216748768017,1.4256404648395804,4
clintox,37,2,16,near_duplicate_95pct_anchor,near_duplicate_95pct_anchor_5,0.0,0.0017924585769980572,0.0015305190058479967,1.4256404648395804,4
clintox,37,3,16,near_duplicate_95pct_anchor,base_1,0.012311827956989152,0.012311827956989152,0.0016756272401433625,1.4256404648395804,4
clintox,37,1,32,near_duplicate_95pct_anchor,base_1,0.006166757890895824,0.006166757890895824,0.0008803138113483433,1.4235367837623554,4
clintox,37,2,32,near_duplicate_95pct_anchor,near_duplicate_95pct_anchor_17,0.0011634990253411859,0.000609161793372337,0.000609161793372337,1.4235367837623554,4
clintox,37,3,32,near_duplicate_95pct_anchor,near_duplicate_95pct_anchor_13,0.012311827956989152,0.01131919553962557,-0.00024392672242135038,1.4235367837623554,4
clintox,53,1,4,registered,logreg_l2_c0.1,0.0,0.0,0.0,1.416834125895983,4
clintox,53,2,4,registered,logreg_l2_c0.1,0.0,0.0,0.0,1.416834125895983,4
clintox,53,3,4,registered,logreg_l2_c0.1,0.0,0.0,0.0,1.416834125895983,4
clintox,53,1,8,registered,rf_90_d12,0.03700957676861283,0.027803521779425355,0.022613531047265933,2.256344275195062,8
clintox,53,2,8,registered,rf_90_d12,0.03088599374974632,0.0,-0.0013393400706196434,2.256344275195062,8
clintox,53,3,8,registered,rf_90_d12,0.01201754385964926,0.060263157894736796,0.060263157894736796,2.256344275195062,8
clintox,53,1,16,registered,et_90_leaf2,0.03700957676861283,0.017794253938832272,0.006549274019153506,2.5225445233754122,16
clintox,53,2,16,registered,et_90_d12,0.03088599374974632,0.003429522302041299,-0.010308859937497417,2.5225445233754122,16
clintox,53,3,16,registered,gb_lr0.05_d2,0.012850877192982502,0.03758771929824567,0.026578947368421146,2.5225445233754122,16
clintox,53,1,32,registered,xgb_60_d6,0.07092987333951184,0.0,-0.013036762434352811,2.331364087258917,32
clintox,53,2,32,registered,xgb_100_d3,0.03088599374974632,0.002861317423596743,-0.003936848086366962,2.331364087258917,32
clintox,53,3,32,registered,cat_100_d4,0.03767543859649125,0.05118421052631583,0.03692982456140359,2.331364087258917,32
clintox,53,1,4,weak_added,logreg_l2_c0.1,0.0,0.0,0.0,1.416834125895983,4
clintox,53,2,4,weak_added,logreg_l2_c0.1,0.0,0.0,0.0,1.416834125895983,4
clintox,53,3,4,weak_added,logreg_l2_c0.1,0.0,0.0,0.0,1.416834125895983,4
clintox,53,1,8,weak_added,logreg_l2_c0.1,0.005251776336113623,0.005251776336113623,0.0,2.7220860870126535,8
clintox,53,2,8,weak_added,cat_100_d4,0.0020698892000486913,0.010735013596331,0.008665124396282309,2.7220860870126535,8
clintox,53,3,8,weak_added,cat_100_d4,0.01947368421052631,0.03298245614035089,0.013508771929824581,2.7220860870126535,8
clintox,53,1,16,weak_added,et_60_sqrt,0.030244053135619287,0.02916280506641944,0.01970960766141483,3.163034959687057,16
clintox,53,2,16,weak_added,et_90_d12,0.027456471447705022,0.0,-0.020495961686756825,3.163034959687057,16
clintox,53,3,16,weak_added,cat_100_d4,0.01947368421052631,0.03298245614035089,-0.004035087719298169,3.163034959687057,16
clintox,53,1,32,weak_added,xgb_60_d6,0.07092987333951184,0.0,-0.013036762434352811,2.331364087258917,32
clintox,53,2,32,weak_added,xgb_100_d3,0.03088599374974632,0.002861317423596743,-0.003936848086366962,2.331364087258917,32
clintox,53,3,32,weak_added,cat_100_d4,0.03767543859649125,0.05118421052631583,0.03692982456140359,2.331364087258917,32
clintox,53,1,4,complementary_strong_added,logreg_l2_c0.1,0.0,0.0,0.0,1.416834125895983,4
clintox,53,2,4,complementary_strong_added,logreg_l2_c0.1,0.0,0.0,0.0,1.416834125895983,4
clintox,53,3,4,complementary_strong_added,logreg_l2_c0.1,0.0,0.0,0.0,1.416834125895983,4
clintox,53,1,8,complementary_strong_added,xgb_60_d6,0.07092987333951184,0.0,-0.02045103490886624,2.152272713747331,8
clintox,53,2,8,complementary_strong_added,xgb_60_d6,0.029546653679126678,0.0029830756118349733,-0.02291083242014691,2.152272713747331,8
clintox,53,3,8,complementary_strong_added,xgb_60_d6,0.03767543859649125,0.0,-0.01758771929824554,2.152272713747331,8
clintox,53,1,16,complementary_strong_added,xgb_60_d6,0.07092987333951184,0.0,-0.013036762434352811,2.2089367826479345,16
clintox,53,2,16,complementary_strong_added,xgb_60_d6,0.029546653679126678,0.0029830756118349733,-0.0024757498275090883,2.2089367826479345,16
clintox,53,3,16,complementary_strong_added,xgb_80_d5,0.03767543859649125,0.014254385964912242,0.0,2.2089367826479345,16
clintox,53,1,32,complementary_strong_added,xgb_60_d6,0.07092987333951184,0.0,-0.013036762434352811,2.3313640872589176,32
clintox,53,2,32,complementary_strong_added,xgb_100_d3,0.03088599374974632,0.002861317423596743,-0.003936848086366962,2.3313640872589176,32
clintox,53,3,32,complementary_strong_added,cat_100_d4,0.03767543859649125,0.05118421052631583,0.03692982456140359,2.3313640872589176,32
clintox,53,1,4,exact_duplicate,base_1,0.0,0.0,0.0,1.416834125895983,4
clintox,53,2,4,exact_duplicate,base_1,0.0,0.0,0.0,1.416834125895983,4
clintox,53,3,4,exact_duplicate,base_1,0.0,0.0,0.0,1.416834125895983,4
clintox,53,1,8,exact_duplicate,base_1,0.0,0.0,0.0,1.4168341258959825,4
clintox,53,2,8,exact_duplicate,base_1,0.0,0.0,0.0,1.4168341258959825,4
clintox,53,3,8,exact_duplicate,base_1,0.0,0.0,0.0,1.4168341258959825,4
clintox,53,1,16,exact_duplicate,base_1,0.0,0.0,0.0,1.4168341258959831,4
clintox,53,2,16,exact_duplicate,base_1,0.0,0.0,0.0,1.4168341258959831,4
clintox,53,3,16,exact_duplicate,base_1,0.0,0.0,0.0,1.4168341258959831,4
clintox,53,1,32,exact_duplicate,base_1,0.0,0.0,0.0,1.416834125895983,4
clintox,53,2,32,exact_duplicate,base_1,0.0,0.0,0.0,1.416834125895983,4
clintox,53,3,32,exact_duplicate,base_1,0.0,0.0,0.0,1.416834125895983,4
clintox,53,1,4,near_duplicate_95pct_anchor,base_1,0.0,0.0,0.0,1.416834125895983,4
clintox,53,2,4,near_duplicate_95pct_anchor,base_1,0.0,0.0,0.0,1.416834125895983,4
clintox,53,3,4,near_duplicate_95pct_anchor,base_1,0.0,0.0,0.0,1.416834125895983,4
clintox,53,1,8,near_duplicate_95pct_anchor,near_duplicate_95pct_anchor_1,0.0008495520543713164,0.0,-0.0008495520543713164,1.4075970789693204,4
clintox,53,2,8,near_duplicate_95pct_anchor,near_duplicate_95pct_anchor_1,0.0012490360810096801,0.0,-0.0012490360810096801,1.4075970789693204,4
clintox,53,3,8,near_duplicate_95pct_anchor,near_duplicate_95pct_anchor_1,0.0,0.0017521929824562132,0.0017521929824562132,1.4075970789693204,4
clintox,53,1,16,near_duplicate_95pct_anchor,near_duplicate_95pct_anchor_5,0.0010395427865307338,0.0009854803830707803,0.0009854803830707803,1.401022654122003,4
clintox,53,2,16,near_duplicate_95pct_anchor,near_duplicate_95pct_anchor_9,0.0012490360810096801,0.0009010105929623258,0.0,1.401022654122003,4
clintox,53,3,16,near_duplicate_95pct_anchor,near_duplicate_95pct_anchor_1,0.0,0.0017521929824562132,0.0008749999999999591,1.401022654122003,4
clintox,53,1,32,near_duplicate_95pct_anchor,near_duplicate_95pct_anchor_21,0.0031634229224590804,0.0,-9.885696632694341e-05,1.398561496530461,4
clintox,53,2,32,near_duplicate_95pct_anchor,near_duplicate_95pct_anchor_21,0.0012490360810096801,0.00021612078412269753,-0.00020293031373019854,1.398561496530461,4
clintox,53,3,32,near_duplicate_95pct_anchor,near_duplicate_95pct_anchor_21,0.0006228070175438027,0.0,-0.0009868421052631193,1.398561496530461,4
clintox,71,1,4,registered,logreg_l2_c0.1,0.0,0.0,0.0,1.3633345959143188,4
clintox,71,2,4,registered,logreg_l2_c0.1,0.006447453255963853,0.006447453255963853,0.0,1.3633345959143188,4
clintox,71,3,4,registered,logreg_l2_c0.1,0.0,0.0,0.0,1.3633345959143188,4
clintox,71,1,8,registered,rf_90_d12,0.05779143536875497,0.0,-0.04867168913560671,2.090750405465778,8
clintox,71,2,8,registered,rf_120_d20_leaf2,0.006447453255963853,0.013338168923275329,0.0,2.090750405465778,8
clintox,71,3,8,registered,rf_120_d20_leaf2,0.035596777853415085,0.0,0.0,2.090750405465778,8
clintox,71,1,16,registered,rf_90_d12,0.05779143536875497,0.0,-0.04867168913560671,2.3071878239730665,16
clintox,71,2,16,registered,histgb_lr0.05,0.006447453255963853,0.013539651837524147,0.00020148291424881837,2.3071878239730665,16
clintox,71,3,16,registered,et_120_d20_leaf2,0.03627751304742455,0.03134218289085533,0.030661447696845867,2.3071878239730665,16
clintox,71,1,32,registered,rf_90_d12,0.05779143536875497,0.0,-0.057593180015860446,2.1892848050460474,32
clintox,71,2,32,registered,xgb_100_d3,0.006447453255963853,0.02859042553191482,-0.010497259832366268,2.1892848050460474,32
clintox,71,3,32,registered,et_120_d20_leaf2,0.04963694122986151,0.04470161107329229,0.02237916950306329,2.1892848050460474,32
clintox,71,1,4,weak_added,logreg_l2_c0.1,0.0,0.0,0.0,1.3633345959143188,4
clintox,71,2,4,weak_added,logreg_l2_c0.1,0.006447453255963853,0.006447453255963853,0.0,1.3633345959143188,4
clintox,71,3,4,weak_added,logreg_l2_c0.1,0.0,0.0,0.0,1.3633345959143188,4
clintox,71,1,8,weak_added,logreg_l2_c0.1,0.0,0.0,0.0,2.5336582389200784,8
clintox,71,2,8,weak_added,cat_100_d4,0.006447453255963853,0.04976627981947135,0.043318826563507495,2.5336582389200784,8
clintox,71,3,8,weak_added,cat_60_d4,0.0015883821193556358,0.07652598139323818,0.07493759927388255,2.5336582389200784,8
clintox,71,1,16,weak_added,rf_90_d12,0.05779143536875497,0.0,-0.06998413957176841,2.8144185719058457,16
clintox,71,2,16,weak_added,cat_100_d4,0.006447453255963853,0.04976627981947135,0.023392166344294085,2.8144185719058457,16
clintox,71,3,16,weak_added,et_60_sqrt,0.03244837758112096,0.05763557975947353,0.027966870887224826,2.8144185719058457,16
clintox,71,1,32,weak_added,rf_90_d12,0.05779143536875497,0.0,-0.057593180015860446,2.1892848050460496,32
clintox,71,2,32,weak_added,xgb_100_d3,0.006447453255963853,0.02859042553191482,-0.010497259832366268,2.1892848050460496,32
clintox,71,3,32,weak_added,et_120_d20_leaf2,0.04963694122986151,0.04470161107329229,0.02237916950306329,2.1892848050460496,32
clintox,71,1,4,complementary_strong_added,logreg_l2_c0.1,0.0,0.0,0.0,1.3633345959143188,4
clintox,71,2,4,complementary_strong_added,logreg_l2_c0.1,0.006447453255963853,0.006447453255963853,0.0,1.3633345959143188,4
clintox,71,3,4,complementary_strong_added,logreg_l2_c0.1,0.0,0.0,0.0,1.3633345959143188,4
clintox,71,1,8,complementary_strong_added,rf_120_d20_leaf2,0.025574940523394152,0.01645519429024589,0.01645519429024589,2.213992640991187,8
clintox,71,2,8,complementary_strong_added,lgbm_80_bag0.8,0.006447453255963853,0.02232430689877496,0.0,2.213992640991187,8
clintox,71,3,8,complementary_strong_added,rf_120_d20_leaf2,0.04963694122986151,0.014040163376446424,0.014040163376446424,2.213992640991187,8
clintox,71,1,16,complementary_strong_added,rf_120_d20_leaf2,0.025574940523394152,0.01645519429024589,-0.008921490880253735,2.10434781338728,16
clintox,71,2,16,complementary_strong_added,lgbm_80_bag0.8,0.006447453255963853,0.02232430689877496,-0.01676337846550613,2.10434781338728,16
clintox,71,3,16,complementary_strong_added,rf_120_d20_leaf2,0.04963694122986151,0.014040163376446424,-0.008282278193782577,2.10434781338728,16
clintox,71,1,32,complementary_strong_added,rf_90_d12,0.05779143536875497,0.0,-0.057593180015860446,2.1892848050460483,32
clintox,71,2,32,complementary_strong_added,xgb_100_d3,0.006447453255963853,0.02859042553191482,-0.010497259832366268,2.1892848050460483,32
clintox,71,3,32,complementary_strong_added,et_120_d20_leaf2,0.04963694122986151,0.04470161107329229,0.02237916950306329,2.1892848050460483,32
clintox,71,1,4,exact_duplicate,base_1,0.0,0.0,0.0,1.3633345959143186,4
clintox,71,2,4,exact_duplicate,base_1,0.006447453255963853,0.006447453255963853,0.0,1.3633345959143186,4
clintox,71,3,4,exact_duplicate,base_1,0.0,0.0,0.0,1.3633345959143186,4
clintox,71,1,8,exact_duplicate,base_1,0.0,0.0,0.0,1.363334595914318,4
clintox,71,2,8,exact_duplicate,base_1,0.006447453255963853,0.006447453255963853,0.0,1.363334595914318,4
clintox,71,3,8,exact_duplicate,base_1,0.0,0.0,0.0,1.363334595914318,4
clintox,71,1,16,exact_duplicate,base_1,0.0,0.0,0.0,1.3633345959143184,4
clintox,71,2,16,exact_duplicate,base_1,0.006447453255963853,0.006447453255963853,0.0,1.3633345959143184,4
clintox,71,3,16,exact_duplicate,base_1,0.0,0.0,0.0,1.3633345959143184,4
clintox,71,1,32,exact_duplicate,base_1,0.0,0.0,0.0,1.3633345959143188,4
clintox,71,2,32,exact_duplicate,base_1,0.006447453255963853,0.006447453255963853,0.0,1.3633345959143188,4
clintox,71,3,32,exact_duplicate,base_1,0.0,0.0,0.0,1.3633345959143188,4
clintox,71,1,4,near_duplicate_95pct_anchor,base_1,0.0,0.0,0.0,1.3633345959143186,4
clintox,71,2,4,near_duplicate_95pct_anchor,base_1,0.006447453255963853,0.006447453255963853,0.0,1.3633345959143186,4
clintox,71,3,4,near_duplicate_95pct_anchor,base_1,0.0,0.0,0.0,1.3633345959143186,4
clintox,71,1,8,near_duplicate_95pct_anchor,base_1,0.0,0.0,0.0,1.3512819188462122,4
clintox,71,2,8,near_duplicate_95pct_anchor,base_1,0.006447453255963853,0.006447453255963853,0.0,1.3512819188462122,4
clintox,71,3,8,near_duplicate_95pct_anchor,near_duplicate_95pct_anchor_1,0.0013487066031313555,0.0,-0.0013487066031313555,1.3512819188462122,4
clintox,71,1,16,near_duplicate_95pct_anchor,near_duplicate_95pct_anchor_5,5.947660586824721e-05,0.0008822363203806471,0.0008822363203806471,1.345798038096509,4
clintox,71,2,16,near_duplicate_95pct_anchor,near_duplicate_95pct_anchor_9,0.006447453255963853,0.006802063185041951,0.0,1.345798038096509,4
clintox,71,3,16,near_duplicate_95pct_anchor,near_duplicate_95pct_anchor_5,0.0013487066031313555,0.002608066712049051,0.0016578738370773838,1.345798038096509,4
clintox,71,1,32,near_duplicate_95pct_anchor,near_duplicate_95pct_anchor_5,0.0012589214908801383,0.002081681205392538,0.002081681205392538,1.3432240514841984,4
clintox,71,2,32,near_duplicate_95pct_anchor,near_duplicate_95pct_anchor_9,0.006447453255963853,0.006802063185041951,-0.00018234203739520005,1.3432240514841984,4
clintox,71,3,32,near_duplicate_95pct_anchor,near_duplicate_95pct_anchor_5,0.0017514749262536045,0.0030108350351713,0.0020180962105740274,1.3432240514841984,4
clintox,83,1,4,registered,logreg_l2_c0.1,0.0,0.0,0.0,1.3705223419687254,4
clintox,83,2,4,registered,logreg_l1_c1,0.00067060572008526,0.0,-0.00067060572008526,1.3705223419687254,4
clintox,83,3,4,registered,logreg_l2_c0.1,0.0,0.0,0.0,1.3705223419687254,4
clintox,83,1,8,registered,rf_90_d12,0.04768642988538274,0.03304089429743873,0.02957407669449552,2.151504714132791,8
clintox,83,2,8,registered,rf_90_d12,0.023634320513285068,0.0,-0.025338021531880806,2.151504714132791,8
clintox,83,3,8,registered,rf_60_sqrt,0.0,0.04191671212947812,0.03191489361702149,2.151504714132791,8
clintox,83,1,16,registered,histgb_lr0.05,0.04768642988538274,0.055787462855525605,0.0523206452525824,2.3457729494698123,16
clintox,83,2,16,registered,et_60_sqrt,0.03998260050023561,0.04732301446333431,0.005636712944502964,2.3457729494698123,16
clintox,83,3,16,registered,rf_60_sqrt,0.009183487906892274,0.05110020003637039,0.03191489361702149,2.3457729494698123,16
clintox,83,1,32,registered,histgb_lr0.05,0.04768642988538274,0.055787462855525605,0.032651761709353355,2.1592384024051037,32
clintox,83,2,32,registered,et_60_sqrt,0.046072425417769125,0.05341283938086783,0.0464349149961939,2.1592384024051037,32
clintox,83,3,32,registered,lgbm_90_l31,0.027095835606473995,0.08092380432805968,0.06282960538279692,2.1592384024051037,32
clintox,83,1,4,weak_added,logreg_l2_c0.1,0.0,0.0,0.0,1.3705223419687254,4
clintox,83,2,4,weak_added,logreg_l1_c1,0.00067060572008526,0.0,-0.00067060572008526,1.3705223419687254,4
clintox,83,3,4,weak_added,logreg_l2_c0.1,0.0,0.0,0.0,1.3705223419687254,4
clintox,83,1,8,weak_added,cat_100_d4,0.004598839677373734,0.006226121409367513,0.0016272817319937793,2.7079728047882297,8
clintox,83,2,8,weak_added,cat_60_d8,0.00067060572008526,0.0398194801899443,0.03914887446985904,2.7079728047882297,8
clintox,83,3,8,weak_added,logreg_l2_c0.1,0.021822149481724007,0.021822149481724007,0.0,2.7079728047882297,8
clintox,83,1,16,weak_added,histgb_lr0.05,0.03926701570680635,0.047368048676949215,0.0,2.94711262094542,16
clintox,83,2,16,weak_added,et_60_sqrt,0.03998260050023561,0.04732301446333431,0.04732301446333431,2.94711262094542,16
clintox,83,3,16,weak_added,rf_60_sqrt,0.021822149481724007,0.06373886161120212,0.05110020003637039,2.94711262094542,16
clintox,83,1,32,weak_added,histgb_lr0.05,0.04768642988538274,0.055787462855525605,0.032651761709353355,2.159238402405104,32
clintox,83,2,32,weak_added,et_60_sqrt,0.046072425417769125,0.05341283938086783,0.0464349149961939,2.159238402405104,32
clintox,83,3,32,weak_added,lgbm_90_l31,0.027095835606473995,0.08092380432805968,0.06282960538279692,2.159238402405104,32
clintox,83,1,4,complementary_strong_added,logreg_l2_c0.1,0.0,0.0,0.0,1.3705223419687254,4
clintox,83,2,4,complementary_strong_added,logreg_l1_c1,0.00067060572008526,0.0,-0.00067060572008526,1.3705223419687254,4
clintox,83,3,4,complementary_strong_added,logreg_l2_c0.1,0.0,0.0,0.0,1.3705223419687254,4
clintox,83,1,8,complementary_strong_added,lgbm_80_bag0.8,0.044219612282439535,0.029857082213103125,-0.007994905900665095,2.047630077224679,8
clintox,83,2,8,complementary_strong_added,xgb_60_d6,0.04324500670605702,0.00487548482981115,0.0,2.047630077224679,8
clintox,83,3,8,complementary_strong_added,lgbm_90_l31,0.019185306419349124,0.07301327514093481,0.07301327514093481,2.047630077224679,8
clintox,83,1,16,complementary_strong_added,lgbm_100_leaf30,0.044219612282439535,0.037781236734116375,0.01811235319088733,2.1126659974304216,16
clintox,83,2,16,complementary_strong_added,et_60_sqrt,0.046072425417769125,0.05341283938086783,0.0464349149961939,2.1126659974304216,16
clintox,83,3,16,complementary_strong_added,lgbm_90_l31,0.019185306419349124,0.07301327514093481,0.06282960538279692,2.1126659974304216,16
clintox,83,1,32,complementary_strong_added,histgb_lr0.05,0.04768642988538274,0.055787462855525605,0.032651761709353355,2.159238402405104,32
clintox,83,2,32,complementary_strong_added,et_60_sqrt,0.046072425417769125,0.05341283938086783,0.0464349149961939,2.159238402405104,32
clintox,83,3,32,complementary_strong_added,lgbm_90_l31,0.027095835606473995,0.08092380432805968,0.06282960538279692,2.159238402405104,32
clintox,83,1,4,exact_duplicate,base_1,0.0,0.0,0.0,1.3705223419687247,4
clintox,83,2,4,exact_duplicate,base_4,0.00067060572008526,0.0,-0.00067060572008526,1.3705223419687247,4
clintox,83,3,4,exact_duplicate,base_1,0.0,0.0,0.0,1.3705223419687247,4
clintox,83,1,8,exact_duplicate,base_1,0.0,0.0,0.0,1.3705223419687256,4
clintox,83,2,8,exact_duplicate,base_4,0.00067060572008526,0.0,-0.00067060572008526,1.3705223419687256,4
clintox,83,3,8,exact_duplicate,base_1,0.0,0.0,0.0,1.3705223419687256,4
clintox,83,1,16,exact_duplicate,base_1,0.0,0.0,0.0,1.3705223419687251,4
clintox,83,2,16,exact_duplicate,base_4,0.00067060572008526,0.0,-0.00067060572008526,1.3705223419687251,4
clintox,83,3,16,exact_duplicate,base_1,0.0,0.0,0.0,1.3705223419687251,4
clintox,83,1,32,exact_duplicate,base_1,0.0,0.0,0.0,1.3705223419687251,4
clintox,83,2,32,exact_duplicate,base_4,0.00067060572008526,0.0,-0.00067060572008526,1.3705223419687251,4
clintox,83,3,32,exact_duplicate,base_1,0.0,0.0,0.0,1.3705223419687251,4
clintox,83,1,4,near_duplicate_95pct_anchor,base_1,0.0,0.0,0.0,1.3705223419687247,4
clintox,83,2,4,near_duplicate_95pct_anchor,base_4,0.00067060572008526,0.0,-0.00067060572008526,1.3705223419687247,4
clintox,83,3,4,near_duplicate_95pct_anchor,base_1,0.0,0.0,0.0,1.3705223419687247,4
clintox,83,1,8,near_duplicate_95pct_anchor,base_1,0.0019633507853402676,0.0019633507853402676,0.0,1.3630744387474534,4
clintox,83,2,8,near_duplicate_95pct_anchor,near_duplicate_95pct_anchor_4,0.00067060572008526,0.0001187153369340832,-0.0005518903831511768,1.3630744387474534,4
clintox,83,3,8,near_duplicate_95pct_anchor,near_duplicate_95pct_anchor_1,0.0,0.0020958356064738615,0.0020958356064738615,1.3630744387474534,4
clintox,83,1,16,near_duplicate_95pct_anchor,near_duplicate_95pct_anchor_9,0.0019633507853402676,0.002368402433847394,0.0,1.3567696739976056,4
clintox,83,2,16,near_duplicate_95pct_anchor,near_duplicate_95pct_anchor_8,0.0019991300250117305,0.0008563816290284576,0.0008563816290284576,1.3567696739976056,4
clintox,83,3,16,near_duplicate_95pct_anchor,near_duplicate_95pct_anchor_1,0.00045917439534459703,0.0025550100018184585,0.0025550100018184585,1.3567696739976056,4
clintox,83,1,32,near_duplicate_95pct_anchor,near_duplicate_95pct_anchor_9,0.0019633507853402676,0.002368402433847394,0.000344912975802969,1.3544353968627258,4
clintox,83,2,32,near_duplicate_95pct_anchor,near_duplicate_95pct_anchor_24,0.0028518867582553176,0.0002963352303620992,-0.0010775002718669269,1.3544353968627258,4
clintox,83,3,32,near_duplicate_95pct_anchor,near_duplicate_95pct_anchor_13,0.0008887979632660192,0.0012024913620657385,0.0012024913620657385,1.3544353968627258,4
clintox,97,1,4,registered,logreg_l2_c0.1,0.0,0.0,0.0,1.5183640118943196,4
clintox,97,2,4,registered,logreg_l2_c0.1,0.0,0.0,0.0,1.5183640118943196,4
clintox,97,3,4,registered,logreg_l1_c1,0.0,0.021072796934865967,0.021072796934865967,1.5183640118943196,4
clintox,97,1,8,registered,rf_60_sqrt,0.0336554412740544,0.0,-0.003545952222959503,2.3747247267034264,8
clintox,97,2,8,registered,rf_90_d12,0.0475812846946867,0.04348400740153313,0.0418318794607454,2.3747247267034264,8
clintox,97,3,8,registered,rf_90_leaf2,0.04529853128991057,0.008780332056194107,0.008780332056194107,2.3747247267034264,8
clintox,97,1,16,registered,et_120_d20_leaf2,0.03429827471798286,0.0,0.0,2.7485272862094985,16
clintox,97,2,16,registered,histgb_lr0.05,0.0475812846946867,0.04665609304784557,0.011432725350251083,2.7485272862094985,16
clintox,97,3,16,registered,et_120_d20_leaf2,0.04529853128991057,0.049129948914431565,0.0,2.7485272862094985,16
clintox,97,1,32,registered,et_120_d20_leaf2,0.046118115461181275,0.011819840743198418,0.0017418712674186487,2.558979841796431,32
clintox,97,2,32,registered,xgb_100_d3,0.05432196669310074,0.04903515728258001,0.00541897964578375,2.558979841796431,32
clintox,97,3,32,registered,xgb_80_d5,0.04529853128991057,0.03859355044699864,0.0,2.558979841796431,32
clintox,97,1,4,weak_added,logreg_l2_c0.1,0.0,0.0,0.0,1.5183640118943196,4
clintox,97,2,4,weak_added,logreg_l2_c0.1,0.0,0.0,0.0,1.5183640118943196,4
clintox,97,3,4,weak_added,logreg_l1_c1,0.0,0.021072796934865967,0.021072796934865967,1.5183640118943196,4
clintox,97,1,8,weak_added,logreg_l2_c0.1,0.039814200398141986,0.039814200398141986,0.0,2.9343070933816318,8
clintox,97,2,8,weak_added,logreg_l2_c0.1,0.03363732487443827,0.03363732487443827,0.0,2.9343070933816318,8
clintox,97,3,8,weak_added,logreg_l1_c1,0.0,0.021072796934865967,0.021072796934865967,2.9343070933816318,8
clintox,97,1,16,weak_added,et_90_d12,0.039814200398141986,0.025298606502985987,0.0059306569343065,3.6219422560762276,16
clintox,97,2,16,weak_added,cat_80_d6,0.0475812846946867,0.028350515463917425,0.028350515463917425,3.6219422560762276,16
clintox,97,3,16,weak_added,rf_90_leaf2,0.036518199233716464,0.0,0.0,3.6219422560762276,16
clintox,97,1,32,weak_added,et_120_d20_leaf2,0.046118115461181275,0.011819840743198418,0.0017418712674186487,2.5589798417964307,32
clintox,97,2,32,weak_added,xgb_100_d3,0.05432196669310074,0.04903515728258001,0.00541897964578375,2.5589798417964307,32
clintox,97,3,32,weak_added,xgb_80_d5,0.04529853128991057,0.03859355044699864,0.0,2.5589798417964307,32
clintox,97,1,4,complementary_strong_added,logreg_l2_c0.1,0.0,0.0,0.0,1.5183640118943196,4
clintox,97,2,4,complementary_strong_added,logreg_l2_c0.1,0.0,0.0,0.0,1.5183640118943196,4
clintox,97,3,4,complementary_strong_added,logreg_l1_c1,0.0,0.021072796934865967,0.021072796934865967,1.5183640118943196,4
clintox,97,1,8,complementary_strong_added,lgbm_90_l31,0.03608161911081631,0.002446914399469202,0.002446914399469202,2.6406749372926788,8
clintox,97,2,8,complementary_strong_added,xgb_60_d6,0.024517578641289894,0.0042294475284165856,0.0,2.6406749372926788,8
clintox,97,3,8,complementary_strong_added,xgb_60_d6,0.022948595146871087,0.0,0.0,2.6406749372926788,8
clintox,97,1,16,complementary_strong_added,rf_60_sqrt,0.046118115461181275,0.012462674187126876,0.0023847047113471076,2.2899653439938765,16
clintox,97,2,16,complementary_strong_added,xgb_100_d3,0.04592915675389897,0.04064234734337824,0.00541897964578375,2.2899653439938765,16
clintox,97,3,16,complementary_strong_added,xgb_80_d5,0.04529853128991057,0.03859355044699864,0.0,2.2899653439938765,16
clintox,97,1,32,complementary_strong_added,et_120_d20_leaf2,0.046118115461181275,0.011819840743198418,0.0017418712674186487,2.5589798417964307,32
clintox,97,2,32,complementary_strong_added,xgb_100_d3,0.05432196669310074,0.04903515728258001,0.00541897964578375,2.5589798417964307,32
clintox,97,3,32,complementary_strong_added,xgb_80_d5,0.04529853128991057,0.03859355044699864,0.0,2.5589798417964307,32
clintox,97,1,4,exact_duplicate,base_1,0.0,0.0,0.0,1.51836401189432,4
clintox,97,2,4,exact_duplicate,base_1,0.0,0.0,0.0,1.51836401189432,4
clintox,97,3,4,exact_duplicate,base_4,0.0,0.021072796934865967,0.021072796934865967,1.51836401189432,4
clintox,97,1,8,exact_duplicate,base_1,0.0,0.0,0.0,1.5183640118943196,4
clintox,97,2,8,exact_duplicate,base_1,0.0,0.0,0.0,1.5183640118943196,4
clintox,97,3,8,exact_duplicate,base_4,0.0,0.021072796934865967,0.021072796934865967,1.5183640118943196,4
clintox,97,1,16,exact_duplicate,base_1,0.0,0.0,0.0,1.5183640118943196,4
clintox,97,2,16,exact_duplicate,base_1,0.0,0.0,0.0,1.5183640118943196,4
clintox,97,3,16,exact_duplicate,base_4,0.0,0.021072796934865967,0.021072796934865967,1.5183640118943196,4
clintox,97,1,32,exact_duplicate,base_1,0.0,0.0,0.0,1.5183640118943196,4
clintox,97,2,32,exact_duplicate,base_1,0.0,0.0,0.0,1.5183640118943196,4
clintox,97,3,32,exact_duplicate,base_4,0.0,0.021072796934865967,0.021072796934865967,1.5183640118943196,4
clintox,97,1,4,near_duplicate_95pct_anchor,base_1,0.0,0.0,0.0,1.51836401189432,4
clintox,97,2,4,near_duplicate_95pct_anchor,base_1,0.0,0.0,0.0,1.51836401189432,4
clintox,97,3,4,near_duplicate_95pct_anchor,base_4,0.0,0.021072796934865967,0.021072796934865967,1.51836401189432,4
clintox,97,1,8,near_duplicate_95pct_anchor,near_duplicate_95pct_anchor_1,0.0016827720637027088,0.0,-0.0016827720637027088,1.5059562668321071,4
clintox,97,2,8,near_duplicate_95pct_anchor,base_1,0.0,0.0,0.0,1.5059562668321071,4
clintox,97,3,8,near_duplicate_95pct_anchor,near_duplicate_95pct_anchor_4,0.0,0.017754230523627124,0.017754230523627124,1.5059562668321071,4
clintox,97,1,16,near_duplicate_95pct_anchor,near_duplicate_95pct_anchor_5,0.0016827720637027088,0.00034837425348377415,-0.0005588503649635035,1.5002557821309412,4
clintox,97,2,16,near_duplicate_95pct_anchor,near_duplicate_95pct_anchor_9,0.00019990748083531518,0.00015364789849325877,0.0,1.5002557821309412,4
clintox,97,3,16,near_duplicate_95pct_anchor,near_duplicate_95pct_anchor_8,0.00040908365261804747,0.0206198116219668,0.0206198116219668,1.5002557821309412,4
clintox,97,1,32,near_duplicate_95pct_anchor,near_duplicate_95pct_anchor_5,0.0023059057730590027,0.000971507962840068,0.00019803417385533262,1.4990107138632403,4
clintox,97,2,32,near_duplicate_95pct_anchor,near_duplicate_95pct_anchor_21,0.00037668517049960215,0.00015199577055247104,-0.0005154639175257714,1.4990107138632403,4
clintox,97,3,32,near_duplicate_95pct_anchor,near_duplicate_95pct_anchor_8,0.00040908365261804747,0.0206198116219668,0.020075031928480258,1.4990107138632403,4
clintox,113,1,4,registered,logreg_l2_c0.1,0.00020559210526316374,0.00020559210526316374,0.0,1.4038500892090027,4
clintox,113,2,4,registered,logreg_l2_c0.1,0.0,0.0,0.0,1.4038500892090027,4
clintox,113,3,4,registered,logreg_l2_c0.1,0.0,0.0,0.0,1.4038500892090027,4
clintox,113,1,8,registered,rf_120_d20_leaf2,0.017578125,0.02443119517543868,0.0,2.1915313698271572,8
clintox,113,2,8,registered,rf_90_d12,0.03274356617647056,0.033471200980392024,0.033471200980392024,2.1915313698271572,8
clintox,113,3,8,registered,rf_90_d12,0.03616898148148151,0.0,-0.02620701058201058,2.1915313698271572,8
clintox,113,1,16,registered,rf_120_d20_leaf2,0.017578125,0.02443119517543868,0.0,2.438210877526045,16
clintox,113,2,16,registered,rf_90_d12,0.03274356617647056,0.033471200980392024,0.033471200980392024,2.438210877526045,16
clintox,113,3,16,registered,rf_90_d12,0.04571759259259267,0.00954861111111116,-0.02620701058201058,2.438210877526045,16
clintox,113,1,32,registered,rf_120_d20_leaf2,0.017578125,0.02443119517543868,0.0081894188596493,2.3192836509885693,32
clintox,113,2,32,registered,rf_90_d12,0.04369638480392157,0.044424019607843035,0.030560661764705843,2.3192836509885693,32
clintox,113,3,32,registered,xgb_60_d6,0.04571759259259267,0.012772817460317443,-0.016699735449735464,2.3192836509885693,32
clintox,113,1,4,weak_added,logreg_l2_c0.1,0.00020559210526316374,0.00020559210526316374,0.0,1.4038500892090027,4
clintox,113,2,4,weak_added,logreg_l2_c0.1,0.0,0.0,0.0,1.4038500892090027,4
clintox,113,3,4,weak_added,logreg_l2_c0.1,0.0,0.0,0.0,1.4038500892090027,4
clintox,113,1,8,weak_added,et_60_sqrt,0.00020559210526316374,0.012746710526315708,0.012541118421052544,2.92191626394639,8
clintox,113,2,8,weak_added,cat_100_d4,0.002182904411764719,0.048023897058823484,0.045840992647058765,2.92191626394639,8
clintox,113,3,8,weak_added,et_60_sqrt,0.04571759259259267,0.0,-0.04571759259259267,2.92191626394639,8
clintox,113,1,16,weak_added,et_90_d12,0.017578125,0.043756853070175405,0.0036321271929824483,3.092096576195783,16
clintox,113,2,16,weak_added,rf_90_d12,0.002182904411764719,0.002910539215686181,0.0,3.092096576195783,16
clintox,113,3,16,weak_added,rf_90_d12,0.04571759259259267,0.00954861111111116,0.0,3.092096576195783,16
clintox,113,1,32,weak_added,rf_120_d20_leaf2,0.017578125,0.02443119517543868,0.0081894188596493,2.319283650988569,32
clintox,113,2,32,weak_added,rf_90_d12,0.04369638480392157,0.044424019607843035,0.030560661764705843,2.319283650988569,32
clintox,113,3,32,weak_added,xgb_60_d6,0.04571759259259267,0.012772817460317443,-0.016699735449735464,2.319283650988569,32
clintox,113,1,4,complementary_strong_added,logreg_l2_c0.1,0.00020559210526316374,0.00020559210526316374,0.0,1.4038500892090027,4
clintox,113,2,4,complementary_strong_added,logreg_l2_c0.1,0.0,0.0,0.0,1.4038500892090027,4
clintox,113,3,4,complementary_strong_added,logreg_l2_c0.1,0.0,0.0,0.0,1.4038500892090027,4
clintox,113,1,8,complementary_strong_added,rf_120_d20_leaf2,0.00020559210526316374,0.007058662280701844,-0.021827028508771718,2.223761373436789,8
clintox,113,2,8,complementary_strong_added,rf_120_d20_leaf2,0.04369638480392157,0.010952818627451011,0.010952818627451011,2.223761373436789,8
clintox,113,3,8,complementary_strong_added,xgb_60_d6,0.03294477513227523,0.0,0.0,2.223761373436789,8
clintox,113,1,16,complementary_strong_added,rf_120_d20_leaf2,0.011855811403508776,0.018708881578947456,0.0081894188596493,1.998288484352299,16
clintox,113,2,16,complementary_strong_added,rf_120_d20_leaf2,0.04369638480392157,0.010952818627451011,-0.002910539215686181,1.998288484352299,16
clintox,113,3,16,complementary_strong_added,xgb_60_d6,0.03294477513227523,0.0,-0.016699735449735464,1.998288484352299,16
clintox,113,1,32,complementary_strong_added,rf_120_d20_leaf2,0.017578125,0.02443119517543868,0.0081894188596493,2.3192836509885693,32
clintox,113,2,32,complementary_strong_added,rf_90_d12,0.04369638480392157,0.044424019607843035,0.030560661764705843,2.3192836509885693,32
clintox,113,3,32,complementary_strong_added,xgb_60_d6,0.04571759259259267,0.012772817460317443,-0.016699735449735464,2.3192836509885693,32
clintox,113,1,4,exact_duplicate,base_1,0.00020559210526316374,0.00020559210526316374,0.0,1.4038500892090027,4
clintox,113,2,4,exact_duplicate,base_1,0.0,0.0,0.0,1.4038500892090027,4
clintox,113,3,4,exact_duplicate,base_1,0.0,0.0,0.0,1.4038500892090027,4
clintox,113,1,8,exact_duplicate,base_1,0.00020559210526316374,0.00020559210526316374,0.0,1.4038500892090027,4
clintox,113,2,8,exact_duplicate,base_1,0.0,0.0,0.0,1.4038500892090027,4
clintox,113,3,8,exact_duplicate,base_1,0.0,0.0,0.0,1.4038500892090027,4
clintox,113,1,16,exact_duplicate,base_1,0.00020559210526316374,0.00020559210526316374,0.0,1.4038500892090033,4
clintox,113,2,16,exact_duplicate,base_1,0.0,0.0,0.0,1.4038500892090033,4
clintox,113,3,16,exact_duplicate,base_1,0.0,0.0,0.0,1.4038500892090033,4
clintox,113,1,32,exact_duplicate,base_1,0.00020559210526316374,0.00020559210526316374,0.0,1.4038500892090024,4
clintox,113,2,32,exact_duplicate,base_1,0.0,0.0,0.0,1.4038500892090024,4
clintox,113,3,32,exact_duplicate,base_1,0.0,0.0,0.0,1.4038500892090024,4
clintox,113,1,4,near_duplicate_95pct_anchor,base_1,0.00020559210526316374,0.00020559210526316374,0.0,1.4038500892090027,4
clintox,113,2,4,near_duplicate_95pct_anchor,base_1,0.0,0.0,0.0,1.4038500892090027,4
clintox,113,3,4,near_duplicate_95pct_anchor,base_1,0.0,0.0,0.0,1.4038500892090027,4
clintox,113,1,8,near_duplicate_95pct_anchor,near_duplicate_95pct_anchor_1,0.0008789062499999778,0.0,-0.0008789062499999778,1.3937898319848616,4
clintox,113,2,8,near_duplicate_95pct_anchor,near_duplicate_95pct_anchor_1,3.255208333330373e-05,0.0,-3.255208333330373e-05,1.3937898319848616,4
clintox,113,3,8,near_duplicate_95pct_anchor,base_1,0.0015635333994709066,0.0015635333994709066,0.0,1.3937898319848616,4
clintox,113,1,16,near_duplicate_95pct_anchor,near_duplicate_95pct_anchor_5,0.0008789062499999778,0.0015059621710526994,-0.00031352796052630527,1.3881778768027784,4
clintox,113,2,16,near_duplicate_95pct_anchor,near_duplicate_95pct_anchor_1,0.00010914522058824705,7.659313725494332e-05,-0.0006606158088234837,1.3881778768027784,4
clintox,113,3,16,near_duplicate_95pct_anchor,near_duplicate_95pct_anchor_5,0.0022858796296295614,0.0,-0.0032717427248676323,1.3881778768027784,4
clintox,113,1,32,near_duplicate_95pct_anchor,near_duplicate_95pct_anchor_5,0.0008789062499999778,0.0015059621710526994,-0.00016790021929824483,1.387123956358655,4
clintox,113,2,32,near_duplicate_95pct_anchor,near_duplicate_95pct_anchor_1,0.0013595281862744946,0.0013269761029411908,0.0013269761029411908,1.387123956358655,4
clintox,113,3,32,near_duplicate_95pct_anchor,near_duplicate_95pct_anchor_21,0.0022858796296295614,0.0015562996031746046,0.0,1.387123956358655,4
clintox,127,1,4,registered,logreg_l2_c0.1,0.0,0.0,0.0,1.414943439817501,4
clintox,127,2,4,registered,logreg_l2_c0.1,0.0,0.0,0.0,1.414943439817501,4
clintox,127,3,4,registered,logreg_l2_c0.1,0.0,0.0,0.0,1.414943439817501,4
clintox,127,1,8,registered,rf_120_d20_leaf2,0.025004371393600233,0.028384915777816544,0.0,2.183275137362089,8
clintox,127,2,8,registered,rf_90_d12,0.008636200071968414,0.06836991723641594,0.06351205469593368,2.183275137362089,8
clintox,127,3,8,registered,rf_90_d12,0.048609926658707,0.014668258570697534,-0.004050827221559028,2.183275137362089,8
clintox,127,1,16,registered,rf_120_d20_leaf2,0.02681121408171594,0.03019175846593225,0.0,2.3859033634479854,16
clintox,127,2,16,registered,rf_90_d12,0.009715725080964521,0.06944944224541205,0.06351205469593368,2.3859033634479854,16
clintox,127,3,16,registered,rf_90_d12,0.048609926658707,0.014668258570697534,-0.004050827221559028,2.3859033634479854,16
clintox,127,1,32,registered,rf_120_d20_leaf2,0.030016902721921035,0.033397447106137346,0.033397447106137346,2.2857673545077626,32
clintox,127,2,32,registered,rf_90_d12,0.028382511694854395,0.08811622885930193,0.035894206549118346,2.2857673545077626,32
clintox,127,3,32,registered,xgb_60_d6,0.05922735800784573,0.02070185911649325,0.019465290806754187,2.2857673545077626,32
clintox,127,1,4,weak_added,logreg_l2_c0.1,0.0,0.0,0.0,1.414943439817501,4
clintox,127,2,4,weak_added,logreg_l2_c0.1,0.0,0.0,0.0,1.414943439817501,4
clintox,127,3,4,weak_added,logreg_l2_c0.1,0.0,0.0,0.0,1.414943439817501,4
clintox,127,1,8,weak_added,cat_100_d4,0.0,0.023955236929533164,0.023955236929533164,2.5874247046999406,8
clintox,127,2,8,weak_added,cat_100_d4,0.007646635480388686,0.01448362720403018,0.0068369917236414945,2.5874247046999406,8
clintox,127,3,8,weak_added,logreg_l2_c0.1,0.04046563192904651,0.04046563192904651,0.0,2.5874247046999406,8
clintox,127,1,16,weak_added,gb_lr0.1_d3,0.02681121408171594,0.05557498397155669,0.051903013347321614,2.9286616723869123,16
clintox,127,2,16,weak_added,et_90_d12,0.01506836991723648,0.03971752428931252,-0.005577545879812962,2.9286616723869123,16
clintox,127,3,16,weak_added,logreg_l2_c0.1,0.048609926658707,0.048609926658707,0.045241344021831775,2.9286616723869123,16
clintox,127,1,32,weak_added,rf_120_d20_leaf2,0.030016902721921035,0.033397447106137346,0.033397447106137346,2.28576735450776,32
clintox,127,2,32,weak_added,rf_90_d12,0.028382511694854395,0.08811622885930193,0.035894206549118346,2.28576735450776,32
clintox,127,3,32,weak_added,xgb_60_d6,0.05922735800784573,0.02070185911649325,0.019465290806754187,2.28576735450776,32
clintox,127,1,4,complementary_strong_added,logreg_l2_c0.1,0.0,0.0,0.0,1.414943439817501,4
clintox,127,2,4,complementary_strong_added,logreg_l2_c0.1,0.0,0.0,0.0,1.414943439817501,4
clintox,127,3,4,complementary_strong_added,logreg_l2_c0.1,0.0,0.0,0.0,1.414943439817501,4
clintox,127,1,8,complementary_strong_added,rf_120_d20_leaf2,0.029667191233898826,0.03304773561811514,0.03304773561811514,2.2162498382012754,8
clintox,127,2,8,complementary_strong_added,rf_120_d20_leaf2,0.028382511694854395,0.024604174163368242,0.024604174163368242,2.2162498382012754,8
clintox,127,3,8,complementary_strong_added,xgb_60_d6,0.048140883506737064,0.009615384615384581,0.0,2.2162498382012754,8
clintox,127,1,16,complementary_strong_added,rf_120_d20_leaf2,0.029667191233898826,0.03304773561811514,0.03304773561811514,2.2743833004096463,16
clintox,127,2,16,complementary_strong_added,xgb_100_d3,0.028382511694854395,0.038503058654192235,0.038503058654192235,2.2743833004096463,16
clintox,127,3,16,complementary_strong_added,xgb_60_d6,0.05718062425379489,0.018655125362442404,0.0,2.2743833004096463,16
clintox,127,1,32,complementary_strong_added,rf_120_d20_leaf2,0.030016902721921035,0.033397447106137346,0.033397447106137346,2.2857673545077613,32
clintox,127,2,32,complementary_strong_added,rf_90_d12,0.028382511694854395,0.08811622885930193,0.035894206549118346,2.2857673545077613,32
clintox,127,3,32,complementary_strong_added,xgb_60_d6,0.05922735800784573,0.02070185911649325,0.019465290806754187,2.2857673545077613,32
clintox,127,1,4,exact_duplicate,base_1,0.0,0.0,0.0,1.4149434398175011,4
clintox,127,2,4,exact_duplicate,base_1,0.0,0.0,0.0,1.4149434398175011,4
clintox,127,3,4,exact_duplicate,base_1,0.0,0.0,0.0,1.4149434398175011,4
clintox,127,1,8,exact_duplicate,base_1,0.0,0.0,0.0,1.414943439817501,4
clintox,127,2,8,exact_duplicate,base_1,0.0,0.0,0.0,1.414943439817501,4
clintox,127,3,8,exact_duplicate,base_1,0.0,0.0,0.0,1.414943439817501,4
clintox,127,1,16,exact_duplicate,base_1,0.0,0.0,0.0,1.4149434398175014,4
clintox,127,2,16,exact_duplicate,base_1,0.0,0.0,0.0,1.4149434398175014,4
clintox,127,3,16,exact_duplicate,base_1,0.0,0.0,0.0,1.4149434398175014,4
clintox,127,1,32,exact_duplicate,base_1,0.0,0.0,0.0,1.4149434398175016,4
clintox,127,2,32,exact_duplicate,base_1,0.0,0.0,0.0,1.4149434398175016,4
clintox,127,3,32,exact_duplicate,base_1,0.0,0.0,0.0,1.4149434398175016,4
clintox,127,1,4,near_duplicate_95pct_anchor,base_1,0.0,0.0,0.0,1.4149434398175011,4
clintox,127,2,4,near_duplicate_95pct_anchor,base_1,0.0,0.0,0.0,1.4149434398175011,4
clintox,127,3,4,near_duplicate_95pct_anchor,base_1,0.0,0.0,0.0,1.4149434398175011,4
clintox,127,1,8,near_duplicate_95pct_anchor,near_duplicate_95pct_anchor_1,0.0,0.002496065745759779,0.002496065745759779,1.4056755869471074,4
clintox,127,2,8,near_duplicate_95pct_anchor,near_duplicate_95pct_anchor_1,0.0,0.001288682979489142,0.001288682979489142,1.4056755869471074,4
clintox,127,3,8,near_duplicate_95pct_anchor,base_1,0.00243049633293535,0.00243049633293535,0.0,1.4056755869471074,4
clintox,127,1,16,near_duplicate_95pct_anchor,near_duplicate_95pct_anchor_9,0.0011569621728739765,0.0,0.0,1.3974325117471942,4
clintox,127,2,16,near_duplicate_95pct_anchor,near_duplicate_95pct_anchor_9,0.00014393666786616244,0.001655271680460646,0.0,1.3974325117471942,4
clintox,127,3,16,near_duplicate_95pct_anchor,base_1,0.00243049633293535,0.00243049633293535,0.0022620672010915666,1.3974325117471942,4
clintox,127,1,32,near_duplicate_95pct_anchor,near_duplicate_95pct_anchor_17,0.0012910182432825934,0.0,-0.0004415107536283047,1.3966456552311497,4
clintox,127,2,32,near_duplicate_95pct_anchor,near_duplicate_95pct_anchor_21,0.0010772759985606672,0.00129992803166612,0.0,1.3966456552311497,4
clintox,127,3,32,near_duplicate_95pct_anchor,near_duplicate_95pct_anchor_17,0.0029613679003922533,0.0,-0.0007483370288248192,1.3966456552311497,4
clintox,149,1,4,registered,logreg_l1_c1,0.0,0.047343164794007575,0.047343164794007575,1.43532080060354,4
clintox,149,2,4,registered,logreg_l2_c1,0.0,0.01061007957559712,0.01061007957559712,1.43532080060354,4
clintox,149,3,4,registered,logreg_l2_c0.1,0.0,0.0,0.0,1.43532080060354,4
clintox,149,1,8,registered,rf_90_leaf2,0.03762874531835214,0.025983146067415808,0.017029494382022503,2.3706135942826543,8
clintox,149,2,8,registered,rf_90_d12,0.03224285293250806,0.0,-0.01665193044503388,2.3706135942826543,8
clintox,149,3,8,registered,rf_90_d12,0.0,0.019318537042826045,0.018286964676461515,2.3706135942826543,8
clintox,149,1,16,registered,et_90_d12,0.04108146067415741,0.04026217228464424,0.027855805243445664,2.6112957830942025,16
clintox,149,2,16,registered,rf_90_d12,0.03224285293250806,0.0,-0.01665193044503388,2.6112957830942025,16
clintox,149,3,16,registered,rf_90_d12,0.025226633322913306,0.04454517036573935,0.018286964676461515,2.6112957830942025,16
clintox,149,1,32,registered,xgb_80_d5,0.04108146067415741,0.004154962546816576,0.0,2.4358494368052654,32
clintox,149,2,32,registered,rf_90_d12,0.0443560271146477,0.012113174182139641,0.0069260241674033995,2.4358494368052654,32
clintox,149,3,32,registered,rf_90_d12,0.025226633322913306,0.04454517036573935,-0.0010315723663645304,2.4358494368052654,32
clintox,149,1,4,weak_added,logreg_l1_c1,0.0,0.047343164794007575,0.047343164794007575,1.43532080060354,4
clintox,149,2,4,weak_added,logreg_l2_c1,0.0,0.01061007957559712,0.01061007957559712,1.43532080060354,4
clintox,149,3,4,weak_added,logreg_l2_c0.1,0.0,0.0,0.0,1.43532080060354,4
clintox,149,1,8,weak_added,cat_100_d4,0.00310159176029956,0.0,-0.00310159176029956,3.022620422931333,8
clintox,149,2,8,weak_added,cat_80_d6,0.02564102564102555,0.0,-0.02564102564102555,3.022620422931333,8
clintox,149,3,8,weak_added,cat_80_d6,0.0,0.024788996561425525,0.024788996561425525,3.022620422931333,8
clintox,149,1,16,weak_added,et_90_d12,0.03762874531835214,0.03680945692883897,0.03680945692883897,3.380682071013378,16
clintox,149,2,16,weak_added,rf_90_d12,0.03224285293250806,0.0,0.0,3.380682071013378,16
clintox,149,3,16,weak_added,rf_90_d12,0.01372303844951539,0.033041575492341435,0.0,3.380682071013378,16
clintox,149,1,32,weak_added,xgb_80_d5,0.04108146067415741,0.004154962546816576,0.0,2.4358494368052654,32
clintox,149,2,32,weak_added,rf_90_d12,0.0443560271146477,0.012113174182139641,0.0069260241674033995,2.4358494368052654,32
clintox,149,3,32,weak_added,rf_90_d12,0.025226633322913306,0.04454517036573935,-0.0010315723663645304,2.4358494368052654,32
clintox,149,1,4,complementary_strong_added,logreg_l1_c1,0.0,0.047343164794007575,0.047343164794007575,1.43532080060354,4
clintox,149,2,4,complementary_strong_added,logreg_l2_c1,0.0,0.01061007957559712,0.01061007957559712,1.43532080060354,4
clintox,149,3,4,complementary_strong_added,logreg_l2_c0.1,0.0,0.0,0.0,1.43532080060354,4
clintox,149,1,8,complementary_strong_added,xgb_60_d6,0.035814606741572996,0.0,0.0,2.2925333622710657,8
clintox,149,2,8,complementary_strong_added,xgb_60_d6,0.03342175066312991,0.0,0.0,2.2925333622710657,8
clintox,149,3,8,complementary_strong_added,xgb_60_d6,0.017067833698030555,0.03560487652391375,0.0,2.2925333622710657,8
clintox,149,1,16,complementary_strong_added,lgbm_100_leaf30,0.035814606741572996,0.02118445692883897,0.02118445692883897,2.322872531061018,16
clintox,149,2,16,complementary_strong_added,lgbm_100_leaf10,0.03631005010315347,0.015266725611553289,0.012378426171529733,2.322872531061018,16
clintox,149,3,16,complementary_strong_added,xgb_60_d6,0.017067833698030555,0.03560487652391375,0.0,2.322872531061018,16
clintox,149,1,32,complementary_strong_added,xgb_80_d5,0.04108146067415741,0.004154962546816576,0.0,2.435849436805266,32
clintox,149,2,32,complementary_strong_added,rf_90_d12,0.0443560271146477,0.012113174182139641,0.0069260241674033995,2.435849436805266,32
clintox,149,3,32,complementary_strong_added,rf_90_d12,0.025226633322913306,0.04454517036573935,-0.0010315723663645304,2.435849436805266,32
clintox,149,1,4,exact_duplicate,base_4,0.0,0.047343164794007575,0.047343164794007575,1.4353208006035403,4
clintox,149,2,4,exact_duplicate,base_2,0.0,0.01061007957559712,0.01061007957559712,1.4353208006035403,4
clintox,149,3,4,exact_duplicate,base_1,0.0,0.0,0.0,1.4353208006035403,4
clintox,149,1,8,exact_duplicate,base_4,0.0,0.047343164794007575,0.047343164794007575,1.4353208006035405,4
clintox,149,2,8,exact_duplicate,base_2,0.0,0.01061007957559712,0.01061007957559712,1.4353208006035405,4
clintox,149,3,8,exact_duplicate,base_1,0.0,0.0,0.0,1.4353208006035405,4
clintox,149,1,16,exact_duplicate,base_4,0.0,0.047343164794007575,0.047343164794007575,1.43532080060354,4
clintox,149,2,16,exact_duplicate,base_2,0.0,0.01061007957559712,0.01061007957559712,1.43532080060354,4
clintox,149,3,16,exact_duplicate,base_1,0.0,0.0,0.0,1.43532080060354,4
clintox,149,1,32,exact_duplicate,base_4,0.0,0.047343164794007575,0.047343164794007575,1.4353208006035407,4
clintox,149,2,32,exact_duplicate,base_2,0.0,0.01061007957559712,0.01061007957559712,1.4353208006035407,4
clintox,149,3,32,exact_duplicate,base_1,0.0,0.0,0.0,1.4353208006035407,4
clintox,149,1,4,near_duplicate_95pct_anchor,base_4,0.0,0.047343164794007575,0.047343164794007575,1.4353208006035403,4
clintox,149,2,4,near_duplicate_95pct_anchor,base_2,0.0,0.01061007957559712,0.01061007957559712,1.4353208006035403,4
clintox,149,3,4,near_duplicate_95pct_anchor,base_1,0.0,0.0,0.0,1.4353208006035403,4
clintox,149,1,8,near_duplicate_95pct_anchor,near_duplicate_95pct_anchor_4,0.0002633426966291985,0.04380559456928845,0.043542251872659254,1.42724963098217,4
clintox,149,2,8,near_duplicate_95pct_anchor,near_duplicate_95pct_anchor_2,1.7683465959317246e-05,0.008485116416151128,0.008467432950191811,1.42724963098217,4
clintox,149,3,8,near_duplicate_95pct_anchor,base_1,0.0,0.0,0.0,1.42724963098217,4
clintox,149,1,16,near_duplicate_95pct_anchor,near_duplicate_95pct_anchor_8,0.0002633426966291985,0.04318527621722856,0.042055828651685556,1.4217537964344276,4
clintox,149,2,16,near_duplicate_95pct_anchor,near_duplicate_95pct_anchor_2,0.0003477748305334982,0.00881520778072531,0.007771883289124926,1.4217537964344276,4
clintox,149,3,16,near_duplicate_95pct_anchor,base_1,0.0012613316661456153,0.0012613316661456153,0.0012613316661456153,1.4217537964344276,4
clintox,149,1,32,near_duplicate_95pct_anchor,near_duplicate_95pct_anchor_24,0.0007402855805243025,0.043925561797752866,0.043925561797752866,1.419052844069798,4
clintox,149,2,32,near_duplicate_95pct_anchor,near_duplicate_95pct_anchor_2,0.0018155025051577178,0.010282935455349529,0.009921898025346598,1.419052844069798,4
clintox,149,3,32,near_duplicate_95pct_anchor,near_duplicate_95pct_anchor_21,0.0012613316661456153,0.002172553923101006,0.0,1.419052844069798,4
esol,11,1,4,registered,ridge_a10,0.9482149821062136,0.0,0.0,1.6926896971139138,4
esol,11,2,4,registered,ridge_a10,0.8538939092095377,0.0,0.0,1.6926896971139138,4
esol,11,3,4,registered,ridge_a10,1.2253681694210725,0.0,0.0,1.6926896971139138,4
esol,11,1,8,registered,ridge_a10,0.9482149821062136,0.0,0.0,2.0423630137895152,8
esol,11,2,8,registered,rf_60_sqrt,0.8538939092095377,0.340238911140025,0.340238911140025,2.0423630137895152,8
esol,11,3,8,registered,ridge_a10,1.3511594414950845,0.12579127207401197,0.0,2.0423630137895152,8
esol,11,1,16,registered,ridge_a10,0.9746961036162416,0.026481121510028016,0.0,1.6584779712310296,16
esol,11,2,16,registered,histgb_lr0.1,0.8538939092095377,0.1834293960808564,0.1834293960808564,1.6584779712310296,16
esol,11,3,16,registered,ridge_a10,1.3604732501161816,0.13510508069510907,0.0,1.6584779712310296,16
esol,11,1,32,registered,ridge_a10,0.9746961036162416,0.026481121510028016,0.0,1.4146160945477182,32
esol,11,2,32,registered,lgbm_100_leaf10,0.8538939092095377,0.27061637119287063,0.27061637119287063,1.4146160945477182,32
esol,11,3,32,registered,ridge_a10,1.3726987999062394,0.14733063048516692,0.0,1.4146160945477182,32
esol,11,1,4,weak_added,ridge_a10,0.9482149821062136,0.0,0.0,1.6926896971139138,4
esol,11,2,4,weak_added,ridge_a10,0.8538939092095377,0.0,0.0,1.6926896971139138,4
esol,11,3,4,weak_added,ridge_a10,1.2253681694210725,0.0,0.0,1.6926896971139138,4
esol,11,1,8,weak_added,ridge_a10,0.9482149821062136,0.0,0.0,1.8736516181365344,8
esol,11,2,8,weak_added,ridge_a10,0.8538939092095377,0.0,0.0,1.8736516181365344,8
esol,11,3,8,weak_added,ridge_a10,1.2253681694210725,0.0,0.0,1.8736516181365344,8
esol,11,1,16,weak_added,ridge_a10,0.9482149821062136,0.0,0.0,1.5148267177374883,16
esol,11,2,16,weak_added,lgbm_60_l15,0.8538939092095377,0.3013238593680496,0.3013238593680496,1.5148267177374883,16
esol,11,3,16,weak_added,ridge_a10,1.2253681694210725,0.0,0.0,1.5148267177374883,16
esol,11,1,32,weak_added,ridge_a10,0.9746961036162416,0.026481121510028016,0.0,1.4146160945477182,32
esol,11,2,32,weak_added,lgbm_100_leaf10,0.8538939092095377,0.27061637119287063,0.27061637119287063,1.4146160945477182,32
esol,11,3,32,weak_added,ridge_a10,1.3726987999062394,0.14733063048516692,0.0,1.4146160945477182,32
esol,11,1,4,complementary_strong_added,ridge_a10,0.9482149821062136,0.0,0.0,1.6926896971139138,4
esol,11,2,4,complementary_strong_added,ridge_a10,0.8538939092095377,0.0,0.0,1.6926896971139138,4
esol,11,3,4,complementary_strong_added,ridge_a10,1.2253681694210725,0.0,0.0,1.6926896971139138,4
esol,11,1,8,complementary_strong_added,ridge_a10,0.95724180764978,0.009026825543566375,0.0,2.1600242504996507,8
esol,11,2,8,complementary_strong_added,lgbm_80_bag0.8,0.8538939092095377,0.2696953891085032,0.2696953891085032,2.1600242504996507,8
esol,11,3,8,complementary_strong_added,ridge_a10,1.3604732501161816,0.13510508069510907,0.0,2.1600242504996507,8
esol,11,1,16,complementary_strong_added,ridge_a10,0.9746961036162416,0.026481121510028016,0.0,1.5700333299548734,16
esol,11,2,16,complementary_strong_added,lgbm_100_leaf10,0.8538939092095377,0.27061637119287063,0.27061637119287063,1.5700333299548734,16
esol,11,3,16,complementary_strong_added,ridge_a10,1.3726987999062394,0.14733063048516692,0.0,1.5700333299548734,16
esol,11,1,32,complementary_strong_added,ridge_a10,0.9746961036162416,0.026481121510028016,0.0,1.4146160945477178,32
esol,11,2,32,complementary_strong_added,lgbm_100_leaf10,0.8538939092095377,0.27061637119287063,0.27061637119287063,1.4146160945477178,32
esol,11,3,32,complementary_strong_added,ridge_a10,1.3726987999062394,0.14733063048516692,0.0,1.4146160945477178,32
esol,11,1,4,exact_duplicate,base_3,0.9482149821062136,0.0,0.0,1.6926896971139136,4
esol,11,2,4,exact_duplicate,base_3,0.8538939092095377,0.0,0.0,1.6926896971139136,4
esol,11,3,4,exact_duplicate,base_3,1.2253681694210725,0.0,0.0,1.6926896971139136,4
esol,11,1,8,exact_duplicate,base_3,0.9482149821062136,0.0,0.0,1.6926896971139136,4
esol,11,2,8,exact_duplicate,base_3,0.8538939092095377,0.0,0.0,1.6926896971139136,4
esol,11,3,8,exact_duplicate,base_3,1.2253681694210725,0.0,0.0,1.6926896971139136,4
esol,11,1,16,exact_duplicate,base_3,0.9482149821062136,0.0,0.0,1.692689697113915,4
esol,11,2,16,exact_duplicate,base_3,0.8538939092095377,0.0,0.0,1.692689697113915,4
esol,11,3,16,exact_duplicate,base_3,1.2253681694210725,0.0,0.0,1.692689697113915,4
esol,11,1,32,exact_duplicate,base_3,0.9482149821062136,0.0,0.0,1.692689697113916,4
esol,11,2,32,exact_duplicate,base_3,0.8538939092095377,0.0,0.0,1.692689697113916,4
esol,11,3,32,exact_duplicate,base_3,1.2253681694210725,0.0,0.0,1.692689697113916,4
esol,11,1,4,near_duplicate_95pct_anchor,base_3,0.9482149821062136,0.0,0.0,1.6926896971139136,4
esol,11,2,4,near_duplicate_95pct_anchor,base_3,0.8538939092095377,0.0,0.0,1.6926896971139136,4
esol,11,3,4,near_duplicate_95pct_anchor,base_3,1.2253681694210725,0.0,0.0,1.6926896971139136,4
esol,11,1,8,near_duplicate_95pct_anchor,base_3,0.9482149821062136,0.0,0.0,1.680766840420532,4
esol,11,2,8,near_duplicate_95pct_anchor,near_duplicate_95pct_anchor_3,0.8538939092095377,0.013276517497278428,0.013276517497278428,1.680766840420532,4
esol,11,3,8,near_duplicate_95pct_anchor,base_3,1.2253681694210725,0.0,0.0,1.680766840420532,4
esol,11,1,16,near_duplicate_95pct_anchor,base_3,0.9482149821062136,0.0,0.0,1.6769216260990694,4
esol,11,2,16,near_duplicate_95pct_anchor,near_duplicate_95pct_anchor_7,0.8538939092095377,0.010861301469218043,0.010861301469218043,1.6769216260990694,4
esol,11,3,16,near_duplicate_95pct_anchor,base_3,1.2293518849000344,0.0039837154789619245,0.0,1.6769216260990694,4
esol,11,1,32,near_duplicate_95pct_anchor,base_3,0.9482149821062136,0.0,0.0,1.6765994694663366,4
esol,11,2,32,near_duplicate_95pct_anchor,near_duplicate_95pct_anchor_19,0.8538939092095377,0.013484769455425205,0.013484769455425205,1.6765994694663366,4
esol,11,3,32,near_duplicate_95pct_anchor,base_3,1.2301530843682162,0.004784914947143726,0.0,1.6765994694663366,4
esol,23,1,4,registered,ridge_a10,0.9505443250103849,0.0,0.0,1.6676882804548594,4
esol,23,2,4,registered,ridge_a10,0.8946398513175147,0.0,0.0,1.6676882804548594,4
esol,23,3,4,registered,ridge_a10,1.179588881350303,0.0,0.0,1.6676882804548594,4
esol,23,1,8,registered,ridge_a10,0.9505443250103849,0.0,0.0,2.0189018672127053,8
esol,23,2,8,registered,rf_60_sqrt,0.8946398513175147,0.2587237224194425,0.2587237224194425,2.0189018672127053,8
esol,23,3,8,registered,ridge_a10,1.310415229103022,0.13082634775271895,0.0,2.0189018672127053,8
esol,23,1,16,registered,ridge_a10,0.9505443250103849,0.0,0.0,1.657977812978029,16
esol,23,2,16,registered,histgb_lr0.1,0.8946398513175147,0.11560003349347148,0.11560003349347148,1.657977812978029,16
esol,23,3,16,registered,ridge_a10,1.310415229103022,0.13082634775271895,0.0,1.657977812978029,16
esol,23,1,32,registered,ridge_a10,0.9505443250103849,0.0,0.0,1.4261727493279044,32
esol,23,2,32,registered,lgbm_80_bag0.8,0.8946398513175147,0.20115679877337,0.20115679877337,1.4261727493279044,32
esol,23,3,32,registered,ridge_a10,1.310415229103022,0.13082634775271895,0.0,1.4261727493279044,32
esol,23,1,4,weak_added,ridge_a10,0.9505443250103849,0.0,0.0,1.6676882804548594,4
esol,23,2,4,weak_added,ridge_a10,0.8946398513175147,0.0,0.0,1.6676882804548594,4
esol,23,3,4,weak_added,ridge_a10,1.179588881350303,0.0,0.0,1.6676882804548594,4
esol,23,1,8,weak_added,ridge_a10,0.9505443250103849,0.0,0.0,1.8443677468622908,8
esol,23,2,8,weak_added,ridge_a10,0.8946398513175147,0.0,0.0,1.8443677468622908,8
esol,23,3,8,weak_added,ridge_a10,1.1884192912506262,0.008830409900323133,0.0,1.8443677468622908,8
esol,23,1,16,weak_added,ridge_a10,0.9505443250103849,0.0,0.0,1.5161798915772247,16
esol,23,2,16,weak_added,lgbm_60_l15,0.8946398513175147,0.2152573775780633,0.2152573775780633,1.5161798915772247,16
esol,23,3,16,weak_added,ridge_a10,1.2625495759488157,0.08296069459851263,0.0,1.5161798915772247,16
esol,23,1,32,weak_added,ridge_a10,0.9505443250103849,0.0,0.0,1.4261727493279048,32
esol,23,2,32,weak_added,lgbm_80_bag0.8,0.8946398513175147,0.20115679877337,0.20115679877337,1.4261727493279048,32
esol,23,3,32,weak_added,ridge_a10,1.310415229103022,0.13082634775271895,0.0,1.4261727493279048,32
esol,23,1,4,complementary_strong_added,ridge_a10,0.9505443250103849,0.0,0.0,1.6676882804548594,4
esol,23,2,4,complementary_strong_added,ridge_a10,0.8946398513175147,0.0,0.0,1.6676882804548594,4
esol,23,3,4,complementary_strong_added,ridge_a10,1.179588881350303,0.0,0.0,1.6676882804548594,4
esol,23,1,8,complementary_strong_added,ridge_a10,0.9505443250103849,0.0,0.0,2.1443561078468982,8
esol,23,2,8,complementary_strong_added,lgbm_80_bag0.8,0.8946398513175147,0.20115679877337,0.20115679877337,2.1443561078468982,8
esol,23,3,8,complementary_strong_added,ridge_a10,1.300544840175304,0.12095595882500088,0.0,2.1443561078468982,8
esol,23,1,16,complementary_strong_added,ridge_a10,0.9505443250103849,0.0,0.0,1.5671072851001662,16
esol,23,2,16,complementary_strong_added,lgbm_80_bag0.8,0.8946398513175147,0.20115679877337,0.20115679877337,1.5671072851001662,16
esol,23,3,16,complementary_strong_added,ridge_a10,1.310415229103022,0.13082634775271895,0.0,1.5671072851001662,16
esol,23,1,32,complementary_strong_added,ridge_a10,0.9505443250103849,0.0,0.0,1.4261727493279046,32
esol,23,2,32,complementary_strong_added,lgbm_80_bag0.8,0.8946398513175147,0.20115679877337,0.20115679877337,1.4261727493279046,32
esol,23,3,32,complementary_strong_added,ridge_a10,1.310415229103022,0.13082634775271895,0.0,1.4261727493279046,32
esol,23,1,4,exact_duplicate,base_3,0.9505443250103849,0.0,0.0,1.6676882804548592,4
esol,23,2,4,exact_duplicate,base_3,0.8946398513175147,0.0,0.0,1.6676882804548592,4
esol,23,3,4,exact_duplicate,base_3,1.179588881350303,0.0,0.0,1.6676882804548592,4
esol,23,1,8,exact_duplicate,base_3,0.9505443250103849,0.0,0.0,1.6676882804548592,4
esol,23,2,8,exact_duplicate,base_3,0.8946398513175147,0.0,0.0,1.6676882804548592,4
esol,23,3,8,exact_duplicate,base_3,1.179588881350303,0.0,0.0,1.6676882804548592,4
esol,23,1,16,exact_duplicate,base_3,0.9505443250103849,0.0,0.0,1.667688280454859,4
esol,23,2,16,exact_duplicate,base_3,0.8946398513175147,0.0,0.0,1.667688280454859,4
esol,23,3,16,exact_duplicate,base_3,1.179588881350303,0.0,0.0,1.667688280454859,4
esol,23,1,32,exact_duplicate,base_3,0.9505443250103849,0.0,0.0,1.6676882804548603,4
esol,23,2,32,exact_duplicate,base_3,0.8946398513175147,0.0,0.0,1.6676882804548603,4
esol,23,3,32,exact_duplicate,base_3,1.179588881350303,0.0,0.0,1.6676882804548603,4
esol,23,1,4,near_duplicate_95pct_anchor,base_3,0.9505443250103849,0.0,0.0,1.6676882804548592,4
esol,23,2,4,near_duplicate_95pct_anchor,base_3,0.8946398513175147,0.0,0.0,1.6676882804548592,4
esol,23,3,4,near_duplicate_95pct_anchor,base_3,1.179588881350303,0.0,0.0,1.6676882804548592,4
esol,23,1,8,near_duplicate_95pct_anchor,base_3,0.9505443250103849,0.0,0.0,1.6569122795906102,4
esol,23,2,8,near_duplicate_95pct_anchor,base_3,0.8946398513175147,0.0,0.0,1.6569122795906102,4
esol,23,3,8,near_duplicate_95pct_anchor,base_3,1.1837369160802287,0.004148034729925643,0.0,1.6569122795906102,4
esol,23,1,16,near_duplicate_95pct_anchor,base_3,0.9505443250103849,0.0,0.0,1.6531491391418998,4
esol,23,2,16,near_duplicate_95pct_anchor,near_duplicate_95pct_anchor_7,0.8946398513175147,0.007855243175268312,0.007855243175268312,1.6531491391418998,4
esol,23,3,16,near_duplicate_95pct_anchor,base_3,1.1857295840105266,0.006140702660223596,0.0,1.6531491391418998,4
esol,23,1,32,near_duplicate_95pct_anchor,base_3,0.9505443250103849,0.0,0.0,1.652678491275668,4
esol,23,2,32,near_duplicate_95pct_anchor,near_duplicate_95pct_anchor_19,0.8946398513175147,0.010057839938668378,0.010057839938668378,1.652678491275668,4
esol,23,3,32,near_duplicate_95pct_anchor,base_3,1.1857295840105266,0.006140702660223596,0.0,1.652678491275668,4
esol,37,1,4,registered,ridge_a10,1.1716194876327322,0.0,0.0,1.618037868669781,4
esol,37,2,4,registered,ridge_a10,0.9787508648330636,0.0,0.0,1.618037868669781,4
esol,37,3,4,registered,ridge_a10,1.584504289386297,0.0,0.0,1.618037868669781,4
esol,37,1,8,registered,rf_60_sqrt,1.1716194876327322,0.23826260224689655,0.23826260224689655,1.9879013087302906,8
esol,37,2,8,registered,ridge_a10,0.9787508648330636,0.0,0.0,1.9879013087302906,8
esol,37,3,8,registered,ridge_a10,1.6454735270487386,0.060969237662441556,0.0,1.9879013087302906,8
esol,37,1,16,registered,histgb_lr0.1,1.1716194876327322,0.17204638381537074,0.17204638381537074,1.6453790338763852,16
esol,37,2,16,registered,ridge_a10,1.0420395203617592,0.06328865552869556,0.0,1.6453790338763852,16
esol,37,3,16,registered,ridge_a10,1.6701435489444805,0.08563925955818341,0.0,1.6453790338763852,16
esol,37,1,32,registered,histgb_lr0.1,1.1716194876327322,0.17204638381537074,0.17204638381537074,1.415568877487299,32
esol,37,2,32,registered,ridge_a10,1.0473377747503527,0.06858690991728911,0.0,1.415568877487299,32
esol,37,3,32,registered,ridge_a10,1.6701435489444805,0.08563925955818341,0.0,1.415568877487299,32
esol,37,1,4,weak_added,ridge_a10,1.1716194876327322,0.0,0.0,1.618037868669781,4
esol,37,2,4,weak_added,ridge_a10,0.9787508648330636,0.0,0.0,1.618037868669781,4
esol,37,3,4,weak_added,ridge_a10,1.584504289386297,0.0,0.0,1.618037868669781,4
esol,37,1,8,weak_added,rf_90_d12,1.1716194876327322,0.17926500530349454,0.17926500530349454,1.8164690848419347,8
esol,37,2,8,weak_added,ridge_a10,0.9787508648330636,0.0,0.0,1.8164690848419347,8
esol,37,3,8,weak_added,ridge_a10,1.584504289386297,0.0,0.0,1.8164690848419347,8
esol,37,1,16,weak_added,lgbm_60_l15,1.1716194876327322,0.22914115306021943,0.22914115306021943,1.5049671505907358,16
esol,37,2,16,weak_added,ridge_a10,0.9787508648330636,0.0,0.0,1.5049671505907358,16
esol,37,3,16,weak_added,ridge_a10,1.6047531333532976,0.02024884396700055,0.0,1.5049671505907358,16
esol,37,1,32,weak_added,histgb_lr0.1,1.1716194876327322,0.17204638381537074,0.17204638381537074,1.4155688774872996,32
esol,37,2,32,weak_added,ridge_a10,1.0473377747503527,0.06858690991728911,0.0,1.4155688774872996,32
esol,37,3,32,weak_added,ridge_a10,1.6701435489444805,0.08563925955818341,0.0,1.4155688774872996,32
esol,37,1,4,complementary_strong_added,ridge_a10,1.1716194876327322,0.0,0.0,1.618037868669781,4
esol,37,2,4,complementary_strong_added,ridge_a10,0.9787508648330636,0.0,0.0,1.618037868669781,4
esol,37,3,4,complementary_strong_added,ridge_a10,1.584504289386297,0.0,0.0,1.618037868669781,4
esol,37,1,8,complementary_strong_added,lgbm_80_ff0.7,1.1716194876327322,0.24468187899570149,0.24468187899570149,2.1256812175867834,8
esol,37,2,8,complementary_strong_added,ridge_a10,1.0315270209424687,0.052776156109405115,0.0,2.1256812175867834,8
esol,37,3,8,complementary_strong_added,ridge_a10,1.6701435489444805,0.08563925955818341,0.0,2.1256812175867834,8
esol,37,1,16,complementary_strong_added,histgb_lr0.1,1.1716194876327322,0.17204638381537074,0.17204638381537074,1.5657598370366999,16
esol,37,2,16,complementary_strong_added,ridge_a10,1.0473377747503527,0.06858690991728911,0.0,1.5657598370366999,16
esol,37,3,16,complementary_strong_added,ridge_a10,1.6701435489444805,0.08563925955818341,0.0,1.5657598370366999,16
esol,37,1,32,complementary_strong_added,histgb_lr0.1,1.1716194876327322,0.17204638381537074,0.17204638381537074,1.415568877487299,32
esol,37,2,32,complementary_strong_added,ridge_a10,1.0473377747503527,0.06858690991728911,0.0,1.415568877487299,32
esol,37,3,32,complementary_strong_added,ridge_a10,1.6701435489444805,0.08563925955818341,0.0,1.415568877487299,32
esol,37,1,4,exact_duplicate,base_3,1.1716194876327322,0.0,0.0,1.6180378686697814,4
esol,37,2,4,exact_duplicate,base_3,0.9787508648330636,0.0,0.0,1.6180378686697814,4
esol,37,3,4,exact_duplicate,base_3,1.584504289386297,0.0,0.0,1.6180378686697814,4
esol,37,1,8,exact_duplicate,base_3,1.1716194876327322,0.0,0.0,1.6180378686697807,4
esol,37,2,8,exact_duplicate,base_3,0.9787508648330636,0.0,0.0,1.6180378686697807,4
esol,37,3,8,exact_duplicate,base_3,1.584504289386297,0.0,0.0,1.6180378686697807,4
esol,37,1,16,exact_duplicate,base_3,1.1716194876327322,0.0,0.0,1.6180378686697814,4
esol,37,2,16,exact_duplicate,base_3,0.9787508648330636,0.0,0.0,1.6180378686697814,4
esol,37,3,16,exact_duplicate,base_3,1.584504289386297,0.0,0.0,1.6180378686697814,4
esol,37,1,32,exact_duplicate,base_3,1.1716194876327322,0.0,0.0,1.6180378686697818,4
esol,37,2,32,exact_duplicate,base_3,0.9787508648330636,0.0,0.0,1.6180378686697818,4
esol,37,3,32,exact_duplicate,base_3,1.584504289386297,0.0,0.0,1.6180378686697818,4
esol,37,1,4,near_duplicate_95pct_anchor,base_3,1.1716194876327322,0.0,0.0,1.6180378686697814,4
esol,37,2,4,near_duplicate_95pct_anchor,base_3,0.9787508648330636,0.0,0.0,1.6180378686697814,4
esol,37,3,4,near_duplicate_95pct_anchor,base_3,1.584504289386297,0.0,0.0,1.6180378686697814,4
esol,37,1,8,near_duplicate_95pct_anchor,near_duplicate_95pct_anchor_3,1.1716194876327322,0.008118164340435996,0.008118164340435996,1.6054894026095736,4
esol,37,2,8,near_duplicate_95pct_anchor,base_3,0.9787508648330636,0.0,0.0,1.6054894026095736,4
esol,37,3,8,near_duplicate_95pct_anchor,base_3,1.5855167315846472,0.001012442198350172,0.0,1.6054894026095736,4
esol,37,1,16,near_duplicate_95pct_anchor,near_duplicate_95pct_anchor_7,1.1716194876327322,0.010321190785669065,0.010321190785669065,1.6012459014433622,4
esol,37,2,16,near_duplicate_95pct_anchor,base_3,0.9787508648330636,0.0,0.0,1.6012459014433622,4
esol,37,3,16,near_duplicate_95pct_anchor,base_3,1.5880110941971906,0.0035068048108934935,0.0,1.6012459014433622,4
esol,37,1,32,near_duplicate_95pct_anchor,near_duplicate_95pct_anchor_15,1.1716194876327322,0.012653779192605352,0.012653779192605352,1.601230700120286,4
esol,37,2,32,near_duplicate_95pct_anchor,base_3,0.9821802103289281,0.0034293454958644887,0.0,1.601230700120286,4
esol,37,3,32,near_duplicate_95pct_anchor,base_3,1.5882312208931075,0.0037269315068104714,0.0,1.601230700120286,4
esol,53,1,4,registered,ridge_a10,1.183214307037154,0.0,0.0,1.6334348742028728,4
esol,53,2,4,registered,ridge_a10,0.7615236146837454,0.0,0.0,1.6334348742028728,4
esol,53,3,4,registered,ridge_a10,1.4144464309195839,0.0,0.0,1.6334348742028728,4
esol,53,1,8,registered,rf_60_sqrt,1.183214307037154,0.2889458674035723,0.2889458674035723,2.0239293544257424,8
esol,53,2,8,registered,ridge_a10,0.7615236146837454,0.0,0.0,2.0239293544257424,8
esol,53,3,8,registered,ridge_a10,1.5311744425947178,0.11672801167513391,0.0,2.0239293544257424,8
esol,53,1,16,registered,histgb_lr0.1,1.183214307037154,0.10866416674650425,0.10866416674650425,1.662693970534861,16
esol,53,2,16,registered,ridge_a10,0.8444721230777583,0.08294850839401291,0.0,1.662693970534861,16
esol,53,3,16,registered,ridge_a10,1.5611094188738832,0.14666298795429933,0.0,1.662693970534861,16
esol,53,1,32,registered,lgbm_80_bag0.8,1.183214307037154,0.19420367455791476,0.19420367455791476,1.4257778189255703,32
esol,53,2,32,registered,ridge_a10,0.8444721230777583,0.08294850839401291,0.0,1.4257778189255703,32
esol,53,3,32,registered,ridge_a10,1.5611094188738832,0.14666298795429933,0.0,1.4257778189255703,32
esol,53,1,4,weak_added,ridge_a10,1.183214307037154,0.0,0.0,1.6334348742028728,4
esol,53,2,4,weak_added,ridge_a10,0.7615236146837454,0.0,0.0,1.6334348742028728,4
esol,53,3,4,weak_added,ridge_a10,1.4144464309195839,0.0,0.0,1.6334348742028728,4
esol,53,1,8,weak_added,ridge_a10,1.183214307037154,0.0,0.0,1.846623082203975,8
esol,53,2,8,weak_added,ridge_a10,0.7615236146837454,0.0,0.0,1.846623082203975,8
esol,53,3,8,weak_added,ridge_a10,1.4144464309195839,0.0,0.0,1.846623082203975,8
esol,53,1,16,weak_added,ridge_a10,1.183214307037154,0.0,0.0,1.5174996532972032,16
esol,53,2,16,weak_added,ridge_a10,0.7615236146837454,0.0,0.0,1.5174996532972032,16
esol,53,3,16,weak_added,ridge_a10,1.4516400065655506,0.0371935756459667,0.0,1.5174996532972032,16
esol,53,1,32,weak_added,lgbm_80_bag0.8,1.183214307037154,0.19420367455791476,0.19420367455791476,1.42577781892557,32
esol,53,2,32,weak_added,ridge_a10,0.8444721230777583,0.08294850839401291,0.0,1.42577781892557,32
esol,53,3,32,weak_added,ridge_a10,1.5611094188738832,0.14666298795429933,0.0,1.42577781892557,32
esol,53,1,4,complementary_strong_added,ridge_a10,1.183214307037154,0.0,0.0,1.6334348742028728,4
esol,53,2,4,complementary_strong_added,ridge_a10,0.7615236146837454,0.0,0.0,1.6334348742028728,4
esol,53,3,4,complementary_strong_added,ridge_a10,1.4144464309195839,0.0,0.0,1.6334348742028728,4
esol,53,1,8,complementary_strong_added,lgbm_80_bag0.8,1.183214307037154,0.19420367455791476,0.19420367455791476,2.1424132178568027,8
esol,53,2,8,complementary_strong_added,ridge_a10,0.8444721230777583,0.08294850839401291,0.0,2.1424132178568027,8
esol,53,3,8,complementary_strong_added,ridge_a10,1.5611094188738832,0.14666298795429933,0.0,2.1424132178568027,8
esol,53,1,16,complementary_strong_added,lgbm_80_bag0.8,1.183214307037154,0.19420367455791476,0.19420367455791476,1.574131969831042,16
esol,53,2,16,complementary_strong_added,ridge_a10,0.8444721230777583,0.08294850839401291,0.0,1.574131969831042,16
esol,53,3,16,complementary_strong_added,ridge_a10,1.5611094188738832,0.14666298795429933,0.0,1.574131969831042,16
esol,53,1,32,complementary_strong_added,lgbm_80_bag0.8,1.183214307037154,0.19420367455791476,0.19420367455791476,1.42577781892557,32
esol,53,2,32,complementary_strong_added,ridge_a10,0.8444721230777583,0.08294850839401291,0.0,1.42577781892557,32
esol,53,3,32,complementary_strong_added,ridge_a10,1.5611094188738832,0.14666298795429933,0.0,1.42577781892557,32
esol,53,1,4,exact_duplicate,base_3,1.183214307037154,0.0,0.0,1.6334348742028733,4
esol,53,2,4,exact_duplicate,base_3,0.7615236146837454,0.0,0.0,1.6334348742028733,4
esol,53,3,4,exact_duplicate,base_3,1.4144464309195839,0.0,0.0,1.6334348742028733,4
esol,53,1,8,exact_duplicate,base_3,1.183214307037154,0.0,0.0,1.6334348742028724,4
esol,53,2,8,exact_duplicate,base_3,0.7615236146837454,0.0,0.0,1.6334348742028724,4
esol,53,3,8,exact_duplicate,base_3,1.4144464309195839,0.0,0.0,1.6334348742028724,4
esol,53,1,16,exact_duplicate,base_3,1.183214307037154,0.0,0.0,1.633434874202873,4
esol,53,2,16,exact_duplicate,base_3,0.7615236146837454,0.0,0.0,1.633434874202873,4
esol,53,3,16,exact_duplicate,base_3,1.4144464309195839,0.0,0.0,1.633434874202873,4
esol,53,1,32,exact_duplicate,base_3,1.183214307037154,0.0,0.0,1.6334348742028728,4
esol,53,2,32,exact_duplicate,base_3,0.7615236146837454,0.0,0.0,1.6334348742028728,4
esol,53,3,32,exact_duplicate,base_3,1.4144464309195839,0.0,0.0,1.6334348742028728,4
esol,53,1,4,near_duplicate_95pct_anchor,base_3,1.183214307037154,0.0,0.0,1.6334348742028733,4
esol,53,2,4,near_duplicate_95pct_anchor,base_3,0.7615236146837454,0.0,0.0,1.6334348742028733,4
esol,53,3,4,near_duplicate_95pct_anchor,base_3,1.4144464309195839,0.0,0.0,1.6334348742028733,4
esol,53,1,8,near_duplicate_95pct_anchor,base_3,1.183214307037154,0.0,0.0,1.6215334334052014,4
esol,53,2,8,near_duplicate_95pct_anchor,base_3,0.7615236146837454,0.0,0.0,1.6215334334052014,4
esol,53,3,8,near_duplicate_95pct_anchor,base_3,1.4163061097018823,0.001859678782298424,0.0,1.6215334334052014,4
esol,53,1,16,near_duplicate_95pct_anchor,near_duplicate_95pct_anchor_7,1.183214307037154,0.011223988879419444,0.011223988879419444,1.617775152897291,4
esol,53,2,16,near_duplicate_95pct_anchor,base_3,0.7615236146837454,0.0,0.0,1.617775152897291,4
esol,53,3,16,near_duplicate_95pct_anchor,base_3,1.4186244003435369,0.004177969423952987,0.0,1.617775152897291,4
esol,53,1,32,near_duplicate_95pct_anchor,near_duplicate_95pct_anchor_19,1.183214307037154,0.009710183727895672,0.009710183727895672,1.6180991562538072,4
esol,53,2,32,near_duplicate_95pct_anchor,base_3,0.764652446396056,0.003128831712310598,0.0,1.6180991562538072,4
esol,53,3,32,near_duplicate_95pct_anchor,base_3,1.4199474544478277,0.005501023528243776,0.0,1.6180991562538072,4
esol,71,1,4,registered,ridge_a10,1.2100121871747576,0.0,0.0,1.8878623464073228,4
esol,71,2,4,registered,ridge_a10,1.5783155416386139,0.0,0.0,1.8878623464073228,4
esol,71,3,4,registered,ridge_a10,0.9199759775098422,0.0,0.0,1.8878623464073228,4
esol,71,1,8,registered,ridge_a10,1.2588172834122997,0.048805096237542145,0.0,2.0674913083147963,8
esol,71,2,8,registered,ridge_a10,1.6400028030873863,0.06168726144877246,0.0,2.0674913083147963,8
esol,71,3,8,registered,rf_60_sqrt,0.9199759775098422,0.252007901709453,0.252007901709453,2.0674913083147963,8
esol,71,1,16,registered,ridge_a10,1.284571614136074,0.07455942696131634,0.0,1.6415064695190875,16
esol,71,2,16,registered,ridge_a10,1.7014266682796537,0.12311112664103985,0.0,1.6415064695190875,16
esol,71,3,16,registered,histgb_lr0.1,0.9199759775098422,0.17330335182559842,0.17330335182559842,1.6415064695190875,16
esol,71,1,32,registered,ridge_a10,1.3025868844550794,0.09257469728032186,0.0,1.4048252211621344,32
esol,71,2,32,registered,ridge_a10,1.7014266682796537,0.12311112664103985,0.0,1.4048252211621344,32
esol,71,3,32,registered,histgb_lr0.1,0.9199759775098422,0.17330335182559842,0.17330335182559842,1.4048252211621344,32
esol,71,1,4,weak_added,ridge_a10,1.2100121871747576,0.0,0.0,1.8878623464073228,4
esol,71,2,4,weak_added,ridge_a10,1.5783155416386139,0.0,0.0,1.8878623464073228,4
esol,71,3,4,weak_added,ridge_a10,0.9199759775098422,0.0,0.0,1.8878623464073228,4
esol,71,1,8,weak_added,ridge_a10,1.2100121871747576,0.0,0.0,1.930058300965097,8
esol,71,2,8,weak_added,ridge_a10,1.5783155416386139,0.0,0.0,1.930058300965097,8
esol,71,3,8,weak_added,ridge_a10,0.9199759775098422,0.0,0.0,1.930058300965097,8
esol,71,1,16,weak_added,ridge_a10,1.2129814662049454,0.0029692790301878436,0.0,1.516631661149519,16
esol,71,2,16,weak_added,ridge_a10,1.5783155416386139,0.0,0.0,1.516631661149519,16
esol,71,3,16,weak_added,lgbm_60_l15,0.9199759775098422,0.292894683665782,0.292894683665782,1.516631661149519,16
esol,71,1,32,weak_added,ridge_a10,1.3025868844550794,0.09257469728032186,0.0,1.404825221162135,32
esol,71,2,32,weak_added,ridge_a10,1.7014266682796537,0.12311112664103985,0.0,1.404825221162135,32
esol,71,3,32,weak_added,histgb_lr0.1,0.9199759775098422,0.17330335182559842,0.17330335182559842,1.404825221162135,32
esol,71,1,4,complementary_strong_added,ridge_a10,1.2100121871747576,0.0,0.0,1.8878623464073228,4
esol,71,2,4,complementary_strong_added,ridge_a10,1.5783155416386139,0.0,0.0,1.8878623464073228,4
esol,71,3,4,complementary_strong_added,ridge_a10,0.9199759775098422,0.0,0.0,1.8878623464073228,4
esol,71,1,8,complementary_strong_added,ridge_a10,1.3025868844550794,0.09257469728032186,0.0,2.1454136604465335,8
esol,71,2,8,complementary_strong_added,ridge_a10,1.6670056523001815,0.08869011066156762,0.0,2.1454136604465335,8
esol,71,3,8,complementary_strong_added,lgbm_80_bag0.8,0.9199759775098422,0.19465589172604392,0.19465589172604392,2.1454136604465335,8
esol,71,1,16,complementary_strong_added,ridge_a10,1.3025868844550794,0.09257469728032186,0.0,1.54657073273955,16
esol,71,2,16,complementary_strong_added,ridge_a10,1.7014266682796537,0.12311112664103985,0.0,1.54657073273955,16
esol,71,3,16,complementary_strong_added,histgb_lr0.1,0.9199759775098422,0.17330335182559842,0.17330335182559842,1.54657073273955,16
esol,71,1,32,complementary_strong_added,ridge_a10,1.3025868844550794,0.09257469728032186,0.0,1.4048252211621357,32
esol,71,2,32,complementary_strong_added,ridge_a10,1.7014266682796537,0.12311112664103985,0.0,1.4048252211621357,32
esol,71,3,32,complementary_strong_added,histgb_lr0.1,0.9199759775098422,0.17330335182559842,0.17330335182559842,1.4048252211621357,32
esol,71,1,4,exact_duplicate,base_3,1.2100121871747576,0.0,0.0,1.8878623464073216,4
esol,71,2,4,exact_duplicate,base_3,1.5783155416386139,0.0,0.0,1.8878623464073216,4
esol,71,3,4,exact_duplicate,base_3,0.9199759775098422,0.0,0.0,1.8878623464073216,4
esol,71,1,8,exact_duplicate,base_3,1.2100121871747576,0.0,0.0,1.8878623464073212,4
esol,71,2,8,exact_duplicate,base_3,1.5783155416386139,0.0,0.0,1.8878623464073212,4
esol,71,3,8,exact_duplicate,base_3,0.9199759775098422,0.0,0.0,1.8878623464073212,4
esol,71,1,16,exact_duplicate,base_3,1.2100121871747576,0.0,0.0,1.887862346407322,4
esol,71,2,16,exact_duplicate,base_3,1.5783155416386139,0.0,0.0,1.887862346407322,4
esol,71,3,16,exact_duplicate,base_3,0.9199759775098422,0.0,0.0,1.887862346407322,4
esol,71,1,32,exact_duplicate,base_3,1.2100121871747576,0.0,0.0,1.8878623464073216,4
esol,71,2,32,exact_duplicate,base_3,1.5783155416386139,0.0,0.0,1.8878623464073216,4
esol,71,3,32,exact_duplicate,base_3,0.9199759775098422,0.0,0.0,1.8878623464073216,4
esol,71,1,4,near_duplicate_95pct_anchor,base_3,1.2100121871747576,0.0,0.0,1.8878623464073216,4
esol,71,2,4,near_duplicate_95pct_anchor,base_3,1.5783155416386139,0.0,0.0,1.8878623464073216,4
esol,71,3,4,near_duplicate_95pct_anchor,base_3,0.9199759775098422,0.0,0.0,1.8878623464073216,4
esol,71,1,8,near_duplicate_95pct_anchor,base_3,1.2101547304442846,0.0001425432695270068,0.0,1.8743597990961018,4
esol,71,2,8,near_duplicate_95pct_anchor,base_3,1.5783155416386139,0.0,0.0,1.8743597990961018,4
esol,71,3,8,near_duplicate_95pct_anchor,near_duplicate_95pct_anchor_3,0.9199759775098422,0.008534360080003411,0.008534360080003411,1.8743597990961018,4
esol,71,1,16,near_duplicate_95pct_anchor,base_3,1.2129299735022399,0.002917786327482297,0.0,1.8696989851534844,4
esol,71,2,16,near_duplicate_95pct_anchor,base_3,1.5783155416386139,0.0,0.0,1.8696989851534844,4
esol,71,3,16,near_duplicate_95pct_anchor,near_duplicate_95pct_anchor_7,0.9199759775098422,0.01040576697164397,0.01040576697164397,1.8696989851534844,4
esol,71,1,32,near_duplicate_95pct_anchor,base_3,1.2138722924980607,0.0038601053233031646,0.0,1.8701922650058476,4
esol,71,2,32,near_duplicate_95pct_anchor,base_3,1.5827500471716922,0.004434505533078337,0.0,1.8701922650058476,4
esol,71,3,32,near_duplicate_95pct_anchor,near_duplicate_95pct_anchor_19,0.9199759775098422,0.009732794586302163,0.009732794586302163,1.8701922650058476,4
esol,83,1,4,registered,ridge_a10,0.8542262687156879,0.0,0.0,1.6699804334803199,4
esol,83,2,4,registered,ridge_a10,0.8133999209209843,0.0,0.0,1.6699804334803199,4
esol,83,3,4,registered,ridge_a10,1.3513391249825206,0.0,0.0,1.6699804334803199,4
esol,83,1,8,registered,rf_60_sqrt,0.8542262687156879,0.29258998819728066,0.29258998819728066,1.9982892901487026,8
esol,83,2,8,registered,ridge_a10,0.8133999209209843,0.0,0.0,1.9982892901487026,8
esol,83,3,8,registered,ridge_a10,1.4319570172528548,0.08061789227033422,0.0,1.9982892901487026,8
esol,83,1,16,registered,et_60_sqrt,0.8542262687156879,0.30762041234036497,0.30762041234036497,1.6385092304328166,16
esol,83,2,16,registered,ridge_a10,0.8429843845129685,0.02958446359198419,0.0,1.6385092304328166,16
esol,83,3,16,registered,ridge_a10,1.4537889685112964,0.10244984352877573,0.0,1.6385092304328166,16
esol,83,1,32,registered,lgbm_80_bag0.8,0.8542262687156879,0.2415818334480513,0.2415818334480513,1.4104438412022284,32
esol,83,2,32,registered,ridge_a10,0.8429843845129685,0.02958446359198419,0.0,1.4104438412022284,32
esol,83,3,32,registered,ridge_a10,1.4537889685112964,0.10244984352877573,0.0,1.4104438412022284,32
esol,83,1,4,weak_added,ridge_a10,0.8542262687156879,0.0,0.0,1.6699804334803199,4
esol,83,2,4,weak_added,ridge_a10,0.8133999209209843,0.0,0.0,1.6699804334803199,4
esol,83,3,4,weak_added,ridge_a10,1.3513391249825206,0.0,0.0,1.6699804334803199,4
esol,83,1,8,weak_added,ridge_a10,0.8542262687156879,0.0,0.0,1.8362649065840297,8
esol,83,2,8,weak_added,ridge_a10,0.8133999209209843,0.0,0.0,1.8362649065840297,8
esol,83,3,8,weak_added,ridge_a10,1.3513391249825206,0.0,0.0,1.8362649065840297,8
esol,83,1,16,weak_added,lgbm_60_l15,0.8542262687156879,0.28568670402888574,0.28568670402888574,1.499160768193854,16
esol,83,2,16,weak_added,ridge_a10,0.8133999209209843,0.0,0.0,1.499160768193854,16
esol,83,3,16,weak_added,ridge_a10,1.3513391249825206,0.0,0.0,1.499160768193854,16
esol,83,1,32,weak_added,lgbm_80_bag0.8,0.8542262687156879,0.2415818334480513,0.2415818334480513,1.410443841202229,32
esol,83,2,32,weak_added,ridge_a10,0.8429843845129685,0.02958446359198419,0.0,1.410443841202229,32
esol,83,3,32,weak_added,ridge_a10,1.4537889685112964,0.10244984352877573,0.0,1.410443841202229,32
esol,83,1,4,complementary_strong_added,ridge_a10,0.8542262687156879,0.0,0.0,1.6699804334803199,4
esol,83,2,4,complementary_strong_added,ridge_a10,0.8133999209209843,0.0,0.0,1.6699804334803199,4
esol,83,3,4,complementary_strong_added,ridge_a10,1.3513391249825206,0.0,0.0,1.6699804334803199,4
esol,83,1,8,complementary_strong_added,et_60_sqrt,0.8542262687156879,0.30762041234036497,0.30762041234036497,2.114310553301769,8
esol,83,2,8,complementary_strong_added,ridge_a10,0.8429843845129685,0.02958446359198419,0.0,2.114310553301769,8
esol,83,3,8,complementary_strong_added,ridge_a10,1.4537889685112964,0.10244984352877573,0.0,2.114310553301769,8
esol,83,1,16,complementary_strong_added,lgbm_80_bag0.8,0.8542262687156879,0.2415818334480513,0.2415818334480513,1.55733631474634,16
esol,83,2,16,complementary_strong_added,ridge_a10,0.8429843845129685,0.02958446359198419,0.0,1.55733631474634,16
esol,83,3,16,complementary_strong_added,ridge_a10,1.4537889685112964,0.10244984352877573,0.0,1.55733631474634,16
esol,83,1,32,complementary_strong_added,lgbm_80_bag0.8,0.8542262687156879,0.2415818334480513,0.2415818334480513,1.4104438412022287,32
esol,83,2,32,complementary_strong_added,ridge_a10,0.8429843845129685,0.02958446359198419,0.0,1.4104438412022287,32
esol,83,3,32,complementary_strong_added,ridge_a10,1.4537889685112964,0.10244984352877573,0.0,1.4104438412022287,32
esol,83,1,4,exact_duplicate,base_3,0.8542262687156879,0.0,0.0,1.66998043348032,4
esol,83,2,4,exact_duplicate,base_3,0.8133999209209843,0.0,0.0,1.66998043348032,4
esol,83,3,4,exact_duplicate,base_3,1.3513391249825206,0.0,0.0,1.66998043348032,4
esol,83,1,8,exact_duplicate,base_3,0.8542262687156879,0.0,0.0,1.6699804334803197,4
esol,83,2,8,exact_duplicate,base_3,0.8133999209209843,0.0,0.0,1.6699804334803197,4
esol,83,3,8,exact_duplicate,base_3,1.3513391249825206,0.0,0.0,1.6699804334803197,4
esol,83,1,16,exact_duplicate,base_3,0.8542262687156879,0.0,0.0,1.6699804334803205,4
esol,83,2,16,exact_duplicate,base_3,0.8133999209209843,0.0,0.0,1.6699804334803205,4
esol,83,3,16,exact_duplicate,base_3,1.3513391249825206,0.0,0.0,1.6699804334803205,4
esol,83,1,32,exact_duplicate,base_3,0.8542262687156879,0.0,0.0,1.669980433480321,4
esol,83,2,32,exact_duplicate,base_3,0.8133999209209843,0.0,0.0,1.669980433480321,4
esol,83,3,32,exact_duplicate,base_3,1.3513391249825206,0.0,0.0,1.669980433480321,4
esol,83,1,4,near_duplicate_95pct_anchor,base_3,0.8542262687156879,0.0,0.0,1.66998043348032,4
esol,83,2,4,near_duplicate_95pct_anchor,base_3,0.8133999209209843,0.0,0.0,1.66998043348032,4
esol,83,3,4,near_duplicate_95pct_anchor,base_3,1.3513391249825206,0.0,0.0,1.66998043348032,4
esol,83,1,8,near_duplicate_95pct_anchor,base_3,0.8542262687156879,0.0,0.0,1.6561795631789111,4
esol,83,2,8,near_duplicate_95pct_anchor,base_3,0.8133999209209843,0.0,0.0,1.6561795631789111,4
esol,83,3,8,near_duplicate_95pct_anchor,base_3,1.3513391249825206,0.0,0.0,1.6561795631789111,4
esol,83,1,16,near_duplicate_95pct_anchor,near_duplicate_95pct_anchor_7,0.8542262687156879,0.012990360378144272,0.012990360378144272,1.6511719732571886,4
esol,83,2,16,near_duplicate_95pct_anchor,base_3,0.8133999209209843,0.0,0.0,1.6511719732571886,4
esol,83,3,16,near_duplicate_95pct_anchor,base_3,1.3526749952684198,0.00133587028589921,0.0,1.6511719732571886,4
esol,83,1,32,near_duplicate_95pct_anchor,near_duplicate_95pct_anchor_19,0.8542262687156879,0.012079091672402509,0.012079091672402509,1.6507293157286536,4
esol,83,2,32,near_duplicate_95pct_anchor,base_3,0.8133999209209843,0.0,0.0,1.6507293157286536,4
esol,83,3,32,near_duplicate_95pct_anchor,base_3,1.3555624621992373,0.004223337216716638,0.0,1.6507293157286536,4
esol,97,1,4,registered,ridge_a10,0.7561855328890019,0.0,0.0,1.6341864090195448,4
esol,97,2,4,registered,ridge_a10,0.783066690201691,0.0,0.0,1.6341864090195448,4
esol,97,3,4,registered,ridge_a10,1.262887429032031,0.0,0.0,1.6341864090195448,4
esol,97,1,8,registered,rf_60_sqrt,0.7561855328890019,0.19254391777415214,0.19254391777415214,2.058816211315984,8
esol,97,2,8,registered,ridge_a10,0.7830711728691402,4.482667449234867e-06,0.0,2.058816211315984,8
esol,97,3,8,registered,ridge_a10,1.2968049989478778,0.03391756991584671,0.0,2.058816211315984,8
esol,97,1,16,registered,histgb_lr0.1,0.7561855328890019,0.16584688896882116,0.16584688896882116,1.6775380135805054,16
esol,97,2,16,registered,ridge_a10,0.8245783392116381,0.041511649009947194,0.0,1.6775380135805054,16
esol,97,3,16,registered,ridge_a10,1.333146904484976,0.07025947545294486,0.0,1.6775380135805054,16
esol,97,1,32,registered,xgb_60_d6,0.7561855328890019,0.24992222519218843,0.24992222519218843,1.4352236539863925,32
esol,97,2,32,registered,ridge_a10,0.8245783392116381,0.041511649009947194,0.0,1.4352236539863925,32
esol,97,3,32,registered,ridge_a10,1.3762828445598851,0.11339541552785404,0.0,1.4352236539863925,32
esol,97,1,4,weak_added,ridge_a10,0.7561855328890019,0.0,0.0,1.6341864090195448,4
esol,97,2,4,weak_added,ridge_a10,0.783066690201691,0.0,0.0,1.6341864090195448,4
esol,97,3,4,weak_added,ridge_a10,1.262887429032031,0.0,0.0,1.6341864090195448,4
esol,97,1,8,weak_added,ridge_a10,0.7561855328890019,0.0,0.0,1.887401422254314,8
esol,97,2,8,weak_added,ridge_a10,0.783066690201691,0.0,0.0,1.887401422254314,8
esol,97,3,8,weak_added,ridge_a10,1.262887429032031,0.0,0.0,1.887401422254314,8
esol,97,1,16,weak_added,lgbm_60_l15,0.7561855328890019,0.23092998536500553,0.23092998536500553,1.5372926037470047,16
esol,97,2,16,weak_added,ridge_a10,0.783066690201691,0.0,0.0,1.5372926037470047,16
esol,97,3,16,weak_added,ridge_a10,1.262887429032031,0.0,0.0,1.5372926037470047,16
esol,97,1,32,weak_added,xgb_60_d6,0.7561855328890019,0.24992222519218843,0.24992222519218843,1.4352236539863932,32
esol,97,2,32,weak_added,ridge_a10,0.8245783392116381,0.041511649009947194,0.0,1.4352236539863932,32
esol,97,3,32,weak_added,ridge_a10,1.3762828445598851,0.11339541552785404,0.0,1.4352236539863932,32
esol,97,1,4,complementary_strong_added,ridge_a10,0.7561855328890019,0.0,0.0,1.6341864090195448,4
esol,97,2,4,complementary_strong_added,ridge_a10,0.783066690201691,0.0,0.0,1.6341864090195448,4
esol,97,3,4,complementary_strong_added,ridge_a10,1.262887429032031,0.0,0.0,1.6341864090195448,4
esol,97,1,8,complementary_strong_added,et_60_sqrt,0.7561855328890019,0.25540973697503877,0.25540973697503877,2.1684006117149415,8
esol,97,2,8,complementary_strong_added,ridge_a10,0.8046614420587959,0.02159475185710491,0.0,2.1684006117149415,8
esol,97,3,8,complementary_strong_added,ridge_a10,1.34704499414991,0.08415756511787897,0.0,2.1684006117149415,8
esol,97,1,16,complementary_strong_added,xgb_60_d6,0.7561855328890019,0.24992222519218843,0.24992222519218843,1.5820028278921012,16
esol,97,2,16,complementary_strong_added,ridge_a10,0.8245783392116381,0.041511649009947194,0.0,1.5820028278921012,16
esol,97,3,16,complementary_strong_added,ridge_a10,1.3762828445598851,0.11339541552785404,0.0,1.5820028278921012,16
esol,97,1,32,complementary_strong_added,xgb_60_d6,0.7561855328890019,0.24992222519218843,0.24992222519218843,1.4352236539863936,32
esol,97,2,32,complementary_strong_added,ridge_a10,0.8245783392116381,0.041511649009947194,0.0,1.4352236539863936,32
esol,97,3,32,complementary_strong_added,ridge_a10,1.3762828445598851,0.11339541552785404,0.0,1.4352236539863936,32
esol,97,1,4,exact_duplicate,base_3,0.7561855328890019,0.0,0.0,1.6341864090195448,4
esol,97,2,4,exact_duplicate,base_3,0.783066690201691,0.0,0.0,1.6341864090195448,4
esol,97,3,4,exact_duplicate,base_3,1.262887429032031,0.0,0.0,1.6341864090195448,4
esol,97,1,8,exact_duplicate,base_3,0.7561855328890019,0.0,0.0,1.6341864090195448,4
esol,97,2,8,exact_duplicate,base_3,0.783066690201691,0.0,0.0,1.6341864090195448,4
esol,97,3,8,exact_duplicate,base_3,1.262887429032031,0.0,0.0,1.6341864090195448,4
esol,97,1,16,exact_duplicate,base_3,0.7561855328890019,0.0,0.0,1.6341864090195448,4
esol,97,2,16,exact_duplicate,base_3,0.783066690201691,0.0,0.0,1.6341864090195448,4
esol,97,3,16,exact_duplicate,base_3,1.262887429032031,0.0,0.0,1.6341864090195448,4
esol,97,1,32,exact_duplicate,base_3,0.7561855328890019,0.0,0.0,1.634186409019545,4
esol,97,2,32,exact_duplicate,base_3,0.783066690201691,0.0,0.0,1.634186409019545,4
esol,97,3,32,exact_duplicate,base_3,1.262887429032031,0.0,0.0,1.634186409019545,4
esol,97,1,4,near_duplicate_95pct_anchor,base_3,0.7561855328890019,0.0,0.0,1.6341864090195448,4
esol,97,2,4,near_duplicate_95pct_anchor,base_3,0.783066690201691,0.0,0.0,1.6341864090195448,4
esol,97,3,4,near_duplicate_95pct_anchor,base_3,1.262887429032031,0.0,0.0,1.6341864090195448,4
esol,97,1,8,near_duplicate_95pct_anchor,base_3,0.7561855328890019,0.0,0.0,1.6248986725786545,4
esol,97,2,8,near_duplicate_95pct_anchor,base_3,0.783066690201691,0.0,0.0,1.6248986725786545,4
esol,97,3,8,near_duplicate_95pct_anchor,base_3,1.262887429032031,0.0,0.0,1.6248986725786545,4
esol,97,1,16,near_duplicate_95pct_anchor,near_duplicate_95pct_anchor_7,0.7561855328890019,0.00784205092935819,0.00784205092935819,1.6212084989695092,4
esol,97,2,16,near_duplicate_95pct_anchor,base_3,0.783066690201691,0.0,0.0,1.6212084989695092,4
esol,97,3,16,near_duplicate_95pct_anchor,base_3,1.26471693227973,0.001829503247698927,0.0,1.6212084989695092,4
esol,97,1,32,near_duplicate_95pct_anchor,near_duplicate_95pct_anchor_19,0.7561855328890019,0.009423823521030217,0.009423823521030217,1.6208529926713497,4
esol,97,2,32,near_duplicate_95pct_anchor,base_3,0.7844460845804355,0.0013793943787445695,0.0,1.6208529926713497,4
esol,97,3,32,near_duplicate_95pct_anchor,base_3,1.268557199808424,0.005669770776392857,0.0,1.6208529926713497,4
esol,113,1,4,registered,ridge_a10,0.9949899066542887,0.0,0.0,1.7790708125288714,4
esol,113,2,4,registered,ridge_a10,1.227543588992216,0.0,0.0,1.7790708125288714,4
esol,113,3,4,registered,ridge_a10,0.9672878468404467,0.0,0.0,1.7790708125288714,4
esol,113,1,8,registered,ridge_a10,0.9949899066542887,0.0,0.0,2.0938306753803566,8
esol,113,2,8,registered,ridge_a10,1.227543588992216,0.0,0.0,2.0938306753803566,8
esol,113,3,8,registered,ridge_a10,0.9949581026373442,0.027670255796897525,0.0,2.0938306753803566,8
esol,113,1,16,registered,histgb_lr0.1,0.9949899066542887,0.12612492344438508,0.12612492344438508,1.6665432072514959,16
esol,113,2,16,registered,ridge_a10,1.310841767971243,0.08329817897902703,0.0,1.6665432072514959,16
esol,113,3,16,registered,ridge_a10,1.0013287194268523,0.034040872586405646,0.0,1.6665432072514959,16
esol,113,1,32,registered,lgbm_80_ff0.7,0.9949899066542887,0.18509969689136607,0.18509969689136607,1.4177907872474458,32
esol,113,2,32,registered,ridge_a10,1.310841767971243,0.08329817897902703,0.0,1.4177907872474458,32
esol,113,3,32,registered,ridge_a10,1.0167916580529681,0.049503811212521454,0.0,1.4177907872474458,32
esol,113,1,4,weak_added,ridge_a10,0.9949899066542887,0.0,0.0,1.7790708125288714,4
esol,113,2,4,weak_added,ridge_a10,1.227543588992216,0.0,0.0,1.7790708125288714,4
esol,113,3,4,weak_added,ridge_a10,0.9672878468404467,0.0,0.0,1.7790708125288714,4
esol,113,1,8,weak_added,ridge_a10,0.9949899066542887,0.0,0.0,1.9421950586456558,8
esol,113,2,8,weak_added,ridge_a10,1.227543588992216,0.0,0.0,1.9421950586456558,8
esol,113,3,8,weak_added,ridge_a10,0.9672878468404467,0.0,0.0,1.9421950586456558,8
esol,113,1,16,weak_added,lgbm_60_l15,0.9949899066542887,0.21406383227963488,0.21406383227963488,1.5384271028306404,16
esol,113,2,16,weak_added,ridge_a10,1.227543588992216,0.0,0.0,1.5384271028306404,16
esol,113,3,16,weak_added,ridge_a10,0.9672878468404467,0.0,0.0,1.5384271028306404,16
esol,113,1,32,weak_added,lgbm_80_ff0.7,0.9949899066542887,0.18509969689136607,0.18509969689136607,1.4177907872474445,32
esol,113,2,32,weak_added,ridge_a10,1.310841767971243,0.08329817897902703,0.0,1.4177907872474445,32
esol,113,3,32,weak_added,ridge_a10,1.0167916580529681,0.049503811212521454,0.0,1.4177907872474445,32
esol,113,1,4,complementary_strong_added,ridge_a10,0.9949899066542887,0.0,0.0,1.7790708125288714,4
esol,113,2,4,complementary_strong_added,ridge_a10,1.227543588992216,0.0,0.0,1.7790708125288714,4
esol,113,3,4,complementary_strong_added,ridge_a10,0.9672878468404467,0.0,0.0,1.7790708125288714,4
esol,113,1,8,complementary_strong_added,lgbm_80_ff0.7,0.9949899066542887,0.18509969689136607,0.18509969689136607,2.1603836233803784,8
esol,113,2,8,complementary_strong_added,ridge_a10,1.2987880552166522,0.07124446622443625,0.0,2.1603836233803784,8
esol,113,3,8,complementary_strong_added,ridge_a10,1.014063195471775,0.04677534863132826,0.0,2.1603836233803784,8
esol,113,1,16,complementary_strong_added,lgbm_80_ff0.7,0.9949899066542887,0.18509969689136607,0.18509969689136607,1.5636107982418355,16
esol,113,2,16,complementary_strong_added,ridge_a10,1.310841767971243,0.08329817897902703,0.0,1.5636107982418355,16
esol,113,3,16,complementary_strong_added,ridge_a10,1.0167916580529681,0.049503811212521454,0.0,1.5636107982418355,16
esol,113,1,32,complementary_strong_added,lgbm_80_ff0.7,0.9949899066542887,0.18509969689136607,0.18509969689136607,1.4177907872474451,32
esol,113,2,32,complementary_strong_added,ridge_a10,1.310841767971243,0.08329817897902703,0.0,1.4177907872474451,32
esol,113,3,32,complementary_strong_added,ridge_a10,1.0167916580529681,0.049503811212521454,0.0,1.4177907872474451,32
esol,113,1,4,exact_duplicate,base_3,0.9949899066542887,0.0,0.0,1.7790708125288721,4
esol,113,2,4,exact_duplicate,base_3,1.227543588992216,0.0,0.0,1.7790708125288721,4
esol,113,3,4,exact_duplicate,base_3,0.9672878468404467,0.0,0.0,1.7790708125288721,4
esol,113,1,8,exact_duplicate,base_3,0.9949899066542887,0.0,0.0,1.7790708125288717,4
esol,113,2,8,exact_duplicate,base_3,1.227543588992216,0.0,0.0,1.7790708125288717,4
esol,113,3,8,exact_duplicate,base_3,0.9672878468404467,0.0,0.0,1.7790708125288717,4
esol,113,1,16,exact_duplicate,base_3,0.9949899066542887,0.0,0.0,1.7790708125288723,4
esol,113,2,16,exact_duplicate,base_3,1.227543588992216,0.0,0.0,1.7790708125288723,4
esol,113,3,16,exact_duplicate,base_3,0.9672878468404467,0.0,0.0,1.7790708125288723,4
esol,113,1,32,exact_duplicate,base_3,0.9949899066542887,0.0,0.0,1.7790708125288728,4
esol,113,2,32,exact_duplicate,base_3,1.227543588992216,0.0,0.0,1.7790708125288728,4
esol,113,3,32,exact_duplicate,base_3,0.9672878468404467,0.0,0.0,1.7790708125288728,4
esol,113,1,4,near_duplicate_95pct_anchor,base_3,0.9949899066542887,0.0,0.0,1.7790708125288721,4
esol,113,2,4,near_duplicate_95pct_anchor,base_3,1.227543588992216,0.0,0.0,1.7790708125288721,4
esol,113,3,4,near_duplicate_95pct_anchor,base_3,0.9672878468404467,0.0,0.0,1.7790708125288721,4
esol,113,1,8,near_duplicate_95pct_anchor,base_3,0.9949899066542887,0.0,0.0,1.7706908041611722,4
esol,113,2,8,near_duplicate_95pct_anchor,base_3,1.227543588992216,0.0,0.0,1.7706908041611722,4
esol,113,3,8,near_duplicate_95pct_anchor,base_3,0.9672878468404467,0.0,0.0,1.7706908041611722,4
esol,113,1,16,near_duplicate_95pct_anchor,base_3,0.9949899066542887,0.0,0.0,1.767803353060154,4
esol,113,2,16,near_duplicate_95pct_anchor,base_3,1.227543588992216,0.0,0.0,1.767803353060154,4
esol,113,3,16,near_duplicate_95pct_anchor,base_3,0.9689898904697669,0.001702043629320249,0.0,1.767803353060154,4
esol,113,1,32,near_duplicate_95pct_anchor,near_duplicate_95pct_anchor_15,0.9949899066542887,0.009451651425055108,0.009451651425055108,1.767888728116806,4
esol,113,2,32,near_duplicate_95pct_anchor,base_3,1.2309182662867968,0.0033746772945808523,0.0,1.767888728116806,4
esol,113,3,32,near_duplicate_95pct_anchor,base_3,0.9696266142720131,0.0023387674315664686,0.0,1.767888728116806,4
esol,127,1,4,registered,ridge_a10,0.9936301312543214,0.0,0.0,1.628689408853532,4
esol,127,2,4,registered,ridge_a10,1.4609764178934783,0.0,0.0,1.628689408853532,4
esol,127,3,4,registered,ridge_a10,1.1713068837731566,0.0,0.0,1.628689408853532,4
esol,127,1,8,registered,ridge_a10,0.9936301312543214,0.0,0.0,1.9217473132261655,8
esol,127,2,8,registered,ridge_a10,1.6034635049474775,0.14248708705399915,0.0,1.9217473132261655,8
esol,127,3,8,registered,rf_60_sqrt,1.1713068837731566,0.24269316779225192,0.24269316779225192,1.9217473132261655,8
esol,127,1,16,registered,ridge_a10,0.9936301312543214,0.0,0.0,1.6044736719872368,16
esol,127,2,16,registered,ridge_a10,1.6034635049474775,0.14248708705399915,0.0,1.6044736719872368,16
esol,127,3,16,registered,et_60_sqrt,1.1713068837731566,0.24790037072686633,0.24790037072686633,1.6044736719872368,16
esol,127,1,32,registered,ridge_a10,0.9936301312543214,0.0,0.0,1.3929568519934514,32
esol,127,2,32,registered,ridge_a10,1.6034635049474775,0.14248708705399915,0.0,1.3929568519934514,32
esol,127,3,32,registered,xgb_60_d6,1.1713068837731566,0.17449097800383462,0.17449097800383462,1.3929568519934514,32
esol,127,1,4,weak_added,ridge_a10,0.9936301312543214,0.0,0.0,1.628689408853532,4
esol,127,2,4,weak_added,ridge_a10,1.4609764178934783,0.0,0.0,1.628689408853532,4
esol,127,3,4,weak_added,ridge_a10,1.1713068837731566,0.0,0.0,1.628689408853532,4
esol,127,1,8,weak_added,ridge_a10,0.9936301312543214,0.0,0.0,1.7477403077246898,8
esol,127,2,8,weak_added,ridge_a10,1.4609764178934783,0.0,0.0,1.7477403077246898,8
esol,127,3,8,weak_added,ridge_a10,1.1713068837731566,0.0,0.0,1.7477403077246898,8
esol,127,1,16,weak_added,ridge_a10,0.9936301312543214,0.0,0.0,1.4709343233282355,16
esol,127,2,16,weak_added,ridge_a10,1.5135822246412827,0.05260580674780435,0.0,1.4709343233282355,16
esol,127,3,16,weak_added,ridge_a10,1.1713068837731566,0.0,0.0,1.4709343233282355,16
esol,127,1,32,weak_added,ridge_a10,0.9936301312543214,0.0,0.0,1.3929568519934514,32
esol,127,2,32,weak_added,ridge_a10,1.6034635049474775,0.14248708705399915,0.0,1.3929568519934514,32
esol,127,3,32,weak_added,xgb_60_d6,1.1713068837731566,0.17449097800383462,0.17449097800383462,1.3929568519934514,32
esol,127,1,4,complementary_strong_added,ridge_a10,0.9936301312543214,0.0,0.0,1.628689408853532,4
esol,127,2,4,complementary_strong_added,ridge_a10,1.4609764178934783,0.0,0.0,1.628689408853532,4
esol,127,3,4,complementary_strong_added,ridge_a10,1.1713068837731566,0.0,0.0,1.628689408853532,4
esol,127,1,8,complementary_strong_added,ridge_a10,0.9936301312543214,0.0,0.0,2.1130436697032295,8
esol,127,2,8,complementary_strong_added,ridge_a10,1.5934922959953344,0.13251587810185605,0.0,2.1130436697032295,8
esol,127,3,8,complementary_strong_added,lgbm_100_leaf10,1.1713068837731566,0.14560050242512235,0.14560050242512235,2.1130436697032295,8
esol,127,1,16,complementary_strong_added,ridge_a10,0.9936301312543214,0.0,0.0,1.5544889863487783,16
esol,127,2,16,complementary_strong_added,ridge_a10,1.6034635049474775,0.14248708705399915,0.0,1.5544889863487783,16
esol,127,3,16,complementary_strong_added,xgb_60_d6,1.1713068837731566,0.17449097800383462,0.17449097800383462,1.5544889863487783,16
esol,127,1,32,complementary_strong_added,ridge_a10,0.9936301312543214,0.0,0.0,1.3929568519934512,32
esol,127,2,32,complementary_strong_added,ridge_a10,1.6034635049474775,0.14248708705399915,0.0,1.3929568519934512,32
esol,127,3,32,complementary_strong_added,xgb_60_d6,1.1713068837731566,0.17449097800383462,0.17449097800383462,1.3929568519934512,32
esol,127,1,4,exact_duplicate,base_3,0.9936301312543214,0.0,0.0,1.6286894088535318,4
esol,127,2,4,exact_duplicate,base_3,1.4609764178934783,0.0,0.0,1.6286894088535318,4
esol,127,3,4,exact_duplicate,base_3,1.1713068837731566,0.0,0.0,1.6286894088535318,4
esol,127,1,8,exact_duplicate,base_3,0.9936301312543214,0.0,0.0,1.6286894088535315,4
esol,127,2,8,exact_duplicate,base_3,1.4609764178934783,0.0,0.0,1.6286894088535315,4
esol,127,3,8,exact_duplicate,base_3,1.1713068837731566,0.0,0.0,1.6286894088535315,4
esol,127,1,16,exact_duplicate,base_3,0.9936301312543214,0.0,0.0,1.6286894088535315,4
esol,127,2,16,exact_duplicate,base_3,1.4609764178934783,0.0,0.0,1.6286894088535315,4
esol,127,3,16,exact_duplicate,base_3,1.1713068837731566,0.0,0.0,1.6286894088535315,4
esol,127,1,32,exact_duplicate,base_3,0.9936301312543214,0.0,0.0,1.6286894088535318,4
esol,127,2,32,exact_duplicate,base_3,1.4609764178934783,0.0,0.0,1.6286894088535318,4
esol,127,3,32,exact_duplicate,base_3,1.1713068837731566,0.0,0.0,1.6286894088535318,4
esol,127,1,4,near_duplicate_95pct_anchor,base_3,0.9936301312543214,0.0,0.0,1.6286894088535318,4
esol,127,2,4,near_duplicate_95pct_anchor,base_3,1.4609764178934783,0.0,0.0,1.6286894088535318,4
esol,127,3,4,near_duplicate_95pct_anchor,base_3,1.1713068837731566,0.0,0.0,1.6286894088535318,4
esol,127,1,8,near_duplicate_95pct_anchor,base_3,0.9936301312543214,0.0,0.0,1.6170736705286317,4
esol,127,2,8,near_duplicate_95pct_anchor,base_3,1.4636067082308686,0.002630290337390262,0.0,1.6170736705286317,4
esol,127,3,8,near_duplicate_95pct_anchor,base_3,1.1713068837731566,0.0,0.0,1.6170736705286317,4
esol,127,1,16,near_duplicate_95pct_anchor,base_3,0.9936301312543214,0.0,0.0,1.612138031807477,4
esol,127,2,16,near_duplicate_95pct_anchor,base_3,1.4660961532596755,0.005119735366197142,0.0,1.612138031807477,4
esol,127,3,16,near_duplicate_95pct_anchor,near_duplicate_95pct_anchor_7,1.1713068837731566,0.008419364666671258,0.008419364666671258,1.612138031807477,4
esol,127,1,32,near_duplicate_95pct_anchor,base_3,0.9936301312543214,0.0,0.0,1.6107372864117935,4
esol,127,2,32,near_duplicate_95pct_anchor,base_3,1.4660961532596755,0.005119735366197142,0.0,1.6107372864117935,4
esol,127,3,32,near_duplicate_95pct_anchor,near_duplicate_95pct_anchor_19,1.1713068837731566,0.007639053005729091,0.007639053005729091,1.6107372864117935,4
esol,149,1,4,registered,ridge_a10,0.7600449125310587,0.0,0.0,1.6640095217412312,4
esol,149,2,4,registered,ridge_a10,0.9939152258718826,0.0,0.0,1.6640095217412312,4
esol,149,3,4,registered,ridge_a10,1.0825004407135173,0.0,0.0,1.6640095217412312,4
esol,149,1,8,registered,ridge_a10,0.7600449125310587,0.0,0.0,2.0533698691570286,8
esol,149,2,8,registered,rf_60_sqrt,0.9939152258718826,0.1289999398378312,0.1289999398378312,2.0533698691570286,8
esol,149,3,8,registered,ridge_a10,1.0974962307174858,0.014995790003968557,0.0,2.0533698691570286,8
esol,149,1,16,registered,ridge_a10,0.7870412928975319,0.026996380366473227,0.0,1.6592927268350264,16
esol,149,2,16,registered,histgb_lr0.1,0.9939152258718826,0.1592229342817295,0.1592229342817295,1.6592927268350264,16
esol,149,3,16,registered,ridge_a10,1.1302004144678972,0.047699973754379954,0.0,1.6592927268350264,16
esol,149,1,32,registered,ridge_a10,0.7928948077810034,0.03284989524994475,0.0,1.4125152225941084,32
esol,149,2,32,registered,lgbm_100_leaf10,0.9939152258718826,0.18794700385192686,0.18794700385192686,1.4125152225941084,32
esol,149,3,32,registered,ridge_a10,1.1302004144678972,0.047699973754379954,0.0,1.4125152225941084,32
esol,149,1,4,weak_added,ridge_a10,0.7600449125310587,0.0,0.0,1.6640095217412312,4
esol,149,2,4,weak_added,ridge_a10,0.9939152258718826,0.0,0.0,1.6640095217412312,4
esol,149,3,4,weak_added,ridge_a10,1.0825004407135173,0.0,0.0,1.6640095217412312,4
esol,149,1,8,weak_added,ridge_a10,0.7600449125310587,0.0,0.0,1.8896102616565853,8
esol,149,2,8,weak_added,ridge_a10,0.9939152258718826,0.0,0.0,1.8896102616565853,8
esol,149,3,8,weak_added,ridge_a10,1.0825004407135173,0.0,0.0,1.8896102616565853,8
esol,149,1,16,weak_added,ridge_a10,0.7600449125310587,0.0,0.0,1.5228426964218884,16
esol,149,2,16,weak_added,lgbm_60_l15,0.9939152258718826,0.31702430600595277,0.31702430600595277,1.5228426964218884,16
esol,149,3,16,weak_added,ridge_a10,1.0825004407135173,0.0,0.0,1.5228426964218884,16
esol,149,1,32,weak_added,ridge_a10,0.7928948077810034,0.03284989524994475,0.0,1.4125152225941082,32
esol,149,2,32,weak_added,lgbm_100_leaf10,0.9939152258718826,0.18794700385192686,0.18794700385192686,1.4125152225941082,32
esol,149,3,32,weak_added,ridge_a10,1.1302004144678972,0.047699973754379954,0.0,1.4125152225941082,32
esol,149,1,4,complementary_strong_added,ridge_a10,0.7600449125310587,0.0,0.0,1.6640095217412312,4
esol,149,2,4,complementary_strong_added,ridge_a10,0.9939152258718826,0.0,0.0,1.6640095217412312,4
esol,149,3,4,complementary_strong_added,ridge_a10,1.0825004407135173,0.0,0.0,1.6640095217412312,4
esol,149,1,8,complementary_strong_added,ridge_a10,0.7870412928975319,0.026996380366473227,0.0,2.141151715117921,8
esol,149,2,8,complementary_strong_added,lgbm_100_leaf10,0.9939152258718826,0.18794700385192686,0.18794700385192686,2.141151715117921,8
esol,149,3,8,complementary_strong_added,ridge_a10,1.1271447111108432,0.04464427039732599,0.0,2.141151715117921,8
esol,149,1,16,complementary_strong_added,ridge_a10,0.7928948077810034,0.03284989524994475,0.0,1.5650325044333884,16
esol,149,2,16,complementary_strong_added,lgbm_100_leaf10,0.9939152258718826,0.18794700385192686,0.18794700385192686,1.5650325044333884,16
esol,149,3,16,complementary_strong_added,ridge_a10,1.1271447111108432,0.04464427039732599,0.0,1.5650325044333884,16
esol,149,1,32,complementary_strong_added,ridge_a10,0.7928948077810034,0.03284989524994475,0.0,1.4125152225941093,32
esol,149,2,32,complementary_strong_added,lgbm_100_leaf10,0.9939152258718826,0.18794700385192686,0.18794700385192686,1.4125152225941093,32
esol,149,3,32,complementary_strong_added,ridge_a10,1.1302004144678972,0.047699973754379954,0.0,1.4125152225941093,32
esol,149,1,4,exact_duplicate,base_3,0.7600449125310587,0.0,0.0,1.6640095217412312,4
esol,149,2,4,exact_duplicate,base_3,0.9939152258718826,0.0,0.0,1.6640095217412312,4
esol,149,3,4,exact_duplicate,base_3,1.0825004407135173,0.0,0.0,1.6640095217412312,4
esol,149,1,8,exact_duplicate,base_3,0.7600449125310587,0.0,0.0,1.6640095217412314,4
esol,149,2,8,exact_duplicate,base_3,0.9939152258718826,0.0,0.0,1.6640095217412314,4
esol,149,3,8,exact_duplicate,base_3,1.0825004407135173,0.0,0.0,1.6640095217412314,4
esol,149,1,16,exact_duplicate,base_3,0.7600449125310587,0.0,0.0,1.6640095217412314,4
esol,149,2,16,exact_duplicate,base_3,0.9939152258718826,0.0,0.0,1.6640095217412314,4
esol,149,3,16,exact_duplicate,base_3,1.0825004407135173,0.0,0.0,1.6640095217412314,4
esol,149,1,32,exact_duplicate,base_3,0.7600449125310587,0.0,0.0,1.6640095217412312,4
esol,149,2,32,exact_duplicate,base_3,0.9939152258718826,0.0,0.0,1.6640095217412312,4
esol,149,3,32,exact_duplicate,base_3,1.0825004407135173,0.0,0.0,1.6640095217412312,4
esol,149,1,4,near_duplicate_95pct_anchor,base_3,0.7600449125310587,0.0,0.0,1.6640095217412312,4
esol,149,2,4,near_duplicate_95pct_anchor,base_3,0.9939152258718826,0.0,0.0,1.6640095217412312,4
esol,149,3,4,near_duplicate_95pct_anchor,base_3,1.0825004407135173,0.0,0.0,1.6640095217412312,4
esol,149,1,8,near_duplicate_95pct_anchor,base_3,0.7600449125310587,0.0,0.0,1.6523942648061731,4
esol,149,2,8,near_duplicate_95pct_anchor,base_3,0.9939152258718826,0.0,0.0,1.6523942648061731,4
esol,149,3,8,near_duplicate_95pct_anchor,base_3,1.0825004407135173,0.0,0.0,1.6523942648061731,4
esol,149,1,16,near_duplicate_95pct_anchor,base_3,0.7600449125310587,0.0,0.0,1.6489200024001534,4
esol,149,2,16,near_duplicate_95pct_anchor,near_duplicate_95pct_anchor_7,0.9939152258718826,0.008117774730544092,0.008117774730544092,1.6489200024001534,4
esol,149,3,16,near_duplicate_95pct_anchor,base_3,1.0848854394012362,0.002384998687718909,0.0,1.6489200024001534,4
esol,149,1,32,near_duplicate_95pct_anchor,base_3,0.761687407293556,0.0016424947624973374,0.0,1.6492626580755707,4
esol,149,2,32,near_duplicate_95pct_anchor,near_duplicate_95pct_anchor_19,0.9939152258718826,0.007536164954353497,0.007536164954353497,1.6492626580755707,4
esol,149,3,32,near_duplicate_95pct_anchor,base_3,1.0848854394012362,0.002384998687718909,0.0,1.6492626580755707,4
freesolv,11,1,4,registered,ridge_a10,0.5177183303647577,0.10206550538836723,0.0,2.1031638351627358,4
freesolv,11,2,4,registered,ridge_a10,0.7901334529890107,0.11264536331587927,0.0,2.1031638351627358,4
freesolv,11,3,4,registered,ridge_a1,1.5813775294310015,0.3842236131020642,0.3842236131020642,2.1031638351627358,4
freesolv,11,1,8,registered,ridge_a10,0.5177183303647577,0.10206550538836723,0.0,1.711691656843701,8
freesolv,11,2,8,registered,ridge_a10,0.7901334529890107,0.11264536331587927,0.0,1.711691656843701,8
freesolv,11,3,8,registered,ridge_a1,1.5813775294310015,0.3842236131020642,0.3842236131020642,1.711691656843701,8
freesolv,11,1,16,registered,ridge_a10,0.5177183303647577,0.10206550538836723,0.0,1.4110968578833243,16
freesolv,11,2,16,registered,ridge_a10,0.7901334529890107,0.11264536331587927,0.0,1.4110968578833243,16
freesolv,11,3,16,registered,ridge_a1,1.5813775294310015,0.3842236131020642,0.3842236131020642,1.4110968578833243,16
freesolv,11,1,32,registered,ridge_a10,0.5177183303647577,0.10206550538836723,0.08156050753815869,1.2633007380838177,32
freesolv,11,2,32,registered,ridge_a10,0.802667758779068,0.1251796691059366,0.1251796691059366,1.2633007380838177,32
freesolv,11,3,32,registered,ridge_a1,1.5813775294310015,0.3842236131020642,0.19957669121567312,1.2633007380838177,32
freesolv,11,1,4,weak_added,ridge_a10,0.5177183303647577,0.10206550538836723,0.0,2.1031638351627358,4
freesolv,11,2,4,weak_added,ridge_a10,0.7901334529890107,0.11264536331587927,0.0,2.1031638351627358,4
freesolv,11,3,4,weak_added,ridge_a1,1.5813775294310015,0.3842236131020642,0.3842236131020642,2.1031638351627358,4
freesolv,11,1,8,weak_added,ridge_a10,0.5177183303647577,0.10206550538836723,0.0,1.8105025334458684,8
freesolv,11,2,8,weak_added,ridge_a10,0.7901334529890107,0.11264536331587927,0.0,1.8105025334458684,8
freesolv,11,3,8,weak_added,ridge_a1,1.5813775294310015,0.3842236131020642,0.3842236131020642,1.8105025334458684,8
freesolv,11,1,16,weak_added,ridge_a10,0.5177183303647577,0.10206550538836723,0.0,1.4152659503690168,16
freesolv,11,2,16,weak_added,ridge_a10,0.7901334529890107,0.11264536331587927,0.0,1.4152659503690168,16
freesolv,11,3,16,weak_added,ridge_a1,1.5813775294310015,0.3842236131020642,0.3842236131020642,1.4152659503690168,16
freesolv,11,1,32,weak_added,ridge_a10,0.5177183303647577,0.10206550538836723,0.08156050753815869,1.2633007380838177,32
freesolv,11,2,32,weak_added,ridge_a10,0.802667758779068,0.1251796691059366,0.1251796691059366,1.2633007380838177,32
freesolv,11,3,32,weak_added,ridge_a1,1.5813775294310015,0.3842236131020642,0.19957669121567312,1.2633007380838177,32
freesolv,11,1,4,complementary_strong_added,ridge_a10,0.5177183303647577,0.10206550538836723,0.0,2.1031638351627358,4
freesolv,11,2,4,complementary_strong_added,ridge_a10,0.7901334529890107,0.11264536331587927,0.0,2.1031638351627358,4
freesolv,11,3,4,complementary_strong_added,ridge_a1,1.5813775294310015,0.3842236131020642,0.3842236131020642,2.1031638351627358,4
freesolv,11,1,8,complementary_strong_added,ridge_a10,0.5177183303647577,0.10206550538836723,0.08156050753815869,1.735305858211939,8
freesolv,11,2,8,complementary_strong_added,ridge_a10,0.802667758779068,0.1251796691059366,0.1251796691059366,1.735305858211939,8
freesolv,11,3,8,complementary_strong_added,ridge_a1,1.5813775294310015,0.3842236131020642,0.19957669121567312,1.735305858211939,8
freesolv,11,1,16,complementary_strong_added,ridge_a10,0.5177183303647577,0.10206550538836723,0.08156050753815869,1.421891449287787,16
freesolv,11,2,16,complementary_strong_added,ridge_a10,0.802667758779068,0.1251796691059366,0.1251796691059366,1.421891449287787,16
freesolv,11,3,16,complementary_strong_added,ridge_a1,1.5813775294310015,0.3842236131020642,0.19957669121567312,1.421891449287787,16
freesolv,11,1,32,complementary_strong_added,ridge_a10,0.5177183303647577,0.10206550538836723,0.08156050753815869,1.2633007380838175,32
freesolv,11,2,32,complementary_strong_added,ridge_a10,0.802667758779068,0.1251796691059366,0.1251796691059366,1.2633007380838175,32
freesolv,11,3,32,complementary_strong_added,ridge_a1,1.5813775294310015,0.3842236131020642,0.19957669121567312,1.2633007380838175,32
freesolv,11,1,4,exact_duplicate,base_3,0.5177183303647577,0.10206550538836723,0.0,2.103163835162735,4
freesolv,11,2,4,exact_duplicate,base_3,0.7901334529890107,0.11264536331587927,0.0,2.103163835162735,4
freesolv,11,3,4,exact_duplicate,base_2,1.5813775294310015,0.3842236131020642,0.3842236131020642,2.103163835162735,4
freesolv,11,1,8,exact_duplicate,base_3,0.5177183303647577,0.10206550538836723,0.0,2.1031638351627353,4
freesolv,11,2,8,exact_duplicate,base_3,0.7901334529890107,0.11264536331587927,0.0,2.1031638351627353,4
freesolv,11,3,8,exact_duplicate,base_2,1.5813775294310015,0.3842236131020642,0.3842236131020642,2.1031638351627353,4
freesolv,11,1,16,exact_duplicate,base_3,0.5177183303647577,0.10206550538836723,0.0,2.103163835162735,4
freesolv,11,2,16,exact_duplicate,base_3,0.7901334529890107,0.11264536331587927,0.0,2.103163835162735,4
freesolv,11,3,16,exact_duplicate,base_2,1.5813775294310015,0.3842236131020642,0.3842236131020642,2.103163835162735,4
freesolv,11,1,32,exact_duplicate,base_3,0.5177183303647577,0.10206550538836723,0.0,2.1031638351627353,4
freesolv,11,2,32,exact_duplicate,base_3,0.7901334529890107,0.11264536331587927,0.0,2.1031638351627353,4
freesolv,11,3,32,exact_duplicate,base_2,1.5813775294310015,0.3842236131020642,0.3842236131020642,2.1031638351627353,4
freesolv,11,1,4,near_duplicate_95pct_anchor,base_3,0.5177183303647577,0.10206550538836723,0.0,2.103163835162735,4
freesolv,11,2,4,near_duplicate_95pct_anchor,base_3,0.7901334529890107,0.11264536331587927,0.0,2.103163835162735,4
freesolv,11,3,4,near_duplicate_95pct_anchor,base_2,1.5813775294310015,0.3842236131020642,0.3842236131020642,2.103163835162735,4
freesolv,11,1,8,near_duplicate_95pct_anchor,base_3,0.5177183303647577,0.10206550538836723,0.0,2.090248570017672,4
freesolv,11,2,8,near_duplicate_95pct_anchor,base_3,0.7901334529890107,0.11264536331587927,0.0,2.090248570017672,4
freesolv,11,3,8,near_duplicate_95pct_anchor,base_2,1.5813775294310015,0.3842236131020642,0.3842236131020642,2.090248570017672,4
freesolv,11,1,16,near_duplicate_95pct_anchor,base_3,0.5177183303647577,0.10206550538836723,0.0,2.083619164981396,4
freesolv,11,2,16,near_duplicate_95pct_anchor,base_3,0.7901334529890107,0.11264536331587927,0.0,2.083619164981396,4
freesolv,11,3,16,near_duplicate_95pct_anchor,base_2,1.5813775294310015,0.3842236131020642,0.3842236131020642,2.083619164981396,4
freesolv,11,1,32,near_duplicate_95pct_anchor,base_3,0.5177183303647577,0.10206550538836723,0.0,2.0814219004410255,4
freesolv,11,2,32,near_duplicate_95pct_anchor,base_3,0.7901334529890107,0.11264536331587927,0.0,2.0814219004410255,4
freesolv,11,3,32,near_duplicate_95pct_anchor,base_2,1.5813775294310015,0.3842236131020642,0.3842236131020642,2.0814219004410255,4
freesolv,23,1,4,registered,ridge_a10,0.8101082170162979,0.0,0.0,2.100671866630535,4
freesolv,23,2,4,registered,ridge_a10,0.3909016904105891,0.31560495031640334,0.0,2.100671866630535,4
freesolv,23,3,4,registered,ridge_a1,2.6374171152919637,0.6447446326486654,0.6447446326486654,2.100671866630535,4
freesolv,23,1,8,registered,ridge_a10,0.8101082170162979,0.0,0.0,1.7055014616777482,8
freesolv,23,2,8,registered,ridge_a10,0.3909016904105891,0.31560495031640334,0.0,1.7055014616777482,8
freesolv,23,3,8,registered,ridge_a1,2.6374171152919637,0.6447446326486654,0.6447446326486654,1.7055014616777482,8
freesolv,23,1,16,registered,ridge_a10,0.8101082170162979,0.0,0.0,1.428659252473644,16
freesolv,23,2,16,registered,ridge_a10,0.3909016904105891,0.31560495031640334,0.0,1.428659252473644,16
freesolv,23,3,16,registered,ridge_a1,2.6374171152919637,0.6447446326486654,0.6447446326486654,1.428659252473644,16
freesolv,23,1,32,registered,ridge_a10,0.8101082170162979,0.0,-0.2183096367695314,1.2894169291021746,32
freesolv,23,2,32,registered,ridge_a10,0.3909016904105891,0.31560495031640334,0.1695947666030828,1.2894169291021746,32
freesolv,23,3,32,registered,ridge_a1,2.6374171152919637,0.6447446326486654,0.45664050669881373,1.2894169291021746,32
freesolv,23,1,4,weak_added,ridge_a10,0.8101082170162979,0.0,0.0,2.100671866630535,4
freesolv,23,2,4,weak_added,ridge_a10,0.3909016904105891,0.31560495031640334,0.0,2.100671866630535,4
freesolv,23,3,4,weak_added,ridge_a1,2.6374171152919637,0.6447446326486654,0.6447446326486654,2.100671866630535,4
freesolv,23,1,8,weak_added,ridge_a10,0.8101082170162979,0.0,0.0,1.8200184085101527,8
freesolv,23,2,8,weak_added,ridge_a10,0.3909016904105891,0.31560495031640334,0.0,1.8200184085101527,8
freesolv,23,3,8,weak_added,ridge_a1,2.6374171152919637,0.6447446326486654,0.6447446326486654,1.8200184085101527,8
freesolv,23,1,16,weak_added,ridge_a10,0.8101082170162979,0.0,0.0,1.4329319542611494,16
freesolv,23,2,16,weak_added,ridge_a10,0.3909016904105891,0.31560495031640334,0.0,1.4329319542611494,16
freesolv,23,3,16,weak_added,ridge_a1,2.6374171152919637,0.6447446326486654,0.6447446326486654,1.4329319542611494,16
freesolv,23,1,32,weak_added,ridge_a10,0.8101082170162979,0.0,-0.2183096367695314,1.2894169291021742,32
freesolv,23,2,32,weak_added,ridge_a10,0.3909016904105891,0.31560495031640334,0.1695947666030828,1.2894169291021742,32
freesolv,23,3,32,weak_added,ridge_a1,2.6374171152919637,0.6447446326486654,0.45664050669881373,1.2894169291021742,32
freesolv,23,1,4,complementary_strong_added,ridge_a10,0.8101082170162979,0.0,0.0,2.100671866630535,4
freesolv,23,2,4,complementary_strong_added,ridge_a10,0.3909016904105891,0.31560495031640334,0.0,2.100671866630535,4
freesolv,23,3,4,complementary_strong_added,ridge_a1,2.6374171152919637,0.6447446326486654,0.6447446326486654,2.100671866630535,4
freesolv,23,1,8,complementary_strong_added,ridge_a10,0.8101082170162979,0.0,-0.2183096367695314,1.7452580007072755,8
freesolv,23,2,8,complementary_strong_added,ridge_a10,0.3909016904105891,0.31560495031640334,0.1695947666030828,1.7452580007072755,8
freesolv,23,3,8,complementary_strong_added,ridge_a1,2.6374171152919637,0.6447446326486654,0.45664050669881373,1.7452580007072755,8
freesolv,23,1,16,complementary_strong_added,ridge_a10,0.8101082170162979,0.0,-0.2183096367695314,1.4454850566633188,16
freesolv,23,2,16,complementary_strong_added,ridge_a10,0.3909016904105891,0.31560495031640334,0.1695947666030828,1.4454850566633188,16
freesolv,23,3,16,complementary_strong_added,ridge_a1,2.6374171152919637,0.6447446326486654,0.45664050669881373,1.4454850566633188,16
freesolv,23,1,32,complementary_strong_added,ridge_a10,0.8101082170162979,0.0,-0.2183096367695314,1.2894169291021753,32
freesolv,23,2,32,complementary_strong_added,ridge_a10,0.3909016904105891,0.31560495031640334,0.1695947666030828,1.2894169291021753,32
freesolv,23,3,32,complementary_strong_added,ridge_a1,2.6374171152919637,0.6447446326486654,0.45664050669881373,1.2894169291021753,32
freesolv,23,1,4,exact_duplicate,base_3,0.8101082170162979,0.0,0.0,2.100671866630535,4
freesolv,23,2,4,exact_duplicate,base_3,0.3909016904105891,0.31560495031640334,0.0,2.100671866630535,4
freesolv,23,3,4,exact_duplicate,base_2,2.6374171152919637,0.6447446326486654,0.6447446326486654,2.100671866630535,4
freesolv,23,1,8,exact_duplicate,base_3,0.8101082170162979,0.0,0.0,2.1006718666305364,4
freesolv,23,2,8,exact_duplicate,base_3,0.3909016904105891,0.31560495031640334,0.0,2.1006718666305364,4
freesolv,23,3,8,exact_duplicate,base_2,2.6374171152919637,0.6447446326486654,0.6447446326486654,2.1006718666305364,4
freesolv,23,1,16,exact_duplicate,base_3,0.8101082170162979,0.0,0.0,2.1006718666305355,4
freesolv,23,2,16,exact_duplicate,base_3,0.3909016904105891,0.31560495031640334,0.0,2.1006718666305355,4
freesolv,23,3,16,exact_duplicate,base_2,2.6374171152919637,0.6447446326486654,0.6447446326486654,2.1006718666305355,4
freesolv,23,1,32,exact_duplicate,base_3,0.8101082170162979,0.0,0.0,2.1006718666305364,4
freesolv,23,2,32,exact_duplicate,base_3,0.3909016904105891,0.31560495031640334,0.0,2.1006718666305364,4
freesolv,23,3,32,exact_duplicate,base_2,2.6374171152919637,0.6447446326486654,0.6447446326486654,2.1006718666305364,4
freesolv,23,1,4,near_duplicate_95pct_anchor,base_3,0.8101082170162979,0.0,0.0,2.100671866630535,4
freesolv,23,2,4,near_duplicate_95pct_anchor,base_3,0.3909016904105891,0.31560495031640334,0.0,2.100671866630535,4
freesolv,23,3,4,near_duplicate_95pct_anchor,base_2,2.6374171152919637,0.6447446326486654,0.6447446326486654,2.100671866630535,4
freesolv,23,1,8,near_duplicate_95pct_anchor,base_3,0.8101082170162979,0.0,0.0,2.088330331411057,4
freesolv,23,2,8,near_duplicate_95pct_anchor,base_3,0.3909016904105891,0.31560495031640334,0.0,2.088330331411057,4
freesolv,23,3,8,near_duplicate_95pct_anchor,base_2,2.6374171152919637,0.6447446326486654,0.6447446326486654,2.088330331411057,4
freesolv,23,1,16,near_duplicate_95pct_anchor,base_3,0.8101082170162979,0.0,0.0,2.0823686028422417,4
freesolv,23,2,16,near_duplicate_95pct_anchor,base_3,0.3909016904105891,0.31560495031640334,0.0,2.0823686028422417,4
freesolv,23,3,16,near_duplicate_95pct_anchor,base_2,2.6374171152919637,0.6447446326486654,0.6447446326486654,2.0823686028422417,4
freesolv,23,1,32,near_duplicate_95pct_anchor,base_3,0.8101082170162979,0.0,0.0,2.0806402523445287,4
freesolv,23,2,32,near_duplicate_95pct_anchor,base_3,0.3909016904105891,0.31560495031640334,0.0,2.0806402523445287,4
freesolv,23,3,32,near_duplicate_95pct_anchor,base_2,2.6374171152919637,0.6447446326486654,0.6447446326486654,2.0806402523445287,4
freesolv,37,1,4,registered,ridge_a1,0.6041062410714684,0.0,-0.11039651709679577,2.082121506203526,4
freesolv,37,2,4,registered,ridge_a1,2.178610557108885,0.5522544962446039,0.5522544962446039,2.082121506203526,4
freesolv,37,3,4,registered,ridge_a10,0.7628612091710787,0.3092343247854137,0.0,2.082121506203526,4
freesolv,37,1,8,registered,ridge_a1,0.6041062410714684,0.0,-0.11039651709679577,1.6902045429448949,8
freesolv,37,2,8,registered,rf_60_sqrt,2.178610557108885,0.16257018092544606,0.16257018092544606,1.6902045429448949,8
freesolv,37,3,8,registered,ridge_a10,0.7628612091710787,0.3092343247854137,0.0,1.6902045429448949,8
freesolv,37,1,16,registered,ridge_a1,0.6041062410714684,0.0,-0.11039651709679577,1.3870520309486252,16
freesolv,37,2,16,registered,et_60_sqrt,2.178610557108885,0.10390569491429447,0.10390569491429447,1.3870520309486252,16
freesolv,37,3,16,registered,ridge_a10,0.7857374498786696,0.33211056549300455,0.0,1.3870520309486252,16
freesolv,37,1,32,registered,ridge_a1,0.6203902134307522,0.016283972359283805,0.0011672835049885144,1.242605344067375,32
freesolv,37,2,32,registered,et_60_sqrt,2.178610557108885,0.10390569491429447,0.012102121031359658,1.242605344067375,32
freesolv,37,3,32,registered,ridge_a10,0.851760078302195,0.39813319391653,0.38447243654752805,1.242605344067375,32
freesolv,37,1,4,weak_added,ridge_a1,0.6041062410714684,0.0,-0.11039651709679577,2.082121506203526,4
freesolv,37,2,4,weak_added,ridge_a1,2.178610557108885,0.5522544962446039,0.5522544962446039,2.082121506203526,4
freesolv,37,3,4,weak_added,ridge_a10,0.7628612091710787,0.3092343247854137,0.0,2.082121506203526,4
freesolv,37,1,8,weak_added,ridge_a1,0.6041062410714684,0.0,-0.11039651709679577,1.775327403847609,8
freesolv,37,2,8,weak_added,ridge_a1,2.178610557108885,0.5522544962446039,0.5522544962446039,1.775327403847609,8
freesolv,37,3,8,weak_added,ridge_a10,0.7628612091710787,0.3092343247854137,0.0,1.775327403847609,8
freesolv,37,1,16,weak_added,ridge_a1,0.6041062410714684,0.0,-0.11039651709679577,1.3915057767541255,16
freesolv,37,2,16,weak_added,ridge_a1,2.178610557108885,0.5522544962446039,0.5522544962446039,1.3915057767541255,16
freesolv,37,3,16,weak_added,ridge_a10,0.7628612091710787,0.3092343247854137,0.0,1.3915057767541255,16
freesolv,37,1,32,weak_added,ridge_a1,0.6203902134307522,0.016283972359283805,0.0011672835049885144,1.2426053440673752,32
freesolv,37,2,32,weak_added,et_60_sqrt,2.178610557108885,0.10390569491429447,0.012102121031359658,1.2426053440673752,32
freesolv,37,3,32,weak_added,ridge_a10,0.851760078302195,0.39813319391653,0.38447243654752805,1.2426053440673752,32
freesolv,37,1,4,complementary_strong_added,ridge_a1,0.6041062410714684,0.0,-0.11039651709679577,2.082121506203526,4
freesolv,37,2,4,complementary_strong_added,ridge_a1,2.178610557108885,0.5522544962446039,0.5522544962446039,2.082121506203526,4
freesolv,37,3,4,complementary_strong_added,ridge_a10,0.7628612091710787,0.3092343247854137,0.0,2.082121506203526,4
freesolv,37,1,8,complementary_strong_added,ridge_a1,0.6203902134307522,0.016283972359283805,0.0011672835049885144,1.714716112723101,8
freesolv,37,2,8,complementary_strong_added,xgb_60_d6,2.178610557108885,0.09180357388293481,0.0,1.714716112723101,8
freesolv,37,3,8,complementary_strong_added,ridge_a10,0.851760078302195,0.39813319391653,0.38447243654752805,1.714716112723101,8
freesolv,37,1,16,complementary_strong_added,ridge_a1,0.6203902134307522,0.016283972359283805,0.0011672835049885144,1.3913591400831757,16
freesolv,37,2,16,complementary_strong_added,et_60_sqrt,2.178610557108885,0.10390569491429447,0.012102121031359658,1.3913591400831757,16
freesolv,37,3,16,complementary_strong_added,ridge_a10,0.851760078302195,0.39813319391653,0.38447243654752805,1.3913591400831757,16
freesolv,37,1,32,complementary_strong_added,ridge_a1,0.6203902134307522,0.016283972359283805,0.0011672835049885144,1.242605344067375,32
freesolv,37,2,32,complementary_strong_added,et_60_sqrt,2.178610557108885,0.10390569491429447,0.012102121031359658,1.242605344067375,32
freesolv,37,3,32,complementary_strong_added,ridge_a10,0.851760078302195,0.39813319391653,0.38447243654752805,1.242605344067375,32
freesolv,37,1,4,exact_duplicate,base_2,0.6041062410714684,0.0,-0.11039651709679577,2.0821215062035265,4
freesolv,37,2,4,exact_duplicate,base_2,2.178610557108885,0.5522544962446039,0.5522544962446039,2.0821215062035265,4
freesolv,37,3,4,exact_duplicate,base_3,0.7628612091710787,0.3092343247854137,0.0,2.0821215062035265,4
freesolv,37,1,8,exact_duplicate,base_2,0.6041062410714684,0.0,-0.11039651709679577,2.082121506203527,4
freesolv,37,2,8,exact_duplicate,base_2,2.178610557108885,0.5522544962446039,0.5522544962446039,2.082121506203527,4
freesolv,37,3,8,exact_duplicate,base_3,0.7628612091710787,0.3092343247854137,0.0,2.082121506203527,4
freesolv,37,1,16,exact_duplicate,base_2,0.6041062410714684,0.0,-0.11039651709679577,2.0821215062035265,4
freesolv,37,2,16,exact_duplicate,base_2,2.178610557108885,0.5522544962446039,0.5522544962446039,2.0821215062035265,4
freesolv,37,3,16,exact_duplicate,base_3,0.7628612091710787,0.3092343247854137,0.0,2.0821215062035265,4
freesolv,37,1,32,exact_duplicate,base_2,0.6041062410714684,0.0,-0.11039651709679577,2.0821215062035274,4
freesolv,37,2,32,exact_duplicate,base_2,2.178610557108885,0.5522544962446039,0.5522544962446039,2.0821215062035274,4
freesolv,37,3,32,exact_duplicate,base_3,0.7628612091710787,0.3092343247854137,0.0,2.0821215062035274,4
freesolv,37,1,4,near_duplicate_95pct_anchor,base_2,0.6041062410714684,0.0,-0.11039651709679577,2.0821215062035265,4
freesolv,37,2,4,near_duplicate_95pct_anchor,base_2,2.178610557108885,0.5522544962446039,0.5522544962446039,2.0821215062035265,4
freesolv,37,3,4,near_duplicate_95pct_anchor,base_3,0.7628612091710787,0.3092343247854137,0.0,2.0821215062035265,4
freesolv,37,1,8,near_duplicate_95pct_anchor,base_2,0.6041062410714684,0.0,-0.11039651709679577,2.0645268735320577,4
freesolv,37,2,8,near_duplicate_95pct_anchor,base_2,2.178610557108885,0.5522544962446039,0.5522544962446039,2.0645268735320577,4
freesolv,37,3,8,near_duplicate_95pct_anchor,base_3,0.7628612091710787,0.3092343247854137,0.0,2.0645268735320577,4
freesolv,37,1,16,near_duplicate_95pct_anchor,base_2,0.6041062410714684,0.0,-0.11039651709679577,2.056098618109595,4
freesolv,37,2,16,near_duplicate_95pct_anchor,base_2,2.178610557108885,0.5522544962446039,0.5522544962446039,2.056098618109595,4
freesolv,37,3,16,near_duplicate_95pct_anchor,base_3,0.7628612091710787,0.3092343247854137,0.0,2.056098618109595,4
freesolv,37,1,32,near_duplicate_95pct_anchor,base_2,0.6041062410714684,0.0,-0.11039651709679577,2.052805478914272,4
freesolv,37,2,32,near_duplicate_95pct_anchor,near_duplicate_95pct_anchor_22,2.178610557108885,0.5320687084758433,0.5320687084758433,2.052805478914272,4
freesolv,37,3,32,near_duplicate_95pct_anchor,base_3,0.7673061526276346,0.31367926824196957,0.0,2.052805478914272,4
freesolv,53,1,4,registered,ridge_a1,1.089608507693022,0.20185808391484628,0.20185808391484628,2.0853450783347616,4
freesolv,53,2,4,registered,ridge_a10,0.9293302898432212,0.3564761714492488,0.0,2.0853450783347616,4
freesolv,53,3,4,registered,ridge_a1,1.4035019395387591,0.24879874996964002,0.24879874996964002,2.0853450783347616,4
freesolv,53,1,8,registered,ridge_a1,1.089608507693022,0.20185808391484628,0.20185808391484628,1.6696414361859926,8
freesolv,53,2,8,registered,ridge_a10,0.9293302898432212,0.3564761714492488,0.0,1.6696414361859926,8
freesolv,53,3,8,registered,ridge_a1,1.4035019395387591,0.24879874996964002,0.24879874996964002,1.6696414361859926,8
freesolv,53,1,16,registered,ridge_a1,1.130157886534184,0.24240746275600822,0.20185808391484628,1.3933690242788586,16
freesolv,53,2,16,registered,ridge_a10,0.9293302898432212,0.3564761714492488,0.0,1.3933690242788586,16
freesolv,53,3,16,registered,et_60_sqrt,1.4035019395387591,0.09434300541689433,0.09434300541689433,1.3933690242788586,16
freesolv,53,1,32,registered,ridge_a1,1.2698476856949679,0.38209726191679216,0.38209726191679216,1.2593574463201493,32
freesolv,53,2,32,registered,xgb_60_d6,0.9293302898432212,0.31134282037731564,0.0,1.2593574463201493,32
freesolv,53,3,32,registered,et_60_sqrt,1.4035019395387591,0.09434300541689433,0.004084830184905908,1.2593574463201493,32
freesolv,53,1,4,weak_added,ridge_a1,1.089608507693022,0.20185808391484628,0.20185808391484628,2.0853450783347616,4
freesolv,53,2,4,weak_added,ridge_a10,0.9293302898432212,0.3564761714492488,0.0,2.0853450783347616,4
freesolv,53,3,4,weak_added,ridge_a1,1.4035019395387591,0.24879874996964002,0.24879874996964002,2.0853450783347616,4
freesolv,53,1,8,weak_added,ridge_a1,1.089608507693022,0.20185808391484628,0.20185808391484628,1.773900123298164,8
freesolv,53,2,8,weak_added,ridge_a10,0.9293302898432212,0.3564761714492488,0.0,1.773900123298164,8
freesolv,53,3,8,weak_added,ridge_a1,1.4035019395387591,0.24879874996964002,0.24879874996964002,1.773900123298164,8
freesolv,53,1,16,weak_added,ridge_a1,1.089608507693022,0.20185808391484628,0.20185808391484628,1.402388649969752,16
freesolv,53,2,16,weak_added,ridge_a10,0.9293302898432212,0.3564761714492488,0.0,1.402388649969752,16
freesolv,53,3,16,weak_added,ridge_a1,1.4035019395387591,0.24879874996964002,0.24879874996964002,1.402388649969752,16
freesolv,53,1,32,weak_added,ridge_a1,1.2698476856949679,0.38209726191679216,0.38209726191679216,1.2593574463201493,32
freesolv,53,2,32,weak_added,xgb_60_d6,0.9293302898432212,0.31134282037731564,0.0,1.2593574463201493,32
freesolv,53,3,32,weak_added,et_60_sqrt,1.4035019395387591,0.09434300541689433,0.004084830184905908,1.2593574463201493,32
freesolv,53,1,4,complementary_strong_added,ridge_a1,1.089608507693022,0.20185808391484628,0.20185808391484628,2.0853450783347616,4
freesolv,53,2,4,complementary_strong_added,ridge_a10,0.9293302898432212,0.3564761714492488,0.0,2.0853450783347616,4
freesolv,53,3,4,complementary_strong_added,ridge_a1,1.4035019395387591,0.24879874996964002,0.24879874996964002,2.0853450783347616,4
freesolv,53,1,8,complementary_strong_added,ridge_a1,1.2698476856949679,0.38209726191679216,0.38209726191679216,1.7104103102740762,8
freesolv,53,2,8,complementary_strong_added,xgb_60_d6,0.9293302898432212,0.31134282037731564,0.0,1.7104103102740762,8
freesolv,53,3,8,complementary_strong_added,ridge_a1,1.4035019395387591,0.24879874996964002,0.1585405747376516,1.7104103102740762,8
freesolv,53,1,16,complementary_strong_added,ridge_a1,1.2698476856949679,0.38209726191679216,0.38209726191679216,1.4111409061407363,16
freesolv,53,2,16,complementary_strong_added,xgb_60_d6,0.9293302898432212,0.31134282037731564,0.0,1.4111409061407363,16
freesolv,53,3,16,complementary_strong_added,et_60_sqrt,1.4035019395387591,0.09434300541689433,0.004084830184905908,1.4111409061407363,16
freesolv,53,1,32,complementary_strong_added,ridge_a1,1.2698476856949679,0.38209726191679216,0.38209726191679216,1.259357446320149,32
freesolv,53,2,32,complementary_strong_added,xgb_60_d6,0.9293302898432212,0.31134282037731564,0.0,1.259357446320149,32
freesolv,53,3,32,complementary_strong_added,et_60_sqrt,1.4035019395387591,0.09434300541689433,0.004084830184905908,1.259357446320149,32
freesolv,53,1,4,exact_duplicate,base_2,1.089608507693022,0.20185808391484628,0.20185808391484628,2.0853450783347616,4
freesolv,53,2,4,exact_duplicate,base_3,0.9293302898432212,0.3564761714492488,0.0,2.0853450783347616,4
freesolv,53,3,4,exact_duplicate,base_2,1.4035019395387591,0.24879874996964002,0.24879874996964002,2.0853450783347616,4
freesolv,53,1,8,exact_duplicate,base_2,1.089608507693022,0.20185808391484628,0.20185808391484628,2.0853450783347616,4
freesolv,53,2,8,exact_duplicate,base_3,0.9293302898432212,0.3564761714492488,0.0,2.0853450783347616,4
freesolv,53,3,8,exact_duplicate,base_2,1.4035019395387591,0.24879874996964002,0.24879874996964002,2.0853450783347616,4
freesolv,53,1,16,exact_duplicate,base_2,1.089608507693022,0.20185808391484628,0.20185808391484628,2.085345078334762,4
freesolv,53,2,16,exact_duplicate,base_3,0.9293302898432212,0.3564761714492488,0.0,2.085345078334762,4
freesolv,53,3,16,exact_duplicate,base_2,1.4035019395387591,0.24879874996964002,0.24879874996964002,2.085345078334762,4
freesolv,53,1,32,exact_duplicate,base_2,1.089608507693022,0.20185808391484628,0.20185808391484628,2.0853450783347616,4
freesolv,53,2,32,exact_duplicate,base_3,0.9293302898432212,0.3564761714492488,0.0,2.0853450783347616,4
freesolv,53,3,32,exact_duplicate,base_2,1.4035019395387591,0.24879874996964002,0.24879874996964002,2.0853450783347616,4
freesolv,53,1,4,near_duplicate_95pct_anchor,base_2,1.089608507693022,0.20185808391484628,0.20185808391484628,2.0853450783347616,4
freesolv,53,2,4,near_duplicate_95pct_anchor,base_3,0.9293302898432212,0.3564761714492488,0.0,2.0853450783347616,4
freesolv,53,3,4,near_duplicate_95pct_anchor,base_2,1.4035019395387591,0.24879874996964002,0.24879874996964002,2.0853450783347616,4
freesolv,53,1,8,near_duplicate_95pct_anchor,base_2,1.089608507693022,0.20185808391484628,0.20185808391484628,2.072976223240125,4
freesolv,53,2,8,near_duplicate_95pct_anchor,base_3,0.9293302898432212,0.3564761714492488,0.0,2.072976223240125,4
freesolv,53,3,8,near_duplicate_95pct_anchor,base_2,1.4035019395387591,0.24879874996964002,0.24879874996964002,2.072976223240125,4
freesolv,53,1,16,near_duplicate_95pct_anchor,base_2,1.089608507693022,0.20185808391484628,0.20185808391484628,2.0672610443690473,4
freesolv,53,2,16,near_duplicate_95pct_anchor,base_3,0.9293302898432212,0.3564761714492488,0.0,2.0672610443690473,4
freesolv,53,3,16,near_duplicate_95pct_anchor,base_2,1.4035019395387591,0.24879874996964002,0.24879874996964002,2.0672610443690473,4
freesolv,53,1,32,near_duplicate_95pct_anchor,base_2,1.089608507693022,0.20185808391484628,0.20185808391484628,2.0652786288543874,4
freesolv,53,2,32,near_duplicate_95pct_anchor,base_3,0.9293302898432212,0.3564761714492488,0.0,2.0652786288543874,4
freesolv,53,3,32,near_duplicate_95pct_anchor,base_2,1.4035019395387591,0.24879874996964002,0.24879874996964002,2.0652786288543874,4
freesolv,71,1,4,registered,ridge_a10,0.9138938567092598,0.0,0.0,2.0741769680052085,4
freesolv,71,2,4,registered,ridge_a1,1.6196194680751574,0.28272586536044564,0.28272586536044564,2.0741769680052085,4
freesolv,71,3,4,registered,ridge_a10,1.0638191729242665,0.23390988546698432,0.0,2.0741769680052085,4
freesolv,71,1,8,registered,ridge_a10,0.9138938567092598,0.0,0.0,1.6832141572191222,8
freesolv,71,2,8,registered,ridge_a1,1.6196194680751574,0.28272586536044564,0.28272586536044564,1.6832141572191222,8
freesolv,71,3,8,registered,ridge_a10,1.0638191729242665,0.23390988546698432,0.0,1.6832141572191222,8
freesolv,71,1,16,registered,ridge_a10,0.9467710118778201,0.03287715516856027,0.0,1.3821494008101192,16
freesolv,71,2,16,registered,et_60_sqrt,1.6196194680751574,0.17418316605115924,0.17418316605115924,1.3821494008101192,16
freesolv,71,3,16,registered,ridge_a10,1.0638191729242665,0.23390988546698432,0.0,1.3821494008101192,16
freesolv,71,1,32,registered,ridge_a10,1.0642249360832352,0.15033107937397538,0.02705456655937777,1.240120625760489,32
freesolv,71,2,32,registered,xgb_80_d5,1.6196194680751574,0.0526717778081065,-0.05965819301247688,1.240120625760489,32
freesolv,71,3,32,registered,ridge_a10,1.0638191729242665,0.23390988546698432,0.08186809685722718,1.240120625760489,32
freesolv,71,1,4,weak_added,ridge_a10,0.9138938567092598,0.0,0.0,2.0741769680052085,4
freesolv,71,2,4,weak_added,ridge_a1,1.6196194680751574,0.28272586536044564,0.28272586536044564,2.0741769680052085,4
freesolv,71,3,4,weak_added,ridge_a10,1.0638191729242665,0.23390988546698432,0.0,2.0741769680052085,4
freesolv,71,1,8,weak_added,ridge_a10,0.9138938567092598,0.0,0.0,1.7527323928243916,8
freesolv,71,2,8,weak_added,ridge_a1,1.6196194680751574,0.28272586536044564,0.28272586536044564,1.7527323928243916,8
freesolv,71,3,8,weak_added,ridge_a10,1.0638191729242665,0.23390988546698432,0.0,1.7527323928243916,8
freesolv,71,1,16,weak_added,ridge_a10,0.9138938567092598,0.0,0.0,1.3833595221082369,16
freesolv,71,2,16,weak_added,ridge_a1,1.6196194680751574,0.28272586536044564,0.28272586536044564,1.3833595221082369,16
freesolv,71,3,16,weak_added,ridge_a10,1.0638191729242665,0.23390988546698432,0.0,1.3833595221082369,16
freesolv,71,1,32,weak_added,ridge_a10,1.0642249360832352,0.15033107937397538,0.02705456655937777,1.2401206257604889,32
freesolv,71,2,32,weak_added,xgb_80_d5,1.6196194680751574,0.0526717778081065,-0.05965819301247688,1.2401206257604889,32
freesolv,71,3,32,weak_added,ridge_a10,1.0638191729242665,0.23390988546698432,0.08186809685722718,1.2401206257604889,32
freesolv,71,1,4,complementary_strong_added,ridge_a10,0.9138938567092598,0.0,0.0,2.0741769680052085,4
freesolv,71,2,4,complementary_strong_added,ridge_a1,1.6196194680751574,0.28272586536044564,0.28272586536044564,2.0741769680052085,4
freesolv,71,3,4,complementary_strong_added,ridge_a10,1.0638191729242665,0.23390988546698432,0.0,2.0741769680052085,4
freesolv,71,1,8,complementary_strong_added,ridge_a10,1.0642249360832352,0.15033107937397538,0.02705456655937777,1.6861478151202969,8
freesolv,71,2,8,complementary_strong_added,xgb_80_d5,1.6196194680751574,0.0526717778081065,-0.05965819301247688,1.6861478151202969,8
freesolv,71,3,8,complementary_strong_added,ridge_a10,1.0638191729242665,0.23390988546698432,0.08186809685722718,1.6861478151202969,8
freesolv,71,1,16,complementary_strong_added,ridge_a10,1.0642249360832352,0.15033107937397538,0.02705456655937777,1.3906441254790085,16
freesolv,71,2,16,complementary_strong_added,xgb_80_d5,1.6196194680751574,0.0526717778081065,-0.05965819301247688,1.3906441254790085,16
freesolv,71,3,16,complementary_strong_added,ridge_a10,1.0638191729242665,0.23390988546698432,0.08186809685722718,1.3906441254790085,16
freesolv,71,1,32,complementary_strong_added,ridge_a10,1.0642249360832352,0.15033107937397538,0.02705456655937777,1.2401206257604884,32
freesolv,71,2,32,complementary_strong_added,xgb_80_d5,1.6196194680751574,0.0526717778081065,-0.05965819301247688,1.2401206257604884,32
freesolv,71,3,32,complementary_strong_added,ridge_a10,1.0638191729242665,0.23390988546698432,0.08186809685722718,1.2401206257604884,32
freesolv,71,1,4,exact_duplicate,base_3,0.9138938567092598,0.0,0.0,2.0741769680052093,4
freesolv,71,2,4,exact_duplicate,base_2,1.6196194680751574,0.28272586536044564,0.28272586536044564,2.0741769680052093,4
freesolv,71,3,4,exact_duplicate,base_3,1.0638191729242665,0.23390988546698432,0.0,2.0741769680052093,4
freesolv,71,1,8,exact_duplicate,base_3,0.9138938567092598,0.0,0.0,2.0741769680052093,4
freesolv,71,2,8,exact_duplicate,base_2,1.6196194680751574,0.28272586536044564,0.28272586536044564,2.0741769680052093,4
freesolv,71,3,8,exact_duplicate,base_3,1.0638191729242665,0.23390988546698432,0.0,2.0741769680052093,4
freesolv,71,1,16,exact_duplicate,base_3,0.9138938567092598,0.0,0.0,2.074176968005209,4
freesolv,71,2,16,exact_duplicate,base_2,1.6196194680751574,0.28272586536044564,0.28272586536044564,2.074176968005209,4
freesolv,71,3,16,exact_duplicate,base_3,1.0638191729242665,0.23390988546698432,0.0,2.074176968005209,4
freesolv,71,1,32,exact_duplicate,base_3,0.9138938567092598,0.0,0.0,2.0741769680052093,4
freesolv,71,2,32,exact_duplicate,base_2,1.6196194680751574,0.28272586536044564,0.28272586536044564,2.0741769680052093,4
freesolv,71,3,32,exact_duplicate,base_3,1.0638191729242665,0.23390988546698432,0.0,2.0741769680052093,4
freesolv,71,1,4,near_duplicate_95pct_anchor,base_3,0.9138938567092598,0.0,0.0,2.0741769680052093,4
freesolv,71,2,4,near_duplicate_95pct_anchor,base_2,1.6196194680751574,0.28272586536044564,0.28272586536044564,2.0741769680052093,4
freesolv,71,3,4,near_duplicate_95pct_anchor,base_3,1.0638191729242665,0.23390988546698432,0.0,2.0741769680052093,4
freesolv,71,1,8,near_duplicate_95pct_anchor,base_3,0.9138938567092598,0.0,0.0,2.059133696361947,4
freesolv,71,2,8,near_duplicate_95pct_anchor,base_2,1.6196194680751574,0.28272586536044564,0.28272586536044564,2.059133696361947,4
freesolv,71,3,8,near_duplicate_95pct_anchor,base_3,1.0638191729242665,0.23390988546698432,0.0,2.059133696361947,4
freesolv,71,1,16,near_duplicate_95pct_anchor,base_3,0.9138938567092598,0.0,0.0,2.051989996092999,4
freesolv,71,2,16,near_duplicate_95pct_anchor,base_2,1.6196194680751574,0.28272586536044564,0.28272586536044564,2.051989996092999,4
freesolv,71,3,16,near_duplicate_95pct_anchor,base_3,1.0638191729242665,0.23390988546698432,0.0,2.051989996092999,4
freesolv,71,1,32,near_duplicate_95pct_anchor,base_3,0.9138938567092598,0.0,0.0,2.049221264605143,4
freesolv,71,2,32,near_duplicate_95pct_anchor,near_duplicate_95pct_anchor_22,1.6196194680751574,0.27122316098282884,0.27122316098282884,2.049221264605143,4
freesolv,71,3,32,near_duplicate_95pct_anchor,base_3,1.0638191729242665,0.23390988546698432,0.0,2.049221264605143,4
freesolv,83,1,4,registered,ridge_a10,0.49821539186231467,0.019501780029321125,0.0,2.085712373092397,4
freesolv,83,2,4,registered,ridge_a10,0.6593915258029721,0.21021881889896932,0.0,2.085712373092397,4
freesolv,83,3,4,registered,ridge_a1,2.021741246039559,0.3394859339991796,0.3394859339991796,2.085712373092397,4
freesolv,83,1,8,registered,ridge_a10,0.49821539186231467,0.019501780029321125,0.0,1.679152629835902,8
freesolv,83,2,8,registered,ridge_a10,0.6593915258029721,0.21021881889896932,0.0,1.679152629835902,8
freesolv,83,3,8,registered,ridge_a1,2.021741246039559,0.3394859339991796,0.3394859339991796,1.679152629835902,8
freesolv,83,1,16,registered,ridge_a10,0.49821539186231467,0.019501780029321125,0.0,1.3914552838016512,16
freesolv,83,2,16,registered,ridge_a10,0.6593915258029721,0.21021881889896932,0.0,1.3914552838016512,16
freesolv,83,3,16,registered,ridge_a1,2.021741246039559,0.3394859339991796,0.3394859339991796,1.3914552838016512,16
freesolv,83,1,32,registered,ridge_a10,0.49821539186231467,0.019501780029321125,-0.0552458163709737,1.2498059917199171,32
freesolv,83,2,32,registered,xgb_60_d6,0.7661040773175047,0.0,0.0,1.2498059917199171,32
freesolv,83,3,32,registered,ridge_a1,2.021741246039559,0.3394859339991796,0.2097278870460748,1.2498059917199171,32
freesolv,83,1,4,weak_added,ridge_a10,0.49821539186231467,0.019501780029321125,0.0,2.085712373092397,4
freesolv,83,2,4,weak_added,ridge_a10,0.6593915258029721,0.21021881889896932,0.0,2.085712373092397,4
freesolv,83,3,4,weak_added,ridge_a1,2.021741246039559,0.3394859339991796,0.3394859339991796,2.085712373092397,4
freesolv,83,1,8,weak_added,ridge_a10,0.49821539186231467,0.019501780029321125,0.0,1.7773418477490146,8
freesolv,83,2,8,weak_added,ridge_a10,0.6593915258029721,0.21021881889896932,0.0,1.7773418477490146,8
freesolv,83,3,8,weak_added,ridge_a1,2.021741246039559,0.3394859339991796,0.3394859339991796,1.7773418477490146,8
freesolv,83,1,16,weak_added,ridge_a10,0.49821539186231467,0.019501780029321125,0.0,1.402885695123334,16
freesolv,83,2,16,weak_added,ridge_a10,0.6593915258029721,0.21021881889896932,0.0,1.402885695123334,16
freesolv,83,3,16,weak_added,ridge_a1,2.021741246039559,0.3394859339991796,0.3394859339991796,1.402885695123334,16
freesolv,83,1,32,weak_added,ridge_a10,0.49821539186231467,0.019501780029321125,-0.0552458163709737,1.2498059917199165,32
freesolv,83,2,32,weak_added,xgb_60_d6,0.7661040773175047,0.0,0.0,1.2498059917199165,32
freesolv,83,3,32,weak_added,ridge_a1,2.021741246039559,0.3394859339991796,0.2097278870460748,1.2498059917199165,32
freesolv,83,1,4,complementary_strong_added,ridge_a10,0.49821539186231467,0.019501780029321125,0.0,2.085712373092397,4
freesolv,83,2,4,complementary_strong_added,ridge_a10,0.6593915258029721,0.21021881889896932,0.0,2.085712373092397,4
freesolv,83,3,4,complementary_strong_added,ridge_a1,2.021741246039559,0.3394859339991796,0.3394859339991796,2.085712373092397,4
freesolv,83,1,8,complementary_strong_added,ridge_a10,0.49821539186231467,0.019501780029321125,-0.0552458163709737,1.704077297623236,8
freesolv,83,2,8,complementary_strong_added,xgb_60_d6,0.7661040773175047,0.0,0.0,1.704077297623236,8
freesolv,83,3,8,complementary_strong_added,ridge_a1,2.021741246039559,0.3394859339991796,0.2097278870460748,1.704077297623236,8
freesolv,83,1,16,complementary_strong_added,ridge_a10,0.49821539186231467,0.019501780029321125,-0.0552458163709737,1.4140693027383415,16
freesolv,83,2,16,complementary_strong_added,xgb_60_d6,0.7661040773175047,0.0,0.0,1.4140693027383415,16
freesolv,83,3,16,complementary_strong_added,ridge_a1,2.021741246039559,0.3394859339991796,0.2097278870460748,1.4140693027383415,16
freesolv,83,1,32,complementary_strong_added,ridge_a10,0.49821539186231467,0.019501780029321125,-0.0552458163709737,1.2498059917199165,32
freesolv,83,2,32,complementary_strong_added,xgb_60_d6,0.7661040773175047,0.0,0.0,1.2498059917199165,32
freesolv,83,3,32,complementary_strong_added,ridge_a1,2.021741246039559,0.3394859339991796,0.2097278870460748,1.2498059917199165,32
freesolv,83,1,4,exact_duplicate,base_3,0.49821539186231467,0.019501780029321125,0.0,2.085712373092397,4
freesolv,83,2,4,exact_duplicate,base_3,0.6593915258029721,0.21021881889896932,0.0,2.085712373092397,4
freesolv,83,3,4,exact_duplicate,base_2,2.021741246039559,0.3394859339991796,0.3394859339991796,2.085712373092397,4
freesolv,83,1,8,exact_duplicate,base_3,0.49821539186231467,0.019501780029321125,0.0,2.085712373092395,4
freesolv,83,2,8,exact_duplicate,base_3,0.6593915258029721,0.21021881889896932,0.0,2.085712373092395,4
freesolv,83,3,8,exact_duplicate,base_2,2.021741246039559,0.3394859339991796,0.3394859339991796,2.085712373092395,4
freesolv,83,1,16,exact_duplicate,base_3,0.49821539186231467,0.019501780029321125,0.0,2.0857123730923957,4
freesolv,83,2,16,exact_duplicate,base_3,0.6593915258029721,0.21021881889896932,0.0,2.0857123730923957,4
freesolv,83,3,16,exact_duplicate,base_2,2.021741246039559,0.3394859339991796,0.3394859339991796,2.0857123730923957,4
freesolv,83,1,32,exact_duplicate,base_3,0.49821539186231467,0.019501780029321125,0.0,2.0857123730923974,4
freesolv,83,2,32,exact_duplicate,base_3,0.6593915258029721,0.21021881889896932,0.0,2.0857123730923974,4
freesolv,83,3,32,exact_duplicate,base_2,2.021741246039559,0.3394859339991796,0.3394859339991796,2.0857123730923974,4
freesolv,83,1,4,near_duplicate_95pct_anchor,base_3,0.49821539186231467,0.019501780029321125,0.0,2.085712373092397,4
freesolv,83,2,4,near_duplicate_95pct_anchor,base_3,0.6593915258029721,0.21021881889896932,0.0,2.085712373092397,4
freesolv,83,3,4,near_duplicate_95pct_anchor,base_2,2.021741246039559,0.3394859339991796,0.3394859339991796,2.085712373092397,4
freesolv,83,1,8,near_duplicate_95pct_anchor,base_3,0.49821539186231467,0.019501780029321125,0.0,2.0694836474678246,4
freesolv,83,2,8,near_duplicate_95pct_anchor,base_3,0.6593915258029721,0.21021881889896932,0.0,2.0694836474678246,4
freesolv,83,3,8,near_duplicate_95pct_anchor,base_2,2.021741246039559,0.3394859339991796,0.3394859339991796,2.0694836474678246,4
freesolv,83,1,16,near_duplicate_95pct_anchor,base_3,0.49821539186231467,0.019501780029321125,0.0,2.061941247600027,4
freesolv,83,2,16,near_duplicate_95pct_anchor,base_3,0.6593915258029721,0.21021881889896932,0.0,2.061941247600027,4
freesolv,83,3,16,near_duplicate_95pct_anchor,base_2,2.021741246039559,0.3394859339991796,0.3394859339991796,2.061941247600027,4
freesolv,83,1,32,near_duplicate_95pct_anchor,base_3,0.49821539186231467,0.019501780029321125,0.0,2.0592600786765876,4
freesolv,83,2,32,near_duplicate_95pct_anchor,base_3,0.6593915258029721,0.21021881889896932,0.0,2.0592600786765876,4
freesolv,83,3,32,near_duplicate_95pct_anchor,base_2,2.021741246039559,0.3394859339991796,0.3394859339991796,2.0592600786765876,4
freesolv,97,1,4,registered,ridge_a10,0.4428247873211273,0.0,0.0,2.106047369768615,4
freesolv,97,2,4,registered,ridge_a1,0.22725113430969657,0.0,-0.07363806679619334,2.106047369768615,4
freesolv,97,3,4,registered,ridge_a1,2.242394675148084,0.6341017805053466,0.6341017805053466,2.106047369768615,4
freesolv,97,1,8,registered,ridge_a10,0.5657425368743416,0.12291774955321433,0.0,1.721253466180507,8
freesolv,97,2,8,registered,ridge_a1,0.22725113430969657,0.0,-0.07363806679619334,1.721253466180507,8
freesolv,97,3,8,registered,ridge_a1,2.242394675148084,0.6341017805053466,0.6341017805053466,1.721253466180507,8
freesolv,97,1,16,registered,ridge_a10,0.6606851555432964,0.21786036822216914,0.0,1.4252528515070138,16
freesolv,97,2,16,registered,ridge_a1,0.22725113430969657,0.0,-0.07363806679619334,1.4252528515070138,16
freesolv,97,3,16,registered,ridge_a1,2.242394675148084,0.6341017805053466,0.6341017805053466,1.4252528515070138,16
freesolv,97,1,32,registered,xgb_80_d5,0.6606851555432964,0.12008525508252443,0.02617928993878671,1.27589315420568,32
freesolv,97,2,32,registered,ridge_a1,0.22734712435078563,9.599004108906684e-05,-0.09379981110307067,1.27589315420568,32
freesolv,97,3,32,registered,ridge_a1,2.242394675148084,0.6341017805053466,0.5399570135951988,1.27589315420568,32
freesolv,97,1,4,weak_added,ridge_a10,0.4428247873211273,0.0,0.0,2.106047369768615,4
freesolv,97,2,4,weak_added,ridge_a1,0.22725113430969657,0.0,-0.07363806679619334,2.106047369768615,4
freesolv,97,3,4,weak_added,ridge_a1,2.242394675148084,0.6341017805053466,0.6341017805053466,2.106047369768615,4
freesolv,97,1,8,weak_added,ridge_a10,0.4428247873211273,0.0,0.0,1.8277935689970415,8
freesolv,97,2,8,weak_added,ridge_a1,0.22725113430969657,0.0,-0.07363806679619334,1.8277935689970415,8
freesolv,97,3,8,weak_added,ridge_a1,2.242394675148084,0.6341017805053466,0.6341017805053466,1.8277935689970415,8
freesolv,97,1,16,weak_added,ridge_a10,0.4447510272775479,0.0019262399564206056,0.0,1.4287731854475645,16
freesolv,97,2,16,weak_added,ridge_a1,0.22725113430969657,0.0,-0.07363806679619334,1.4287731854475645,16
freesolv,97,3,16,weak_added,ridge_a1,2.242394675148084,0.6341017805053466,0.6341017805053466,1.4287731854475645,16
freesolv,97,1,32,weak_added,xgb_80_d5,0.6606851555432964,0.12008525508252443,0.02617928993878671,1.2758931542056797,32
freesolv,97,2,32,weak_added,ridge_a1,0.22734712435078563,9.599004108906684e-05,-0.09379981110307067,1.2758931542056797,32
freesolv,97,3,32,weak_added,ridge_a1,2.242394675148084,0.6341017805053466,0.5399570135951988,1.2758931542056797,32
freesolv,97,1,4,complementary_strong_added,ridge_a10,0.4428247873211273,0.0,0.0,2.106047369768615,4
freesolv,97,2,4,complementary_strong_added,ridge_a1,0.22725113430969657,0.0,-0.07363806679619334,2.106047369768615,4
freesolv,97,3,4,complementary_strong_added,ridge_a1,2.242394675148084,0.6341017805053466,0.6341017805053466,2.106047369768615,4
freesolv,97,1,8,complementary_strong_added,xgb_80_d5,0.5667791903995587,0.02617928993878671,0.02617928993878671,1.7799413546068859,8
freesolv,97,2,8,complementary_strong_added,ridge_a1,0.22734712435078563,9.599004108906684e-05,-0.09379981110307067,1.7799413546068859,8
freesolv,97,3,8,complementary_strong_added,ridge_a1,2.242394675148084,0.6341017805053466,0.5399570135951988,1.7799413546068859,8
freesolv,97,1,16,complementary_strong_added,xgb_80_d5,0.6606851555432964,0.12008525508252443,0.02617928993878671,1.4455175765714292,16
freesolv,97,2,16,complementary_strong_added,ridge_a1,0.22734712435078563,9.599004108906684e-05,-0.09379981110307067,1.4455175765714292,16
freesolv,97,3,16,complementary_strong_added,ridge_a1,2.242394675148084,0.6341017805053466,0.5399570135951988,1.4455175765714292,16
freesolv,97,1,32,complementary_strong_added,xgb_80_d5,0.6606851555432964,0.12008525508252443,0.02617928993878671,1.2758931542056806,32
freesolv,97,2,32,complementary_strong_added,ridge_a1,0.22734712435078563,9.599004108906684e-05,-0.09379981110307067,1.2758931542056806,32
freesolv,97,3,32,complementary_strong_added,ridge_a1,2.242394675148084,0.6341017805053466,0.5399570135951988,1.2758931542056806,32
freesolv,97,1,4,exact_duplicate,base_3,0.4428247873211273,0.0,0.0,2.1060473697686146,4
freesolv,97,2,4,exact_duplicate,base_2,0.22725113430969657,0.0,-0.07363806679619334,2.1060473697686146,4
freesolv,97,3,4,exact_duplicate,base_2,2.242394675148084,0.6341017805053466,0.6341017805053466,2.1060473697686146,4
freesolv,97,1,8,exact_duplicate,base_3,0.4428247873211273,0.0,0.0,2.1060473697686155,4
freesolv,97,2,8,exact_duplicate,base_2,0.22725113430969657,0.0,-0.07363806679619334,2.1060473697686155,4
freesolv,97,3,8,exact_duplicate,base_2,2.242394675148084,0.6341017805053466,0.6341017805053466,2.1060473697686155,4
freesolv,97,1,16,exact_duplicate,base_3,0.4428247873211273,0.0,0.0,2.1060473697686146,4
freesolv,97,2,16,exact_duplicate,base_2,0.22725113430969657,0.0,-0.07363806679619334,2.1060473697686146,4
freesolv,97,3,16,exact_duplicate,base_2,2.242394675148084,0.6341017805053466,0.6341017805053466,2.1060473697686146,4
freesolv,97,1,32,exact_duplicate,base_3,0.4428247873211273,0.0,0.0,2.106047369768616,4
freesolv,97,2,32,exact_duplicate,base_2,0.22725113430969657,0.0,-0.07363806679619334,2.106047369768616,4
freesolv,97,3,32,exact_duplicate,base_2,2.242394675148084,0.6341017805053466,0.6341017805053466,2.106047369768616,4
freesolv,97,1,4,near_duplicate_95pct_anchor,base_3,0.4428247873211273,0.0,0.0,2.1060473697686146,4
freesolv,97,2,4,near_duplicate_95pct_anchor,base_2,0.22725113430969657,0.0,-0.07363806679619334,2.1060473697686146,4
freesolv,97,3,4,near_duplicate_95pct_anchor,base_2,2.242394675148084,0.6341017805053466,0.6341017805053466,2.1060473697686146,4
freesolv,97,1,8,near_duplicate_95pct_anchor,base_3,0.4428247873211273,0.0,0.0,2.092710547791105,4
freesolv,97,2,8,near_duplicate_95pct_anchor,base_2,0.22725113430969657,0.0,-0.07363806679619334,2.092710547791105,4
freesolv,97,3,8,near_duplicate_95pct_anchor,base_2,2.242394675148084,0.6341017805053466,0.6341017805053466,2.092710547791105,4
freesolv,97,1,16,near_duplicate_95pct_anchor,base_3,0.4480310793535929,0.005206292032465587,0.0,2.0856596961727223,4
freesolv,97,2,16,near_duplicate_95pct_anchor,base_2,0.22725113430969657,0.0,-0.07363806679619334,2.0856596961727223,4
freesolv,97,3,16,near_duplicate_95pct_anchor,base_2,2.242394675148084,0.6341017805053466,0.6341017805053466,2.0856596961727223,4
freesolv,97,1,32,near_duplicate_95pct_anchor,base_3,0.4480310793535929,0.005206292032465587,0.0,2.083739493508384,4
freesolv,97,2,32,near_duplicate_95pct_anchor,base_2,0.22725113430969657,0.0,-0.07363806679619334,2.083739493508384,4
freesolv,97,3,32,near_duplicate_95pct_anchor,base_2,2.242394675148084,0.6341017805053466,0.6341017805053466,2.083739493508384,4
freesolv,113,1,4,registered,ridge_a10,0.3245496615308907,0.0848824323184556,0.0,2.105289654113389,4
freesolv,113,2,4,registered,ridge_a10,0.9605505085169046,0.10214039306925127,0.0,2.105289654113389,4
freesolv,113,3,4,registered,ridge_a1,2.439447450728051,0.6115351348508602,0.6115351348508602,2.105289654113389,4
freesolv,113,1,8,registered,ridge_a10,0.3245496615308907,0.0848824323184556,0.0,1.7119867067632992,8
freesolv,113,2,8,registered,ridge_a10,0.9605505085169046,0.10214039306925127,0.0,1.7119867067632992,8
freesolv,113,3,8,registered,ridge_a1,2.439447450728051,0.6115351348508602,0.6115351348508602,1.7119867067632992,8
freesolv,113,1,16,registered,ridge_a10,0.3245496615308907,0.0848824323184556,0.0,1.4165463038157597,16
freesolv,113,2,16,registered,ridge_a10,1.0960588117768553,0.23764869632920194,0.0,1.4165463038157597,16
freesolv,113,3,16,registered,ridge_a1,2.439447450728051,0.6115351348508602,0.6115351348508602,1.4165463038157597,16
freesolv,113,1,32,registered,ridge_a10,0.3245496615308907,0.0848824323184556,-0.0037609277518306783,1.269706441385098,32
freesolv,113,2,32,registered,xgb_60_d6,1.2112855504399387,0.12241927758287696,0.0,1.269706441385098,32
freesolv,113,3,32,registered,ridge_a1,2.439447450728051,0.6115351348508602,0.45898515302043386,1.269706441385098,32
freesolv,113,1,4,weak_added,ridge_a10,0.3245496615308907,0.0848824323184556,0.0,2.105289654113389,4
freesolv,113,2,4,weak_added,ridge_a10,0.9605505085169046,0.10214039306925127,0.0,2.105289654113389,4
freesolv,113,3,4,weak_added,ridge_a1,2.439447450728051,0.6115351348508602,0.6115351348508602,2.105289654113389,4
freesolv,113,1,8,weak_added,ridge_a10,0.3245496615308907,0.0848824323184556,0.0,1.8152531938648355,8
freesolv,113,2,8,weak_added,ridge_a10,0.9605505085169046,0.10214039306925127,0.0,1.8152531938648355,8
freesolv,113,3,8,weak_added,ridge_a1,2.439447450728051,0.6115351348508602,0.6115351348508602,1.8152531938648355,8
freesolv,113,1,16,weak_added,ridge_a10,0.3245496615308907,0.0848824323184556,0.0,1.4163031131108672,16
freesolv,113,2,16,weak_added,ridge_a10,0.9605505085169046,0.10214039306925127,0.0,1.4163031131108672,16
freesolv,113,3,16,weak_added,ridge_a1,2.439447450728051,0.6115351348508602,0.6115351348508602,1.4163031131108672,16
freesolv,113,1,32,weak_added,ridge_a10,0.3245496615308907,0.0848824323184556,-0.0037609277518306783,1.2697064413850987,32
freesolv,113,2,32,weak_added,xgb_60_d6,1.2112855504399387,0.12241927758287696,0.0,1.2697064413850987,32
freesolv,113,3,32,weak_added,ridge_a1,2.439447450728051,0.6115351348508602,0.45898515302043386,1.2697064413850987,32
freesolv,113,1,4,complementary_strong_added,ridge_a10,0.3245496615308907,0.0848824323184556,0.0,2.105289654113389,4
freesolv,113,2,4,complementary_strong_added,ridge_a10,0.9605505085169046,0.10214039306925127,0.0,2.105289654113389,4
freesolv,113,3,4,complementary_strong_added,ridge_a1,2.439447450728051,0.6115351348508602,0.6115351348508602,2.105289654113389,4
freesolv,113,1,8,complementary_strong_added,ridge_a10,0.3245496615308907,0.0848824323184556,-0.0037609277518306783,1.7071207621107096,8
freesolv,113,2,8,complementary_strong_added,xgb_60_d6,1.0888662728570617,0.0,0.0,1.7071207621107096,8
freesolv,113,3,8,complementary_strong_added,ridge_a1,2.439447450728051,0.6115351348508602,0.45898515302043386,1.7071207621107096,8
freesolv,113,1,16,complementary_strong_added,ridge_a10,0.3245496615308907,0.0848824323184556,-0.0037609277518306783,1.431185093749933,16
freesolv,113,2,16,complementary_strong_added,xgb_60_d6,1.2112855504399387,0.12241927758287696,0.0,1.431185093749933,16
freesolv,113,3,16,complementary_strong_added,ridge_a1,2.439447450728051,0.6115351348508602,0.45898515302043386,1.431185093749933,16
freesolv,113,1,32,complementary_strong_added,ridge_a10,0.3245496615308907,0.0848824323184556,-0.0037609277518306783,1.2697064413850985,32
freesolv,113,2,32,complementary_strong_added,xgb_60_d6,1.2112855504399387,0.12241927758287696,0.0,1.2697064413850985,32
freesolv,113,3,32,complementary_strong_added,ridge_a1,2.439447450728051,0.6115351348508602,0.45898515302043386,1.2697064413850985,32
freesolv,113,1,4,exact_duplicate,base_3,0.3245496615308907,0.0848824323184556,0.0,2.1052896541133896,4
freesolv,113,2,4,exact_duplicate,base_3,0.9605505085169046,0.10214039306925127,0.0,2.1052896541133896,4
freesolv,113,3,4,exact_duplicate,base_2,2.439447450728051,0.6115351348508602,0.6115351348508602,2.1052896541133896,4
freesolv,113,1,8,exact_duplicate,base_3,0.3245496615308907,0.0848824323184556,0.0,2.105289654113389,4
freesolv,113,2,8,exact_duplicate,base_3,0.9605505085169046,0.10214039306925127,0.0,2.105289654113389,4
freesolv,113,3,8,exact_duplicate,base_2,2.439447450728051,0.6115351348508602,0.6115351348508602,2.105289654113389,4
freesolv,113,1,16,exact_duplicate,base_3,0.3245496615308907,0.0848824323184556,0.0,2.10528965411339,4
freesolv,113,2,16,exact_duplicate,base_3,0.9605505085169046,0.10214039306925127,0.0,2.10528965411339,4
freesolv,113,3,16,exact_duplicate,base_2,2.439447450728051,0.6115351348508602,0.6115351348508602,2.10528965411339,4
freesolv,113,1,32,exact_duplicate,base_3,0.3245496615308907,0.0848824323184556,0.0,2.1052896541133905,4
freesolv,113,2,32,exact_duplicate,base_3,0.9605505085169046,0.10214039306925127,0.0,2.1052896541133905,4
freesolv,113,3,32,exact_duplicate,base_2,2.439447450728051,0.6115351348508602,0.6115351348508602,2.1052896541133905,4
freesolv,113,1,4,near_duplicate_95pct_anchor,base_3,0.3245496615308907,0.0848824323184556,0.0,2.1052896541133896,4
freesolv,113,2,4,near_duplicate_95pct_anchor,base_3,0.9605505085169046,0.10214039306925127,0.0,2.1052896541133896,4
freesolv,113,3,4,near_duplicate_95pct_anchor,base_2,2.439447450728051,0.6115351348508602,0.6115351348508602,2.1052896541133896,4
freesolv,113,1,8,near_duplicate_95pct_anchor,base_3,0.3245496615308907,0.0848824323184556,0.0,2.092338318407606,4
freesolv,113,2,8,near_duplicate_95pct_anchor,base_3,0.9605505085169046,0.10214039306925127,0.0,2.092338318407606,4
freesolv,113,3,8,near_duplicate_95pct_anchor,base_2,2.439447450728051,0.6115351348508602,0.6115351348508602,2.092338318407606,4
freesolv,113,1,16,near_duplicate_95pct_anchor,base_3,0.3245496615308907,0.0848824323184556,0.0,2.0857622218935497,4
freesolv,113,2,16,near_duplicate_95pct_anchor,base_3,0.9605505085169046,0.10214039306925127,0.0,2.0857622218935497,4
freesolv,113,3,16,near_duplicate_95pct_anchor,base_2,2.439447450728051,0.6115351348508602,0.6115351348508602,2.0857622218935497,4
freesolv,113,1,32,near_duplicate_95pct_anchor,base_3,0.3245496615308907,0.0848824323184556,0.0,2.083521697164752,4
freesolv,113,2,32,near_duplicate_95pct_anchor,base_3,0.9646625252179017,0.10625240977024841,0.0,2.083521697164752,4
freesolv,113,3,32,near_duplicate_95pct_anchor,base_2,2.439447450728051,0.6115351348508602,0.6115351348508602,2.083521697164752,4
freesolv,127,1,4,registered,ridge_a10,0.5588299375143873,0.27284553295520153,0.0,2.085670157995122,4
freesolv,127,2,4,registered,ridge_a1,2.2209053864481425,0.5523931417629315,0.5523931417629315,2.085670157995122,4
freesolv,127,3,4,registered,ridge_a10,1.274425742715683,0.0,0.0,2.085670157995122,4
freesolv,127,1,8,registered,ridge_a10,0.5588299375143873,0.27284553295520153,0.0,1.705860439805554,8
freesolv,127,2,8,registered,ridge_a1,2.2209053864481425,0.5523931417629315,0.5523931417629315,1.705860439805554,8
freesolv,127,3,8,registered,ridge_a10,1.274425742715683,0.0,0.0,1.705860439805554,8
freesolv,127,1,16,registered,ridge_a10,0.5667277950335112,0.2807433904743255,0.0,1.4075825940507587,16
freesolv,127,2,16,registered,et_60_sqrt,2.2209053864481425,0.11428734524775619,0.11428734524775619,1.4075825940507587,16
freesolv,127,3,16,registered,ridge_a10,1.274425742715683,0.0,0.0,1.4075825940507587,16
freesolv,127,1,32,registered,ridge_a10,0.5863103411328572,0.30032593657367146,0.30032593657367146,1.2592402013429165,32
freesolv,127,2,32,registered,lgbm_100_leaf10,2.2209053864481425,0.24420165005492578,0.0165746472057946,1.2592402013429165,32
freesolv,127,3,32,registered,ridge_a10,1.274425742715683,0.0,-0.19711945442278456,1.2592402013429165,32
freesolv,127,1,4,weak_added,ridge_a10,0.5588299375143873,0.27284553295520153,0.0,2.085670157995122,4
freesolv,127,2,4,weak_added,ridge_a1,2.2209053864481425,0.5523931417629315,0.5523931417629315,2.085670157995122,4
freesolv,127,3,4,weak_added,ridge_a10,1.274425742715683,0.0,0.0,2.085670157995122,4
freesolv,127,1,8,weak_added,ridge_a10,0.5588299375143873,0.27284553295520153,0.0,1.8040452519083692,8
freesolv,127,2,8,weak_added,ridge_a1,2.2209053864481425,0.5523931417629315,0.5523931417629315,1.8040452519083692,8
freesolv,127,3,8,weak_added,ridge_a10,1.274425742715683,0.0,0.0,1.8040452519083692,8
freesolv,127,1,16,weak_added,ridge_a10,0.5588299375143873,0.27284553295520153,0.0,1.418519481332775,16
freesolv,127,2,16,weak_added,ridge_a1,2.2209053864481425,0.5523931417629315,0.5523931417629315,1.418519481332775,16
freesolv,127,3,16,weak_added,ridge_a10,1.274425742715683,0.0,0.0,1.418519481332775,16
freesolv,127,1,32,weak_added,ridge_a10,0.5863103411328572,0.30032593657367146,0.30032593657367146,1.2592402013429174,32
freesolv,127,2,32,weak_added,lgbm_100_leaf10,2.2209053864481425,0.24420165005492578,0.0165746472057946,1.2592402013429174,32
freesolv,127,3,32,weak_added,ridge_a10,1.274425742715683,0.0,-0.19711945442278456,1.2592402013429174,32
freesolv,127,1,4,complementary_strong_added,ridge_a10,0.5588299375143873,0.27284553295520153,0.0,2.085670157995122,4
freesolv,127,2,4,complementary_strong_added,ridge_a1,2.2209053864481425,0.5523931417629315,0.5523931417629315,2.085670157995122,4
freesolv,127,3,4,complementary_strong_added,ridge_a10,1.274425742715683,0.0,0.0,2.085670157995122,4
freesolv,127,1,8,complementary_strong_added,ridge_a10,0.5863103411328572,0.30032593657367146,0.30032593657367146,1.715612964611159,8
freesolv,127,2,8,complementary_strong_added,lgbm_100_leaf10,2.2209053864481425,0.24420165005492578,0.0165746472057946,1.715612964611159,8
freesolv,127,3,8,complementary_strong_added,ridge_a10,1.274425742715683,0.0,-0.19711945442278456,1.715612964611159,8
freesolv,127,1,16,complementary_strong_added,ridge_a10,0.5863103411328572,0.30032593657367146,0.30032593657367146,1.4215075836597426,16
freesolv,127,2,16,complementary_strong_added,lgbm_100_leaf10,2.2209053864481425,0.24420165005492578,0.0165746472057946,1.4215075836597426,16
freesolv,127,3,16,complementary_strong_added,ridge_a10,1.274425742715683,0.0,-0.19711945442278456,1.4215075836597426,16
freesolv,127,1,32,complementary_strong_added,ridge_a10,0.5863103411328572,0.30032593657367146,0.30032593657367146,1.2592402013429165,32
freesolv,127,2,32,complementary_strong_added,lgbm_100_leaf10,2.2209053864481425,0.24420165005492578,0.0165746472057946,1.2592402013429165,32
freesolv,127,3,32,complementary_strong_added,ridge_a10,1.274425742715683,0.0,-0.19711945442278456,1.2592402013429165,32
freesolv,127,1,4,exact_duplicate,base_3,0.5588299375143873,0.27284553295520153,0.0,2.0856701579951227,4
freesolv,127,2,4,exact_duplicate,base_2,2.2209053864481425,0.5523931417629315,0.5523931417629315,2.0856701579951227,4
freesolv,127,3,4,exact_duplicate,base_3,1.274425742715683,0.0,0.0,2.0856701579951227,4
freesolv,127,1,8,exact_duplicate,base_3,0.5588299375143873,0.27284553295520153,0.0,2.0856701579951222,4
freesolv,127,2,8,exact_duplicate,base_2,2.2209053864481425,0.5523931417629315,0.5523931417629315,2.0856701579951222,4
freesolv,127,3,8,exact_duplicate,base_3,1.274425742715683,0.0,0.0,2.0856701579951222,4
freesolv,127,1,16,exact_duplicate,base_3,0.5588299375143873,0.27284553295520153,0.0,2.0856701579951227,4
freesolv,127,2,16,exact_duplicate,base_2,2.2209053864481425,0.5523931417629315,0.5523931417629315,2.0856701579951227,4
freesolv,127,3,16,exact_duplicate,base_3,1.274425742715683,0.0,0.0,2.0856701579951227,4
freesolv,127,1,32,exact_duplicate,base_3,0.5588299375143873,0.27284553295520153,0.0,2.0856701579951236,4
freesolv,127,2,32,exact_duplicate,base_2,2.2209053864481425,0.5523931417629315,0.5523931417629315,2.0856701579951236,4
freesolv,127,3,32,exact_duplicate,base_3,1.274425742715683,0.0,0.0,2.0856701579951236,4
freesolv,127,1,4,near_duplicate_95pct_anchor,base_3,0.5588299375143873,0.27284553295520153,0.0,2.0856701579951227,4
freesolv,127,2,4,near_duplicate_95pct_anchor,base_2,2.2209053864481425,0.5523931417629315,0.5523931417629315,2.0856701579951227,4
freesolv,127,3,4,near_duplicate_95pct_anchor,base_3,1.274425742715683,0.0,0.0,2.0856701579951227,4
freesolv,127,1,8,near_duplicate_95pct_anchor,base_3,0.5588299375143873,0.27284553295520153,0.0,2.0692613928954287,4
freesolv,127,2,8,near_duplicate_95pct_anchor,base_2,2.2209053864481425,0.5523931417629315,0.5523931417629315,2.0692613928954287,4
freesolv,127,3,8,near_duplicate_95pct_anchor,base_3,1.274425742715683,0.0,0.0,2.0692613928954287,4
freesolv,127,1,16,near_duplicate_95pct_anchor,base_3,0.5588299375143873,0.27284553295520153,0.0,2.06110530470185,4
freesolv,127,2,16,near_duplicate_95pct_anchor,base_2,2.2209053864481425,0.5523931417629315,0.5523931417629315,2.06110530470185,4
freesolv,127,3,16,near_duplicate_95pct_anchor,base_3,1.274425742715683,0.0,0.0,2.06110530470185,4
freesolv,127,1,32,near_duplicate_95pct_anchor,base_3,0.5588299375143873,0.27284553295520153,0.0,2.058279973928972,4
freesolv,127,2,32,near_duplicate_95pct_anchor,base_2,2.2209053864481425,0.5523931417629315,0.5523931417629315,2.058279973928972,4
freesolv,127,3,32,near_duplicate_95pct_anchor,base_3,1.274425742715683,0.0,0.0,2.058279973928972,4
freesolv,149,1,4,registered,ridge_a10,0.671847273143642,0.23468864444573434,0.0,2.0921305104110157,4
freesolv,149,2,4,registered,ridge_a1,0.9311813116232384,0.14873877111726896,0.14873877111726896,2.0921305104110157,4
freesolv,149,3,4,registered,ridge_a10,1.8189803856470368,0.0,0.0,2.0921305104110157,4
freesolv,149,1,8,registered,ridge_a10,0.671847273143642,0.23468864444573434,0.0,1.6958325727298214,8
freesolv,149,2,8,registered,ridge_a1,0.97076228312672,0.18831974262075057,0.14873877111726896,1.6958325727298214,8
freesolv,149,3,8,registered,ridge_a10,1.8189803856470368,0.0,0.0,1.6958325727298214,8
freesolv,149,1,16,registered,ridge_a10,0.671847273143642,0.23468864444573434,0.0,1.4052531493867066,16
freesolv,149,2,16,registered,ridge_a1,1.0204372198152036,0.23799467930923424,0.14873877111726896,1.4052531493867066,16
freesolv,149,3,16,registered,et_60_sqrt,1.8189803856470368,0.10024481659084472,0.10024481659084472,1.4052531493867066,16
freesolv,149,1,32,registered,ridge_a10,0.7041691645982135,0.2670105359003059,0.2670105359003059,1.2603842003101526,32
freesolv,149,2,32,registered,ridge_a1,1.0204372198152036,0.23799467930923424,0.09151576617261759,1.2603842003101526,32
freesolv,149,3,32,registered,xgb_60_d6,1.8189803856470368,0.07313427056510591,0.0,1.2603842003101526,32
freesolv,149,1,4,weak_added,ridge_a10,0.671847273143642,0.23468864444573434,0.0,2.0921305104110157,4
freesolv,149,2,4,weak_added,ridge_a1,0.9311813116232384,0.14873877111726896,0.14873877111726896,2.0921305104110157,4
freesolv,149,3,4,weak_added,ridge_a10,1.8189803856470368,0.0,0.0,2.0921305104110157,4
freesolv,149,1,8,weak_added,ridge_a10,0.671847273143642,0.23468864444573434,0.0,1.8003044930327952,8
freesolv,149,2,8,weak_added,ridge_a1,0.9311813116232384,0.14873877111726896,0.14873877111726896,1.8003044930327952,8
freesolv,149,3,8,weak_added,ridge_a10,1.8189803856470368,0.0,0.0,1.8003044930327952,8
freesolv,149,1,16,weak_added,ridge_a10,0.671847273143642,0.23468864444573434,0.0,1.4148898301744965,16
freesolv,149,2,16,weak_added,ridge_a1,0.9311813116232384,0.14873877111726896,0.14873877111726896,1.4148898301744965,16
freesolv,149,3,16,weak_added,ridge_a10,1.8189803856470368,0.0,0.0,1.4148898301744965,16
freesolv,149,1,32,weak_added,ridge_a10,0.7041691645982135,0.2670105359003059,0.2670105359003059,1.2603842003101524,32
freesolv,149,2,32,weak_added,ridge_a1,1.0204372198152036,0.23799467930923424,0.09151576617261759,1.2603842003101524,32
freesolv,149,3,32,weak_added,xgb_60_d6,1.8189803856470368,0.07313427056510591,0.0,1.2603842003101524,32
freesolv,149,1,4,complementary_strong_added,ridge_a10,0.671847273143642,0.23468864444573434,0.0,2.0921305104110157,4
freesolv,149,2,4,complementary_strong_added,ridge_a1,0.9311813116232384,0.14873877111726896,0.14873877111726896,2.0921305104110157,4
freesolv,149,3,4,complementary_strong_added,ridge_a10,1.8189803856470368,0.0,0.0,2.0921305104110157,4
freesolv,149,1,8,complementary_strong_added,ridge_a10,0.7041691645982135,0.2670105359003059,0.2670105359003059,1.7224935058993533,8
freesolv,149,2,8,complementary_strong_added,ridge_a1,1.014863371816682,0.23242083131071256,0.09151576617261759,1.7224935058993533,8
freesolv,149,3,8,complementary_strong_added,xgb_60_d6,1.8189803856470368,0.07313427056510591,0.0,1.7224935058993533,8
freesolv,149,1,16,complementary_strong_added,ridge_a10,0.7041691645982135,0.2670105359003059,0.2670105359003059,1.4292056958625017,16
freesolv,149,2,16,complementary_strong_added,ridge_a1,1.0204372198152036,0.23799467930923424,0.09151576617261759,1.4292056958625017,16
freesolv,149,3,16,complementary_strong_added,xgb_60_d6,1.8189803856470368,0.07313427056510591,0.0,1.4292056958625017,16
freesolv,149,1,32,complementary_strong_added,ridge_a10,0.7041691645982135,0.2670105359003059,0.2670105359003059,1.2603842003101526,32
freesolv,149,2,32,complementary_strong_added,ridge_a1,1.0204372198152036,0.23799467930923424,0.09151576617261759,1.2603842003101526,32
freesolv,149,3,32,complementary_strong_added,xgb_60_d6,1.8189803856470368,0.07313427056510591,0.0,1.2603842003101526,32
freesolv,149,1,4,exact_duplicate,base_3,0.671847273143642,0.23468864444573434,0.0,2.0921305104110157,4
freesolv,149,2,4,exact_duplicate,base_2,0.9311813116232384,0.14873877111726896,0.14873877111726896,2.0921305104110157,4
freesolv,149,3,4,exact_duplicate,base_3,1.8189803856470368,0.0,0.0,2.0921305104110157,4
freesolv,149,1,8,exact_duplicate,base_3,0.671847273143642,0.23468864444573434,0.0,2.0921305104110157,4
freesolv,149,2,8,exact_duplicate,base_2,0.9311813116232384,0.14873877111726896,0.14873877111726896,2.0921305104110157,4
freesolv,149,3,8,exact_duplicate,base_3,1.8189803856470368,0.0,0.0,2.0921305104110157,4
freesolv,149,1,16,exact_duplicate,base_3,0.671847273143642,0.23468864444573434,0.0,2.092130510411016,4
freesolv,149,2,16,exact_duplicate,base_2,0.9311813116232384,0.14873877111726896,0.14873877111726896,2.092130510411016,4
freesolv,149,3,16,exact_duplicate,base_3,1.8189803856470368,0.0,0.0,2.092130510411016,4
freesolv,149,1,32,exact_duplicate,base_3,0.671847273143642,0.23468864444573434,0.0,2.0921305104110166,4
freesolv,149,2,32,exact_duplicate,base_2,0.9311813116232384,0.14873877111726896,0.14873877111726896,2.0921305104110166,4
freesolv,149,3,32,exact_duplicate,base_3,1.8189803856470368,0.0,0.0,2.0921305104110166,4
freesolv,149,1,4,near_duplicate_95pct_anchor,base_3,0.671847273143642,0.23468864444573434,0.0,2.0921305104110157,4
freesolv,149,2,4,near_duplicate_95pct_anchor,base_2,0.9311813116232384,0.14873877111726896,0.14873877111726896,2.0921305104110157,4
freesolv,149,3,4,near_duplicate_95pct_anchor,base_3,1.8189803856470368,0.0,0.0,2.0921305104110157,4
freesolv,149,1,8,near_duplicate_95pct_anchor,base_3,0.671847273143642,0.23468864444573434,0.0,2.0784108648587445,4
freesolv,149,2,8,near_duplicate_95pct_anchor,base_2,0.9311813116232384,0.14873877111726896,0.14873877111726896,2.0784108648587445,4
freesolv,149,3,8,near_duplicate_95pct_anchor,base_3,1.8189803856470368,0.0,0.0,2.0784108648587445,4
freesolv,149,1,16,near_duplicate_95pct_anchor,base_3,0.671847273143642,0.23468864444573434,0.0,2.0716651967672517,4
freesolv,149,2,16,near_duplicate_95pct_anchor,base_2,0.9311813116232384,0.14873877111726896,0.14873877111726896,2.0716651967672517,4
freesolv,149,3,16,near_duplicate_95pct_anchor,base_3,1.8189803856470368,0.0,0.0,2.0716651967672517,4
freesolv,149,1,32,near_duplicate_95pct_anchor,base_3,0.671847273143642,0.23468864444573434,0.0,2.0691906503108415,4
freesolv,149,2,32,near_duplicate_95pct_anchor,base_2,0.9311813116232384,0.14873877111726896,0.14873877111726896,2.0691906503108415,4
freesolv,149,3,32,near_duplicate_95pct_anchor,base_3,1.8189803856470368,0.0,0.0,2.0691906503108415,4
lipo,11,1,4,registered,ridge_a10,0.04088688511461647,0.0,0.0,1.0064872806553522,4
lipo,11,2,4,registered,ridge_a10,0.03536638728033448,0.0,0.0,1.0064872806553522,4
lipo,11,3,4,registered,ridge_a10,0.034745946087648694,0.0,0.0,1.0064872806553522,4
lipo,11,1,8,registered,rf_60_sqrt,0.12616793761827882,0.009551644265696768,0.0,1.3099657515867,8
lipo,11,2,8,registered,rf_90_leaf2,0.06743013433014755,0.009136715570751353,0.009136715570751353,1.3099657515867,8
lipo,11,3,8,registered,rf_60_sqrt,0.06713973951161956,0.0,0.0,1.3099657515867,8
lipo,11,1,16,registered,histgb_lr0.1,0.14769962518971924,0.004718857875060989,0.0,1.2698836565042748,16
lipo,11,2,16,registered,histgb_lr0.1,0.10703563834888086,0.0,0.0,1.2698836565042748,16
lipo,11,3,16,registered,histgb_lr0.1,0.1019737424638607,0.0,0.0,1.2698836565042748,16
lipo,11,1,32,registered,lgbm_100_leaf30,0.16740752962837402,0.021807061085425183,0.021807061085425183,1.202677858996674,32
lipo,11,2,32,registered,lgbm_80_ff0.7,0.12945218509427914,0.005151801529051481,0.005151801529051481,1.202677858996674,32
lipo,11,3,32,registered,lgbm_80_bag0.8,0.13538224336955296,0.00390458959033424,0.00390458959033424,1.202677858996674,32
lipo,11,1,4,weak_added,ridge_a10,0.04088688511461647,0.0,0.0,1.0064872806553522,4
lipo,11,2,4,weak_added,ridge_a10,0.03536638728033448,0.0,0.0,1.0064872806553522,4
lipo,11,3,4,weak_added,ridge_a10,0.034745946087648694,0.0,0.0,1.0064872806553522,4
lipo,11,1,8,weak_added,xgb_60_d3,0.05668468574987218,0.0,-0.01579780063525571,1.3660772400064478,8
lipo,11,2,8,weak_added,xgb_60_d3,0.03536638728033448,0.021638917857905282,0.021638917857905282,1.3660772400064478,8
lipo,11,3,8,weak_added,xgb_60_d3,0.034745946087648694,0.03776183221566387,0.03776183221566387,1.3660772400064478,8
lipo,11,1,16,weak_added,gb_lr0.1_d3,0.104679473146012,0.028816396249653597,0.028816396249653597,1.2734656640083861,16
lipo,11,2,16,weak_added,lgbm_60_l15,0.04008516125169237,0.0007406587301077572,-1.411500305681379e-05,1.2734656640083861,16
lipo,11,3,16,weak_added,lgbm_60_l15,0.04267478635102151,0.004938264395666581,0.004938264395666581,1.2734656640083861,16
lipo,11,1,32,weak_added,lgbm_100_leaf30,0.16740752962837402,0.021807061085425183,0.021807061085425183,1.2026778589966731,32
lipo,11,2,32,weak_added,lgbm_80_ff0.7,0.12945218509427914,0.005151801529051481,0.005151801529051481,1.2026778589966731,32
lipo,11,3,32,weak_added,lgbm_80_bag0.8,0.13538224336955296,0.00390458959033424,0.00390458959033424,1.2026778589966731,32
lipo,11,1,4,complementary_strong_added,ridge_a10,0.04088688511461647,0.0,0.0,1.0064872806553522,4
lipo,11,2,4,complementary_strong_added,ridge_a10,0.03536638728033448,0.0,0.0,1.0064872806553522,4
lipo,11,3,4,complementary_strong_added,ridge_a10,0.034745946087648694,0.0,0.0,1.0064872806553522,4
lipo,11,1,8,complementary_strong_added,xgb_60_d6,0.14254058078257237,0.012500582832647322,0.012500582832647322,1.3567524158119086,8
lipo,11,2,8,complementary_strong_added,xgb_60_d6,0.0712533383303966,0.00011391182116060605,0.00011391182116060605,1.3567524158119086,8
lipo,11,3,8,complementary_strong_added,et_60_sqrt,0.08643630731145735,0.0,0.0,1.3567524158119086,8
lipo,11,1,16,complementary_strong_added,lgbm_100_leaf10,0.16740752962837402,0.015189556440007412,0.015189556440007412,1.279374281171372,16
lipo,11,2,16,complementary_strong_added,lgbm_80_ff0.7,0.12945218509427914,0.005151801529051481,0.005151801529051481,1.279374281171372,16
lipo,11,3,16,complementary_strong_added,lgbm_80_ff0.7,0.13538224336955296,0.014540302770050584,0.014540302770050584,1.279374281171372,16
lipo,11,1,32,complementary_strong_added,lgbm_100_leaf30,0.16740752962837402,0.021807061085425183,0.021807061085425183,1.2026778589966738,32
lipo,11,2,32,complementary_strong_added,lgbm_80_ff0.7,0.12945218509427914,0.005151801529051481,0.005151801529051481,1.2026778589966738,32
lipo,11,3,32,complementary_strong_added,lgbm_80_bag0.8,0.13538224336955296,0.00390458959033424,0.00390458959033424,1.2026778589966738,32
lipo,11,1,4,exact_duplicate,base_3,0.04088688511461647,0.0,0.0,1.0064872806553522,4
lipo,11,2,4,exact_duplicate,base_3,0.03536638728033448,0.0,0.0,1.0064872806553522,4
lipo,11,3,4,exact_duplicate,base_3,0.034745946087648694,0.0,0.0,1.0064872806553522,4
lipo,11,1,8,exact_duplicate,base_3,0.04088688511461647,0.0,0.0,1.006487280655352,4
lipo,11,2,8,exact_duplicate,base_3,0.03536638728033448,0.0,0.0,1.006487280655352,4
lipo,11,3,8,exact_duplicate,base_3,0.034745946087648694,0.0,0.0,1.006487280655352,4
lipo,11,1,16,exact_duplicate,base_3,0.04088688511461647,0.0,0.0,1.0064872806553518,4
lipo,11,2,16,exact_duplicate,base_3,0.03536638728033448,0.0,0.0,1.0064872806553518,4
lipo,11,3,16,exact_duplicate,base_3,0.034745946087648694,0.0,0.0,1.0064872806553518,4
lipo,11,1,32,exact_duplicate,base_3,0.04088688511461647,0.0,0.0,1.0064872806553526,4
lipo,11,2,32,exact_duplicate,base_3,0.03536638728033448,0.0,0.0,1.0064872806553526,4
lipo,11,3,32,exact_duplicate,base_3,0.034745946087648694,0.0,0.0,1.0064872806553526,4
lipo,11,1,4,near_duplicate_95pct_anchor,base_3,0.04088688511461647,0.0,0.0,1.0064872806553522,4
lipo,11,2,4,near_duplicate_95pct_anchor,base_3,0.03536638728033448,0.0,0.0,1.0064872806553522,4
lipo,11,3,4,near_duplicate_95pct_anchor,base_3,0.034745946087648694,0.0,0.0,1.0064872806553522,4
lipo,11,1,8,near_duplicate_95pct_anchor,near_duplicate_95pct_anchor_3,0.04515093773979961,0.0,0.0,1.007123537325977,4
lipo,11,2,8,near_duplicate_95pct_anchor,near_duplicate_95pct_anchor_3,0.03651273885428763,0.0,0.0,1.007123537325977,4
lipo,11,3,8,near_duplicate_95pct_anchor,near_duplicate_95pct_anchor_3,0.03585417457193163,0.0,0.0,1.007123537325977,4
lipo,11,1,16,near_duplicate_95pct_anchor,near_duplicate_95pct_anchor_7,0.04622752211837167,0.0,0.0,1.0068631605414762,4
lipo,11,2,16,near_duplicate_95pct_anchor,near_duplicate_95pct_anchor_7,0.03765130988351695,0.0,0.0,1.0068631605414762,4
lipo,11,3,16,near_duplicate_95pct_anchor,near_duplicate_95pct_anchor_7,0.03715282772210715,0.0,0.0,1.0068631605414762,4
lipo,11,1,32,near_duplicate_95pct_anchor,near_duplicate_95pct_anchor_19,0.04721291734030442,0.0007190634078950708,0.0007190634078950708,1.006572375365589,4
lipo,11,2,32,near_duplicate_95pct_anchor,near_duplicate_95pct_anchor_19,0.04007067717103174,7.68542686304663e-05,7.68542686304663e-05,1.006572375365589,4
lipo,11,3,32,near_duplicate_95pct_anchor,near_duplicate_95pct_anchor_19,0.03977776095174401,0.00019522947951688963,0.00019522947951688963,1.006572375365589,4
lipo,23,1,4,registered,ridge_a10,0.041282123806335,0.0,0.0,1.006562493874462,4
lipo,23,2,4,registered,ridge_a10,0.03717341079470193,0.0,0.0,1.006562493874462,4
lipo,23,3,4,registered,ridge_a10,0.03549386022008538,0.0,0.0,1.006562493874462,4
lipo,23,1,8,registered,rf_90_leaf2,0.09235967156363212,0.01360009666683537,0.01360009666683537,1.2865462185228471,8
lipo,23,2,8,registered,rf_60_sqrt,0.08497339557279981,0.0,0.0,1.2865462185228471,8
lipo,23,3,8,registered,rf_90_leaf2,0.0651909521494598,0.0031129584007392186,0.0031129584007392186,1.2865462185228471,8
lipo,23,1,16,registered,histgb_lr0.1,0.12440229793282054,0.0,0.0,1.2476261158122615,16
lipo,23,2,16,registered,histgb_lr0.1,0.12301857258614701,0.0,0.0,1.2476261158122615,16
lipo,23,3,16,registered,histgb_lr0.1,0.1000883675540134,0.0,0.0,1.2476261158122615,16
lipo,23,1,32,registered,lgbm_80_bag0.8,0.15721477578257692,0.017311324400237638,0.017311324400237638,1.1793915495808251,32
lipo,23,2,32,registered,lgbm_60_l63,0.14574578775537794,0.0,0.0,1.1793915495808251,32
lipo,23,3,32,registered,lgbm_80_bag0.8,0.1285924223285858,0.0037584022562717756,0.0037584022562717756,1.1793915495808251,32
lipo,23,1,4,weak_added,ridge_a10,0.041282123806335,0.0,0.0,1.006562493874462,4
lipo,23,2,4,weak_added,ridge_a10,0.03717341079470193,0.0,0.0,1.006562493874462,4
lipo,23,3,4,weak_added,ridge_a10,0.03549386022008538,0.0,0.0,1.006562493874462,4
lipo,23,1,8,weak_added,ridge_a10,0.041282123806335,0.0,0.0,1.3258270184075251,8
lipo,23,2,8,weak_added,ridge_a10,0.03717341079470193,0.0,0.0,1.3258270184075251,8
lipo,23,3,8,weak_added,xgb_60_d3,0.03549386022008538,0.03261364905928521,0.03261364905928521,1.3258270184075251,8
lipo,23,1,16,weak_added,rf_120_d20_leaf2,0.0717539679106225,0.0,0.0,1.2443239800932553,16
lipo,23,2,16,weak_added,lgbm_60_l15,0.06894048773967842,0.005324733124068004,0.005324733124068004,1.2443239800932553,16
lipo,23,3,16,weak_added,lgbm_60_l15,0.03549386022008538,0.002484966060324334,-0.005229971577312309,1.2443239800932553,16
lipo,23,1,32,weak_added,lgbm_80_bag0.8,0.15721477578257692,0.017311324400237638,0.017311324400237638,1.1793915495808251,32
lipo,23,2,32,weak_added,lgbm_60_l63,0.14574578775537794,0.0,0.0,1.1793915495808251,32
lipo,23,3,32,weak_added,lgbm_80_bag0.8,0.1285924223285858,0.0037584022562717756,0.0037584022562717756,1.1793915495808251,32
lipo,23,1,4,complementary_strong_added,ridge_a10,0.041282123806335,0.0,0.0,1.006562493874462,4
lipo,23,2,4,complementary_strong_added,ridge_a10,0.03717341079470193,0.0,0.0,1.006562493874462,4
lipo,23,3,4,complementary_strong_added,ridge_a10,0.03549386022008538,0.0,0.0,1.006562493874462,4
lipo,23,1,8,complementary_strong_added,et_60_sqrt,0.1138951971538823,0.0,0.0,1.33198757705728,8
lipo,23,2,8,complementary_strong_added,xgb_60_d6,0.10029839210636604,0.0016232185575320024,0.0016232185575320024,1.33198757705728,8
lipo,23,3,8,complementary_strong_added,et_60_sqrt,0.08168244359236188,0.0,0.0,1.33198757705728,8
lipo,23,1,16,complementary_strong_added,lgbm_80_ff0.7,0.15721477578257692,0.019043650510856436,0.019043650510856436,1.2621516392801992,16
lipo,23,2,16,complementary_strong_added,lgbm_60_l63,0.14574578775537794,0.0,0.0,1.2621516392801992,16
lipo,23,3,16,complementary_strong_added,lgbm_80_ff0.7,0.1285924223285858,0.014236121525321943,0.014236121525321943,1.2621516392801992,16
lipo,23,1,32,complementary_strong_added,lgbm_80_bag0.8,0.15721477578257692,0.017311324400237638,0.017311324400237638,1.1793915495808254,32
lipo,23,2,32,complementary_strong_added,lgbm_60_l63,0.14574578775537794,0.0,0.0,1.1793915495808254,32
lipo,23,3,32,complementary_strong_added,lgbm_80_bag0.8,0.1285924223285858,0.0037584022562717756,0.0037584022562717756,1.1793915495808254,32
lipo,23,1,4,exact_duplicate,base_3,0.041282123806335,0.0,0.0,1.006562493874462,4
lipo,23,2,4,exact_duplicate,base_3,0.03717341079470193,0.0,0.0,1.006562493874462,4
lipo,23,3,4,exact_duplicate,base_3,0.03549386022008538,0.0,0.0,1.006562493874462,4
lipo,23,1,8,exact_duplicate,base_3,0.041282123806335,0.0,0.0,1.006562493874462,4
lipo,23,2,8,exact_duplicate,base_3,0.03717341079470193,0.0,0.0,1.006562493874462,4
lipo,23,3,8,exact_duplicate,base_3,0.03549386022008538,0.0,0.0,1.006562493874462,4
lipo,23,1,16,exact_duplicate,base_3,0.041282123806335,0.0,0.0,1.006562493874462,4
lipo,23,2,16,exact_duplicate,base_3,0.03717341079470193,0.0,0.0,1.006562493874462,4
lipo,23,3,16,exact_duplicate,base_3,0.03549386022008538,0.0,0.0,1.006562493874462,4
lipo,23,1,32,exact_duplicate,base_3,0.041282123806335,0.0,0.0,1.0065624938744624,4
lipo,23,2,32,exact_duplicate,base_3,0.03717341079470193,0.0,0.0,1.0065624938744624,4
lipo,23,3,32,exact_duplicate,base_3,0.03549386022008538,0.0,0.0,1.0065624938744624,4
lipo,23,1,4,near_duplicate_95pct_anchor,base_3,0.041282123806335,0.0,0.0,1.006562493874462,4
lipo,23,2,4,near_duplicate_95pct_anchor,base_3,0.03717341079470193,0.0,0.0,1.006562493874462,4
lipo,23,3,4,near_duplicate_95pct_anchor,base_3,0.03549386022008538,0.0,0.0,1.006562493874462,4
lipo,23,1,8,near_duplicate_95pct_anchor,near_duplicate_95pct_anchor_3,0.043155996360858095,0.0,0.0,1.0072853393039023,4
lipo,23,2,8,near_duplicate_95pct_anchor,near_duplicate_95pct_anchor_3,0.0394646803207237,0.0,0.0,1.0072853393039023,4
lipo,23,3,8,near_duplicate_95pct_anchor,near_duplicate_95pct_anchor_3,0.03682306689651704,0.0,0.0,1.0072853393039023,4
lipo,23,1,16,near_duplicate_95pct_anchor,near_duplicate_95pct_anchor_7,0.04468264008734191,0.0,0.0,1.0069746239805155,4
lipo,23,2,16,near_duplicate_95pct_anchor,near_duplicate_95pct_anchor_7,0.040354631626896564,0.0,0.0,1.0069746239805155,4
lipo,23,3,16,near_duplicate_95pct_anchor,near_duplicate_95pct_anchor_7,0.03761887187899249,0.0,0.0,1.0069746239805155,4
lipo,23,1,32,near_duplicate_95pct_anchor,near_duplicate_95pct_anchor_19,0.04707875640514714,0.0008655662200118819,0.0008655662200118819,1.0066056114396476,4
lipo,23,2,32,near_duplicate_95pct_anchor,near_duplicate_95pct_anchor_15,0.04260202964273585,0.0,0.0,1.0066056114396476,4
lipo,23,3,32,near_duplicate_95pct_anchor,near_duplicate_95pct_anchor_19,0.0401487883255105,0.0001879201128136554,0.0001879201128136554,1.0066056114396476,4
lipo,37,1,4,registered,ridge_a10,0.03644113300106766,0.0,0.0,1.0055815034636153,4
lipo,37,2,4,registered,ridge_a10,0.04519492172228423,0.0,0.0,1.0055815034636153,4
lipo,37,3,4,registered,ridge_a10,0.03516670661902843,0.0,0.0,1.0055815034636153,4
lipo,37,1,8,registered,rf_60_sqrt,0.044314627013291474,0.0,0.0,1.2492200761125354,8
lipo,37,2,8,registered,rf_90_leaf2,0.1420092417541079,0.008535871157974828,0.008535871157974828,1.2492200761125354,8
lipo,37,3,8,registered,rf_60_sqrt,0.06938455704516588,0.0,0.0,1.2492200761125354,8
lipo,37,1,16,registered,histgb_lr0.1,0.08923896509478768,0.0,0.0,1.2162648617659118,16
lipo,37,2,16,registered,histgb_lr0.1,0.16792949096137555,0.007069758418596028,0.0,1.2162648617659118,16
lipo,37,3,16,registered,histgb_lr0.1,0.08102408587384624,0.0,0.0,1.2162648617659118,16
lipo,37,1,32,registered,lgbm_60_l63,0.12620025466198848,0.0,0.0,1.163481364352148,32
lipo,37,2,32,registered,lgbm_80_bag0.8,0.18815644635432116,0.010547081528456403,0.010547081528456403,1.163481364352148,32
lipo,37,3,32,registered,lgbm_80_ff0.7,0.10698298876696088,0.011452773622926182,0.011452773622926182,1.163481364352148,32
lipo,37,1,4,weak_added,ridge_a10,0.03644113300106766,0.0,0.0,1.0055815034636153,4
lipo,37,2,4,weak_added,ridge_a10,0.04519492172228423,0.0,0.0,1.0055815034636153,4
lipo,37,3,4,weak_added,ridge_a10,0.03516670661902843,0.0,0.0,1.0055815034636153,4
lipo,37,1,8,weak_added,xgb_60_d3,0.03644113300106766,0.03209828661174341,0.03209828661174341,1.3164683679128595,8
lipo,37,2,8,weak_added,ridge_a10,0.06930324937502674,0.02410832765274251,0.0,1.3164683679128595,8
lipo,37,3,8,weak_added,ridge_a10,0.03516670661902843,0.0,0.0,1.3164683679128595,8
lipo,37,1,16,weak_added,lgbm_60_l15,0.03644113300106766,0.0009326455027507397,-0.008083068338438526,1.2296455516179001,16
lipo,37,2,16,weak_added,lgbm_60_l15,0.12139367454188876,0.013564743167606808,0.013564743167606808,1.2296455516179001,16
lipo,37,3,16,weak_added,lgbm_60_l15,0.04556756180290322,0.018177809009720658,0.018177809009720658,1.2296455516179001,16
lipo,37,1,32,weak_added,lgbm_60_l63,0.12620025466198848,0.0,0.0,1.163481364352148,32
lipo,37,2,32,weak_added,lgbm_80_bag0.8,0.18815644635432116,0.010547081528456403,0.010547081528456403,1.163481364352148,32
lipo,37,3,32,weak_added,lgbm_80_ff0.7,0.10698298876696088,0.011452773622926182,0.011452773622926182,1.163481364352148,32
lipo,37,1,4,complementary_strong_added,ridge_a10,0.03644113300106766,0.0,0.0,1.0055815034636153,4
lipo,37,2,4,complementary_strong_added,ridge_a10,0.04519492172228423,0.0,0.0,1.0055815034636153,4
lipo,37,3,4,complementary_strong_added,ridge_a10,0.03516670661902843,0.0,0.0,1.0055815034636153,4
lipo,37,1,8,complementary_strong_added,lgbm_60_l63,0.12620025466198848,0.0,0.0,1.2480415859403962,8
lipo,37,2,8,complementary_strong_added,lgbm_60_l63,0.18815644635432116,0.0,0.0,1.2480415859403962,8
lipo,37,3,8,complementary_strong_added,lgbm_60_l63,0.10698298876696088,0.0,0.0,1.2480415859403962,8
lipo,37,1,16,complementary_strong_added,lgbm_60_l63,0.12620025466198848,0.0,0.0,1.2252234470758445,16
lipo,37,2,16,complementary_strong_added,lgbm_80_ff0.7,0.18815644635432116,0.006828131204502652,0.006828131204502652,1.2252234470758445,16
lipo,37,3,16,complementary_strong_added,lgbm_80_ff0.7,0.10698298876696088,0.011452773622926182,0.011452773622926182,1.2252234470758445,16
lipo,37,1,32,complementary_strong_added,lgbm_60_l63,0.12620025466198848,0.0,0.0,1.1634813643521482,32
lipo,37,2,32,complementary_strong_added,lgbm_80_bag0.8,0.18815644635432116,0.010547081528456403,0.010547081528456403,1.1634813643521482,32
lipo,37,3,32,complementary_strong_added,lgbm_80_ff0.7,0.10698298876696088,0.011452773622926182,0.011452773622926182,1.1634813643521482,32
lipo,37,1,4,exact_duplicate,base_3,0.03644113300106766,0.0,0.0,1.005581503463615,4
lipo,37,2,4,exact_duplicate,base_3,0.04519492172228423,0.0,0.0,1.005581503463615,4
lipo,37,3,4,exact_duplicate,base_3,0.03516670661902843,0.0,0.0,1.005581503463615,4
lipo,37,1,8,exact_duplicate,base_3,0.03644113300106766,0.0,0.0,1.0055815034636149,4
lipo,37,2,8,exact_duplicate,base_3,0.04519492172228423,0.0,0.0,1.0055815034636149,4
lipo,37,3,8,exact_duplicate,base_3,0.03516670661902843,0.0,0.0,1.0055815034636149,4
lipo,37,1,16,exact_duplicate,base_3,0.03644113300106766,0.0,0.0,1.0055815034636153,4
lipo,37,2,16,exact_duplicate,base_3,0.04519492172228423,0.0,0.0,1.0055815034636153,4
lipo,37,3,16,exact_duplicate,base_3,0.03516670661902843,0.0,0.0,1.0055815034636153,4
lipo,37,1,32,exact_duplicate,base_3,0.03644113300106766,0.0,0.0,1.005581503463615,4
lipo,37,2,32,exact_duplicate,base_3,0.04519492172228423,0.0,0.0,1.005581503463615,4
lipo,37,3,32,exact_duplicate,base_3,0.03516670661902843,0.0,0.0,1.005581503463615,4
lipo,37,1,4,near_duplicate_95pct_anchor,base_3,0.03644113300106766,0.0,0.0,1.005581503463615,4
lipo,37,2,4,near_duplicate_95pct_anchor,base_3,0.04519492172228423,0.0,0.0,1.005581503463615,4
lipo,37,3,4,near_duplicate_95pct_anchor,base_3,0.03516670661902843,0.0,0.0,1.005581503463615,4
lipo,37,1,8,near_duplicate_95pct_anchor,near_duplicate_95pct_anchor_3,0.03655489481935836,0.0,0.0,1.0061033519045546,4
lipo,37,2,8,near_duplicate_95pct_anchor,near_duplicate_95pct_anchor_3,0.04960884416597677,0.0,0.0,1.0061033519045546,4
lipo,37,3,8,near_duplicate_95pct_anchor,near_duplicate_95pct_anchor_3,0.03679630030065395,0.0,0.0,1.0061033519045546,4
lipo,37,1,16,near_duplicate_95pct_anchor,near_duplicate_95pct_anchor_7,0.03799061327688347,0.0,0.0,1.0059199167331738,4
lipo,37,2,16,near_duplicate_95pct_anchor,near_duplicate_95pct_anchor_7,0.050904044451253405,0.0,0.0,1.0059199167331738,4
lipo,37,3,16,near_duplicate_95pct_anchor,near_duplicate_95pct_anchor_7,0.03711361969674365,0.0,0.0,1.0059199167331738,4
lipo,37,1,32,near_duplicate_95pct_anchor,near_duplicate_95pct_anchor_15,0.04092908908411386,0.0,0.0,1.005648705743238,4
lipo,37,2,32,near_duplicate_95pct_anchor,near_duplicate_95pct_anchor_19,0.05234299795388608,0.0005273540764227924,0.0005273540764227924,1.005648705743238,4
lipo,37,3,32,near_duplicate_95pct_anchor,near_duplicate_95pct_anchor_19,0.03875752072642524,0.00041221496160592785,0.00041221496160592785,1.005648705743238,4
lipo,53,1,4,registered,ridge_a10,0.03492597731885572,0.0,0.0,1.0065964276424832,4
lipo,53,2,4,registered,ridge_a10,0.03981467403265948,0.0,0.0,1.0065964276424832,4
lipo,53,3,4,registered,ridge_a10,0.04101511107537337,0.0,0.0,1.0065964276424832,4
lipo,53,1,8,registered,rf_60_sqrt,0.0827854177380214,0.0,0.0,1.309091126970958,8
lipo,53,2,8,registered,rf_90_leaf2,0.09811991446909885,0.016108267552403355,0.016108267552403355,1.309091126970958,8
lipo,53,3,8,registered,rf_60_sqrt,0.08424720169562483,0.0,0.0,1.309091126970958,8
lipo,53,1,16,registered,histgb_lr0.1,0.1287454806388042,0.0,0.0,1.2496022437767451,16
lipo,53,2,16,registered,histgb_lr0.1,0.11695621419295266,0.0,0.0,1.2496022437767451,16
lipo,53,3,16,registered,histgb_lr0.1,0.10674066506434488,0.0,0.0,1.2496022437767451,16
lipo,53,1,32,registered,lgbm_80_bag0.8,0.15283319308149845,0.016417015879280017,0.016417015879280017,1.174871579376101,32
lipo,53,2,32,registered,lgbm_60_l63,0.1380953800028385,0.0,0.0,1.174871579376101,32
lipo,53,3,32,registered,lgbm_80_bag0.8,0.14373906232398048,0.002912599058192744,0.002912599058192744,1.174871579376101,32
lipo,53,1,4,weak_added,ridge_a10,0.03492597731885572,0.0,0.0,1.0065964276424832,4
lipo,53,2,4,weak_added,ridge_a10,0.03981467403265948,0.0,0.0,1.0065964276424832,4
lipo,53,3,4,weak_added,ridge_a10,0.04101511107537337,0.0,0.0,1.0065964276424832,4
lipo,53,1,8,weak_added,ridge_a10,0.04936845856318928,0.01444248124433356,0.0,1.3181166043646284,8
lipo,53,2,8,weak_added,ridge_a10,0.03981467403265948,0.0,0.0,1.3181166043646284,8
lipo,53,3,8,weak_added,ridge_a10,0.04101511107537337,0.0,0.0,1.3181166043646284,8
lipo,53,1,16,weak_added,lgbm_60_l15,0.07973072691801297,0.0058955048831677015,-0.008430569243588426,1.2406234642676313,16
lipo,53,2,16,weak_added,lgbm_60_l15,0.0676696720006511,0.02569569673470018,0.02569569673470018,1.2406234642676313,16
lipo,53,3,16,weak_added,rf_120_d20_leaf2,0.06272334511399769,0.0002739628854042664,0.0,1.2406234642676313,16
lipo,53,1,32,weak_added,lgbm_80_bag0.8,0.15283319308149845,0.016417015879280017,0.016417015879280017,1.1748715793761006,32
lipo,53,2,32,weak_added,lgbm_60_l63,0.1380953800028385,0.0,0.0,1.1748715793761006,32
lipo,53,3,32,weak_added,lgbm_80_bag0.8,0.14373906232398048,0.002912599058192744,0.002912599058192744,1.1748715793761006,32
lipo,53,1,4,complementary_strong_added,ridge_a10,0.03492597731885572,0.0,0.0,1.0065964276424832,4
lipo,53,2,4,complementary_strong_added,ridge_a10,0.03981467403265948,0.0,0.0,1.0065964276424832,4
lipo,53,3,4,complementary_strong_added,ridge_a10,0.04101511107537337,0.0,0.0,1.0065964276424832,4
lipo,53,1,8,complementary_strong_added,xgb_60_d6,0.10613696869977085,0.008695477913429617,0.008695477913429617,1.3274493642105636,8
lipo,53,2,8,complementary_strong_added,xgb_60_d6,0.11486266576501114,0.032766536162116,0.024906120981924795,1.3274493642105636,8
lipo,53,3,8,complementary_strong_added,et_60_sqrt,0.09655429483659983,0.002982255199570405,0.002982255199570405,1.3274493642105636,8
lipo,53,1,16,complementary_strong_added,lgbm_80_ff0.7,0.15283319308149845,0.0015480615804104314,0.0015480615804104314,1.2579080459630656,16
lipo,53,2,16,complementary_strong_added,lgbm_60_l63,0.1380953800028385,0.0,0.0,1.2579080459630656,16
lipo,53,3,16,complementary_strong_added,lgbm_80_ff0.7,0.14373906232398048,0.01611324767976574,0.01611324767976574,1.2579080459630656,16
lipo,53,1,32,complementary_strong_added,lgbm_80_bag0.8,0.15283319308149845,0.016417015879280017,0.016417015879280017,1.1748715793761004,32
lipo,53,2,32,complementary_strong_added,lgbm_60_l63,0.1380953800028385,0.0,0.0,1.1748715793761004,32
lipo,53,3,32,complementary_strong_added,lgbm_80_bag0.8,0.14373906232398048,0.002912599058192744,0.002912599058192744,1.1748715793761004,32
lipo,53,1,4,exact_duplicate,base_3,0.03492597731885572,0.0,0.0,1.0065964276424837,4
lipo,53,2,4,exact_duplicate,base_3,0.03981467403265948,0.0,0.0,1.0065964276424837,4
lipo,53,3,4,exact_duplicate,base_3,0.04101511107537337,0.0,0.0,1.0065964276424837,4
lipo,53,1,8,exact_duplicate,base_3,0.03492597731885572,0.0,0.0,1.0065964276424835,4
lipo,53,2,8,exact_duplicate,base_3,0.03981467403265948,0.0,0.0,1.0065964276424835,4
lipo,53,3,8,exact_duplicate,base_3,0.04101511107537337,0.0,0.0,1.0065964276424835,4
lipo,53,1,16,exact_duplicate,base_3,0.03492597731885572,0.0,0.0,1.0065964276424835,4
lipo,53,2,16,exact_duplicate,base_3,0.03981467403265948,0.0,0.0,1.0065964276424835,4
lipo,53,3,16,exact_duplicate,base_3,0.04101511107537337,0.0,0.0,1.0065964276424835,4
lipo,53,1,32,exact_duplicate,base_3,0.03492597731885572,0.0,0.0,1.006596427642484,4
lipo,53,2,32,exact_duplicate,base_3,0.03981467403265948,0.0,0.0,1.006596427642484,4
lipo,53,3,32,exact_duplicate,base_3,0.04101511107537337,0.0,0.0,1.006596427642484,4
lipo,53,1,4,near_duplicate_95pct_anchor,base_3,0.03492597731885572,0.0,0.0,1.0065964276424837,4
lipo,53,2,4,near_duplicate_95pct_anchor,base_3,0.03981467403265948,0.0,0.0,1.0065964276424837,4
lipo,53,3,4,near_duplicate_95pct_anchor,base_3,0.04101511107537337,0.0,0.0,1.0065964276424837,4
lipo,53,1,8,near_duplicate_95pct_anchor,near_duplicate_95pct_anchor_3,0.03681059378949092,0.0,0.0,1.0073248123149436,4
lipo,53,2,8,near_duplicate_95pct_anchor,near_duplicate_95pct_anchor_3,0.04192452267686142,0.0,0.0,1.0073248123149436,4
lipo,53,3,8,near_duplicate_95pct_anchor,near_duplicate_95pct_anchor_3,0.042913367782700496,0.0,0.0,1.0073248123149436,4
lipo,53,1,16,near_duplicate_95pct_anchor,near_duplicate_95pct_anchor_7,0.03848652688790155,0.0,0.0,1.007014386952152,4
lipo,53,2,16,near_duplicate_95pct_anchor,near_duplicate_95pct_anchor_7,0.04317405286026754,0.0,0.0,1.007014386952152,4
lipo,53,3,16,near_duplicate_95pct_anchor,near_duplicate_95pct_anchor_7,0.04379207026343468,0.0,0.0,1.007014386952152,4
lipo,53,1,32,near_duplicate_95pct_anchor,near_duplicate_95pct_anchor_19,0.04082133810698774,0.0008208507939639897,0.0008208507939639897,1.006621415304051,4
lipo,53,2,32,near_duplicate_95pct_anchor,near_duplicate_95pct_anchor_15,0.04472870933116857,0.0,0.0,1.006621415304051,4
lipo,53,3,32,near_duplicate_95pct_anchor,near_duplicate_95pct_anchor_19,0.04615130863780359,0.00014562995290945402,0.00014562995290945402,1.006621415304051,4
lipo,71,1,4,registered,ridge_a10,0.04085454126129706,0.0,0.0,1.005646041957113,4
lipo,71,2,4,registered,ridge_a10,0.043008127162559306,0.0,0.0,1.005646041957113,4
lipo,71,3,4,registered,ridge_a10,0.04406962916828716,0.0,0.0,1.005646041957113,4
lipo,71,1,8,registered,rf_60_sqrt,0.05376545507808084,0.0,0.0,1.273076150935357,8
lipo,71,2,8,registered,rf_60_sqrt,0.1023029384909604,0.0,0.0,1.273076150935357,8
lipo,71,3,8,registered,rf_60_sqrt,0.0933128427627925,0.015422201474001307,0.0,1.273076150935357,8
lipo,71,1,16,registered,histgb_lr0.1,0.08279179308029061,0.0,0.0,1.2281245679941952,16
lipo,71,2,16,registered,histgb_lr0.1,0.12621879266865055,0.0025656253028671916,0.0,1.2281245679941952,16
lipo,71,3,16,registered,histgb_lr0.1,0.13255330512377905,0.0,0.0,1.2281245679941952,16
lipo,71,1,32,registered,lgbm_80_bag0.8,0.11242987083994738,0.005439883770142373,0.005439883770142373,1.1656903607808677,32
lipo,71,2,32,registered,lgbm_80_bag0.8,0.1490017854192598,0.017569015141504774,0.017569015141504774,1.1656903607808677,32
lipo,71,3,32,registered,lgbm_80_ff0.7,0.14882171216495133,0.010665558284127408,0.010665558284127408,1.1656903607808677,32
lipo,71,1,4,weak_added,ridge_a10,0.04085454126129706,0.0,0.0,1.005646041957113,4
lipo,71,2,4,weak_added,ridge_a10,0.043008127162559306,0.0,0.0,1.005646041957113,4
lipo,71,3,4,weak_added,ridge_a10,0.04406962916828716,0.0,0.0,1.005646041957113,4
lipo,71,1,8,weak_added,xgb_60_d3,0.04085454126129706,0.055115011081644516,0.055115011081644516,1.3021381139110317,8
lipo,71,2,8,weak_added,ridge_a10,0.04745614466351,0.004448017500950696,0.0,1.3021381139110317,8
lipo,71,3,8,weak_added,ridge_a10,0.047816406024076,0.003746776855788836,0.0,1.3021381139110317,8
lipo,71,1,16,weak_added,lgbm_60_l15,0.04085454126129706,0.022329651507655424,0.013071576927642159,1.2257399923397168,16
lipo,71,2,16,weak_added,gb_lr0.1_d3,0.0872719119269294,0.00427035308550705,0.00427035308550705,1.2257399923397168,16
lipo,71,3,16,weak_added,gb_lr0.1_d3,0.08655264537054408,0.01745462020066202,0.003012770207574844,1.2257399923397168,16
lipo,71,1,32,weak_added,lgbm_80_bag0.8,0.11242987083994738,0.005439883770142373,0.005439883770142373,1.1656903607808684,32
lipo,71,2,32,weak_added,lgbm_80_bag0.8,0.1490017854192598,0.017569015141504774,0.017569015141504774,1.1656903607808684,32
lipo,71,3,32,weak_added,lgbm_80_ff0.7,0.14882171216495133,0.010665558284127408,0.010665558284127408,1.1656903607808684,32
lipo,71,1,4,complementary_strong_added,ridge_a10,0.04085454126129706,0.0,0.0,1.005646041957113,4
lipo,71,2,4,complementary_strong_added,ridge_a10,0.043008127162559306,0.0,0.0,1.005646041957113,4
lipo,71,3,4,complementary_strong_added,ridge_a10,0.04406962916828716,0.0,0.0,1.005646041957113,4
lipo,71,1,8,complementary_strong_added,et_60_sqrt,0.0772317713305446,0.0,-0.008370227128585928,1.2846828132456967,8
lipo,71,2,8,complementary_strong_added,xgb_60_d6,0.12621879266865055,0.015255252980294398,0.01125782067872605,1.2846828132456967,8
lipo,71,3,8,complementary_strong_added,et_90_leaf2,0.11547756360617822,0.0,0.0,1.2846828132456967,8
lipo,71,1,16,complementary_strong_added,lgbm_80_ff0.7,0.11242987083994738,0.0013096398759555594,0.0013096398759555594,1.234851957957992,16
lipo,71,2,16,complementary_strong_added,lgbm_80_ff0.7,0.1490017854192598,0.012630270178163983,0.012630270178163983,1.234851957957992,16
lipo,71,3,16,complementary_strong_added,lgbm_80_ff0.7,0.14882171216495133,0.010665558284127408,0.010665558284127408,1.234851957957992,16
lipo,71,1,32,complementary_strong_added,lgbm_80_bag0.8,0.11242987083994738,0.005439883770142373,0.005439883770142373,1.1656903607808686,32
lipo,71,2,32,complementary_strong_added,lgbm_80_bag0.8,0.1490017854192598,0.017569015141504774,0.017569015141504774,1.1656903607808686,32
lipo,71,3,32,complementary_strong_added,lgbm_80_ff0.7,0.14882171216495133,0.010665558284127408,0.010665558284127408,1.1656903607808686,32
lipo,71,1,4,exact_duplicate,base_3,0.04085454126129706,0.0,0.0,1.0056460419571127,4
lipo,71,2,4,exact_duplicate,base_3,0.043008127162559306,0.0,0.0,1.0056460419571127,4
lipo,71,3,4,exact_duplicate,base_3,0.04406962916828716,0.0,0.0,1.0056460419571127,4
lipo,71,1,8,exact_duplicate,base_3,0.04085454126129706,0.0,0.0,1.005646041957113,4
lipo,71,2,8,exact_duplicate,base_3,0.043008127162559306,0.0,0.0,1.005646041957113,4
lipo,71,3,8,exact_duplicate,base_3,0.04406962916828716,0.0,0.0,1.005646041957113,4
lipo,71,1,16,exact_duplicate,base_3,0.04085454126129706,0.0,0.0,1.0056460419571132,4
lipo,71,2,16,exact_duplicate,base_3,0.043008127162559306,0.0,0.0,1.0056460419571132,4
lipo,71,3,16,exact_duplicate,base_3,0.04406962916828716,0.0,0.0,1.0056460419571132,4
lipo,71,1,32,exact_duplicate,base_3,0.04085454126129706,0.0,0.0,1.0056460419571134,4
lipo,71,2,32,exact_duplicate,base_3,0.043008127162559306,0.0,0.0,1.0056460419571134,4
lipo,71,3,32,exact_duplicate,base_3,0.04406962916828716,0.0,0.0,1.0056460419571134,4
lipo,71,1,4,near_duplicate_95pct_anchor,base_3,0.04085454126129706,0.0,0.0,1.0056460419571127,4
lipo,71,2,4,near_duplicate_95pct_anchor,base_3,0.043008127162559306,0.0,0.0,1.0056460419571127,4
lipo,71,3,4,near_duplicate_95pct_anchor,base_3,0.04406962916828716,0.0,0.0,1.0056460419571127,4
lipo,71,1,8,near_duplicate_95pct_anchor,near_duplicate_95pct_anchor_3,0.041169410181898014,0.0,0.0,1.0062010510140038,4
lipo,71,2,8,near_duplicate_95pct_anchor,near_duplicate_95pct_anchor_3,0.045919507914611524,0.0,0.0,1.0062010510140038,4
lipo,71,3,8,near_duplicate_95pct_anchor,near_duplicate_95pct_anchor_3,0.04653178984801243,0.0,0.0,1.0062010510140038,4
lipo,71,1,16,near_duplicate_95pct_anchor,near_duplicate_95pct_anchor_7,0.042254891408330275,0.0,0.0,1.0059692412300836,4
lipo,71,2,16,near_duplicate_95pct_anchor,near_duplicate_95pct_anchor_7,0.046968788822785434,0.0,0.0,1.0059692412300836,4
lipo,71,3,16,near_duplicate_95pct_anchor,near_duplicate_95pct_anchor_7,0.04764002589018168,0.0,0.0,1.0059692412300836,4
lipo,71,1,32,near_duplicate_95pct_anchor,near_duplicate_95pct_anchor_19,0.04443330774022969,0.00027199418850720747,0.00027199418850720747,1.005664643814696,4
lipo,71,2,32,near_duplicate_95pct_anchor,near_duplicate_95pct_anchor_19,0.04830781007539442,0.0008784507570753775,0.0008784507570753775,1.005664643814696,4
lipo,71,3,32,near_duplicate_95pct_anchor,near_duplicate_95pct_anchor_19,0.04930723331812037,0.0002003577431308745,0.0002003577431308745,1.005664643814696,4
lipo,83,1,4,registered,ridge_a10,0.033725192476378396,0.0,0.0,1.006284355492291,4
lipo,83,2,4,registered,ridge_a10,0.0316991368567372,0.0,0.0,1.006284355492291,4
lipo,83,3,4,registered,ridge_a10,0.03733959045587287,0.0,0.0,1.006284355492291,4
lipo,83,1,8,registered,rf_60_sqrt,0.09709862290181415,0.005249077219090514,0.0,1.3117218200336236,8
lipo,83,2,8,registered,rf_60_sqrt,0.07919030660009496,0.0,0.0,1.3117218200336236,8
lipo,83,3,8,registered,rf_60_sqrt,0.046078225183042276,0.0,0.0,1.3117218200336236,8
lipo,83,1,16,registered,histgb_lr0.1,0.11669660956596639,0.011010359552111382,0.0,1.2662249566254564,16
lipo,83,2,16,registered,histgb_lr0.1,0.10021023270725626,0.0,0.0,1.2662249566254564,16
lipo,83,3,16,registered,histgb_lr0.1,0.08763766139456275,0.0,0.0,1.2662249566254564,16
lipo,83,1,32,registered,lgbm_80_bag0.8,0.12193512238042037,6.148416883322572e-05,6.148416883322572e-05,1.1922197010128381,32
lipo,83,2,32,registered,lgbm_80_bag0.8,0.13762520336281592,0.017640154578216993,0.017640154578216993,1.1922197010128381,32
lipo,83,3,32,registered,lgbm_80_ff0.7,0.12488565257346229,0.019454133105816784,0.019454133105816784,1.1922197010128381,32
lipo,83,1,4,weak_added,ridge_a10,0.033725192476378396,0.0,0.0,1.006284355492291,4
lipo,83,2,4,weak_added,ridge_a10,0.0316991368567372,0.0,0.0,1.006284355492291,4
lipo,83,3,4,weak_added,ridge_a10,0.03733959045587287,0.0,0.0,1.006284355492291,4
lipo,83,1,8,weak_added,xgb_60_d3,0.033725192476378396,0.013684429651255048,0.013684429651255048,1.3726537280382338,8
lipo,83,2,8,weak_added,xgb_60_d3,0.0316991368567372,0.020529406709716813,0.020529406709716813,1.3726537280382338,8
lipo,83,3,8,weak_added,xgb_60_d3,0.03733959045587287,0.04657197758001885,0.04657197758001885,1.3726537280382338,8
lipo,83,1,16,weak_added,gb_lr0.1_d3,0.077993387446889,0.03569500497483946,0.03569500497483946,1.2708781927242794,16
lipo,83,2,16,weak_added,rf_120_d20_leaf2,0.04972103926423865,0.011693440303564229,0.0,1.2708781927242794,16
lipo,83,3,16,weak_added,rf_120_d20_leaf2,0.03733959045587287,0.014707842261129755,0.0,1.2708781927242794,16
lipo,83,1,32,weak_added,lgbm_80_bag0.8,0.12193512238042037,6.148416883322572e-05,6.148416883322572e-05,1.1922197010128381,32
lipo,83,2,32,weak_added,lgbm_80_bag0.8,0.13762520336281592,0.017640154578216993,0.017640154578216993,1.1922197010128381,32
lipo,83,3,32,weak_added,lgbm_80_ff0.7,0.12488565257346229,0.019454133105816784,0.019454133105816784,1.1922197010128381,32
lipo,83,1,4,complementary_strong_added,ridge_a10,0.033725192476378396,0.0,0.0,1.006284355492291,4
lipo,83,2,4,complementary_strong_added,ridge_a10,0.0316991368567372,0.0,0.0,1.006284355492291,4
lipo,83,3,4,complementary_strong_added,ridge_a10,0.03733959045587287,0.0,0.0,1.006284355492291,4
lipo,83,1,8,complementary_strong_added,lgbm_60_l63,0.12193512238042037,0.0,0.0,1.3155172985280457,8
lipo,83,2,8,complementary_strong_added,lgbm_60_l63,0.13762520336281592,0.0,0.0,1.3155172985280457,8
lipo,83,3,8,complementary_strong_added,lgbm_60_l63,0.12488565257346229,0.0,0.0,1.3155172985280457,8
lipo,83,1,16,complementary_strong_added,lgbm_80_ff0.7,0.12193512238042037,0.0018440353720727831,0.0018440353720727831,1.2724731351831808,16
lipo,83,2,16,complementary_strong_added,lgbm_80_ff0.7,0.13762520336281592,0.008547396537206264,0.008547396537206264,1.2724731351831808,16
lipo,83,3,16,complementary_strong_added,lgbm_80_ff0.7,0.12488565257346229,0.019454133105816784,0.019454133105816784,1.2724731351831808,16
lipo,83,1,32,complementary_strong_added,lgbm_80_bag0.8,0.12193512238042037,6.148416883322572e-05,6.148416883322572e-05,1.192219701012838,32
lipo,83,2,32,complementary_strong_added,lgbm_80_bag0.8,0.13762520336281592,0.017640154578216993,0.017640154578216993,1.192219701012838,32
lipo,83,3,32,complementary_strong_added,lgbm_80_ff0.7,0.12488565257346229,0.019454133105816784,0.019454133105816784,1.192219701012838,32
lipo,83,1,4,exact_duplicate,base_3,0.033725192476378396,0.0,0.0,1.0062843554922904,4
lipo,83,2,4,exact_duplicate,base_3,0.0316991368567372,0.0,0.0,1.0062843554922904,4
lipo,83,3,4,exact_duplicate,base_3,0.03733959045587287,0.0,0.0,1.0062843554922904,4
lipo,83,1,8,exact_duplicate,base_3,0.033725192476378396,0.0,0.0,1.0062843554922907,4
lipo,83,2,8,exact_duplicate,base_3,0.0316991368567372,0.0,0.0,1.0062843554922907,4
lipo,83,3,8,exact_duplicate,base_3,0.03733959045587287,0.0,0.0,1.0062843554922907,4
lipo,83,1,16,exact_duplicate,base_3,0.033725192476378396,0.0,0.0,1.006284355492291,4
lipo,83,2,16,exact_duplicate,base_3,0.0316991368567372,0.0,0.0,1.006284355492291,4
lipo,83,3,16,exact_duplicate,base_3,0.03733959045587287,0.0,0.0,1.006284355492291,4
lipo,83,1,32,exact_duplicate,base_3,0.033725192476378396,0.0,0.0,1.0062843554922911,4
lipo,83,2,32,exact_duplicate,base_3,0.0316991368567372,0.0,0.0,1.0062843554922911,4
lipo,83,3,32,exact_duplicate,base_3,0.03733959045587287,0.0,0.0,1.0062843554922911,4
lipo,83,1,4,near_duplicate_95pct_anchor,base_3,0.033725192476378396,0.0,0.0,1.0062843554922904,4
lipo,83,2,4,near_duplicate_95pct_anchor,base_3,0.0316991368567372,0.0,0.0,1.0062843554922904,4
lipo,83,3,4,near_duplicate_95pct_anchor,base_3,0.03733959045587287,0.0,0.0,1.0062843554922904,4
lipo,83,1,8,near_duplicate_95pct_anchor,near_duplicate_95pct_anchor_3,0.036893863997650156,0.0,0.0,1.0069861613193751,4
lipo,83,2,8,near_duplicate_95pct_anchor,near_duplicate_95pct_anchor_3,0.0327314300847954,0.0,0.0,1.0069861613193751,4
lipo,83,3,8,near_duplicate_95pct_anchor,near_duplicate_95pct_anchor_3,0.03733959045587287,7.74152641616066e-05,0.0,1.0069861613193751,4
lipo,83,1,16,near_duplicate_95pct_anchor,near_duplicate_95pct_anchor_7,0.03787376333085779,0.0,0.0,1.0067769686341008,4
lipo,83,2,16,near_duplicate_95pct_anchor,near_duplicate_95pct_anchor_7,0.03433108776463256,0.0,0.0,1.0067769686341008,4
lipo,83,3,16,near_duplicate_95pct_anchor,near_duplicate_95pct_anchor_7,0.038682380039801956,0.0,0.0,1.0067769686341008,4
lipo,83,1,32,near_duplicate_95pct_anchor,near_duplicate_95pct_anchor_19,0.038135688971580484,3.0742084417001436e-06,3.0742084417001436e-06,1.0063930411358213,4
lipo,83,2,32,near_duplicate_95pct_anchor,near_duplicate_95pct_anchor_19,0.03699544018204115,0.0008820077289108941,0.0008820077289108941,1.0063930411358213,4
lipo,83,3,32,near_duplicate_95pct_anchor,near_duplicate_95pct_anchor_19,0.041716893561752455,0.0009612957944649114,0.0009612957944649114,1.0063930411358213,4
lipo,97,1,4,registered,ridge_a10,0.03256249174378989,0.0,0.0,1.0061581934732517,4
lipo,97,2,4,registered,ridge_a10,0.044212395796292325,0.0,0.0,1.0061581934732517,4
lipo,97,3,4,registered,ridge_a10,0.037852722625655755,0.0,0.0,1.0061581934732517,4
lipo,97,1,8,registered,rf_60_sqrt,0.052357329476659054,0.0,0.0,1.3189048323632622,8
lipo,97,2,8,registered,rf_60_sqrt,0.0942495159026443,0.0,0.0,1.3189048323632622,8
lipo,97,3,8,registered,rf_60_sqrt,0.08467699570292764,0.006145568660833156,0.0,1.3189048323632622,8
lipo,97,1,16,registered,histgb_lr0.1,0.08898341648087293,0.0,0.0,1.2715171956067826,16
lipo,97,2,16,registered,histgb_lr0.1,0.11709952670862167,0.0,0.0,1.2715171956067826,16
lipo,97,3,16,registered,histgb_lr0.1,0.1294572312346619,0.0,0.0,1.2715171956067826,16
lipo,97,1,32,registered,lgbm_80_bag0.8,0.13383208999757468,0.013784356915376383,0.013784356915376383,1.1972646890805287,32
lipo,97,2,32,registered,lgbm_80_ff0.7,0.14437740775802055,0.009375695828232056,0.009375695828232056,1.1972646890805287,32
lipo,97,3,32,registered,lgbm_80_bag0.8,0.14605125191190993,0.003260300200211841,0.003260300200211841,1.1972646890805287,32
lipo,97,1,4,weak_added,ridge_a10,0.03256249174378989,0.0,0.0,1.0061581934732517,4
lipo,97,2,4,weak_added,ridge_a10,0.044212395796292325,0.0,0.0,1.0061581934732517,4
lipo,97,3,4,weak_added,ridge_a10,0.037852722625655755,0.0,0.0,1.0061581934732517,4
lipo,97,1,8,weak_added,xgb_60_d3,0.03256249174378989,0.036130743238160345,0.036130743238160345,1.3736924957955614,8
lipo,97,2,8,weak_added,ridge_a10,0.044212395796292325,0.0,0.0,1.3736924957955614,8
lipo,97,3,8,weak_added,xgb_60_d3,0.037852722625655755,0.013531669554399217,0.013531669554399217,1.3736924957955614,8
lipo,97,1,16,weak_added,rf_120_d20_leaf2,0.03256249174378989,0.01107330116664107,0.0,1.2761032631307565,16
lipo,97,2,16,weak_added,lgbm_60_l15,0.0699314894442985,0.015917230027905238,0.015917230027905238,1.2761032631307565,16
lipo,97,3,16,weak_added,gb_lr0.1_d3,0.0647205910478641,0.01156872796482622,0.01156872796482622,1.2761032631307565,16
lipo,97,1,32,weak_added,lgbm_80_bag0.8,0.13383208999757468,0.013784356915376383,0.013784356915376383,1.197264689080529,32
lipo,97,2,32,weak_added,lgbm_80_ff0.7,0.14437740775802055,0.009375695828232056,0.009375695828232056,1.197264689080529,32
lipo,97,3,32,weak_added,lgbm_80_bag0.8,0.14605125191190993,0.003260300200211841,0.003260300200211841,1.197264689080529,32
lipo,97,1,4,complementary_strong_added,ridge_a10,0.03256249174378989,0.0,0.0,1.0061581934732517,4
lipo,97,2,4,complementary_strong_added,ridge_a10,0.044212395796292325,0.0,0.0,1.0061581934732517,4
lipo,97,3,4,complementary_strong_added,ridge_a10,0.037852722625655755,0.0,0.0,1.0061581934732517,4
lipo,97,1,8,complementary_strong_added,et_60_sqrt,0.07649109305634827,0.0,0.0,1.3527616896488697,8
lipo,97,2,8,complementary_strong_added,xgb_60_d6,0.10826593937687967,0.0,-0.003597661333325397,1.3527616896488697,8
lipo,97,3,8,complementary_strong_added,et_60_sqrt,0.10036583869287652,0.0,0.0,1.3527616896488697,8
lipo,97,1,16,complementary_strong_added,lgbm_60_l63,0.13383208999757468,0.0,0.0,1.271431517048297,16
lipo,97,2,16,complementary_strong_added,lgbm_80_ff0.7,0.14437740775802055,0.009375695828232056,0.009375695828232056,1.271431517048297,16
lipo,97,3,16,complementary_strong_added,lgbm_100_leaf10,0.14605125191190993,0.01592310166525357,0.01592310166525357,1.271431517048297,16
lipo,97,1,32,complementary_strong_added,lgbm_80_bag0.8,0.13383208999757468,0.013784356915376383,0.013784356915376383,1.1972646890805285,32
lipo,97,2,32,complementary_strong_added,lgbm_80_ff0.7,0.14437740775802055,0.009375695828232056,0.009375695828232056,1.1972646890805285,32
lipo,97,3,32,complementary_strong_added,lgbm_80_bag0.8,0.14605125191190993,0.003260300200211841,0.003260300200211841,1.1972646890805285,32
lipo,97,1,4,exact_duplicate,base_3,0.03256249174378989,0.0,0.0,1.0061581934732515,4
lipo,97,2,4,exact_duplicate,base_3,0.044212395796292325,0.0,0.0,1.0061581934732515,4
lipo,97,3,4,exact_duplicate,base_3,0.037852722625655755,0.0,0.0,1.0061581934732515,4
lipo,97,1,8,exact_duplicate,base_3,0.03256249174378989,0.0,0.0,1.0061581934732522,4
lipo,97,2,8,exact_duplicate,base_3,0.044212395796292325,0.0,0.0,1.0061581934732522,4
lipo,97,3,8,exact_duplicate,base_3,0.037852722625655755,0.0,0.0,1.0061581934732522,4
lipo,97,1,16,exact_duplicate,base_3,0.03256249174378989,0.0,0.0,1.0061581934732515,4
lipo,97,2,16,exact_duplicate,base_3,0.044212395796292325,0.0,0.0,1.0061581934732515,4
lipo,97,3,16,exact_duplicate,base_3,0.037852722625655755,0.0,0.0,1.0061581934732515,4
lipo,97,1,32,exact_duplicate,base_3,0.03256249174378989,0.0,0.0,1.006158193473252,4
lipo,97,2,32,exact_duplicate,base_3,0.044212395796292325,0.0,0.0,1.006158193473252,4
lipo,97,3,32,exact_duplicate,base_3,0.037852722625655755,0.0,0.0,1.006158193473252,4
lipo,97,1,4,near_duplicate_95pct_anchor,base_3,0.03256249174378989,0.0,0.0,1.0061581934732515,4
lipo,97,2,4,near_duplicate_95pct_anchor,base_3,0.044212395796292325,0.0,0.0,1.0061581934732515,4
lipo,97,3,4,near_duplicate_95pct_anchor,base_3,0.037852722625655755,0.0,0.0,1.0061581934732515,4
lipo,97,1,8,near_duplicate_95pct_anchor,near_duplicate_95pct_anchor_3,0.032899085416163265,0.0,0.0,1.0069111732791027,4
lipo,97,2,8,near_duplicate_95pct_anchor,near_duplicate_95pct_anchor_3,0.04640892909848615,0.0,0.0,1.0069111732791027,4
lipo,97,3,8,near_duplicate_95pct_anchor,near_duplicate_95pct_anchor_3,0.04019393627951939,0.0,0.0,1.0069111732791027,4
lipo,97,1,16,near_duplicate_95pct_anchor,near_duplicate_95pct_anchor_7,0.033886074107176034,0.0,0.0,1.0066110578524055,4
lipo,97,2,16,near_duplicate_95pct_anchor,near_duplicate_95pct_anchor_7,0.04726384167391151,0.0,0.0,1.0066110578524055,4
lipo,97,3,16,near_duplicate_95pct_anchor,near_duplicate_95pct_anchor_7,0.04097196583207552,0.0,0.0,1.0066110578524055,4
lipo,97,1,32,near_duplicate_95pct_anchor,near_duplicate_95pct_anchor_19,0.037625971656479296,0.0006892178457689191,0.0006892178457689191,1.0062756197243152,4
lipo,97,2,32,near_duplicate_95pct_anchor,near_duplicate_95pct_anchor_19,0.04922064639437873,0.0007224205113735005,0.0007224205113735005,1.0062756197243152,4
lipo,97,3,32,near_duplicate_95pct_anchor,near_duplicate_95pct_anchor_19,0.043262649089968575,0.00016301501001070307,0.00016301501001070307,1.0062756197243152,4
lipo,113,1,4,registered,ridge_a10,0.03840456457779573,0.0,0.0,1.0052757700510813,4
lipo,113,2,4,registered,ridge_a10,0.049427945305067,0.0,0.0,1.0052757700510813,4
lipo,113,3,4,registered,ridge_a10,0.038261189998779255,0.0,0.0,1.0052757700510813,4
lipo,113,1,8,registered,rf_90_leaf2,0.06139577366025106,0.012044341973616923,0.012044341973616923,1.2476005695374737,8
lipo,113,2,8,registered,rf_60_sqrt,0.1446115401097886,0.0,0.0,1.2476005695374737,8
lipo,113,3,8,registered,rf_60_sqrt,0.08670249732174451,0.0,0.0,1.2476005695374737,8
lipo,113,1,16,registered,histgb_lr0.1,0.1139600135914669,0.0,0.0,1.2199904892315518,16
lipo,113,2,16,registered,histgb_lr0.1,0.15350621235363426,0.0024351036237520995,0.0,1.2199904892315518,16
lipo,113,3,16,registered,histgb_lr0.1,0.11967237591325519,0.0,0.0,1.2199904892315518,16
lipo,113,1,32,registered,lgbm_80_bag0.8,0.13403374670499746,0.0,-0.002404521807721216,1.1667725756774734,32
lipo,113,2,32,registered,lgbm_80_bag0.8,0.18112298623310985,0.011020273444761197,0.011020273444761197,1.1667725756774734,32
lipo,113,3,32,registered,lgbm_80_bag0.8,0.1678136943100036,0.01916591108405674,0.01916591108405674,1.1667725756774734,32
lipo,113,1,4,weak_added,ridge_a10,0.03840456457779573,0.0,0.0,1.0052757700510813,4
lipo,113,2,4,weak_added,ridge_a10,0.049427945305067,0.0,0.0,1.0052757700510813,4
lipo,113,3,4,weak_added,ridge_a10,0.038261189998779255,0.0,0.0,1.0052757700510813,4
lipo,113,1,8,weak_added,xgb_60_d3,0.03840456457779573,0.02587552659463399,0.02587552659463399,1.3101095115317498,8
lipo,113,2,8,weak_added,ridge_a10,0.07763697581147744,0.028209030506410437,0.0,1.3101095115317498,8
lipo,113,3,8,weak_added,ridge_a10,0.038261189998779255,0.0,0.0,1.3101095115317498,8
lipo,113,1,16,weak_added,gb_lr0.1_d3,0.046165223751802875,0.0,-0.014791517910118346,1.2284569421849287,16
lipo,113,2,16,weak_added,lgbm_60_l15,0.11835982277178747,0.009899084001959269,0.009899084001959269,1.2284569421849287,16
lipo,113,3,16,weak_added,ridge_a10,0.06402552161095865,0.025764331612179392,0.025764331612179392,1.2284569421849287,16
lipo,113,1,32,weak_added,lgbm_80_bag0.8,0.13403374670499746,0.0,-0.002404521807721216,1.1667725756774738,32
lipo,113,2,32,weak_added,lgbm_80_bag0.8,0.18112298623310985,0.011020273444761197,0.011020273444761197,1.1667725756774738,32
lipo,113,3,32,weak_added,lgbm_80_bag0.8,0.1678136943100036,0.01916591108405674,0.01916591108405674,1.1667725756774738,32
lipo,113,1,4,complementary_strong_added,ridge_a10,0.03840456457779573,0.0,0.0,1.0052757700510813,4
lipo,113,2,4,complementary_strong_added,ridge_a10,0.049427945305067,0.0,0.0,1.0052757700510813,4
lipo,113,3,4,complementary_strong_added,ridge_a10,0.038261189998779255,0.0,0.0,1.0052757700510813,4
lipo,113,1,8,complementary_strong_added,et_60_sqrt,0.08010625838204588,0.007792396397803936,0.0,1.277851143316759,8
lipo,113,2,8,complementary_strong_added,xgb_60_d6,0.1553568638719658,0.0,-0.0018506515183315253,1.277851143316759,8
lipo,113,3,8,complementary_strong_added,et_60_sqrt,0.0985268080224857,0.0,0.0,1.277851143316759,8
lipo,113,1,16,complementary_strong_added,lgbm_80_ff0.7,0.13162922489727624,0.010825176295818584,0.010825176295818584,1.2291345031775511,16
lipo,113,2,16,complementary_strong_added,lgbm_80_ff0.7,0.18112298623310985,0.003393201424383596,0.003393201424383596,1.2291345031775511,16
lipo,113,3,16,complementary_strong_added,lgbm_60_l63,0.1678136943100036,0.0,0.0,1.2291345031775511,16
lipo,113,1,32,complementary_strong_added,lgbm_80_bag0.8,0.13403374670499746,0.0,-0.002404521807721216,1.1667725756774732,32
lipo,113,2,32,complementary_strong_added,lgbm_80_bag0.8,0.18112298623310985,0.011020273444761197,0.011020273444761197,1.1667725756774732,32
lipo,113,3,32,complementary_strong_added,lgbm_80_bag0.8,0.1678136943100036,0.01916591108405674,0.01916591108405674,1.1667725756774732,32
lipo,113,1,4,exact_duplicate,base_3,0.03840456457779573,0.0,0.0,1.0052757700510815,4
lipo,113,2,4,exact_duplicate,base_3,0.049427945305067,0.0,0.0,1.0052757700510815,4
lipo,113,3,4,exact_duplicate,base_3,0.038261189998779255,0.0,0.0,1.0052757700510815,4
lipo,113,1,8,exact_duplicate,base_3,0.03840456457779573,0.0,0.0,1.0052757700510815,4
lipo,113,2,8,exact_duplicate,base_3,0.049427945305067,0.0,0.0,1.0052757700510815,4
lipo,113,3,8,exact_duplicate,base_3,0.038261189998779255,0.0,0.0,1.0052757700510815,4
lipo,113,1,16,exact_duplicate,base_3,0.03840456457779573,0.0,0.0,1.0052757700510815,4
lipo,113,2,16,exact_duplicate,base_3,0.049427945305067,0.0,0.0,1.0052757700510815,4
lipo,113,3,16,exact_duplicate,base_3,0.038261189998779255,0.0,0.0,1.0052757700510815,4
lipo,113,1,32,exact_duplicate,base_3,0.03840456457779573,0.0,0.0,1.0052757700510817,4
lipo,113,2,32,exact_duplicate,base_3,0.049427945305067,0.0,0.0,1.0052757700510817,4
lipo,113,3,32,exact_duplicate,base_3,0.038261189998779255,0.0,0.0,1.0052757700510817,4
lipo,113,1,4,near_duplicate_95pct_anchor,base_3,0.03840456457779573,0.0,0.0,1.0052757700510815,4
lipo,113,2,4,near_duplicate_95pct_anchor,base_3,0.049427945305067,0.0,0.0,1.0052757700510815,4
lipo,113,3,4,near_duplicate_95pct_anchor,base_3,0.038261189998779255,0.0,0.0,1.0052757700510815,4
lipo,113,1,8,near_duplicate_95pct_anchor,near_duplicate_95pct_anchor_3,0.03895190793323766,0.0,0.0,1.005918987927381,4
lipo,113,2,8,near_duplicate_95pct_anchor,near_duplicate_95pct_anchor_3,0.053492351982458164,0.0,0.0,1.005918987927381,4
lipo,113,3,8,near_duplicate_95pct_anchor,base_3,0.03965360257827588,0.0013924125794966269,0.0013924125794966269,1.005918987927381,4
lipo,113,1,16,near_duplicate_95pct_anchor,near_duplicate_95pct_anchor_7,0.04024721703245704,0.0,0.0,1.0056462363437935,4
lipo,113,2,16,near_duplicate_95pct_anchor,near_duplicate_95pct_anchor_7,0.05455698013628685,0.0,0.0,1.0056462363437935,4
lipo,113,3,16,near_duplicate_95pct_anchor,near_duplicate_95pct_anchor_7,0.041756047302610844,0.0,0.0,1.0056462363437935,4
lipo,113,1,32,near_duplicate_95pct_anchor,near_duplicate_95pct_anchor_19,0.043186023684155916,0.0,-0.00012022609038608856,1.0053698009914018,4
lipo,113,2,32,near_duplicate_95pct_anchor,near_duplicate_95pct_anchor_19,0.05601269735146919,0.0005510136722381986,0.0005510136722381986,1.0053698009914018,4
lipo,113,3,32,near_duplicate_95pct_anchor,near_duplicate_95pct_anchor_19,0.044738815214340644,0.0009582955542029037,0.0009582955542029037,1.0053698009914018,4
lipo,127,1,4,registered,ridge_a10,0.03674655040189401,0.0,0.0,1.0058418619872216,4
lipo,127,2,4,registered,ridge_a10,0.035538139965680005,0.0,0.0,1.0058418619872216,4
lipo,127,3,4,registered,ridge_a10,0.043612664833835524,0.0,0.0,1.0058418619872216,4
lipo,127,1,8,registered,rf_60_sqrt,0.04069410739937229,0.0,0.0,1.2769826587694897,8
lipo,127,2,8,registered,rf_60_sqrt,0.08174548890389732,0.006502279561186652,0.0,1.2769826587694897,8
lipo,127,3,8,registered,rf_60_sqrt,0.11654557106668817,0.006876769856129505,0.0,1.2769826587694897,8
lipo,127,1,16,registered,histgb_lr0.1,0.09537509093552399,0.0,0.0,1.2359381596693817,16
lipo,127,2,16,registered,histgb_lr0.1,0.1257215140996022,0.0,0.0,1.2359381596693817,16
lipo,127,3,16,registered,histgb_lr0.1,0.13753274605371124,0.0038611862964842425,0.0,1.2359381596693817,16
lipo,127,1,32,registered,lgbm_80_bag0.8,0.12311826746516596,0.010368602944467953,0.010368602944467953,1.1753961189340318,32
lipo,127,2,32,registered,lgbm_80_bag0.8,0.17204929042848516,0.04915825666516194,0.04915825666516194,1.1753961189340318,32
lipo,127,3,32,registered,lgbm_80_bag0.8,0.16105784648339505,0.00200380988580362,0.00200380988580362,1.1753961189340318,32
lipo,127,1,4,weak_added,ridge_a10,0.03674655040189401,0.0,0.0,1.0058418619872216,4
lipo,127,2,4,weak_added,ridge_a10,0.035538139965680005,0.0,0.0,1.0058418619872216,4
lipo,127,3,4,weak_added,ridge_a10,0.043612664833835524,0.0,0.0,1.0058418619872216,4
lipo,127,1,8,weak_added,xgb_60_d3,0.03674655040189401,0.05550851930274869,0.05550851930274869,1.3110513640337629,8
lipo,127,2,8,weak_added,ridge_a10,0.035538139965680005,0.0,0.0,1.3110513640337629,8
lipo,127,3,8,weak_added,ridge_a10,0.057942551691661626,0.014329886857826102,0.0,1.3110513640337629,8
lipo,127,1,16,weak_added,lgbm_60_l15,0.03674655040189401,0.01269270440904302,-0.0010956939118005327,1.2373717522447187,16
lipo,127,2,16,weak_added,rf_120_d20_leaf2,0.0661871304182513,0.0,0.0,1.2373717522447187,16
lipo,127,3,16,weak_added,lgbm_60_l15,0.10367373498705224,0.01908961080322047,0.01908961080322047,1.2373717522447187,16
lipo,127,1,32,weak_added,lgbm_80_bag0.8,0.12311826746516596,0.010368602944467953,0.010368602944467953,1.1753961189340312,32
lipo,127,2,32,weak_added,lgbm_80_bag0.8,0.17204929042848516,0.04915825666516194,0.04915825666516194,1.1753961189340312,32
lipo,127,3,32,weak_added,lgbm_80_bag0.8,0.16105784648339505,0.00200380988580362,0.00200380988580362,1.1753961189340312,32
lipo,127,1,4,complementary_strong_added,ridge_a10,0.03674655040189401,0.0,0.0,1.0058418619872216,4
lipo,127,2,4,complementary_strong_added,ridge_a10,0.035538139965680005,0.0,0.0,1.0058418619872216,4
lipo,127,3,4,complementary_strong_added,ridge_a10,0.043612664833835524,0.0,0.0,1.0058418619872216,4
lipo,127,1,8,complementary_strong_added,et_60_sqrt,0.06514485620356836,0.0,0.0,1.307116110351392,8
lipo,127,2,8,complementary_strong_added,et_60_sqrt,0.10908851471470016,0.0,0.0,1.307116110351392,8
lipo,127,3,8,complementary_strong_added,xgb_60_d6,0.13513564065815287,0.00881926026834201,0.00881926026834201,1.307116110351392,8
lipo,127,1,16,complementary_strong_added,lgbm_60_l63,0.12311826746516596,0.0,0.0,1.242007367680761,16
lipo,127,2,16,complementary_strong_added,lgbm_60_l63,0.17204929042848516,0.0,0.0,1.242007367680761,16
lipo,127,3,16,complementary_strong_added,lgbm_100_leaf10,0.16105784648339505,0.01101745730720849,0.01101745730720849,1.242007367680761,16
lipo,127,1,32,complementary_strong_added,lgbm_80_bag0.8,0.12311826746516596,0.010368602944467953,0.010368602944467953,1.1753961189340318,32
lipo,127,2,32,complementary_strong_added,lgbm_80_bag0.8,0.17204929042848516,0.04915825666516194,0.04915825666516194,1.1753961189340318,32
lipo,127,3,32,complementary_strong_added,lgbm_80_bag0.8,0.16105784648339505,0.00200380988580362,0.00200380988580362,1.1753961189340318,32
lipo,127,1,4,exact_duplicate,base_3,0.03674655040189401,0.0,0.0,1.0058418619872203,4
lipo,127,2,4,exact_duplicate,base_3,0.035538139965680005,0.0,0.0,1.0058418619872203,4
lipo,127,3,4,exact_duplicate,base_3,0.043612664833835524,0.0,0.0,1.0058418619872203,4
lipo,127,1,8,exact_duplicate,base_3,0.03674655040189401,0.0,0.0,1.005841861987221,4
lipo,127,2,8,exact_duplicate,base_3,0.035538139965680005,0.0,0.0,1.005841861987221,4
lipo,127,3,8,exact_duplicate,base_3,0.043612664833835524,0.0,0.0,1.005841861987221,4
lipo,127,1,16,exact_duplicate,base_3,0.03674655040189401,0.0,0.0,1.005841861987221,4
lipo,127,2,16,exact_duplicate,base_3,0.035538139965680005,0.0,0.0,1.005841861987221,4
lipo,127,3,16,exact_duplicate,base_3,0.043612664833835524,0.0,0.0,1.005841861987221,4
lipo,127,1,32,exact_duplicate,base_3,0.03674655040189401,0.0,0.0,1.0058418619872214,4
lipo,127,2,32,exact_duplicate,base_3,0.035538139965680005,0.0,0.0,1.0058418619872214,4
lipo,127,3,32,exact_duplicate,base_3,0.043612664833835524,0.0,0.0,1.0058418619872214,4
lipo,127,1,4,near_duplicate_95pct_anchor,base_3,0.03674655040189401,0.0,0.0,1.0058418619872203,4
lipo,127,2,4,near_duplicate_95pct_anchor,base_3,0.035538139965680005,0.0,0.0,1.0058418619872203,4
lipo,127,3,4,near_duplicate_95pct_anchor,base_3,0.043612664833835524,0.0,0.0,1.0058418619872203,4
lipo,127,1,8,near_duplicate_95pct_anchor,near_duplicate_95pct_anchor_3,0.03680092943459656,0.0,0.0,1.0064344634244455,4
lipo,127,2,8,near_duplicate_95pct_anchor,near_duplicate_95pct_anchor_3,0.03784850741259094,0.0,0.0,1.0064344634244455,4
lipo,127,3,8,near_duplicate_95pct_anchor,near_duplicate_95pct_anchor_3,0.04725931014547813,0.0,0.0,1.0064344634244455,4
lipo,127,1,16,near_duplicate_95pct_anchor,near_duplicate_95pct_anchor_7,0.03836614238804836,0.0,0.0,1.0061576590641848,4
lipo,127,2,16,near_duplicate_95pct_anchor,near_duplicate_95pct_anchor_7,0.0392467944538637,0.0,0.0,1.0061576590641848,4
lipo,127,3,16,near_duplicate_95pct_anchor,near_duplicate_95pct_anchor_7,0.04830866889482932,0.0,0.0,1.0061576590641848,4
lipo,127,1,32,near_duplicate_95pct_anchor,near_duplicate_95pct_anchor_19,0.04106513625505759,0.0005184301472234143,0.0005184301472234143,1.0058800814650521,4
lipo,127,2,32,near_duplicate_95pct_anchor,near_duplicate_95pct_anchor_19,0.04236369748882041,0.0024579128332580247,0.0024579128332580247,1.0058800814650521,4
lipo,127,3,32,near_duplicate_95pct_anchor,near_duplicate_95pct_anchor_19,0.04948492391631354,0.00010019049429010884,0.00010019049429010884,1.0058800814650521,4
lipo,149,1,4,registered,ridge_a10,0.03201362186779311,0.0,0.0,1.0060711187902347,4
lipo,149,2,4,registered,ridge_a10,0.04420564295023621,0.0,0.0,1.0060711187902347,4
lipo,149,3,4,registered,ridge_a10,0.04014784224630641,0.0,0.0,1.0060711187902347,4
lipo,149,1,8,registered,rf_60_sqrt,0.04604071101545881,0.0,0.0,1.279662421813057,8
lipo,149,2,8,registered,rf_60_sqrt,0.1051415901159225,0.0,0.0,1.279662421813057,8
lipo,149,3,8,registered,rf_60_sqrt,0.1042873639937194,0.0,0.0,1.279662421813057,8
lipo,149,1,16,registered,histgb_lr0.1,0.07631164905353893,0.0,0.0,1.2380308016327017,16
lipo,149,2,16,registered,histgb_lr0.1,0.11618915567466093,0.00360761159561529,0.0,1.2380308016327017,16
lipo,149,3,16,registered,histgb_lr0.1,0.1269295686607026,0.0,0.0,1.2380308016327017,16
lipo,149,1,32,registered,lgbm_80_bag0.8,0.10322200082251731,0.0,-0.005665430203447008,1.1765425555274094,32
lipo,149,2,32,registered,lgbm_80_bag0.8,0.15612116164834244,0.011676899028388976,0.011676899028388976,1.1765425555274094,32
lipo,149,3,32,registered,lgbm_80_ff0.7,0.16474516436465614,0.007445507122237682,0.007445507122237682,1.1765425555274094,32
lipo,149,1,4,weak_added,ridge_a10,0.03201362186779311,0.0,0.0,1.0060711187902347,4
lipo,149,2,4,weak_added,ridge_a10,0.04420564295023621,0.0,0.0,1.0060711187902347,4
lipo,149,3,4,weak_added,ridge_a10,0.04014784224630641,0.0,0.0,1.0060711187902347,4
lipo,149,1,8,weak_added,xgb_60_d3,0.03201362186779311,0.042480641089320814,0.042480641089320814,1.340012908699529,8
lipo,149,2,8,weak_added,ridge_a10,0.04420564295023621,0.0,0.0,1.340012908699529,8
lipo,149,3,8,weak_added,ridge_a10,0.041554074706593,0.0014062324602865939,0.0,1.340012908699529,8
lipo,149,1,16,weak_added,lgbm_60_l15,0.03201362186779311,0.007820200516396314,0.0038468602727554924,1.2463811596858547,16
lipo,149,2,16,weak_added,gb_lr0.1_d3,0.0854138681694191,0.02953336923020944,0.02953336923020944,1.2463811596858547,16
lipo,149,3,16,weak_added,ridge_a10,0.08843441367962601,0.0482865714333196,0.0482865714333196,1.2463811596858547,16
lipo,149,1,32,weak_added,lgbm_80_bag0.8,0.10322200082251731,0.0,-0.005665430203447008,1.1765425555274098,32
lipo,149,2,32,weak_added,lgbm_80_bag0.8,0.15612116164834244,0.011676899028388976,0.011676899028388976,1.1765425555274098,32
lipo,149,3,32,weak_added,lgbm_80_ff0.7,0.16474516436465614,0.007445507122237682,0.007445507122237682,1.1765425555274098,32
lipo,149,1,4,complementary_strong_added,ridge_a10,0.03201362186779311,0.0,0.0,1.0060711187902347,4
lipo,149,2,4,complementary_strong_added,ridge_a10,0.04420564295023621,0.0,0.0,1.0060711187902347,4
lipo,149,3,4,complementary_strong_added,ridge_a10,0.04014784224630641,0.0,0.0,1.0060711187902347,4
lipo,149,1,8,complementary_strong_added,lgbm_60_l63,0.0975565706190703,0.0,0.0,1.2866919995712498,8
lipo,149,2,8,complementary_strong_added,lgbm_60_l63,0.15612116164834244,0.0,0.0,1.2866919995712498,8
lipo,149,3,8,complementary_strong_added,lgbm_60_l63,0.16474516436465614,0.0,0.0,1.2866919995712498,8
lipo,149,1,16,complementary_strong_added,lgbm_80_ff0.7,0.0975565706190703,0.00871277796019776,0.00871277796019776,1.237963755313636,16
lipo,149,2,16,complementary_strong_added,lgbm_80_ff0.7,0.15612116164834244,0.005923878511667202,0.005923878511667202,1.237963755313636,16
lipo,149,3,16,complementary_strong_added,lgbm_80_ff0.7,0.16474516436465614,0.007445507122237682,0.007445507122237682,1.237963755313636,16
lipo,149,1,32,complementary_strong_added,lgbm_80_bag0.8,0.10322200082251731,0.0,-0.005665430203447008,1.1765425555274096,32
lipo,149,2,32,complementary_strong_added,lgbm_80_bag0.8,0.15612116164834244,0.011676899028388976,0.011676899028388976,1.1765425555274096,32
lipo,149,3,32,complementary_strong_added,lgbm_80_ff0.7,0.16474516436465614,0.007445507122237682,0.007445507122237682,1.1765425555274096,32
lipo,149,1,4,exact_duplicate,base_3,0.03201362186779311,0.0,0.0,1.0060711187902351,4
lipo,149,2,4,exact_duplicate,base_3,0.04420564295023621,0.0,0.0,1.0060711187902351,4
lipo,149,3,4,exact_duplicate,base_3,0.04014784224630641,0.0,0.0,1.0060711187902351,4
lipo,149,1,8,exact_duplicate,base_3,0.03201362186779311,0.0,0.0,1.0060711187902354,4
lipo,149,2,8,exact_duplicate,base_3,0.04420564295023621,0.0,0.0,1.0060711187902354,4
lipo,149,3,8,exact_duplicate,base_3,0.04014784224630641,0.0,0.0,1.0060711187902354,4
lipo,149,1,16,exact_duplicate,base_3,0.03201362186779311,0.0,0.0,1.006071118790235,4
lipo,149,2,16,exact_duplicate,base_3,0.04420564295023621,0.0,0.0,1.006071118790235,4
lipo,149,3,16,exact_duplicate,base_3,0.04014784224630641,0.0,0.0,1.006071118790235,4
lipo,149,1,32,exact_duplicate,base_3,0.03201362186779311,0.0,0.0,1.0060711187902356,4
lipo,149,2,32,exact_duplicate,base_3,0.04420564295023621,0.0,0.0,1.0060711187902356,4
lipo,149,3,32,exact_duplicate,base_3,0.04014784224630641,0.0,0.0,1.0060711187902356,4
lipo,149,1,4,near_duplicate_95pct_anchor,base_3,0.03201362186779311,0.0,0.0,1.0060711187902351,4
lipo,149,2,4,near_duplicate_95pct_anchor,base_3,0.04420564295023621,0.0,0.0,1.0060711187902351,4
lipo,149,3,4,near_duplicate_95pct_anchor,base_3,0.04014784224630641,0.0,0.0,1.0060711187902351,4
lipo,149,1,8,near_duplicate_95pct_anchor,near_duplicate_95pct_anchor_3,0.032394112717272217,0.0,0.0,1.00678133149584,4
lipo,149,2,8,near_duplicate_95pct_anchor,near_duplicate_95pct_anchor_3,0.04693691381803311,0.0,0.0,1.00678133149584,4
lipo,149,3,8,near_duplicate_95pct_anchor,near_duplicate_95pct_anchor_3,0.04236078946288435,0.0,0.0,1.00678133149584,4
lipo,149,1,16,near_duplicate_95pct_anchor,near_duplicate_95pct_anchor_7,0.03338762317337429,0.0,0.0,1.006503532594094,4
lipo,149,2,16,near_duplicate_95pct_anchor,near_duplicate_95pct_anchor_7,0.04761533986279498,0.0,0.0,1.006503532594094,4
lipo,149,3,16,near_duplicate_95pct_anchor,near_duplicate_95pct_anchor_7,0.044209927639838886,0.0,0.0,1.006503532594094,4
lipo,149,1,32,near_duplicate_95pct_anchor,near_duplicate_95pct_anchor_19,0.035574040815529395,0.0,-0.00028327151017237817,1.0061325616459778,4
lipo,149,2,32,near_duplicate_95pct_anchor,near_duplicate_95pct_anchor_19,0.04980141888514167,0.0005838449514194988,0.0005838449514194988,1.0061325616459778,4
lipo,149,3,32,near_duplicate_95pct_anchor,near_duplicate_95pct_anchor_19,0.04637770835222388,0.000203367527622067,0.000203367527622067,1.0061325616459778,4
tdc_caco2_wang,11,1,4,registered,ridge_a10,0.5162142112294714,0.0,0.0,1.7852178593264876,4
tdc_caco2_wang,11,2,4,registered,ridge_a10,0.46573747832539747,0.0,0.0,1.7852178593264876,4
tdc_caco2_wang,11,3,4,registered,ridge_a10,0.6180124908939579,0.0,0.0,1.7852178593264876,4
tdc_caco2_wang,11,1,8,registered,ridge_a10,0.5162142112294714,0.0,0.0,2.316205964459727,8
tdc_caco2_wang,11,2,8,registered,ridge_a10,0.46573747832539747,0.0,0.0,2.316205964459727,8
tdc_caco2_wang,11,3,8,registered,ridge_a10,0.6223830410436053,0.004370550149647379,0.0,2.316205964459727,8
tdc_caco2_wang,11,1,16,registered,et_90_leaf2,0.5382916902304762,0.019605094951293256,0.0031137662061039295,1.968483763084935,16
tdc_caco2_wang,11,2,16,registered,et_60_sqrt,0.46573747832539747,0.03468334000626083,0.0,1.968483763084935,16
tdc_caco2_wang,11,3,16,registered,histgb_lr0.1,0.6860522241394432,0.0,-0.027488354328504605,1.968483763084935,16
tdc_caco2_wang,11,1,32,registered,lgbm_100_leaf10,0.5562125174000039,0.0001507282487731576,0.0,1.645266384827104,32
tdc_caco2_wang,11,2,32,registered,lgbm_100_leaf10,0.46573747832539747,0.009569280406714897,0.0,1.645266384827104,32
tdc_caco2_wang,11,3,32,registered,histgb_lr0.1,0.6860522241394432,0.0,-0.013423846532236716,1.645266384827104,32
tdc_caco2_wang,11,1,4,weak_added,ridge_a10,0.5162142112294714,0.0,0.0,1.7852178593264876,4
tdc_caco2_wang,11,2,4,weak_added,ridge_a10,0.46573747832539747,0.0,0.0,1.7852178593264876,4
tdc_caco2_wang,11,3,4,weak_added,ridge_a10,0.6180124908939579,0.0,0.0,1.7852178593264876,4
tdc_caco2_wang,11,1,8,weak_added,ridge_a10,0.5162142112294714,0.0,0.0,2.4063982401249078,8
tdc_caco2_wang,11,2,8,weak_added,ridge_a10,0.46573747832539747,0.0,0.0,2.4063982401249078,8
tdc_caco2_wang,11,3,8,weak_added,ridge_a10,0.6180124908939579,0.0,0.0,2.4063982401249078,8
tdc_caco2_wang,11,1,16,weak_added,ridge_a10,0.5210134298925694,0.004799218663097959,0.0,1.8633312638635402,16
tdc_caco2_wang,11,2,16,weak_added,ridge_a10,0.46573747832539747,0.0,0.0,1.8633312638635402,16
tdc_caco2_wang,11,3,16,weak_added,lgbm_60_l15,0.6625809006032497,0.02052622848223884,-0.024042181227052928,1.8633312638635402,16
tdc_caco2_wang,11,1,32,weak_added,lgbm_100_leaf10,0.5562125174000039,0.0001507282487731576,0.0,1.6452663848271045,32
tdc_caco2_wang,11,2,32,weak_added,lgbm_100_leaf10,0.46573747832539747,0.009569280406714897,0.0,1.6452663848271045,32
tdc_caco2_wang,11,3,32,weak_added,histgb_lr0.1,0.6860522241394432,0.0,-0.013423846532236716,1.6452663848271045,32
tdc_caco2_wang,11,1,4,complementary_strong_added,ridge_a10,0.5162142112294714,0.0,0.0,1.7852178593264876,4
tdc_caco2_wang,11,2,4,complementary_strong_added,ridge_a10,0.46573747832539747,0.0,0.0,1.7852178593264876,4
tdc_caco2_wang,11,3,4,complementary_strong_added,ridge_a10,0.6180124908939579,0.0,0.0,1.7852178593264876,4
tdc_caco2_wang,11,1,8,complementary_strong_added,lgbm_100_leaf10,0.5560617891512307,0.0,0.0,2.575284697290109,8
tdc_caco2_wang,11,2,8,complementary_strong_added,lgbm_100_leaf10,0.46573747832539747,0.009569280406714897,0.0,2.575284697290109,8
tdc_caco2_wang,11,3,8,complementary_strong_added,histgb_lr0.05,0.6726283776072065,0.0067963067948709766,0.0067963067948709766,2.575284697290109,8
tdc_caco2_wang,11,1,16,complementary_strong_added,lgbm_100_leaf10,0.5560617891512307,0.0,0.0,1.9117394317960816,16
tdc_caco2_wang,11,2,16,complementary_strong_added,lgbm_100_leaf10,0.46573747832539747,0.009569280406714897,0.0,1.9117394317960816,16
tdc_caco2_wang,11,3,16,complementary_strong_added,histgb_lr0.1,0.6860522241394432,0.0,-0.013423846532236716,1.9117394317960816,16
tdc_caco2_wang,11,1,32,complementary_strong_added,lgbm_100_leaf10,0.5562125174000039,0.0001507282487731576,0.0,1.645266384827105,32
tdc_caco2_wang,11,2,32,complementary_strong_added,lgbm_100_leaf10,0.46573747832539747,0.009569280406714897,0.0,1.645266384827105,32
tdc_caco2_wang,11,3,32,complementary_strong_added,histgb_lr0.1,0.6860522241394432,0.0,-0.013423846532236716,1.645266384827105,32
tdc_caco2_wang,11,1,4,exact_duplicate,base_3,0.5162142112294714,0.0,0.0,1.785217859326488,4
tdc_caco2_wang,11,2,4,exact_duplicate,base_3,0.46573747832539747,0.0,0.0,1.785217859326488,4
tdc_caco2_wang,11,3,4,exact_duplicate,base_3,0.6180124908939579,0.0,0.0,1.785217859326488,4
tdc_caco2_wang,11,1,8,exact_duplicate,base_3,0.5162142112294714,0.0,0.0,1.785217859326487,4
tdc_caco2_wang,11,2,8,exact_duplicate,base_3,0.46573747832539747,0.0,0.0,1.785217859326487,4
tdc_caco2_wang,11,3,8,exact_duplicate,base_3,0.6180124908939579,0.0,0.0,1.785217859326487,4
tdc_caco2_wang,11,1,16,exact_duplicate,base_3,0.5162142112294714,0.0,0.0,1.785217859326488,4
tdc_caco2_wang,11,2,16,exact_duplicate,base_3,0.46573747832539747,0.0,0.0,1.785217859326488,4
tdc_caco2_wang,11,3,16,exact_duplicate,base_3,0.6180124908939579,0.0,0.0,1.785217859326488,4
tdc_caco2_wang,11,1,32,exact_duplicate,base_3,0.5162142112294714,0.0,0.0,1.7852178593264882,4
tdc_caco2_wang,11,2,32,exact_duplicate,base_3,0.46573747832539747,0.0,0.0,1.7852178593264882,4
tdc_caco2_wang,11,3,32,exact_duplicate,base_3,0.6180124908939579,0.0,0.0,1.7852178593264882,4
tdc_caco2_wang,11,1,4,near_duplicate_95pct_anchor,base_3,0.5162142112294714,0.0,0.0,1.785217859326488,4
tdc_caco2_wang,11,2,4,near_duplicate_95pct_anchor,base_3,0.46573747832539747,0.0,0.0,1.785217859326488,4
tdc_caco2_wang,11,3,4,near_duplicate_95pct_anchor,base_3,0.6180124908939579,0.0,0.0,1.785217859326488,4
tdc_caco2_wang,11,1,8,near_duplicate_95pct_anchor,base_3,0.5162142112294714,0.0,0.0,1.7864400587407545,4
tdc_caco2_wang,11,2,8,near_duplicate_95pct_anchor,base_3,0.46573747832539747,0.0,0.0,1.7864400587407545,4
tdc_caco2_wang,11,3,8,near_duplicate_95pct_anchor,base_3,0.6180124908939579,0.0,0.0,1.7864400587407545,4
tdc_caco2_wang,11,1,16,near_duplicate_95pct_anchor,near_duplicate_95pct_anchor_7,0.516337830431957,0.0,0.0,1.7845548451750888,4
tdc_caco2_wang,11,2,16,near_duplicate_95pct_anchor,base_3,0.46573747832539747,0.0,-0.001828828227739887,1.7845548451750888,4
tdc_caco2_wang,11,3,16,near_duplicate_95pct_anchor,base_3,0.619159845849697,0.0011473549557390328,0.0011473549557390328,1.7845548451750888,4
tdc_caco2_wang,11,1,32,near_duplicate_95pct_anchor,near_duplicate_95pct_anchor_7,0.5168749242376418,0.0005370938056847852,0.00021948715510589079,1.7857600057834924,4
tdc_caco2_wang,11,2,32,near_duplicate_95pct_anchor,base_3,0.46573747832539747,0.0,-0.0030389982589575926,1.7857600057834924,4
tdc_caco2_wang,11,3,32,near_duplicate_95pct_anchor,near_duplicate_95pct_anchor_15,0.6201612660899698,0.0,-2.8212975808572516e-05,1.7857600057834924,4
tdc_caco2_wang,23,1,4,registered,ridge_a10,0.5551714014318978,0.0,0.0,1.7664712684049593,4
tdc_caco2_wang,23,2,4,registered,ridge_a10,0.5835770213042939,0.0,0.0,1.7664712684049593,4
tdc_caco2_wang,23,3,4,registered,ridge_a10,0.6794494693819999,0.0,0.0,1.7664712684049593,4
tdc_caco2_wang,23,1,8,registered,ridge_a10,0.5551714014318978,0.0,0.0,2.3898374138963585,8
tdc_caco2_wang,23,2,8,registered,ridge_a10,0.5835770213042939,0.0,0.0,2.3898374138963585,8
tdc_caco2_wang,23,3,8,registered,ridge_a10,0.6918162675493468,0.01236679816734687,0.0,2.3898374138963585,8
tdc_caco2_wang,23,1,16,registered,et_60_sqrt,0.5551714014318978,0.0149389034729831,0.0,2.064513889557766,16
tdc_caco2_wang,23,2,16,registered,ridge_a10,0.5850942255570176,0.001517204252723725,-0.015016690745981887,2.064513889557766,16
tdc_caco2_wang,23,3,16,registered,et_60_sqrt,0.7099574738210919,0.0,0.0,2.064513889557766,16
tdc_caco2_wang,23,1,32,registered,lgbm_100_leaf10,0.5551714014318978,0.013494178596889506,0.0,1.7183071387336848,32
tdc_caco2_wang,23,2,32,registered,ridge_a10,0.5875122456287463,0.003935224324452369,-0.004167572228536587,1.7183071387336848,32
tdc_caco2_wang,23,3,32,registered,et_60_sqrt,0.7099574738210919,0.0,-0.021729066601574698,1.7183071387336848,32
tdc_caco2_wang,23,1,4,weak_added,ridge_a10,0.5551714014318978,0.0,0.0,1.7664712684049593,4
tdc_caco2_wang,23,2,4,weak_added,ridge_a10,0.5835770213042939,0.0,0.0,1.7664712684049593,4
tdc_caco2_wang,23,3,4,weak_added,ridge_a10,0.6794494693819999,0.0,0.0,1.7664712684049593,4
tdc_caco2_wang,23,1,8,weak_added,ridge_a10,0.5551714014318978,0.0,0.0,2.4429940343795495,8
tdc_caco2_wang,23,2,8,weak_added,ridge_a10,0.5835770213042939,0.0,0.0,2.4429940343795495,8
tdc_caco2_wang,23,3,8,weak_added,ridge_a10,0.6794494693819999,0.0,0.0,2.4429940343795495,8
tdc_caco2_wang,23,1,16,weak_added,ridge_a10,0.5551714014318978,0.0,0.0,1.9514259770374793,16
tdc_caco2_wang,23,2,16,weak_added,ridge_a10,0.5835770213042939,0.0,0.0,1.9514259770374793,16
tdc_caco2_wang,23,3,16,weak_added,ridge_a10,0.704079782035165,0.024630312653165065,0.0,1.9514259770374793,16
tdc_caco2_wang,23,1,32,weak_added,lgbm_100_leaf10,0.5551714014318978,0.013494178596889506,0.0,1.7183071387336857,32
tdc_caco2_wang,23,2,32,weak_added,ridge_a10,0.5875122456287463,0.003935224324452369,-0.004167572228536587,1.7183071387336857,32
tdc_caco2_wang,23,3,32,weak_added,et_60_sqrt,0.7099574738210919,0.0,-0.021729066601574698,1.7183071387336857,32
tdc_caco2_wang,23,1,4,complementary_strong_added,ridge_a10,0.5551714014318978,0.0,0.0,1.7664712684049593,4
tdc_caco2_wang,23,2,4,complementary_strong_added,ridge_a10,0.5835770213042939,0.0,0.0,1.7664712684049593,4
tdc_caco2_wang,23,3,4,complementary_strong_added,ridge_a10,0.6794494693819999,0.0,0.0,1.7664712684049593,4
tdc_caco2_wang,23,1,8,complementary_strong_added,lgbm_80_bag0.8,0.5551714014318978,0.043929738271675456,0.04367992113234609,2.568129775216661,8
tdc_caco2_wang,23,2,8,complementary_strong_added,ridge_a10,0.5875122456287463,0.003935224324452369,0.001517204252723725,2.568129775216661,8
tdc_caco2_wang,23,3,8,complementary_strong_added,ridge_a10,0.7034241069998296,0.023974637617829697,0.0181728936444997,2.568129775216661,8
tdc_caco2_wang,23,1,16,complementary_strong_added,lgbm_100_leaf10,0.5551714014318978,0.013494178596889506,0.0,1.9593272160322055,16
tdc_caco2_wang,23,2,16,complementary_strong_added,ridge_a10,0.5875122456287463,0.003935224324452369,-0.004167572228536587,1.9593272160322055,16
tdc_caco2_wang,23,3,16,complementary_strong_added,et_60_sqrt,0.7099574738210919,0.0,-0.021729066601574698,1.9593272160322055,16
tdc_caco2_wang,23,1,32,complementary_strong_added,lgbm_100_leaf10,0.5551714014318978,0.013494178596889506,0.0,1.7183071387336857,32
tdc_caco2_wang,23,2,32,complementary_strong_added,ridge_a10,0.5875122456287463,0.003935224324452369,-0.004167572228536587,1.7183071387336857,32
tdc_caco2_wang,23,3,32,complementary_strong_added,et_60_sqrt,0.7099574738210919,0.0,-0.021729066601574698,1.7183071387336857,32
tdc_caco2_wang,23,1,4,exact_duplicate,base_3,0.5551714014318978,0.0,0.0,1.7664712684049593,4
tdc_caco2_wang,23,2,4,exact_duplicate,base_3,0.5835770213042939,0.0,0.0,1.7664712684049593,4
tdc_caco2_wang,23,3,4,exact_duplicate,base_3,0.6794494693819999,0.0,0.0,1.7664712684049593,4
tdc_caco2_wang,23,1,8,exact_duplicate,base_3,0.5551714014318978,0.0,0.0,1.7664712684049595,4
tdc_caco2_wang,23,2,8,exact_duplicate,base_3,0.5835770213042939,0.0,0.0,1.7664712684049595,4
tdc_caco2_wang,23,3,8,exact_duplicate,base_3,0.6794494693819999,0.0,0.0,1.7664712684049595,4
tdc_caco2_wang,23,1,16,exact_duplicate,base_3,0.5551714014318978,0.0,0.0,1.7664712684049608,4
tdc_caco2_wang,23,2,16,exact_duplicate,base_3,0.5835770213042939,0.0,0.0,1.7664712684049608,4
tdc_caco2_wang,23,3,16,exact_duplicate,base_3,0.6794494693819999,0.0,0.0,1.7664712684049608,4
tdc_caco2_wang,23,1,32,exact_duplicate,base_3,0.5551714014318978,0.0,0.0,1.76647126840496,4
tdc_caco2_wang,23,2,32,exact_duplicate,base_3,0.5835770213042939,0.0,0.0,1.76647126840496,4
tdc_caco2_wang,23,3,32,exact_duplicate,base_3,0.6794494693819999,0.0,0.0,1.76647126840496,4
tdc_caco2_wang,23,1,4,near_duplicate_95pct_anchor,base_3,0.5551714014318978,0.0,0.0,1.7664712684049593,4
tdc_caco2_wang,23,2,4,near_duplicate_95pct_anchor,base_3,0.5835770213042939,0.0,0.0,1.7664712684049593,4
tdc_caco2_wang,23,3,4,near_duplicate_95pct_anchor,base_3,0.6794494693819999,0.0,0.0,1.7664712684049593,4
tdc_caco2_wang,23,1,8,near_duplicate_95pct_anchor,base_3,0.5551714014318978,0.0,0.0,1.7702142277336814,4
tdc_caco2_wang,23,2,8,near_duplicate_95pct_anchor,base_3,0.5835770213042939,0.0,0.0,1.7702142277336814,4
tdc_caco2_wang,23,3,8,near_duplicate_95pct_anchor,base_3,0.6795418580383433,9.238865634342286e-05,0.0,1.7702142277336814,4
tdc_caco2_wang,23,1,16,near_duplicate_95pct_anchor,base_3,0.5551714014318978,0.0,-0.0016453799620232967,1.7694397980271719,4
tdc_caco2_wang,23,2,16,near_duplicate_95pct_anchor,base_3,0.5835770213042939,0.0,-0.0012210242552274098,1.7694397980271719,4
tdc_caco2_wang,23,3,16,near_duplicate_95pct_anchor,base_3,0.6801151876112194,0.0006657182292194586,0.0006657182292194586,1.7694397980271719,4
tdc_caco2_wang,23,1,32,near_duplicate_95pct_anchor,near_duplicate_95pct_anchor_19,0.5551714014318978,0.0021964869135837617,0.0,1.7715228404259593,4
tdc_caco2_wang,23,2,32,near_duplicate_95pct_anchor,base_3,0.5837737825205166,0.00019676121622269616,0.00019676121622269616,1.7715228404259593,4
tdc_caco2_wang,23,3,32,near_duplicate_95pct_anchor,base_3,0.6806482012628915,0.0011987318808915903,0.0011987318808915903,1.7715228404259593,4
tdc_caco2_wang,37,1,4,registered,ridge_a10,0.67096678933731,0.0,0.0,1.8767686595184974,4
tdc_caco2_wang,37,2,4,registered,ridge_a10,0.7745197830281607,0.0,0.0,1.8767686595184974,4
tdc_caco2_wang,37,3,4,registered,ridge_a10,0.6061676354500055,0.0,0.0,1.8767686595184974,4
tdc_caco2_wang,37,1,8,registered,ridge_a10,0.67096678933731,0.0,0.0,2.3469860080660325,8
tdc_caco2_wang,37,2,8,registered,ridge_a10,0.7899569492395823,0.015437166211421549,0.0,2.3469860080660325,8
tdc_caco2_wang,37,3,8,registered,ridge_a10,0.6061676354500055,0.0,0.0,2.3469860080660325,8
tdc_caco2_wang,37,1,16,registered,ridge_a10,0.6808113100090102,0.009844520671700163,-0.04531919642460325,1.961744719922331,16
tdc_caco2_wang,37,2,16,registered,ridge_a10,0.8238555715101152,0.04933578848195452,0.04933578848195452,1.961744719922331,16
tdc_caco2_wang,37,3,16,registered,et_60_sqrt,0.6300263432428629,0.009839282735359722,-0.003516123256339432,1.961744719922331,16
tdc_caco2_wang,37,1,32,registered,xgb_80_d5,0.6808113100090102,0.014896682699769959,0.010732786389653803,1.618612526110076,32
tdc_caco2_wang,37,2,32,registered,xgb_80_d5,0.8396506200971019,0.0407232962553542,0.025692158510760787,1.618612526110076,32
tdc_caco2_wang,37,3,32,registered,lgbm_80_ff0.7,0.6391130560424644,0.03230176052571532,0.02053878823619748,1.618612526110076,32
tdc_caco2_wang,37,1,4,weak_added,ridge_a10,0.67096678933731,0.0,0.0,1.8767686595184974,4
tdc_caco2_wang,37,2,4,weak_added,ridge_a10,0.7745197830281607,0.0,0.0,1.8767686595184974,4
tdc_caco2_wang,37,3,4,weak_added,ridge_a10,0.6061676354500055,0.0,0.0,1.8767686595184974,4
tdc_caco2_wang,37,1,8,weak_added,ridge_a10,0.67096678933731,0.0,0.0,2.406090450414038,8
tdc_caco2_wang,37,2,8,weak_added,ridge_a10,0.7745197830281607,0.0,0.0,2.406090450414038,8
tdc_caco2_wang,37,3,8,weak_added,ridge_a10,0.6061676354500055,0.0,0.0,2.406090450414038,8
tdc_caco2_wang,37,1,16,weak_added,ridge_a10,0.6716192684123022,0.0006524790749922182,0.0,1.843242442828109,16
tdc_caco2_wang,37,2,16,weak_added,ridge_a10,0.8031153500358322,0.02859556700767152,0.0,1.843242442828109,16
tdc_caco2_wang,37,3,16,weak_added,ridge_a10,0.6061676354500055,0.0,0.0,1.843242442828109,16
tdc_caco2_wang,37,1,32,weak_added,xgb_80_d5,0.6808113100090102,0.014896682699769959,0.010732786389653803,1.618612526110075,32
tdc_caco2_wang,37,2,32,weak_added,xgb_80_d5,0.8396506200971019,0.0407232962553542,0.025692158510760787,1.618612526110075,32
tdc_caco2_wang,37,3,32,weak_added,lgbm_80_ff0.7,0.6391130560424644,0.03230176052571532,0.02053878823619748,1.618612526110075,32
tdc_caco2_wang,37,1,4,complementary_strong_added,ridge_a10,0.67096678933731,0.0,0.0,1.8767686595184974,4
tdc_caco2_wang,37,2,4,complementary_strong_added,ridge_a10,0.7745197830281607,0.0,0.0,1.8767686595184974,4
tdc_caco2_wang,37,3,4,complementary_strong_added,ridge_a10,0.6061676354500055,0.0,0.0,1.8767686595184974,4
tdc_caco2_wang,37,1,8,complementary_strong_added,ridge_a10,0.67096678933731,0.0,-0.04531919642460325,2.544756877549749,8
tdc_caco2_wang,37,2,8,complementary_strong_added,ridge_a10,0.8318019842005713,0.05728220117241056,0.04933578848195452,2.544756877549749,8
tdc_caco2_wang,37,3,8,complementary_strong_added,ridge_a10,0.6166709372511637,0.010503301801158216,0.010503301801158216,2.544756877549749,8
tdc_caco2_wang,37,1,16,complementary_strong_added,xgb_80_d5,0.676647413698894,0.010732786389653803,0.010732786389653803,1.8949161571198518,16
tdc_caco2_wang,37,2,16,complementary_strong_added,xgb_80_d5,0.8396506200971019,0.0407232962553542,0.025692158510760787,1.8949161571198518,16
tdc_caco2_wang,37,3,16,complementary_strong_added,lgbm_80_ff0.7,0.6273500837529465,0.02053878823619748,0.02053878823619748,1.8949161571198518,16
tdc_caco2_wang,37,1,32,complementary_strong_added,xgb_80_d5,0.6808113100090102,0.014896682699769959,0.010732786389653803,1.6186125261100754,32
tdc_caco2_wang,37,2,32,complementary_strong_added,xgb_80_d5,0.8396506200971019,0.0407232962553542,0.025692158510760787,1.6186125261100754,32
tdc_caco2_wang,37,3,32,complementary_strong_added,lgbm_80_ff0.7,0.6391130560424644,0.03230176052571532,0.02053878823619748,1.6186125261100754,32
tdc_caco2_wang,37,1,4,exact_duplicate,base_3,0.67096678933731,0.0,0.0,1.8767686595184974,4
tdc_caco2_wang,37,2,4,exact_duplicate,base_3,0.7745197830281607,0.0,0.0,1.8767686595184974,4
tdc_caco2_wang,37,3,4,exact_duplicate,base_3,0.6061676354500055,0.0,0.0,1.8767686595184974,4
tdc_caco2_wang,37,1,8,exact_duplicate,base_3,0.67096678933731,0.0,0.0,1.8767686595184963,4
tdc_caco2_wang,37,2,8,exact_duplicate,base_3,0.7745197830281607,0.0,0.0,1.8767686595184963,4
tdc_caco2_wang,37,3,8,exact_duplicate,base_3,0.6061676354500055,0.0,0.0,1.8767686595184963,4
tdc_caco2_wang,37,1,16,exact_duplicate,base_3,0.67096678933731,0.0,0.0,1.876768659518497,4
tdc_caco2_wang,37,2,16,exact_duplicate,base_3,0.7745197830281607,0.0,0.0,1.876768659518497,4
tdc_caco2_wang,37,3,16,exact_duplicate,base_3,0.6061676354500055,0.0,0.0,1.876768659518497,4
tdc_caco2_wang,37,1,32,exact_duplicate,base_3,0.67096678933731,0.0,0.0,1.8767686595184974,4
tdc_caco2_wang,37,2,32,exact_duplicate,base_3,0.7745197830281607,0.0,0.0,1.8767686595184974,4
tdc_caco2_wang,37,3,32,exact_duplicate,base_3,0.6061676354500055,0.0,0.0,1.8767686595184974,4
tdc_caco2_wang,37,1,4,near_duplicate_95pct_anchor,base_3,0.67096678933731,0.0,0.0,1.8767686595184974,4
tdc_caco2_wang,37,2,4,near_duplicate_95pct_anchor,base_3,0.7745197830281607,0.0,0.0,1.8767686595184974,4
tdc_caco2_wang,37,3,4,near_duplicate_95pct_anchor,base_3,0.6061676354500055,0.0,0.0,1.8767686595184974,4
tdc_caco2_wang,37,1,8,near_duplicate_95pct_anchor,base_3,0.67096678933731,0.0,0.0,1.880182536723792,4
tdc_caco2_wang,37,2,8,near_duplicate_95pct_anchor,base_3,0.7747769319464219,0.00025714891826122965,0.0,1.880182536723792,4
tdc_caco2_wang,37,3,8,near_duplicate_95pct_anchor,base_3,0.6061676354500055,0.0,0.0,1.880182536723792,4
tdc_caco2_wang,37,1,16,near_duplicate_95pct_anchor,base_3,0.67096678933731,0.0,-0.0003704057837593533,1.8801295396230584,4
tdc_caco2_wang,37,2,16,near_duplicate_95pct_anchor,base_3,0.7750704377818427,0.0005506547536819895,0.0005506547536819895,1.8801295396230584,4
tdc_caco2_wang,37,3,16,near_duplicate_95pct_anchor,base_3,0.6068165781281359,0.0006489426781304264,0.0006489426781304264,1.8801295396230584,4
tdc_caco2_wang,37,1,32,near_duplicate_95pct_anchor,base_3,0.67096678933731,0.0,-0.0016706295015758155,1.881620345512686,4
tdc_caco2_wang,37,2,32,near_duplicate_95pct_anchor,base_3,0.7773838930867812,0.002864110058620528,0.002256631521283081,1.881620345512686,4
tdc_caco2_wang,37,3,32,near_duplicate_95pct_anchor,base_3,0.6068165781281359,0.0006489426781304264,-0.00011635289297418083,1.881620345512686,4
tdc_caco2_wang,53,1,4,registered,ridge_a10,0.5966501818821102,0.0,0.0,1.8942953655878174,4
tdc_caco2_wang,53,2,4,registered,ridge_a10,0.5120578659713245,0.0,0.0,1.8942953655878174,4
tdc_caco2_wang,53,3,4,registered,ridge_a10,0.4913469723023465,0.0,0.0,1.8942953655878174,4
tdc_caco2_wang,53,1,8,registered,rf_60_sqrt,0.6060925178654706,0.0,-0.009442335983360417,2.348227470578998,8
tdc_caco2_wang,53,2,8,registered,ridge_a10,0.5120578659713245,0.0,0.0,2.348227470578998,8
tdc_caco2_wang,53,3,8,registered,ridge_a10,0.5113961204888922,0.020049148186545684,0.0,2.348227470578998,8
tdc_caco2_wang,53,1,16,registered,et_60_sqrt,0.6660328740480392,0.04559287334381057,0.0,1.9723133705189742,16
tdc_caco2_wang,53,2,16,registered,histgb_lr0.1,0.5120578659713245,0.07166339570431357,0.019066386319191775,1.9723133705189742,16
tdc_caco2_wang,53,3,16,registered,ridge_a10,0.5361186128695444,0.04477164056719796,0.04477164056719796,1.9723133705189742,16
tdc_caco2_wang,53,1,32,registered,et_60_sqrt,0.6660328740480392,0.04559287334381057,0.03322718432854588,1.6343427399103292,32
tdc_caco2_wang,53,2,32,registered,lgbm_100_leaf10,0.5120578659713245,0.06206750412448725,0.0,1.6343427399103292,32
tdc_caco2_wang,53,3,32,registered,xgb_60_d6,0.5361186128695444,0.020732682237345923,0.020523575970033292,1.6343427399103292,32
tdc_caco2_wang,53,1,4,weak_added,ridge_a10,0.5966501818821102,0.0,0.0,1.8942953655878174,4
tdc_caco2_wang,53,2,4,weak_added,ridge_a10,0.5120578659713245,0.0,0.0,1.8942953655878174,4
tdc_caco2_wang,53,3,4,weak_added,ridge_a10,0.4913469723023465,0.0,0.0,1.8942953655878174,4
tdc_caco2_wang,53,1,8,weak_added,ridge_a10,0.5966501818821102,0.0,0.0,2.40631678338039,8
tdc_caco2_wang,53,2,8,weak_added,ridge_a10,0.5120578659713245,0.0,0.0,2.40631678338039,8
tdc_caco2_wang,53,3,8,weak_added,ridge_a10,0.4913469723023465,0.0,0.0,2.40631678338039,8
tdc_caco2_wang,53,1,16,weak_added,rf_90_leaf2,0.6477584852243479,0.057597309801623475,0.006489006459385771,1.8511342751853062,16
tdc_caco2_wang,53,2,16,weak_added,xgb_100_d3,0.5120578659713245,0.09015121003560245,0.09015121003560245,1.8511342751853062,16
tdc_caco2_wang,53,3,16,weak_added,ridge_a10,0.5033606192209751,0.012013646918628607,0.0,1.8511342751853062,16
tdc_caco2_wang,53,1,32,weak_added,et_60_sqrt,0.6660328740480392,0.04559287334381057,0.03322718432854588,1.63434273991033,32
tdc_caco2_wang,53,2,32,weak_added,lgbm_100_leaf10,0.5120578659713245,0.06206750412448725,0.0,1.63434273991033,32
tdc_caco2_wang,53,3,32,weak_added,xgb_60_d6,0.5361186128695444,0.020732682237345923,0.020523575970033292,1.63434273991033,32
tdc_caco2_wang,53,1,4,complementary_strong_added,ridge_a10,0.5966501818821102,0.0,0.0,1.8942953655878174,4
tdc_caco2_wang,53,2,4,complementary_strong_added,ridge_a10,0.5120578659713245,0.0,0.0,1.8942953655878174,4
tdc_caco2_wang,53,3,4,complementary_strong_added,ridge_a10,0.4913469723023465,0.0,0.0,1.8942953655878174,4
tdc_caco2_wang,53,1,8,complementary_strong_added,histgb_lr0.05,0.6660328740480392,0.009486772859256365,0.009486772859256365,2.5097947311624305,8
tdc_caco2_wang,53,2,8,complementary_strong_added,histgb_lr0.1,0.5120578659713245,0.07166339570431357,0.0,2.5097947311624305,8
tdc_caco2_wang,53,3,8,complementary_strong_added,ridge_a10,0.5265002753405728,0.03515330303822628,0.03515330303822628,2.5097947311624305,8
tdc_caco2_wang,53,1,16,complementary_strong_added,et_60_sqrt,0.6660328740480392,0.04559287334381057,0.03322718432854588,1.9479163257112764,16
tdc_caco2_wang,53,2,16,complementary_strong_added,lgbm_100_leaf10,0.5120578659713245,0.06206750412448725,0.0,1.9479163257112764,16
tdc_caco2_wang,53,3,16,complementary_strong_added,xgb_80_d5,0.5361186128695444,0.008661859121719018,0.008452752854406387,1.9479163257112764,16
tdc_caco2_wang,53,1,32,complementary_strong_added,et_60_sqrt,0.6660328740480392,0.04559287334381057,0.03322718432854588,1.63434273991033,32
tdc_caco2_wang,53,2,32,complementary_strong_added,lgbm_100_leaf10,0.5120578659713245,0.06206750412448725,0.0,1.63434273991033,32
tdc_caco2_wang,53,3,32,complementary_strong_added,xgb_60_d6,0.5361186128695444,0.020732682237345923,0.020523575970033292,1.63434273991033,32
tdc_caco2_wang,53,1,4,exact_duplicate,base_3,0.5966501818821102,0.0,0.0,1.8942953655878172,4
tdc_caco2_wang,53,2,4,exact_duplicate,base_3,0.5120578659713245,0.0,0.0,1.8942953655878172,4
tdc_caco2_wang,53,3,4,exact_duplicate,base_3,0.4913469723023465,0.0,0.0,1.8942953655878172,4
tdc_caco2_wang,53,1,8,exact_duplicate,base_3,0.5966501818821102,0.0,0.0,1.8942953655878172,4
tdc_caco2_wang,53,2,8,exact_duplicate,base_3,0.5120578659713245,0.0,0.0,1.8942953655878172,4
tdc_caco2_wang,53,3,8,exact_duplicate,base_3,0.4913469723023465,0.0,0.0,1.8942953655878172,4
tdc_caco2_wang,53,1,16,exact_duplicate,base_3,0.5966501818821102,0.0,0.0,1.894295365587818,4
tdc_caco2_wang,53,2,16,exact_duplicate,base_3,0.5120578659713245,0.0,0.0,1.894295365587818,4
tdc_caco2_wang,53,3,16,exact_duplicate,base_3,0.4913469723023465,0.0,0.0,1.894295365587818,4
tdc_caco2_wang,53,1,32,exact_duplicate,base_3,0.5966501818821102,0.0,0.0,1.894295365587819,4
tdc_caco2_wang,53,2,32,exact_duplicate,base_3,0.5120578659713245,0.0,0.0,1.894295365587819,4
tdc_caco2_wang,53,3,32,exact_duplicate,base_3,0.4913469723023465,0.0,0.0,1.894295365587819,4
tdc_caco2_wang,53,1,4,near_duplicate_95pct_anchor,base_3,0.5966501818821102,0.0,0.0,1.8942953655878172,4
tdc_caco2_wang,53,2,4,near_duplicate_95pct_anchor,base_3,0.5120578659713245,0.0,0.0,1.8942953655878172,4
tdc_caco2_wang,53,3,4,near_duplicate_95pct_anchor,base_3,0.4913469723023465,0.0,0.0,1.8942953655878172,4
tdc_caco2_wang,53,1,8,near_duplicate_95pct_anchor,near_duplicate_95pct_anchor_3,0.5966501818821102,0.0003244503229693496,0.0003244503229693496,1.8963419750024837,4
tdc_caco2_wang,53,2,8,near_duplicate_95pct_anchor,base_3,0.5120578659713245,0.0,0.0,1.8963419750024837,4
tdc_caco2_wang,53,3,8,near_duplicate_95pct_anchor,base_3,0.4914513473663056,0.00010437506395910567,0.0,1.8963419750024837,4
tdc_caco2_wang,53,1,16,near_duplicate_95pct_anchor,near_duplicate_95pct_anchor_7,0.5974182419364185,0.0,0.0,1.893875712277144,4
tdc_caco2_wang,53,2,16,near_duplicate_95pct_anchor,near_duplicate_95pct_anchor_7,0.5120578659713245,0.003036875029177599,0.0,1.893875712277144,4
tdc_caco2_wang,53,3,16,near_duplicate_95pct_anchor,base_3,0.4929437444719126,0.0015967721695661075,0.0015967721695661075,1.893875712277144,4
tdc_caco2_wang,53,1,32,near_duplicate_95pct_anchor,near_duplicate_95pct_anchor_7,0.6001137304659343,0.0026954885295158437,0.0016578429978201248,1.8934699173555931,4
tdc_caco2_wang,53,2,32,near_duplicate_95pct_anchor,near_duplicate_95pct_anchor_19,0.5120578659713245,0.004493542840573239,0.0,1.8934699173555931,4
tdc_caco2_wang,53,3,32,near_duplicate_95pct_anchor,base_3,0.4929437444719126,0.0015967721695661075,0.00043447658046602555,1.8934699173555931,4
tdc_caco2_wang,71,1,4,registered,ridge_a10,0.495421443577594,0.0,0.0,1.7329178405276073,4
tdc_caco2_wang,71,2,4,registered,ridge_a10,0.5444284035318857,0.0,0.0,1.7329178405276073,4
tdc_caco2_wang,71,3,4,registered,ridge_a10,0.7106729055192423,0.0,0.0,1.7329178405276073,4
tdc_caco2_wang,71,1,8,registered,ridge_a10,0.49904867992904545,0.003627236351451457,0.0,2.3180297741215403,8
tdc_caco2_wang,71,2,8,registered,rf_60_sqrt,0.5444284035318857,0.055693252587969755,0.055693252587969755,2.3180297741215403,8
tdc_caco2_wang,71,3,8,registered,ridge_a10,0.7289043264228635,0.018231420903621176,0.0,2.3180297741215403,8
tdc_caco2_wang,71,1,16,registered,gb_lr0.1_d3,0.5409646381042499,0.03064538634451075,0.004502579534731543,2.0296616165556975,16
tdc_caco2_wang,71,2,16,registered,histgb_lr0.1,0.5444284035318857,0.04094412516913648,0.03677324833609252,2.0296616165556975,16
tdc_caco2_wang,71,3,16,registered,et_60_sqrt,0.7419942153004293,0.003344283376875312,0.0,2.0296616165556975,16
tdc_caco2_wang,71,1,32,registered,xgb_80_d5,0.5409646381042499,0.01661362966499591,0.0014421902894048433,1.702987727834108,32
tdc_caco2_wang,71,2,32,registered,lgbm_80_bag0.8,0.5444284035318857,0.030471740204331965,0.007544052697058379,1.702987727834108,32
tdc_caco2_wang,71,3,32,registered,xgb_80_d5,0.7538749327397638,0.012342492128136318,0.012342492128136318,1.702987727834108,32
tdc_caco2_wang,71,1,4,weak_added,ridge_a10,0.495421443577594,0.0,0.0,1.7329178405276073,4
tdc_caco2_wang,71,2,4,weak_added,ridge_a10,0.5444284035318857,0.0,0.0,1.7329178405276073,4
tdc_caco2_wang,71,3,4,weak_added,ridge_a10,0.7106729055192423,0.0,0.0,1.7329178405276073,4
tdc_caco2_wang,71,1,8,weak_added,ridge_a10,0.495421443577594,0.0,0.0,2.3846068164757863,8
tdc_caco2_wang,71,2,8,weak_added,ridge_a10,0.5444284035318857,0.0,0.0,2.3846068164757863,8
tdc_caco2_wang,71,3,8,weak_added,ridge_a10,0.7106729055192423,0.0,0.0,2.3846068164757863,8
tdc_caco2_wang,71,1,16,weak_added,ridge_a10,0.5307055714258867,0.03528412784829271,0.0,1.8987741279622772,16
tdc_caco2_wang,71,2,16,weak_added,lgbm_100_leaf30,0.5444284035318857,0.0719596537915832,0.0719596537915832,1.8987741279622772,16
tdc_caco2_wang,71,3,16,weak_added,ridge_a10,0.7227079645542596,0.012035059035017226,0.0,1.8987741279622772,16
tdc_caco2_wang,71,1,32,weak_added,xgb_80_d5,0.5409646381042499,0.01661362966499591,0.0014421902894048433,1.702987727834108,32
tdc_caco2_wang,71,2,32,weak_added,lgbm_80_bag0.8,0.5444284035318857,0.030471740204331965,0.007544052697058379,1.702987727834108,32
tdc_caco2_wang,71,3,32,weak_added,xgb_80_d5,0.7538749327397638,0.012342492128136318,0.012342492128136318,1.702987727834108,32
tdc_caco2_wang,71,1,4,complementary_strong_added,ridge_a10,0.495421443577594,0.0,0.0,1.7329178405276073,4
tdc_caco2_wang,71,2,4,complementary_strong_added,ridge_a10,0.5444284035318857,0.0,0.0,1.7329178405276073,4
tdc_caco2_wang,71,3,4,complementary_strong_added,ridge_a10,0.7106729055192423,0.0,0.0,1.7329178405276073,4
tdc_caco2_wang,71,1,8,complementary_strong_added,ridge_a10,0.5379886980900456,0.04256725451245158,0.04256725451245158,2.515797307943565,8
tdc_caco2_wang,71,2,8,complementary_strong_added,lgbm_80_bag0.8,0.5444284035318857,0.030471740204331965,-0.010472384964804515,2.515797307943565,8
tdc_caco2_wang,71,3,8,complementary_strong_added,ridge_a10,0.7419942153004293,0.03132130978118697,0.03132130978118697,2.515797307943565,8
tdc_caco2_wang,71,1,16,complementary_strong_added,xgb_80_d5,0.5409646381042499,0.01661362966499591,0.0014421902894048433,1.937281802113119,16
tdc_caco2_wang,71,2,16,complementary_strong_added,lgbm_80_bag0.8,0.5444284035318857,0.030471740204331965,0.007544052697058379,1.937281802113119,16
tdc_caco2_wang,71,3,16,complementary_strong_added,xgb_80_d5,0.7538749327397638,0.012342492128136318,0.012342492128136318,1.937281802113119,16
tdc_caco2_wang,71,1,32,complementary_strong_added,xgb_80_d5,0.5409646381042499,0.01661362966499591,0.0014421902894048433,1.7029877278341081,32
tdc_caco2_wang,71,2,32,complementary_strong_added,lgbm_80_bag0.8,0.5444284035318857,0.030471740204331965,0.007544052697058379,1.7029877278341081,32
tdc_caco2_wang,71,3,32,complementary_strong_added,xgb_80_d5,0.7538749327397638,0.012342492128136318,0.012342492128136318,1.7029877278341081,32
tdc_caco2_wang,71,1,4,exact_duplicate,base_3,0.495421443577594,0.0,0.0,1.732917840527607,4
tdc_caco2_wang,71,2,4,exact_duplicate,base_3,0.5444284035318857,0.0,0.0,1.732917840527607,4
tdc_caco2_wang,71,3,4,exact_duplicate,base_3,0.7106729055192423,0.0,0.0,1.732917840527607,4
tdc_caco2_wang,71,1,8,exact_duplicate,base_3,0.495421443577594,0.0,0.0,1.7329178405276071,4
tdc_caco2_wang,71,2,8,exact_duplicate,base_3,0.5444284035318857,0.0,0.0,1.7329178405276071,4
tdc_caco2_wang,71,3,8,exact_duplicate,base_3,0.7106729055192423,0.0,0.0,1.7329178405276071,4
tdc_caco2_wang,71,1,16,exact_duplicate,base_3,0.495421443577594,0.0,0.0,1.7329178405276076,4
tdc_caco2_wang,71,2,16,exact_duplicate,base_3,0.5444284035318857,0.0,0.0,1.7329178405276076,4
tdc_caco2_wang,71,3,16,exact_duplicate,base_3,0.7106729055192423,0.0,0.0,1.7329178405276076,4
tdc_caco2_wang,71,1,32,exact_duplicate,base_3,0.495421443577594,0.0,0.0,1.7329178405276082,4
tdc_caco2_wang,71,2,32,exact_duplicate,base_3,0.5444284035318857,0.0,0.0,1.7329178405276082,4
tdc_caco2_wang,71,3,32,exact_duplicate,base_3,0.7106729055192423,0.0,0.0,1.7329178405276082,4
tdc_caco2_wang,71,1,4,near_duplicate_95pct_anchor,base_3,0.495421443577594,0.0,0.0,1.732917840527607,4
tdc_caco2_wang,71,2,4,near_duplicate_95pct_anchor,base_3,0.5444284035318857,0.0,0.0,1.732917840527607,4
tdc_caco2_wang,71,3,4,near_duplicate_95pct_anchor,base_3,0.7106729055192423,0.0,0.0,1.732917840527607,4
tdc_caco2_wang,71,1,8,near_duplicate_95pct_anchor,base_3,0.495421443577594,0.0,0.0,1.7355058421142722,4
tdc_caco2_wang,71,2,8,near_duplicate_95pct_anchor,base_3,0.5444284035318857,0.0,0.0,1.7355058421142722,4
tdc_caco2_wang,71,3,8,near_duplicate_95pct_anchor,base_3,0.7112746584709932,0.0006017529517509113,0.0,1.7355058421142722,4
tdc_caco2_wang,71,1,16,near_duplicate_95pct_anchor,base_3,0.49618825523654886,0.000766811658954869,0.000766811658954869,1.7348328048411776,4
tdc_caco2_wang,71,2,16,near_duplicate_95pct_anchor,near_duplicate_95pct_anchor_7,0.5444284035318857,0.0013170315851503966,0.0,1.7348328048411776,4
tdc_caco2_wang,71,3,16,near_duplicate_95pct_anchor,base_3,0.7118356632405647,0.0011627577213223494,0.0011627577213223494,1.7348328048411776,4
tdc_caco2_wang,71,1,32,near_duplicate_95pct_anchor,base_3,0.4972391954684501,0.0018177518908560897,0.0018177518908560897,1.7364400836016347,4
tdc_caco2_wang,71,2,32,near_duplicate_95pct_anchor,near_duplicate_95pct_anchor_19,0.5444284035318857,0.0015235870102165983,0.0,1.7364400836016347,4
tdc_caco2_wang,71,3,32,near_duplicate_95pct_anchor,base_3,0.7121616717189465,0.0014887661997041723,0.0014887661997041723,1.7364400836016347,4
tdc_caco2_wang,83,1,4,registered,ridge_a10,0.6155617239741202,0.0,0.0,1.7839079175848915,4
tdc_caco2_wang,83,2,4,registered,ridge_a10,0.6476234631132863,0.0,0.0,1.7839079175848915,4
tdc_caco2_wang,83,3,4,registered,ridge_a10,0.46114670593558515,0.0,0.0,1.7839079175848915,4
tdc_caco2_wang,83,1,8,registered,ridge_a10,0.6608564402112846,0.04529471623716441,0.0,2.325564576703938,8
tdc_caco2_wang,83,2,8,registered,ridge_a10,0.6711378012099273,0.02351433809664094,0.0,2.325564576703938,8
tdc_caco2_wang,83,3,8,registered,ridge_a10,0.49467183116946056,0.03352512523387541,0.0,2.325564576703938,8
tdc_caco2_wang,83,1,16,registered,ridge_a10,0.7011395694544722,0.08557784548035197,0.05174945115817009,2.0051067797144766,16
tdc_caco2_wang,83,2,16,registered,ridge_a10,0.68155740651709,0.033933943403803624,0.02273485721857027,2.0051067797144766,16
tdc_caco2_wang,83,3,16,registered,histgb_lr0.05,0.5195512834422668,0.05537581871550057,0.05537581871550057,2.0051067797144766,16
tdc_caco2_wang,83,1,32,registered,ridge_a10,0.7023341502992879,0.08677242632516768,0.08677242632516768,1.666136302446328,32
tdc_caco2_wang,83,2,32,registered,ridge_a10,0.70334295814198,0.055719495028693666,0.01508393150818843,1.666136302446328,32
tdc_caco2_wang,83,3,32,registered,lgbm_80_bag0.8,0.5195512834422668,0.04781256524837407,0.01529991259425223,1.666136302446328,32
tdc_caco2_wang,83,1,4,weak_added,ridge_a10,0.6155617239741202,0.0,0.0,1.7839079175848915,4
tdc_caco2_wang,83,2,4,weak_added,ridge_a10,0.6476234631132863,0.0,0.0,1.7839079175848915,4
tdc_caco2_wang,83,3,4,weak_added,ridge_a10,0.46114670593558515,0.0,0.0,1.7839079175848915,4
tdc_caco2_wang,83,1,8,weak_added,ridge_a10,0.6424257191422281,0.02686399516810789,0.0,2.3834781513663033,8
tdc_caco2_wang,83,2,8,weak_added,ridge_a10,0.65996401207756,0.012340548964273612,0.0,2.3834781513663033,8
tdc_caco2_wang,83,3,8,weak_added,ridge_a10,0.46114670593558515,0.0,0.0,2.3834781513663033,8
tdc_caco2_wang,83,1,16,weak_added,ridge_a10,0.6803881920121134,0.06482646803799319,0.0,1.8808880892026556,16
tdc_caco2_wang,83,2,16,weak_added,ridge_a10,0.70334295814198,0.055719495028693666,0.0,1.8808880892026556,16
tdc_caco2_wang,83,3,16,weak_added,xgb_100_d3,0.49467183116946056,0.022828783734047398,-0.01069634149982801,1.8808880892026556,16
tdc_caco2_wang,83,1,32,weak_added,ridge_a10,0.7023341502992879,0.08677242632516768,0.08677242632516768,1.6661363024463287,32
tdc_caco2_wang,83,2,32,weak_added,ridge_a10,0.70334295814198,0.055719495028693666,0.01508393150818843,1.6661363024463287,32
tdc_caco2_wang,83,3,32,weak_added,lgbm_80_bag0.8,0.5195512834422668,0.04781256524837407,0.01529991259425223,1.6661363024463287,32
tdc_caco2_wang,83,1,4,complementary_strong_added,ridge_a10,0.6155617239741202,0.0,0.0,1.7839079175848915,4
tdc_caco2_wang,83,2,4,complementary_strong_added,ridge_a10,0.6476234631132863,0.0,0.0,1.7839079175848915,4
tdc_caco2_wang,83,3,4,complementary_strong_added,ridge_a10,0.46114670593558515,0.0,0.0,1.7839079175848915,4
tdc_caco2_wang,83,1,8,complementary_strong_added,ridge_a10,0.7023341502992879,0.08677242632516768,0.08677242632516768,2.615926156598,8
tdc_caco2_wang,83,2,8,complementary_strong_added,ridge_a10,0.6773847656969342,0.029761302583647842,0.01508393150818843,2.615926156598,8
tdc_caco2_wang,83,3,8,complementary_strong_added,histgb_lr0.05,0.5004378680102382,0.03626240328347197,0.022863166061378726,2.615926156598,8
tdc_caco2_wang,83,1,16,complementary_strong_added,ridge_a10,0.7023341502992879,0.08677242632516768,0.08677242632516768,1.9629087038013984,16
tdc_caco2_wang,83,2,16,complementary_strong_added,ridge_a10,0.70334295814198,0.055719495028693666,0.01508393150818843,1.9629087038013984,16
tdc_caco2_wang,83,3,16,complementary_strong_added,lgbm_80_bag0.8,0.5195512834422668,0.04781256524837407,0.01529991259425223,1.9629087038013984,16
tdc_caco2_wang,83,1,32,complementary_strong_added,ridge_a10,0.7023341502992879,0.08677242632516768,0.08677242632516768,1.6661363024463278,32
tdc_caco2_wang,83,2,32,complementary_strong_added,ridge_a10,0.70334295814198,0.055719495028693666,0.01508393150818843,1.6661363024463278,32
tdc_caco2_wang,83,3,32,complementary_strong_added,lgbm_80_bag0.8,0.5195512834422668,0.04781256524837407,0.01529991259425223,1.6661363024463278,32
tdc_caco2_wang,83,1,4,exact_duplicate,base_3,0.6155617239741202,0.0,0.0,1.7839079175848926,4
tdc_caco2_wang,83,2,4,exact_duplicate,base_3,0.6476234631132863,0.0,0.0,1.7839079175848926,4
tdc_caco2_wang,83,3,4,exact_duplicate,base_3,0.46114670593558515,0.0,0.0,1.7839079175848926,4
tdc_caco2_wang,83,1,8,exact_duplicate,base_3,0.6155617239741202,0.0,0.0,1.7839079175848918,4
tdc_caco2_wang,83,2,8,exact_duplicate,base_3,0.6476234631132863,0.0,0.0,1.7839079175848918,4
tdc_caco2_wang,83,3,8,exact_duplicate,base_3,0.46114670593558515,0.0,0.0,1.7839079175848918,4
tdc_caco2_wang,83,1,16,exact_duplicate,base_3,0.6155617239741202,0.0,0.0,1.7839079175848926,4
tdc_caco2_wang,83,2,16,exact_duplicate,base_3,0.6476234631132863,0.0,0.0,1.7839079175848926,4
tdc_caco2_wang,83,3,16,exact_duplicate,base_3,0.46114670593558515,0.0,0.0,1.7839079175848926,4
tdc_caco2_wang,83,1,32,exact_duplicate,base_3,0.6155617239741202,0.0,0.0,1.7839079175848922,4
tdc_caco2_wang,83,2,32,exact_duplicate,base_3,0.6476234631132863,0.0,0.0,1.7839079175848922,4
tdc_caco2_wang,83,3,32,exact_duplicate,base_3,0.46114670593558515,0.0,0.0,1.7839079175848922,4
tdc_caco2_wang,83,1,4,near_duplicate_95pct_anchor,base_3,0.6155617239741202,0.0,0.0,1.7839079175848926,4
tdc_caco2_wang,83,2,4,near_duplicate_95pct_anchor,base_3,0.6476234631132863,0.0,0.0,1.7839079175848926,4
tdc_caco2_wang,83,3,4,near_duplicate_95pct_anchor,base_3,0.46114670593558515,0.0,0.0,1.7839079175848926,4
tdc_caco2_wang,83,1,8,near_duplicate_95pct_anchor,base_3,0.6171151362206361,0.0015534122465158395,0.0,1.792726894026123,4
tdc_caco2_wang,83,2,8,near_duplicate_95pct_anchor,base_3,0.6487991800181183,0.0011757169048319804,0.0,1.792726894026123,4
tdc_caco2_wang,83,3,8,near_duplicate_95pct_anchor,base_3,0.4628229621972789,0.0016762562616937648,0.0,1.792726894026123,4
tdc_caco2_wang,83,1,16,near_duplicate_95pct_anchor,base_3,0.6182913313443614,0.002729607370241194,0.0,1.7952180442528212,4
tdc_caco2_wang,83,2,16,near_duplicate_95pct_anchor,base_3,0.6493201602834765,0.0016966971701901645,0.0,1.7952180442528212,4
tdc_caco2_wang,83,3,16,near_duplicate_95pct_anchor,near_duplicate_95pct_anchor_7,0.4628229621972789,1.798253167906161e-05,-0.0016582737300147032,1.7952180442528212,4
tdc_caco2_wang,83,1,32,near_duplicate_95pct_anchor,base_3,0.6198747957116879,0.004313071737567675,0.0,1.7990929822545632,4
tdc_caco2_wang,83,2,32,near_duplicate_95pct_anchor,base_3,0.6496910708489418,0.002067607735655508,0.0,1.7990929822545632,4
tdc_caco2_wang,83,3,32,near_duplicate_95pct_anchor,near_duplicate_95pct_anchor_19,0.4630230150907122,0.0013467085422116387,-0.0005296006129154041,1.7990929822545632,4
tdc_caco2_wang,97,1,4,registered,ridge_a10,0.48962565744619857,0.0,0.0,1.7238585807520999,4
tdc_caco2_wang,97,2,4,registered,ridge_a10,0.47386139980929687,0.0,0.0,1.7238585807520999,4
tdc_caco2_wang,97,3,4,registered,ridge_a10,0.7840184443998311,0.0,0.0,1.7238585807520999,4
tdc_caco2_wang,97,1,8,registered,ridge_a10,0.5072436811194972,0.017618023673298677,0.0,2.2888778581761677,8
tdc_caco2_wang,97,2,8,registered,rf_60_sqrt,0.47386139980929687,0.030551727866954703,0.030551727866954703,2.2888778581761677,8
tdc_caco2_wang,97,3,8,registered,rf_60_sqrt,0.7840184443998311,0.019503323850450616,0.019503323850450616,2.2888778581761677,8
tdc_caco2_wang,97,1,16,registered,et_60_sqrt,0.5337136274350328,0.0034532595268617072,0.0034532595268617072,1.9102660321848164,16
tdc_caco2_wang,97,2,16,registered,et_60_sqrt,0.4950312149418312,0.035559663169987044,0.035559663169987044,1.9102660321848164,16
tdc_caco2_wang,97,3,16,registered,et_120_d20_leaf2,0.8077080496837105,0.0118002104158198,-0.058944132835950236,1.9102660321848164,16
tdc_caco2_wang,97,1,32,registered,et_60_sqrt,0.5545340464941331,0.024273678585961966,0.024273678585961966,1.5966543402943394,32
tdc_caco2_wang,97,2,32,registered,et_60_sqrt,0.4950312149418312,0.035559663169987044,0.0034695076334004815,1.5966543402943394,32
tdc_caco2_wang,97,3,32,registered,xgb_80_d5,0.8077080496837105,0.07314793543453357,0.007785104284118161,1.5966543402943394,32
tdc_caco2_wang,97,1,4,weak_added,ridge_a10,0.48962565744619857,0.0,0.0,1.7238585807520999,4
tdc_caco2_wang,97,2,4,weak_added,ridge_a10,0.47386139980929687,0.0,0.0,1.7238585807520999,4
tdc_caco2_wang,97,3,4,weak_added,ridge_a10,0.7840184443998311,0.0,0.0,1.7238585807520999,4
tdc_caco2_wang,97,1,8,weak_added,ridge_a10,0.48962565744619857,0.0,0.0,2.3485481966152775,8
tdc_caco2_wang,97,2,8,weak_added,ridge_a10,0.47386139980929687,0.0,0.0,2.3485481966152775,8
tdc_caco2_wang,97,3,8,weak_added,cat_80_d6,0.7840184443998311,0.07502963631126858,0.07502963631126858,2.3485481966152775,8
tdc_caco2_wang,97,1,16,weak_added,ridge_a10,0.5176472139234309,0.028021556477232368,0.0,1.818420973944423,16
tdc_caco2_wang,97,2,16,weak_added,ridge_a10,0.4777114231067905,0.003850023297493621,0.0,1.818420973944423,16
tdc_caco2_wang,97,3,16,weak_added,xgb_100_d3,0.7840184443998311,0.08038765977752982,0.08038765977752982,1.818420973944423,16
tdc_caco2_wang,97,1,32,weak_added,et_60_sqrt,0.5545340464941331,0.024273678585961966,0.024273678585961966,1.5966543402943398,32
tdc_caco2_wang,97,2,32,weak_added,et_60_sqrt,0.4950312149418312,0.035559663169987044,0.0034695076334004815,1.5966543402943398,32
tdc_caco2_wang,97,3,32,weak_added,xgb_80_d5,0.8077080496837105,0.07314793543453357,0.007785104284118161,1.5966543402943398,32
tdc_caco2_wang,97,1,4,complementary_strong_added,ridge_a10,0.48962565744619857,0.0,0.0,1.7238585807520999,4
tdc_caco2_wang,97,2,4,complementary_strong_added,ridge_a10,0.47386139980929687,0.0,0.0,1.7238585807520999,4
tdc_caco2_wang,97,3,4,complementary_strong_added,ridge_a10,0.7840184443998311,0.0,0.0,1.7238585807520999,4
tdc_caco2_wang,97,1,8,complementary_strong_added,ridge_a10,0.5337136274350328,0.04408796998883424,0.04408796998883424,2.446493825973045,8
tdc_caco2_wang,97,2,8,complementary_strong_added,ridge_a10,0.4950312149418312,0.021169815132534353,0.021169815132534353,2.446493825973045,8
tdc_caco2_wang,97,3,8,complementary_strong_added,histgb_lr0.1,0.7840184443998311,0.047054737967890725,0.0,2.446493825973045,8
tdc_caco2_wang,97,1,16,complementary_strong_added,ridge_a10,0.5545340464941331,0.0649083890479345,0.0649083890479345,1.8650010794928016,16
tdc_caco2_wang,97,2,16,complementary_strong_added,xgb_80_d5,0.4950312149418312,0.03406649039868881,0.001976334862102247,1.8650010794928016,16
tdc_caco2_wang,97,3,16,complementary_strong_added,xgb_80_d5,0.7840184443998311,0.04945833015065426,0.007785104284118161,1.8650010794928016,16
tdc_caco2_wang,97,1,32,complementary_strong_added,et_60_sqrt,0.5545340464941331,0.024273678585961966,0.024273678585961966,1.5966543402943394,32
tdc_caco2_wang,97,2,32,complementary_strong_added,et_60_sqrt,0.4950312149418312,0.035559663169987044,0.0034695076334004815,1.5966543402943394,32
tdc_caco2_wang,97,3,32,complementary_strong_added,xgb_80_d5,0.8077080496837105,0.07314793543453357,0.007785104284118161,1.5966543402943394,32
tdc_caco2_wang,97,1,4,exact_duplicate,base_3,0.48962565744619857,0.0,0.0,1.7238585807520992,4
tdc_caco2_wang,97,2,4,exact_duplicate,base_3,0.47386139980929687,0.0,0.0,1.7238585807520992,4
tdc_caco2_wang,97,3,4,exact_duplicate,base_3,0.7840184443998311,0.0,0.0,1.7238585807520992,4
tdc_caco2_wang,97,1,8,exact_duplicate,base_3,0.48962565744619857,0.0,0.0,1.723858580752099,4
tdc_caco2_wang,97,2,8,exact_duplicate,base_3,0.47386139980929687,0.0,0.0,1.723858580752099,4
tdc_caco2_wang,97,3,8,exact_duplicate,base_3,0.7840184443998311,0.0,0.0,1.723858580752099,4
tdc_caco2_wang,97,1,16,exact_duplicate,base_3,0.48962565744619857,0.0,0.0,1.7238585807521,4
tdc_caco2_wang,97,2,16,exact_duplicate,base_3,0.47386139980929687,0.0,0.0,1.7238585807521,4
tdc_caco2_wang,97,3,16,exact_duplicate,base_3,0.7840184443998311,0.0,0.0,1.7238585807521,4
tdc_caco2_wang,97,1,32,exact_duplicate,base_3,0.48962565744619857,0.0,0.0,1.7238585807520994,4
tdc_caco2_wang,97,2,32,exact_duplicate,base_3,0.47386139980929687,0.0,0.0,1.7238585807520994,4
tdc_caco2_wang,97,3,32,exact_duplicate,base_3,0.7840184443998311,0.0,0.0,1.7238585807520994,4
tdc_caco2_wang,97,1,4,near_duplicate_95pct_anchor,base_3,0.48962565744619857,0.0,0.0,1.7238585807520992,4
tdc_caco2_wang,97,2,4,near_duplicate_95pct_anchor,base_3,0.47386139980929687,0.0,0.0,1.7238585807520992,4
tdc_caco2_wang,97,3,4,near_duplicate_95pct_anchor,base_3,0.7840184443998311,0.0,0.0,1.7238585807520992,4
tdc_caco2_wang,97,1,8,near_duplicate_95pct_anchor,base_3,0.48962565744619857,0.0,0.0,1.725855768247969,4
tdc_caco2_wang,97,2,8,near_duplicate_95pct_anchor,base_3,0.47386139980929687,0.0,0.0,1.725855768247969,4
tdc_caco2_wang,97,3,8,near_duplicate_95pct_anchor,near_duplicate_95pct_anchor_3,0.7840184443998311,0.0011675275926050777,0.0011675275926050777,1.725855768247969,4
tdc_caco2_wang,97,1,16,near_duplicate_95pct_anchor,base_3,0.4899092987039322,0.00028364125773361337,0.00028364125773361337,1.7257703162578855,4
tdc_caco2_wang,97,2,16,near_duplicate_95pct_anchor,base_3,0.47386139980929687,0.0,-0.0009269834513843112,1.7257703162578855,4
tdc_caco2_wang,97,3,16,near_duplicate_95pct_anchor,near_duplicate_95pct_anchor_7,0.7840184443998311,0.00035636049870968467,0.0,1.7257703162578855,4
tdc_caco2_wang,97,1,32,near_duplicate_95pct_anchor,base_3,0.4920364057407177,0.0024107482945191494,0.0024107482945191494,1.7292923103221143,4
tdc_caco2_wang,97,2,32,near_duplicate_95pct_anchor,base_3,0.4741070966424976,0.0002456968332007481,0.0002456968332007481,1.7292923103221143,4
tdc_caco2_wang,97,3,32,near_duplicate_95pct_anchor,near_duplicate_95pct_anchor_23,0.7840184443998311,0.0040193829888764965,0.00194368529585498,1.7292923103221143,4
tdc_caco2_wang,113,1,4,registered,ridge_a10,0.500839340591638,0.0,0.0,1.7319326137613438,4
tdc_caco2_wang,113,2,4,registered,ridge_a10,0.7613526586865507,0.0,0.0,1.7319326137613438,4
tdc_caco2_wang,113,3,4,registered,ridge_a10,0.5028488494442706,0.0,0.0,1.7319326137613438,4
tdc_caco2_wang,113,1,8,registered,ridge_a10,0.500839340591638,0.0,0.0,2.2493539253285832,8
tdc_caco2_wang,113,2,8,registered,ridge_a10,0.8000668391596143,0.03871418047306363,0.0,2.2493539253285832,8
tdc_caco2_wang,113,3,8,registered,ridge_a10,0.5028488494442706,0.0,0.0,2.2493539253285832,8
tdc_caco2_wang,113,1,16,registered,et_60_sqrt,0.5011947721549417,0.03757818402740931,0.0,1.9256910261166145,16
tdc_caco2_wang,113,2,16,registered,et_60_sqrt,0.8189990632114891,0.0014018762031089427,0.0,1.9256910261166145,16
tdc_caco2_wang,113,3,16,registered,ridge_a10,0.5028488494442706,0.0,-0.006991560740290725,1.9256910261166145,16
tdc_caco2_wang,113,1,32,registered,et_60_sqrt,0.5011947721549417,0.03757818402740931,0.021299402116583543,1.6294617278738812,32
tdc_caco2_wang,113,2,32,registered,xgb_60_d6,0.8197796511230283,0.0,-0.002207268721112432,1.6294617278738812,32
tdc_caco2_wang,113,3,32,registered,xgb_60_d6,0.5028488494442706,0.024263470303167556,0.017054721125953964,1.6294617278738812,32
tdc_caco2_wang,113,1,4,weak_added,ridge_a10,0.500839340591638,0.0,0.0,1.7319326137613438,4
tdc_caco2_wang,113,2,4,weak_added,ridge_a10,0.7613526586865507,0.0,0.0,1.7319326137613438,4
tdc_caco2_wang,113,3,4,weak_added,ridge_a10,0.5028488494442706,0.0,0.0,1.7319326137613438,4
tdc_caco2_wang,113,1,8,weak_added,ridge_a10,0.500839340591638,0.0,0.0,2.3692432256143197,8
tdc_caco2_wang,113,2,8,weak_added,ridge_a10,0.7643844748850515,0.003031816198500792,0.0,2.3692432256143197,8
tdc_caco2_wang,113,3,8,weak_added,ridge_a10,0.5028488494442706,0.0,0.0,2.3692432256143197,8
tdc_caco2_wang,113,1,16,weak_added,xgb_100_d3,0.500839340591638,0.04309485895091292,0.04309485895091292,1.8325974774194476,16
tdc_caco2_wang,113,2,16,weak_added,ridge_a10,0.7908212080796027,0.02946854939305199,0.0,1.8325974774194476,16
tdc_caco2_wang,113,3,16,weak_added,ridge_a10,0.5028488494442706,0.0,0.0,1.8325974774194476,16
tdc_caco2_wang,113,1,32,weak_added,et_60_sqrt,0.5011947721549417,0.03757818402740931,0.021299402116583543,1.6294617278738794,32
tdc_caco2_wang,113,2,32,weak_added,xgb_60_d6,0.8197796511230283,0.0,-0.002207268721112432,1.6294617278738794,32
tdc_caco2_wang,113,3,32,weak_added,xgb_60_d6,0.5028488494442706,0.024263470303167556,0.017054721125953964,1.6294617278738794,32
tdc_caco2_wang,113,1,4,complementary_strong_added,ridge_a10,0.500839340591638,0.0,0.0,1.7319326137613438,4
tdc_caco2_wang,113,2,4,complementary_strong_added,ridge_a10,0.7613526586865507,0.0,0.0,1.7319326137613438,4
tdc_caco2_wang,113,3,4,complementary_strong_added,ridge_a10,0.5028488494442706,0.0,0.0,1.7319326137613438,4
tdc_caco2_wang,113,1,8,complementary_strong_added,histgb_lr0.1,0.5011947721549417,0.0,0.0,2.4929149850534027,8
tdc_caco2_wang,113,2,8,complementary_strong_added,ridge_a10,0.7974900213788975,0.0361373626923468,0.0361373626923468,2.4929149850534027,8
tdc_caco2_wang,113,3,8,complementary_strong_added,ridge_a10,0.5028488494442706,0.0,-0.002229440845230579,2.4929149850534027,8
tdc_caco2_wang,113,1,16,complementary_strong_added,et_60_sqrt,0.5011947721549417,0.03757818402740931,0.021299402116583543,1.8939960017380728,16
tdc_caco2_wang,113,2,16,complementary_strong_added,xgb_80_d5,0.8175971870083801,0.003356863927784337,0.00333205932132008,1.8939960017380728,16
tdc_caco2_wang,113,3,16,complementary_strong_added,ridge_a10,0.5028488494442706,0.0,-0.007208749177213591,1.8939960017380728,16
tdc_caco2_wang,113,1,32,complementary_strong_added,et_60_sqrt,0.5011947721549417,0.03757818402740931,0.021299402116583543,1.6294617278738808,32
tdc_caco2_wang,113,2,32,complementary_strong_added,xgb_60_d6,0.8197796511230283,0.0,-0.002207268721112432,1.6294617278738808,32
tdc_caco2_wang,113,3,32,complementary_strong_added,xgb_60_d6,0.5028488494442706,0.024263470303167556,0.017054721125953964,1.6294617278738808,32
tdc_caco2_wang,113,1,4,exact_duplicate,base_3,0.500839340591638,0.0,0.0,1.7319326137613438,4
tdc_caco2_wang,113,2,4,exact_duplicate,base_3,0.7613526586865507,0.0,0.0,1.7319326137613438,4
tdc_caco2_wang,113,3,4,exact_duplicate,base_3,0.5028488494442706,0.0,0.0,1.7319326137613438,4
tdc_caco2_wang,113,1,8,exact_duplicate,base_3,0.500839340591638,0.0,0.0,1.7319326137613433,4
tdc_caco2_wang,113,2,8,exact_duplicate,base_3,0.7613526586865507,0.0,0.0,1.7319326137613433,4
tdc_caco2_wang,113,3,8,exact_duplicate,base_3,0.5028488494442706,0.0,0.0,1.7319326137613433,4
tdc_caco2_wang,113,1,16,exact_duplicate,base_3,0.500839340591638,0.0,0.0,1.7319326137613429,4
tdc_caco2_wang,113,2,16,exact_duplicate,base_3,0.7613526586865507,0.0,0.0,1.7319326137613429,4
tdc_caco2_wang,113,3,16,exact_duplicate,base_3,0.5028488494442706,0.0,0.0,1.7319326137613429,4
tdc_caco2_wang,113,1,32,exact_duplicate,base_3,0.500839340591638,0.0,0.0,1.731932613761344,4
tdc_caco2_wang,113,2,32,exact_duplicate,base_3,0.7613526586865507,0.0,0.0,1.731932613761344,4
tdc_caco2_wang,113,3,32,exact_duplicate,base_3,0.5028488494442706,0.0,0.0,1.731932613761344,4
tdc_caco2_wang,113,1,4,near_duplicate_95pct_anchor,base_3,0.500839340591638,0.0,0.0,1.7319326137613438,4
tdc_caco2_wang,113,2,4,near_duplicate_95pct_anchor,base_3,0.7613526586865507,0.0,0.0,1.7319326137613438,4
tdc_caco2_wang,113,3,4,near_duplicate_95pct_anchor,base_3,0.5028488494442706,0.0,0.0,1.7319326137613438,4
tdc_caco2_wang,113,1,8,near_duplicate_95pct_anchor,base_3,0.500839340591638,0.0,0.0,1.7309126849166572,4
tdc_caco2_wang,113,2,8,near_duplicate_95pct_anchor,base_3,0.7628260861562033,0.0014734274696526217,0.0,1.7309126849166572,4
tdc_caco2_wang,113,3,8,near_duplicate_95pct_anchor,base_3,0.5028488494442706,0.0,0.0,1.7309126849166572,4
tdc_caco2_wang,113,1,16,near_duplicate_95pct_anchor,near_duplicate_95pct_anchor_7,0.500839340591638,0.002718334568776015,0.0,1.7275331293521994,4
tdc_caco2_wang,113,2,16,near_duplicate_95pct_anchor,near_duplicate_95pct_anchor_7,0.7642349789127976,0.0,0.0,1.7275331293521994,4
tdc_caco2_wang,113,3,16,near_duplicate_95pct_anchor,base_3,0.5028488494442706,0.0,-8.852634612022126e-05,1.7275331293521994,4
tdc_caco2_wang,113,1,32,near_duplicate_95pct_anchor,near_duplicate_95pct_anchor_7,0.500839340591638,0.002718334568776015,0.002390191990724766,1.7285944178333117,4
tdc_caco2_wang,113,2,32,near_duplicate_95pct_anchor,near_duplicate_95pct_anchor_7,0.7642349789127976,0.0,-0.0012630760483075543,1.7285944178333117,4
tdc_caco2_wang,113,3,32,near_duplicate_95pct_anchor,base_3,0.5028488494442706,0.0,-0.002322083383560103,1.7285944178333117,4
tdc_caco2_wang,127,1,4,registered,ridge_a10,0.46880833465017646,0.0,0.0,1.6820704454020339,4
tdc_caco2_wang,127,2,4,registered,ridge_a10,0.7298736933092853,0.0,0.0,1.6820704454020339,4
tdc_caco2_wang,127,3,4,registered,ridge_a10,0.7257053862730393,0.0,0.0,1.6820704454020339,4
tdc_caco2_wang,127,1,8,registered,ridge_a10,0.46880833465017646,0.0,0.0,2.30032960255389,8
tdc_caco2_wang,127,2,8,registered,rf_60_sqrt,0.7298736933092853,0.03557777607573698,0.03557777607573698,2.30032960255389,8
tdc_caco2_wang,127,3,8,registered,ridge_a10,0.7469402024583016,0.02123481618526235,0.0,2.30032960255389,8
tdc_caco2_wang,127,1,16,registered,ridge_a10,0.48966986280955516,0.020861528159378695,0.013599336622116764,1.9594525080083365,16
tdc_caco2_wang,127,2,16,registered,histgb_lr0.1,0.734909150274169,0.0067840758969857085,-0.030061430515026966,1.9594525080083365,16
tdc_caco2_wang,127,3,16,registered,et_60_sqrt,0.759576913296431,0.0,0.0,1.9594525080083365,16
tdc_caco2_wang,127,1,32,registered,ridge_a10,0.48966986280955516,0.020861528159378695,0.019270167642745806,1.6345101502954393,32
tdc_caco2_wang,127,2,32,registered,lgbm_80_ff0.7,0.7466178225936989,0.03327943983092441,0.03327943983092441,1.6345101502954393,32
tdc_caco2_wang,127,3,32,registered,et_60_sqrt,0.7771440420045609,0.01756712870812993,-0.00039693150043029757,1.6345101502954393,32
tdc_caco2_wang,127,1,4,weak_added,ridge_a10,0.46880833465017646,0.0,0.0,1.6820704454020339,4
tdc_caco2_wang,127,2,4,weak_added,ridge_a10,0.7298736933092853,0.0,0.0,1.6820704454020339,4
tdc_caco2_wang,127,3,4,weak_added,ridge_a10,0.7257053862730393,0.0,0.0,1.6820704454020339,4
tdc_caco2_wang,127,1,8,weak_added,ridge_a10,0.46880833465017646,0.0,0.0,2.358403218327927,8
tdc_caco2_wang,127,2,8,weak_added,ridge_a10,0.7298736933092853,0.0,0.0,2.358403218327927,8
tdc_caco2_wang,127,3,8,weak_added,ridge_a10,0.7257053862730393,0.0,0.0,2.358403218327927,8
tdc_caco2_wang,127,1,16,weak_added,ridge_a10,0.46880833465017646,0.0,0.0,1.8667631638898985,16
tdc_caco2_wang,127,2,16,weak_added,xgb_60_d3,0.7298736933092853,0.03567984130215174,0.03567984130215174,1.8667631638898985,16
tdc_caco2_wang,127,3,16,weak_added,ridge_a10,0.746231622405445,0.020526236132405784,0.0,1.8667631638898985,16
tdc_caco2_wang,127,1,32,weak_added,ridge_a10,0.48966986280955516,0.020861528159378695,0.019270167642745806,1.634510150295439,32
tdc_caco2_wang,127,2,32,weak_added,lgbm_80_ff0.7,0.7466178225936989,0.03327943983092441,0.03327943983092441,1.634510150295439,32
tdc_caco2_wang,127,3,32,weak_added,et_60_sqrt,0.7771440420045609,0.01756712870812993,-0.00039693150043029757,1.634510150295439,32
tdc_caco2_wang,127,1,4,complementary_strong_added,ridge_a10,0.46880833465017646,0.0,0.0,1.6820704454020339,4
tdc_caco2_wang,127,2,4,complementary_strong_added,ridge_a10,0.7298736933092853,0.0,0.0,1.6820704454020339,4
tdc_caco2_wang,127,3,4,complementary_strong_added,ridge_a10,0.7257053862730393,0.0,0.0,1.6820704454020339,4
tdc_caco2_wang,127,1,8,complementary_strong_added,ridge_a10,0.48966986280955516,0.020861528159378695,0.019270167642745806,2.529776495823213,8
tdc_caco2_wang,127,2,8,complementary_strong_added,lgbm_100_leaf10,0.7466178225936989,0.0,0.0,2.529776495823213,8
tdc_caco2_wang,127,3,8,complementary_strong_added,ridge_a10,0.7591799817960007,0.03347459552296139,0.03347459552296139,2.529776495823213,8
tdc_caco2_wang,127,1,16,complementary_strong_added,ridge_a10,0.48966986280955516,0.020861528159378695,0.019270167642745806,1.8847425187566975,16
tdc_caco2_wang,127,2,16,complementary_strong_added,lgbm_80_ff0.7,0.7466178225936989,0.03327943983092441,0.03327943983092441,1.8847425187566975,16
tdc_caco2_wang,127,3,16,complementary_strong_added,et_60_sqrt,0.7771440420045609,0.01756712870812993,-0.00039693150043029757,1.8847425187566975,16
tdc_caco2_wang,127,1,32,complementary_strong_added,ridge_a10,0.48966986280955516,0.020861528159378695,0.019270167642745806,1.6345101502954391,32
tdc_caco2_wang,127,2,32,complementary_strong_added,lgbm_80_ff0.7,0.7466178225936989,0.03327943983092441,0.03327943983092441,1.6345101502954391,32
tdc_caco2_wang,127,3,32,complementary_strong_added,et_60_sqrt,0.7771440420045609,0.01756712870812993,-0.00039693150043029757,1.6345101502954391,32
tdc_caco2_wang,127,1,4,exact_duplicate,base_3,0.46880833465017646,0.0,0.0,1.682070445402034,4
tdc_caco2_wang,127,2,4,exact_duplicate,base_3,0.7298736933092853,0.0,0.0,1.682070445402034,4
tdc_caco2_wang,127,3,4,exact_duplicate,base_3,0.7257053862730393,0.0,0.0,1.682070445402034,4
tdc_caco2_wang,127,1,8,exact_duplicate,base_3,0.46880833465017646,0.0,0.0,1.6820704454020339,4
tdc_caco2_wang,127,2,8,exact_duplicate,base_3,0.7298736933092853,0.0,0.0,1.6820704454020339,4
tdc_caco2_wang,127,3,8,exact_duplicate,base_3,0.7257053862730393,0.0,0.0,1.6820704454020339,4
tdc_caco2_wang,127,1,16,exact_duplicate,base_3,0.46880833465017646,0.0,0.0,1.6820704454020348,4
tdc_caco2_wang,127,2,16,exact_duplicate,base_3,0.7298736933092853,0.0,0.0,1.6820704454020348,4
tdc_caco2_wang,127,3,16,exact_duplicate,base_3,0.7257053862730393,0.0,0.0,1.6820704454020348,4
tdc_caco2_wang,127,1,32,exact_duplicate,base_3,0.46880833465017646,0.0,0.0,1.6820704454020345,4
tdc_caco2_wang,127,2,32,exact_duplicate,base_3,0.7298736933092853,0.0,0.0,1.6820704454020345,4
tdc_caco2_wang,127,3,32,exact_duplicate,base_3,0.7257053862730393,0.0,0.0,1.6820704454020345,4
tdc_caco2_wang,127,1,4,near_duplicate_95pct_anchor,base_3,0.46880833465017646,0.0,0.0,1.682070445402034,4
tdc_caco2_wang,127,2,4,near_duplicate_95pct_anchor,base_3,0.7298736933092853,0.0,0.0,1.682070445402034,4
tdc_caco2_wang,127,3,4,near_duplicate_95pct_anchor,base_3,0.7257053862730393,0.0,0.0,1.682070445402034,4
tdc_caco2_wang,127,1,8,near_duplicate_95pct_anchor,base_3,0.46880833465017646,0.0,0.0,1.6844591470652235,4
tdc_caco2_wang,127,2,8,near_duplicate_95pct_anchor,near_duplicate_95pct_anchor_3,0.7298736933092853,0.0020658100647331645,0.0020658100647331645,1.6844591470652235,4
tdc_caco2_wang,127,3,8,near_duplicate_95pct_anchor,base_3,0.7261929273605991,0.000487541087559884,0.0,1.6844591470652235,4
tdc_caco2_wang,127,1,16,near_duplicate_95pct_anchor,base_3,0.46880833465017646,0.0,-0.0012816444725346487,1.6834334134492557,4
tdc_caco2_wang,127,2,16,near_duplicate_95pct_anchor,near_duplicate_95pct_anchor_7,0.7298736933092853,0.0014640929388236579,0.0,1.6834334134492557,4
tdc_caco2_wang,127,3,16,near_duplicate_95pct_anchor,near_duplicate_95pct_anchor_7,0.7268664626214645,0.0,0.0,1.6834334134492557,4
tdc_caco2_wang,127,1,32,near_duplicate_95pct_anchor,base_3,0.46880833465017646,0.0,-0.00013088029958596703,1.6850575169775994,4
tdc_caco2_wang,127,2,32,near_duplicate_95pct_anchor,near_duplicate_95pct_anchor_7,0.7298736933092853,0.0014640929388236579,0.0001055177688679132,1.6850575169775994,4
tdc_caco2_wang,127,3,32,near_duplicate_95pct_anchor,near_duplicate_95pct_anchor_7,0.7268664626214645,0.0,-0.000840106377615335,1.6850575169775994,4
tdc_caco2_wang,149,1,4,registered,ridge_a10,0.5741211013933365,0.0,0.0,1.721851110676771,4
tdc_caco2_wang,149,2,4,registered,ridge_a10,0.597993965013748,0.0,0.0,1.721851110676771,4
tdc_caco2_wang,149,3,4,registered,ridge_a10,0.6460365843011487,0.0,0.0,1.721851110676771,4
tdc_caco2_wang,149,1,8,registered,rf_60_sqrt,0.5741211013933365,0.07154719854455494,0.07154719854455494,2.2996361875006985,8
tdc_caco2_wang,149,2,8,registered,ridge_a10,0.597993965013748,0.0,0.0,2.2996361875006985,8
tdc_caco2_wang,149,3,8,registered,ridge_a10,0.6893285499935421,0.04329196569239335,0.0,2.2996361875006985,8
tdc_caco2_wang,149,1,16,registered,et_60_sqrt,0.5741211013933365,0.03243612362856407,0.01944611989453293,2.0200682465502164,16
tdc_caco2_wang,149,2,16,registered,ridge_a10,0.597993965013748,0.0,-0.05967503439991817,2.0200682465502164,16
tdc_caco2_wang,149,3,16,registered,ridge_a10,0.7056835434631092,0.0596469591619605,0.043959671076645446,2.0200682465502164,16
tdc_caco2_wang,149,1,32,registered,xgb_60_d6,0.5741211013933365,0.004495965490586951,-0.023617759364322977,1.701062735984824,32
tdc_caco2_wang,149,2,32,registered,ridge_a10,0.597993965013748,0.0,-0.05025057471149208,1.701062735984824,32
tdc_caco2_wang,149,3,32,registered,ridge_a10,0.7056835434631092,0.0596469591619605,0.04745548836650865,1.701062735984824,32
tdc_caco2_wang,149,1,4,weak_added,ridge_a10,0.5741211013933365,0.0,0.0,1.721851110676771,4
tdc_caco2_wang,149,2,4,weak_added,ridge_a10,0.597993965013748,0.0,0.0,1.721851110676771,4
tdc_caco2_wang,149,3,4,weak_added,ridge_a10,0.6460365843011487,0.0,0.0,1.721851110676771,4
tdc_caco2_wang,149,1,8,weak_added,cat_100_d4,0.5741211013933365,0.10880432210102653,0.10880432210102653,2.384591437330646,8
tdc_caco2_wang,149,2,8,weak_added,ridge_a10,0.597993965013748,0.0,0.0,2.384591437330646,8
tdc_caco2_wang,149,3,8,weak_added,ridge_a10,0.6603503503276017,0.014313766026452956,0.0,2.384591437330646,8
tdc_caco2_wang,149,1,16,weak_added,cat_60_d8,0.5741211013933365,0.09873860509959798,0.09873860509959798,1.9128571615525676,16
tdc_caco2_wang,149,2,16,weak_added,ridge_a10,0.597993965013748,0.0,0.0,1.9128571615525676,16
tdc_caco2_wang,149,3,16,weak_added,ridge_a10,0.6855434005374784,0.03950681623632968,0.0,1.9128571615525676,16
tdc_caco2_wang,149,1,32,weak_added,xgb_60_d6,0.5741211013933365,0.004495965490586951,-0.023617759364322977,1.7010627359848245,32
tdc_caco2_wang,149,2,32,weak_added,ridge_a10,0.597993965013748,0.0,-0.05025057471149208,1.7010627359848245,32
tdc_caco2_wang,149,3,32,weak_added,ridge_a10,0.7056835434631092,0.0596469591619605,0.04745548836650865,1.7010627359848245,32
tdc_caco2_wang,149,1,4,complementary_strong_added,ridge_a10,0.5741211013933365,0.0,0.0,1.721851110676771,4
tdc_caco2_wang,149,2,4,complementary_strong_added,ridge_a10,0.597993965013748,0.0,0.0,1.721851110676771,4
tdc_caco2_wang,149,3,4,complementary_strong_added,ridge_a10,0.6460365843011487,0.0,0.0,1.721851110676771,4
tdc_caco2_wang,149,1,8,complementary_strong_added,lgbm_90_l31,0.5741211013933365,0.037626790104354546,0.024636786370323405,2.5261782789796245,8
tdc_caco2_wang,149,2,8,complementary_strong_added,ridge_a10,0.597993965013748,0.0,-0.05967503439991817,2.5261782789796245,8
tdc_caco2_wang,149,3,8,complementary_strong_added,ridge_a10,0.7011254513662863,0.05508886706513755,0.043959671076645446,2.5261782789796245,8
tdc_caco2_wang,149,1,16,complementary_strong_added,et_60_sqrt,0.5741211013933365,0.03243612362856407,0.004322398773654146,1.951007985562345,16
tdc_caco2_wang,149,2,16,complementary_strong_added,ridge_a10,0.597993965013748,0.0,-0.05025057471149208,1.951007985562345,16
tdc_caco2_wang,149,3,16,complementary_strong_added,ridge_a10,0.7056835434631092,0.0596469591619605,0.04745548836650865,1.951007985562345,16
tdc_caco2_wang,149,1,32,complementary_strong_added,xgb_60_d6,0.5741211013933365,0.004495965490586951,-0.023617759364322977,1.7010627359848247,32
tdc_caco2_wang,149,2,32,complementary_strong_added,ridge_a10,0.597993965013748,0.0,-0.05025057471149208,1.7010627359848247,32
tdc_caco2_wang,149,3,32,complementary_strong_added,ridge_a10,0.7056835434631092,0.0596469591619605,0.04745548836650865,1.7010627359848247,32
tdc_caco2_wang,149,1,4,exact_duplicate,base_3,0.5741211013933365,0.0,0.0,1.7218511106767707,4
tdc_caco2_wang,149,2,4,exact_duplicate,base_3,0.597993965013748,0.0,0.0,1.7218511106767707,4
tdc_caco2_wang,149,3,4,exact_duplicate,base_3,0.6460365843011487,0.0,0.0,1.7218511106767707,4
tdc_caco2_wang,149,1,8,exact_duplicate,base_3,0.5741211013933365,0.0,0.0,1.7218511106767713,4
tdc_caco2_wang,149,2,8,exact_duplicate,base_3,0.597993965013748,0.0,0.0,1.7218511106767713,4
tdc_caco2_wang,149,3,8,exact_duplicate,base_3,0.6460365843011487,0.0,0.0,1.7218511106767713,4
tdc_caco2_wang,149,1,16,exact_duplicate,base_3,0.5741211013933365,0.0,0.0,1.7218511106767715,4
tdc_caco2_wang,149,2,16,exact_duplicate,base_3,0.597993965013748,0.0,0.0,1.7218511106767715,4
tdc_caco2_wang,149,3,16,exact_duplicate,base_3,0.6460365843011487,0.0,0.0,1.7218511106767715,4
tdc_caco2_wang,149,1,32,exact_duplicate,base_3,0.5741211013933365,0.0,0.0,1.721851110676772,4
tdc_caco2_wang,149,2,32,exact_duplicate,base_3,0.597993965013748,0.0,0.0,1.721851110676772,4
tdc_caco2_wang,149,3,32,exact_duplicate,base_3,0.6460365843011487,0.0,0.0,1.721851110676772,4
tdc_caco2_wang,149,1,4,near_duplicate_95pct_anchor,base_3,0.5741211013933365,0.0,0.0,1.7218511106767707,4
tdc_caco2_wang,149,2,4,near_duplicate_95pct_anchor,base_3,0.597993965013748,0.0,0.0,1.7218511106767707,4
tdc_caco2_wang,149,3,4,near_duplicate_95pct_anchor,base_3,0.6460365843011487,0.0,0.0,1.7218511106767707,4
tdc_caco2_wang,149,1,8,near_duplicate_95pct_anchor,near_duplicate_95pct_anchor_3,0.5741211013933365,0.004813420716696992,0.004813420716696992,1.7245537180824133,4
tdc_caco2_wang,149,2,8,near_duplicate_95pct_anchor,base_3,0.597993965013748,0.0,0.0,1.7245537180824133,4
tdc_caco2_wang,149,3,8,near_duplicate_95pct_anchor,base_3,0.6480119251129653,0.001975340811816606,0.0,1.7245537180824133,4
tdc_caco2_wang,149,1,16,near_duplicate_95pct_anchor,near_duplicate_95pct_anchor_7,0.5741211013933365,0.0026701168131266773,0.0,1.7243389664284046,4
tdc_caco2_wang,149,2,16,near_duplicate_95pct_anchor,base_3,0.597993965013748,0.0,-0.00022359053931275685,1.7243389664284046,4
tdc_caco2_wang,149,3,16,near_duplicate_95pct_anchor,base_3,0.6487254228311153,0.0026888385299665973,0.0026888385299665973,1.7243389664284046,4
tdc_caco2_wang,149,1,32,near_duplicate_95pct_anchor,near_duplicate_95pct_anchor_7,0.5741211013933365,0.0026701168131266773,0.0011647525794492575,1.7254725439582737,4
tdc_caco2_wang,149,2,32,near_duplicate_95pct_anchor,base_3,0.597993965013748,0.0,-0.0025457102929483666,1.7254725439582737,4
tdc_caco2_wang,149,3,32,near_duplicate_95pct_anchor,base_3,0.6487910276544057,0.002754443353256919,0.002754443353256919,1.7254725439582737,4
tdc_hia_hou,11,1,4,registered,logreg_l2_c0.1,0.008538422903063836,0.008538422903063836,0.0,1.1240654801911818,4
tdc_hia_hou,11,2,4,registered,logreg_l2_c0.1,0.0,0.0,0.0,1.1240654801911818,4
tdc_hia_hou,11,3,4,registered,logreg_l2_c0.1,0.00031645569620264435,0.00031645569620264435,0.0,1.1240654801911818,4
tdc_hia_hou,11,1,8,registered,rf_120_d20_leaf2,0.018248786204587364,0.01121714381382899,0.01121714381382899,1.1303494589921674,8
tdc_hia_hou,11,2,8,registered,rf_120_d20_leaf2,0.0,0.009937888198757738,-0.020124223602484337,1.1303494589921674,8
tdc_hia_hou,11,3,8,registered,rf_60_sqrt,0.014873417721518956,0.023259493670885978,0.023259493670885978,1.1303494589921674,8
tdc_hia_hou,11,1,16,registered,rf_120_d20_leaf2,0.018248786204587364,0.01121714381382899,0.0048551816507618195,1.2180645498004523,16
tdc_hia_hou,11,2,16,registered,et_120_d20_leaf2,0.04099378881987581,0.020621118012422168,-0.0029813664596276546,1.2180645498004523,16
tdc_hia_hou,11,3,16,registered,rf_60_sqrt,0.016455696202531844,0.024841772151898867,0.016613924050632778,1.2180645498004523,16
tdc_hia_hou,11,1,32,registered,rf_120_d20_leaf2,0.02645236899380543,0.019420726603047056,0.0048551816507618195,1.2115183931044264,32
tdc_hia_hou,11,2,32,registered,et_120_d20_leaf2,0.04099378881987581,0.020621118012422168,-0.0029813664596276546,1.2115183931044264,32
tdc_hia_hou,11,3,32,registered,rf_60_sqrt,0.020569620253164556,0.028955696202531578,0.016613924050632778,1.2115183931044264,32
tdc_hia_hou,11,1,4,weak_added,logreg_l2_c0.1,0.008538422903063836,0.008538422903063836,0.0,1.1240654801911818,4
tdc_hia_hou,11,2,4,weak_added,logreg_l2_c0.1,0.0,0.0,0.0,1.1240654801911818,4
tdc_hia_hou,11,3,4,weak_added,logreg_l2_c0.1,0.00031645569620264435,0.00031645569620264435,0.0,1.1240654801911818,4
tdc_hia_hou,11,1,8,weak_added,logreg_l2_c0.1,0.008538422903063836,0.008538422903063836,0.0,1.3037327074986729,8
tdc_hia_hou,11,2,8,weak_added,logreg_l2_c0.1,0.0,0.0,0.0,1.3037327074986729,8
tdc_hia_hou,11,3,8,weak_added,logreg_l2_c0.1,0.00031645569620264435,0.00031645569620264435,0.0,1.3037327074986729,8
tdc_hia_hou,11,1,16,weak_added,logreg_l2_c0.1,0.021597187343043833,0.021597187343043833,0.0,1.2499729436715352,16
tdc_hia_hou,11,2,16,weak_added,cat_60_d8,0.01763975155279518,0.014161490683229805,-0.003478260869565375,1.2499729436715352,16
tdc_hia_hou,11,3,16,weak_added,logreg_l2_c0.1,0.020569620253164556,0.020569620253164556,0.0,1.2499729436715352,16
tdc_hia_hou,11,1,32,weak_added,rf_120_d20_leaf2,0.02645236899380543,0.019420726603047056,0.0048551816507618195,1.2115183931044262,32
tdc_hia_hou,11,2,32,weak_added,et_120_d20_leaf2,0.04099378881987581,0.020621118012422168,-0.0029813664596276546,1.2115183931044262,32
tdc_hia_hou,11,3,32,weak_added,rf_60_sqrt,0.020569620253164556,0.028955696202531578,0.016613924050632778,1.2115183931044262,32
tdc_hia_hou,11,1,4,complementary_strong_added,logreg_l2_c0.1,0.008538422903063836,0.008538422903063836,0.0,1.1240654801911818,4
tdc_hia_hou,11,2,4,complementary_strong_added,logreg_l2_c0.1,0.0,0.0,0.0,1.1240654801911818,4
tdc_hia_hou,11,3,4,complementary_strong_added,logreg_l2_c0.1,0.00031645569620264435,0.00031645569620264435,0.0,1.1240654801911818,4
tdc_hia_hou,11,1,8,complementary_strong_added,et_60_sqrt,0.013226184496902604,0.019420726603046945,0.018081366147664535,1.2227929264873303,8
tdc_hia_hou,11,2,8,complementary_strong_added,et_90_leaf2,0.0236024844720496,0.0,-0.006211180124223614,1.2227929264873303,8
tdc_hia_hou,11,3,8,complementary_strong_added,logreg_l2_c0.1,0.0113924050632912,0.0113924050632912,0.008227848101265756,1.2227929264873303,8
tdc_hia_hou,11,1,16,complementary_strong_added,et_120_d20_leaf2,0.021597187343043833,0.00937552318767787,-0.00033484011384576906,1.2171370462900613,16
tdc_hia_hou,11,2,16,complementary_strong_added,et_120_d20_leaf2,0.04099378881987581,0.020621118012422168,-0.0029813664596276546,1.2171370462900613,16
tdc_hia_hou,11,3,16,complementary_strong_added,logreg_l2_c0.1,0.016455696202531844,0.016455696202531844,0.008227848101265756,1.2171370462900613,16
tdc_hia_hou,11,1,32,complementary_strong_added,rf_120_d20_leaf2,0.02645236899380543,0.019420726603047056,0.0048551816507618195,1.2115183931044267,32
tdc_hia_hou,11,2,32,complementary_strong_added,et_120_d20_leaf2,0.04099378881987581,0.020621118012422168,-0.0029813664596276546,1.2115183931044267,32
tdc_hia_hou,11,3,32,complementary_strong_added,rf_60_sqrt,0.020569620253164556,0.028955696202531578,0.016613924050632778,1.2115183931044267,32
tdc_hia_hou,11,1,4,exact_duplicate,base_1,0.008538422903063836,0.008538422903063836,0.0,1.1240654801911818,4
tdc_hia_hou,11,2,4,exact_duplicate,base_1,0.0,0.0,0.0,1.1240654801911818,4
tdc_hia_hou,11,3,4,exact_duplicate,base_1,0.00031645569620264435,0.00031645569620264435,0.0,1.1240654801911818,4
tdc_hia_hou,11,1,8,exact_duplicate,base_1,0.008538422903063836,0.008538422903063836,0.0,1.1240654801911818,4
tdc_hia_hou,11,2,8,exact_duplicate,base_1,0.0,0.0,0.0,1.1240654801911818,4
tdc_hia_hou,11,3,8,exact_duplicate,base_1,0.00031645569620264435,0.00031645569620264435,0.0,1.1240654801911818,4
tdc_hia_hou,11,1,16,exact_duplicate,base_1,0.008538422903063836,0.008538422903063836,0.0,1.1240654801911814,4
tdc_hia_hou,11,2,16,exact_duplicate,base_1,0.0,0.0,0.0,1.1240654801911814,4
tdc_hia_hou,11,3,16,exact_duplicate,base_1,0.00031645569620264435,0.00031645569620264435,0.0,1.1240654801911814,4
tdc_hia_hou,11,1,32,exact_duplicate,base_1,0.008538422903063836,0.008538422903063836,0.0,1.1240654801911822,4
tdc_hia_hou,11,2,32,exact_duplicate,base_1,0.0,0.0,0.0,1.1240654801911822,4
tdc_hia_hou,11,3,32,exact_duplicate,base_1,0.00031645569620264435,0.00031645569620264435,0.0,1.1240654801911822,4
tdc_hia_hou,11,1,4,near_duplicate_95pct_anchor,base_1,0.008538422903063836,0.008538422903063836,0.0,1.1240654801911818,4
tdc_hia_hou,11,2,4,near_duplicate_95pct_anchor,base_1,0.0,0.0,0.0,1.1240654801911818,4
tdc_hia_hou,11,3,4,near_duplicate_95pct_anchor,base_1,0.00031645569620264435,0.00031645569620264435,0.0,1.1240654801911818,4
tdc_hia_hou,11,1,8,near_duplicate_95pct_anchor,base_1,0.008538422903063836,0.008538422903063836,0.0,1.116499548720006,4
tdc_hia_hou,11,2,8,near_duplicate_95pct_anchor,base_1,0.0,0.0,0.0,1.116499548720006,4
tdc_hia_hou,11,3,8,near_duplicate_95pct_anchor,near_duplicate_95pct_anchor_1,0.0010443037974684488,0.001463607594936911,0.00041930379746846214,1.116499548720006,4
tdc_hia_hou,11,1,16,near_duplicate_95pct_anchor,near_duplicate_95pct_anchor_5,0.00877281098275573,0.00908253808806303,0.0003097271053073003,1.1153903102381073,4
tdc_hia_hou,11,2,16,near_duplicate_95pct_anchor,base_1,0.0016397515527950546,0.0016397515527950546,0.0,1.1153903102381073,4
tdc_hia_hou,11,3,16,near_duplicate_95pct_anchor,near_duplicate_95pct_anchor_1,0.0011234177215191377,0.0015427215189875998,0.00041930379746846214,1.1153903102381073,4
tdc_hia_hou,11,1,32,near_duplicate_95pct_anchor,near_duplicate_95pct_anchor_5,0.009434120207600816,0.009743847312908116,0.0003097271053073003,1.1146513743444724,4
tdc_hia_hou,11,2,32,near_duplicate_95pct_anchor,base_1,0.0016397515527950546,0.0016397515527950546,0.0,1.1146513743444724,4
tdc_hia_hou,11,3,32,near_duplicate_95pct_anchor,near_duplicate_95pct_anchor_1,0.0011234177215191377,0.0015427215189875998,0.00041930379746846214,1.1146513743444724,4
tdc_hia_hou,23,1,4,registered,logreg_l2_c0.1,0.0,0.0,-0.013645224171540016,1.1343430322339008,4
tdc_hia_hou,23,2,4,registered,logreg_l2_c0.1,0.004437869822485396,0.004437869822485396,0.004437869822485396,1.1343430322339008,4
tdc_hia_hou,23,3,4,registered,logreg_l2_c10,0.0,0.018701298701298774,0.011688311688311748,1.1343430322339008,4
tdc_hia_hou,23,1,8,registered,logreg_l2_c0.1,0.02417153996101362,0.02417153996101362,0.02417153996101362,1.13062474174021,8
tdc_hia_hou,23,2,8,registered,rf_90_d12,0.004437869822485396,0.028106508875739844,0.0,1.13062474174021,8
tdc_hia_hou,23,3,8,registered,logreg_l2_c10,0.0,0.018701298701298774,-0.005714285714285672,1.13062474174021,8
tdc_hia_hou,23,1,16,registered,logreg_l2_c0.1,0.08538011695906422,0.08538011695906422,0.05692007797270959,1.1875387649470932,16
tdc_hia_hou,23,2,16,registered,et_90_d12,0.004437869822485396,0.01010848126232744,-0.014792899408283988,1.1875387649470932,16
tdc_hia_hou,23,3,16,registered,et_90_d12,0.019740259740259836,0.005714285714286005,-0.02779220779220759,1.1875387649470932,16
tdc_hia_hou,23,1,32,registered,logreg_l2_c0.1,0.08538011695906422,0.08538011695906422,0.05692007797270959,1.193778463622577,32
tdc_hia_hou,23,2,32,registered,et_90_d12,0.004437869822485396,0.01010848126232744,-0.014792899408283988,1.193778463622577,32
tdc_hia_hou,23,3,32,registered,et_90_d12,0.019740259740259836,0.005714285714286005,-0.02779220779220759,1.193778463622577,32
tdc_hia_hou,23,1,4,weak_added,logreg_l2_c0.1,0.0,0.0,-0.013645224171540016,1.1343430322339008,4
tdc_hia_hou,23,2,4,weak_added,logreg_l2_c0.1,0.004437869822485396,0.004437869822485396,0.004437869822485396,1.1343430322339008,4
tdc_hia_hou,23,3,4,weak_added,logreg_l2_c10,0.0,0.018701298701298774,0.011688311688311748,1.1343430322339008,4
tdc_hia_hou,23,1,8,weak_added,logreg_l2_c0.1,0.01569200779727098,0.01569200779727098,-0.013645224171540016,1.275063688578548,8
tdc_hia_hou,23,2,8,weak_added,logreg_l2_c0.1,0.004437869822485396,0.004437869822485396,0.004437869822485396,1.275063688578548,8
tdc_hia_hou,23,3,8,weak_added,logreg_l2_c10,0.0,0.018701298701298774,0.011688311688311748,1.275063688578548,8
tdc_hia_hou,23,1,16,weak_added,logreg_l2_c0.1,0.04054580896686155,0.04054580896686155,-0.013645224171540016,1.2256696273061412,16
tdc_hia_hou,23,2,16,weak_added,logreg_l2_c0.1,0.004437869822485396,0.004437869822485396,0.004437869822485396,1.2256696273061412,16
tdc_hia_hou,23,3,16,weak_added,logreg_l2_c10,0.008571428571428563,0.027272727272727337,0.011688311688311748,1.2256696273061412,16
tdc_hia_hou,23,1,32,weak_added,logreg_l2_c0.1,0.08538011695906422,0.08538011695906422,0.05692007797270959,1.1937784636225768,32
tdc_hia_hou,23,2,32,weak_added,et_90_d12,0.004437869822485396,0.01010848126232744,-0.014792899408283988,1.1937784636225768,32
tdc_hia_hou,23,3,32,weak_added,et_90_d12,0.019740259740259836,0.005714285714286005,-0.02779220779220759,1.1937784636225768,32
tdc_hia_hou,23,1,4,complementary_strong_added,logreg_l2_c0.1,0.0,0.0,-0.013645224171540016,1.1343430322339008,4
tdc_hia_hou,23,2,4,complementary_strong_added,logreg_l2_c0.1,0.004437869822485396,0.004437869822485396,0.004437869822485396,1.1343430322339008,4
tdc_hia_hou,23,3,4,complementary_strong_added,logreg_l2_c10,0.0,0.018701298701298774,0.011688311688311748,1.1343430322339008,4
tdc_hia_hou,23,1,8,complementary_strong_added,logreg_l2_c0.1,0.08538011695906422,0.08538011695906422,0.05692007797270959,1.173469801836716,8
tdc_hia_hou,23,2,8,complementary_strong_added,et_90_d12,0.004437869822485396,0.01010848126232744,-0.014792899408283988,1.173469801836716,8
tdc_hia_hou,23,3,8,complementary_strong_added,et_90_d12,0.01402597402597383,0.0,-0.02779220779220759,1.173469801836716,8
tdc_hia_hou,23,1,16,complementary_strong_added,logreg_l2_c0.1,0.08538011695906422,0.08538011695906422,0.05692007797270959,1.1712976419259244,16
tdc_hia_hou,23,2,16,complementary_strong_added,et_90_d12,0.004437869822485396,0.01010848126232744,-0.014792899408283988,1.1712976419259244,16
tdc_hia_hou,23,3,16,complementary_strong_added,et_90_d12,0.01740259740259742,0.0033766233766235887,-0.02779220779220759,1.1712976419259244,16
tdc_hia_hou,23,1,32,complementary_strong_added,logreg_l2_c0.1,0.08538011695906422,0.08538011695906422,0.05692007797270959,1.1937784636225766,32
tdc_hia_hou,23,2,32,complementary_strong_added,et_90_d12,0.004437869822485396,0.01010848126232744,-0.014792899408283988,1.1937784636225766,32
tdc_hia_hou,23,3,32,complementary_strong_added,et_90_d12,0.019740259740259836,0.005714285714286005,-0.02779220779220759,1.1937784636225766,32
tdc_hia_hou,23,1,4,exact_duplicate,base_1,0.0,0.0,-0.013645224171540016,1.1343430322339005,4
tdc_hia_hou,23,2,4,exact_duplicate,base_1,0.004437869822485396,0.004437869822485396,0.004437869822485396,1.1343430322339005,4
tdc_hia_hou,23,3,4,exact_duplicate,base_3,0.0,0.018701298701298774,0.011688311688311748,1.1343430322339005,4
tdc_hia_hou,23,1,8,exact_duplicate,base_1,0.0,0.0,-0.013645224171540016,1.134343032233901,4
tdc_hia_hou,23,2,8,exact_duplicate,base_1,0.004437869822485396,0.004437869822485396,0.004437869822485396,1.134343032233901,4
tdc_hia_hou,23,3,8,exact_duplicate,base_3,0.0,0.018701298701298774,0.011688311688311748,1.134343032233901,4
tdc_hia_hou,23,1,16,exact_duplicate,base_1,0.0,0.0,-0.013645224171540016,1.1343430322339012,4
tdc_hia_hou,23,2,16,exact_duplicate,base_1,0.004437869822485396,0.004437869822485396,0.004437869822485396,1.1343430322339012,4
tdc_hia_hou,23,3,16,exact_duplicate,base_3,0.0,0.018701298701298774,0.011688311688311748,1.1343430322339012,4
tdc_hia_hou,23,1,32,exact_duplicate,base_1,0.0,0.0,-0.013645224171540016,1.1343430322339016,4
tdc_hia_hou,23,2,32,exact_duplicate,base_1,0.004437869822485396,0.004437869822485396,0.004437869822485396,1.1343430322339016,4
tdc_hia_hou,23,3,32,exact_duplicate,base_3,0.0,0.018701298701298774,0.011688311688311748,1.1343430322339016,4
tdc_hia_hou,23,1,4,near_duplicate_95pct_anchor,base_1,0.0,0.0,-0.013645224171540016,1.1343430322339005,4
tdc_hia_hou,23,2,4,near_duplicate_95pct_anchor,base_1,0.004437869822485396,0.004437869822485396,0.004437869822485396,1.1343430322339005,4
tdc_hia_hou,23,3,4,near_duplicate_95pct_anchor,base_3,0.0,0.018701298701298774,0.011688311688311748,1.1343430322339005,4
tdc_hia_hou,23,1,8,near_duplicate_95pct_anchor,base_1,0.0,0.0,-0.011754385964912295,1.126352412059286,4
tdc_hia_hou,23,2,8,near_duplicate_95pct_anchor,near_duplicate_95pct_anchor_2,0.004437869822485396,0.00140532544378702,0.0,1.126352412059286,4
tdc_hia_hou,23,3,8,near_duplicate_95pct_anchor,base_3,0.0,0.018701298701298774,0.010818181818181838,1.126352412059286,4
tdc_hia_hou,23,1,16,near_duplicate_95pct_anchor,base_1,0.002451267056530204,0.002451267056530204,-0.008693957115009754,1.1245752483664113,4
tdc_hia_hou,23,2,16,near_duplicate_95pct_anchor,near_duplicate_95pct_anchor_6,0.004437869822485396,0.0005054240631163776,0.0,1.1245752483664113,4
tdc_hia_hou,23,3,16,near_duplicate_95pct_anchor,base_3,0.0009870129870128697,0.019688311688311644,0.01274025974025983,1.1245752483664113,4
tdc_hia_hou,23,1,32,near_duplicate_95pct_anchor,base_1,0.002451267056530204,0.002451267056530204,-0.008693957115009754,1.123535760841717,4
tdc_hia_hou,23,2,32,near_duplicate_95pct_anchor,near_duplicate_95pct_anchor_6,0.004437869822485396,0.0005054240631163776,0.0,1.123535760841717,4
tdc_hia_hou,23,3,32,near_duplicate_95pct_anchor,base_3,0.0009870129870128697,0.019688311688311644,0.01274025974025983,1.123535760841717,4
tdc_hia_hou,37,1,4,registered,logreg_l2_c0.1,0.03823204419889503,0.03823204419889503,0.0,1.1127117159983397,4
tdc_hia_hou,37,2,4,registered,logreg_l2_c1,0.0,0.005806568680819968,0.005806568680819968,1.1127117159983397,4
tdc_hia_hou,37,3,4,registered,logreg_l2_c0.1,0.0,0.0,0.0,1.1127117159983397,4
tdc_hia_hou,37,1,8,registered,logreg_l2_c0.1,0.03823204419889503,0.03823204419889503,0.008397790055248655,1.1298086426113376,8
tdc_hia_hou,37,2,8,registered,logreg_l2_c1,0.014697876973326252,0.02050444565414622,0.00925421883505717,1.1298086426113376,8
tdc_hia_hou,37,3,8,registered,logreg_l2_c0.1,0.0,0.0,-0.005263157894736636,1.1298086426113376,8
tdc_hia_hou,37,1,16,registered,logreg_l2_c0.1,0.05381215469613254,0.05381215469613254,0.03403314917127065,1.2169654496942117,16
tdc_hia_hou,37,2,16,registered,logreg_l2_c1,0.014697876973326252,0.02050444565414622,0.007984031936127733,1.2169654496942117,16
tdc_hia_hou,37,3,16,registered,et_120_d20_leaf2,0.010855263157894535,0.0,-0.002960526315789136,1.2169654496942117,16
tdc_hia_hou,37,1,32,registered,logreg_l2_c0.1,0.05381215469613254,0.05381215469613254,0.03403314917127065,1.2104752065465252,32
tdc_hia_hou,37,2,32,registered,logreg_l2_c1,0.014697876973326252,0.02050444565414622,0.007984031936127733,1.2104752065465252,32
tdc_hia_hou,37,3,32,registered,et_120_d20_leaf2,0.010855263157894535,0.0,-0.002960526315789136,1.2104752065465252,32
tdc_hia_hou,37,1,4,weak_added,logreg_l2_c0.1,0.03823204419889503,0.03823204419889503,0.0,1.1127117159983397,4
tdc_hia_hou,37,2,4,weak_added,logreg_l2_c1,0.0,0.005806568680819968,0.005806568680819968,1.1127117159983397,4
tdc_hia_hou,37,3,4,weak_added,logreg_l2_c0.1,0.0,0.0,0.0,1.1127117159983397,4
tdc_hia_hou,37,1,8,weak_added,logreg_l2_c0.1,0.03823204419889503,0.03823204419889503,0.0,1.297564256380667,8
tdc_hia_hou,37,2,8,weak_added,logreg_l2_c1,0.0,0.005806568680819968,0.005806568680819968,1.297564256380667,8
tdc_hia_hou,37,3,8,weak_added,logreg_l2_c0.1,0.0,0.0,0.0,1.297564256380667,8
tdc_hia_hou,37,1,16,weak_added,logreg_l2_c0.1,0.03823204419889503,0.03823204419889503,0.0,1.24346162529497,16
tdc_hia_hou,37,2,16,weak_added,logreg_l2_c1,0.0,0.005806568680819968,0.005806568680819968,1.24346162529497,16
tdc_hia_hou,37,3,16,weak_added,logreg_l2_c0.1,0.0036184210526317706,0.0036184210526317706,0.0,1.24346162529497,16
tdc_hia_hou,37,1,32,weak_added,logreg_l2_c0.1,0.05381215469613254,0.05381215469613254,0.03403314917127065,1.2104752065465245,32
tdc_hia_hou,37,2,32,weak_added,logreg_l2_c1,0.014697876973326252,0.02050444565414622,0.007984031936127733,1.2104752065465245,32
tdc_hia_hou,37,3,32,weak_added,et_120_d20_leaf2,0.010855263157894535,0.0,-0.002960526315789136,1.2104752065465245,32
tdc_hia_hou,37,1,4,complementary_strong_added,logreg_l2_c0.1,0.03823204419889503,0.03823204419889503,0.0,1.1127117159983397,4
tdc_hia_hou,37,2,4,complementary_strong_added,logreg_l2_c1,0.0,0.005806568680819968,0.005806568680819968,1.1127117159983397,4
tdc_hia_hou,37,3,4,complementary_strong_added,logreg_l2_c0.1,0.0,0.0,0.0,1.1127117159983397,4
tdc_hia_hou,37,1,8,complementary_strong_added,logreg_l2_c0.1,0.05381215469613254,0.05381215469613254,0.03403314917127065,1.2150396731931485,8
tdc_hia_hou,37,2,8,complementary_strong_added,logreg_l2_c1,0.0021774632553077655,0.007984031936127733,0.007984031936127733,1.2150396731931485,8
tdc_hia_hou,37,3,8,complementary_strong_added,et_90_d12,0.007894736842105399,0.0,0.0,1.2150396731931485,8
tdc_hia_hou,37,1,16,complementary_strong_added,logreg_l2_c0.1,0.05381215469613254,0.05381215469613254,0.03403314917127065,1.1954115117513293,16
tdc_hia_hou,37,2,16,complementary_strong_added,logreg_l2_c1,0.013609145345672369,0.019415714026492337,0.007984031936127733,1.1954115117513293,16
tdc_hia_hou,37,3,16,complementary_strong_added,et_120_d20_leaf2,0.010855263157894535,0.0,-0.002960526315789136,1.1954115117513293,16
tdc_hia_hou,37,1,32,complementary_strong_added,logreg_l2_c0.1,0.05381215469613254,0.05381215469613254,0.03403314917127065,1.2104752065465243,32
tdc_hia_hou,37,2,32,complementary_strong_added,logreg_l2_c1,0.014697876973326252,0.02050444565414622,0.007984031936127733,1.2104752065465243,32
tdc_hia_hou,37,3,32,complementary_strong_added,et_120_d20_leaf2,0.010855263157894535,0.0,-0.002960526315789136,1.2104752065465243,32
tdc_hia_hou,37,1,4,exact_duplicate,base_1,0.03823204419889503,0.03823204419889503,0.0,1.1127117159983397,4
tdc_hia_hou,37,2,4,exact_duplicate,base_2,0.0,0.005806568680819968,0.005806568680819968,1.1127117159983397,4
tdc_hia_hou,37,3,4,exact_duplicate,base_1,0.0,0.0,0.0,1.1127117159983397,4
tdc_hia_hou,37,1,8,exact_duplicate,base_1,0.03823204419889503,0.03823204419889503,0.0,1.11271171599834,4
tdc_hia_hou,37,2,8,exact_duplicate,base_2,0.0,0.005806568680819968,0.005806568680819968,1.11271171599834,4
tdc_hia_hou,37,3,8,exact_duplicate,base_1,0.0,0.0,0.0,1.11271171599834,4
tdc_hia_hou,37,1,16,exact_duplicate,base_1,0.03823204419889503,0.03823204419889503,0.0,1.1127117159983406,4
tdc_hia_hou,37,2,16,exact_duplicate,base_2,0.0,0.005806568680819968,0.005806568680819968,1.1127117159983406,4
tdc_hia_hou,37,3,16,exact_duplicate,base_1,0.0,0.0,0.0,1.1127117159983406,4
tdc_hia_hou,37,1,32,exact_duplicate,base_1,0.03823204419889503,0.03823204419889503,0.0,1.1127117159983406,4
tdc_hia_hou,37,2,32,exact_duplicate,base_2,0.0,0.005806568680819968,0.005806568680819968,1.1127117159983406,4
tdc_hia_hou,37,3,32,exact_duplicate,base_1,0.0,0.0,0.0,1.1127117159983406,4
tdc_hia_hou,37,1,4,near_duplicate_95pct_anchor,base_1,0.03823204419889503,0.03823204419889503,0.0,1.1127117159983397,4
tdc_hia_hou,37,2,4,near_duplicate_95pct_anchor,base_2,0.0,0.005806568680819968,0.005806568680819968,1.1127117159983397,4
tdc_hia_hou,37,3,4,near_duplicate_95pct_anchor,base_1,0.0,0.0,0.0,1.1127117159983397,4
tdc_hia_hou,37,1,8,near_duplicate_95pct_anchor,base_1,0.03823204419889503,0.03823204419889503,0.0,1.105965122283447,4
tdc_hia_hou,37,2,8,near_duplicate_95pct_anchor,base_2,0.0,0.005806568680819968,0.005806568680819968,1.105965122283447,4
tdc_hia_hou,37,3,8,near_duplicate_95pct_anchor,base_1,0.0,0.0,0.0,1.105965122283447,4
tdc_hia_hou,37,1,16,near_duplicate_95pct_anchor,base_1,0.03823204419889503,0.03823204419889503,0.0,1.1047856844910462,4
tdc_hia_hou,37,2,16,near_duplicate_95pct_anchor,base_2,0.0,0.005806568680819968,0.005806568680819968,1.1047856844910462,4
tdc_hia_hou,37,3,16,near_duplicate_95pct_anchor,base_1,0.0,0.0,0.0,1.1047856844910462,4
tdc_hia_hou,37,1,32,near_duplicate_95pct_anchor,base_1,0.03823204419889503,0.03823204419889503,0.0,1.1040621661533672,4
tdc_hia_hou,37,2,32,near_duplicate_95pct_anchor,base_2,0.0,0.005806568680819968,0.005806568680819968,1.1040621661533672,4
tdc_hia_hou,37,3,32,near_duplicate_95pct_anchor,base_1,0.0,0.0,0.0,1.1040621661533672,4
tdc_hia_hou,53,1,4,registered,logreg_l2_c0.1,0.0,0.0,-0.020825721592984903,1.128904216536424,4
tdc_hia_hou,53,2,4,registered,logreg_l2_c0.1,0.0,0.0,-0.004293381037567157,1.128904216536424,4
tdc_hia_hou,53,3,4,registered,logreg_l2_c0.1,0.00249272953884494,0.00249272953884494,0.00249272953884494,1.128904216536424,4
tdc_hia_hou,53,1,8,registered,rf_90_d12,0.0,0.008768724881256906,0.0,1.145780118634696,8
tdc_hia_hou,53,2,8,registered,rf_90_d12,0.0,0.030769230769230882,0.0,1.145780118634696,8
tdc_hia_hou,53,3,8,registered,rf_90_d12,0.00249272953884494,0.019941836310760186,0.0,1.145780118634696,8
tdc_hia_hou,53,1,16,registered,rf_90_d12,0.012422360248447228,0.021191085129704135,-0.010230179028132946,1.2393752657981971,16
tdc_hia_hou,53,2,16,registered,et_90_d12,0.006082289803219898,0.0,-0.033810375670840775,1.2393752657981971,16
tdc_hia_hou,53,3,16,registered,rf_90_d12,0.0062318238471125165,0.023680930619027762,0.020149563772330792,1.2393752657981971,16
tdc_hia_hou,53,1,32,registered,rf_90_d12,0.012422360248447228,0.021191085129704135,-0.010230179028132946,1.2229907417973591,32
tdc_hia_hou,53,2,32,registered,et_90_d12,0.006082289803219898,0.0,-0.033810375670840775,1.2229907417973591,32
tdc_hia_hou,53,3,32,registered,cat_60_d4,0.0062318238471125165,0.04819277108433717,0.0446614042376402,1.2229907417973591,32
tdc_hia_hou,53,1,4,weak_added,logreg_l2_c0.1,0.0,0.0,-0.020825721592984903,1.128904216536424,4
tdc_hia_hou,53,2,4,weak_added,logreg_l2_c0.1,0.0,0.0,-0.004293381037567157,1.128904216536424,4
tdc_hia_hou,53,3,4,weak_added,logreg_l2_c0.1,0.00249272953884494,0.00249272953884494,0.00249272953884494,1.128904216536424,4
tdc_hia_hou,53,1,8,weak_added,cat_60_d4,0.0,0.04603580562659848,0.025210084033613578,1.324939521744941,8
tdc_hia_hou,53,2,8,weak_added,logreg_l2_c0.1,0.0,0.0,-0.004293381037567157,1.324939521744941,8
tdc_hia_hou,53,3,8,weak_added,cat_60_d4,0.00249272953884494,0.044453676776069595,0.044453676776069595,1.324939521744941,8
tdc_hia_hou,53,1,16,weak_added,cat_80_d6,0.0,0.04713189623675551,0.026306174643770608,1.257075444294796,16
tdc_hia_hou,53,2,16,weak_added,logreg_l2_c0.1,0.0,0.0,-0.004293381037567157,1.257075444294796,16
tdc_hia_hou,53,3,16,weak_added,cat_60_d4,0.00249272953884494,0.044453676776069595,0.044453676776069595,1.257075444294796,16
tdc_hia_hou,53,1,32,weak_added,rf_90_d12,0.012422360248447228,0.021191085129704135,-0.010230179028132946,1.2229907417973582,32
tdc_hia_hou,53,2,32,weak_added,et_90_d12,0.006082289803219898,0.0,-0.033810375670840775,1.2229907417973582,32
tdc_hia_hou,53,3,32,weak_added,cat_60_d4,0.0062318238471125165,0.04819277108433717,0.0446614042376402,1.2229907417973582,32
tdc_hia_hou,53,1,4,complementary_strong_added,logreg_l2_c0.1,0.0,0.0,-0.020825721592984903,1.128904216536424,4
tdc_hia_hou,53,2,4,complementary_strong_added,logreg_l2_c0.1,0.0,0.0,-0.004293381037567157,1.128904216536424,4
tdc_hia_hou,53,3,4,complementary_strong_added,logreg_l2_c0.1,0.00249272953884494,0.00249272953884494,0.00249272953884494,1.128904216536424,4
tdc_hia_hou,53,1,8,complementary_strong_added,et_90_leaf2,0.004018998903909332,0.01863354037267073,0.0,1.2388684835687316,8
tdc_hia_hou,53,2,8,complementary_strong_added,et_90_d12,0.006082289803219898,0.0,-0.04078711985688721,1.2388684835687316,8
tdc_hia_hou,53,3,8,complementary_strong_added,et_90_d12,0.0062318238471125165,0.011009555463232124,0.0037390943082673544,1.2388684835687316,8
tdc_hia_hou,53,1,16,complementary_strong_added,rf_90_d12,0.012422360248447228,0.021191085129704135,-0.010230179028132946,1.22877065213179,16
tdc_hia_hou,53,2,16,complementary_strong_added,et_90_d12,0.006082289803219898,0.0,-0.033810375670840775,1.22877065213179,16
tdc_hia_hou,53,3,16,complementary_strong_added,rf_90_d12,0.0062318238471125165,0.023680930619027762,0.020149563772330792,1.22877065213179,16
tdc_hia_hou,53,1,32,complementary_strong_added,rf_90_d12,0.012422360248447228,0.021191085129704135,-0.010230179028132946,1.2229907417973591,32
tdc_hia_hou,53,2,32,complementary_strong_added,et_90_d12,0.006082289803219898,0.0,-0.033810375670840775,1.2229907417973591,32
tdc_hia_hou,53,3,32,complementary_strong_added,cat_60_d4,0.0062318238471125165,0.04819277108433717,0.0446614042376402,1.2229907417973591,32
tdc_hia_hou,53,1,4,exact_duplicate,base_1,0.0,0.0,-0.020825721592984903,1.1289042165364247,4
tdc_hia_hou,53,2,4,exact_duplicate,base_1,0.0,0.0,-0.004293381037567157,1.1289042165364247,4
tdc_hia_hou,53,3,4,exact_duplicate,base_1,0.00249272953884494,0.00249272953884494,0.00249272953884494,1.1289042165364247,4
tdc_hia_hou,53,1,8,exact_duplicate,base_1,0.0,0.0,-0.020825721592984903,1.1289042165364247,4
tdc_hia_hou,53,2,8,exact_duplicate,base_1,0.0,0.0,-0.004293381037567157,1.1289042165364247,4
tdc_hia_hou,53,3,8,exact_duplicate,base_1,0.00249272953884494,0.00249272953884494,0.00249272953884494,1.1289042165364247,4
tdc_hia_hou,53,1,16,exact_duplicate,base_1,0.0,0.0,-0.020825721592984903,1.1289042165364245,4
tdc_hia_hou,53,2,16,exact_duplicate,base_1,0.0,0.0,-0.004293381037567157,1.1289042165364245,4
tdc_hia_hou,53,3,16,exact_duplicate,base_1,0.00249272953884494,0.00249272953884494,0.00249272953884494,1.1289042165364245,4
tdc_hia_hou,53,1,32,exact_duplicate,base_1,0.0,0.0,-0.020825721592984903,1.128904216536425,4
tdc_hia_hou,53,2,32,exact_duplicate,base_1,0.0,0.0,-0.004293381037567157,1.128904216536425,4
tdc_hia_hou,53,3,32,exact_duplicate,base_1,0.00249272953884494,0.00249272953884494,0.00249272953884494,1.128904216536425,4
tdc_hia_hou,53,1,4,near_duplicate_95pct_anchor,base_1,0.0,0.0,-0.020825721592984903,1.1289042165364247,4
tdc_hia_hou,53,2,4,near_duplicate_95pct_anchor,base_1,0.0,0.0,-0.004293381037567157,1.1289042165364247,4
tdc_hia_hou,53,3,4,near_duplicate_95pct_anchor,base_1,0.00249272953884494,0.00249272953884494,0.00249272953884494,1.1289042165364247,4
tdc_hia_hou,53,1,8,near_duplicate_95pct_anchor,near_duplicate_95pct_anchor_1,0.0,0.002210449397150205,-0.01801242236024836,1.1213601196429293,4
tdc_hia_hou,53,2,8,near_duplicate_95pct_anchor,base_1,0.0,0.0,-0.005617173524150365,1.1213601196429293,4
tdc_hia_hou,53,3,8,near_duplicate_95pct_anchor,base_1,0.00249272953884494,0.00249272953884494,0.001495637723306853,1.1213601196429293,4
tdc_hia_hou,53,1,16,near_duplicate_95pct_anchor,near_duplicate_95pct_anchor_1,3.653635367184549e-05,0.0022469857508220503,-0.017373036170990064,1.1199872749835285,4
tdc_hia_hou,53,2,16,near_duplicate_95pct_anchor,base_1,0.0001967799642218493,0.0001967799642218493,-0.003774597495527887,1.1199872749835285,4
tdc_hia_hou,53,3,16,near_duplicate_95pct_anchor,base_1,0.00249272953884494,0.00249272953884494,0.0021292064810966016,1.1199872749835285,4
tdc_hia_hou,53,1,32,near_duplicate_95pct_anchor,near_duplicate_95pct_anchor_1,3.653635367184549e-05,0.0022469857508220503,-0.017373036170990064,1.1190769182966132,4
tdc_hia_hou,53,2,32,near_duplicate_95pct_anchor,base_1,0.0001967799642218493,0.0001967799642218493,-0.003774597495527887,1.1190769182966132,4
tdc_hia_hou,53,3,32,near_duplicate_95pct_anchor,near_duplicate_95pct_anchor_25,0.00249272953884494,0.004590776900706195,0.0042272538429578566,1.1190769182966132,4
tdc_hia_hou,71,1,4,registered,logreg_l2_c0.1,0.020780322307039967,0.020780322307039967,0.0,1.0944984374402729,4
tdc_hia_hou,71,2,4,registered,logreg_l2_c0.1,0.043922811059907696,0.043922811059907696,0.0,1.0944984374402729,4
tdc_hia_hou,71,3,4,registered,logreg_l2_c0.1,0.0,0.0,0.0,1.0944984374402729,4
tdc_hia_hou,71,1,8,registered,rf_90_d12,0.032866836301950975,0.007845631891433613,-0.02502120441051736,1.135152504352596,8
tdc_hia_hou,71,2,8,registered,logreg_l2_c0.1,0.043922811059907696,0.043922811059907696,0.0,1.135152504352596,8
tdc_hia_hou,71,3,8,registered,logreg_l2_c0.1,0.005874060150375837,0.005874060150375837,0.0,1.135152504352596,8
tdc_hia_hou,71,1,16,registered,et_60_sqrt,0.032866836301950975,0.030322307039864382,0.018235793044953152,1.2486905388240266,16
tdc_hia_hou,71,2,16,registered,logreg_l2_c0.1,0.043922811059907696,0.043922811059907696,0.04075460829493083,1.2486905388240266,16
tdc_hia_hou,71,3,16,registered,logreg_l2_c0.1,0.005874060150375837,0.005874060150375837,-0.00187969924812037,1.2486905388240266,16
tdc_hia_hou,71,1,32,registered,et_60_sqrt,0.032866836301950975,0.030322307039864382,0.018235793044953152,1.2266125422158367,32
tdc_hia_hou,71,2,32,registered,logreg_l2_c0.1,0.08194124423963123,0.08194124423963123,0.04075460829493083,1.2266125422158367,32
tdc_hia_hou,71,3,32,registered,logreg_l2_c0.1,0.009398496240601406,0.009398496240601406,-0.00187969924812037,1.2266125422158367,32
tdc_hia_hou,71,1,4,weak_added,logreg_l2_c0.1,0.020780322307039967,0.020780322307039967,0.0,1.0944984374402729,4
tdc_hia_hou,71,2,4,weak_added,logreg_l2_c0.1,0.043922811059907696,0.043922811059907696,0.0,1.0944984374402729,4
tdc_hia_hou,71,3,4,weak_added,logreg_l2_c0.1,0.0,0.0,0.0,1.0944984374402729,4
tdc_hia_hou,71,1,8,weak_added,logreg_l2_c0.1,0.020780322307039967,0.020780322307039967,0.0,1.3213229025233975,8
tdc_hia_hou,71,2,8,weak_added,logreg_l2_c0.1,0.043922811059907696,0.043922811059907696,0.0,1.3213229025233975,8
tdc_hia_hou,71,3,8,weak_added,logreg_l2_c0.1,0.009398496240601406,0.009398496240601406,0.0,1.3213229025233975,8
tdc_hia_hou,71,1,16,weak_added,logreg_l2_c0.1,0.032866836301950975,0.032866836301950975,0.0,1.2562009054001209,16
tdc_hia_hou,71,2,16,weak_added,logreg_l2_c0.1,0.06451612903225812,0.06451612903225812,0.0,1.2562009054001209,16
tdc_hia_hou,71,3,16,weak_added,logreg_l2_c0.1,0.009398496240601406,0.009398496240601406,0.0,1.2562009054001209,16
tdc_hia_hou,71,1,32,weak_added,et_60_sqrt,0.032866836301950975,0.030322307039864382,0.018235793044953152,1.2266125422158365,32
tdc_hia_hou,71,2,32,weak_added,logreg_l2_c0.1,0.08194124423963123,0.08194124423963123,0.04075460829493083,1.2266125422158365,32
tdc_hia_hou,71,3,32,weak_added,logreg_l2_c0.1,0.009398496240601406,0.009398496240601406,-0.00187969924812037,1.2266125422158365,32
tdc_hia_hou,71,1,4,complementary_strong_added,logreg_l2_c0.1,0.020780322307039967,0.020780322307039967,0.0,1.0944984374402729,4
tdc_hia_hou,71,2,4,complementary_strong_added,logreg_l2_c0.1,0.043922811059907696,0.043922811059907696,0.0,1.0944984374402729,4
tdc_hia_hou,71,3,4,complementary_strong_added,logreg_l2_c0.1,0.0,0.0,0.0,1.0944984374402729,4
tdc_hia_hou,71,1,8,complementary_strong_added,et_60_sqrt,0.020780322307039967,0.018235793044953374,0.018235793044953152,1.230950071141851,8
tdc_hia_hou,71,2,8,complementary_strong_added,logreg_l2_c0.1,0.043922811059907696,0.043922811059907696,0.04075460829493083,1.230950071141851,8
tdc_hia_hou,71,3,8,complementary_strong_added,logreg_l2_c0.1,0.00046992481203000924,0.00046992481203000924,-0.00187969924812037,1.230950071141851,8
tdc_hia_hou,71,1,16,complementary_strong_added,et_60_sqrt,0.028837998303647194,0.026293469041560602,0.018235793044953152,1.228161350808634,16
tdc_hia_hou,71,2,16,complementary_strong_added,logreg_l2_c0.1,0.04997119815668205,0.04997119815668205,0.04075460829493083,1.228161350808634,16
tdc_hia_hou,71,3,16,complementary_strong_added,logreg_l2_c0.1,0.0028195488721803885,0.0028195488721803885,-0.00187969924812037,1.228161350808634,16
tdc_hia_hou,71,1,32,complementary_strong_added,et_60_sqrt,0.032866836301950975,0.030322307039864382,0.018235793044953152,1.226612542215837,32
tdc_hia_hou,71,2,32,complementary_strong_added,logreg_l2_c0.1,0.08194124423963123,0.08194124423963123,0.04075460829493083,1.226612542215837,32
tdc_hia_hou,71,3,32,complementary_strong_added,logreg_l2_c0.1,0.009398496240601406,0.009398496240601406,-0.00187969924812037,1.226612542215837,32
tdc_hia_hou,71,1,4,exact_duplicate,base_1,0.020780322307039967,0.020780322307039967,0.0,1.0944984374402724,4
tdc_hia_hou,71,2,4,exact_duplicate,base_1,0.043922811059907696,0.043922811059907696,0.0,1.0944984374402724,4
tdc_hia_hou,71,3,4,exact_duplicate,base_1,0.0,0.0,0.0,1.0944984374402724,4
tdc_hia_hou,71,1,8,exact_duplicate,base_1,0.020780322307039967,0.020780322307039967,0.0,1.0944984374402722,4
tdc_hia_hou,71,2,8,exact_duplicate,base_1,0.043922811059907696,0.043922811059907696,0.0,1.0944984374402722,4
tdc_hia_hou,71,3,8,exact_duplicate,base_1,0.0,0.0,0.0,1.0944984374402722,4
tdc_hia_hou,71,1,16,exact_duplicate,base_1,0.020780322307039967,0.020780322307039967,0.0,1.0944984374402726,4
tdc_hia_hou,71,2,16,exact_duplicate,base_1,0.043922811059907696,0.043922811059907696,0.0,1.0944984374402726,4
tdc_hia_hou,71,3,16,exact_duplicate,base_1,0.0,0.0,0.0,1.0944984374402726,4
tdc_hia_hou,71,1,32,exact_duplicate,base_1,0.020780322307039967,0.020780322307039967,0.0,1.0944984374402726,4
tdc_hia_hou,71,2,32,exact_duplicate,base_1,0.043922811059907696,0.043922811059907696,0.0,1.0944984374402726,4
tdc_hia_hou,71,3,32,exact_duplicate,base_1,0.0,0.0,0.0,1.0944984374402726,4
tdc_hia_hou,71,1,4,near_duplicate_95pct_anchor,base_1,0.020780322307039967,0.020780322307039967,0.0,1.0944984374402724,4
tdc_hia_hou,71,2,4,near_duplicate_95pct_anchor,base_1,0.043922811059907696,0.043922811059907696,0.0,1.0944984374402724,4
tdc_hia_hou,71,3,4,near_duplicate_95pct_anchor,base_1,0.0,0.0,0.0,1.0944984374402724,4
tdc_hia_hou,71,1,8,near_duplicate_95pct_anchor,base_1,0.021013570822731142,0.021013570822731142,0.0,1.088597994218328,4
tdc_hia_hou,71,2,8,near_duplicate_95pct_anchor,base_1,0.043922811059907696,0.043922811059907696,0.0,1.088597994218328,4
tdc_hia_hou,71,3,8,near_duplicate_95pct_anchor,base_1,0.0,0.0,0.0,1.088597994218328,4
tdc_hia_hou,71,1,16,near_duplicate_95pct_anchor,near_duplicate_95pct_anchor_5,0.021013570822731142,0.020886344359626774,-0.00012722646310436847,1.087732771337326,4
tdc_hia_hou,71,2,16,near_duplicate_95pct_anchor,base_1,0.043922811059907696,0.043922811059907696,0.0,1.087732771337326,4
tdc_hia_hou,71,3,16,near_duplicate_95pct_anchor,base_1,0.00019971804511276225,0.00019971804511276225,0.0,1.087732771337326,4
tdc_hia_hou,71,1,32,near_duplicate_95pct_anchor,near_duplicate_95pct_anchor_5,0.021013570822731142,0.020886344359626774,-0.00012722646310436847,1.087072806003545,4
tdc_hia_hou,71,2,32,near_duplicate_95pct_anchor,base_1,0.04582373271889384,0.04582373271889384,0.0,1.087072806003545,4
tdc_hia_hou,71,3,32,near_duplicate_95pct_anchor,base_1,0.00046992481203012026,0.00046992481203012026,0.0,1.087072806003545,4
tdc_hia_hou,83,1,4,registered,logreg_l2_c1,0.0,0.006085192697768749,0.006085192697768749,1.1369769789088477,4
tdc_hia_hou,83,2,4,registered,logreg_l2_c1,0.01587810745789897,0.005773857257417858,-0.010104250200481113,1.1369769789088477,4
tdc_hia_hou,83,3,4,registered,logreg_l2_c0.1,0.0,0.0,0.0,1.1369769789088477,4
tdc_hia_hou,83,1,8,registered,logreg_l2_c1,0.006490872210953236,0.012576064908721984,0.012576064908721984,1.1509104959621221,8
tdc_hia_hou,83,2,8,registered,logreg_l2_c1,0.01587810745789897,0.005773857257417858,-0.011708099438652697,1.1509104959621221,8
tdc_hia_hou,83,3,8,registered,logreg_l2_c0.1,0.0,0.0,-0.023214285714285743,1.1509104959621221,8
tdc_hia_hou,83,1,16,registered,et_120_d20_leaf2,0.010141987829614618,0.0,-0.0028397565922921864,1.2480856339568833,16
tdc_hia_hou,83,2,16,registered,logreg_l2_c1,0.01587810745789897,0.005773857257417858,-0.035284683239775405,1.2480856339568833,16
tdc_hia_hou,83,3,16,registered,logreg_l2_c0.1,0.0,0.0,0.0,1.2480856339568833,16
tdc_hia_hou,83,1,32,registered,et_120_d20_leaf2,0.01135902636916819,0.001217038539553572,-0.0028397565922921864,1.2410074524335133,32
tdc_hia_hou,83,2,32,registered,logreg_l2_c1,0.01988773055332793,0.009783480352846818,-0.035284683239775405,1.2410074524335133,32
tdc_hia_hou,83,3,32,registered,xgb_60_d6,0.0,0.027455357142857184,0.027455357142857184,1.2410074524335133,32
tdc_hia_hou,83,1,4,weak_added,logreg_l2_c1,0.0,0.006085192697768749,0.006085192697768749,1.1369769789088477,4
tdc_hia_hou,83,2,4,weak_added,logreg_l2_c1,0.01587810745789897,0.005773857257417858,-0.010104250200481113,1.1369769789088477,4
tdc_hia_hou,83,3,4,weak_added,logreg_l2_c0.1,0.0,0.0,0.0,1.1369769789088477,4
tdc_hia_hou,83,1,8,weak_added,logreg_l2_c1,0.0,0.006085192697768749,0.006085192697768749,1.3306262679078338,8
tdc_hia_hou,83,2,8,weak_added,logreg_l2_c1,0.01587810745789897,0.005773857257417858,-0.010104250200481113,1.3306262679078338,8
tdc_hia_hou,83,3,8,weak_added,logreg_l2_c0.1,0.0,0.0,0.0,1.3306262679078338,8
tdc_hia_hou,83,1,16,weak_added,logreg_l2_c1,0.01135902636916819,0.01744421906693694,0.006085192697768749,1.279001404871724,16
tdc_hia_hou,83,2,16,weak_added,logreg_l2_c1,0.01587810745789897,0.005773857257417858,-0.010104250200481113,1.279001404871724,16
tdc_hia_hou,83,3,16,weak_added,cat_80_d6,0.0,0.06852678571428572,0.06852678571428572,1.279001404871724,16
tdc_hia_hou,83,1,32,weak_added,et_120_d20_leaf2,0.01135902636916819,0.001217038539553572,-0.0028397565922921864,1.2410074524335122,32
tdc_hia_hou,83,2,32,weak_added,logreg_l2_c1,0.01988773055332793,0.009783480352846818,-0.035284683239775405,1.2410074524335122,32
tdc_hia_hou,83,3,32,weak_added,xgb_60_d6,0.0,0.027455357142857184,0.027455357142857184,1.2410074524335122,32
tdc_hia_hou,83,1,4,complementary_strong_added,logreg_l2_c1,0.0,0.006085192697768749,0.006085192697768749,1.1369769789088477,4
tdc_hia_hou,83,2,4,complementary_strong_added,logreg_l2_c1,0.01587810745789897,0.005773857257417858,-0.010104250200481113,1.1369769789088477,4
tdc_hia_hou,83,3,4,complementary_strong_added,logreg_l2_c0.1,0.0,0.0,0.0,1.1369769789088477,4
tdc_hia_hou,83,1,8,complementary_strong_added,logreg_l2_c1,0.007302231237322432,0.01338742393509118,0.01338742393509118,1.2466697101474005,8
tdc_hia_hou,83,2,8,complementary_strong_added,logreg_l2_c1,0.01587810745789897,0.005773857257417858,-0.035284683239775405,1.2466697101474005,8
tdc_hia_hou,83,3,8,complementary_strong_added,xgb_60_d6,0.0,0.027455357142857184,0.027455357142857184,1.2466697101474005,8
tdc_hia_hou,83,1,16,complementary_strong_added,et_120_d20_leaf2,0.010141987829614618,0.0,-0.0028397565922921864,1.2171287469783307,16
tdc_hia_hou,83,2,16,complementary_strong_added,logreg_l2_c1,0.01587810745789897,0.005773857257417858,-0.035284683239775405,1.2171287469783307,16
tdc_hia_hou,83,3,16,complementary_strong_added,xgb_60_d6,0.0,0.027455357142857184,0.027455357142857184,1.2171287469783307,16
tdc_hia_hou,83,1,32,complementary_strong_added,et_120_d20_leaf2,0.01135902636916819,0.001217038539553572,-0.0028397565922921864,1.2410074524335128,32
tdc_hia_hou,83,2,32,complementary_strong_added,logreg_l2_c1,0.01988773055332793,0.009783480352846818,-0.035284683239775405,1.2410074524335128,32
tdc_hia_hou,83,3,32,complementary_strong_added,xgb_60_d6,0.0,0.027455357142857184,0.027455357142857184,1.2410074524335128,32
tdc_hia_hou,83,1,4,exact_duplicate,base_2,0.0,0.006085192697768749,0.006085192697768749,1.136976978908848,4
tdc_hia_hou,83,2,4,exact_duplicate,base_2,0.01587810745789897,0.005773857257417858,-0.010104250200481113,1.136976978908848,4
tdc_hia_hou,83,3,4,exact_duplicate,base_1,0.0,0.0,0.0,1.136976978908848,4
tdc_hia_hou,83,1,8,exact_duplicate,base_2,0.0,0.006085192697768749,0.006085192697768749,1.1369769789088486,4
tdc_hia_hou,83,2,8,exact_duplicate,base_2,0.01587810745789897,0.005773857257417858,-0.010104250200481113,1.1369769789088486,4
tdc_hia_hou,83,3,8,exact_duplicate,base_1,0.0,0.0,0.0,1.1369769789088486,4
tdc_hia_hou,83,1,16,exact_duplicate,base_2,0.0,0.006085192697768749,0.006085192697768749,1.1369769789088486,4
tdc_hia_hou,83,2,16,exact_duplicate,base_2,0.01587810745789897,0.005773857257417858,-0.010104250200481113,1.1369769789088486,4
tdc_hia_hou,83,3,16,exact_duplicate,base_1,0.0,0.0,0.0,1.1369769789088486,4
tdc_hia_hou,83,1,32,exact_duplicate,base_2,0.0,0.006085192697768749,0.006085192697768749,1.1369769789088493,4
tdc_hia_hou,83,2,32,exact_duplicate,base_2,0.01587810745789897,0.005773857257417858,-0.010104250200481113,1.1369769789088493,4
tdc_hia_hou,83,3,32,exact_duplicate,base_1,0.0,0.0,0.0,1.1369769789088493,4
tdc_hia_hou,83,1,4,near_duplicate_95pct_anchor,base_2,0.0,0.006085192697768749,0.006085192697768749,1.136976978908848,4
tdc_hia_hou,83,2,4,near_duplicate_95pct_anchor,base_2,0.01587810745789897,0.005773857257417858,-0.010104250200481113,1.136976978908848,4
tdc_hia_hou,83,3,4,near_duplicate_95pct_anchor,base_1,0.0,0.0,0.0,1.136976978908848,4
tdc_hia_hou,83,1,8,near_duplicate_95pct_anchor,base_2,0.00025354969574031827,0.006338742393509067,0.006085192697768749,1.1290424452217487,4
tdc_hia_hou,83,2,8,near_duplicate_95pct_anchor,base_2,0.01587810745789897,0.005773857257417858,-0.010104250200481113,1.1290424452217487,4
tdc_hia_hou,83,3,8,near_duplicate_95pct_anchor,base_1,0.0,0.0,0.0,1.1290424452217487,4
tdc_hia_hou,83,1,16,near_duplicate_95pct_anchor,base_2,0.00025354969574031827,0.006338742393509067,0.0006693711967544758,1.1279180278084548,4
tdc_hia_hou,83,2,16,near_duplicate_95pct_anchor,base_2,0.01587810745789897,0.005773857257417858,-0.001764234161988787,1.1279180278084548,4
tdc_hia_hou,83,3,16,near_duplicate_95pct_anchor,base_1,0.0,0.0,-0.012299107142857202,1.1279180278084548,4
tdc_hia_hou,83,1,32,near_duplicate_95pct_anchor,base_2,0.00025354969574031827,0.006338742393509067,0.0006693711967544758,1.126913189777331,4
tdc_hia_hou,83,2,32,near_duplicate_95pct_anchor,base_2,0.016078588612670308,0.005974338412189195,-0.001764234161988787,1.126913189777331,4
tdc_hia_hou,83,3,32,near_duplicate_95pct_anchor,near_duplicate_95pct_anchor_21,0.0,0.002756696428571459,-0.009542410714285743,1.126913189777331,4
tdc_hia_hou,97,1,4,registered,logreg_l2_c0.1,0.0026570048309177974,0.0026570048309177974,0.0,1.1137732072472706,4
tdc_hia_hou,97,2,4,registered,logreg_l2_c0.1,0.0,0.0,0.0,1.1137732072472706,4
tdc_hia_hou,97,3,4,registered,logreg_l2_c1,0.026071428571428523,0.004821428571428532,-0.02124999999999999,1.1137732072472706,4
tdc_hia_hou,97,1,8,registered,rf_90_d12,0.019323671497584405,0.0,0.0,1.1320186526260152,8
tdc_hia_hou,97,2,8,registered,rf_120_d20_leaf2,0.0,0.00586419753086409,0.0012345679012344402,1.1320186526260152,8
tdc_hia_hou,97,3,8,registered,logreg_l2_c1,0.026071428571428523,0.004821428571428532,-0.03035714285714286,1.1320186526260152,8
tdc_hia_hou,97,1,16,registered,et_60_sqrt,0.033333333333333215,0.0414251207729468,0.0414251207729468,1.223304225956121,16
tdc_hia_hou,97,2,16,registered,et_120_d20_leaf2,0.00802469135802475,0.0015432098765432167,0.0015432098765432167,1.223304225956121,16
tdc_hia_hou,97,3,16,registered,logreg_l2_c1,0.026071428571428523,0.004821428571428532,-0.03875000000000006,1.223304225956121,16
tdc_hia_hou,97,1,32,registered,et_60_sqrt,0.033333333333333215,0.0414251207729468,0.0414251207729468,1.209519174491624,32
tdc_hia_hou,97,2,32,registered,et_120_d20_leaf2,0.00802469135802475,0.0015432098765432167,0.0015432098765432167,1.209519174491624,32
tdc_hia_hou,97,3,32,registered,logreg_l2_c1,0.026071428571428523,0.004821428571428532,-0.03875000000000006,1.209519174491624,32
tdc_hia_hou,97,1,4,weak_added,logreg_l2_c0.1,0.0026570048309177974,0.0026570048309177974,0.0,1.1137732072472706,4
tdc_hia_hou,97,2,4,weak_added,logreg_l2_c0.1,0.0,0.0,0.0,1.1137732072472706,4
tdc_hia_hou,97,3,4,weak_added,logreg_l2_c1,0.026071428571428523,0.004821428571428532,-0.02124999999999999,1.1137732072472706,4
tdc_hia_hou,97,1,8,weak_added,logreg_l2_c0.1,0.0026570048309177974,0.0026570048309177974,0.0,1.2974181901845692,8
tdc_hia_hou,97,2,8,weak_added,logreg_l2_c0.1,0.0,0.0,0.0,1.2974181901845692,8
tdc_hia_hou,97,3,8,weak_added,logreg_l2_c1,0.026071428571428523,0.004821428571428532,-0.02124999999999999,1.2974181901845692,8
tdc_hia_hou,97,1,16,weak_added,logreg_l2_c0.1,0.011111111111111183,0.011111111111111183,0.0,1.2403005637537798,16
tdc_hia_hou,97,2,16,weak_added,logreg_l2_c0.1,0.0,0.0,0.0,1.2403005637537798,16
tdc_hia_hou,97,3,16,weak_added,logreg_l2_c1,0.026071428571428523,0.004821428571428532,-0.02124999999999999,1.2403005637537798,16
tdc_hia_hou,97,1,32,weak_added,et_60_sqrt,0.033333333333333215,0.0414251207729468,0.0414251207729468,1.2095191744916236,32
tdc_hia_hou,97,2,32,weak_added,et_120_d20_leaf2,0.00802469135802475,0.0015432098765432167,0.0015432098765432167,1.2095191744916236,32
tdc_hia_hou,97,3,32,weak_added,logreg_l2_c1,0.026071428571428523,0.004821428571428532,-0.03875000000000006,1.2095191744916236,32
tdc_hia_hou,97,1,4,complementary_strong_added,logreg_l2_c0.1,0.0026570048309177974,0.0026570048309177974,0.0,1.1137732072472706,4
tdc_hia_hou,97,2,4,complementary_strong_added,logreg_l2_c0.1,0.0,0.0,0.0,1.1137732072472706,4
tdc_hia_hou,97,3,4,complementary_strong_added,logreg_l2_c1,0.026071428571428523,0.004821428571428532,-0.02124999999999999,1.1137732072472706,4
tdc_hia_hou,97,1,8,complementary_strong_added,et_60_sqrt,0.033333333333333215,0.0414251207729468,0.0414251207729468,1.2197181851797885,8
tdc_hia_hou,97,2,8,complementary_strong_added,et_90_leaf2,0.00802469135802475,0.006172839506172756,0.006172839506172756,1.2197181851797885,8
tdc_hia_hou,97,3,8,complementary_strong_added,logreg_l2_c1,0.026071428571428523,0.004821428571428532,-0.03875000000000006,1.2197181851797885,8
tdc_hia_hou,97,1,16,complementary_strong_added,et_60_sqrt,0.033333333333333215,0.0414251207729468,0.0414251207729468,1.1895697553195284,16
tdc_hia_hou,97,2,16,complementary_strong_added,et_120_d20_leaf2,0.00802469135802475,0.0015432098765432167,0.0015432098765432167,1.1895697553195284,16
tdc_hia_hou,97,3,16,complementary_strong_added,logreg_l2_c1,0.026071428571428523,0.004821428571428532,-0.03875000000000006,1.1895697553195284,16
tdc_hia_hou,97,1,32,complementary_strong_added,et_60_sqrt,0.033333333333333215,0.0414251207729468,0.0414251207729468,1.2095191744916238,32
tdc_hia_hou,97,2,32,complementary_strong_added,et_120_d20_leaf2,0.00802469135802475,0.0015432098765432167,0.0015432098765432167,1.2095191744916238,32
tdc_hia_hou,97,3,32,complementary_strong_added,logreg_l2_c1,0.026071428571428523,0.004821428571428532,-0.03875000000000006,1.2095191744916238,32
tdc_hia_hou,97,1,4,exact_duplicate,base_1,0.0026570048309177974,0.0026570048309177974,0.0,1.1137732072472701,4
tdc_hia_hou,97,2,4,exact_duplicate,base_1,0.0,0.0,0.0,1.1137732072472701,4
tdc_hia_hou,97,3,4,exact_duplicate,base_2,0.026071428571428523,0.004821428571428532,-0.02124999999999999,1.1137732072472701,4
tdc_hia_hou,97,1,8,exact_duplicate,base_1,0.0026570048309177974,0.0026570048309177974,0.0,1.1137732072472708,4
tdc_hia_hou,97,2,8,exact_duplicate,base_1,0.0,0.0,0.0,1.1137732072472708,4
tdc_hia_hou,97,3,8,exact_duplicate,base_2,0.026071428571428523,0.004821428571428532,-0.02124999999999999,1.1137732072472708,4
tdc_hia_hou,97,1,16,exact_duplicate,base_1,0.0026570048309177974,0.0026570048309177974,0.0,1.113773207247271,4
tdc_hia_hou,97,2,16,exact_duplicate,base_1,0.0,0.0,0.0,1.113773207247271,4
tdc_hia_hou,97,3,16,exact_duplicate,base_2,0.026071428571428523,0.004821428571428532,-0.02124999999999999,1.113773207247271,4
tdc_hia_hou,97,1,32,exact_duplicate,base_1,0.0026570048309177974,0.0026570048309177974,0.0,1.1137732072472708,4
tdc_hia_hou,97,2,32,exact_duplicate,base_1,0.0,0.0,0.0,1.1137732072472708,4
tdc_hia_hou,97,3,32,exact_duplicate,base_2,0.026071428571428523,0.004821428571428532,-0.02124999999999999,1.1137732072472708,4
tdc_hia_hou,97,1,4,near_duplicate_95pct_anchor,base_1,0.0026570048309177974,0.0026570048309177974,0.0,1.1137732072472701,4
tdc_hia_hou,97,2,4,near_duplicate_95pct_anchor,base_1,0.0,0.0,0.0,1.1137732072472701,4
tdc_hia_hou,97,3,4,near_duplicate_95pct_anchor,base_2,0.026071428571428523,0.004821428571428532,-0.02124999999999999,1.1137732072472701,4
tdc_hia_hou,97,1,8,near_duplicate_95pct_anchor,base_1,0.0026570048309177974,0.0026570048309177974,0.0,1.1069435120746396,4
tdc_hia_hou,97,2,8,near_duplicate_95pct_anchor,base_1,0.0,0.0,0.0,1.1069435120746396,4
tdc_hia_hou,97,3,8,near_duplicate_95pct_anchor,base_2,0.026071428571428523,0.004821428571428532,-0.02124999999999999,1.1069435120746396,4
tdc_hia_hou,97,1,16,near_duplicate_95pct_anchor,near_duplicate_95pct_anchor_5,0.003272946859903314,0.0036775362318840488,0.00040458937198073475,1.106095833637477,4
tdc_hia_hou,97,2,16,near_duplicate_95pct_anchor,base_1,0.0,0.0,0.0,1.106095833637477,4
tdc_hia_hou,97,3,16,near_duplicate_95pct_anchor,base_2,0.026071428571428523,0.004821428571428532,-0.02124999999999999,1.106095833637477,4
tdc_hia_hou,97,1,32,near_duplicate_95pct_anchor,near_duplicate_95pct_anchor_5,0.003272946859903314,0.0036775362318840488,0.00040458937198073475,1.1054666130136723,4
tdc_hia_hou,97,2,32,near_duplicate_95pct_anchor,base_1,0.0,0.0,0.0,1.1054666130136723,4
tdc_hia_hou,97,3,32,near_duplicate_95pct_anchor,base_2,0.026071428571428523,0.004821428571428532,-0.02124999999999999,1.1054666130136723,4
tdc_hia_hou,113,1,4,registered,logreg_l2_c0.1,0.0,0.0,0.0,1.142666808860153,4
tdc_hia_hou,113,2,4,registered,logreg_l2_c0.1,0.0,0.0,0.0,1.142666808860153,4
tdc_hia_hou,113,3,4,registered,logreg_l2_c0.1,0.007283834586466087,0.007283834586466087,0.0,1.142666808860153,4
tdc_hia_hou,113,1,8,registered,logreg_l2_c0.1,0.0,0.0,-0.008806262230919515,1.1405033981299502,8
tdc_hia_hou,113,2,8,registered,logreg_l2_c0.1,0.0,0.0,-0.030727210652099823,1.1405033981299502,8
tdc_hia_hou,113,3,8,registered,logreg_l2_c0.1,0.043468045112781906,0.043468045112781906,0.03970864661654128,1.1405033981299502,8
tdc_hia_hou,113,1,16,registered,logreg_l2_c0.1,0.017286366601435232,0.017286366601435232,0.008480104370515495,1.2441757526706834,16
tdc_hia_hou,113,2,16,registered,logreg_l2_c0.1,0.0,0.0,-0.05582109935131452,1.2441757526706834,16
tdc_hia_hou,113,3,16,registered,histgb_lr0.1,0.05427631578947367,0.042998120300751896,0.023026315789473673,1.2441757526706834,16
tdc_hia_hou,113,1,32,registered,logreg_l2_c0.1,0.017286366601435232,0.017286366601435232,0.008480104370515495,1.2442467743953423,32
tdc_hia_hou,113,2,32,registered,logreg_l2_c0.1,0.0,0.0,-0.05582109935131452,1.2442467743953423,32
tdc_hia_hou,113,3,32,registered,histgb_lr0.1,0.05427631578947367,0.042998120300751896,0.023026315789473673,1.2442467743953423,32
tdc_hia_hou,113,1,4,weak_added,logreg_l2_c0.1,0.0,0.0,0.0,1.142666808860153,4
tdc_hia_hou,113,2,4,weak_added,logreg_l2_c0.1,0.0,0.0,0.0,1.142666808860153,4
tdc_hia_hou,113,3,4,weak_added,logreg_l2_c0.1,0.007283834586466087,0.007283834586466087,0.0,1.142666808860153,4
tdc_hia_hou,113,1,8,weak_added,logreg_l2_c0.1,0.0,0.0,0.0,1.3298511425247723,8
tdc_hia_hou,113,2,8,weak_added,logreg_l2_c0.1,0.0,0.0,0.0,1.3298511425247723,8
tdc_hia_hou,113,3,8,weak_added,logreg_l2_c0.1,0.02326127819548851,0.02326127819548851,0.0,1.3298511425247723,8
tdc_hia_hou,113,1,16,weak_added,logreg_l2_c0.1,0.0029354207436400603,0.0029354207436400603,0.0,1.27982829925649,16
tdc_hia_hou,113,2,16,weak_added,logreg_l2_c0.1,0.0,0.0,0.0,1.27982829925649,16
tdc_hia_hou,113,3,16,weak_added,logreg_l2_c0.1,0.02326127819548851,0.02326127819548851,0.0,1.27982829925649,16
tdc_hia_hou,113,1,32,weak_added,logreg_l2_c0.1,0.017286366601435232,0.017286366601435232,0.008480104370515495,1.2442467743953414,32
tdc_hia_hou,113,2,32,weak_added,logreg_l2_c0.1,0.0,0.0,-0.05582109935131452,1.2442467743953414,32
tdc_hia_hou,113,3,32,weak_added,histgb_lr0.1,0.05427631578947367,0.042998120300751896,0.023026315789473673,1.2442467743953414,32
tdc_hia_hou,113,1,4,complementary_strong_added,logreg_l2_c0.1,0.0,0.0,0.0,1.142666808860153,4
tdc_hia_hou,113,2,4,complementary_strong_added,logreg_l2_c0.1,0.0,0.0,0.0,1.142666808860153,4
tdc_hia_hou,113,3,4,complementary_strong_added,logreg_l2_c0.1,0.007283834586466087,0.007283834586466087,0.0,1.142666808860153,4
tdc_hia_hou,113,1,8,complementary_strong_added,logreg_l2_c0.1,0.008480104370515495,0.008480104370515495,0.008480104370515495,1.2516201969099479,8
tdc_hia_hou,113,2,8,complementary_strong_added,logreg_l2_c0.1,0.0,0.0,-0.05582109935131452,1.2516201969099479,8
tdc_hia_hou,113,3,8,complementary_strong_added,logreg_l2_c0.1,0.05427631578947367,0.05427631578947367,0.03430451127819545,1.2516201969099479,8
tdc_hia_hou,113,1,16,complementary_strong_added,logreg_l2_c0.1,0.017286366601435232,0.017286366601435232,0.008480104370515495,1.2541272300442246,16
tdc_hia_hou,113,2,16,complementary_strong_added,logreg_l2_c0.1,0.0,0.0,-0.05582109935131452,1.2541272300442246,16
tdc_hia_hou,113,3,16,complementary_strong_added,histgb_lr0.1,0.05427631578947367,0.042998120300751896,0.023026315789473673,1.2541272300442246,16
tdc_hia_hou,113,1,32,complementary_strong_added,logreg_l2_c0.1,0.017286366601435232,0.017286366601435232,0.008480104370515495,1.2442467743953414,32
tdc_hia_hou,113,2,32,complementary_strong_added,logreg_l2_c0.1,0.0,0.0,-0.05582109935131452,1.2442467743953414,32
tdc_hia_hou,113,3,32,complementary_strong_added,histgb_lr0.1,0.05427631578947367,0.042998120300751896,0.023026315789473673,1.2442467743953414,32
tdc_hia_hou,113,1,4,exact_duplicate,base_1,0.0,0.0,0.0,1.142666808860153,4
tdc_hia_hou,113,2,4,exact_duplicate,base_1,0.0,0.0,0.0,1.142666808860153,4
tdc_hia_hou,113,3,4,exact_duplicate,base_1,0.007283834586466087,0.007283834586466087,0.0,1.142666808860153,4
tdc_hia_hou,113,1,8,exact_duplicate,base_1,0.0,0.0,0.0,1.1426668088601533,4
tdc_hia_hou,113,2,8,exact_duplicate,base_1,0.0,0.0,0.0,1.1426668088601533,4
tdc_hia_hou,113,3,8,exact_duplicate,base_1,0.007283834586466087,0.007283834586466087,0.0,1.1426668088601533,4
tdc_hia_hou,113,1,16,exact_duplicate,base_1,0.0,0.0,0.0,1.142666808860154,4
tdc_hia_hou,113,2,16,exact_duplicate,base_1,0.0,0.0,0.0,1.142666808860154,4
tdc_hia_hou,113,3,16,exact_duplicate,base_1,0.007283834586466087,0.007283834586466087,0.0,1.142666808860154,4
tdc_hia_hou,113,1,32,exact_duplicate,base_1,0.0,0.0,0.0,1.1426668088601537,4
tdc_hia_hou,113,2,32,exact_duplicate,base_1,0.0,0.0,0.0,1.1426668088601537,4
tdc_hia_hou,113,3,32,exact_duplicate,base_1,0.007283834586466087,0.007283834586466087,0.0,1.1426668088601537,4
tdc_hia_hou,113,1,4,near_duplicate_95pct_anchor,base_1,0.0,0.0,0.0,1.142666808860153,4
tdc_hia_hou,113,2,4,near_duplicate_95pct_anchor,base_1,0.0,0.0,0.0,1.142666808860153,4
tdc_hia_hou,113,3,4,near_duplicate_95pct_anchor,base_1,0.007283834586466087,0.007283834586466087,0.0,1.142666808860153,4
tdc_hia_hou,113,1,8,near_duplicate_95pct_anchor,base_1,0.0,0.0,0.0,1.1339588232635096,4
tdc_hia_hou,113,2,8,near_duplicate_95pct_anchor,base_1,0.0,0.0,0.0,1.1339588232635096,4
tdc_hia_hou,113,3,8,near_duplicate_95pct_anchor,base_1,0.008905075187969902,0.008905075187969902,0.0,1.1339588232635096,4
tdc_hia_hou,113,1,16,near_duplicate_95pct_anchor,base_1,0.0005055446836268462,0.0005055446836268462,-0.003913894324853118,1.1330405586846612,4
tdc_hia_hou,113,2,16,near_duplicate_95pct_anchor,base_1,0.0,0.0,-0.0031153977466712446,1.1330405586846612,4
tdc_hia_hou,113,3,16,near_duplicate_95pct_anchor,base_1,0.008905075187969902,0.008905075187969902,0.008634868421052544,1.1330405586846612,4
tdc_hia_hou,113,1,32,near_duplicate_95pct_anchor,base_1,0.0005055446836268462,0.0005055446836268462,-0.003913894324853118,1.1326538826463013,4
tdc_hia_hou,113,2,32,near_duplicate_95pct_anchor,base_1,0.0,0.0,-0.0031153977466712446,1.1326538826463013,4
tdc_hia_hou,113,3,32,near_duplicate_95pct_anchor,base_1,0.008905075187969902,0.008905075187969902,0.008634868421052544,1.1326538826463013,4
tdc_hia_hou,127,1,4,registered,logreg_l2_c0.1,0.0,0.0,0.0,1.1312690022797145,4
tdc_hia_hou,127,2,4,registered,logreg_l2_c1,0.0,0.006802721088435382,0.006802721088435382,1.1312690022797145,4
tdc_hia_hou,127,3,4,registered,logreg_l2_c0.1,0.020006506180871853,0.020006506180871853,0.0,1.1312690022797145,4
tdc_hia_hou,127,1,8,registered,rf_90_d12,0.005023640661938389,0.0,-0.005023640661938389,1.1398192003284549,8
tdc_hia_hou,127,2,8,registered,rf_120_d20_leaf2,0.007346938775510181,0.002448979591836764,-0.004897959183673417,1.1398192003284549,8
tdc_hia_hou,127,3,8,registered,logreg_l2_c0.1,0.0375731945348079,0.0375731945348079,0.0,1.1398192003284549,8
tdc_hia_hou,127,1,16,registered,rf_90_d12,0.023049645390070816,0.018026004728132428,0.0056146572104019965,1.2355582875823148,16
tdc_hia_hou,127,2,16,registered,rf_120_d20_leaf2,0.012108843537415037,0.00721088435374162,-0.0032653061224490187,1.2355582875823148,16
tdc_hia_hou,127,3,16,registered,et_120_d20_leaf2,0.04879635653871195,0.008620689655172376,-0.017729342875732135,1.2355582875823148,16
tdc_hia_hou,127,1,32,registered,rf_90_d12,0.023049645390070816,0.018026004728132428,0.0056146572104019965,1.2222414375162776,32
tdc_hia_hou,127,2,32,registered,rf_120_d20_leaf2,0.012108843537415037,0.00721088435374162,-0.0032653061224490187,1.2222414375162776,32
tdc_hia_hou,127,3,32,registered,et_120_d20_leaf2,0.04879635653871195,0.008620689655172376,-0.017729342875732135,1.2222414375162776,32
tdc_hia_hou,127,1,4,weak_added,logreg_l2_c0.1,0.0,0.0,0.0,1.1312690022797145,4
tdc_hia_hou,127,2,4,weak_added,logreg_l2_c1,0.0,0.006802721088435382,0.006802721088435382,1.1312690022797145,4
tdc_hia_hou,127,3,4,weak_added,logreg_l2_c0.1,0.020006506180871853,0.020006506180871853,0.0,1.1312690022797145,4
tdc_hia_hou,127,1,8,weak_added,logreg_l2_c0.1,0.0,0.0,0.0,1.3212515925880366,8
tdc_hia_hou,127,2,8,weak_added,logreg_l2_c1,0.0,0.006802721088435382,0.006802721088435382,1.3212515925880366,8
tdc_hia_hou,127,3,8,weak_added,logreg_l2_c0.1,0.020006506180871853,0.020006506180871853,0.0,1.3212515925880366,8
tdc_hia_hou,127,1,16,weak_added,rf_60_sqrt,0.00886524822695045,0.02467494089834521,0.01580969267139476,1.2579120879271053,16
tdc_hia_hou,127,2,16,weak_added,logreg_l2_c1,0.005986394557823016,0.012789115646258398,0.006802721088435382,1.2579120879271053,16
tdc_hia_hou,127,3,16,weak_added,logreg_l2_c0.1,0.0375731945348079,0.0375731945348079,0.0,1.2579120879271053,16
tdc_hia_hou,127,1,32,weak_added,rf_90_d12,0.023049645390070816,0.018026004728132428,0.0056146572104019965,1.2222414375162782,32
tdc_hia_hou,127,2,32,weak_added,rf_120_d20_leaf2,0.012108843537415037,0.00721088435374162,-0.0032653061224490187,1.2222414375162782,32
tdc_hia_hou,127,3,32,weak_added,et_120_d20_leaf2,0.04879635653871195,0.008620689655172376,-0.017729342875732135,1.2222414375162782,32
tdc_hia_hou,127,1,4,complementary_strong_added,logreg_l2_c0.1,0.0,0.0,0.0,1.1312690022797145,4
tdc_hia_hou,127,2,4,complementary_strong_added,logreg_l2_c1,0.0,0.006802721088435382,0.006802721088435382,1.1312690022797145,4
tdc_hia_hou,127,3,4,complementary_strong_added,logreg_l2_c0.1,0.020006506180871853,0.020006506180871853,0.0,1.1312690022797145,4
tdc_hia_hou,127,1,8,complementary_strong_added,logreg_l2_c0.1,0.010638297872340385,0.010638297872340385,0.010638297872340385,1.2326101673721124,8
tdc_hia_hou,127,2,8,complementary_strong_added,logreg_l2_c1,0.012108843537415037,0.01891156462585042,0.00843537414965978,1.2326101673721124,8
tdc_hia_hou,127,3,8,complementary_strong_added,logreg_l2_c0.1,0.030660377358490587,0.030660377358490587,0.02244632400780744,1.2326101673721124,8
tdc_hia_hou,127,1,16,complementary_strong_added,rf_90_d12,0.017434988179669042,0.012411347517730653,0.0056146572104019965,1.2187953755464875,16
tdc_hia_hou,127,2,16,complementary_strong_added,logreg_l2_c1,0.012108843537415037,0.01891156462585042,0.00843537414965978,1.2187953755464875,16
tdc_hia_hou,127,3,16,complementary_strong_added,et_120_d20_leaf2,0.04879635653871195,0.008620689655172376,-0.017729342875732135,1.2187953755464875,16
tdc_hia_hou,127,1,32,complementary_strong_added,rf_90_d12,0.023049645390070816,0.018026004728132428,0.0056146572104019965,1.2222414375162778,32
tdc_hia_hou,127,2,32,complementary_strong_added,rf_120_d20_leaf2,0.012108843537415037,0.00721088435374162,-0.0032653061224490187,1.2222414375162778,32
tdc_hia_hou,127,3,32,complementary_strong_added,et_120_d20_leaf2,0.04879635653871195,0.008620689655172376,-0.017729342875732135,1.2222414375162778,32
tdc_hia_hou,127,1,4,exact_duplicate,base_1,0.0,0.0,0.0,1.1312690022797143,4
tdc_hia_hou,127,2,4,exact_duplicate,base_2,0.0,0.006802721088435382,0.006802721088435382,1.1312690022797143,4
tdc_hia_hou,127,3,4,exact_duplicate,base_1,0.020006506180871853,0.020006506180871853,0.0,1.1312690022797143,4
tdc_hia_hou,127,1,8,exact_duplicate,base_1,0.0,0.0,0.0,1.1312690022797145,4
tdc_hia_hou,127,2,8,exact_duplicate,base_2,0.0,0.006802721088435382,0.006802721088435382,1.1312690022797145,4
tdc_hia_hou,127,3,8,exact_duplicate,base_1,0.020006506180871853,0.020006506180871853,0.0,1.1312690022797145,4
tdc_hia_hou,127,1,16,exact_duplicate,base_1,0.0,0.0,0.0,1.131269002279715,4
tdc_hia_hou,127,2,16,exact_duplicate,base_2,0.0,0.006802721088435382,0.006802721088435382,1.131269002279715,4
tdc_hia_hou,127,3,16,exact_duplicate,base_1,0.020006506180871853,0.020006506180871853,0.0,1.131269002279715,4
tdc_hia_hou,127,1,32,exact_duplicate,base_1,0.0,0.0,0.0,1.1312690022797152,4
tdc_hia_hou,127,2,32,exact_duplicate,base_2,0.0,0.006802721088435382,0.006802721088435382,1.1312690022797152,4
tdc_hia_hou,127,3,32,exact_duplicate,base_1,0.020006506180871853,0.020006506180871853,0.0,1.1312690022797152,4
tdc_hia_hou,127,1,4,near_duplicate_95pct_anchor,base_1,0.0,0.0,0.0,1.1312690022797143,4
tdc_hia_hou,127,2,4,near_duplicate_95pct_anchor,base_2,0.0,0.006802721088435382,0.006802721088435382,1.1312690022797143,4
tdc_hia_hou,127,3,4,near_duplicate_95pct_anchor,base_1,0.020006506180871853,0.020006506180871853,0.0,1.1312690022797143,4
tdc_hia_hou,127,1,8,near_duplicate_95pct_anchor,near_duplicate_95pct_anchor_1,0.0,0.0007904846335697879,0.0007904846335697879,1.1236098605426654,4
tdc_hia_hou,127,2,8,near_duplicate_95pct_anchor,base_2,0.0,0.006802721088435382,0.006802721088435382,1.1236098605426654,4
tdc_hia_hou,127,3,8,near_duplicate_95pct_anchor,base_1,0.020006506180871853,0.020006506180871853,0.0,1.1236098605426654,4
tdc_hia_hou,127,1,16,near_duplicate_95pct_anchor,near_duplicate_95pct_anchor_1,0.0003102836879432802,0.0011007683215130681,0.0007904846335697879,1.1222116761408145,4
tdc_hia_hou,127,2,16,near_duplicate_95pct_anchor,base_2,0.0006054421768707519,0.0074081632653061336,0.006802721088435382,1.1222116761408145,4
tdc_hia_hou,127,3,16,near_duplicate_95pct_anchor,base_1,0.021445998698763846,0.021445998698763846,0.0,1.1222116761408145,4
tdc_hia_hou,127,1,32,near_duplicate_95pct_anchor,near_duplicate_95pct_anchor_1,0.0003102836879432802,0.0011007683215130681,0.0007904846335697879,1.1213141405652938,4
tdc_hia_hou,127,2,32,near_duplicate_95pct_anchor,base_2,0.0006054421768707519,0.0074081632653061336,0.006802721088435382,1.1213141405652938,4
tdc_hia_hou,127,3,32,near_duplicate_95pct_anchor,base_1,0.021445998698763846,0.021445998698763846,0.0,1.1213141405652938,4
tdc_hia_hou,149,1,4,registered,logreg_l2_c1,0.0,0.0127314814814814,0.0127314814814814,1.1211108036463424,4
tdc_hia_hou,149,2,4,registered,logreg_l2_c0.1,0.00787878787878804,0.00787878787878804,0.0,1.1211108036463424,4
tdc_hia_hou,149,3,4,registered,logreg_l2_c0.1,0.008303525804803313,0.008303525804803313,0.0,1.1211108036463424,4
tdc_hia_hou,149,1,8,registered,logreg_l2_c1,0.004243827160493874,0.016975308641975273,0.0127314814814814,1.1277994510068332,8
tdc_hia_hou,149,2,8,registered,logreg_l2_c0.1,0.00787878787878804,0.00787878787878804,0.0,1.1277994510068332,8
tdc_hia_hou,149,3,8,registered,logreg_l2_c0.1,0.030148185998978172,0.030148185998978172,0.0,1.1277994510068332,8
tdc_hia_hou,149,1,16,registered,logreg_l2_c1,0.011188271604938405,0.023919753086419804,0.023919753086419804,1.2161746275009067,16
tdc_hia_hou,149,2,16,registered,logreg_l2_c0.1,0.01424242424242439,0.01424242424242439,-0.037575757575757485,1.2161746275009067,16
tdc_hia_hou,149,3,16,registered,et_90_d12,0.030148185998978172,0.020950434338272927,0.0,1.2161746275009067,16
tdc_hia_hou,149,1,32,registered,logreg_l2_c1,0.011188271604938405,0.023919753086419804,0.023919753086419804,1.2108533629080447,32
tdc_hia_hou,149,2,32,registered,logreg_l2_c0.1,0.01424242424242439,0.01424242424242439,-0.037575757575757485,1.2108533629080447,32
tdc_hia_hou,149,3,32,registered,cat_100_d4,0.030148185998978172,0.03474706182933063,0.0137966274910577,1.2108533629080447,32
tdc_hia_hou,149,1,4,weak_added,logreg_l2_c1,0.0,0.0127314814814814,0.0127314814814814,1.1211108036463424,4
tdc_hia_hou,149,2,4,weak_added,logreg_l2_c0.1,0.00787878787878804,0.00787878787878804,0.0,1.1211108036463424,4
tdc_hia_hou,149,3,4,weak_added,logreg_l2_c0.1,0.008303525804803313,0.008303525804803313,0.0,1.1211108036463424,4
tdc_hia_hou,149,1,8,weak_added,logreg_l2_c1,0.0003858024691356654,0.013117283950617065,0.0127314814814814,1.2989324845558026,8
tdc_hia_hou,149,2,8,weak_added,logreg_l2_c0.1,0.00787878787878804,0.00787878787878804,0.0,1.2989324845558026,8
tdc_hia_hou,149,3,8,weak_added,logreg_l2_c0.1,0.008303525804803313,0.008303525804803313,0.0,1.2989324845558026,8
tdc_hia_hou,149,1,16,weak_added,logreg_l2_c1,0.0003858024691356654,0.013117283950617065,0.0127314814814814,1.2444061649290865,16
tdc_hia_hou,149,2,16,weak_added,logreg_l2_c0.1,0.012121212121212421,0.012121212121212421,0.0,1.2444061649290865,16
tdc_hia_hou,149,3,16,weak_added,cat_100_d4,0.030148185998978172,0.03474706182933063,0.004598875830352456,1.2444061649290865,16
tdc_hia_hou,149,1,32,weak_added,logreg_l2_c1,0.011188271604938405,0.023919753086419804,0.023919753086419804,1.2108533629080447,32
tdc_hia_hou,149,2,32,weak_added,logreg_l2_c0.1,0.01424242424242439,0.01424242424242439,-0.037575757575757485,1.2108533629080447,32
tdc_hia_hou,149,3,32,weak_added,cat_100_d4,0.030148185998978172,0.03474706182933063,0.0137966274910577,1.2108533629080447,32
tdc_hia_hou,149,1,4,complementary_strong_added,logreg_l2_c1,0.0,0.0127314814814814,0.0127314814814814,1.1211108036463424,4
tdc_hia_hou,149,2,4,complementary_strong_added,logreg_l2_c0.1,0.00787878787878804,0.00787878787878804,0.0,1.1211108036463424,4
tdc_hia_hou,149,3,4,complementary_strong_added,logreg_l2_c0.1,0.008303525804803313,0.008303525804803313,0.0,1.1211108036463424,4
tdc_hia_hou,149,1,8,complementary_strong_added,logreg_l2_c1,0.011188271604938405,0.023919753086419804,0.023919753086419804,1.2098812408226542,8
tdc_hia_hou,149,2,8,complementary_strong_added,logreg_l2_c0.1,0.01272727272727281,0.01272727272727281,-0.037575757575757485,1.2098812408226542,8
tdc_hia_hou,149,3,8,complementary_strong_added,et_90_d12,0.020247828308635918,0.011050076647930673,0.0,1.2098812408226542,8
tdc_hia_hou,149,1,16,complementary_strong_added,logreg_l2_c1,0.011188271604938405,0.023919753086419804,0.023919753086419804,1.1883199532432567,16
tdc_hia_hou,149,2,16,complementary_strong_added,logreg_l2_c0.1,0.01424242424242439,0.01424242424242439,-0.037575757575757485,1.1883199532432567,16
tdc_hia_hou,149,3,16,complementary_strong_added,et_90_d12,0.021844660194174748,0.012646908533469503,0.0,1.1883199532432567,16
tdc_hia_hou,149,1,32,complementary_strong_added,logreg_l2_c1,0.011188271604938405,0.023919753086419804,0.023919753086419804,1.2108533629080447,32
tdc_hia_hou,149,2,32,complementary_strong_added,logreg_l2_c0.1,0.01424242424242439,0.01424242424242439,-0.037575757575757485,1.2108533629080447,32
tdc_hia_hou,149,3,32,complementary_strong_added,cat_100_d4,0.030148185998978172,0.03474706182933063,0.0137966274910577,1.2108533629080447,32
tdc_hia_hou,149,1,4,exact_duplicate,base_2,0.0,0.0127314814814814,0.0127314814814814,1.1211108036463417,4
tdc_hia_hou,149,2,4,exact_duplicate,base_1,0.00787878787878804,0.00787878787878804,0.0,1.1211108036463417,4
tdc_hia_hou,149,3,4,exact_duplicate,base_1,0.008303525804803313,0.008303525804803313,0.0,1.1211108036463417,4
tdc_hia_hou,149,1,8,exact_duplicate,base_2,0.0,0.0127314814814814,0.0127314814814814,1.1211108036463426,4
tdc_hia_hou,149,2,8,exact_duplicate,base_1,0.00787878787878804,0.00787878787878804,0.0,1.1211108036463426,4
tdc_hia_hou,149,3,8,exact_duplicate,base_1,0.008303525804803313,0.008303525804803313,0.0,1.1211108036463426,4
tdc_hia_hou,149,1,16,exact_duplicate,base_2,0.0,0.0127314814814814,0.0127314814814814,1.1211108036463424,4
tdc_hia_hou,149,2,16,exact_duplicate,base_1,0.00787878787878804,0.00787878787878804,0.0,1.1211108036463424,4
tdc_hia_hou,149,3,16,exact_duplicate,base_1,0.008303525804803313,0.008303525804803313,0.0,1.1211108036463424,4
tdc_hia_hou,149,1,32,exact_duplicate,base_2,0.0,0.0127314814814814,0.0127314814814814,1.1211108036463426,4
tdc_hia_hou,149,2,32,exact_duplicate,base_1,0.00787878787878804,0.00787878787878804,0.0,1.1211108036463426,4
tdc_hia_hou,149,3,32,exact_duplicate,base_1,0.008303525804803313,0.008303525804803313,0.0,1.1211108036463426,4
tdc_hia_hou,149,1,4,near_duplicate_95pct_anchor,base_2,0.0,0.0127314814814814,0.0127314814814814,1.1211108036463417,4
tdc_hia_hou,149,2,4,near_duplicate_95pct_anchor,base_1,0.00787878787878804,0.00787878787878804,0.0,1.1211108036463417,4
tdc_hia_hou,149,3,4,near_duplicate_95pct_anchor,base_1,0.008303525804803313,0.008303525804803313,0.0,1.1211108036463417,4
tdc_hia_hou,149,1,8,near_duplicate_95pct_anchor,base_2,0.0,0.0127314814814814,0.0127314814814814,1.1137472659556527,4
tdc_hia_hou,149,2,8,near_duplicate_95pct_anchor,base_1,0.00787878787878804,0.00787878787878804,0.0,1.1137472659556527,4
tdc_hia_hou,149,3,8,near_duplicate_95pct_anchor,base_1,0.008827286663260048,0.008827286663260048,0.0,1.1137472659556527,4
tdc_hia_hou,149,1,16,near_duplicate_95pct_anchor,base_2,0.0,0.0127314814814814,0.0011959876543209402,1.112531391583565,4
tdc_hia_hou,149,2,16,near_duplicate_95pct_anchor,base_1,0.007939393939394024,0.007939393939394024,-0.0015909090909089763,1.112531391583565,4
tdc_hia_hou,149,3,16,near_duplicate_95pct_anchor,base_1,0.008827286663260048,0.008827286663260048,0.008348237097598354,1.112531391583565,4
tdc_hia_hou,149,1,32,near_duplicate_95pct_anchor,base_2,1.9290123456805475e-05,0.012750771604938205,0.0011959876543209402,1.1117554370990588,4
tdc_hia_hou,149,2,32,near_duplicate_95pct_anchor,base_1,0.008121212121212307,0.008121212121212307,-0.0015909090909089763,1.1117554370990588,4
tdc_hia_hou,149,3,32,near_duplicate_95pct_anchor,base_1,0.008980582524271807,0.008980582524271807,0.008348237097598354,1.1117554370990588,4
tdc_pgp_broccatelli,11,1,4,registered,logreg_l2_c0.1,0.007422136472811869,0.007422136472811869,0.0,1.2984135373210228,4
tdc_pgp_broccatelli,11,2,4,registered,logreg_l2_c1,0.0,0.02416481367374812,0.02416481367374812,1.2984135373210228,4
tdc_pgp_broccatelli,11,3,4,registered,logreg_l2_c1,0.0,0.011094674556213158,0.011094674556213158,1.2984135373210228,4
tdc_pgp_broccatelli,11,1,8,registered,rf_60_sqrt,0.0659920463046817,0.0,-0.0058865220301610455,1.5620463300062564,8
tdc_pgp_broccatelli,11,2,8,registered,rf_60_sqrt,0.012564631499986656,0.008827390360864773,0.006309106009054988,1.5620463300062564,8
tdc_pgp_broccatelli,11,3,8,registered,rf_120_d20_leaf2,0.011982248520709837,0.004082840236686258,0.0,1.5620463300062564,8
tdc_pgp_broccatelli,11,1,16,registered,et_90_leaf2,0.0659920463046817,0.0057093357483166685,-0.0024215458518723754,1.6458923071324465,16
tdc_pgp_broccatelli,11,2,16,registered,rf_60_sqrt,0.01342191978996432,0.009684678650842438,0.008559487770246621,1.6458923071324465,16
tdc_pgp_broccatelli,11,3,16,registered,et_120_d20_leaf2,0.021952662721893446,0.0028402366863904405,0.0,1.6458923071324465,16
tdc_pgp_broccatelli,11,1,32,registered,et_90_leaf2,0.0659920463046817,0.0057093357483166685,-0.0024215458518723754,1.5477238359427652,32
tdc_pgp_broccatelli,11,2,32,registered,rf_60_sqrt,0.01342191978996432,0.009684678650842438,0.008559487770246621,1.5477238359427652,32
tdc_pgp_broccatelli,11,3,32,registered,et_120_d20_leaf2,0.021952662721893446,0.0028402366863904405,0.0,1.5477238359427652,32
tdc_pgp_broccatelli,11,1,4,weak_added,logreg_l2_c0.1,0.007422136472811869,0.007422136472811869,0.0,1.2984135373210228,4
tdc_pgp_broccatelli,11,2,4,weak_added,logreg_l2_c1,0.0,0.02416481367374812,0.02416481367374812,1.2984135373210228,4
tdc_pgp_broccatelli,11,3,4,weak_added,logreg_l2_c1,0.0,0.011094674556213158,0.011094674556213158,1.2984135373210228,4
tdc_pgp_broccatelli,11,1,8,weak_added,logreg_l2_c0.1,0.030633539394416598,0.030633539394416598,0.0,1.8506377094648068,8
tdc_pgp_broccatelli,11,2,8,weak_added,xgb_100_d3,0.002397728186031456,0.002317357408845866,-8.037077718558994e-05,1.8506377094648068,8
tdc_pgp_broccatelli,11,3,8,weak_added,logreg_l2_c1,0.0,0.011094674556213158,0.011094674556213158,1.8506377094648068,8
tdc_pgp_broccatelli,11,1,16,weak_added,lgbm_100_leaf10,0.04705280151198976,0.0,0.0,1.6934267983170104,16
tdc_pgp_broccatelli,11,2,16,weak_added,cat_80_d6,0.006831516060760268,0.008974736785704596,-0.009456961448817247,1.6934267983170104,16
tdc_pgp_broccatelli,11,3,16,weak_added,lgbm_120_l15,0.012485207100591644,0.006420118343195225,-0.0023372781065089665,1.6934267983170104,16
tdc_pgp_broccatelli,11,1,32,weak_added,et_90_leaf2,0.0659920463046817,0.0057093357483166685,-0.0024215458518723754,1.5477238359427639,32
tdc_pgp_broccatelli,11,2,32,weak_added,rf_60_sqrt,0.01342191978996432,0.009684678650842438,0.008559487770246621,1.5477238359427639,32
tdc_pgp_broccatelli,11,3,32,weak_added,et_120_d20_leaf2,0.021952662721893446,0.0028402366863904405,0.0,1.5477238359427639,32
tdc_pgp_broccatelli,11,1,4,complementary_strong_added,logreg_l2_c0.1,0.007422136472811869,0.007422136472811869,0.0,1.2984135373210228,4
tdc_pgp_broccatelli,11,2,4,complementary_strong_added,logreg_l2_c1,0.0,0.02416481367374812,0.02416481367374812,1.2984135373210228,4
tdc_pgp_broccatelli,11,3,4,complementary_strong_added,logreg_l2_c1,0.0,0.011094674556213158,0.011094674556213158,1.2984135373210228,4
tdc_pgp_broccatelli,11,1,8,complementary_strong_added,rf_90_leaf2,0.06205457337480824,0.0,-0.001949049100287592,1.6147700053136398,8
tdc_pgp_broccatelli,11,2,8,complementary_strong_added,et_60_sqrt,0.01004634714817687,0.0017949473571409191,0.0017949473571409191,1.6147700053136398,8
tdc_pgp_broccatelli,11,3,8,complementary_strong_added,rf_120_d20_leaf2,0.021952662721893446,0.014053254437869866,0.0,1.6147700053136398,8
tdc_pgp_broccatelli,11,1,16,complementary_strong_added,et_90_leaf2,0.06205457337480824,0.001771862818443215,-0.0024215458518723754,1.4983926276110062,16
tdc_pgp_broccatelli,11,2,16,complementary_strong_added,et_120_d20_leaf2,0.01342191978996432,0.0011251908805958166,0.0,1.4983926276110062,16
tdc_pgp_broccatelli,11,3,16,complementary_strong_added,et_120_d20_leaf2,0.021952662721893446,0.0028402366863904405,0.0,1.4983926276110062,16
tdc_pgp_broccatelli,11,1,32,complementary_strong_added,et_90_leaf2,0.0659920463046817,0.0057093357483166685,-0.0024215458518723754,1.5477238359427636,32
tdc_pgp_broccatelli,11,2,32,complementary_strong_added,rf_60_sqrt,0.01342191978996432,0.009684678650842438,0.008559487770246621,1.5477238359427636,32
tdc_pgp_broccatelli,11,3,32,complementary_strong_added,et_120_d20_leaf2,0.021952662721893446,0.0028402366863904405,0.0,1.5477238359427636,32
tdc_pgp_broccatelli,11,1,4,exact_duplicate,base_1,0.007422136472811869,0.007422136472811869,0.0,1.2984135373210228,4
tdc_pgp_broccatelli,11,2,4,exact_duplicate,base_2,0.0,0.02416481367374812,0.02416481367374812,1.2984135373210228,4
tdc_pgp_broccatelli,11,3,4,exact_duplicate,base_2,0.0,0.011094674556213158,0.011094674556213158,1.2984135373210228,4
tdc_pgp_broccatelli,11,1,8,exact_duplicate,base_1,0.007422136472811869,0.007422136472811869,0.0,1.298413537321023,4
tdc_pgp_broccatelli,11,2,8,exact_duplicate,base_2,0.0,0.02416481367374812,0.02416481367374812,1.298413537321023,4
tdc_pgp_broccatelli,11,3,8,exact_duplicate,base_2,0.0,0.011094674556213158,0.011094674556213158,1.298413537321023,4
tdc_pgp_broccatelli,11,1,16,exact_duplicate,base_1,0.007422136472811869,0.007422136472811869,0.0,1.2984135373210235,4
tdc_pgp_broccatelli,11,2,16,exact_duplicate,base_2,0.0,0.02416481367374812,0.02416481367374812,1.2984135373210235,4
tdc_pgp_broccatelli,11,3,16,exact_duplicate,base_2,0.0,0.011094674556213158,0.011094674556213158,1.2984135373210235,4
tdc_pgp_broccatelli,11,1,32,exact_duplicate,base_1,0.007422136472811869,0.007422136472811869,0.0,1.298413537321023,4
tdc_pgp_broccatelli,11,2,32,exact_duplicate,base_2,0.0,0.02416481367374812,0.02416481367374812,1.298413537321023,4
tdc_pgp_broccatelli,11,3,32,exact_duplicate,base_2,0.0,0.011094674556213158,0.011094674556213158,1.298413537321023,4
tdc_pgp_broccatelli,11,1,4,near_duplicate_95pct_anchor,base_1,0.007422136472811869,0.007422136472811869,0.0,1.2984135373210228,4
tdc_pgp_broccatelli,11,2,4,near_duplicate_95pct_anchor,base_2,0.0,0.02416481367374812,0.02416481367374812,1.2984135373210228,4
tdc_pgp_broccatelli,11,3,4,near_duplicate_95pct_anchor,base_2,0.0,0.011094674556213158,0.011094674556213158,1.2984135373210228,4
tdc_pgp_broccatelli,11,1,8,near_duplicate_95pct_anchor,near_duplicate_95pct_anchor_1,0.009706855140370951,0.006407252825136878,0.0,1.28902080527041,4
tdc_pgp_broccatelli,11,2,8,near_duplicate_95pct_anchor,near_duplicate_95pct_anchor_2,0.00018686205695606084,0.02251520347201752,0.02251520347201752,1.28902080527041,4
tdc_pgp_broccatelli,11,3,8,near_duplicate_95pct_anchor,near_duplicate_95pct_anchor_2,0.0005991124260353864,0.01084319526627231,0.01084319526627231,1.28902080527041,4
tdc_pgp_broccatelli,11,1,16,near_duplicate_95pct_anchor,near_duplicate_95pct_anchor_1,0.009871244635193177,0.006571642319959103,0.0,1.2827822792775398,4
tdc_pgp_broccatelli,11,2,16,near_duplicate_95pct_anchor,near_duplicate_95pct_anchor_6,0.0004125699895517476,0.0230985613630883,0.022872853430492612,1.2827822792775398,4
tdc_pgp_broccatelli,11,3,16,near_duplicate_95pct_anchor,near_duplicate_95pct_anchor_6,0.0010976331360945668,0.010850591715976465,0.010352071005917285,1.2827822792775398,4
tdc_pgp_broccatelli,11,1,32,near_duplicate_95pct_anchor,near_duplicate_95pct_anchor_1,0.009871244635193177,0.006571642319959103,0.0,1.2811361596160333,4
tdc_pgp_broccatelli,11,2,32,near_duplicate_95pct_anchor,near_duplicate_95pct_anchor_6,0.0004125699895517476,0.0230985613630883,0.022872853430492612,1.2811361596160333,4
tdc_pgp_broccatelli,11,3,32,near_duplicate_95pct_anchor,near_duplicate_95pct_anchor_6,0.0010976331360945668,0.010850591715976465,0.010352071005917285,1.2811361596160333,4
tdc_pgp_broccatelli,23,1,4,registered,logreg_l2_c0.1,0.008227513227513139,0.008227513227513139,0.0,1.2608277347513803,4
tdc_pgp_broccatelli,23,2,4,registered,logreg_l2_c1,0.006649506649506809,0.0037716287716289543,-0.0028778778778778547,1.2608277347513803,4
tdc_pgp_broccatelli,23,3,4,registered,logreg_l1_c1,0.0,0.028702218658112733,0.028702218658112733,1.2608277347513803,4
tdc_pgp_broccatelli,23,1,8,registered,rf_90_d12,0.03142857142857136,0.010608465608465623,0.010608465608465623,1.600318166731414,8
tdc_pgp_broccatelli,23,2,8,registered,rf_60_sqrt,0.020377520377520386,0.0053625053625055985,0.005058630058630387,1.600318166731414,8
tdc_pgp_broccatelli,23,3,8,registered,rf_120_d20_leaf2,0.012546778936113445,0.0039595028067360705,0.0,1.600318166731414,8
tdc_pgp_broccatelli,23,1,16,registered,et_90_d12,0.03455026455026455,0.009894179894179844,0.006296296296296244,1.6548180221793005,16
tdc_pgp_broccatelli,23,2,16,registered,rf_60_sqrt,0.02438152438152441,0.009366509366509623,0.009366509366509623,1.6548180221793005,16
tdc_pgp_broccatelli,23,3,16,registered,et_60_sqrt,0.012546778936113445,0.014184041700080252,0.010892809409248971,1.6548180221793005,16
tdc_pgp_broccatelli,23,1,32,registered,et_90_d12,0.03455026455026455,0.009894179894179844,0.006296296296296244,1.5471062509274647,32
tdc_pgp_broccatelli,23,2,32,registered,rf_60_sqrt,0.02438152438152441,0.009366509366509623,0.009366509366509623,1.5471062509274647,32
tdc_pgp_broccatelli,23,3,32,registered,et_60_sqrt,0.012546778936113445,0.014184041700080252,0.010892809409248971,1.5471062509274647,32
tdc_pgp_broccatelli,23,1,4,weak_added,logreg_l2_c0.1,0.008227513227513139,0.008227513227513139,0.0,1.2608277347513803,4
tdc_pgp_broccatelli,23,2,4,weak_added,logreg_l2_c1,0.006649506649506809,0.0037716287716289543,-0.0028778778778778547,1.2608277347513803,4
tdc_pgp_broccatelli,23,3,4,weak_added,logreg_l1_c1,0.0,0.028702218658112733,0.028702218658112733,1.2608277347513803,4
tdc_pgp_broccatelli,23,1,8,weak_added,logreg_l2_c0.1,0.00900793650793652,0.00900793650793652,0.0,1.815988017837121,8
tdc_pgp_broccatelli,23,2,8,weak_added,cat_60_d4,0.006649506649506809,0.017892892892893086,0.011243386243386277,1.815988017837121,8
tdc_pgp_broccatelli,23,3,8,weak_added,cat_60_d4,0.0,0.01055867415129641,0.01055867415129641,1.815988017837121,8
tdc_pgp_broccatelli,23,1,16,weak_added,cat_60_d8,0.022460317460317514,0.01825396825396819,0.01825396825396819,1.659841659766504,16
tdc_pgp_broccatelli,23,2,16,weak_added,lgbm_120_l15,0.016802516802516765,0.0014657514657515636,-0.0017428142428139726,1.659841659766504,16
tdc_pgp_broccatelli,23,3,16,weak_added,cat_60_d8,0.002272119754076596,0.0013699545576050243,0.0013699545576050243,1.659841659766504,16
tdc_pgp_broccatelli,23,1,32,weak_added,et_90_d12,0.03455026455026455,0.009894179894179844,0.006296296296296244,1.547106250927464,32
tdc_pgp_broccatelli,23,2,32,weak_added,rf_60_sqrt,0.02438152438152441,0.009366509366509623,0.009366509366509623,1.547106250927464,32
tdc_pgp_broccatelli,23,3,32,weak_added,et_60_sqrt,0.012546778936113445,0.014184041700080252,0.010892809409248971,1.547106250927464,32
tdc_pgp_broccatelli,23,1,4,complementary_strong_added,logreg_l2_c0.1,0.008227513227513139,0.008227513227513139,0.0,1.2608277347513803,4
tdc_pgp_broccatelli,23,2,4,complementary_strong_added,logreg_l2_c1,0.006649506649506809,0.0037716287716289543,-0.0028778778778778547,1.2608277347513803,4
tdc_pgp_broccatelli,23,3,4,complementary_strong_added,logreg_l1_c1,0.0,0.028702218658112733,0.028702218658112733,1.2608277347513803,4
tdc_pgp_broccatelli,23,1,8,complementary_strong_added,rf_120_d20_leaf2,0.03142857142857136,0.0,0.0,1.6435945988264262,8
tdc_pgp_broccatelli,23,2,8,complementary_strong_added,rf_60_sqrt,0.020377520377520386,0.0053625053625055985,0.005058630058630387,1.6435945988264262,8
tdc_pgp_broccatelli,23,3,8,complementary_strong_added,rf_120_d20_leaf2,0.012546778936113445,0.0039595028067360705,0.0,1.6435945988264262,8
tdc_pgp_broccatelli,23,1,16,complementary_strong_added,et_120_d20_leaf2,0.03455026455026455,0.0035978835978836,0.0,1.4996948962709526,16
tdc_pgp_broccatelli,23,2,16,complementary_strong_added,rf_60_sqrt,0.02438152438152441,0.009366509366509623,0.009366509366509623,1.4996948962709526,16
tdc_pgp_broccatelli,23,3,16,complementary_strong_added,et_60_sqrt,0.012546778936113445,0.014184041700080252,0.010892809409248971,1.4996948962709526,16
tdc_pgp_broccatelli,23,1,32,complementary_strong_added,et_90_d12,0.03455026455026455,0.009894179894179844,0.006296296296296244,1.5471062509274645,32
tdc_pgp_broccatelli,23,2,32,complementary_strong_added,rf_60_sqrt,0.02438152438152441,0.009366509366509623,0.009366509366509623,1.5471062509274645,32
tdc_pgp_broccatelli,23,3,32,complementary_strong_added,et_60_sqrt,0.012546778936113445,0.014184041700080252,0.010892809409248971,1.5471062509274645,32
tdc_pgp_broccatelli,23,1,4,exact_duplicate,base_1,0.008227513227513139,0.008227513227513139,0.0,1.260827734751381,4
tdc_pgp_broccatelli,23,2,4,exact_duplicate,base_2,0.006649506649506809,0.0037716287716289543,-0.0028778778778778547,1.260827734751381,4
tdc_pgp_broccatelli,23,3,4,exact_duplicate,base_4,0.0,0.028702218658112733,0.028702218658112733,1.260827734751381,4
tdc_pgp_broccatelli,23,1,8,exact_duplicate,base_1,0.008227513227513139,0.008227513227513139,0.0,1.260827734751381,4
tdc_pgp_broccatelli,23,2,8,exact_duplicate,base_2,0.006649506649506809,0.0037716287716289543,-0.0028778778778778547,1.260827734751381,4
tdc_pgp_broccatelli,23,3,8,exact_duplicate,base_4,0.0,0.028702218658112733,0.028702218658112733,1.260827734751381,4
tdc_pgp_broccatelli,23,1,16,exact_duplicate,base_1,0.008227513227513139,0.008227513227513139,0.0,1.260827734751381,4
tdc_pgp_broccatelli,23,2,16,exact_duplicate,base_2,0.006649506649506809,0.0037716287716289543,-0.0028778778778778547,1.260827734751381,4
tdc_pgp_broccatelli,23,3,16,exact_duplicate,base_4,0.0,0.028702218658112733,0.028702218658112733,1.260827734751381,4
tdc_pgp_broccatelli,23,1,32,exact_duplicate,base_1,0.008227513227513139,0.008227513227513139,0.0,1.260827734751381,4
tdc_pgp_broccatelli,23,2,32,exact_duplicate,base_2,0.006649506649506809,0.0037716287716289543,-0.0028778778778778547,1.260827734751381,4
tdc_pgp_broccatelli,23,3,32,exact_duplicate,base_4,0.0,0.028702218658112733,0.028702218658112733,1.260827734751381,4
tdc_pgp_broccatelli,23,1,4,near_duplicate_95pct_anchor,base_1,0.008227513227513139,0.008227513227513139,0.0,1.260827734751381,4
tdc_pgp_broccatelli,23,2,4,near_duplicate_95pct_anchor,base_2,0.006649506649506809,0.0037716287716289543,-0.0028778778778778547,1.260827734751381,4
tdc_pgp_broccatelli,23,3,4,near_duplicate_95pct_anchor,base_4,0.0,0.028702218658112733,0.028702218658112733,1.260827734751381,4
tdc_pgp_broccatelli,23,1,8,near_duplicate_95pct_anchor,near_duplicate_95pct_anchor_1,0.008857142857142675,0.00786309523809503,0.0,1.2531522014032466,4
tdc_pgp_broccatelli,23,2,8,near_duplicate_95pct_anchor,near_duplicate_95pct_anchor_2,0.007320713570713622,0.0036813599313600953,-0.0028886028886028203,1.2531522014032466,4
tdc_pgp_broccatelli,23,3,8,near_duplicate_95pct_anchor,near_duplicate_95pct_anchor_4,0.0006273389468056667,0.027465082865543944,0.027465082865543944,1.2531522014032466,4
tdc_pgp_broccatelli,23,1,16,near_duplicate_95pct_anchor,near_duplicate_95pct_anchor_5,0.009048941798941668,0.007616402116402021,-0.000438492063492002,1.2484689825373976,4
tdc_pgp_broccatelli,23,2,16,near_duplicate_95pct_anchor,near_duplicate_95pct_anchor_10,0.007536107536107561,0.003667059917060067,-0.003118296868296788,1.2484689825373976,4
tdc_pgp_broccatelli,23,3,16,near_duplicate_95pct_anchor,near_duplicate_95pct_anchor_8,0.0006273389468056667,0.02743166933974872,0.02743166933974872,1.2484689825373976,4
tdc_pgp_broccatelli,23,1,32,near_duplicate_95pct_anchor,near_duplicate_95pct_anchor_5,0.00907936507936491,0.007646825396825263,-0.000438492063492002,1.2467958926838318,4
tdc_pgp_broccatelli,23,2,32,near_duplicate_95pct_anchor,near_duplicate_95pct_anchor_18,0.007536107536107561,0.003855641355641426,-0.0029297154297154293,1.2467958926838318,4
tdc_pgp_broccatelli,23,3,32,near_duplicate_95pct_anchor,near_duplicate_95pct_anchor_8,0.0006273389468056667,0.02743166933974872,0.02743166933974872,1.2467958926838318,4
tdc_pgp_broccatelli,37,1,4,registered,logreg_l2_c1,0.0,0.006851119894598079,0.006851119894598079,1.251032748077016,4
tdc_pgp_broccatelli,37,2,4,registered,logreg_l2_c1,0.0,0.012686261107313856,0.012686261107313856,1.251032748077016,4
tdc_pgp_broccatelli,37,3,4,registered,logreg_l2_c1,0.01916305916305916,0.0010774410774411214,-0.018085618085618038,1.251032748077016,4
tdc_pgp_broccatelli,37,1,8,registered,rf_90_leaf2,0.014595227638705688,0.007422046552481132,0.003337725076855591,1.5720262308850117,8
tdc_pgp_broccatelli,37,2,8,registered,rf_90_d12,0.014928229665071568,0.008694463431305421,0.008694463431305421,1.5720262308850117,8
tdc_pgp_broccatelli,37,3,8,registered,rf_60_sqrt,0.02684944684944679,0.0,-0.013150553150553135,1.5720262308850117,8
tdc_pgp_broccatelli,37,1,16,registered,et_120_d20_leaf2,0.03466549553506093,0.0020787586004979985,0.0,1.6528041528926636,16
tdc_pgp_broccatelli,37,2,16,registered,et_60_sqrt,0.02195488721804517,0.012057416267942767,0.007928913192071119,1.6528041528926636,16
tdc_pgp_broccatelli,37,3,16,registered,rf_60_sqrt,0.02684944684944679,0.0,-0.003607503607503615,1.6528041528926636,16
tdc_pgp_broccatelli,37,1,32,registered,et_120_d20_leaf2,0.03466549553506093,0.0020787586004979985,0.0,1.5908850108323025,32
tdc_pgp_broccatelli,37,2,32,registered,et_60_sqrt,0.02195488721804517,0.012057416267942767,0.007928913192071119,1.5908850108323025,32
tdc_pgp_broccatelli,37,3,32,registered,rf_60_sqrt,0.02684944684944679,0.0,-0.003607503607503615,1.5908850108323025,32
tdc_pgp_broccatelli,37,1,4,weak_added,logreg_l2_c1,0.0,0.006851119894598079,0.006851119894598079,1.251032748077016,4
tdc_pgp_broccatelli,37,2,4,weak_added,logreg_l2_c1,0.0,0.012686261107313856,0.012686261107313856,1.251032748077016,4
tdc_pgp_broccatelli,37,3,4,weak_added,logreg_l2_c1,0.01916305916305916,0.0010774410774411214,-0.018085618085618038,1.251032748077016,4
tdc_pgp_broccatelli,37,1,8,weak_added,logreg_l2_c1,0.0,0.006851119894598079,0.006851119894598079,1.8436939357872502,8
tdc_pgp_broccatelli,37,2,8,weak_added,xgb_100_d3,0.0,0.00790157211209841,0.00790157211209841,1.8436939357872502,8
tdc_pgp_broccatelli,37,3,8,weak_added,logreg_l2_c1,0.01916305916305916,0.0010774410774411214,-0.018085618085618038,1.8436939357872502,8
tdc_pgp_broccatelli,37,1,16,weak_added,histgb_lr0.05,0.017479139218269713,0.0,0.0,1.7004296980321743,16
tdc_pgp_broccatelli,37,2,16,weak_added,histgb_lr0.05,0.005331510594668298,0.0,0.0,1.7004296980321743,16
tdc_pgp_broccatelli,37,3,16,weak_added,lgbm_120_l15,0.01916305916305916,0.02285714285714291,0.0075998075998077175,1.7004296980321743,16
tdc_pgp_broccatelli,37,1,32,weak_added,et_120_d20_leaf2,0.03466549553506093,0.0020787586004979985,0.0,1.590885010832303,32
tdc_pgp_broccatelli,37,2,32,weak_added,et_60_sqrt,0.02195488721804517,0.012057416267942767,0.007928913192071119,1.590885010832303,32
tdc_pgp_broccatelli,37,3,32,weak_added,rf_60_sqrt,0.02684944684944679,0.0,-0.003607503607503615,1.590885010832303,32
tdc_pgp_broccatelli,37,1,4,complementary_strong_added,logreg_l2_c1,0.0,0.006851119894598079,0.006851119894598079,1.251032748077016,4
tdc_pgp_broccatelli,37,2,4,complementary_strong_added,logreg_l2_c1,0.0,0.012686261107313856,0.012686261107313856,1.251032748077016,4
tdc_pgp_broccatelli,37,3,4,complementary_strong_added,logreg_l2_c1,0.01916305916305916,0.0010774410774411214,-0.018085618085618038,1.251032748077016,4
tdc_pgp_broccatelli,37,1,8,complementary_strong_added,rf_90_leaf2,0.014595227638705688,0.007422046552481132,0.003337725076855591,1.6076825700971764,8
tdc_pgp_broccatelli,37,2,8,complementary_strong_added,rf_60_sqrt,0.014928229665071568,0.004155844155844024,0.004155844155844024,1.6076825700971764,8
tdc_pgp_broccatelli,37,3,8,complementary_strong_added,rf_60_sqrt,0.02684944684944679,0.0,-0.013150553150553135,1.6076825700971764,8
tdc_pgp_broccatelli,37,1,16,complementary_strong_added,et_120_d20_leaf2,0.03466549553506093,0.0020787586004979985,0.0,1.4871026639238574,16
tdc_pgp_broccatelli,37,2,16,complementary_strong_added,et_60_sqrt,0.02195488721804517,0.012057416267942767,0.007928913192071119,1.4871026639238574,16
tdc_pgp_broccatelli,37,3,16,complementary_strong_added,rf_60_sqrt,0.02684944684944679,0.0,-0.003607503607503615,1.4871026639238574,16
tdc_pgp_broccatelli,37,1,32,complementary_strong_added,et_120_d20_leaf2,0.03466549553506093,0.0020787586004979985,0.0,1.590885010832303,32
tdc_pgp_broccatelli,37,2,32,complementary_strong_added,et_60_sqrt,0.02195488721804517,0.012057416267942767,0.007928913192071119,1.590885010832303,32
tdc_pgp_broccatelli,37,3,32,complementary_strong_added,rf_60_sqrt,0.02684944684944679,0.0,-0.003607503607503615,1.590885010832303,32
tdc_pgp_broccatelli,37,1,4,exact_duplicate,base_2,0.0,0.006851119894598079,0.006851119894598079,1.2510327480770156,4
tdc_pgp_broccatelli,37,2,4,exact_duplicate,base_2,0.0,0.012686261107313856,0.012686261107313856,1.2510327480770156,4
tdc_pgp_broccatelli,37,3,4,exact_duplicate,base_2,0.01916305916305916,0.0010774410774411214,-0.018085618085618038,1.2510327480770156,4
tdc_pgp_broccatelli,37,1,8,exact_duplicate,base_2,0.0,0.006851119894598079,0.006851119894598079,1.2510327480770165,4
tdc_pgp_broccatelli,37,2,8,exact_duplicate,base_2,0.0,0.012686261107313856,0.012686261107313856,1.2510327480770165,4
tdc_pgp_broccatelli,37,3,8,exact_duplicate,base_2,0.01916305916305916,0.0010774410774411214,-0.018085618085618038,1.2510327480770165,4
tdc_pgp_broccatelli,37,1,16,exact_duplicate,base_2,0.0,0.006851119894598079,0.006851119894598079,1.2510327480770165,4
tdc_pgp_broccatelli,37,2,16,exact_duplicate,base_2,0.0,0.012686261107313856,0.012686261107313856,1.2510327480770165,4
tdc_pgp_broccatelli,37,3,16,exact_duplicate,base_2,0.01916305916305916,0.0010774410774411214,-0.018085618085618038,1.2510327480770165,4
tdc_pgp_broccatelli,37,1,32,exact_duplicate,base_2,0.0,0.006851119894598079,0.006851119894598079,1.2510327480770163,4
tdc_pgp_broccatelli,37,2,32,exact_duplicate,base_2,0.0,0.012686261107313856,0.012686261107313856,1.2510327480770163,4
tdc_pgp_broccatelli,37,3,32,exact_duplicate,base_2,0.01916305916305916,0.0010774410774411214,-0.018085618085618038,1.2510327480770163,4
tdc_pgp_broccatelli,37,1,4,near_duplicate_95pct_anchor,base_2,0.0,0.006851119894598079,0.006851119894598079,1.2510327480770156,4
tdc_pgp_broccatelli,37,2,4,near_duplicate_95pct_anchor,base_2,0.0,0.012686261107313856,0.012686261107313856,1.2510327480770156,4
tdc_pgp_broccatelli,37,3,4,near_duplicate_95pct_anchor,base_2,0.01916305916305916,0.0010774410774411214,-0.018085618085618038,1.2510327480770156,4
tdc_pgp_broccatelli,37,1,8,near_duplicate_95pct_anchor,near_duplicate_95pct_anchor_2,0.0007297613819352566,0.006743522178304762,0.006743522178304762,1.2449201685600255,4
tdc_pgp_broccatelli,37,2,8,near_duplicate_95pct_anchor,near_duplicate_95pct_anchor_2,0.0005386192754613939,0.012278879015721333,0.012278879015721333,1.2449201685600255,4
tdc_pgp_broccatelli,37,3,8,near_duplicate_95pct_anchor,near_duplicate_95pct_anchor_2,0.01916305916305916,0.0015594035594036493,-0.0162611832611832,1.2449201685600255,4
tdc_pgp_broccatelli,37,1,16,near_duplicate_95pct_anchor,near_duplicate_95pct_anchor_10,0.001390718782023126,0.007240521153564661,0.0065795637534767915,1.239958166487268,4
tdc_pgp_broccatelli,37,2,16,near_duplicate_95pct_anchor,near_duplicate_95pct_anchor_6,0.0005386192754613939,0.011953520164046605,0.011953520164046605,1.239958166487268,4
tdc_pgp_broccatelli,37,3,16,near_duplicate_95pct_anchor,near_duplicate_95pct_anchor_6,0.01916305916305916,0.0010254930254931516,-0.016795093795093696,1.239958166487268,4
tdc_pgp_broccatelli,37,1,32,near_duplicate_95pct_anchor,near_duplicate_95pct_anchor_10,0.001390718782023126,0.007240521153564661,0.0065795637534767915,1.2389382866863985,4
tdc_pgp_broccatelli,37,2,32,near_duplicate_95pct_anchor,near_duplicate_95pct_anchor_6,0.0005386192754613939,0.011953520164046605,0.011953520164046605,1.2389382866863985,4
tdc_pgp_broccatelli,37,3,32,near_duplicate_95pct_anchor,near_duplicate_95pct_anchor_6,0.01916305916305916,0.0010254930254931516,-0.016795093795093696,1.2389382866863985,4
tdc_pgp_broccatelli,53,1,4,registered,logreg_l2_c0.1,0.0,0.0,0.0,1.3189481926995636,4
tdc_pgp_broccatelli,53,2,4,registered,logreg_l2_c0.1,0.0,0.0,0.0,1.3189481926995636,4
tdc_pgp_broccatelli,53,3,4,registered,logreg_l2_c0.1,0.0021518350930115338,0.0021518350930115338,0.0,1.3189481926995636,4
tdc_pgp_broccatelli,53,1,8,registered,rf_90_leaf2,0.026751373626373587,0.0006181318681317549,0.0006181318681317549,1.7279636018726894,8
tdc_pgp_broccatelli,53,2,8,registered,rf_120_d20_leaf2,0.014633558341369257,0.001084860173577562,0.0,1.7279636018726894,8
tdc_pgp_broccatelli,53,3,8,registered,rf_120_d20_leaf2,0.03907491201608848,0.0018903971845148915,0.0,1.7279636018726894,8
tdc_pgp_broccatelli,53,1,16,registered,rf_90_leaf2,0.02702609890109897,0.0008928571428571397,-0.008482142857142883,1.7960243175896549,16
tdc_pgp_broccatelli,53,2,16,registered,rf_120_d20_leaf2,0.020660559305689552,0.007111861137897857,0.0036644165863065625,1.7960243175896549,16
tdc_pgp_broccatelli,53,3,16,registered,rf_120_d20_leaf2,0.0470990447461036,0.009914529914530013,0.009914529914530013,1.7960243175896549,16
tdc_pgp_broccatelli,53,1,32,registered,rf_90_leaf2,0.02702609890109897,0.0008928571428571397,-0.008482142857142883,1.727775126727083,32
tdc_pgp_broccatelli,53,2,32,registered,rf_120_d20_leaf2,0.020660559305689552,0.007111861137897857,0.0036644165863065625,1.727775126727083,32
tdc_pgp_broccatelli,53,3,32,registered,rf_120_d20_leaf2,0.0470990447461036,0.009914529914530013,0.009914529914530013,1.727775126727083,32
tdc_pgp_broccatelli,53,1,4,weak_added,logreg_l2_c0.1,0.0,0.0,0.0,1.3189481926995636,4
tdc_pgp_broccatelli,53,2,4,weak_added,logreg_l2_c0.1,0.0,0.0,0.0,1.3189481926995636,4
tdc_pgp_broccatelli,53,3,4,weak_added,logreg_l2_c0.1,0.0021518350930115338,0.0021518350930115338,0.0,1.3189481926995636,4
tdc_pgp_broccatelli,53,1,8,weak_added,logreg_l2_c0.1,0.014251373626373742,0.014251373626373742,0.0,2.03090225408824,8
tdc_pgp_broccatelli,53,2,8,weak_added,xgb_100_d3,0.009305689488910307,0.005159112825458001,-0.004146576663452306,2.03090225408824,8
tdc_pgp_broccatelli,53,3,8,weak_added,cat_60_d4,0.006726998491704439,0.007491201608848641,0.0007642031171442021,2.03090225408824,8
tdc_pgp_broccatelli,53,1,16,weak_added,lgbm_100_leaf10,0.014663461538461542,0.006559065934065966,0.006559065934065966,1.9789851058625216,16
tdc_pgp_broccatelli,53,2,16,weak_added,lgbm_100_leaf10,0.0171407907425265,0.0,-0.0019045323047252039,1.9789851058625216,16
tdc_pgp_broccatelli,53,3,16,weak_added,cat_100_d4,0.025620915032679603,0.024997486173956585,0.007843137254901822,1.9789851058625216,16
tdc_pgp_broccatelli,53,1,32,weak_added,rf_90_leaf2,0.02702609890109897,0.0008928571428571397,-0.008482142857142883,1.7277751267270824,32
tdc_pgp_broccatelli,53,2,32,weak_added,rf_120_d20_leaf2,0.020660559305689552,0.007111861137897857,0.0036644165863065625,1.7277751267270824,32
tdc_pgp_broccatelli,53,3,32,weak_added,rf_120_d20_leaf2,0.0470990447461036,0.009914529914530013,0.009914529914530013,1.7277751267270824,32
tdc_pgp_broccatelli,53,1,4,complementary_strong_added,logreg_l2_c0.1,0.0,0.0,0.0,1.3189481926995636,4
tdc_pgp_broccatelli,53,2,4,complementary_strong_added,logreg_l2_c0.1,0.0,0.0,0.0,1.3189481926995636,4
tdc_pgp_broccatelli,53,3,4,complementary_strong_added,logreg_l2_c0.1,0.0021518350930115338,0.0021518350930115338,0.0,1.3189481926995636,4
tdc_pgp_broccatelli,53,1,8,complementary_strong_added,rf_90_leaf2,0.026751373626373587,0.0006181318681317549,0.0006181318681317549,1.7865589093589742,8
tdc_pgp_broccatelli,53,2,8,complementary_strong_added,rf_120_d20_leaf2,0.014199614271938277,0.0006509161041465816,0.0,1.7865589093589742,8
tdc_pgp_broccatelli,53,3,8,complementary_strong_added,rf_120_d20_leaf2,0.03907491201608848,0.0018903971845148915,0.0,1.7865589093589742,8
tdc_pgp_broccatelli,53,1,16,complementary_strong_added,rf_90_leaf2,0.026751373626373587,0.0006181318681317549,-0.008482142857142883,1.6150502712509562,16
tdc_pgp_broccatelli,53,2,16,complementary_strong_added,rf_120_d20_leaf2,0.020660559305689552,0.007111861137897857,0.0036644165863065625,1.6150502712509562,16
tdc_pgp_broccatelli,53,3,16,complementary_strong_added,rf_120_d20_leaf2,0.0470990447461036,0.009914529914530013,0.009914529914530013,1.6150502712509562,16
tdc_pgp_broccatelli,53,1,32,complementary_strong_added,rf_90_leaf2,0.02702609890109897,0.0008928571428571397,-0.008482142857142883,1.727775126727082,32
tdc_pgp_broccatelli,53,2,32,complementary_strong_added,rf_120_d20_leaf2,0.020660559305689552,0.007111861137897857,0.0036644165863065625,1.727775126727082,32
tdc_pgp_broccatelli,53,3,32,complementary_strong_added,rf_120_d20_leaf2,0.0470990447461036,0.009914529914530013,0.009914529914530013,1.727775126727082,32
tdc_pgp_broccatelli,53,1,4,exact_duplicate,base_1,0.0,0.0,0.0,1.3189481926995636,4
tdc_pgp_broccatelli,53,2,4,exact_duplicate,base_1,0.0,0.0,0.0,1.3189481926995636,4
tdc_pgp_broccatelli,53,3,4,exact_duplicate,base_1,0.0021518350930115338,0.0021518350930115338,0.0,1.3189481926995636,4
tdc_pgp_broccatelli,53,1,8,exact_duplicate,base_1,0.0,0.0,0.0,1.3189481926995634,4
tdc_pgp_broccatelli,53,2,8,exact_duplicate,base_1,0.0,0.0,0.0,1.3189481926995634,4
tdc_pgp_broccatelli,53,3,8,exact_duplicate,base_1,0.0021518350930115338,0.0021518350930115338,0.0,1.3189481926995634,4
tdc_pgp_broccatelli,53,1,16,exact_duplicate,base_1,0.0,0.0,0.0,1.3189481926995636,4
tdc_pgp_broccatelli,53,2,16,exact_duplicate,base_1,0.0,0.0,0.0,1.3189481926995636,4
tdc_pgp_broccatelli,53,3,16,exact_duplicate,base_1,0.0021518350930115338,0.0021518350930115338,0.0,1.3189481926995636,4
tdc_pgp_broccatelli,53,1,32,exact_duplicate,base_1,0.0,0.0,0.0,1.3189481926995643,4
tdc_pgp_broccatelli,53,2,32,exact_duplicate,base_1,0.0,0.0,0.0,1.3189481926995643,4
tdc_pgp_broccatelli,53,3,32,exact_duplicate,base_1,0.0021518350930115338,0.0021518350930115338,0.0,1.3189481926995643,4
tdc_pgp_broccatelli,53,1,4,near_duplicate_95pct_anchor,base_1,0.0,0.0,0.0,1.3189481926995636,4
tdc_pgp_broccatelli,53,2,4,near_duplicate_95pct_anchor,base_1,0.0,0.0,0.0,1.3189481926995636,4
tdc_pgp_broccatelli,53,3,4,near_duplicate_95pct_anchor,base_1,0.0021518350930115338,0.0021518350930115338,0.0,1.3189481926995636,4
tdc_pgp_broccatelli,53,1,8,near_duplicate_95pct_anchor,near_duplicate_95pct_anchor_1,0.0006971153846153655,0.0,0.0,1.3114180721648265,4
tdc_pgp_broccatelli,53,2,8,near_duplicate_95pct_anchor,near_duplicate_95pct_anchor_1,0.0005828109932497494,0.0,0.0,1.3114180721648265,4
tdc_pgp_broccatelli,53,3,8,near_duplicate_95pct_anchor,near_duplicate_95pct_anchor_2,0.003348416289592704,0.0,-0.002058320764203092,1.3114180721648265,4
tdc_pgp_broccatelli,53,1,16,near_duplicate_95pct_anchor,near_duplicate_95pct_anchor_5,0.0007160027472526975,0.0002180631868131666,0.00019917582417583457,1.3052064108152708,4
tdc_pgp_broccatelli,53,2,16,near_duplicate_95pct_anchor,near_duplicate_95pct_anchor_1,0.0008232883317260686,0.00024047733847631925,0.0,1.3052064108152708,4
tdc_pgp_broccatelli,53,3,16,near_duplicate_95pct_anchor,near_duplicate_95pct_anchor_5,0.0036913021618902864,0.0021488185017596306,-0.00025238813474104393,1.3052064108152708,4
tdc_pgp_broccatelli,53,1,32,near_duplicate_95pct_anchor,near_duplicate_95pct_anchor_5,0.0007194368131867579,0.00022149725274722698,0.00019917582417583457,1.3038994449466355,4
tdc_pgp_broccatelli,53,2,32,near_duplicate_95pct_anchor,near_duplicate_95pct_anchor_1,0.0008232883317260686,0.00024047733847631925,0.0,1.3038994449466355,4
tdc_pgp_broccatelli,53,3,32,near_duplicate_95pct_anchor,near_duplicate_95pct_anchor_5,0.0036913021618902864,0.0021488185017596306,-0.00025238813474104393,1.3038994449466355,4
tdc_pgp_broccatelli,71,1,4,registered,logreg_l2_c0.1,0.005812601720530219,0.005812601720530219,0.0,1.291545080865426,4
tdc_pgp_broccatelli,71,2,4,registered,logreg_l2_c1,0.0008185635988327,0.0,-0.0008185635988327,1.291545080865426,4
tdc_pgp_broccatelli,71,3,4,registered,logreg_l2_c0.1,0.0,0.0,0.0,1.291545080865426,4
tdc_pgp_broccatelli,71,1,8,registered,rf_120_d20_leaf2,0.01303683528747479,0.012903975819576807,0.0,1.5887631411971102,8
tdc_pgp_broccatelli,71,2,8,registered,rf_60_sqrt,0.01825752722613705,0.014912093387429604,0.010801480532422247,1.5887631411971102,8
tdc_pgp_broccatelli,71,3,8,registered,rf_120_d20_leaf2,0.02286974075648085,0.0,0.0,1.5887631411971102,8
tdc_pgp_broccatelli,71,1,16,registered,et_120_d20_leaf2,0.01303683528747479,0.007091374099046921,0.0,1.6255060249510254,16
tdc_pgp_broccatelli,71,2,16,registered,rf_60_sqrt,0.01825752722613705,0.014912093387429604,0.008541533205210228,1.6255060249510254,16
tdc_pgp_broccatelli,71,3,16,registered,et_120_d20_leaf2,0.029722694432639196,0.0020186995325117696,0.0,1.6255060249510254,16
tdc_pgp_broccatelli,71,1,32,registered,et_120_d20_leaf2,0.01303683528747479,0.007091374099046921,0.0,1.5399090929752965,32
tdc_pgp_broccatelli,71,2,32,registered,rf_60_sqrt,0.01825752722613705,0.014912093387429604,0.008541533205210228,1.5399090929752965,32
tdc_pgp_broccatelli,71,3,32,registered,et_120_d20_leaf2,0.029722694432639196,0.0020186995325117696,0.0,1.5399090929752965,32
tdc_pgp_broccatelli,71,1,4,weak_added,logreg_l2_c0.1,0.005812601720530219,0.005812601720530219,0.0,1.291545080865426,4
tdc_pgp_broccatelli,71,2,4,weak_added,logreg_l2_c1,0.0008185635988327,0.0,-0.0008185635988327,1.291545080865426,4
tdc_pgp_broccatelli,71,3,4,weak_added,logreg_l2_c0.1,0.0,0.0,0.0,1.291545080865426,4
tdc_pgp_broccatelli,71,1,8,weak_added,cat_60_d4,0.005812601720530219,0.026239744909821616,0.020427143189291397,1.7754850104820288,8
tdc_pgp_broccatelli,71,2,8,weak_added,cat_60_d4,0.0008185635988327,0.020811089757277967,0.019992526158445267,1.7754850104820288,8
tdc_pgp_broccatelli,71,3,8,weak_added,logreg_l2_c0.1,0.0,0.0,0.0,1.7754850104820288,8
tdc_pgp_broccatelli,71,1,16,weak_added,cat_60_d4,0.005812601720530219,0.026239744909821616,0.018533895771747355,1.6578473651003105,16
tdc_pgp_broccatelli,71,2,16,weak_added,cat_80_d6,0.0008185635988327,0.0003025126343511042,-0.007776354188910317,1.6578473651003105,16
tdc_pgp_broccatelli,71,3,16,weak_added,lgbm_120_l15,0.0035858478538036698,0.0,-0.00045155121121964736,1.6578473651003105,16
tdc_pgp_broccatelli,71,1,32,weak_added,et_120_d20_leaf2,0.01303683528747479,0.007091374099046921,0.0,1.5399090929752959,32
tdc_pgp_broccatelli,71,2,32,weak_added,rf_60_sqrt,0.01825752722613705,0.014912093387429604,0.008541533205210228,1.5399090929752959,32
tdc_pgp_broccatelli,71,3,32,weak_added,et_120_d20_leaf2,0.029722694432639196,0.0020186995325117696,0.0,1.5399090929752959,32
tdc_pgp_broccatelli,71,1,4,complementary_strong_added,logreg_l2_c0.1,0.005812601720530219,0.005812601720530219,0.0,1.291545080865426,4
tdc_pgp_broccatelli,71,2,4,complementary_strong_added,logreg_l2_c1,0.0008185635988327,0.0,-0.0008185635988327,1.291545080865426,4
tdc_pgp_broccatelli,71,3,4,complementary_strong_added,logreg_l2_c0.1,0.0,0.0,0.0,1.291545080865426,4
tdc_pgp_broccatelli,71,1,8,complementary_strong_added,rf_120_d20_leaf2,0.01303683528747479,0.012903975819576807,0.0,1.6224817769136963,8
tdc_pgp_broccatelli,71,2,8,complementary_strong_added,rf_60_sqrt,0.01825752722613705,0.014912093387429604,0.010801480532422247,1.6224817769136963,8
tdc_pgp_broccatelli,71,3,8,complementary_strong_added,rf_120_d20_leaf2,0.02286974075648085,0.0,0.0,1.6224817769136963,8
tdc_pgp_broccatelli,71,1,16,complementary_strong_added,et_120_d20_leaf2,0.01303683528747479,0.007091374099046921,0.0,1.4928781606833474,16
tdc_pgp_broccatelli,71,2,16,complementary_strong_added,rf_60_sqrt,0.01825752722613705,0.014912093387429604,0.008541533205210228,1.4928781606833474,16
tdc_pgp_broccatelli,71,3,16,complementary_strong_added,et_120_d20_leaf2,0.029722694432639196,0.0020186995325117696,0.0,1.4928781606833474,16
tdc_pgp_broccatelli,71,1,32,complementary_strong_added,et_120_d20_leaf2,0.01303683528747479,0.007091374099046921,0.0,1.5399090929752972,32
tdc_pgp_broccatelli,71,2,32,complementary_strong_added,rf_60_sqrt,0.01825752722613705,0.014912093387429604,0.008541533205210228,1.5399090929752972,32
tdc_pgp_broccatelli,71,3,32,complementary_strong_added,et_120_d20_leaf2,0.029722694432639196,0.0020186995325117696,0.0,1.5399090929752972,32
tdc_pgp_broccatelli,71,1,4,exact_duplicate,base_1,0.005812601720530219,0.005812601720530219,0.0,1.2915450808654259,4
tdc_pgp_broccatelli,71,2,4,exact_duplicate,base_2,0.0008185635988327,0.0,-0.0008185635988327,1.2915450808654259,4
tdc_pgp_broccatelli,71,3,4,exact_duplicate,base_1,0.0,0.0,0.0,1.2915450808654259,4
tdc_pgp_broccatelli,71,1,8,exact_duplicate,base_1,0.005812601720530219,0.005812601720530219,0.0,1.2915450808654259,4
tdc_pgp_broccatelli,71,2,8,exact_duplicate,base_2,0.0008185635988327,0.0,-0.0008185635988327,1.2915450808654259,4
tdc_pgp_broccatelli,71,3,8,exact_duplicate,base_1,0.0,0.0,0.0,1.2915450808654259,4
tdc_pgp_broccatelli,71,1,16,exact_duplicate,base_1,0.005812601720530219,0.005812601720530219,0.0,1.2915450808654252,4
tdc_pgp_broccatelli,71,2,16,exact_duplicate,base_2,0.0008185635988327,0.0,-0.0008185635988327,1.2915450808654252,4
tdc_pgp_broccatelli,71,3,16,exact_duplicate,base_1,0.0,0.0,0.0,1.2915450808654252,4
tdc_pgp_broccatelli,71,1,32,exact_duplicate,base_1,0.005812601720530219,0.005812601720530219,0.0,1.291545080865426,4
tdc_pgp_broccatelli,71,2,32,exact_duplicate,base_2,0.0008185635988327,0.0,-0.0008185635988327,1.291545080865426,4
tdc_pgp_broccatelli,71,3,32,exact_duplicate,base_1,0.0,0.0,0.0,1.291545080865426,4
tdc_pgp_broccatelli,71,1,4,near_duplicate_95pct_anchor,base_1,0.005812601720530219,0.005812601720530219,0.0,1.2915450808654259,4
tdc_pgp_broccatelli,71,2,4,near_duplicate_95pct_anchor,base_2,0.0008185635988327,0.0,-0.0008185635988327,1.2915450808654259,4
tdc_pgp_broccatelli,71,3,4,near_duplicate_95pct_anchor,base_1,0.0,0.0,0.0,1.2915450808654259,4
tdc_pgp_broccatelli,71,1,8,near_duplicate_95pct_anchor,near_duplicate_95pct_anchor_1,0.005812601720530219,0.005160759956156502,0.0,1.2834682567024183,4
tdc_pgp_broccatelli,71,2,8,near_duplicate_95pct_anchor,near_duplicate_95pct_anchor_2,0.0008603815218165556,0.0,-0.0006931098298812444,1.2834682567024183,4
tdc_pgp_broccatelli,71,3,8,near_duplicate_95pct_anchor,near_duplicate_95pct_anchor_1,0.0011275499362515262,0.0,0.0,1.2834682567024183,4
tdc_pgp_broccatelli,71,1,16,near_duplicate_95pct_anchor,near_duplicate_95pct_anchor_5,0.005812601720530219,0.005979506427076897,0.0008187464709203951,1.277195585800729,4
tdc_pgp_broccatelli,71,2,16,near_duplicate_95pct_anchor,near_duplicate_95pct_anchor_6,0.0013461812228628967,0.0,-0.0011789095309275854,1.277195585800729,4
tdc_pgp_broccatelli,71,3,16,near_duplicate_95pct_anchor,near_duplicate_95pct_anchor_5,0.0011275499362515262,0.00010159902252437902,0.00010159902252437902,1.277195585800729,4
tdc_pgp_broccatelli,71,1,32,near_duplicate_95pct_anchor,near_duplicate_95pct_anchor_5,0.005812601720530219,0.005979506427076897,0.0008187464709203951,1.2755736754960085,4
tdc_pgp_broccatelli,71,2,32,near_duplicate_95pct_anchor,near_duplicate_95pct_anchor_6,0.0013461812228628967,0.0,-0.0011789095309275854,1.2755736754960085,4
tdc_pgp_broccatelli,71,3,32,near_duplicate_95pct_anchor,near_duplicate_95pct_anchor_5,0.0011275499362515262,0.00010159902252437902,0.00010159902252437902,1.2755736754960085,4
tdc_pgp_broccatelli,83,1,4,registered,logreg_l2_c1,0.0,0.004773691654879841,0.004773691654879841,1.3061066029275146,4
tdc_pgp_broccatelli,83,2,4,registered,logreg_l2_c0.1,0.0,0.0,0.0,1.3061066029275146,4
tdc_pgp_broccatelli,83,3,4,registered,logreg_l1_c1,0.0,0.013250333481547472,0.013250333481547472,1.3061066029275146,4
tdc_pgp_broccatelli,83,1,8,registered,rf_60_sqrt,0.029216760961810473,0.002795703677510697,0.002795703677510697,1.6288199302626405,8
tdc_pgp_broccatelli,83,2,8,registered,rf_90_leaf2,0.00416666666666643,0.009785714285714175,0.009785714285714175,1.6288199302626405,8
tdc_pgp_broccatelli,83,3,8,registered,rf_120_d20_leaf2,0.022765673632725636,0.0,0.0,1.6288199302626405,8
tdc_pgp_broccatelli,83,1,16,registered,et_120_d20_leaf2,0.029216760961810473,0.003337164073550225,0.0,1.658338376298206,16
tdc_pgp_broccatelli,83,2,16,registered,rf_90_leaf2,0.015619047619047643,0.02123809523809539,0.02123809523809539,1.658338376298206,16
tdc_pgp_broccatelli,83,3,16,registered,et_60_sqrt,0.029553875796650364,0.004816955684007751,0.0036905291240549865,1.658338376298206,16
tdc_pgp_broccatelli,83,1,32,registered,et_120_d20_leaf2,0.029216760961810473,0.003337164073550225,0.0,1.5513377737662986,32
tdc_pgp_broccatelli,83,2,32,registered,rf_90_leaf2,0.015619047619047643,0.02123809523809539,0.02123809523809539,1.5513377737662986,32
tdc_pgp_broccatelli,83,3,32,registered,et_60_sqrt,0.029553875796650364,0.004816955684007751,0.0036905291240549865,1.5513377737662986,32
tdc_pgp_broccatelli,83,1,4,weak_added,logreg_l2_c1,0.0,0.004773691654879841,0.004773691654879841,1.3061066029275146,4
tdc_pgp_broccatelli,83,2,4,weak_added,logreg_l2_c0.1,0.0,0.0,0.0,1.3061066029275146,4
tdc_pgp_broccatelli,83,3,4,weak_added,logreg_l1_c1,0.0,0.013250333481547472,0.013250333481547472,1.3061066029275146,4
tdc_pgp_broccatelli,83,1,8,weak_added,cat_100_d4,0.0,0.000994519094766666,0.000994519094766666,1.8020172370041048,8
tdc_pgp_broccatelli,83,2,8,weak_added,xgb_60_d3,0.0,0.02997619047619049,0.02997619047619049,1.8020172370041048,8
tdc_pgp_broccatelli,83,3,8,weak_added,xgb_60_d3,0.0,0.017029791018230434,0.017029791018230434,1.8020172370041048,8
tdc_pgp_broccatelli,83,1,16,weak_added,lgbm_120_l15,0.004375884016973086,0.0030940594059405413,-0.00011050212164087636,1.7271694185905404,16
tdc_pgp_broccatelli,83,2,16,weak_added,lgbm_120_l15,0.0,0.009476190476190527,-0.003690476190476244,1.7271694185905404,16
tdc_pgp_broccatelli,83,3,16,weak_added,cat_80_d6,0.008211056765969893,0.008833555654364833,0.008833555654364833,1.7271694185905404,16
tdc_pgp_broccatelli,83,1,32,weak_added,et_120_d20_leaf2,0.029216760961810473,0.003337164073550225,0.0,1.551337773766299,32
tdc_pgp_broccatelli,83,2,32,weak_added,rf_90_leaf2,0.015619047619047643,0.02123809523809539,0.02123809523809539,1.551337773766299,32
tdc_pgp_broccatelli,83,3,32,weak_added,et_60_sqrt,0.029553875796650364,0.004816955684007751,0.0036905291240549865,1.551337773766299,32
tdc_pgp_broccatelli,83,1,4,complementary_strong_added,logreg_l2_c1,0.0,0.004773691654879841,0.004773691654879841,1.3061066029275146,4
tdc_pgp_broccatelli,83,2,4,complementary_strong_added,logreg_l2_c0.1,0.0,0.0,0.0,1.3061066029275146,4
tdc_pgp_broccatelli,83,3,4,complementary_strong_added,logreg_l1_c1,0.0,0.013250333481547472,0.013250333481547472,1.3061066029275146,4
tdc_pgp_broccatelli,83,1,8,complementary_strong_added,et_120_d20_leaf2,0.029216760961810473,0.003337164073550225,0.0,1.6399862655391932,8
tdc_pgp_broccatelli,83,2,8,complementary_strong_added,rf_90_leaf2,0.015619047619047643,0.02123809523809539,0.02123809523809539,1.6399862655391932,8
tdc_pgp_broccatelli,83,3,8,complementary_strong_added,rf_120_d20_leaf2,0.0284274492366976,0.0056617756039719636,0.0056617756039719636,1.6399862655391932,8
tdc_pgp_broccatelli,83,1,16,complementary_strong_added,et_120_d20_leaf2,0.029216760961810473,0.003337164073550225,0.0,1.5068351277622152,16
tdc_pgp_broccatelli,83,2,16,complementary_strong_added,rf_90_leaf2,0.015619047619047643,0.02123809523809539,0.02123809523809539,1.5068351277622152,16
tdc_pgp_broccatelli,83,3,16,complementary_strong_added,et_60_sqrt,0.029553875796650364,0.004816955684007751,0.0036905291240549865,1.5068351277622152,16
tdc_pgp_broccatelli,83,1,32,complementary_strong_added,et_120_d20_leaf2,0.029216760961810473,0.003337164073550225,0.0,1.551337773766299,32
tdc_pgp_broccatelli,83,2,32,complementary_strong_added,rf_90_leaf2,0.015619047619047643,0.02123809523809539,0.02123809523809539,1.551337773766299,32
tdc_pgp_broccatelli,83,3,32,complementary_strong_added,et_60_sqrt,0.029553875796650364,0.004816955684007751,0.0036905291240549865,1.551337773766299,32
tdc_pgp_broccatelli,83,1,4,exact_duplicate,base_2,0.0,0.004773691654879841,0.004773691654879841,1.3061066029275146,4
tdc_pgp_broccatelli,83,2,4,exact_duplicate,base_1,0.0,0.0,0.0,1.3061066029275146,4
tdc_pgp_broccatelli,83,3,4,exact_duplicate,base_4,0.0,0.013250333481547472,0.013250333481547472,1.3061066029275146,4
tdc_pgp_broccatelli,83,1,8,exact_duplicate,base_2,0.0,0.004773691654879841,0.004773691654879841,1.3061066029275141,4
tdc_pgp_broccatelli,83,2,8,exact_duplicate,base_1,0.0,0.0,0.0,1.3061066029275141,4
tdc_pgp_broccatelli,83,3,8,exact_duplicate,base_4,0.0,0.013250333481547472,0.013250333481547472,1.3061066029275141,4
tdc_pgp_broccatelli,83,1,16,exact_duplicate,base_2,0.0,0.004773691654879841,0.004773691654879841,1.3061066029275148,4
tdc_pgp_broccatelli,83,2,16,exact_duplicate,base_1,0.0,0.0,0.0,1.3061066029275148,4
tdc_pgp_broccatelli,83,3,16,exact_duplicate,base_4,0.0,0.013250333481547472,0.013250333481547472,1.3061066029275148,4
tdc_pgp_broccatelli,83,1,32,exact_duplicate,base_2,0.0,0.004773691654879841,0.004773691654879841,1.3061066029275148,4
tdc_pgp_broccatelli,83,2,32,exact_duplicate,base_1,0.0,0.0,0.0,1.3061066029275148,4
tdc_pgp_broccatelli,83,3,32,exact_duplicate,base_4,0.0,0.013250333481547472,0.013250333481547472,1.3061066029275148,4
tdc_pgp_broccatelli,83,1,4,near_duplicate_95pct_anchor,base_2,0.0,0.004773691654879841,0.004773691654879841,1.3061066029275146,4
tdc_pgp_broccatelli,83,2,4,near_duplicate_95pct_anchor,base_1,0.0,0.0,0.0,1.3061066029275146,4
tdc_pgp_broccatelli,83,3,4,near_duplicate_95pct_anchor,base_4,0.0,0.013250333481547472,0.013250333481547472,1.3061066029275146,4
tdc_pgp_broccatelli,83,1,8,near_duplicate_95pct_anchor,near_duplicate_95pct_anchor_2,0.001321052864214911,0.004969832920792117,0.004969832920792117,1.297531466036175,4
tdc_pgp_broccatelli,83,2,8,near_duplicate_95pct_anchor,near_duplicate_95pct_anchor_1,0.00012499999999993072,0.0,0.0,1.297531466036175,4
tdc_pgp_broccatelli,83,3,8,near_duplicate_95pct_anchor,near_duplicate_95pct_anchor_4,0.001070105231954832,0.012519638357788687,0.012519638357788687,1.297531466036175,4
tdc_pgp_broccatelli,83,1,16,near_duplicate_95pct_anchor,near_duplicate_95pct_anchor_6,0.001321052864214911,0.005175366867043896,0.005175366867043896,1.291329637436132,4
tdc_pgp_broccatelli,83,2,16,near_duplicate_95pct_anchor,near_duplicate_95pct_anchor_1,0.00040119047619036063,0.0002761904761904299,0.0,1.291329637436132,4
tdc_pgp_broccatelli,83,3,16,near_duplicate_95pct_anchor,near_duplicate_95pct_anchor_4,0.0012368460056320085,0.012686379131465864,0.012519638357788687,1.291329637436132,4
tdc_pgp_broccatelli,83,1,32,near_duplicate_95pct_anchor,near_duplicate_95pct_anchor_6,0.001321052864214911,0.005175366867043896,0.005175366867043896,1.2898334403452767,4
tdc_pgp_broccatelli,83,2,32,near_duplicate_95pct_anchor,near_duplicate_95pct_anchor_1,0.00040119047619036063,0.0002761904761904299,0.0,1.2898334403452767,4
tdc_pgp_broccatelli,83,3,32,near_duplicate_95pct_anchor,near_duplicate_95pct_anchor_4,0.0012368460056320085,0.012686379131465864,0.012519638357788687,1.2898334403452767,4
tdc_pgp_broccatelli,97,1,4,registered,logreg_l2_c0.1,0.002935010482180256,0.002935010482180256,0.0,1.3079600592174228,4
tdc_pgp_broccatelli,97,2,4,registered,logreg_l2_c0.1,0.0,0.0,0.0,1.3079600592174228,4
tdc_pgp_broccatelli,97,3,4,registered,logreg_l2_c1,0.0025744680851061963,0.0,-0.0025744680851061963,1.3079600592174228,4
tdc_pgp_broccatelli,97,1,8,registered,rf_120_d20_leaf2,0.017571945873832484,0.004040404040403844,0.0,1.738640760800765,8
tdc_pgp_broccatelli,97,2,8,registered,rf_90_d12,0.016900999543776773,0.007672846418647183,0.002322591348347225,1.738640760800765,8
tdc_pgp_broccatelli,97,3,8,registered,rf_120_d20_leaf2,0.028914893617021153,0.0,0.0,1.738640760800765,8
tdc_pgp_broccatelli,97,1,16,registered,rf_120_d20_leaf2,0.02096436058700213,0.007432818753573489,0.006975414522584211,1.8064165623378534,16
tdc_pgp_broccatelli,97,2,16,registered,rf_90_d12,0.017149848616814012,0.007921695491684422,0.004956244037990776,1.8064165623378534,16
tdc_pgp_broccatelli,97,3,16,registered,et_60_sqrt,0.03444680851063808,0.009457446808510683,0.009457446808510683,1.8064165623378534,16
tdc_pgp_broccatelli,97,1,32,registered,rf_120_d20_leaf2,0.02096436058700213,0.007432818753573489,0.006975414522584211,1.6742330824550145,32
tdc_pgp_broccatelli,97,2,32,registered,rf_90_d12,0.017149848616814012,0.007921695491684422,0.004956244037990776,1.6742330824550145,32
tdc_pgp_broccatelli,97,3,32,registered,et_60_sqrt,0.03444680851063808,0.009457446808510683,0.009457446808510683,1.6742330824550145,32
tdc_pgp_broccatelli,97,1,4,weak_added,logreg_l2_c0.1,0.002935010482180256,0.002935010482180256,0.0,1.3079600592174228,4
tdc_pgp_broccatelli,97,2,4,weak_added,logreg_l2_c0.1,0.0,0.0,0.0,1.3079600592174228,4
tdc_pgp_broccatelli,97,3,4,weak_added,logreg_l2_c1,0.0025744680851061963,0.0,-0.0025744680851061963,1.3079600592174228,4
tdc_pgp_broccatelli,97,1,8,weak_added,xgb_100_d3,0.002935010482180256,0.011206403659233866,0.00827139317705361,1.9865866550039744,8
tdc_pgp_broccatelli,97,2,8,weak_added,logreg_l2_c0.1,0.0,0.0,0.0,1.9865866550039744,8
tdc_pgp_broccatelli,97,3,8,weak_added,cat_60_d4,0.010936170212765828,0.0,-0.010936170212765828,1.9865866550039744,8
tdc_pgp_broccatelli,97,1,16,weak_added,cat_80_d6,0.004917095483133238,0.0,-0.0016771488469602414,1.8783400359455649,16
tdc_pgp_broccatelli,97,2,16,weak_added,lgbm_100_leaf10,0.002986188876446416,0.008191281987474652,0.008191281987474652,1.8783400359455649,16
tdc_pgp_broccatelli,97,3,16,weak_added,cat_60_d8,0.024914893617020928,0.0,-0.009851063829787066,1.8783400359455649,16
tdc_pgp_broccatelli,97,1,32,weak_added,rf_120_d20_leaf2,0.02096436058700213,0.007432818753573489,0.006975414522584211,1.6742330824550138,32
tdc_pgp_broccatelli,97,2,32,weak_added,rf_90_d12,0.017149848616814012,0.007921695491684422,0.004956244037990776,1.6742330824550138,32
tdc_pgp_broccatelli,97,3,32,weak_added,et_60_sqrt,0.03444680851063808,0.009457446808510683,0.009457446808510683,1.6742330824550138,32
tdc_pgp_broccatelli,97,1,4,complementary_strong_added,logreg_l2_c0.1,0.002935010482180256,0.002935010482180256,0.0,1.3079600592174228,4
tdc_pgp_broccatelli,97,2,4,complementary_strong_added,logreg_l2_c0.1,0.0,0.0,0.0,1.3079600592174228,4
tdc_pgp_broccatelli,97,3,4,complementary_strong_added,logreg_l2_c1,0.0025744680851061963,0.0,-0.0025744680851061963,1.3079600592174228,4
tdc_pgp_broccatelli,97,1,8,complementary_strong_added,rf_120_d20_leaf2,0.02050695635601285,0.006975414522584211,0.006975414522584211,1.7538597535086133,8
tdc_pgp_broccatelli,97,2,8,complementary_strong_added,rf_120_d20_leaf2,0.016900999543776773,0.0053502550702999585,0.002633652689643551,1.7538597535086133,8
tdc_pgp_broccatelli,97,3,8,complementary_strong_added,rf_120_d20_leaf2,0.03444680851063808,0.005531914893616929,0.005531914893616929,1.7538597535086133,8
tdc_pgp_broccatelli,97,1,16,complementary_strong_added,rf_120_d20_leaf2,0.02096436058700213,0.007432818753573489,0.006975414522584211,1.6239976158766634,16
tdc_pgp_broccatelli,97,2,16,complementary_strong_added,rf_90_d12,0.017149848616814012,0.007921695491684422,0.004956244037990776,1.6239976158766634,16
tdc_pgp_broccatelli,97,3,16,complementary_strong_added,et_60_sqrt,0.03444680851063808,0.009457446808510683,0.009457446808510683,1.6239976158766634,16
tdc_pgp_broccatelli,97,1,32,complementary_strong_added,rf_120_d20_leaf2,0.02096436058700213,0.007432818753573489,0.006975414522584211,1.6742330824550147,32
tdc_pgp_broccatelli,97,2,32,complementary_strong_added,rf_90_d12,0.017149848616814012,0.007921695491684422,0.004956244037990776,1.6742330824550147,32
tdc_pgp_broccatelli,97,3,32,complementary_strong_added,et_60_sqrt,0.03444680851063808,0.009457446808510683,0.009457446808510683,1.6742330824550147,32
tdc_pgp_broccatelli,97,1,4,exact_duplicate,base_1,0.002935010482180256,0.002935010482180256,0.0,1.307960059217423,4
tdc_pgp_broccatelli,97,2,4,exact_duplicate,base_1,0.0,0.0,0.0,1.307960059217423,4
tdc_pgp_broccatelli,97,3,4,exact_duplicate,base_2,0.0025744680851061963,0.0,-0.0025744680851061963,1.307960059217423,4
tdc_pgp_broccatelli,97,1,8,exact_duplicate,base_1,0.002935010482180256,0.002935010482180256,0.0,1.3079600592174228,4
tdc_pgp_broccatelli,97,2,8,exact_duplicate,base_1,0.0,0.0,0.0,1.3079600592174228,4
tdc_pgp_broccatelli,97,3,8,exact_duplicate,base_2,0.0025744680851061963,0.0,-0.0025744680851061963,1.3079600592174228,4
tdc_pgp_broccatelli,97,1,16,exact_duplicate,base_1,0.002935010482180256,0.002935010482180256,0.0,1.3079600592174234,4
tdc_pgp_broccatelli,97,2,16,exact_duplicate,base_1,0.0,0.0,0.0,1.3079600592174234,4
tdc_pgp_broccatelli,97,3,16,exact_duplicate,base_2,0.0025744680851061963,0.0,-0.0025744680851061963,1.3079600592174234,4
tdc_pgp_broccatelli,97,1,32,exact_duplicate,base_1,0.002935010482180256,0.002935010482180256,0.0,1.3079600592174228,4
tdc_pgp_broccatelli,97,2,32,exact_duplicate,base_1,0.0,0.0,0.0,1.3079600592174228,4
tdc_pgp_broccatelli,97,3,32,exact_duplicate,base_2,0.0025744680851061963,0.0,-0.0025744680851061963,1.3079600592174228,4
tdc_pgp_broccatelli,97,1,4,near_duplicate_95pct_anchor,base_1,0.002935010482180256,0.002935010482180256,0.0,1.307960059217423,4
tdc_pgp_broccatelli,97,2,4,near_duplicate_95pct_anchor,base_1,0.0,0.0,0.0,1.307960059217423,4
tdc_pgp_broccatelli,97,3,4,near_duplicate_95pct_anchor,base_2,0.0025744680851061963,0.0,-0.0025744680851061963,1.307960059217423,4
tdc_pgp_broccatelli,97,1,8,near_duplicate_95pct_anchor,near_duplicate_95pct_anchor_1,0.003464837049742653,0.002586239756051101,0.0,1.3011113243322843,4
tdc_pgp_broccatelli,97,2,8,near_duplicate_95pct_anchor,near_duplicate_95pct_anchor_1,0.000572352867985515,0.0,0.0,1.3011113243322843,4
tdc_pgp_broccatelli,97,3,8,near_duplicate_95pct_anchor,near_duplicate_95pct_anchor_2,0.0033638297872338185,0.0,-0.002066489361701951,1.3011113243322843,4
tdc_pgp_broccatelli,97,1,16,near_duplicate_95pct_anchor,near_duplicate_95pct_anchor_1,0.003813607775871919,0.002935010482180367,0.0,1.2955232581987826,4
tdc_pgp_broccatelli,97,2,16,near_duplicate_95pct_anchor,near_duplicate_95pct_anchor_1,0.000572352867985515,0.0,0.0,1.2955232581987826,4
tdc_pgp_broccatelli,97,3,16,near_duplicate_95pct_anchor,near_duplicate_95pct_anchor_6,0.003621276595744405,0.0,-0.002323936170212537,1.2955232581987826,4
tdc_pgp_broccatelli,97,1,32,near_duplicate_95pct_anchor,near_duplicate_95pct_anchor_1,0.003813607775871919,0.002935010482180367,0.0,1.2934909707468696,4
tdc_pgp_broccatelli,97,2,32,near_duplicate_95pct_anchor,near_duplicate_95pct_anchor_1,0.000572352867985515,0.0,0.0,1.2934909707468696,4
tdc_pgp_broccatelli,97,3,32,near_duplicate_95pct_anchor,near_duplicate_95pct_anchor_6,0.003621276595744405,0.0,-0.002323936170212537,1.2934909707468696,4
tdc_pgp_broccatelli,113,1,4,registered,logreg_l2_c0.1,0.0,0.0,0.0,1.3008133424898265,4
tdc_pgp_broccatelli,113,2,4,registered,logreg_l2_c0.1,0.0,0.0,0.0,1.3008133424898265,4
tdc_pgp_broccatelli,113,3,4,registered,logreg_l2_c1,0.0,0.020429009193054126,0.020429009193054126,1.3008133424898265,4
tdc_pgp_broccatelli,113,1,8,registered,rf_120_d20_leaf2,0.01684060721062608,0.0,0.0,1.6502800558767976,8
tdc_pgp_broccatelli,113,2,8,registered,rf_60_sqrt,0.011014444834783421,0.002800107457998413,0.002800107457998413,1.6502800558767976,8
tdc_pgp_broccatelli,113,3,8,registered,rf_120_d20_leaf2,0.025536261491317824,0.0,0.0,1.6502800558767976,8
tdc_pgp_broccatelli,113,1,16,registered,et_90_d12,0.01684060721062608,0.007922201138519824,0.005052182163188035,1.6873419134977727,16
tdc_pgp_broccatelli,113,2,16,registered,et_90_d12,0.015839722262404154,0.003420057448699332,0.0023144799652830006,1.6873419134977727,16
tdc_pgp_broccatelli,113,3,16,registered,et_90_leaf2,0.025536261491317824,0.0029685903983656114,-0.0022663432073546375,1.6873419134977727,16
tdc_pgp_broccatelli,113,1,32,registered,et_90_d12,0.017386148007590196,0.008467741935483941,0.005052182163188035,1.5630072763466833,32
tdc_pgp_broccatelli,113,2,32,registered,et_90_d12,0.015839722262404154,0.003420057448699332,0.0023144799652830006,1.5630072763466833,32
tdc_pgp_broccatelli,113,3,32,registered,et_90_leaf2,0.025536261491317824,0.0029685903983656114,-0.0022663432073546375,1.5630072763466833,32
tdc_pgp_broccatelli,113,1,4,weak_added,logreg_l2_c0.1,0.0,0.0,0.0,1.3008133424898265,4
tdc_pgp_broccatelli,113,2,4,weak_added,logreg_l2_c0.1,0.0,0.0,0.0,1.3008133424898265,4
tdc_pgp_broccatelli,113,3,4,weak_added,logreg_l2_c1,0.0,0.020429009193054126,0.020429009193054126,1.3008133424898265,4
tdc_pgp_broccatelli,113,1,8,weak_added,cat_60_d4,0.0,0.021370967741935476,0.021370967741935476,1.8701970738293803,8
tdc_pgp_broccatelli,113,2,8,weak_added,xgb_60_d3,0.0,0.019125457213118202,0.019125457213118202,1.8701970738293803,8
tdc_pgp_broccatelli,113,3,8,weak_added,logreg_l2_c1,0.0039102400408581595,0.024339249233912286,0.020429009193054126,1.8701970738293803,8
tdc_pgp_broccatelli,113,1,16,weak_added,cat_60_d8,0.012333965844402495,0.026304554079696674,0.016532258064516192,1.702439552410651,16
tdc_pgp_broccatelli,113,2,16,weak_added,cat_60_d8,0.003781694943274627,0.021760244673596385,0.01671798474923014,1.702439552410651,16
tdc_pgp_broccatelli,113,3,16,weak_added,logreg_l2_c1,0.019152196118488285,0.03958120531154241,0.025983146067415808,1.702439552410651,16
tdc_pgp_broccatelli,113,1,32,weak_added,et_90_d12,0.017386148007590196,0.008467741935483941,0.005052182163188035,1.5630072763466831,32
tdc_pgp_broccatelli,113,2,32,weak_added,et_90_d12,0.015839722262404154,0.003420057448699332,0.0023144799652830006,1.5630072763466831,32
tdc_pgp_broccatelli,113,3,32,weak_added,et_90_leaf2,0.025536261491317824,0.0029685903983656114,-0.0022663432073546375,1.5630072763466831,32
tdc_pgp_broccatelli,113,1,4,complementary_strong_added,logreg_l2_c0.1,0.0,0.0,0.0,1.3008133424898265,4
tdc_pgp_broccatelli,113,2,4,complementary_strong_added,logreg_l2_c0.1,0.0,0.0,0.0,1.3008133424898265,4
tdc_pgp_broccatelli,113,3,4,complementary_strong_added,logreg_l2_c1,0.0,0.020429009193054126,0.020429009193054126,1.3008133424898265,4
tdc_pgp_broccatelli,113,1,8,complementary_strong_added,rf_120_d20_leaf2,0.01684060721062608,0.0,0.0,1.6890888749195345,8
tdc_pgp_broccatelli,113,2,8,complementary_strong_added,rf_60_sqrt,0.011014444834783421,0.002800107457998413,0.002800107457998413,1.6890888749195345,8
tdc_pgp_broccatelli,113,3,8,complementary_strong_added,rf_120_d20_leaf2,0.025536261491317824,0.0,0.0,1.6890888749195345,8
tdc_pgp_broccatelli,113,1,16,complementary_strong_added,rf_120_d20_leaf2,0.017386148007590196,0.0005455407969641168,-0.0028700189753317895,1.53732339700244,16
tdc_pgp_broccatelli,113,2,16,complementary_strong_added,et_90_leaf2,0.015839722262404154,0.003564712446529339,0.0024591349631130077,1.53732339700244,16
tdc_pgp_broccatelli,113,3,16,complementary_strong_added,et_90_leaf2,0.025536261491317824,0.0029685903983656114,-0.0022663432073546375,1.53732339700244,16
tdc_pgp_broccatelli,113,1,32,complementary_strong_added,et_90_d12,0.017386148007590196,0.008467741935483941,0.005052182163188035,1.5630072763466836,32
tdc_pgp_broccatelli,113,2,32,complementary_strong_added,et_90_d12,0.015839722262404154,0.003420057448699332,0.0023144799652830006,1.5630072763466836,32
tdc_pgp_broccatelli,113,3,32,complementary_strong_added,et_90_leaf2,0.025536261491317824,0.0029685903983656114,-0.0022663432073546375,1.5630072763466836,32
tdc_pgp_broccatelli,113,1,4,exact_duplicate,base_1,0.0,0.0,0.0,1.3008133424898274,4
tdc_pgp_broccatelli,113,2,4,exact_duplicate,base_1,0.0,0.0,0.0,1.3008133424898274,4
tdc_pgp_broccatelli,113,3,4,exact_duplicate,base_2,0.0,0.020429009193054126,0.020429009193054126,1.3008133424898274,4
tdc_pgp_broccatelli,113,1,8,exact_duplicate,base_1,0.0,0.0,0.0,1.300813342489827,4
tdc_pgp_broccatelli,113,2,8,exact_duplicate,base_1,0.0,0.0,0.0,1.300813342489827,4
tdc_pgp_broccatelli,113,3,8,exact_duplicate,base_2,0.0,0.020429009193054126,0.020429009193054126,1.300813342489827,4
tdc_pgp_broccatelli,113,1,16,exact_duplicate,base_1,0.0,0.0,0.0,1.300813342489827,4
tdc_pgp_broccatelli,113,2,16,exact_duplicate,base_1,0.0,0.0,0.0,1.300813342489827,4
tdc_pgp_broccatelli,113,3,16,exact_duplicate,base_2,0.0,0.020429009193054126,0.020429009193054126,1.300813342489827,4
tdc_pgp_broccatelli,113,1,32,exact_duplicate,base_1,0.0,0.0,0.0,1.3008133424898274,4
tdc_pgp_broccatelli,113,2,32,exact_duplicate,base_1,0.0,0.0,0.0,1.3008133424898274,4
tdc_pgp_broccatelli,113,3,32,exact_duplicate,base_2,0.0,0.020429009193054126,0.020429009193054126,1.3008133424898274,4
tdc_pgp_broccatelli,113,1,4,near_duplicate_95pct_anchor,base_1,0.0,0.0,0.0,1.3008133424898274,4
tdc_pgp_broccatelli,113,2,4,near_duplicate_95pct_anchor,base_1,0.0,0.0,0.0,1.3008133424898274,4
tdc_pgp_broccatelli,113,3,4,near_duplicate_95pct_anchor,base_2,0.0,0.020429009193054126,0.020429009193054126,1.3008133424898274,4
tdc_pgp_broccatelli,113,1,8,near_duplicate_95pct_anchor,near_duplicate_95pct_anchor_1,0.0006682874762807822,0.0,0.0,1.2925207245285384,4
tdc_pgp_broccatelli,113,2,8,near_duplicate_95pct_anchor,near_duplicate_95pct_anchor_1,0.00041071686883920044,0.0,0.0,1.2925207245285384,4
tdc_pgp_broccatelli,113,3,8,near_duplicate_95pct_anchor,base_2,0.0010605528600613479,0.021489562053115474,0.021489562053115474,1.2925207245285384,4
tdc_pgp_broccatelli,113,1,16,near_duplicate_95pct_anchor,near_duplicate_95pct_anchor_1,0.0006682874762807822,0.0,0.0,1.2862697437741477,4
tdc_pgp_broccatelli,113,2,16,near_duplicate_95pct_anchor,near_duplicate_95pct_anchor_1,0.0007919861131201467,0.0003812692442809462,0.0,1.2862697437741477,4
tdc_pgp_broccatelli,113,3,16,near_duplicate_95pct_anchor,near_duplicate_95pct_anchor_6,0.0010605528600613479,0.01948017747701747,0.01948017747701747,1.2862697437741477,4
tdc_pgp_broccatelli,113,1,32,near_duplicate_95pct_anchor,near_duplicate_95pct_anchor_1,0.0006682874762807822,0.0,0.0,1.2841582105960794,4
tdc_pgp_broccatelli,113,2,32,near_duplicate_95pct_anchor,near_duplicate_95pct_anchor_1,0.0007919861131201467,0.0003812692442809462,0.0,1.2841582105960794,4
tdc_pgp_broccatelli,113,3,32,near_duplicate_95pct_anchor,near_duplicate_95pct_anchor_6,0.0010605528600613479,0.01948017747701747,0.01948017747701747,1.2841582105960794,4
tdc_pgp_broccatelli,127,1,4,registered,logreg_l2_c0.1,0.004735873565706816,0.004735873565706816,0.0,1.2719853654971982,4
tdc_pgp_broccatelli,127,2,4,registered,logreg_l2_c1,0.0,0.006344096203011018,0.006344096203011018,1.2719853654971982,4
tdc_pgp_broccatelli,127,3,4,registered,logreg_l2_c0.1,0.006975329760140037,0.006975329760140037,0.0,1.2719853654971982,4
tdc_pgp_broccatelli,127,1,8,registered,rf_90_d12,0.05883308075340976,0.00901169084217357,0.005791296817493019,1.5231573544215415,8
tdc_pgp_broccatelli,127,2,8,registered,rf_90_d12,0.022535744721143947,0.006470346873717947,0.006470346873717947,1.5231573544215415,8
tdc_pgp_broccatelli,127,3,8,registered,rf_90_d12,0.023757935150340304,0.008381799521040012,0.008381799521040012,1.5231573544215415,8
tdc_pgp_broccatelli,127,1,16,registered,rf_90_d12,0.05883308075340976,0.00901169084217357,0.0014884174063648503,1.5868977659619903,16
tdc_pgp_broccatelli,127,2,16,registered,et_120_d20_leaf2,0.022535744721143947,0.009595050973708386,0.0,1.5868977659619903,16
tdc_pgp_broccatelli,127,3,16,registered,rf_90_d12,0.029877979245067854,0.014501843615767562,0.012164062796974351,1.5868977659619903,16
tdc_pgp_broccatelli,127,1,32,registered,rf_90_d12,0.05883308075340976,0.00901169084217357,0.0014884174063648503,1.4897068364833008,32
tdc_pgp_broccatelli,127,2,32,registered,et_120_d20_leaf2,0.022535744721143947,0.009595050973708386,0.0,1.4897068364833008,32
tdc_pgp_broccatelli,127,3,32,registered,rf_90_d12,0.029877979245067854,0.014501843615767562,0.012164062796974351,1.4897068364833008,32
tdc_pgp_broccatelli,127,1,4,weak_added,logreg_l2_c0.1,0.004735873565706816,0.004735873565706816,0.0,1.2719853654971982,4
tdc_pgp_broccatelli,127,2,4,weak_added,logreg_l2_c1,0.0,0.006344096203011018,0.006344096203011018,1.2719853654971982,4
tdc_pgp_broccatelli,127,3,4,weak_added,logreg_l2_c0.1,0.006975329760140037,0.006975329760140037,0.0,1.2719853654971982,4
tdc_pgp_broccatelli,127,1,8,weak_added,logreg_l2_c0.1,0.02849642779822459,0.02849642779822459,0.0,1.8037973429010392,8
tdc_pgp_broccatelli,127,2,8,weak_added,logreg_l2_c1,0.0042609601363508,0.010605056339361818,0.006344096203011018,1.8037973429010392,8
tdc_pgp_broccatelli,127,3,8,weak_added,xgb_60_d3,0.017713916448093836,0.006395636142471628,-0.011318280305622208,1.8037973429010392,8
tdc_pgp_broccatelli,127,1,16,weak_added,cat_60_d8,0.03758930504438196,0.02173089413292939,0.02173089413292939,1.6395959411983911,16
tdc_pgp_broccatelli,127,2,16,weak_added,logreg_l2_c1,0.017548843228229583,0.0238929394312406,0.0238929394312406,1.6395959411983911,16
tdc_pgp_broccatelli,127,3,16,weak_added,cat_60_d8,0.01951951951951969,0.0045235108526250345,-0.005682898087961186,1.6395959411983911,16
tdc_pgp_broccatelli,127,1,32,weak_added,rf_90_d12,0.05883308075340976,0.00901169084217357,0.0014884174063648503,1.4897068364833015,32
tdc_pgp_broccatelli,127,2,32,weak_added,et_120_d20_leaf2,0.022535744721143947,0.009595050973708386,0.0,1.4897068364833015,32
tdc_pgp_broccatelli,127,3,32,weak_added,rf_90_d12,0.029877979245067854,0.014501843615767562,0.012164062796974351,1.4897068364833015,32
tdc_pgp_broccatelli,127,1,4,complementary_strong_added,logreg_l2_c0.1,0.004735873565706816,0.004735873565706816,0.0,1.2719853654971982,4
tdc_pgp_broccatelli,127,2,4,complementary_strong_added,logreg_l2_c1,0.0,0.006344096203011018,0.006344096203011018,1.2719853654971982,4
tdc_pgp_broccatelli,127,3,4,complementary_strong_added,logreg_l2_c0.1,0.006975329760140037,0.006975329760140037,0.0,1.2719853654971982,4
tdc_pgp_broccatelli,127,1,8,complementary_strong_added,rf_120_d20_leaf2,0.05883308075340976,0.0032203940246805507,-0.01185321498159786,1.5424301236221905,8
tdc_pgp_broccatelli,127,2,8,complementary_strong_added,et_90_leaf2,0.022535744721143947,0.006249408199981099,0.0,1.5424301236221905,8
tdc_pgp_broccatelli,127,3,8,complementary_strong_added,et_60_sqrt,0.029877979245067854,0.006870794845478367,0.006870794845478367,1.5424301236221905,8
tdc_pgp_broccatelli,127,1,16,complementary_strong_added,rf_120_d20_leaf2,0.05883308075340976,0.0032203940246805507,-0.004302879411128169,1.4589939008293198,16
tdc_pgp_broccatelli,127,2,16,complementary_strong_added,et_120_d20_leaf2,0.022535744721143947,0.009595050973708386,0.0,1.4589939008293198,16
tdc_pgp_broccatelli,127,3,16,complementary_strong_added,et_60_sqrt,0.029877979245067854,0.006870794845478367,0.004533014026685156,1.4589939008293198,16
tdc_pgp_broccatelli,127,1,32,complementary_strong_added,rf_90_d12,0.05883308075340976,0.00901169084217357,0.0014884174063648503,1.489706836483301,32
tdc_pgp_broccatelli,127,2,32,complementary_strong_added,et_120_d20_leaf2,0.022535744721143947,0.009595050973708386,0.0,1.489706836483301,32
tdc_pgp_broccatelli,127,3,32,complementary_strong_added,rf_90_d12,0.029877979245067854,0.014501843615767562,0.012164062796974351,1.489706836483301,32
tdc_pgp_broccatelli,127,1,4,exact_duplicate,base_1,0.004735873565706816,0.004735873565706816,0.0,1.2719853654971982,4
tdc_pgp_broccatelli,127,2,4,exact_duplicate,base_2,0.0,0.006344096203011018,0.006344096203011018,1.2719853654971982,4
tdc_pgp_broccatelli,127,3,4,exact_duplicate,base_1,0.006975329760140037,0.006975329760140037,0.0,1.2719853654971982,4
tdc_pgp_broccatelli,127,1,8,exact_duplicate,base_1,0.004735873565706816,0.004735873565706816,0.0,1.2719853654971982,4
tdc_pgp_broccatelli,127,2,8,exact_duplicate,base_2,0.0,0.006344096203011018,0.006344096203011018,1.2719853654971982,4
tdc_pgp_broccatelli,127,3,8,exact_duplicate,base_1,0.006975329760140037,0.006975329760140037,0.0,1.2719853654971982,4
tdc_pgp_broccatelli,127,1,16,exact_duplicate,base_1,0.004735873565706816,0.004735873565706816,0.0,1.2719853654971987,4
tdc_pgp_broccatelli,127,2,16,exact_duplicate,base_2,0.0,0.006344096203011018,0.006344096203011018,1.2719853654971987,4
tdc_pgp_broccatelli,127,3,16,exact_duplicate,base_1,0.006975329760140037,0.006975329760140037,0.0,1.2719853654971987,4
tdc_pgp_broccatelli,127,1,32,exact_duplicate,base_1,0.004735873565706816,0.004735873565706816,0.0,1.2719853654971987,4
tdc_pgp_broccatelli,127,2,32,exact_duplicate,base_2,0.0,0.006344096203011018,0.006344096203011018,1.2719853654971987,4
tdc_pgp_broccatelli,127,3,32,exact_duplicate,base_1,0.006975329760140037,0.006975329760140037,0.0,1.2719853654971987,4
tdc_pgp_broccatelli,127,1,4,near_duplicate_95pct_anchor,base_1,0.004735873565706816,0.004735873565706816,0.0,1.2719853654971982,4
tdc_pgp_broccatelli,127,2,4,near_duplicate_95pct_anchor,base_2,0.0,0.006344096203011018,0.006344096203011018,1.2719853654971982,4
tdc_pgp_broccatelli,127,3,4,near_duplicate_95pct_anchor,base_1,0.006975329760140037,0.006975329760140037,0.0,1.2719853654971982,4
tdc_pgp_broccatelli,127,1,8,near_duplicate_95pct_anchor,near_duplicate_95pct_anchor_1,0.006990149382983146,0.004296113877462426,0.0,1.2641224023824331,4
tdc_pgp_broccatelli,127,2,8,near_duplicate_95pct_anchor,near_duplicate_95pct_anchor_2,0.0007709181580026758,0.005994539658491949,0.005994539658491949,1.2641224023824331,4
tdc_pgp_broccatelli,127,3,8,near_duplicate_95pct_anchor,near_duplicate_95pct_anchor_1,0.007814460029650028,0.006644619302847321,0.0,1.2641224023824331,4
tdc_pgp_broccatelli,127,1,16,near_duplicate_95pct_anchor,near_duplicate_95pct_anchor_5,0.006990149382983146,0.004687161723316513,0.0003910478458540867,1.2585279492684467,4
tdc_pgp_broccatelli,127,2,16,near_duplicate_95pct_anchor,near_duplicate_95pct_anchor_6,0.0007709181580026758,0.0062423065997537774,0.0062423065997537774,1.2585279492684467,4
tdc_pgp_broccatelli,127,3,16,near_duplicate_95pct_anchor,near_duplicate_95pct_anchor_5,0.0080035731934468,0.006853213973467387,1.9481506823293415e-05,1.2585279492684467,4
tdc_pgp_broccatelli,127,1,32,near_duplicate_95pct_anchor,near_duplicate_95pct_anchor_5,0.006990149382983146,0.004687161723316513,0.0003910478458540867,1.2572259037399185,4
tdc_pgp_broccatelli,127,2,32,near_duplicate_95pct_anchor,near_duplicate_95pct_anchor_6,0.0007709181580026758,0.0062423065997537774,0.0062423065997537774,1.2572259037399185,4
tdc_pgp_broccatelli,127,3,32,near_duplicate_95pct_anchor,near_duplicate_95pct_anchor_5,0.0080035731934468,0.006853213973467387,1.9481506823293415e-05,1.2572259037399185,4
tdc_pgp_broccatelli,149,1,4,registered,logreg_l2_c0.1,0.0,0.0,0.0,1.3074157438689098,4
tdc_pgp_broccatelli,149,2,4,registered,logreg_l1_c1,0.005683792504343588,0.01593447505584511,0.010250682551501522,1.3074157438689098,4
tdc_pgp_broccatelli,149,3,4,registered,logreg_l2_c0.1,0.013970944744734148,0.013970944744734148,0.0,1.3074157438689098,4
tdc_pgp_broccatelli,149,1,8,registered,rf_120_d20_leaf2,0.0028517796548985785,0.0,0.0,1.6538167213616968,8
tdc_pgp_broccatelli,149,2,8,registered,rf_120_d20_leaf2,0.009369570613055211,0.0022710349962767884,0.0,1.6538167213616968,8
tdc_pgp_broccatelli,149,3,8,registered,rf_120_d20_leaf2,0.020094456515883152,0.0,0.0,1.6538167213616968,8
tdc_pgp_broccatelli,149,1,16,registered,et_120_d20_leaf2,0.0028517796548985785,0.0016244314489928247,0.0,1.6570034336659523,16
tdc_pgp_broccatelli,149,2,16,registered,et_60_sqrt,0.011218664681062251,0.0040704889550756684,0.0038719285182426955,1.6570034336659523,16
tdc_pgp_broccatelli,149,3,16,registered,et_90_d12,0.033921741160414576,0.010128037064305762,0.0005746404008115658,1.6570034336659523,16
tdc_pgp_broccatelli,149,1,32,registered,et_120_d20_leaf2,0.0028517796548985785,0.0016244314489928247,0.0,1.5393006707777037,32
tdc_pgp_broccatelli,149,2,32,registered,et_60_sqrt,0.011218664681062251,0.0040704889550756684,0.0038719285182426955,1.5393006707777037,32
tdc_pgp_broccatelli,149,3,32,registered,et_90_d12,0.033921741160414576,0.010128037064305762,0.0005746404008115658,1.5393006707777037,32
tdc_pgp_broccatelli,149,1,4,weak_added,logreg_l2_c0.1,0.0,0.0,0.0,1.3074157438689098,4
tdc_pgp_broccatelli,149,2,4,weak_added,logreg_l1_c1,0.005683792504343588,0.01593447505584511,0.010250682551501522,1.3074157438689098,4
tdc_pgp_broccatelli,149,3,4,weak_added,logreg_l2_c0.1,0.013970944744734148,0.013970944744734148,0.0,1.3074157438689098,4
tdc_pgp_broccatelli,149,1,8,weak_added,xgb_100_d3,0.0,0.016099920583351413,0.016099920583351413,1.862858023668992,8
tdc_pgp_broccatelli,149,2,8,weak_added,xgb_60_d3,0.005683792504343588,0.03302308265078202,0.027339290146438433,1.862858023668992,8
tdc_pgp_broccatelli,149,3,8,weak_added,cat_60_d4,0.014940650421103596,0.0,-0.014940650421103596,1.862858023668992,8
tdc_pgp_broccatelli,149,1,16,weak_added,lgbm_120_l15,0.0,0.013645224171539905,0.0,1.6943520882409362,16
tdc_pgp_broccatelli,149,2,16,weak_added,cat_60_d8,0.005683792504343588,0.010622983370563555,-0.01250930752047641,1.6943520882409362,16
tdc_pgp_broccatelli,149,3,16,weak_added,cat_60_d8,0.025050729972884378,0.015515290821915606,0.012875536480686844,1.6943520882409362,16
tdc_pgp_broccatelli,149,1,32,weak_added,et_120_d20_leaf2,0.0028517796548985785,0.0016244314489928247,0.0,1.5393006707777042,32
tdc_pgp_broccatelli,149,2,32,weak_added,et_60_sqrt,0.011218664681062251,0.0040704889550756684,0.0038719285182426955,1.5393006707777042,32
tdc_pgp_broccatelli,149,3,32,weak_added,et_90_d12,0.033921741160414576,0.010128037064305762,0.0005746404008115658,1.5393006707777042,32
tdc_pgp_broccatelli,149,1,4,complementary_strong_added,logreg_l2_c0.1,0.0,0.0,0.0,1.3074157438689098,4
tdc_pgp_broccatelli,149,2,4,complementary_strong_added,logreg_l1_c1,0.005683792504343588,0.01593447505584511,0.010250682551501522,1.3074157438689098,4
tdc_pgp_broccatelli,149,3,4,complementary_strong_added,logreg_l2_c0.1,0.013970944744734148,0.013970944744734148,0.0,1.3074157438689098,4
tdc_pgp_broccatelli,149,1,8,complementary_strong_added,et_120_d20_leaf2,0.0028517796548985785,0.0016244314489928247,0.0,1.6790083509211489,8
tdc_pgp_broccatelli,149,2,8,complementary_strong_added,rf_120_d20_leaf2,0.011020104244229278,0.0039215686274508554,0.0039215686274508554,1.6790083509211489,8
tdc_pgp_broccatelli,149,3,8,complementary_strong_added,et_120_d20_leaf2,0.02436834449692038,0.0,0.0,1.6790083509211489,8
tdc_pgp_broccatelli,149,1,16,complementary_strong_added,et_120_d20_leaf2,0.0028517796548985785,0.0016244314489928247,0.0,1.5512986832084656,16
tdc_pgp_broccatelli,149,2,16,complementary_strong_added,et_60_sqrt,0.01106974435343766,0.0039215686274510775,0.0038719285182426955,1.5512986832084656,16
tdc_pgp_broccatelli,149,3,16,complementary_strong_added,et_120_d20_leaf2,0.026280819580871584,0.001912475083951204,0.0,1.5512986832084656,16
tdc_pgp_broccatelli,149,1,32,complementary_strong_added,et_120_d20_leaf2,0.0028517796548985785,0.0016244314489928247,0.0,1.5393006707777044,32
tdc_pgp_broccatelli,149,2,32,complementary_strong_added,et_60_sqrt,0.011218664681062251,0.0040704889550756684,0.0038719285182426955,1.5393006707777044,32
tdc_pgp_broccatelli,149,3,32,complementary_strong_added,et_90_d12,0.033921741160414576,0.010128037064305762,0.0005746404008115658,1.5393006707777044,32
tdc_pgp_broccatelli,149,1,4,exact_duplicate,base_1,0.0,0.0,0.0,1.3074157438689094,4
tdc_pgp_broccatelli,149,2,4,exact_duplicate,base_4,0.005683792504343588,0.01593447505584511,0.010250682551501522,1.3074157438689094,4
tdc_pgp_broccatelli,149,3,4,exact_duplicate,base_1,0.013970944744734148,0.013970944744734148,0.0,1.3074157438689094,4
tdc_pgp_broccatelli,149,1,8,exact_duplicate,base_1,0.0,0.0,0.0,1.3074157438689096,4
tdc_pgp_broccatelli,149,2,8,exact_duplicate,base_4,0.005683792504343588,0.01593447505584511,0.010250682551501522,1.3074157438689096,4
tdc_pgp_broccatelli,149,3,8,exact_duplicate,base_1,0.013970944744734148,0.013970944744734148,0.0,1.3074157438689096,4
tdc_pgp_broccatelli,149,1,16,exact_duplicate,base_1,0.0,0.0,0.0,1.3074157438689098,4
tdc_pgp_broccatelli,149,2,16,exact_duplicate,base_4,0.005683792504343588,0.01593447505584511,0.010250682551501522,1.3074157438689098,4
tdc_pgp_broccatelli,149,3,16,exact_duplicate,base_1,0.013970944744734148,0.013970944744734148,0.0,1.3074157438689098,4
tdc_pgp_broccatelli,149,1,32,exact_duplicate,base_1,0.0,0.0,0.0,1.3074157438689102,4
tdc_pgp_broccatelli,149,2,32,exact_duplicate,base_4,0.005683792504343588,0.01593447505584511,0.010250682551501522,1.3074157438689102,4
tdc_pgp_broccatelli,149,3,32,exact_duplicate,base_1,0.013970944744734148,0.013970944744734148,0.0,1.3074157438689102,4
tdc_pgp_broccatelli,149,1,4,near_duplicate_95pct_anchor,base_1,0.0,0.0,0.0,1.3074157438689094,4
tdc_pgp_broccatelli,149,2,4,near_duplicate_95pct_anchor,base_4,0.005683792504343588,0.01593447505584511,0.010250682551501522,1.3074157438689094,4
tdc_pgp_broccatelli,149,3,4,near_duplicate_95pct_anchor,base_1,0.013970944744734148,0.013970944744734148,0.0,1.3074157438689094,4
tdc_pgp_broccatelli,149,1,8,near_duplicate_95pct_anchor,near_duplicate_95pct_anchor_1,0.0,0.00019312685004690966,0.0,1.2989424087860577,4
tdc_pgp_broccatelli,149,2,8,near_duplicate_95pct_anchor,near_duplicate_95pct_anchor_4,0.005683792504343588,0.015067014147431168,0.009851700173740374,1.2989424087860577,4
tdc_pgp_broccatelli,149,3,8,near_duplicate_95pct_anchor,near_duplicate_95pct_anchor_1,0.014277120333291538,0.013342431806346311,0.0,1.2989424087860577,4
tdc_pgp_broccatelli,149,1,16,near_duplicate_95pct_anchor,near_duplicate_95pct_anchor_5,0.0,0.00036910692368785636,0.0001759800736409467,1.2925730349429323,4
tdc_pgp_broccatelli,149,2,16,near_duplicate_95pct_anchor,near_duplicate_95pct_anchor_4,0.005960536113179482,0.015343757756267062,0.009851700173740374,1.2925730349429323,4
tdc_pgp_broccatelli,149,3,16,near_duplicate_95pct_anchor,near_duplicate_95pct_anchor_1,0.014490814732343482,0.013556126205398256,0.0,1.2925730349429323,4
tdc_pgp_broccatelli,149,1,32,near_duplicate_95pct_anchor,near_duplicate_95pct_anchor_5,0.0,0.00036910692368785636,0.0001759800736409467,1.2903485744221435,4
tdc_pgp_broccatelli,149,2,32,near_duplicate_95pct_anchor,near_duplicate_95pct_anchor_4,0.005960536113179482,0.015343757756267062,0.009851700173740374,1.2903485744221435,4
tdc_pgp_broccatelli,149,3,32,near_duplicate_95pct_anchor,near_duplicate_95pct_anchor_1,0.014524934006141632,0.013590245479196406,0.0,1.2903485744221435,4
