task,task_type,matrix_level,transformation,omission_type,omitted,n_matrix_rows,empirical_entropy_rank,empirical_participation_rank,empirical_median_correlation,ledoit_wolf_entropy_rank,ledoit_wolf_participation_rank,ledoit_wolf_median_correlation,ledoit_wolf_shrinkage_alpha
bace,classification,outer,raw,seed,11,27,1.4877607462144786,1.1485357824647489,0.9357012825245811,2.2430971542763705,1.3269399780282332,0.8680095680026202,0.07234329565021483
bace,classification,outer,raw,seed,23,27,1.5559281552365465,1.1725960694819013,0.9277797283296122,2.6075604385288713,1.421070290179589,0.8393710379240753,0.09529060369179353
bace,classification,outer,raw,seed,37,27,1.4904741577472278,1.148237177055172,0.934391047065829,2.397528608377544,1.3631431543080077,0.8545861475580748,0.0854084590796935
bace,classification,outer,raw,seed,53,27,1.5449443545597654,1.1683752338479299,0.9291222530176166,2.5290331236363564,1.400801748142766,0.8453421292167826,0.0901712595180361
bace,classification,outer,raw,seed,71,27,1.5002610042601991,1.1523711287051817,0.9365819628947059,2.361766173658832,1.3562478070854318,0.8604636470153941,0.08127245547634929
bace,classification,outer,raw,seed,83,27,1.5492467956265827,1.1675131576811026,0.927540929459165,2.5626164304061634,1.40713874731996,0.8415913918643156,0.09266387591646794
bace,classification,outer,raw,seed,97,27,1.5331677764489067,1.1628147206396169,0.9339006244404511,2.562085073608131,1.40653319466605,0.8457809807826908,0.09435655288329789
bace,classification,outer,raw,seed,113,27,1.5007683016955076,1.1525719235256213,0.936069058379132,2.3609995657767024,1.3560482396927258,0.8601362341441168,0.0811188272438982
bace,classification,outer,raw,seed,127,27,1.5295838520719613,1.1625913926294302,0.9301314664864634,2.4842268269746555,1.388000548751004,0.8481447542842018,0.08814529467749704
bace,classification,outer,raw,seed,149,27,1.6351539817624996,1.1978282028288763,0.9174687206727878,2.204970261338396,1.3297472506137196,0.8689043900737055,0.052932955102240324
bace,classification,outer,raw,outer_fold,1,20,1.5576733799184543,1.175642906729881,0.9259852074409591,2.367126080456441,1.36419228630558,0.8569818457715043,0.07451885960484364
bace,classification,outer,raw,outer_fold,2,20,1.4907007105198575,1.155519386842974,0.9334402243112083,2.8227530902413753,1.4710812124885169,0.8230453894599872,0.11826663558738583
bace,classification,outer,raw,outer_fold,3,20,1.4548541017781111,1.1404310872613623,0.9441755695843157,2.8209276797830936,1.4656842717837288,0.8284498761185249,0.12256798120368684
bace,classification,outer,row_centred,seed,11,27,10.525289458316953,6.960840693508477,-0.06409047113392621,19.963892157104485,12.72525399931964,-0.04158871882412124,0.3510935699440299
bace,classification,outer,row_centred,seed,23,27,10.274005792582663,6.7748498957326415,-0.07392793292886288,19.47713172512894,12.252371671531453,-0.048639478894230176,0.34206899926400613
bace,classification,outer,row_centred,seed,37,27,9.95886245422719,6.674988321429319,-0.06748191955589787,19.048705019554962,11.940423817455937,-0.04490439621542544,0.3345714450486342
bace,classification,outer,row_centred,seed,53,27,10.100979014042151,6.681817233029659,-0.044453976730493026,19.101089127653783,11.941295128023718,-0.029598341515752954,0.3341801185708076
bace,classification,outer,row_centred,seed,71,27,10.184242038885255,6.671690446036489,-0.033708276763943695,19.072654704764442,11.842344340540816,-0.022571091473252612,0.33039912923119436
bace,classification,outer,row_centred,seed,83,27,10.607489063711041,7.131394462214329,-0.09123477258541467,20.64764972092009,13.509654449939308,-0.05715737826460922,0.37351322697606293
bace,classification,outer,row_centred,seed,97,27,10.732744846459102,7.150266242369186,-0.04745638548241359,20.841817326546956,13.624931409269994,-0.029562571999486083,0.37705807766498783
bace,classification,outer,row_centred,seed,113,27,10.355952336594891,6.906541736184075,-0.0410759130456791,19.805571238172522,12.614014132169252,-0.02671496296565231,0.3496197409916725
bace,classification,outer,row_centred,seed,127,27,9.93035101909261,6.65412803861131,-0.0645515836868955,18.850750782543578,11.774585451587312,-0.04334856875623261,0.32846622374916706
bace,classification,outer,row_centred,seed,149,27,10.54260776259966,6.970088234516949,-0.07058602982175988,19.29619204998193,12.161611319169822,-0.04757358410868415,0.3260198338281037
bace,classification,outer,row_centred,outer_fold,1,20,9.56877663818851,6.8494306576889175,-0.09564973524152875,21.40483597136095,14.374354439391677,-0.055273305840612394,0.42212797870229674
bace,classification,outer,row_centred,outer_fold,2,20,8.58852684501417,5.972131976023683,-0.05356193643931771,19.807451159065277,12.48398059531235,-0.032078994583577006,0.4010859816481712
bace,classification,outer,row_centred,outer_fold,3,20,9.733524825116756,6.738833403497343,-0.04007181724891712,22.480118171906387,15.246335831686448,-0.021695859434814183,0.45857560439437023
bace,classification,outer,fixed_reference_relative,seed,11,27,5.3760419435652915,2.857813136209349,0.5639573941258804,8.330447513225042,3.7286509417294504,0.4860284981129958,0.13818224004966279
bace,classification,outer,fixed_reference_relative,seed,23,27,5.007281838304585,2.668937080420943,0.5907710471705688,7.552371652372175,3.3847384987188436,0.5179274819958096,0.12330253069041726
bace,classification,outer,fixed_reference_relative,seed,37,27,5.6254820882601955,3.0316442360520486,0.5132450705783532,9.041312001295601,4.081812675406671,0.4339371252232258,0.15452256612179185
bace,classification,outer,fixed_reference_relative,seed,53,27,5.245802878351014,2.8032212988684004,0.5644859840198142,7.988522210488147,3.598147347634263,0.4911708659511383,0.129879430391849
bace,classification,outer,fixed_reference_relative,seed,71,27,5.0368711638084624,2.6760923934385983,0.5901772266347545,7.5315231231534225,3.3774787729265294,0.5187901937474404,0.12095863694092324
bace,classification,outer,fixed_reference_relative,seed,83,27,5.337302207477464,2.846100892702695,0.5515827805225261,8.354939715912721,3.7370362793215244,0.47368479720997564,0.1412262783815622
bace,classification,outer,fixed_reference_relative,seed,97,27,5.413714551179429,2.8368327838607574,0.5580659040036169,8.46267489879506,3.73685564549289,0.4784057842540461,0.1427432121870945
bace,classification,outer,fixed_reference_relative,seed,113,27,5.181809809046285,2.724945420669703,0.5796116321625165,7.9312972945701485,3.5081855009170058,0.5037031867567869,0.1309643236843215
bace,classification,outer,fixed_reference_relative,seed,127,27,5.093871129435543,2.7475283052169854,0.5646115291274875,7.740157327855361,3.502084743616927,0.49337730061383783,0.12616502646293862
bace,classification,outer,fixed_reference_relative,seed,149,27,5.366399563896854,2.856662480243886,0.5474058135501406,8.026793774733456,3.6310733130841366,0.4788091547999407,0.12531225838710747
bace,classification,outer,fixed_reference_relative,outer_fold,1,20,4.921991026635399,2.720765486561492,0.5764729075134781,8.493399474442443,3.7573143309275743,0.4814784203795422,0.16478569226033415
bace,classification,outer,fixed_reference_relative,outer_fold,2,20,5.506814376163924,3.1777812705391115,0.4668419371461529,10.855304703973394,4.982496182824574,0.3605332378494124,0.22771882908938168
bace,classification,outer,fixed_reference_relative,outer_fold,3,20,4.345822862562676,2.3690947051045828,0.6486975910319273,7.088000711334914,3.098416416998695,0.5599644934064028,0.13678653790647052
bace,classification,outer,within_unit_rank,seed,11,27,13.16001511995152,9.27386590485898,-0.05204407202428432,26.247366404541594,20.75636774644461,-0.024469017455696455,0.5298404505266433
bace,classification,outer,within_unit_rank,seed,23,27,12.858049712138266,8.891295542915689,-0.05966867451659165,25.263533360007656,19.181156170059936,-0.030257159325344774,0.4929138350989952
bace,classification,outer,within_unit_rank,seed,37,27,12.698373932368586,8.913145766596452,-0.04295116655722034,25.129172428971707,19.10507036659003,-0.021925184437095298,0.48953227130894944
bace,classification,outer,within_unit_rank,seed,53,27,13.004379954057022,8.980700773232668,-0.041645638490597894,25.361223783650296,19.34514040859345,-0.021038816768283154,0.4948134419158208
bace,classification,outer,within_unit_rank,seed,71,27,12.957238079309098,9.044091224460404,-0.0376804520339252,25.282137323628007,19.294933786939655,-0.01919190769841945,0.4906667340099791
bace,classification,outer,within_unit_rank,seed,83,27,12.939000179668906,9.1095131887952,-0.04412780149683044,25.31467034710581,19.425465168620693,-0.022397142405327426,0.49244826060649916
bace,classification,outer,within_unit_rank,seed,97,27,13.72648555775833,9.883222149323663,-0.03908371825377383,27.437796916162824,22.825408740277535,-0.016564117611373975,0.5761887980099087
bace,classification,outer,within_unit_rank,seed,113,27,13.523225128274563,9.830019375948815,-0.04958946884578182,27.1060678051564,22.3242207351439,-0.021738962270746773,0.5616213930753579
bace,classification,outer,within_unit_rank,seed,127,27,12.539903477571261,8.61702961398195,-0.048213507994774474,24.3288201174528,17.886194469138154,-0.025999247304700827,0.4607476538002854
bace,classification,outer,within_unit_rank,seed,149,27,13.085162254977998,9.139646864055198,-0.05762611072445043,25.483317920285312,19.598902605799488,-0.028983893927627305,0.49703539657189477
bace,classification,outer,within_unit_rank,outer_fold,1,20,11.04827070350891,8.053262222588572,-0.043459389898669876,25.756930791859872,19.967230385583235,-0.01956456753284643,0.5498195538763142
bace,classification,outer,within_unit_rank,outer_fold,2,20,11.580793933439422,8.889218086459838,-0.046371118834802105,28.095476312083267,24.05625800469474,-0.01652610714856836,0.6436120679459366
bace,classification,outer,within_unit_rank,outer_fold,3,20,11.260624448858115,8.153064891581046,-0.06277978655510286,26.49753338439483,21.057759277696963,-0.026461292493059455,0.5785061730046833
bace,classification,inner,raw,seed,11,81,1.884261512952307,1.2749755607837225,0.9029433127613979,2.2645348786910997,1.3629307429664357,0.8720713376129358,0.034190380184608134
bace,classification,inner,raw,seed,23,81,1.8378149631206844,1.2591758206061836,0.9041183501287833,2.191577343541039,1.3410357114346407,0.8749218977883988,0.03229273284435102
bace,classification,inner,raw,seed,37,81,1.9161833062788052,1.2876288349089764,0.8953190330567707,2.306418111647362,1.377744585408004,0.864272552231264,0.034676444573626806
bace,classification,inner,raw,seed,53,81,1.9859267287850157,1.3101669833384924,0.8870622132721635,2.3939608136982717,1.4043349794783357,0.8554896001931143,0.035592332315210806
bace,classification,inner,raw,seed,71,81,1.9314544221097445,1.288491678307456,0.8879760332205107,2.3441575324113617,1.3840376177848805,0.8554438151222236,0.03663636954287958
bace,classification,inner,raw,seed,83,81,1.9024015037235644,1.2814130280880842,0.8960965802734058,2.259591757850081,1.3638283911806657,0.8674334261251693,0.03198667953792582
bace,classification,inner,raw,seed,97,81,1.9632939101277325,1.3021674942894474,0.8935747605835498,2.2845086189940167,1.375969811683919,0.8682347852698287,0.02835798013942543
bace,classification,inner,raw,seed,113,81,1.8488779684270655,1.262529658194718,0.9056410473320959,2.1860955945858165,1.3405504144244431,0.87777545524283,0.03076891465040626
bace,classification,inner,raw,seed,127,81,1.8753794029589954,1.2719094940174598,0.8998154940840253,2.2460675079519574,1.3577192187804485,0.8696997516759268,0.03346879733245214
bace,classification,inner,raw,seed,149,81,1.909036229560589,1.284962242331978,0.8953444383784197,2.2958502485778536,1.374295468063859,0.8644955929320199,0.034454723929788246
bace,classification,inner,raw,outer_fold,1,60,1.8583072458401224,1.2689005323450018,0.8993297099556465,2.4033442916702463,1.3953055501740037,0.8558606211763174,0.04833498582124334
bace,classification,inner,raw,outer_fold,2,60,2.0826939392212855,1.348002328517447,0.8749632240623754,2.5725312450023488,1.4605360701999275,0.8390354100489436,0.041062084697253864
bace,classification,inner,raw,outer_fold,3,60,1.7823772325267977,1.2442911993244765,0.9147189617741289,2.2149085957166053,1.344773047780097,0.8784430197704652,0.0396580190415048
bace,classification,inner,raw,inner_fold,1,60,2.02112274011033,1.3324769850269247,0.8884366440847777,2.563209767296357,1.4575308993422862,0.8477350851320129,0.045812562126693886
bace,classification,inner,raw,inner_fold,2,60,1.771008165004555,1.2396233475172487,0.9123184912179698,2.1837393273956343,1.3351436764910052,0.8777119111356659,0.037932564576328244
bace,classification,inner,raw,inner_fold,3,60,1.9123625226120933,1.2826078309655589,0.8903436058592917,2.4517965514720474,1.4076774881427787,0.8481390478472148,0.047402550806600496
bace,classification,inner,row_centred,seed,11,81,13.321095542035456,8.448748696040756,-0.10388606812661366,17.658744241124015,11.07907855128972,-0.08550373693900358,0.1769470297519219
bace,classification,inner,row_centred,seed,23,81,13.072639720318733,8.128308152919308,-0.11103008815283444,17.707607356358874,10.916959497662992,-0.09003573965869235,0.18908701995483482
bace,classification,inner,row_centred,seed,37,81,12.776582055542777,7.873076043530967,-0.10972746445105426,17.185618639003767,10.439139606225753,-0.09008184657278161,0.17904011522143481
bace,classification,inner,row_centred,seed,53,81,13.111742388674939,8.154659297011062,-0.09471859601590932,17.75011663153162,10.951758242714542,-0.07678959622074591,0.18928700961901881
bace,classification,inner,row_centred,seed,71,81,13.022219158070403,8.00692258548377,-0.11160021541895665,17.575559556702775,10.721619867961026,-0.090822603881429,0.18617895547536975
bace,classification,inner,row_centred,seed,83,81,13.162635377088938,8.193495925440185,-0.10409123242340801,17.693893235710973,10.91725692042236,-0.08486092313644807,0.18474475553077857
bace,classification,inner,row_centred,seed,97,81,13.188681485749742,8.304243161180665,-0.10067062171337424,17.942480902517136,11.214342898874545,-0.08113578656829294,0.19404702993391873
bace,classification,inner,row_centred,seed,113,81,13.501293318197488,8.476744376778692,-0.08755879167758321,18.325846045260263,11.490238434910637,-0.07022332263520856,0.19798661802242418
bace,classification,inner,row_centred,seed,127,81,13.248066026156357,8.216519511655765,-0.09583380515396585,18.026884988786296,11.145153945933506,-0.07705226885528564,0.19598028345536264
bace,classification,inner,row_centred,seed,149,81,12.860682314632468,7.967471088961777,-0.10837046624213495,17.396506328828547,10.639214962354272,-0.08841486051911657,0.18414247363696915
bace,classification,inner,row_centred,outer_fold,1,60,12.321561181046457,7.6663316119421365,-0.10015892530949547,18.345699264465722,11.308048049499215,-0.07604778547480828,0.24072881932571347
bace,classification,inner,row_centred,outer_fold,2,60,12.141757714325893,7.5031931326617975,-0.08746587580760168,18.104239891144296,11.049268893100797,-0.0666560835850781,0.23791898303629624
bace,classification,inner,row_centred,outer_fold,3,60,13.232364735998097,8.546982297068322,-0.08708384096431693,18.814700866715768,12.086765907742224,-0.06747772883072903,0.22514064511258305
bace,classification,inner,row_centred,inner_fold,1,60,12.28440661983648,7.688603102932825,-0.07865159833211016,18.15577356544688,11.180393397938058,-0.06035788790237591,0.23259171863854783
bace,classification,inner,row_centred,inner_fold,2,60,12.77708769547905,8.1882457643582,-0.10524383984733554,19.272779848532718,12.348172556816134,-0.07785680004923065,0.2602246348843977
bace,classification,inner,row_centred,inner_fold,3,60,12.542810156306745,7.771408941673788,-0.1084028299353539,17.934539718888438,10.991625108183642,-0.08487732757597143,0.21701926391969606
bace,classification,inner,fixed_reference_relative,seed,11,81,4.687297175546357,2.3256350915814554,0.662430539461266,5.599466919330892,2.562217078389646,0.6284983397091299,0.05122378533412981
bace,classification,inner,fixed_reference_relative,seed,23,81,4.788748552846253,2.3939779136436865,0.644993559994843,5.739985779293235,2.6447215800326704,0.6109612860896159,0.05276374217674234
bace,classification,inner,fixed_reference_relative,seed,37,81,4.930909681569574,2.4638622735881004,0.6285381415263326,5.973153518963458,2.742699405560792,0.5928140448420801,0.056836800066740446
bace,classification,inner,fixed_reference_relative,seed,53,81,5.031319811612794,2.4919064108124354,0.6300212359314165,6.028175727344585,2.758998314316422,0.5959382960886025,0.05409808098361307
bace,classification,inner,fixed_reference_relative,seed,71,81,5.1783403569338695,2.569980510100392,0.6118353366916864,6.223549420497892,2.8548765640178364,0.5775888534678931,0.05597336598597016
bace,classification,inner,fixed_reference_relative,seed,83,81,5.070056195447584,2.503931045512979,0.615175939439518,6.0841264933299195,2.7760531244776705,0.5814508820395901,0.054821808262940336
bace,classification,inner,fixed_reference_relative,seed,97,81,4.995666565448231,2.4711070807162536,0.6325928679231136,5.987494361173234,2.736003852283246,0.5983923664093873,0.05406400111024181
bace,classification,inner,fixed_reference_relative,seed,113,81,4.76136283156041,2.3532655765296795,0.6596515486124395,5.690585931598085,2.595990528948623,0.6253897643982931,0.05193921591818523
bace,classification,inner,fixed_reference_relative,seed,127,81,4.89126890881013,2.426726412814053,0.641564328249332,5.865077346089884,2.6852412374541315,0.6071351769791157,0.053664379009607806
bace,classification,inner,fixed_reference_relative,seed,149,81,4.903203626054374,2.450603118565817,0.6327958577767262,5.9167615786691385,2.720770233937668,0.5977085991396057,0.05544799038412865
bace,classification,inner,fixed_reference_relative,outer_fold,1,60,5.9467515998388425,3.0128135675745056,0.5510804063364454,7.687509507911983,3.532934169597892,0.5041500799507049,0.08516057883046621
bace,classification,inner,fixed_reference_relative,outer_fold,2,60,4.435778265226355,2.279320267922848,0.6637201967291128,5.685752325106163,2.604755534042779,0.6173474713985266,0.06986788342303896
bace,classification,inner,fixed_reference_relative,outer_fold,3,60,4.349025395138635,2.1922869646392367,0.6858212257106518,5.448820140944441,2.4730801126352104,0.6425598427158931,0.06307967932886722
bace,classification,inner,fixed_reference_relative,inner_fold,1,60,4.537838215086804,2.3131621729060337,0.6555456897885467,5.890184638857912,2.667516012981411,0.6066713366805412,0.07455521997829123
bace,classification,inner,fixed_reference_relative,inner_fold,2,60,4.903445011157799,2.473797598214673,0.634834091551092,6.173269416838498,2.8142672697741284,0.5916329290101403,0.06805110676302568
bace,classification,inner,fixed_reference_relative,inner_fold,3,60,4.996971386014941,2.4989657940901386,0.6249183006519876,6.4231842116311375,2.886559518855321,0.5774838316532248,0.07590507262993233
bace,classification,inner,within_unit_rank,seed,11,81,16.962036633347164,11.213565735580302,-0.08113099352347727,22.84635978014569,16.206995171558102,-0.058823355631374,0.27495827332187206
bace,classification,inner,within_unit_rank,seed,23,81,17.02759084400886,11.40238849904263,-0.08434794798513455,23.17817959298231,16.691133684260073,-0.060102509375445645,0.28744550624944565
bace,classification,inner,within_unit_rank,seed,37,81,16.53980315725043,10.801123093567814,-0.08025921211009511,22.189420065470955,15.38929589134871,-0.05951926634366988,0.25841202799219265
bace,classification,inner,within_unit_rank,seed,53,81,16.893359698842055,11.210313631390378,-0.08517257252552021,22.965959057642433,16.370435486407462,-0.0611122114675206,0.28248954263757176
bace,classification,inner,within_unit_rank,seed,71,81,16.755142879009323,10.781423753600853,-0.0827850069648695,22.471071385981094,15.52664450926362,-0.06078324169494253,0.2657699271471178
bace,classification,inner,within_unit_rank,seed,83,81,16.654257154658833,10.971480899534692,-0.08173025052827886,22.47235098290482,15.757929526088908,-0.059935237355682916,0.26667008888042965
bace,classification,inner,within_unit_rank,seed,97,81,16.952875293362546,11.214927885083128,-0.08229762259714185,22.965147435218736,16.336142804075493,-0.05919490955550796,0.28072151190472194
bace,classification,inner,within_unit_rank,seed,113,81,17.315767362381898,11.58471884038269,-0.06954472162817352,23.189356141015356,16.684403599819326,-0.05019273401299354,0.27826680676999366
bace,classification,inner,within_unit_rank,seed,127,81,17.37892694185798,11.650583477357305,-0.07232077650097124,23.66671283553414,17.265729578096813,-0.050551353558417875,0.3010120188941963
bace,classification,inner,within_unit_rank,seed,149,81,16.55797586102683,10.924958513333376,-0.08425774226433114,22.35250453453871,15.655237300531406,-0.0619861951525286,0.26432641693546527
bace,classification,inner,within_unit_rank,outer_fold,1,60,15.937799555553472,10.6458280958368,-0.0823337725117749,23.880012277759334,17.50628630102717,-0.05289555742353151,0.3575472639011324
bace,classification,inner,within_unit_rank,outer_fold,2,60,15.592277461774806,9.957413130768112,-0.07539923915474542,22.81516031287959,15.842805902943962,-0.051177122852332876,0.321251468502226
bace,classification,inner,within_unit_rank,outer_fold,3,60,16.574149803941605,11.450210062837677,-0.06434475616676838,24.351262759086964,18.371999562209908,-0.04136700219770617,0.35710375387092297
bace,classification,inner,within_unit_rank,inner_fold,1,60,16.187110827449022,10.780287399098338,-0.057785106787762365,23.541001565678602,17.032735879428195,-0.0386091594008909,0.33184930257726036
bace,classification,inner,within_unit_rank,inner_fold,2,60,16.34920968616993,11.145584623710075,-0.0658043548663057,24.442725731671494,18.361002479725656,-0.0414619843499581,0.3699203580948985
bace,classification,inner,within_unit_rank,inner_fold,3,60,15.498510258679541,10.016146801705164,-0.10202129089157405,22.75940478666571,15.877710072460154,-0.06939188371672164,0.31982938943137074
bbbp,classification,outer,raw,seed,11,27,1.7781543458571656,1.240233795154879,0.9090954409848552,2.3735134541574383,1.3768689420865272,0.8608911435459801,0.05302446285139613
bbbp,classification,outer,raw,seed,23,27,1.7400221193529624,1.229618247307973,0.9128389224290638,2.262529643870561,1.3494413977837707,0.8696711024149715,0.047289635611968604
bbbp,classification,outer,raw,seed,37,27,1.7611787105427943,1.235890757670838,0.9123624494940706,2.305982106081685,1.3606345528246873,0.8677695524334732,0.048876295912140814
bbbp,classification,outer,raw,seed,53,27,1.795051953558239,1.2442732172682793,0.9053946443779908,2.3915880796648072,1.3810854475843377,0.8574670127730846,0.052935625257461774
bbbp,classification,outer,raw,seed,71,27,1.6942932128863009,1.2114884583581038,0.9174096840277277,2.1724734724910353,1.3211650430707933,0.8769392494185565,0.04411380794618693
bbbp,classification,outer,raw,seed,83,27,1.76335714466017,1.2354577675126828,0.9080176535988401,2.373680677643271,1.3757074229843596,0.8585251219262755,0.05450613374795719
bbbp,classification,outer,raw,seed,97,27,1.8490951229363002,1.26691693488585,0.9017251940782873,2.39922976131896,1.3919735249978349,0.8585140092265544,0.04792056952107464
bbbp,classification,outer,raw,seed,113,27,1.7547057917638456,1.232810725629113,0.9116711280322429,2.275934845635325,1.3522358098972398,0.86879172160209,0.04703385366903525
bbbp,classification,outer,raw,seed,127,27,1.7482748282004683,1.233962355504047,0.9133699427656178,2.2989976018741056,1.3600954414691238,0.8682022343446678,0.04945171316256114
bbbp,classification,outer,raw,seed,149,27,1.8397528241621028,1.2637826198841313,0.9023535550519644,2.411765214115319,1.3940756469688376,0.8573285635752557,0.04989728385800612
bbbp,classification,outer,raw,outer_fold,1,20,1.9181126601427447,1.2984784431608087,0.8862040395068094,2.852433411297322,1.5112530724244533,0.8186011245061215,0.07628369087361657
bbbp,classification,outer,raw,outer_fold,2,20,1.6978152120377812,1.2220155047664314,0.9210844315511568,2.3701107083284962,1.3760456211195067,0.8658286051067386,0.059989968944936266
bbbp,classification,outer,raw,outer_fold,3,20,1.6314562350485455,1.199689328490469,0.9199377381030814,2.193321154071635,1.3280833679432298,0.8725153435668238,0.051549569685056154
bbbp,classification,outer,row_centred,seed,11,27,12.363810958618505,9.012781856765912,-0.05584414633101529,24.995405157772836,19.223360586267933,-0.02850739546957644,0.48951864532767075
bbbp,classification,outer,row_centred,seed,23,27,11.883890146211511,8.497713542411637,-0.06114880536068752,23.850747503604058,17.567282146299828,-0.033327730072360624,0.4549733248952897
bbbp,classification,outer,row_centred,seed,37,27,12.12787734517061,8.762279047936392,-0.05547396747026906,24.640888243827188,18.6546723879491,-0.02881189397553103,0.4806231591246362
bbbp,classification,outer,row_centred,seed,53,27,12.254725004540408,8.831861875725997,-0.06066722260215546,25.00252899284871,19.14649096858707,-0.030690286187934672,0.49412079749890714
bbbp,classification,outer,row_centred,seed,71,27,12.220030333153705,8.860816765404483,-0.04551790227950342,25.062287123468963,19.249326480246175,-0.022924712511738967,0.4963583257644572
bbbp,classification,outer,row_centred,seed,83,27,12.372517214628797,9.065742005126296,-0.06750739714282263,25.34833807885553,19.74566743251334,-0.03343640803942066,0.5047000854042613
bbbp,classification,outer,row_centred,seed,97,27,11.940451826582075,8.72707906389821,-0.05363461970041139,24.436481190133748,18.479255315707395,-0.028093916470777483,0.47619808571958633
bbbp,classification,outer,row_centred,seed,113,27,12.371725104315443,8.885920724052621,-0.048979097550633365,24.836018210950197,18.8798740948427,-0.02531588716413069,0.48312875430259306
bbbp,classification,outer,row_centred,seed,127,27,11.795655424465542,8.34421111157876,-0.05406649937383838,23.53040739186045,17.089746213813154,-0.029993481966277623,0.4452483087745301
bbbp,classification,outer,row_centred,seed,149,27,11.860328990467991,8.569064572878004,-0.059431924287851864,23.88687962591536,17.690574195414847,-0.03232450069023851,0.4561087988051939
bbbp,classification,outer,row_centred,outer_fold,1,20,10.078593045896538,7.00836211434166,-0.03935923620466317,23.298678718456067,16.252370601667877,-0.02051666669834915,0.47873310875076397
bbbp,classification,outer,row_centred,outer_fold,2,20,11.363645604705804,8.846189294424208,-0.03439432619536563,27.926236225658997,23.839628672829296,-0.01243823901754213,0.6383636374531423
bbbp,classification,outer,row_centred,outer_fold,3,20,10.178589055790123,7.500168115516307,-0.07908654717638537,24.067264506501456,17.696089649781964,-0.03934099112461345,0.5025577354278483
bbbp,classification,outer,fixed_reference_relative,seed,11,27,3.8350947157408974,2.0127923504235814,0.7282943904530494,5.331502383843395,2.3776509769155783,0.6658583428691538,0.08572913426541136
bbbp,classification,outer,fixed_reference_relative,seed,23,27,4.091118377162437,2.1338462516955112,0.7070640632458696,5.801278989892872,2.5614241206193626,0.6405588581710444,0.09405824525931125
bbbp,classification,outer,fixed_reference_relative,seed,37,27,4.0182536016783,2.1006371613086716,0.7225989883537696,5.666151468801501,2.509397502513304,0.6564396774744649,0.09155743634519793
bbbp,classification,outer,fixed_reference_relative,seed,53,27,4.455785571605632,2.2755855721028837,0.6809411084167827,6.237888151606823,2.730055637003645,0.6167473258238836,0.0942721504098236
bbbp,classification,outer,fixed_reference_relative,seed,71,27,4.0323239177698955,2.103536089554706,0.7088005648275897,5.570817854397099,2.483303914784298,0.6480542382136931,0.08570298844029968
bbbp,classification,outer,fixed_reference_relative,seed,83,27,4.0884162169970875,2.1132601547622807,0.7020429075645569,5.842111913040524,2.5505815556452958,0.6341733133852917,0.09667442466545255
bbbp,classification,outer,fixed_reference_relative,seed,97,27,3.9022923854629616,2.063025988609396,0.7177936589744981,5.420823296779488,2.4358802425110913,0.6563082537269707,0.08565888605838429
bbbp,classification,outer,fixed_reference_relative,seed,113,27,4.145138974387433,2.1433282639036535,0.7045658460249877,5.759802345657202,2.544970740656679,0.64206786481181,0.08870424470016211
bbbp,classification,outer,fixed_reference_relative,seed,127,27,3.912826788512557,2.067222147815703,0.722917436444202,5.5793690351680505,2.4804674290919353,0.6552267893609647,0.09363537752829136
bbbp,classification,outer,fixed_reference_relative,seed,149,27,3.9520215620657386,2.08243489573316,0.7151160276492299,5.50530820083681,2.4653532097079935,0.6528719998765579,0.08704045968216381
bbbp,classification,outer,fixed_reference_relative,outer_fold,1,20,4.204666440724358,2.2648241671879754,0.672614381915209,6.463317409459472,2.8416066535761497,0.5944268528845024,0.11624421233467366
bbbp,classification,outer,fixed_reference_relative,outer_fold,2,20,3.563884037068209,1.9469793475481838,0.7531786959921728,5.612333959718722,2.4472222835723327,0.6659943214381571,0.11575523181675582
bbbp,classification,outer,fixed_reference_relative,outer_fold,3,20,3.7559682339770677,2.061616464289787,0.7139736770060247,6.140358889263031,2.6623636771419794,0.6217232729401797,0.12920701005769245
bbbp,classification,outer,within_unit_rank,seed,11,27,13.891867653001109,10.427883659711382,-0.024609828556895398,28.67138641786303,25.16896685303894,-0.008913962483003315,0.6377885176081114
bbbp,classification,outer,within_unit_rank,seed,23,27,13.881119117830968,10.38173906302597,-0.028094146039605142,28.465579054409318,24.779536317386945,-0.010509364839370004,0.6259233213725506
bbbp,classification,outer,within_unit_rank,seed,37,27,13.91931111473687,10.475409393485839,-0.027658104666768962,28.457927269146786,24.79830718388626,-0.010397926588632606,0.6240549844644396
bbbp,classification,outer,within_unit_rank,seed,53,27,13.803408188621338,10.383123834866005,-0.0386209434344108,28.333982207553767,24.58666598505155,-0.014697632750522428,0.6194387955466929
bbbp,classification,outer,within_unit_rank,seed,71,27,13.878546333766323,10.435702055046718,-0.016293563726554938,28.678569377636467,25.189951972150375,-0.0058934645427783875,0.6382949340190496
bbbp,classification,outer,within_unit_rank,seed,83,27,14.380388157320121,11.098596652261673,-0.024352325242328537,29.493144976825494,26.825466244427744,-0.0077937903496011224,0.679957036051154
bbbp,classification,outer,within_unit_rank,seed,97,27,13.816610090979886,10.611712597661006,-0.01603576065872485,29.017696540319196,25.906787363104822,-0.005477856944556667,0.6583974367579355
bbbp,classification,outer,within_unit_rank,seed,113,27,13.945778575026392,10.418914911139474,-0.030591255471873594,28.55732815753102,24.94082744686026,-0.01130819732120346,0.6303454321578756
bbbp,classification,outer,within_unit_rank,seed,127,27,13.700693162232263,10.13576411779067,-0.02643000375985259,28.183992880415357,24.227672401034514,-0.010192436696864728,0.6143611332985459
bbbp,classification,outer,within_unit_rank,seed,149,27,13.786248352659047,10.335608920383429,-0.02238367798536934,28.354835578761193,24.606926025834834,-0.008474421947283033,0.6214017216999737
bbbp,classification,outer,within_unit_rank,outer_fold,1,20,11.396718490206522,8.608746631202585,-0.021674994894268614,27.617517388861227,23.10813710091631,-0.008156730839262112,0.6236801494509725
bbbp,classification,outer,within_unit_rank,outer_fold,2,20,12.29011122765396,9.815300069242912,-0.028555695940707462,30.58231058755695,28.980439445430946,-0.006131082337754563,0.7852938919616936
bbbp,classification,outer,within_unit_rank,outer_fold,3,20,12.174811420673114,9.671243759605451,-0.02215536879144638,29.54237834169814,26.87648351507646,-0.006366279890187922,0.7126529488127601
bbbp,classification,inner,raw,seed,11,81,1.9897984346241036,1.305154910712097,0.872563847276988,2.4598781458593115,1.414663480842197,0.8366148774051467,0.04119924287950694
bbbp,classification,inner,raw,seed,23,81,2.221977648496222,1.3906919502568431,0.8498126829426313,2.833338762387508,1.5333690407481444,0.807422399686106,0.04988191410575515
bbbp,classification,inner,raw,seed,37,81,2.0527748194042403,1.3335664705134975,0.8680333044921802,2.567304156079053,1.453390600133205,0.829855389761115,0.04398208517287294
bbbp,classification,inner,raw,seed,53,81,2.051476416791353,1.3312577041872027,0.8695340892233436,2.5246005701142855,1.441337831151049,0.8341688582503519,0.04067147155159792
bbbp,classification,inner,raw,seed,71,81,2.1069598574484,1.3488673426460394,0.8628852478462197,2.663755045979985,1.4785790565252113,0.8224215839020832,0.04689344735598943
bbbp,classification,inner,raw,seed,83,81,2.060997540632785,1.3361585711298856,0.8707263656674146,2.5842638632819663,1.4582062128909186,0.8318312159785601,0.04466977367687858
bbbp,classification,inner,raw,seed,97,81,2.06237923688834,1.3360530164174917,0.8691574898552333,2.5558909155754765,1.450878004981915,0.8324922768530498,0.04218477483095776
bbbp,classification,inner,raw,seed,113,81,2.2537006323325053,1.3992032191863963,0.8444197605245363,2.7475611829895388,1.5136659810531696,0.8103450710182336,0.040352785544876
bbbp,classification,inner,raw,seed,127,81,1.9781819640076104,1.306700877630388,0.8765974909319211,2.4350536803526754,1.4130486010044694,0.8415037884771012,0.040033998292090846
bbbp,classification,inner,raw,seed,149,81,2.1272587076289433,1.3567264300599642,0.8596963023726711,2.606497724897716,1.467978422760459,0.8249764791866478,0.04038614926015176
bbbp,classification,inner,raw,outer_fold,1,60,2.1404047194539255,1.3680048342065902,0.8538719988786814,2.9766739617731717,1.563286554492505,0.7962116485686703,0.06752809599768016
bbbp,classification,inner,raw,outer_fold,2,60,2.4509590392776066,1.4707637116897554,0.8233382374035034,3.2033745652690566,1.6455210337315471,0.776160327459181,0.05730076389152535
bbbp,classification,inner,raw,outer_fold,3,60,1.8046636034757413,1.2512280785928154,0.9002122845981197,2.30451291076732,1.3681191274461324,0.8592591456334384,0.04549275728109319
bbbp,classification,inner,raw,inner_fold,1,60,2.2713336329577296,1.4225991864473782,0.8407567232853795,3.0290280842433055,1.5991073974195489,0.7907072034480479,0.059529134232499545
bbbp,classification,inner,raw,inner_fold,2,60,2.0908203641015923,1.3407850674905117,0.862876363249645,2.822775335538853,1.51172485361914,0.8103594308934788,0.06086263871962428
bbbp,classification,inner,raw,inner_fold,3,60,1.8989512117898797,1.2811826556738348,0.8891537342869786,2.4820617448755224,1.4171865517019406,0.8435393426302913,0.0513009054539549
bbbp,classification,inner,row_centred,seed,11,81,12.556575622819425,7.1529153304048165,-0.09302668583974304,15.633515769786495,8.798234779450137,-0.08105393649067073,0.12870230989092454
bbbp,classification,inner,row_centred,seed,23,81,12.484557538978049,6.97848934512143,-0.08265642482801525,15.434449712281644,8.53087285346028,-0.0724022891692945,0.12405733347476186
bbbp,classification,inner,row_centred,seed,37,81,12.229315771741806,6.9077916398513635,-0.09089039408669289,15.175036844709709,8.436383425560178,-0.07970048741380525,0.12311429370868937
bbbp,classification,inner,row_centred,seed,53,81,12.32547305350005,6.937587820053023,-0.07740105396850064,15.267050577671828,8.469524169802755,-0.06787745276080377,0.12304226776514741
bbbp,classification,inner,row_centred,seed,71,81,12.639229561986516,7.2822882439901635,-0.084767081742527,15.746111435501389,8.96701281899556,-0.07374087226220359,0.13007654921770917
bbbp,classification,inner,row_centred,seed,83,81,12.263317989265452,6.845611893098838,-0.08596705059567587,15.146554640211217,8.337546933948579,-0.07555131398897143,0.12115963656462092
bbbp,classification,inner,row_centred,seed,97,81,12.361335545435413,7.006393266996006,-0.08966638643593558,15.38876180613194,8.599436685476036,-0.07831421727749599,0.126604512679347
bbbp,classification,inner,row_centred,seed,113,81,12.340429388617292,7.127856553515733,-0.0863201065049377,15.451853028570886,8.782336783711335,-0.07513443866454111,0.12958357320558564
bbbp,classification,inner,row_centred,seed,127,81,12.318066687222014,7.000447393135713,-0.08226621731110872,15.355014368322351,8.598356685981797,-0.07181807457067704,0.12700404955924519
bbbp,classification,inner,row_centred,seed,149,81,12.33061386429007,7.043979538267134,-0.08279128206924521,15.364866390374877,8.644071639480325,-0.07230117791054168,0.12670541990073084
bbbp,classification,inner,row_centred,outer_fold,1,60,11.62142083854272,6.691016262613406,-0.09242342471281531,15.602161366558205,8.751197635613789,-0.07745639735378622,0.16193976154352321
bbbp,classification,inner,row_centred,outer_fold,2,60,12.219013617287033,7.296703504500183,-0.09588830438900997,16.409548034821043,9.608799547335888,-0.07955283396546596,0.17035936267339225
bbbp,classification,inner,row_centred,outer_fold,3,60,11.79941034317552,6.644367165416333,-0.0790377438426504,15.649059880909538,8.642415180273845,-0.06651514215468847,0.15843824834995443
bbbp,classification,inner,row_centred,inner_fold,1,60,10.888059299720075,6.064480648562422,-0.08202399778108041,14.259901379358194,7.665616825250146,-0.07066866434960414,0.13843916096095807
bbbp,classification,inner,row_centred,inner_fold,2,60,12.546365391453671,7.302466852360423,-0.10637182765436322,16.547713546305875,9.532156500182609,-0.08880138573370987,0.16517946817408674
bbbp,classification,inner,row_centred,inner_fold,3,60,12.550179141069371,7.528208971627108,-0.08708455973333228,17.338339122179164,10.299840362609427,-0.07010844480215857,0.19493828737444907
bbbp,classification,inner,fixed_reference_relative,seed,11,81,5.981848705921479,2.9691440872303105,0.5256851793763029,7.299428103100018,3.363088673105026,0.49045456803320886,0.0670184603356961
bbbp,classification,inner,fixed_reference_relative,seed,23,81,5.455240455364579,2.712695223203572,0.5690261383977214,6.562053298788361,3.0286601695443727,0.5355108746885532,0.058899339498782045
bbbp,classification,inner,fixed_reference_relative,seed,37,81,5.598748249995374,2.8092838246097593,0.55619654162027,6.789268280730045,3.154544400490427,0.5216532057947285,0.06210634773979769
bbbp,classification,inner,fixed_reference_relative,seed,53,81,5.848388969819755,2.9245008076736387,0.5306209478900276,7.136145635294249,3.3066322716299976,0.4956115932151495,0.06597808626683513
bbbp,classification,inner,fixed_reference_relative,seed,71,81,5.677576932977561,2.8210112564616794,0.5503520205130158,6.847170229459843,3.1603142846077774,0.5168295063250016,0.06091104045873471
bbbp,classification,inner,fixed_reference_relative,seed,83,81,6.062963996443084,3.0183174638989696,0.5232787950655406,7.404469933090801,3.4245586639844006,0.4876829952540699,0.06802454092757979
bbbp,classification,inner,fixed_reference_relative,seed,97,81,5.595003264015841,2.780641494684058,0.5555956897782133,6.746460313012989,3.111779111020864,0.5221121783593643,0.06026596684401035
bbbp,classification,inner,fixed_reference_relative,seed,113,81,5.918494562342734,2.9642316270733247,0.526720933726287,7.2718616108456935,3.3688558975601373,0.4904995716619598,0.06876765236589157
bbbp,classification,inner,fixed_reference_relative,seed,127,81,6.09256541656794,3.079270968019549,0.5148407678553403,7.263233479984075,3.4343572590782223,0.48438962486835246,0.05914672047794013
bbbp,classification,inner,fixed_reference_relative,seed,149,81,5.602092594457105,2.7915112395938193,0.5442228683794702,6.777615018670261,3.1304677255486633,0.5108187055131992,0.061379564893586244
bbbp,classification,inner,fixed_reference_relative,outer_fold,1,60,5.527590677570704,2.8139563933922567,0.5549344091916859,7.165859127801777,3.292130675055412,0.508681928303714,0.08334765356385651
bbbp,classification,inner,fixed_reference_relative,outer_fold,2,60,5.55387927692387,2.789821916408426,0.5651078556192646,7.415751733400151,3.3344070138247535,0.511890839515161,0.09417143218755405
bbbp,classification,inner,fixed_reference_relative,outer_fold,3,60,5.886147959238154,3.013786348998046,0.5223769431862135,7.282460380097758,3.4337290982788367,0.48570676588537814,0.07019869038852963
bbbp,classification,inner,fixed_reference_relative,inner_fold,1,60,5.74970515546202,3.0298090293172972,0.509161523703087,7.5702906078933925,3.5883068152134188,0.46316809485499666,0.09033170557269123
bbbp,classification,inner,fixed_reference_relative,inner_fold,2,60,5.859610311479469,2.907851048638828,0.5403596516214327,7.190086859879209,3.297832867422532,0.503870649694773,0.06752725118755411
bbbp,classification,inner,fixed_reference_relative,inner_fold,3,60,5.4061405446051936,2.69570319603658,0.5850581875980645,7.083231182024362,3.1757147358553186,0.5344415069298661,0.08651563509606285
bbbp,classification,inner,within_unit_rank,seed,11,81,17.283920179458992,10.640036819424816,-0.056501098510379044,21.75486070521497,14.318328415107997,-0.044314281003398924,0.2156916914587325
bbbp,classification,inner,within_unit_rank,seed,23,81,16.876877632300772,10.184956013615485,-0.06131544472697027,21.337511531263214,13.732790887370841,-0.04832013195773259,0.21194191491400144
bbbp,classification,inner,within_unit_rank,seed,37,81,16.570691469964455,9.877120831351014,-0.06850333885436921,20.976734564782227,13.276488093362042,-0.05435733417945885,0.20650095180007644
bbbp,classification,inner,within_unit_rank,seed,53,81,16.534158226474137,9.881033820778711,-0.06769369565974626,20.92769096406501,13.24566359049874,-0.053837017901386494,0.2046967243154904
bbbp,classification,inner,within_unit_rank,seed,71,81,17.0391908111946,10.400440934790149,-0.06947607825512861,21.711588610566984,14.203119714754031,-0.05396582175577183,0.22324599903869552
bbbp,classification,inner,within_unit_rank,seed,83,81,16.84117907822591,10.154668416908159,-0.07068165262197146,21.405861119716757,13.782710313678916,-0.0554031957447273,0.21615873866105456
bbbp,classification,inner,within_unit_rank,seed,97,81,16.88274630927099,10.239308331000416,-0.058502541416815296,21.382958011065146,13.826629021409577,-0.0460079927578444,0.21357275011269194
bbbp,classification,inner,within_unit_rank,seed,113,81,16.945268719998708,10.572588059574196,-0.05855381672259619,21.72717122160376,14.451963226061165,-0.045322290391124884,0.22597205565875947
bbbp,classification,inner,within_unit_rank,seed,127,81,16.853445732518537,10.309902781335774,-0.06443009978168616,21.552551642806588,14.081641122678496,-0.05010808656213152,0.22228761507561
bbbp,classification,inner,within_unit_rank,seed,149,81,16.737573988313656,10.115137287323781,-0.05767987089932815,21.15774904560293,13.57911799091254,-0.04567280520141918,0.20816734695654127
bbbp,classification,inner,within_unit_rank,outer_fold,1,60,15.840133653366985,9.570454619260117,-0.05440980242339194,22.018337569201712,14.443567309119702,-0.03918448115052307,0.2798268068388199
bbbp,classification,inner,within_unit_rank,outer_fold,2,60,16.18255558560006,10.24163683259636,-0.06564930991655965,22.340425713594676,15.249625867178827,-0.04720460870681005,0.28095803646973383
bbbp,classification,inner,within_unit_rank,outer_fold,3,60,15.90638392860726,9.723087144643697,-0.05666889885022712,21.678276074387647,14.189635093971285,-0.04194402998426068,0.2598403915502841
bbbp,classification,inner,within_unit_rank,inner_fold,1,60,14.70213982650694,8.270216264595279,-0.06357750942042346,19.685790792877427,11.633720324431282,-0.04966055811420999,0.2188973967851408
bbbp,classification,inner,within_unit_rank,inner_fold,2,60,16.13466620812406,10.057203985518111,-0.06573808145114932,22.260293278604824,14.994501196572095,-0.047395635148315615,0.2790231460658636
bbbp,classification,inner,within_unit_rank,inner_fold,3,60,17.025929438560496,11.337498462310224,-0.06254116229848117,24.056271856750794,17.638441024958773,-0.041802649967976106,0.3315978080408764
clintox,classification,outer,raw,seed,11,27,4.340813294215815,2.2028159786897237,0.6627486653060508,6.714190718219768,2.8052906374798403,0.5813176459802024,0.12286862816727688
clintox,classification,outer,raw,seed,23,27,4.40893568057732,2.19879783390906,0.6658989378149551,6.836889401023536,2.814201160183039,0.582495137136336,0.12524993800455056
clintox,classification,outer,raw,seed,37,27,4.612407730711681,2.316410019565424,0.6414010996042678,7.175534238813471,2.982388072621052,0.5588920895594549,0.12863870999865668
clintox,classification,outer,raw,seed,53,27,4.6220982805603885,2.331364087258917,0.6316704707728372,7.45573673879524,3.0759048865530274,0.542988055391475,0.14039347964589974
clintox,classification,outer,raw,seed,71,27,4.307790066215374,2.1892848050460474,0.65688662910924,6.5962607774979025,2.766263203682919,0.5786963883485003,0.11903156084447665
clintox,classification,outer,raw,seed,83,27,4.275493179132448,2.159238402405103,0.6759690607862756,6.537474832028291,2.7278270685988573,0.5956501133029105,0.11882044925242505
clintox,classification,outer,raw,seed,97,27,5.09651512242387,2.55897984179643,0.5969553130561148,7.441673294999851,3.1824761568806266,0.5295958560897549,0.11283835739984087
clintox,classification,outer,raw,seed,113,27,4.575561620092515,2.31928365098857,0.6471038051241869,7.561984755245224,3.11169301874308,0.5511583230800469,0.14826907411821966
clintox,classification,outer,raw,seed,127,27,4.559855240232488,2.285767354507762,0.6409383654112504,7.417742855556306,3.034134211016275,0.5492573599023693,0.14304184373493525
clintox,classification,outer,raw,seed,149,27,4.906444544335107,2.4358494368052663,0.6112550909104917,7.7492224846168725,3.1961106557200085,0.526719831365287,0.1382978412814288
clintox,classification,outer,raw,outer_fold,1,20,5.188491710831166,2.746547124640479,0.5609389061044814,10.169310687547052,4.2432228160467815,0.43959943360856624,0.21631495190550104
clintox,classification,outer,raw,outer_fold,2,20,4.654211000244436,2.4448093647128095,0.6163950774600725,7.910546731077629,3.3145321263519443,0.5215364085909862,0.15389264505479622
clintox,classification,outer,raw,outer_fold,3,20,3.652206420519422,1.9876095921672476,0.692718084985033,6.458760872448791,2.6841773850870956,0.5891382366274182,0.1495266986711524
clintox,classification,outer,row_centred,seed,11,27,12.99986769813831,9.465484733703667,-0.057366327096734934,25.49680170166432,19.95533744913332,-0.028884984894678358,0.49648188481771605
clintox,classification,outer,row_centred,seed,23,27,13.122454776256387,9.524258170071356,-0.05672744541319035,25.690318919793363,20.20753965662985,-0.028209622925993265,0.5027164942732654
clintox,classification,outer,row_centred,seed,37,27,13.123365817095412,9.585013830462069,-0.06249322988362037,25.509956187195193,20.02134488689838,-0.031609491730829026,0.4941933423877337
clintox,classification,outer,row_centred,seed,53,27,13.05505979676141,9.68025781110872,-0.06838451636142387,25.70232220005968,20.366680274510912,-0.034036771890157635,0.50227370607891
clintox,classification,outer,row_centred,seed,71,27,13.080328165803015,9.576153283438895,-0.07083394640836459,25.69479422647394,20.24935715232475,-0.03526201436965154,0.5021876352001821
clintox,classification,outer,row_centred,seed,83,27,13.678656618233147,10.208377221346044,-0.07265486637128252,27.02864134245685,22.43541237230103,-0.032468660638042164,0.5531109991707904
clintox,classification,outer,row_centred,seed,97,27,12.978025779499276,9.528507457841732,-0.07046376957444023,25.495156635195105,20.014241360345967,-0.03550794593662696,0.49608222564483706
clintox,classification,outer,row_centred,seed,113,27,12.857421888928608,9.248183250420098,-0.046642173571292744,24.953307610338364,19.125412867265002,-0.02439833551972257,0.47690397656040645
clintox,classification,outer,row_centred,seed,127,27,13.312865448784953,9.931627564219427,-0.06430205932823371,26.325293183671047,21.336938834661026,-0.030494733063915785,0.5257580646328356
clintox,classification,outer,row_centred,seed,149,27,13.213105371240417,9.509772215970386,-0.04851235309368613,25.68395969197616,20.150080382884983,-0.0241913319906716,0.5013366607067327
clintox,classification,outer,row_centred,outer_fold,1,20,11.212577605859833,8.63509773127239,-0.06847743301118484,26.319570055121925,21.20952487798128,-0.029692989857163274,0.5663828424714267
clintox,classification,outer,row_centred,outer_fold,2,20,11.442093982794727,8.86542855243813,-0.02968718984710566,27.134513614015784,22.516249761963437,-0.01192697345403599,0.5982451179966163
clintox,classification,outer,row_centred,outer_fold,3,20,10.805326385920244,7.7667018675917365,-0.05385462177250473,24.529848196694573,18.135671329594523,-0.026657390822984642,0.5050120129783462
clintox,classification,outer,fixed_reference_relative,seed,11,27,7.283536204200783,3.756693367778903,0.46477145803088665,11.709107835667773,5.3420123295669395,0.37824332069489236,0.18617351784593436
clintox,classification,outer,fixed_reference_relative,seed,23,27,8.794852514677688,4.856557485928779,0.3496809336960343,14.426341748608214,7.311543844202596,0.27128055632148235,0.22420546795583274
clintox,classification,outer,fixed_reference_relative,seed,37,27,7.016580219900266,3.5575557159702655,0.48149128730269697,10.735466619687083,4.8088316537371885,0.4045857121516171,0.15972371085238776
clintox,classification,outer,fixed_reference_relative,seed,53,27,7.083173503128014,3.6500797199799155,0.4750876180050323,11.070884492864579,5.02384891126074,0.39465351042444463,0.16930373373724916
clintox,classification,outer,fixed_reference_relative,seed,71,27,7.345229591168669,3.7749757330281413,0.45789512587514825,11.503237416315203,5.243486329644251,0.3778961208104895,0.17471032239480905
clintox,classification,outer,fixed_reference_relative,seed,83,27,6.859125419523895,3.420407529913925,0.4934871267684324,10.508657586371417,4.623272142347948,0.4151036601847165,0.15883588918925762
clintox,classification,outer,fixed_reference_relative,seed,97,27,6.826977865907913,3.4757729692710413,0.4917215863144305,10.493077941345824,4.689773977712856,0.41387933464098037,0.15830554085879406
clintox,classification,outer,fixed_reference_relative,seed,113,27,6.828513724025049,3.501762909494098,0.48983173034085675,10.60161823582681,4.768358120860702,0.40998329579689974,0.16301196839247895
clintox,classification,outer,fixed_reference_relative,seed,127,27,7.299491784789395,3.719834742642233,0.45352092819030104,11.644825024405396,5.26211243630701,0.3703753249283163,0.1833335533020788
clintox,classification,outer,fixed_reference_relative,seed,149,27,6.998567532898166,3.55239946476927,0.47757262900982034,10.823001957670947,4.849895269734562,0.39895018429693635,0.16462929392728498
clintox,classification,outer,fixed_reference_relative,outer_fold,1,20,6.832658865101098,3.8257647389413334,0.43474700882174566,12.567834325492775,5.949578196171044,0.3347198746502649,0.2300812475802303
clintox,classification,outer,fixed_reference_relative,outer_fold,2,20,6.726461002762265,3.7271724982161882,0.4603808708210348,12.051888316487453,5.638068237127232,0.36096736124819595,0.21593753318974043
clintox,classification,outer,fixed_reference_relative,outer_fold,3,20,6.357767456919817,3.482648660932031,0.4715501026746394,11.938399329417392,5.453613285965509,0.36307967061663204,0.23002949515387963
clintox,classification,outer,within_unit_rank,seed,11,27,14.339170403310648,10.743611816996966,-0.032622467445274875,28.57731990543061,25.076402374632522,-0.012186542838079534,0.6264371216394707
clintox,classification,outer,within_unit_rank,seed,23,27,13.86665419310003,10.205386416267382,-0.046230719993750585,27.661742855786773,23.35852077019036,-0.01924164394691917,0.583790952217049
clintox,classification,outer,within_unit_rank,seed,37,27,14.140319458432709,10.57548494545611,-0.043122371033947636,28.2079108380973,24.396115108094026,-0.01691432641864522,0.6077598236578968
clintox,classification,outer,within_unit_rank,seed,53,27,13.886124069751347,10.450051271926577,-0.04708082849982777,27.776965838783966,23.67343963946036,-0.01944385269860709,0.5870112460175115
clintox,classification,outer,within_unit_rank,seed,71,27,14.203500099858939,10.73728232508543,-0.044980152663274105,28.57030428376712,25.0672054528578,-0.016809698726125418,0.6262863122772284
clintox,classification,outer,within_unit_rank,seed,83,27,14.570585182202214,11.020647699315404,-0.05252696464761309,29.129080294372372,26.108637448397662,-0.01808446219286703,0.65571088460584
clintox,classification,outer,within_unit_rank,seed,97,27,13.996329471932865,10.381525153447418,-0.029905871066482535,27.910436995464064,23.84569329880634,-0.012118895905868517,0.5947653262154612
clintox,classification,outer,within_unit_rank,seed,113,27,13.877364848991252,10.23434433041338,-0.047292057057724726,27.516373115316142,23.12272072177459,-0.020093371532550773,0.5751216423505371
clintox,classification,outer,within_unit_rank,seed,127,27,14.051976721710542,10.508669943156724,-0.041337460744049905,28.07985476008133,24.160123085715625,-0.016466112390155267,0.6016660894555457
clintox,classification,outer,within_unit_rank,seed,149,27,14.214625229627668,10.670142050485044,-0.03586656321558597,28.51054514321201,24.936290748419697,-0.013501479580929242,0.6235636099345554
clintox,classification,outer,within_unit_rank,outer_fold,1,20,11.800833460740456,9.096606119091877,-0.04245443451011539,27.801771603802376,23.61654182770084,-0.01594102649115403,0.6245144547301448
clintox,classification,outer,within_unit_rank,outer_fold,2,20,11.86047050608453,9.227117092790762,-0.02927250111964659,28.79743135335683,25.412377917593165,-0.009486926291858815,0.675909952037151
clintox,classification,outer,within_unit_rank,outer_fold,3,20,11.56129924473314,8.718908682327221,-0.047245953772392026,27.72698489376108,23.33366617722154,-0.017620581429760605,0.6270457039633919
clintox,classification,inner,raw,seed,11,81,4.748820432407955,2.253544696440737,0.6324680833564706,5.424703383284551,2.4212992125431088,0.6084423129457148,0.037987324646095194
clintox,classification,inner,raw,seed,23,81,4.530786466627002,2.189074399871144,0.6443574790051705,5.147441661176556,2.3405367562865393,0.6215746801503936,0.0353573902640993
clintox,classification,inner,raw,seed,37,81,4.791398198679401,2.2815637995011904,0.6244465463216886,5.468799048593632,2.4506085076781723,0.6008082710501236,0.037854761805964254
clintox,classification,inner,raw,seed,53,81,4.434002561818059,2.1397918156256024,0.6524092844756186,5.0349085148778565,2.2861397049801804,0.6296332198773249,0.03491069967926678
clintox,classification,inner,raw,seed,71,81,4.678491497483249,2.2401961248829143,0.6293961277349995,5.315632067788454,2.3982940186728627,0.606679350677386,0.036092972385076756
clintox,classification,inner,raw,seed,83,81,4.4821716286497075,2.1652752302924765,0.6470588619481454,5.094656556313191,2.3155589471944595,0.6241311274500823,0.03543376939314724
clintox,classification,inner,raw,seed,97,81,4.759234927416216,2.253197659901894,0.6319070694958044,5.455555828441068,2.4264983321381743,0.6071473344269313,0.039182557474201136
clintox,classification,inner,raw,seed,113,81,4.54191426667815,2.1921837364778627,0.6468523515140653,5.195003877955251,2.3529386884822374,0.6226787961840974,0.037371055811091514
clintox,classification,inner,raw,seed,127,81,4.7686735811801935,2.2803335261681164,0.6216287891263635,5.495938666233144,2.4621671271362824,0.5964017239791264,0.040582202093134484
clintox,classification,inner,raw,seed,149,81,4.591437428258922,2.1919072902377597,0.6432145104949514,5.228893620529133,2.349088339640931,0.6196824269667254,0.03658512540414873
clintox,classification,inner,raw,outer_fold,1,60,4.789866513386597,2.298473423270407,0.6328753698587657,5.712529302038434,2.5304854892726523,0.6008044167834946,0.05067499005756521
clintox,classification,inner,raw,outer_fold,2,60,4.6296471242893364,2.2686157928810924,0.6211781653040808,5.518388493355389,2.4896439020748575,0.5907554009691307,0.04897590745170126
clintox,classification,inner,raw,outer_fold,3,60,4.217977361793645,2.0737644184801467,0.660928690556003,5.046662153085428,2.2744700670396862,0.628974384624367,0.04834758482757747
clintox,classification,inner,raw,inner_fold,1,60,4.604046587850422,2.2563536287086445,0.6319237998992753,5.445803136158276,2.4648781704963643,0.6024802914724963,0.04659344755091055
clintox,classification,inner,raw,inner_fold,2,60,4.497224083868057,2.183002070799569,0.6446966580871992,5.357991750850177,2.395516716924998,0.6132388703166317,0.04879471201836554
clintox,classification,inner,raw,inner_fold,3,60,4.511449371644228,2.1806668640453264,0.6474808411484336,5.469439331120065,2.4172997308229345,0.6125284650674594,0.05398210087418146
clintox,classification,inner,row_centred,seed,11,81,15.00490189815821,9.642217438641676,-0.08799776202629356,19.495032391782075,12.699104860408909,-0.07124393431794962,0.19038924766447973
clintox,classification,inner,row_centred,seed,23,81,14.367543277536926,9.006419796620895,-0.07599272640367584,18.392232907509435,11.569792156176785,-0.06320019725742274,0.1683388628314079
clintox,classification,inner,row_centred,seed,37,81,14.752416941675763,9.352091484551856,-0.07709615632192915,19.05440963587883,12.20141684291743,-0.06310808075919291,0.1814367438024596
clintox,classification,inner,row_centred,seed,53,81,14.741874362157132,9.334145945461305,-0.08383835353285554,19.00406334106209,12.144675299908322,-0.06879225299384337,0.1794656014220951
clintox,classification,inner,row_centred,seed,71,81,14.841308125714601,9.501797865494805,-0.08964345181559627,19.254449126658685,12.465645605171526,-0.07292722712764324,0.18647457621711866
clintox,classification,inner,row_centred,seed,83,81,14.520913681351809,9.088500499307509,-0.08825825824748654,18.625031362067464,11.743906928257166,-0.07300393251162798,0.17283737566045787
clintox,classification,inner,row_centred,seed,97,81,15.246384061500038,9.897159529448524,-0.0792577710799523,19.75206180959903,13.017268173990045,-0.06404607589700811,0.19192686061785902
clintox,classification,inner,row_centred,seed,113,81,14.513384863001836,9.18562529702415,-0.08238870854486488,18.763937854475596,11.951802447005685,-0.06770780528414927,0.17819071957804872
clintox,classification,inner,row_centred,seed,127,81,14.359718003081358,9.026937157704179,-0.07927894125044617,18.46746958132076,11.655316033921384,-0.06565715311770984,0.1718210147345995
clintox,classification,inner,row_centred,seed,149,81,15.231444314628883,9.84094555058281,-0.07803445203770479,19.741970870848427,12.971819111101114,-0.06298358558650809,0.19287463496154772
clintox,classification,inner,row_centred,outer_fold,1,60,14.499872558694914,9.243438105920005,-0.07366769086068709,20.044239942939143,13.05291870305987,-0.05656630933278942,0.2321422231115956
clintox,classification,inner,row_centred,outer_fold,2,60,13.56740639090205,8.671751081135769,-0.09562193188767343,19.05568909463372,12.17616808885242,-0.07438893323297244,0.22205155486341008
clintox,classification,inner,row_centred,outer_fold,3,60,14.249665109408902,9.26999268311439,-0.09774810289546468,20.093347885282395,13.278717427245512,-0.07412043848322394,0.24171992818632002
clintox,classification,inner,row_centred,inner_fold,1,60,13.510298142988983,8.506552870234932,-0.08632148344164378,18.773851404558634,11.817015375663543,-0.0678830145361885,0.2136023174105935
clintox,classification,inner,row_centred,inner_fold,2,60,14.314077170713782,9.223889054659056,-0.08541912773437352,19.955581257830424,13.092793313537786,-0.06532357019058649,0.23525828554791448
clintox,classification,inner,row_centred,inner_fold,3,60,14.532790909675041,9.600079623122173,-0.07325017090678554,20.575610329561943,13.842407842638139,-0.054921973048852074,0.2502137214294969
clintox,classification,inner,fixed_reference_relative,seed,11,81,6.640909482733214,3.0881028989094967,0.5185875599697645,7.746701011993718,3.415438170534575,0.4902110870472702,0.05471876904287615
clintox,classification,inner,fixed_reference_relative,seed,23,81,6.758238036315662,3.204518427071669,0.5005003821979984,7.892157076712249,3.5476580483204416,0.4727347441562648,0.05547575792009895
clintox,classification,inner,fixed_reference_relative,seed,37,81,6.394639594454619,2.9761255808709315,0.5397860101492038,7.46066452026563,3.285375516466209,0.5109108821105222,0.05349365766389544
clintox,classification,inner,fixed_reference_relative,seed,53,81,6.230351265905386,2.9167374100654286,0.5445359350402467,7.224602159685346,3.2013358417311473,0.5171276691088997,0.050333254736110465
clintox,classification,inner,fixed_reference_relative,seed,71,81,6.175682973359293,2.889330770574519,0.5526841261662522,7.144900592769156,3.1658443507945084,0.5253929929693897,0.04937926005975642
clintox,classification,inner,fixed_reference_relative,seed,83,81,6.57501781190023,3.0839634790985775,0.5270685251791628,7.663177726087164,3.4060328796808776,0.4986289272084257,0.05395806543574203
clintox,classification,inner,fixed_reference_relative,seed,97,81,6.308670150706357,2.9245090264980074,0.5498720446783867,7.316266268680579,3.2139237605486928,0.5218194591697288,0.05101656972771868
clintox,classification,inner,fixed_reference_relative,seed,113,81,6.127565641561281,2.8778122619463296,0.556041504456063,7.111580851217776,3.1574689909630047,0.5282003643546099,0.05007025532867001
clintox,classification,inner,fixed_reference_relative,seed,127,81,6.510657365014397,3.0864382829205637,0.517814614855312,7.548277976540096,3.39260768705934,0.49118076066715777,0.051435114853982423
clintox,classification,inner,fixed_reference_relative,seed,149,81,6.514461260713576,3.0288096616237055,0.5374668858385242,7.57228972003146,3.3395565030441454,0.5089995521685695,0.05296574434635409
clintox,classification,inner,fixed_reference_relative,outer_fold,1,60,5.405710635890733,2.5584454015577034,0.6188370523359821,6.431536267707981,2.8345460880879125,0.5850652931613246,0.0545729429858418
clintox,classification,inner,fixed_reference_relative,outer_fold,2,60,6.736410501365143,3.292087923276416,0.4951630403520979,8.227824799051813,3.7478909204432314,0.460244514773377,0.07051924867795327
clintox,classification,inner,fixed_reference_relative,outer_fold,3,60,6.94650536052491,3.3397714143971835,0.4870381434989005,8.730836557429333,3.901202624615194,0.4460352882569878,0.0841881807189615
clintox,classification,inner,fixed_reference_relative,inner_fold,1,60,5.49851727931629,2.6352296839734684,0.5868412878359701,6.597033875629108,2.9332003341230037,0.5533065957565955,0.05714439793941092
clintox,classification,inner,fixed_reference_relative,inner_fold,2,60,6.770464397676446,3.250667721080172,0.5079727005496663,8.315057026680819,3.726445918698708,0.47035292614671187,0.07405865386515229
clintox,classification,inner,fixed_reference_relative,inner_fold,3,60,6.755462262419038,3.218284665919402,0.5016118123743734,8.387326449563242,3.717050716475054,0.4625374151341404,0.07789768158623511
clintox,classification,inner,within_unit_rank,seed,11,81,17.43444537225323,11.869428899236071,-0.06077758313380453,22.34648049253095,15.93373895425627,-0.04686286655134397,0.22894488173092847
clintox,classification,inner,within_unit_rank,seed,23,81,16.847946825319017,11.084932988132731,-0.058336364821848466,21.340050635203873,14.593263660462474,-0.046382988775020687,0.20490436939860415
clintox,classification,inner,within_unit_rank,seed,37,81,17.10722455992627,11.443320260189155,-0.05392755852625953,21.78649596449779,15.18997736118369,-0.04232684385066467,0.21511663039493945
clintox,classification,inner,within_unit_rank,seed,53,81,17.083349609817965,11.450241843205161,-0.05062177604107754,21.75517066483356,15.175815117797878,-0.03978619005640565,0.21404989773332395
clintox,classification,inner,within_unit_rank,seed,71,81,17.225411963284955,11.642186393823865,-0.0505102018420355,22.015646485505705,15.52720615349195,-0.03934302812483045,0.22108748945666448
clintox,classification,inner,within_unit_rank,seed,83,81,17.1218488546595,11.43999648636872,-0.06791917791459251,21.774336712903953,15.17224508200591,-0.053355837146654705,0.21442162898748612
clintox,classification,inner,within_unit_rank,seed,97,81,17.539077103440746,11.933604315411205,-0.06558823605942171,22.450793469839493,16.032227324754512,-0.05047802118531526,0.2303799550336565
clintox,classification,inner,within_unit_rank,seed,113,81,16.925869008946254,11.267451559174518,-0.0531983000016705,21.501006059829052,14.869677440729195,-0.04209361806350656,0.2087412931957452
clintox,classification,inner,within_unit_rank,seed,127,81,16.85201524789422,11.123821990198385,-0.050513456083221234,21.372929608123595,14.662040007991362,-0.040096863415228626,0.20621421450219476
clintox,classification,inner,within_unit_rank,seed,149,81,17.447417368313538,11.872292648324319,-0.062325537970486074,22.334609797865607,15.92515477968431,-0.04809143617421587,0.22838313570611563
clintox,classification,inner,within_unit_rank,outer_fold,1,60,15.786434408678332,10.277733018614443,-0.0483695648611778,21.358355167910425,14.485249895222553,-0.03658535298137024,0.2436286518935747
clintox,classification,inner,within_unit_rank,outer_fold,2,60,16.43253512839737,11.294448926957312,-0.05921529514231501,22.745477656146182,16.44363586320766,-0.042538105995405806,0.2816365114254368
clintox,classification,inner,within_unit_rank,outer_fold,3,60,16.673754525801414,11.458891106332478,-0.06468529621276861,23.177285954348267,16.936773366247376,-0.04556260977683901,0.2956264801359117
clintox,classification,inner,within_unit_rank,inner_fold,1,60,15.620966355818886,10.411453338800342,-0.057860237288539576,21.461537471489503,14.800320986763271,-0.04331604432025833,0.25136766888375717
clintox,classification,inner,within_unit_rank,inner_fold,2,60,16.26156587099054,10.80459207216062,-0.06093064999481388,22.173011172142918,15.546096685774248,-0.04475513763574017,0.2654741474192464
clintox,classification,inner,within_unit_rank,inner_fold,3,60,17.088334980281648,11.95078383884778,-0.056225934933831295,23.772121334168187,17.749491594856448,-0.03889630997235592,0.3082140827336972
esol,regression,outer,raw,seed,11,27,1.8936237135941776,1.4146160945477182,0.9113256367825517,2.4144760768354994,1.5320974680793795,0.8740051636643478,0.04095185256717319
esol,regression,outer,raw,seed,23,27,1.9075158416278561,1.4261727493279044,0.9079333174460199,2.4324021883970945,1.5446861953158526,0.8707159963745648,0.0409912494192258
esol,regression,outer,raw,seed,37,27,1.8976794695873864,1.4155688774872985,0.9099156750073053,2.3966896094542824,1.5280328178339149,0.8741789631482848,0.0392747513210313
esol,regression,outer,raw,seed,53,27,1.9063372224860737,1.4257778189255708,0.9089771847594936,2.4146997747377417,1.5406049237419186,0.8728029334758446,0.039796654844774904
esol,regression,outer,raw,seed,71,27,1.8960715834896968,1.4048252211621357,0.9121858355055574,2.395442571792685,1.5165484537709972,0.8763385710520625,0.039298203346500665
esol,regression,outer,raw,seed,83,27,1.8912156817883572,1.4104438412022287,0.9107600622226065,2.4056185605854203,1.5262075139183,0.8738798972274748,0.04049383204741058
esol,regression,outer,raw,seed,97,27,1.921668566741137,1.4352236539863932,0.9042631195968787,2.443773260963377,1.553351417128672,0.8675187844522515,0.040634561277925155
esol,regression,outer,raw,seed,113,27,1.9015429762534273,1.4177907872474445,0.9109529594842636,2.4154095783813876,1.5335644858970514,0.8742334113323558,0.04030893996183564
esol,regression,outer,raw,seed,127,27,1.8427493934420283,1.3929568519934514,0.9165134331720839,2.3201854187986077,1.5007195165892835,0.8814384889909923,0.038269972824834984
esol,regression,outer,raw,seed,149,27,1.8802040886453315,1.4125152225941084,0.9146379312288162,2.3861239192042407,1.5266944975451355,0.8781275568846811,0.039917844097153495
esol,regression,outer,raw,outer_fold,1,20,1.7435643573906674,1.34745803241187,0.9322656545979588,2.1461737017206413,1.4367751375888578,0.9015072982607659,0.03299312399367275
esol,regression,outer,raw,outer_fold,2,20,1.884120049537111,1.3913414519554854,0.92574881619973,2.3500941149269083,1.494092863878266,0.8918484365719488,0.036619414504838375
esol,regression,outer,raw,outer_fold,3,20,2.495584200258397,1.8179902187779726,0.7530177644599474,7.333180607855841,3.159813214664327,0.5583355026622703,0.2585360810674901
esol,regression,outer,row_centred,seed,11,27,3.899561543177565,2.5761842306226423,-0.08941005737648419,5.407175931085646,2.995840017361449,-0.08231825833130701,0.07931768811326569
esol,regression,outer,row_centred,seed,23,27,3.8563127062141986,2.5392376068527347,-0.07172772226277288,5.311480072021084,2.9403447088094192,-0.0662007371425951,0.0770550764170348
esol,regression,outer,row_centred,seed,37,27,4.036069274027973,2.6071010135635864,-0.08203016168863318,5.603496372732567,3.0426518744774143,-0.07536757585462185,0.08122117154054746
esol,regression,outer,row_centred,seed,53,27,3.8637688855502397,2.5286118709680947,-0.09080022574379246,5.321144236573769,2.9310470428197384,-0.08375891030878724,0.07754733402176149
esol,regression,outer,row_centred,seed,71,27,3.996568000300117,2.618728849830017,-0.10929311481782886,5.561588022103898,3.056160448822629,-0.10041365482618131,0.08124445905350894
esol,regression,outer,row_centred,seed,83,27,3.944485707536222,2.57151129475649,-0.1235319083908022,5.455233707444649,2.9898681191139267,-0.11374654771887185,0.07921322352580927
esol,regression,outer,row_centred,seed,97,27,3.9122200412205195,2.577694925710862,-0.0900640452958645,5.399484348862849,2.991059803588238,-0.08301990728513094,0.07821254294755693
esol,regression,outer,row_centred,seed,113,27,3.924228248512685,2.6040433680941986,-0.09701869654268255,5.432460197826724,3.025434032430115,-0.08936148320533492,0.07892513103367546
esol,regression,outer,row_centred,seed,127,27,4.056610933125607,2.5993311090597295,-0.042173424068322515,5.597498856899226,3.0240307814363634,-0.03881655078725113,0.07959688726324743
esol,regression,outer,row_centred,seed,149,27,3.8735411697511823,2.565089073803762,-0.05730558480493036,5.330673479899471,2.9708747884504163,-0.05288002009127757,0.07722745922090335
esol,regression,outer,row_centred,outer_fold,1,20,3.8170211452350986,2.618963169074805,-0.08804541595286003,6.249648888881934,3.321737763174831,-0.07723810857349543,0.12274696260337803
esol,regression,outer,row_centred,outer_fold,2,20,4.052701442151756,2.708173286488098,-0.04291976892545991,6.670207539100865,3.472820950709805,-0.03740335760676278,0.12852844870338578
esol,regression,outer,row_centred,outer_fold,3,20,3.532169813822786,2.296561459117466,-0.13351145435884382,5.188961395951825,2.730109564210587,-0.12155552669767519,0.0895498271559099
esol,regression,outer,fixed_reference_relative,seed,11,27,1.2392677523257474,1.0841477852615926,0.9728799466104678,1.6628452485204461,1.183378935149765,0.9296513437521833,0.04443364570201516
esol,regression,outer,fixed_reference_relative,seed,23,27,1.2348399144986308,1.082162035673344,0.9740765546801422,1.6556380932963515,1.180787005570403,0.9309716166059968,0.044252105101020386
esol,regression,outer,fixed_reference_relative,seed,37,27,1.2477245739006229,1.086503881590051,0.9730290660700055,1.652768844701087,1.1812381951450794,0.9317168076778509,0.04245737340510493
esol,regression,outer,fixed_reference_relative,seed,53,27,1.2408119448970687,1.084612671031898,0.9732759382308132,1.7248466502726525,1.1987067697864398,0.9240321560578004,0.050595910408025316
esol,regression,outer,fixed_reference_relative,seed,71,27,1.2624138847143926,1.0928004164399854,0.9702564095895339,1.7592265386932908,1.2097119701955292,0.9203763149001494,0.051409188536550396
esol,regression,outer,fixed_reference_relative,seed,83,27,1.2486290723360822,1.087636200310452,0.9708337771167534,1.728066242864714,1.2004753811776916,0.9223364600224251,0.04995429520217024
esol,regression,outer,fixed_reference_relative,seed,97,27,1.2534181463332141,1.0894782129536897,0.9718230768795839,1.713656320326092,1.197455194383571,0.92529779339698,0.04787423203819267
esol,regression,outer,fixed_reference_relative,seed,113,27,1.2299917560047138,1.0798459064173649,0.9749546189520272,1.6173377207580066,1.1703559353509603,0.9350792847655726,0.04089968231476897
esol,regression,outer,fixed_reference_relative,seed,127,27,1.2297846484978951,1.0787862451811885,0.9745686632406224,1.683713270269256,1.1858452285466243,0.9278713928172792,0.04791583413739794
esol,regression,outer,fixed_reference_relative,seed,149,27,1.230960509536794,1.080537002873902,0.9751414370733654,1.6202079135376415,1.1715053688276817,0.9350913996257783,0.04107100357440168
esol,regression,outer,fixed_reference_relative,outer_fold,1,20,1.1803622239168574,1.0600337870388183,0.9784645697468134,1.5440641129604502,1.1455011662480414,0.9399103462249041,0.03940277932790721
esol,regression,outer,fixed_reference_relative,outer_fold,2,20,1.2718311158484776,1.0964210830500178,0.9734772188959253,1.9378232990237882,1.2543044342720706,0.9077442006412859,0.06752394096000644
esol,regression,outer,fixed_reference_relative,outer_fold,3,20,1.2920244855960372,1.1098686754444882,0.962262122312231,2.7609127064383103,1.463907110982548,0.8328849965237843,0.1344510220121361
esol,regression,outer,within_unit_rank,seed,11,27,6.0448133503775665,3.2846069208209485,-0.02277222990971847,9.261346887216561,4.301410936712546,-0.01953104264814831,0.14233069288427194
esol,regression,outer,within_unit_rank,seed,23,27,5.969379842705208,3.243836200793257,-0.039333213442025,9.229771881748356,4.272072671934403,-0.03363353309901379,0.14490756905515068
esol,regression,outer,within_unit_rank,seed,37,27,6.14171364847429,3.337270669769017,-0.049167349634944485,9.527661657892052,4.426074909054245,-0.041844990509398876,0.14892726941582968
esol,regression,outer,within_unit_rank,seed,53,27,6.170915431890115,3.3332170278741473,-0.030556994741214476,9.383448539472417,4.354583325260609,-0.026236207622043463,0.14140091837445173
esol,regression,outer,within_unit_rank,seed,71,27,6.15466784418486,3.3883207103185433,-0.023325440241349162,9.581224706314739,4.499916626553771,-0.019828829604189767,0.14990545091453086
esol,regression,outer,within_unit_rank,seed,83,27,6.200617274941211,3.375860880412479,-0.04923295251721653,9.69572333266446,4.508500133165341,-0.04171968357755618,0.1526065075425453
esol,regression,outer,within_unit_rank,seed,97,27,6.153772797848191,3.4020644391896666,-0.039918084243258864,9.662237355687074,4.5488072941403725,-0.03379687304389837,0.15334431286978073
esol,regression,outer,within_unit_rank,seed,113,27,6.096981718670609,3.335107423494073,-0.03287152491764808,9.39220113797672,4.389760186466182,-0.028100514241571794,0.1451411423117404
esol,regression,outer,within_unit_rank,seed,127,27,6.07911913917708,3.3323007955640565,-0.058659378157133645,9.561101048876575,4.455063166219187,-0.04969205365536166,0.15287111427862055
esol,regression,outer,within_unit_rank,seed,149,27,6.247456253888383,3.422341458464248,-0.0439414122463998,9.749814182150445,4.563807476820546,-0.03725570449174101,0.15215049796690658
esol,regression,outer,within_unit_rank,outer_fold,1,20,5.57244440681507,3.347205852150674,-0.05754331142625934,11.59137095527365,5.494580568905851,-0.04313358078645406,0.25041538769055866
esol,regression,outer,within_unit_rank,outer_fold,2,20,5.944015931789047,3.351323099605221,-0.04142780672076299,10.316402475144232,4.786380799690142,-0.03375380864339268,0.185237855556668
esol,regression,outer,within_unit_rank,outer_fold,3,20,5.250624991398346,3.0144850962722827,-0.06072479580342148,8.850528141577966,4.103740502937487,-0.05102252891274251,0.1597743847848775
esol,regression,inner,raw,seed,11,81,2.1623458038598713,1.5225250707443536,0.8623123646151042,2.4601838970341596,1.5882649983350408,0.8433667302261467,0.021970732609654747
esol,regression,inner,raw,seed,23,81,2.16588604101114,1.5267706880321885,0.8586102620328284,2.4751963507328134,1.5953045566130213,0.8390199116231204,0.02281634785417802
esol,regression,inner,raw,seed,37,81,2.1839712160937848,1.5324722336391985,0.8580826169974518,2.4892040874559913,1.6000166885528422,0.838844033640799,0.022420432456691643
esol,regression,inner,raw,seed,53,81,2.1937064873717627,1.5420866468881977,0.8551971087520758,2.5025699113058613,1.6104361494674093,0.8359128800999513,0.022549454920708156
esol,regression,inner,raw,seed,71,81,2.1516105397278418,1.5180753831190916,0.861966257683104,2.446024177141754,1.5830148468377858,0.8432014230476448,0.021769801855003063
esol,regression,inner,raw,seed,83,81,2.169926252500559,1.5298177920253235,0.8574845935564819,2.4658823349469445,1.5952507896882417,0.8388124784960982,0.021775452527887252
esol,regression,inner,raw,seed,97,81,2.1993790207755453,1.5436649624349215,0.8549352865981368,2.5128978117074077,1.6132408110391188,0.8353404988229463,0.02291961518299232
esol,regression,inner,raw,seed,113,81,2.2002530855109663,1.5412275204131398,0.8579345278646605,2.503717354920137,1.6084836864339058,0.8388787240444731,0.022211256455217394
esol,regression,inner,raw,seed,127,81,2.158346735511701,1.5263716363768682,0.8613483621094978,2.454245568258468,1.591778080259135,0.8425605976527634,0.021812039452564824
esol,regression,inner,raw,seed,149,81,2.179586883838442,1.5346768726782238,0.8584447497494521,2.47918128366647,1.6010094873301157,0.8395577148955704,0.022001456540323407
esol,regression,inner,raw,outer_fold,1,60,2.1535629803173157,1.5247009693127906,0.8574523900535471,2.5059770196695204,1.6030071421768215,0.8351720420925164,0.025984355772381947
esol,regression,inner,raw,outer_fold,2,60,2.1695654773343893,1.542169680134823,0.8500142518273366,2.531007739757272,1.6229019000458038,0.8275034510695491,0.0264828509750214
esol,regression,inner,raw,outer_fold,3,60,2.3079104750214587,1.6166538935891692,0.8301010283246779,2.8706009501006298,1.7461633520396782,0.7970204633641449,0.03985125163294527
esol,regression,inner,raw,inner_fold,1,60,2.2532197793962525,1.58937089116827,0.820516626753409,2.6904838663884845,1.688551103682301,0.7947555230444996,0.031396199502793695
esol,regression,inner,raw,inner_fold,2,60,2.0894283690905886,1.4778230049491572,0.8736922873286147,2.5130609212940733,1.5723310778460449,0.8457155226618145,0.03202130209062686
esol,regression,inner,raw,inner_fold,3,60,2.1488831621540645,1.5216195818678415,0.8594301935617488,2.510806888777281,1.6016784977927572,0.8365749154133262,0.026593524779136207
esol,regression,inner,row_centred,seed,11,81,4.265340038260186,2.5266902088755723,-0.1456571351562203,5.319150007595294,2.8075271125739953,-0.13752028741120118,0.05586302199540126
esol,regression,inner,row_centred,seed,23,81,4.315758671409752,2.5573730777320907,-0.1358061367295963,5.410739817593043,2.8512697375770664,-0.12797314111834776,0.05767777362553759
esol,regression,inner,row_centred,seed,37,81,4.34460533235485,2.578806093065819,-0.1467921563781768,5.441861872576682,2.8744330438739163,-0.13833852589408957,0.057589115744770804
esol,regression,inner,row_centred,seed,53,81,4.2892086377784056,2.571231420403383,-0.16457729907409302,5.30117199119509,2.8431444873698104,-0.15578489501591464,0.0534241606080802
esol,regression,inner,row_centred,seed,71,81,4.292529663715825,2.5424498486997966,-0.16341871436036315,5.35547840966937,2.8263708086049344,-0.15424472975368136,0.05613790710929066
esol,regression,inner,row_centred,seed,83,81,4.295464277159137,2.5468516279230102,-0.13893384337543344,5.370253433873745,2.8343879112612163,-0.13105388925218203,0.0567173118644521
esol,regression,inner,row_centred,seed,97,81,4.28293433806866,2.5248693525707475,-0.16486078730844778,5.309451915870334,2.7978082839608898,-0.15588621188452656,0.05443729567498792
esol,regression,inner,row_centred,seed,113,81,4.346245349710244,2.5507790661390355,-0.15021599572212896,5.385707273562715,2.828042125269027,-0.14198927759871355,0.05476592611770418
esol,regression,inner,row_centred,seed,127,81,4.2245647066932115,2.517690188589515,-0.19962168053825985,5.222879070537004,2.783560866998085,-0.18899111138716204,0.053253580084254806
esol,regression,inner,row_centred,seed,149,81,4.269385780529851,2.52575322162014,-0.13468034768735354,5.31232884205734,2.8039451063720344,-0.127220079083442,0.05539240677659758
esol,regression,inner,row_centred,outer_fold,1,60,4.265723817713411,2.540011318277834,-0.12836761880744024,5.579612758478431,2.891921983290916,-0.11958329123200412,0.06843102378188691
esol,regression,inner,row_centred,outer_fold,2,60,4.070917995335523,2.4516145043499336,-0.19796288995802178,5.330004384278576,2.7861418153077446,-0.18464427527349625,0.06727834033615956
esol,regression,inner,row_centred,outer_fold,3,60,4.214619586149802,2.5217169173390976,-0.10442090078940655,5.6582317555578046,2.9153926519446975,-0.09646451472699091,0.07619534022658826
esol,regression,inner,row_centred,inner_fold,1,60,4.0694045450843745,2.394643839263328,-0.11186939809668017,5.298605224563159,2.7151838048977126,-0.10448844229625708,0.06597832763920204
esol,regression,inner,row_centred,inner_fold,2,60,4.4551106276070955,2.6633476202582735,-0.11287323746366754,6.005706714686348,3.0947671404736967,-0.103937885955775,0.07916271127395173
esol,regression,inner,row_centred,inner_fold,3,60,4.2229089003522615,2.5771626756974917,-0.20292723817197345,5.671723002148788,2.9718219901615184,-0.18770138565788277,0.07503109317038666
esol,regression,inner,fixed_reference_relative,seed,11,81,1.4171877714094607,1.1579166166040422,0.9452422724396121,1.7042067376678076,1.223086727495935,0.9187099506547504,0.028069334771056526
esol,regression,inner,fixed_reference_relative,seed,23,81,1.38006483153899,1.1411228318449234,0.9499251197435759,1.6241968151308754,1.1964003584950633,0.9268616792221611,0.024279219532209264
esol,regression,inner,fixed_reference_relative,seed,37,81,1.3841184235038657,1.1427047222408933,0.9517684703551427,1.6361315049589995,1.1997765766635378,0.9279672808739153,0.0250073313232848
esol,regression,inner,fixed_reference_relative,seed,53,81,1.372864554040902,1.138016502557835,0.9523485840950688,1.5943461222105384,1.187857731899111,0.9313764937037095,0.022021443347119977
esol,regression,inner,fixed_reference_relative,seed,71,81,1.4556721059154762,1.1752973265066406,0.9401088060779959,1.6799394201743503,1.2254428352630802,0.9198988172602842,0.021497499743699276
esol,regression,inner,fixed_reference_relative,seed,83,81,1.4090731315506517,1.154441375905739,0.9461959271080141,1.6356333193984889,1.2053686181479264,0.9252012871762795,0.022188469988349266
esol,regression,inner,fixed_reference_relative,seed,97,81,1.4227582668786585,1.1605052556005853,0.946942277528653,1.7061983202771351,1.2248109218663419,0.9207549634726756,0.027654604380237712
esol,regression,inner,fixed_reference_relative,seed,113,81,1.3917869161455987,1.1466032023897577,0.9498089568699599,1.6625730115521988,1.2081804641025824,0.924333235690175,0.026821942450130698
esol,regression,inner,fixed_reference_relative,seed,127,81,1.400646549538393,1.1509044433394078,0.9486009945591799,1.6585507988990251,1.209242301071468,0.9245315366977163,0.025373637598439573
esol,regression,inner,fixed_reference_relative,seed,149,81,1.3971123655514666,1.1491827068721463,0.9484353394848148,1.6532631652314753,1.2071854474693067,0.9244702217617573,0.025268056477181937
esol,regression,inner,fixed_reference_relative,outer_fold,1,60,1.4050813946496508,1.15305152982096,0.9475358910018512,1.7652361354379111,1.2357153986048366,0.9140260102065257,0.035365289181705825
esol,regression,inner,fixed_reference_relative,outer_fold,2,60,1.3929849487087353,1.1493607167654982,0.9486172109526704,1.7464728912855518,1.2304329076228655,0.915587062192814,0.03481925942149507
esol,regression,inner,fixed_reference_relative,outer_fold,3,60,1.3764366706156759,1.1409523844200617,0.9497458105751864,1.6461515210959012,1.202232229858043,0.9242742487587196,0.026819346327035892
esol,regression,inner,fixed_reference_relative,inner_fold,1,60,1.481022543112315,1.1918853811046757,0.9355363121766573,1.8442610431767146,1.2748151486878763,0.9033359953851742,0.034419098833870676
esol,regression,inner,fixed_reference_relative,inner_fold,2,60,1.3591006741206335,1.1301055099886725,0.9542911809051536,1.7071283621630255,1.2103293216134416,0.9208833821706817,0.03500797178360622
esol,regression,inner,fixed_reference_relative,inner_fold,3,60,1.3659446507283044,1.1353226472406213,0.9529799646865805,1.6704203396949153,1.2047511625974452,0.9240369513373695,0.030371061744964796
esol,regression,inner,within_unit_rank,seed,11,81,6.936042803874041,3.4856410651864946,-0.06236533106113731,8.010531837486578,3.8203489818471383,-0.059207303774464703,0.05063754545897944
esol,regression,inner,within_unit_rank,seed,23,81,6.816953039006609,3.4147028455912958,-0.07621549048296183,7.877167550641555,3.741032688196564,-0.07238354046094501,0.050277837192078484
esol,regression,inner,within_unit_rank,seed,37,81,6.890893111200706,3.4534616969848573,-0.07786320671916558,7.962470596029068,3.785083770543312,-0.07392508721824252,0.05057741219324401
esol,regression,inner,within_unit_rank,seed,53,81,6.839844987948704,3.442957006208529,-0.07582804116905664,7.8981018946439105,3.770071732166482,-0.07203238125011645,0.05005615152945818
esol,regression,inner,within_unit_rank,seed,71,81,6.918909410158783,3.4805564879819237,-0.06947670165339026,7.990341427111373,3.8152504401990006,-0.0659545641433529,0.05069523201617729
esol,regression,inner,within_unit_rank,seed,83,81,6.8380657114719146,3.407324421446035,-0.06500899204378068,7.925427844349523,3.7426822284135044,-0.061650038079473155,0.05166906698146251
esol,regression,inner,within_unit_rank,seed,97,81,6.668751152086613,3.3687958572569765,-0.06284245262493697,7.684275806369879,3.678500008986484,-0.059800863718849386,0.04840022594663276
esol,regression,inner,within_unit_rank,seed,113,81,6.875326629323703,3.4413819002996764,-0.06928752983038343,7.927059890396565,3.767273139515653,-0.06583014413535786,0.049899104550115474
esol,regression,inner,within_unit_rank,seed,127,81,6.722792437659603,3.372342178620218,-0.07677230660411864,7.7469353481251835,3.6849089802017976,-0.07302748018450346,0.048778349710471694
esol,regression,inner,within_unit_rank,seed,149,81,6.811633263785738,3.4159591114385184,-0.06799150677820971,7.889034798750514,3.748204549730961,-0.06451608005664038,0.05111560084859256
esol,regression,inner,within_unit_rank,outer_fold,1,60,6.568986324694896,3.3411746539974754,-0.07406666433608605,7.821308979112135,3.722772501734987,-0.06968228341474368,0.05919506380694784
esol,regression,inner,within_unit_rank,outer_fold,2,60,6.432498005474184,3.3445908408437948,-0.06929344586392369,7.799327159947624,3.7623730743760837,-0.06483765770580095,0.06430316897319314
esol,regression,inner,within_unit_rank,outer_fold,3,60,6.709874919784557,3.360080595347388,-0.0954835214704571,8.394711145939025,3.886764547766462,-0.08792886050914565,0.07912004966897837
esol,regression,inner,within_unit_rank,inner_fold,1,60,6.294384600565221,3.1571266968817526,-0.07411188744844845,7.45365235575631,3.4974465308423137,-0.06998223697874806,0.05572183642702399
esol,regression,inner,within_unit_rank,inner_fold,2,60,7.122959133811411,3.6258466438055583,-0.11327884384577204,8.936120918424661,4.217155631097994,-0.10389668961657357,0.08282353448073823
esol,regression,inner,within_unit_rank,inner_fold,3,60,6.515666855018285,3.4281225438108858,-0.0658748815350549,7.9453466480824035,3.8741912085932455,-0.06146327096052305,0.06696954091954288
freesolv,regression,outer,raw,seed,11,27,1.6817155126354344,1.263300738083818,0.9417250173419053,2.1604317599716936,1.3708868625207855,0.9024336326043683,0.04172277895774733
freesolv,regression,outer,raw,seed,23,27,1.7521425909489179,1.2894169291021746,0.9282286040737712,2.0923416898484675,1.3642412735979768,0.9013144387320027,0.02899519064985594
freesolv,regression,outer,raw,seed,37,27,1.6437683691049014,1.2426053440673754,0.9499570299313711,2.091447933252457,1.3431751617674155,0.9122062785064419,0.03973943055893421
freesolv,regression,outer,raw,seed,53,27,1.6751049504954574,1.2593574463201491,0.9399381963445836,2.1471910415488824,1.365422992529809,0.9011346167861607,0.04128311809151941
freesolv,regression,outer,raw,seed,71,27,1.6194001278036396,1.2401206257604886,0.9508081593851361,2.0015678142372275,1.3257121046275127,0.918322415414328,0.03416645476813699
freesolv,regression,outer,raw,seed,83,27,1.6552939821827342,1.249805991719917,0.9449288202272451,2.0531083167787254,1.338517833612327,0.9117608867889411,0.035100986157166204
freesolv,regression,outer,raw,seed,97,27,1.716654464342314,1.2758931542056802,0.9357002839620624,2.2657627058790437,1.3999245970105312,0.8914832911547084,0.047255508590982556
freesolv,regression,outer,raw,seed,113,27,1.6995173392523841,1.2697064413850983,0.939379030091415,2.251078252483534,1.3944736156666464,0.8945486073742078,0.04772346548213281
freesolv,regression,outer,raw,seed,127,27,1.674412741336163,1.2592402013429165,0.9420286215428717,2.138589405446325,1.3632668200880684,0.9038406801255574,0.04053798424380082
freesolv,regression,outer,raw,seed,149,27,1.6702758405645346,1.2603842003101524,0.9441557942151433,2.1442261163823915,1.3670067774829666,0.9050140132204365,0.04145690916110354
freesolv,regression,outer,raw,outer_fold,1,20,1.696392632436219,1.2755389157621428,0.9313661364805169,2.930071096023345,1.5628287019380545,0.8374745495483524,0.1008106084755945
freesolv,regression,outer,raw,outer_fold,2,20,1.6784963628566718,1.2677759890903288,0.9415232871881412,2.0845211885237154,1.3575578069946537,0.9085270328528365,0.03504560618340957
freesolv,regression,outer,raw,outer_fold,3,20,1.695174745844686,1.2680321628114244,0.941525184762424,2.592110858076307,1.4739307702585636,0.8703597339319147,0.07558528649285856
freesolv,regression,outer,row_centred,seed,11,27,6.2330581003504095,4.084581941316625,-0.00572128225395825,10.57118045281979,5.673493765827164,-0.0047142915256812405,0.1760078743852129
freesolv,regression,outer,row_centred,seed,23,27,6.193955661665325,4.080075539747859,-0.011271048291189219,10.89844156085467,5.83095910066171,-0.009127780720595093,0.19015689714234824
freesolv,regression,outer,row_centred,seed,37,27,6.535592301505327,4.31539289031833,-0.020384983527964362,11.668002701206076,6.302836813709098,-0.016250843695858143,0.2028031970903962
freesolv,regression,outer,row_centred,seed,53,27,6.145467429781513,4.0551608949035804,0.02277746135769978,10.59836138380769,5.689750270752523,0.018658401726633394,0.18083927643999603
freesolv,regression,outer,row_centred,seed,71,27,6.1384413242660525,3.912371916429383,0.05082876752971309,10.37020278128237,5.428655194355864,0.04196939911062457,0.17429831274011504
freesolv,regression,outer,row_centred,seed,83,27,6.319143841530872,4.1435310037303275,0.009029655943108332,10.971521638139068,5.8823310239338396,0.007338139146153147,0.18732904194939995
freesolv,regression,outer,row_centred,seed,97,27,6.188444102936667,4.039192186110651,-0.003171942144215176,10.583613322022618,5.64617985378188,-0.0026046063416122634,0.17886070325639852
freesolv,regression,outer,row_centred,seed,113,27,6.354663508426818,4.0912900211420125,0.0250835056490335,11.141470631002038,5.877813509795295,0.020246285023327162,0.19284468022087403
freesolv,regression,outer,row_centred,seed,127,27,6.246465835985221,4.154036381437193,-0.009231415701413372,11.075288983154792,5.977115505680377,-0.0074396794410454044,0.1940911684969015
freesolv,regression,outer,row_centred,seed,149,27,6.06200258457891,3.9773887092421574,0.039527552292054735,10.54932709882052,5.62314391017913,0.032252735471235736,0.1840442020560246
freesolv,regression,outer,row_centred,outer_fold,1,20,5.624737770388502,3.849146940961878,0.016821492376631032,11.12609627342231,5.887889090156946,0.013099121457065994,0.2212866038411807
freesolv,regression,outer,row_centred,outer_fold,2,20,5.880307181510858,3.9603597618646376,0.021971981818821533,13.050620945239608,6.823196372916034,0.015861954255586553,0.2780826788233097
freesolv,regression,outer,row_centred,outer_fold,3,20,6.3245519133954025,4.262357751163723,0.021331882970620636,13.485844800078045,7.191875354131849,0.015530851320153178,0.27194184678665806
freesolv,regression,outer,fixed_reference_relative,seed,11,27,1.1590411728197232,1.0472936338185919,0.9815296937231802,1.5121193414920273,1.1315192226726691,0.9429642727979474,0.03929114032092596
freesolv,regression,outer,fixed_reference_relative,seed,23,27,1.1894921562294365,1.0572057015595566,0.9773147328109044,1.550890424616275,1.143143584505793,0.9385116731961268,0.039703749787106925
freesolv,regression,outer,fixed_reference_relative,seed,37,27,1.1553069092617523,1.0453201351145927,0.9824379586120949,1.5740517931156488,1.146088188399478,0.9366752721211054,0.046580739363572196
freesolv,regression,outer,fixed_reference_relative,seed,53,27,1.1494526018653286,1.043924849743291,0.9818803650877034,1.488955677173818,1.124937599653193,0.9445847542459018,0.03798386460092834
freesolv,regression,outer,fixed_reference_relative,seed,71,27,1.1384825720607066,1.0400388859559044,0.9843306894552294,1.4887945968672756,1.1239847823102163,0.9455321756548238,0.03941613749935816
freesolv,regression,outer,fixed_reference_relative,seed,83,27,1.1680230837977341,1.0502943998823575,0.9801663176350586,1.5951954158502162,1.15286989722871,0.9339425456112428,0.04715911084900779
freesolv,regression,outer,fixed_reference_relative,seed,97,27,1.1680366849640325,1.0496009021295047,0.979415526846801,1.6057771882394,1.1549082934590025,0.9320527329743645,0.04835822240323219
freesolv,regression,outer,fixed_reference_relative,seed,113,27,1.1747585569440533,1.0523666878307054,0.9803933860118418,1.5978280756572143,1.1538433846759095,0.934702576843494,0.04660456692207441
freesolv,regression,outer,fixed_reference_relative,seed,127,27,1.1663659646959483,1.0496756225494395,0.980603227505265,1.613152313971474,1.1570879278417954,0.9323039563756379,0.04925465241686364
freesolv,regression,outer,fixed_reference_relative,seed,149,27,1.1538586524234349,1.045746843218534,0.9826205453907473,1.544851913179374,1.139461627826373,0.9398722738611551,0.043504353465958594
freesolv,regression,outer,fixed_reference_relative,outer_fold,1,20,1.1480876459637037,1.043540248019358,0.979910295618888,1.5544002143821638,1.141016263735576,0.9355936655712859,0.04522519076056084
freesolv,regression,outer,fixed_reference_relative,outer_fold,2,20,1.1489522343542529,1.0449160534119992,0.9828666750816103,1.7048741619422416,1.1795704182814146,0.9229858686792559,0.06092464819542516
freesolv,regression,outer,fixed_reference_relative,outer_fold,3,20,1.234810378960116,1.0742102736640298,0.9737409641117801,2.635954848391739,1.415703971721726,0.8433535472067157,0.13390359624440817
freesolv,regression,outer,within_unit_rank,seed,11,27,9.52709430338803,6.011866052837193,-0.0652079471557806,16.456335814694857,9.49963115818322,-0.04826797452647995,0.2597838663565254
freesolv,regression,outer,within_unit_rank,seed,23,27,9.716563064714753,6.145956962873223,-0.06589316227787334,16.908387432899932,9.852004967386158,-0.04816990298101169,0.26896962725999096
freesolv,regression,outer,within_unit_rank,seed,37,27,10.016573715738502,6.380046834867533,-0.05093527167308348,17.773639099019302,10.575032802029924,-0.03617933798559737,0.2896997150067972
freesolv,regression,outer,within_unit_rank,seed,53,27,9.414884473788732,5.9496323495167855,-0.059544052841304373,16.341380832254696,9.402193304063655,-0.044115894007460105,0.25910494999329436
freesolv,regression,outer,within_unit_rank,seed,71,27,9.68666222687045,6.073390087018461,-0.05259916509218979,16.923061223810848,9.78378646185088,-0.03836216508848396,0.27066969558837717
freesolv,regression,outer,within_unit_rank,seed,83,27,9.374974491340542,5.845028063411078,-0.05313014054301286,15.987898211175464,9.075539550584487,-0.03991815594406534,0.24867211838544653
freesolv,regression,outer,within_unit_rank,seed,97,27,9.189819364794404,5.7041949399580165,-0.0461554081859358,15.741519584519956,8.846047168984681,-0.03477879146800379,0.24648502017578625
freesolv,regression,outer,within_unit_rank,seed,113,27,9.98110107311594,6.305156115796935,-0.04235333184819721,17.694449177575944,10.444247761773616,-0.03014085170153251,0.2883475659113825
freesolv,regression,outer,within_unit_rank,seed,127,27,9.508601118405428,6.095336725900509,-0.05233109685305799,17.006658590695928,9.970379187182834,-0.03773265687514278,0.2789630039459438
freesolv,regression,outer,within_unit_rank,seed,149,27,9.415212678187451,5.90514101706086,-0.02084662501227188,16.162151242803766,9.21665606777833,-0.01559177131108259,0.2520721554734105
freesolv,regression,outer,within_unit_rank,outer_fold,1,20,7.537919193525584,4.931336515321865,-0.033006166764742495,14.982788685187467,8.240794364166032,-0.0239207847262942,0.2752631683408139
freesolv,regression,outer,within_unit_rank,outer_fold,2,20,9.22802414684311,6.146884611207024,-0.04248099145380402,19.354128994577263,11.865809710476451,-0.02698262060258782,0.3648307235971628
freesolv,regression,outer,within_unit_rank,outer_fold,3,20,8.971378278337157,6.1340283422422655,-0.04586879011681348,19.822879509883524,12.413070631073442,-0.028058815972291318,0.38828087898472413
freesolv,regression,inner,raw,seed,11,81,1.5706629540756802,1.2023820710915347,0.9407379065800974,1.8126410983574768,1.256246551789492,0.9195436072465843,0.022529441181509985
freesolv,regression,inner,raw,seed,23,81,1.5916350687995415,1.208083489009391,0.9369499354835835,1.758915496316071,1.2447629815614745,0.9224922086932876,0.015430628940524724
freesolv,regression,inner,raw,seed,37,81,1.5809383620160304,1.205717531909105,0.9396026349004087,1.8304970220812713,1.261329634164486,0.9178256880647099,0.023176762204383458
freesolv,regression,inner,raw,seed,53,81,1.594574427532104,1.211624955628896,0.9358298322729427,1.8537295818527788,1.2693627320816447,0.9134410349813515,0.02392400468492545
freesolv,regression,inner,raw,seed,71,81,1.5848451936475692,1.2081469118985702,0.9385006817370064,1.8420180559901485,1.265529101228409,0.9161220913734817,0.023845044334017858
freesolv,regression,inner,raw,seed,83,81,1.6147929043676976,1.2187466310929163,0.9359422526389762,1.8715316698877558,1.2758864517636361,0.9138949674562473,0.023556245185602752
freesolv,regression,inner,raw,seed,97,81,1.5607008341641524,1.1974131857119097,0.9433834986817262,1.787205414591633,1.2477318637525183,0.9234101454631454,0.021172040052100737
freesolv,regression,inner,raw,seed,113,81,1.5753419989992075,1.2026156003901767,0.9395602168500061,1.8236512035983543,1.2579684566326947,0.9178305845519532,0.023127450384079186
freesolv,regression,inner,raw,seed,127,81,1.588212250230656,1.210277603384855,0.9388832204035535,1.8374760865156419,1.2657233694560006,0.9172617585027638,0.02302891502470007
freesolv,regression,inner,raw,seed,149,81,1.5696803395617842,1.202152535403099,0.9416278297135021,1.8180996887291947,1.2575228692600169,0.9198359422411158,0.023142781877014917
freesolv,regression,inner,raw,outer_fold,1,60,1.614620561807561,1.2210391961781573,0.9313769809007374,1.8471843142383264,1.2723889016974976,0.9116282798331985,0.021203767617748347
freesolv,regression,inner,raw,outer_fold,2,60,1.5367283249408026,1.1895531030276172,0.9426711663329299,1.8380940643928747,1.2572054140613564,0.9159498418958381,0.028346389909261777
freesolv,regression,inner,raw,outer_fold,3,60,1.5730426510390507,1.2071785381806417,0.9404354290864148,1.9681541359548576,1.2968613472072048,0.9060133700429639,0.03660225676194524
freesolv,regression,inner,raw,inner_fold,1,60,1.651772900506628,1.235463849038937,0.9280895019834667,1.9205443278180667,1.2949822640063902,0.905633463713544,0.024195983492896728
freesolv,regression,inner,raw,inner_fold,2,60,1.5660813346103106,1.201457461886732,0.9433438577521074,1.8852195915113248,1.2733311768686721,0.9152636117957944,0.02976671308723513
freesolv,regression,inner,raw,inner_fold,3,60,1.5331434714926804,1.1878155037071627,0.9439413280848901,1.8745927650891672,1.2649771375171157,0.9135528629827405,0.03219317154362034
freesolv,regression,inner,row_centred,seed,11,81,8.276333553683328,5.354190003180457,-0.06798117459576358,11.420539452787441,6.6147887475109215,-0.05969713538935367,0.12185784161084745
freesolv,regression,inner,row_centred,seed,23,81,8.417603161970774,5.350940615646028,-0.07263963032687079,11.524690313413902,6.594047926259231,-0.06389096331276858,0.12043931081056072
freesolv,regression,inner,row_centred,seed,37,81,8.456422392965568,5.544382633955057,-0.08910304170230474,11.760231608396367,6.902209502080706,-0.07778285019781994,0.1270460725943088
freesolv,regression,inner,row_centred,seed,53,81,8.232679846541952,5.3941057787971705,-0.09139844831885072,11.337659065242239,6.63990217174865,-0.08042743973564948,0.1200349544767767
freesolv,regression,inner,row_centred,seed,71,81,8.19249670697279,5.285294215197884,-0.05605809218129354,11.303082278330933,6.521569694414339,-0.049284228651877586,0.12083649774432412
freesolv,regression,inner,row_centred,seed,83,81,8.305126019332494,5.368286437039214,-0.0721654851271887,11.451280607561836,6.62804488986942,-0.0633916515734768,0.12157936080175137
freesolv,regression,inner,row_centred,seed,97,81,8.519977663167895,5.677785650819589,-0.0972014318492839,11.930883643110603,7.100199317886049,-0.08454026665036476,0.13025698241308784
freesolv,regression,inner,row_centred,seed,113,81,8.270317817196025,5.373659407069192,-0.08549983244623004,11.465749688593236,6.658612052381393,-0.07493210497938384,0.12359939387591294
freesolv,regression,inner,row_centred,seed,127,81,8.179077563551322,5.323069662464737,-0.06910384257977671,11.228074579763163,6.53217034966677,-0.060951242339437176,0.11797607681407635
freesolv,regression,inner,row_centred,seed,149,81,8.086754936201755,5.225699603227879,-0.08687090445474294,11.084221626787558,6.407691673579288,-0.07669930424515628,0.11708868778827712
freesolv,regression,inner,row_centred,outer_fold,1,60,7.5900774368501205,4.744742819081026,-0.05245319862987265,11.351171074986935,6.189620337421894,-0.04469082422425581,0.14798667399467375
freesolv,regression,inner,row_centred,outer_fold,2,60,7.999168297773285,5.3065506674220835,-0.09156733454881996,11.657850759902711,6.793365690958726,-0.07864286291239758,0.14114718638590068
freesolv,regression,inner,row_centred,outer_fold,3,60,8.340707567789723,5.501848846090173,-0.03901967455146471,12.94221360349787,7.4733511258444505,-0.03221006466364812,0.17451734198436453
freesolv,regression,inner,row_centred,inner_fold,1,60,8.401589287421347,5.695634301715707,-0.0912109718143374,12.988723272168267,7.690646104772678,-0.07545873303209732,0.17270113966447204
freesolv,regression,inner,row_centred,inner_fold,2,60,8.025434930625462,5.1851425624197205,-0.05994933904052582,12.46467208120339,7.027524198053321,-0.049694305951972204,0.17106165393452
freesolv,regression,inner,row_centred,inner_fold,3,60,7.709757844181533,4.914913815536195,-0.07208027944784473,11.187069201141744,6.263162785791892,-0.06224293199071251,0.13647765425563171
freesolv,regression,inner,fixed_reference_relative,seed,11,81,1.4236962803934792,1.1327662747288711,0.9420247646492431,1.7452227626788166,1.2074475940673106,0.9112859736246356,0.03263055513838113
freesolv,regression,inner,fixed_reference_relative,seed,23,81,1.4564133181087935,1.1437826884620612,0.9379743443600316,1.6862311954817901,1.1964164319292718,0.9163014764045382,0.02310603492068864
freesolv,regression,inner,fixed_reference_relative,seed,37,81,1.4097626570167172,1.1262273185913092,0.9424224889220824,1.7199441263007211,1.1984297309677423,0.9124874932836514,0.031763880839335124
freesolv,regression,inner,fixed_reference_relative,seed,53,81,1.4157806910745385,1.129629388909945,0.9407989337627516,1.7139442727695129,1.1987447504391653,0.9122175468133256,0.030379910014474504
freesolv,regression,inner,fixed_reference_relative,seed,71,81,1.4323255370358203,1.1348333169004572,0.9406028306567887,1.756589226483171,1.210136726615007,0.9097181988212697,0.03283493396883903
freesolv,regression,inner,fixed_reference_relative,seed,83,81,1.4382059987080913,1.1371344686230025,0.9395162934325192,1.778641431921153,1.2163023459012718,0.9072208524748373,0.03437454058374036
freesolv,regression,inner,fixed_reference_relative,seed,97,81,1.4076443883969432,1.125632033229717,0.943472186480005,1.7198695258272865,1.1982414090515716,0.9133279427157063,0.03195032582440405
freesolv,regression,inner,fixed_reference_relative,seed,113,81,1.4392771950572876,1.137061182643821,0.939082922882263,1.7236276307067575,1.202720117217218,0.9120856230980063,0.028748579200434894
freesolv,regression,inner,fixed_reference_relative,seed,127,81,1.4185991815160537,1.1307608744892175,0.9418799856689045,1.7144453970620712,1.199272422137122,0.9135312018970257,0.03009808489745769
freesolv,regression,inner,fixed_reference_relative,seed,149,81,1.4071821913461056,1.1266196556801502,0.9439747994347217,1.7132984486690035,1.1977541010334434,0.9144238438108365,0.031304814113237274
freesolv,regression,inner,fixed_reference_relative,outer_fold,1,60,1.4750851990214746,1.1511335311771014,0.9344583774901762,1.8820189172719965,1.2457455854841675,0.8968478063895452,0.040248524714014224
freesolv,regression,inner,fixed_reference_relative,outer_fold,2,60,1.3970634332166754,1.1240581345739071,0.941161494253533,1.7803717468878997,1.213706980113622,0.904376019661767,0.039085188691173146
freesolv,regression,inner,fixed_reference_relative,outer_fold,3,60,1.3816334530201944,1.1190453188842795,0.94674732200096,1.795298904309422,1.2163334768464469,0.9066161241235253,0.042388498963605865
freesolv,regression,inner,fixed_reference_relative,inner_fold,1,60,1.4231090938290027,1.1315182328337199,0.9407584858747001,1.8744194904402838,1.2373781586479549,0.8980214680506698,0.04542825652462119
freesolv,regression,inner,fixed_reference_relative,inner_fold,2,60,1.3966640739344416,1.1216924614101398,0.9453671275319647,1.8078253308061414,1.2183651480573683,0.9056177675142077,0.0420464799971727
freesolv,regression,inner,fixed_reference_relative,inner_fold,3,60,1.4393363459182476,1.1414054895310415,0.9360735314757891,1.7933683013669328,1.2235698938127373,0.9028532931571788,0.03548891962176864
freesolv,regression,inner,within_unit_rank,seed,11,81,10.702078023128452,6.432604651763227,-0.11158533899380696,13.486848718419578,7.720496112236209,-0.09925550966885081,0.11049685770673177
freesolv,regression,inner,within_unit_rank,seed,23,81,10.901429235265317,6.5542735990477485,-0.10600254861820321,13.73859356803382,7.886133610927026,-0.09407463098338914,0.11252481935859553
freesolv,regression,inner,within_unit_rank,seed,37,81,10.760436495551303,6.598914995076265,-0.11865879573190644,13.657561050212697,7.962095254995813,-0.10508595850709776,0.11438542875047096
freesolv,regression,inner,within_unit_rank,seed,53,81,10.320354526117104,6.171888182767231,-0.11052521069693547,12.865128085727099,7.308776715278888,-0.0993054316370005,0.10151330170905604
freesolv,regression,inner,within_unit_rank,seed,71,81,10.51270395027002,6.402312984276534,-0.09664753212634386,13.193834659415975,7.625125108178286,-0.08641846899860822,0.10583884453835328
freesolv,regression,inner,within_unit_rank,seed,83,81,10.545708993103727,6.35973509167298,-0.10678116685171389,13.279834337928484,7.608611998574891,-0.0952178694720652,0.10828967055311002
freesolv,regression,inner,within_unit_rank,seed,97,81,10.620380297649316,6.4211913460495795,-0.12321505022999928,13.436424633716728,7.719209280822723,-0.10949049338629005,0.11138701658677505
freesolv,regression,inner,within_unit_rank,seed,113,81,10.481961925817025,6.297214606254351,-0.10643632708054859,13.12820763034611,7.495148474640726,-0.09525986221254837,0.10500611186575541
freesolv,regression,inner,within_unit_rank,seed,127,81,10.368038484363062,6.319311376347887,-0.12292817455305509,13.073312941111963,7.542793829391092,-0.10980453606286814,0.10675858921603788
freesolv,regression,inner,within_unit_rank,seed,149,81,10.487692871352944,6.338974787526808,-0.11742152098258055,13.186367306705126,7.570225473616308,-0.10483964314707629,0.1071513784715047
freesolv,regression,inner,within_unit_rank,outer_fold,1,60,10.061875413171299,6.148329332415054,-0.12065718299811663,13.68313508546991,7.821118712304732,-0.10345967216266563,0.1425320101806074
freesolv,regression,inner,within_unit_rank,outer_fold,2,60,9.710791551523766,5.788869760665269,-0.11909955523823303,12.66178045271605,7.062704338606295,-0.10517277162527389,0.11693396826798882
freesolv,regression,inner,within_unit_rank,outer_fold,3,60,10.415592372531204,6.4070636757646815,-0.10461723847638925,14.339353629742524,8.272970579418969,-0.08864692156357148,0.15265473592501758
freesolv,regression,inner,within_unit_rank,inner_fold,1,60,10.433844406856798,6.536412656300849,-0.12151768151669573,14.38787459560502,8.442317519948464,-0.10284539559600918,0.1536590040859293
freesolv,regression,inner,within_unit_rank,inner_fold,2,60,10.199815478892953,6.252720558251461,-0.11672242921923949,13.685810252545709,7.853001443146986,-0.10086416408387647,0.13586304912808517
freesolv,regression,inner,within_unit_rank,inner_fold,3,60,10.218204572449054,6.06353737085495,-0.07190886606802493,13.6503443607736,7.623280008538131,-0.062173711840352516,0.1353818348138474
lipo,regression,outer,raw,seed,11,27,1.555075383735111,1.202677858996674,0.9466931082381151,1.9852756702835719,1.30103831864583,0.9087495211993103,0.04008013442647898
lipo,regression,outer,raw,seed,23,27,1.4881105553815095,1.1793915495808251,0.9579605633983943,1.8974792013066575,1.273166160570185,0.9206030193806495,0.03899695399278014
lipo,regression,outer,raw,seed,37,27,1.4573537807730694,1.163481364352148,0.9561777728518466,1.8747502286465414,1.2599411831067715,0.917408796870443,0.0405457824707359
lipo,regression,outer,raw,seed,53,27,1.4738225380508372,1.1748715793761013,0.960812350346761,1.8690800418290026,1.265492995687646,0.9244098861418266,0.03788717348584943
lipo,regression,outer,raw,seed,71,27,1.4590801184372248,1.1656903607808682,0.9583218521545471,1.8298156263518839,1.2504557004116008,0.923998073893953,0.035816545540963626
lipo,regression,outer,raw,seed,83,27,1.5186839970535186,1.1922197010128381,0.952910518509595,1.9510109337026766,1.2914192169403185,0.9141054835084346,0.04072264315211222
lipo,regression,outer,raw,seed,97,27,1.532855133013296,1.1972646890805294,0.9509057984683358,1.9676903880655632,1.2969161290808666,0.9121641394053517,0.04074184753672426
lipo,regression,outer,raw,seed,113,27,1.4653521102977058,1.1667725756774734,0.957419320919088,1.8670529503203943,1.2590545788315024,0.9202845524018457,0.03878631620008956
lipo,regression,outer,raw,seed,127,27,1.4847689815566676,1.1753961189340314,0.9549266319035173,1.920364534134889,1.2755061555241938,0.9151967488737087,0.04160516808564892
lipo,regression,outer,raw,seed,149,27,1.4832652170163791,1.1765425555274094,0.9547884485954898,1.8998363956481685,1.2720663518790394,0.9168158146974461,0.03977073031612627
lipo,regression,outer,raw,outer_fold,1,20,1.4380960253013995,1.1568222475460914,0.9590076766278117,1.9293614776972206,1.2701768047631903,0.9135320388722206,0.04741947208962784
lipo,regression,outer,raw,outer_fold,2,20,1.5640060489331185,1.2105216626865707,0.9426445026136534,2.4313080081092213,1.4121030153523328,0.8699107061590249,0.07715930687863853
lipo,regression,outer,raw,outer_fold,3,20,1.435076569073188,1.1633411634474258,0.9638078208801634,1.9208612150163094,1.2752667814647793,0.9188695767024424,0.0466257309851285
lipo,regression,outer,row_centred,seed,11,27,7.753405602233301,4.882334863776057,-0.03359635074662126,13.118580924489793,7.101814736289734,-0.02669186496486145,0.2055129687695073
lipo,regression,outer,row_centred,seed,23,27,7.261155157726504,4.521048886326456,-0.027462271420071703,11.852098387895179,6.29026185561503,-0.022520106766839975,0.17996197683850557
lipo,regression,outer,row_centred,seed,37,27,7.3843409916354235,4.410271773142066,-0.011710349151751615,11.992361650753931,6.161732165048038,-0.009587582161265307,0.18127273260411464
lipo,regression,outer,row_centred,seed,53,27,7.394077410871636,4.3373121308298535,8.384425925718583e-05,11.755185849456291,5.9490314669472815,6.947447706679181e-05,0.1713865960257112
lipo,regression,outer,row_centred,seed,71,27,7.529646217310691,4.744437171088115,-0.05139245461209761,12.811595663237098,6.886736214347093,-0.04094576491153304,0.20327283021242337
lipo,regression,outer,row_centred,seed,83,27,7.564540973029106,4.641350591041226,-0.04805682828660113,12.527113108163425,6.614754064571307,-0.038776070946393466,0.19312047155628217
lipo,regression,outer,row_centred,seed,97,27,7.7154181871507665,4.838709131349274,-0.027585398628950535,12.77331839153467,6.900285747231773,-0.022205965970074543,0.19501014762318414
lipo,regression,outer,row_centred,seed,113,27,7.628442730496542,4.8260999988679405,-0.046372665717949554,12.864561534811608,6.965484670632418,-0.037049142199758786,0.20105644939410658
lipo,regression,outer,row_centred,seed,127,27,7.586984058575941,4.831330371937114,-0.043809185646733556,12.897887758155761,7.02006303689997,-0.03484893617552029,0.20452901232783657
lipo,regression,outer,row_centred,seed,149,27,7.294401486288542,4.528591883902291,-0.046985167172822036,12.033235534286531,6.359389419920419,-0.038305256899448845,0.18473724359533558
lipo,regression,outer,row_centred,outer_fold,1,20,7.591334201095359,5.030320234119146,-0.03241242666188184,15.32344583480833,8.51973904401983,-0.023238590457080002,0.2830345379721471
lipo,regression,outer,row_centred,outer_fold,2,20,6.892879973059113,4.527957452679522,-0.033434072918711324,13.66949270938204,7.321646256508041,-0.02492003799988015,0.25465144314099736
lipo,regression,outer,row_centred,outer_fold,3,20,6.338707773883817,4.117550970651639,-0.03958410940202509,11.816833750043656,6.178885664632045,-0.031096200124698728,0.21442718822144663
lipo,regression,outer,fixed_reference_relative,seed,11,27,1.9432568698672736,1.3297990361292915,0.8941997305102047,2.8216753745928322,1.533444192205669,0.8298469426753284,0.0719669058703005
lipo,regression,outer,fixed_reference_relative,seed,23,27,1.8907834486644515,1.3139611922769003,0.9038571995850408,2.645496386453487,1.488042798686738,0.8468495489139526,0.06307152357392286
lipo,regression,outer,fixed_reference_relative,seed,37,27,2.0052768290847887,1.3518068707817645,0.8943759430492613,2.8938749732148508,1.557801250367019,0.8302471897863183,0.07170223412349847
lipo,regression,outer,fixed_reference_relative,seed,53,27,1.815119851562887,1.2819077397274419,0.9183493261838727,2.5225487307126024,1.445456994556907,0.8624528662760165,0.06086622847552914
lipo,regression,outer,fixed_reference_relative,seed,71,27,1.880981432534321,1.3083589658020283,0.9028844851962832,2.7599235286837676,1.5122901458792573,0.8369153015327064,0.07306492108925242
lipo,regression,outer,fixed_reference_relative,seed,83,27,1.8694598327633531,1.30097149563652,0.9053558361566276,2.635705186819853,1.4784615697483419,0.8467331195292275,0.06475102306322132
lipo,regression,outer,fixed_reference_relative,seed,97,27,1.9022524830870156,1.316017674417488,0.9066528477722129,2.660019298744881,1.491017205493658,0.8492715991769533,0.06328910644934717
lipo,regression,outer,fixed_reference_relative,seed,113,27,2.027318548071958,1.3691309722104308,0.8891878613619715,2.796964942314785,1.5461824051195585,0.834227037830142,0.06181013700259728
lipo,regression,outer,fixed_reference_relative,seed,127,27,1.9300010257036864,1.3261402002871316,0.8971370919431453,2.8488135835562343,1.5395733544552925,0.8296326509251494,0.07524428721566429
lipo,regression,outer,fixed_reference_relative,seed,149,27,1.9768438543110305,1.3477969579003344,0.8968068349671485,2.9139166781504846,1.565018745886823,0.8291913684949981,0.07539579744017806
lipo,regression,outer,fixed_reference_relative,outer_fold,1,20,1.878230376914154,1.30261947659769,0.8982481726958739,3.128585024822705,1.594526526762795,0.8078751846481085,0.1006102665107937
lipo,regression,outer,fixed_reference_relative,outer_fold,2,20,2.0458308160540044,1.391057220937093,0.889605621143316,2.8180773219309505,1.5667753381127367,0.8357456500414192,0.06054364970477218
lipo,regression,outer,fixed_reference_relative,outer_fold,3,20,1.8200834641045602,1.3022273764037522,0.9125219131642957,2.9389215549110657,1.5633530086693594,0.8291639599808771,0.0913489878773029
lipo,regression,outer,within_unit_rank,seed,11,27,10.012207335992025,6.030317482432462,0.018288314853651507,17.197769239131308,9.685878629601023,0.01337614113828466,0.26859630068027157
lipo,regression,outer,within_unit_rank,seed,23,27,9.610011708649479,5.648416520588566,-0.0031530534143230263,16.053490408857733,8.69404688888922,-0.0023900873414774105,0.24197689432718247
lipo,regression,outer,within_unit_rank,seed,37,27,9.531081401243062,5.666073574101537,0.0036965056136693663,16.203244990778344,8.824895351175687,0.0027786300991084027,0.24830897352535677
lipo,regression,outer,within_unit_rank,seed,53,27,9.752979003528674,5.567782728307554,0.013452347435047488,16.15067843539818,8.55003999005384,0.010224907728073909,0.23991646978765177
lipo,regression,outer,within_unit_rank,seed,71,27,9.78018419661744,5.773581919827373,0.009518641356363182,16.645268464569074,9.107247336151058,0.007080820453518382,0.2561101749269232
lipo,regression,outer,within_unit_rank,seed,83,27,9.89722531153407,5.862162254125739,0.012554733806539374,16.834548492498048,9.282608418159091,0.009301346308113283,0.2591363185041442
lipo,regression,outer,within_unit_rank,seed,97,27,9.818630474226579,5.815143985333311,0.011502740232265907,16.543169163855953,9.082725983075585,0.008610528847133966,0.2514367295732808
lipo,regression,outer,within_unit_rank,seed,113,27,10.068028749240751,6.084910557243062,0.006330926540110024,17.43051719285145,9.866004856262533,0.004594912656278759,0.27421166125251445
lipo,regression,outer,within_unit_rank,seed,127,27,10.166172135321307,6.115010586422968,-0.007237657215294404,17.66909148354576,10.023685669825078,-0.0052087837896083065,0.28032184522344616
lipo,regression,outer,within_unit_rank,seed,149,27,10.004403973513714,6.060554005080383,-0.01763378423489604,17.27722763286534,9.764153233128415,-0.012862662670020088,0.27056708312412125
lipo,regression,outer,within_unit_rank,outer_fold,1,20,9.464087737543354,6.136524645043135,0.003804090590748583,19.599533948076918,12.056099242602388,0.0023689858859253505,0.37725303080671163
lipo,regression,outer,within_unit_rank,outer_fold,2,20,8.525970073625198,5.374144068031994,-0.009192424729498482,17.396912861073773,9.750538944301155,-0.006238474195574667,0.32134617588378045
lipo,regression,outer,within_unit_rank,outer_fold,3,20,8.260148961008491,5.081438233392071,-0.004064788417221255,15.730193590846032,8.45011920034241,-0.0029482769880724183,0.27467885521877233
lipo,regression,inner,raw,seed,11,81,1.532415232999819,1.189245622296924,0.9512390649408156,1.6993886481501368,1.2269106122320135,0.9359515758587252,0.016071132531801063
lipo,regression,inner,raw,seed,23,81,1.5082495765944761,1.1825596560466947,0.9560417157226895,1.6750806694691511,1.220196502979675,0.9406068201237424,0.016144583803312247
lipo,regression,inner,raw,seed,37,81,1.512079641340914,1.183990587776871,0.953386759148324,1.6775151455697284,1.2212558136878444,0.9381605525544059,0.015970650365985627
lipo,regression,inner,raw,seed,53,81,1.5405464183621866,1.1959105171623214,0.9522733675829479,1.7080015882540058,1.2335458488503361,0.9370610107596873,0.015974779239991185
lipo,regression,inner,raw,seed,71,81,1.5124911814298796,1.183471524691082,0.953210325614837,1.6700640522626302,1.2188913254902745,0.9387186016882607,0.015203070652039853
lipo,regression,inner,raw,seed,83,81,1.5339949326765936,1.1926374245652975,0.952513940731017,1.719010809792978,1.2344250429902603,0.9356177519097761,0.01773852129478894
lipo,regression,inner,raw,seed,97,81,1.4993068323093517,1.1801012738755083,0.9568669855328764,1.6510279415870528,1.2141669804393476,0.9428266551803117,0.014673231039260742
lipo,regression,inner,raw,seed,113,81,1.5151252217261193,1.1838938052747694,0.9528251666669841,1.6849622991676783,1.2221797162079044,0.9371996255066335,0.016399169235852246
lipo,regression,inner,raw,seed,127,81,1.5101171496196373,1.1820379674605386,0.9553468082348611,1.6530283958904919,1.2141171035498952,0.9421506026961439,0.01381300008014773
lipo,regression,inner,raw,seed,149,81,1.556803324840449,1.202517916111339,0.9502126185631161,1.7332555727224062,1.2421762655299238,0.9343189428830234,0.01672644139805969
lipo,regression,inner,raw,outer_fold,1,60,1.522379137066268,1.1897070832489054,0.9537395437236296,1.7253565769445525,1.2354610701032835,0.9352173870966363,0.019420560622534066
lipo,regression,inner,raw,outer_fold,2,60,1.4514121759316334,1.1644606385946588,0.9648286240625367,1.646519189445174,1.2085942151192837,0.9463707617081578,0.01913071595726517
lipo,regression,inner,raw,outer_fold,3,60,1.58654270843096,1.2079834323104832,0.9394335936585232,1.8712328489015537,1.2729032908960995,0.9141986346734265,0.026861886944900035
lipo,regression,inner,raw,inner_fold,1,60,1.569183705246116,1.2063877834575518,0.9430866687519939,1.8311485355693127,1.2658858243165318,0.9197670237083577,0.024726937423996984
lipo,regression,inner,raw,inner_fold,2,60,1.5146847081482169,1.1893971672434012,0.9579456767108139,1.7353716387081195,1.239430279882178,0.9376491629154621,0.02118754151596742
lipo,regression,inner,raw,inner_fold,3,60,1.4774964734690803,1.168683527431482,0.9571482423965884,1.6701985585581491,1.2122330812669122,0.939134212748957,0.018820522098568885
lipo,regression,inner,row_centred,seed,11,81,8.406166643871543,4.734455830304526,-0.030021437236764342,10.261921180783629,5.430057988152557,-0.027672761424138048,0.0782332902353565
lipo,regression,inner,row_centred,seed,23,81,7.994441665652738,4.364847856949569,0.0004466547131446881,9.679369713568544,4.962019182657216,0.0004143653718527207,0.07229150469411692
lipo,regression,inner,row_centred,seed,37,81,7.967257441867259,4.381157307828835,0.005639233578225575,9.697310488540852,4.9963917582140525,0.005221489711039567,0.07407812806318487
lipo,regression,inner,row_centred,seed,53,81,7.692448701755321,4.21592610987857,0.005561000257895344,9.294852187449951,4.771292069634543,0.005174840441464911,0.06944071183635754
lipo,regression,inner,row_centred,seed,71,81,7.792885314796916,4.278652367673067,0.00027647596152770304,9.396638234003387,4.839640680829659,0.0002573148822024876,0.06930468464337865
lipo,regression,inner,row_centred,seed,83,81,8.015436239076285,4.425103346381358,0.002860723735890614,9.736043402463094,5.0408302341837095,0.0026502259534894055,0.07358200295970457
lipo,regression,inner,row_centred,seed,97,81,7.6877306488085475,4.224191969076887,0.0012804048550430738,9.249171863233038,4.765396221245652,0.001193704434312201,0.06771328645728766
lipo,regression,inner,row_centred,seed,113,81,7.77133341699461,4.217026066016605,0.0013330234600695161,9.36085440309511,4.7669699893368636,0.001241304538008474,0.06880518221055464
lipo,regression,inner,row_centred,seed,127,81,8.054337160586174,4.452676426173516,-0.0006231614103692115,9.70010462997043,5.04196573798686,-0.0005793160754978294,0.0703595154350268
lipo,regression,inner,row_centred,seed,149,81,7.640985616111179,4.214528697520385,0.0037915012578682117,9.19793237702079,4.752353508398647,0.003535794020198918,0.06744221359247553
lipo,regression,inner,row_centred,outer_fold,1,60,7.1591350200492165,3.8417684419291187,0.0011832700165894786,9.041917450077515,4.462475459906292,0.0010857286358374458,0.08243374663813072
lipo,regression,inner,row_centred,outer_fold,2,60,8.09281685233709,4.615735887079456,0.021512334610469572,10.361336478876284,5.458945334660621,0.019474315329511712,0.09473724344014206
lipo,regression,inner,row_centred,outer_fold,3,60,7.837982003986979,4.4318045843244,-0.020707234179300968,10.24908896731945,5.3176912852509926,-0.018597662781273255,0.10187605837463498
lipo,regression,inner,row_centred,inner_fold,1,60,7.45977993754308,4.1970539831683205,-0.004077221602282562,9.591920350125713,4.947935032224649,-0.0037040718514412484,0.0915205959451436
lipo,regression,inner,row_centred,inner_fold,2,60,7.752707904032618,4.259631157359564,0.04727536706599737,10.050606616432999,5.078841611354082,0.042651010837550615,0.097817457916108
lipo,regression,inner,row_centred,inner_fold,3,60,7.970949511414558,4.504441874709459,-0.007257974742981985,10.274828351940453,5.350117222179052,-0.006556479067660865,0.09665171072680095
lipo,regression,inner,fixed_reference_relative,seed,11,81,1.8509870861835074,1.2974314316657294,0.9164937804212743,2.12340786374122,1.360070731452369,0.8941956649391861,0.024329805568171402
lipo,regression,inner,fixed_reference_relative,seed,23,81,1.781168244134575,1.2699254103533766,0.9242074685116651,2.0723478338847188,1.3370705499931044,0.8996849150029723,0.026533602404429767
lipo,regression,inner,fixed_reference_relative,seed,37,81,1.818412920586626,1.2853711492740225,0.9204564475632111,2.1174219571503428,1.3542172344936068,0.8957146051565789,0.026879970771168448
lipo,regression,inner,fixed_reference_relative,seed,53,81,1.8045376295220819,1.2788760003723574,0.9212682239228257,2.114808605952701,1.3504057855293774,0.8954573958527137,0.02801662686270334
lipo,regression,inner,fixed_reference_relative,seed,71,81,1.8153356425219573,1.2825916091233835,0.9188325693031292,2.114686279213352,1.3515009807038507,0.8940633351025882,0.026957288006592094
lipo,regression,inner,fixed_reference_relative,seed,83,81,1.7810229915871085,1.268425669342614,0.9236796901117021,2.0666463512825795,1.3342060538354448,0.8996249404125246,0.026042306609847188
lipo,regression,inner,fixed_reference_relative,seed,97,81,1.7817442995744621,1.2702146246477715,0.9224796116473203,2.0616937412938903,1.3346287821615728,0.8989677130110265,0.02548771630226883
lipo,regression,inner,fixed_reference_relative,seed,113,81,1.8933509220935392,1.3138754671534554,0.9139555279189884,2.1645986013985983,1.3760659426420434,0.8921279713239756,0.02388251498922755
lipo,regression,inner,fixed_reference_relative,seed,127,81,1.7864554181375658,1.2712997541304636,0.9218064598049339,2.0880375113219714,1.3408601806348346,0.896526841273851,0.02742399802278715
lipo,regression,inner,fixed_reference_relative,seed,149,81,1.8253633128513085,1.2898742657376818,0.9181395900952882,2.1302627234466227,1.3599389844405534,0.8931203677807866,0.027249911216556177
lipo,regression,inner,fixed_reference_relative,outer_fold,1,60,1.8641186884731655,1.3080859447641822,0.9160887063090446,2.145289795350196,1.3722758296524689,0.8934392150603196,0.024724124522810267
lipo,regression,inner,fixed_reference_relative,outer_fold,2,60,1.6559277295705996,1.2220341773951076,0.9378341693626685,1.997493498810637,1.3012043191819107,0.9076468100832417,0.032188376437533535
lipo,regression,inner,fixed_reference_relative,outer_fold,3,60,1.9524841436410039,1.337422636244632,0.9005365654351696,2.4990713971955647,1.4644070503223308,0.8587627259428177,0.046387721604801806
lipo,regression,inner,fixed_reference_relative,inner_fold,1,60,1.8845227323318512,1.3181860062499409,0.9145562686946649,2.2794530918449993,1.4092023173593375,0.8831718575793998,0.03431654474367053
lipo,regression,inner,fixed_reference_relative,inner_fold,2,60,1.7172433697918503,1.2426330181779113,0.9297874886873535,2.1687198346348353,1.3478366953895216,0.8911841332913791,0.04151847154931463
lipo,regression,inner,fixed_reference_relative,inner_fold,3,60,1.805965068446179,1.2806710052980217,0.9186446739541979,2.1474240444474977,1.3592569042641827,0.8905137302900443,0.03062222474231264
lipo,regression,inner,within_unit_rank,seed,11,81,14.020686079134896,8.335366920947306,-0.03045097699142195,17.98112960018265,10.760742028900179,-0.025389974492243964,0.1662016460294099
lipo,regression,inner,within_unit_rank,seed,23,81,13.683642859353018,7.964952017409537,-0.04130959541495437,17.68221587292289,10.34904169588477,-0.03439604592920206,0.1673594092681312
lipo,regression,inner,within_unit_rank,seed,37,81,13.746626262578873,8.117165196539709,-0.03973275180284447,17.86167809098903,10.61034950667947,-0.03288856302116261,0.17225559446883987
lipo,regression,inner,within_unit_rank,seed,53,81,13.865045950866532,8.208012822236084,-0.03884638837911447,18.058163279665514,10.775197965359503,-0.03202310929150627,0.17564770812199157
lipo,regression,inner,within_unit_rank,seed,71,81,13.737298621652823,8.091948538113014,-0.04466295368272159,17.826091001815048,10.558270715450957,-0.03702843981153584,0.17093616166588663
lipo,regression,inner,within_unit_rank,seed,83,81,13.992548563366787,8.286560814096383,-0.037613281307902494,18.246965963914974,10.925436864245745,-0.030880974387201936,0.17898749289086993
lipo,regression,inner,within_unit_rank,seed,97,81,13.642027812878103,7.995263220509171,-0.03586321110648645,17.56486015592625,10.328365505889765,-0.029981069151200107,0.16401604245143997
lipo,regression,inner,within_unit_rank,seed,113,81,14.062417730108223,8.368869352230824,-0.04703032804179956,18.405602140675217,11.09152326866405,-0.038426846984363536,0.18293474478403357
lipo,regression,inner,within_unit_rank,seed,127,81,14.120672503129352,8.427937197546976,-0.03869064379541972,18.602767803125737,11.260597966910083,-0.03139678618787224,0.18851734921017071
lipo,regression,inner,within_unit_rank,seed,149,81,13.585998769352443,7.981704733762086,-0.0379815791061269,17.64153124033129,10.401372772887125,-0.03155131757048617,0.16929947850966137
lipo,regression,inner,within_unit_rank,outer_fold,1,60,12.700056462753798,7.287644428726375,-0.0531958106375114,17.32763479520757,9.903373206267988,-0.043150453481951435,0.1888373733791063
lipo,regression,inner,within_unit_rank,outer_fold,2,60,13.38724034437011,8.062951912760076,-0.04203245777136046,18.68390074141107,11.369028553125588,-0.03286205244737356,0.21817437785509164
lipo,regression,inner,within_unit_rank,outer_fold,3,60,13.734151649792512,8.366865543072118,-0.024589141073120588,20.338611560726054,12.85423451411757,-0.01785571924340136,0.2738372117064214
lipo,regression,inner,within_unit_rank,inner_fold,1,60,13.466754954549288,8.222881458065554,-0.041577361129766496,19.413321905398213,12.060346254398128,-0.03143896518805586,0.2438441417690706
lipo,regression,inner,within_unit_rank,inner_fold,2,60,12.998227449043462,7.7204218983106045,-0.033665718819261115,18.48496265033495,11.062246541805346,-0.0261174766460667,0.2242115254903116
lipo,regression,inner,within_unit_rank,inner_fold,3,60,13.351502948637089,7.821039853975544,-0.046731165788957,18.327843406882007,10.844032423867692,-0.03712283181449616,0.20560869416040597
tdc_caco2_wang,regression,outer,raw,seed,11,27,2.6476517264296118,1.645266384827104,0.8334301097505535,3.755797517219712,1.9012855504299988,0.7720125941936569,0.0736924606374958
tdc_caco2_wang,regression,outer,raw,seed,23,27,2.801580993496978,1.7183071387336848,0.8144970018873002,3.9971257050944233,1.9975008038952222,0.7519432188193813,0.07680050745794437
tdc_caco2_wang,regression,outer,raw,seed,37,27,2.58411925948321,1.618612526110076,0.8463787794636957,3.5729496020116036,1.8457890847750045,0.78961494612075,0.06706670195454781
tdc_caco2_wang,regression,outer,raw,seed,53,27,2.639353011840816,1.6343427399103292,0.8363075543105369,3.7186966570705664,1.8828051672800816,0.7759805118027668,0.07213499650556754
tdc_caco2_wang,regression,outer,raw,seed,71,27,2.7666698085504007,1.702987727834109,0.8130988310809617,4.078303436288883,2.010017177080411,0.7446246664611373,0.0842138274000373
tdc_caco2_wang,regression,outer,raw,seed,83,27,2.67758204581013,1.666136302446328,0.8273537633310428,3.737628209894806,1.9117970923433492,0.7692364783694567,0.07024478226532446
tdc_caco2_wang,regression,outer,raw,seed,97,27,2.51572124617727,1.5966543402943398,0.8525560952651037,3.4347796904273,1.8077045682412722,0.7984579815439413,0.06345402258175198
tdc_caco2_wang,regression,outer,raw,seed,113,27,2.6035328078913165,1.6294617278738812,0.8359889059991168,3.7148458128514115,1.8864459637136024,0.7736689620033494,0.07454637681021217
tdc_caco2_wang,regression,outer,raw,seed,127,27,2.588893189812969,1.6345101502954404,0.8409347561277429,3.5776916301404253,1.8622337713234847,0.784882052497511,0.06665523481076938
tdc_caco2_wang,regression,outer,raw,seed,149,27,2.784845266743658,1.701062735984824,0.8164684467842012,3.94283288181555,1.9703944940978992,0.7552384530791976,0.0749937048347284
tdc_caco2_wang,regression,outer,raw,outer_fold,1,20,2.4356901516298186,1.5587250188531987,0.8631566631172767,3.685091958410828,1.8455870716883351,0.7894981753833783,0.08533617462661082
tdc_caco2_wang,regression,outer,raw,outer_fold,2,20,2.4308696614381198,1.5594333223760148,0.8474553479121905,3.7579120350437534,1.8641884288996433,0.7712060095836142,0.08997446121075972
tdc_caco2_wang,regression,outer,raw,outer_fold,3,20,2.852324389307477,1.7889842562669567,0.7852345320398606,4.757703628221534,2.2507063657645245,0.694702553864236,0.11529291502303554
tdc_caco2_wang,regression,outer,row_centred,seed,11,27,7.732408632800357,4.992111777155732,0.018243440856803347,13.573366047962677,7.503572042750432,0.014171667094431184,0.22319110711254544
tdc_caco2_wang,regression,outer,row_centred,seed,23,27,7.465370716316509,4.8018934218387965,0.01803852287798865,13.008688326653127,7.11607060113138,0.014173504644997212,0.21426467450434625
tdc_caco2_wang,regression,outer,row_centred,seed,37,27,7.636975478000068,4.8885630076103075,0.018532073154315952,13.473255078410647,7.377494881373587,0.01437639529300886,0.22424247015986234
tdc_caco2_wang,regression,outer,row_centred,seed,53,27,7.752597466621489,5.026363069116284,-0.012656442727497892,13.594799415230794,7.545600965568096,-0.009835589898972128,0.2228788048317133
tdc_caco2_wang,regression,outer,row_centred,seed,71,27,7.480931548680777,4.8805676074778335,-0.008351819116703543,13.050624491646824,7.213998152419849,-0.006567365302740682,0.2136604958785572
tdc_caco2_wang,regression,outer,row_centred,seed,83,27,7.440001356895157,4.796621152738898,0.0018318083927042596,13.038364028543764,7.137541263949879,0.0014356019858417115,0.21629249458653654
tdc_caco2_wang,regression,outer,row_centred,seed,97,27,7.557088418773671,4.808220981572298,0.036517470442012784,12.882059118730842,7.00949433124634,0.028994676158498642,0.20600535010933502
tdc_caco2_wang,regression,outer,row_centred,seed,113,27,7.784393850673423,5.0297192592023485,-0.037534864802336636,13.770699061420157,7.624398364270401,-0.028982702365707116,0.22784583031446298
tdc_caco2_wang,regression,outer,row_centred,seed,127,27,7.319063180791358,4.756956920448667,0.012776515017050637,12.714408532798512,6.976588006727688,0.010111158888652856,0.20861370450711914
tdc_caco2_wang,regression,outer,row_centred,seed,149,27,7.780048333558977,5.0350187234850825,0.026014010481249787,13.918274058542336,7.723516402202012,0.01992935061945643,0.23389933921103906
tdc_caco2_wang,regression,outer,row_centred,outer_fold,1,20,7.019203131700624,4.704202236980407,0.08815913621486343,14.43948877688156,7.934166408884518,0.06374002428963031,0.2769890107103397
tdc_caco2_wang,regression,outer,row_centred,outer_fold,2,20,7.275869730065353,4.912322574453048,-0.045414203979409186,16.015153444549675,9.013739008440265,-0.030883814683935452,0.3199525263519278
tdc_caco2_wang,regression,outer,row_centred,outer_fold,3,20,6.81312639117054,4.517919398839895,0.04588297094332776,13.727991328421512,7.42312114401898,0.03385057545472167,0.2622409848627257
tdc_caco2_wang,regression,outer,fixed_reference_relative,seed,11,27,1.230823479420001,1.073069460127835,0.9795417056751308,1.491626206119435,1.1339390295460297,0.951918753886757,0.028199873092014438
tdc_caco2_wang,regression,outer,fixed_reference_relative,seed,23,27,1.2254905810269006,1.071935158452993,0.9799827580668193,1.5024611161317667,1.1367447871812815,0.9506058042515908,0.02997701089474227
tdc_caco2_wang,regression,outer,fixed_reference_relative,seed,37,27,1.2424259074781219,1.078114093964535,0.9784583747246131,1.5291253399029219,1.1452085552571796,0.9482982829345111,0.030824092847680496
tdc_caco2_wang,regression,outer,fixed_reference_relative,seed,53,27,1.2145538625812835,1.0657117338147841,0.9788514735786245,1.478729346616751,1.1276608183496928,0.9505994856034498,0.028862384884488494
tdc_caco2_wang,regression,outer,fixed_reference_relative,seed,71,27,1.232954013347644,1.0735406869955946,0.9781828542508659,1.5405404980033193,1.1458166307459836,0.945685367326087,0.033222302745908344
tdc_caco2_wang,regression,outer,fixed_reference_relative,seed,83,27,1.2249911398760531,1.0722003413775358,0.9798625456547642,1.538144754215615,1.1458782790960687,0.9466700557196328,0.03387463893004659
tdc_caco2_wang,regression,outer,fixed_reference_relative,seed,97,27,1.2323971089179822,1.0738455864081946,0.9795129842670587,1.5550342283528704,1.1498642057667354,0.945378099757599,0.03484883310148455
tdc_caco2_wang,regression,outer,fixed_reference_relative,seed,113,27,1.2354880382151736,1.0749868841183998,0.9771378992728067,1.543589251553487,1.1473952331198085,0.9446585531609506,0.03323926554893365
tdc_caco2_wang,regression,outer,fixed_reference_relative,seed,127,27,1.2510946560529883,1.0813700219603721,0.9772098295295666,1.6318165120308903,1.1713576678110584,0.9375104542717443,0.040625231202324245
tdc_caco2_wang,regression,outer,fixed_reference_relative,seed,149,27,1.215228830673017,1.0670345936582022,0.9803842424536372,1.481280885865264,1.129393439315004,0.9519411282349914,0.02901221070981313
tdc_caco2_wang,regression,outer,fixed_reference_relative,outer_fold,1,20,1.1973634726804718,1.061815891136429,0.9834484185785108,1.5021400817645594,1.1334366313706246,0.950730602700137,0.033268461528124176
tdc_caco2_wang,regression,outer,fixed_reference_relative,outer_fold,2,20,1.2370939774170844,1.0736418736587277,0.9757776589570302,1.5533353587427914,1.1478070018934947,0.942556390335343,0.03404594101610843
tdc_caco2_wang,regression,outer,fixed_reference_relative,outer_fold,3,20,1.2354303523218433,1.0782000178999298,0.9792159303690255,1.9384115764752599,1.2475162750150834,0.9077636390870845,0.0729688815979685
tdc_caco2_wang,regression,outer,within_unit_rank,seed,11,27,10.000983942510704,6.308514083795063,-0.056686562785791296,19.05619300924622,11.63491846251233,-0.036965624060148125,0.34789441723897063
tdc_caco2_wang,regression,outer,within_unit_rank,seed,23,27,9.443668619102784,5.693641300168111,-0.04873145713689315,17.099452790263985,9.695886569646055,-0.03426317379501009,0.2968982294381167
tdc_caco2_wang,regression,outer,within_unit_rank,seed,37,27,10.001252747869533,6.093156746569011,-0.048139150423262986,18.69459266115558,11.086552928213797,-0.03191061744766019,0.3371171454608892
tdc_caco2_wang,regression,outer,within_unit_rank,seed,53,27,9.716818197717494,5.8806610387187,-0.05673212109033036,17.616743074321622,10.118127208253505,-0.03943416479451111,0.3049058622059453
tdc_caco2_wang,regression,outer,within_unit_rank,seed,71,27,9.74165229394471,6.0042175351601905,-0.03903372696522869,18.057526584292425,10.602845082148438,-0.026534349808191384,0.3202199259161643
tdc_caco2_wang,regression,outer,within_unit_rank,seed,83,27,9.453290831657046,5.772514579477774,-0.061544043490461046,17.414641854955317,10.02061539223943,-0.04259716923051169,0.3078587818638531
tdc_caco2_wang,regression,outer,within_unit_rank,seed,97,27,10.018848680733466,6.148605005737595,-0.04404597515346326,18.480373502994876,10.965921632826802,-0.029612921522766858,0.32768155502084617
tdc_caco2_wang,regression,outer,within_unit_rank,seed,113,27,9.713001951841132,5.888232788090229,-0.04034972264476827,18.34723778969165,10.718336073924942,-0.026877106176359786,0.333896135718675
tdc_caco2_wang,regression,outer,within_unit_rank,seed,127,27,9.36825565502471,5.591359279221745,-0.048701625308729436,16.908547909845446,9.462187302136437,-0.03446803030826295,0.29226119067355316
tdc_caco2_wang,regression,outer,within_unit_rank,seed,149,27,9.81808022824447,5.927565786307588,-0.03815788377280032,17.791189397803535,10.272170901008488,-0.026355424362022557,0.30930592170813187
tdc_caco2_wang,regression,outer,within_unit_rank,outer_fold,1,20,9.184539441776028,6.2170083799012925,-0.04354806656158085,20.23151092553633,12.967728267017216,-0.02572029884073516,0.4093813831122821
tdc_caco2_wang,regression,outer,within_unit_rank,outer_fold,2,20,8.92000668145079,5.952171015382495,-0.06065754947076845,20.949110369734516,13.522757046057604,-0.03361563780407287,0.4458127949881557
tdc_caco2_wang,regression,outer,within_unit_rank,outer_fold,3,20,7.72024973942408,4.703450294095111,-0.03886140775792081,16.632272951140887,8.975195586494891,-0.025746102441197582,0.33748919746866396
tdc_caco2_wang,regression,inner,raw,seed,11,81,2.435486292138791,1.5442780407579555,0.8531984991103307,2.8334238756953165,1.6344690376667876,0.8280955903243983,0.029422120189039374
tdc_caco2_wang,regression,inner,raw,seed,23,81,2.5110088232190253,1.5711686426596716,0.840682296053662,2.935006036551573,1.6674720089059234,0.8147524852210783,0.030843769345808115
tdc_caco2_wang,regression,inner,raw,seed,37,81,2.588930762871062,1.601323315965588,0.8321099323172705,2.975018338271487,1.6889557739550995,0.8090664468212895,0.027692837930451346
tdc_caco2_wang,regression,inner,raw,seed,53,81,2.4390625727763955,1.536871348303174,0.8553361728288278,2.863595097017025,1.6332116697330137,0.8284122985492929,0.03147753495621547
tdc_caco2_wang,regression,inner,raw,seed,71,81,2.4966042512694466,1.5689269923167986,0.8428802499220949,2.91928098342361,1.6648714948653107,0.8169419033363006,0.03077346584902397
tdc_caco2_wang,regression,inner,raw,seed,83,81,2.4827977987582797,1.560956644130956,0.8474075806846495,2.908891923004013,1.6575570253632546,0.8210380764595281,0.0311178526439625
tdc_caco2_wang,regression,inner,raw,seed,97,81,2.4766271129853923,1.5510528919378135,0.8523727213037744,2.9050939467775434,1.6484844659106683,0.8254760315578765,0.0315550803934188
tdc_caco2_wang,regression,inner,raw,seed,113,81,2.5003579284144246,1.569197672660204,0.8466673973696179,2.9324786606480697,1.6674574160748374,0.8200153745370218,0.031478739957859624
tdc_caco2_wang,regression,inner,raw,seed,127,81,2.467169221762235,1.5503672758180231,0.8511433903237533,2.9037675883917986,1.64943404929044,0.8238438750965967,0.03207393200430351
tdc_caco2_wang,regression,inner,raw,seed,149,81,2.518572334315681,1.5745136661672456,0.8443515699176563,2.9363858700281624,1.669255310495544,0.8187624585484103,0.03030622821219062
tdc_caco2_wang,regression,inner,raw,outer_fold,1,60,2.4621235421894094,1.551681735859111,0.8504176752333306,3.024180315835502,1.6796463748994606,0.8156618491060272,0.040869124830651464
tdc_caco2_wang,regression,inner,raw,outer_fold,2,60,2.496857465287884,1.5715598118660579,0.8400495144079394,3.094375852034439,1.7081461521113606,0.8039534626974951,0.042968957295195086
tdc_caco2_wang,regression,inner,raw,outer_fold,3,60,2.4441202235582637,1.5541620014695523,0.850300282226111,2.9864900863333577,1.678077320443237,0.8166366831034698,0.039590248088014986
tdc_caco2_wang,regression,inner,raw,inner_fold,1,60,2.7311718500327222,1.6640050175061312,0.813348494243016,3.4246790078427045,1.8236472014338279,0.774886014883026,0.04728905214951791
tdc_caco2_wang,regression,inner,raw,inner_fold,2,60,2.3624615408632477,1.5131624974174038,0.8586575292712615,2.8628573134170603,1.6267481133724464,0.8265936583773642,0.03734186191916316
tdc_caco2_wang,regression,inner,raw,inner_fold,3,60,2.341368045337213,1.5149998823979165,0.8616577217133038,2.89073539284966,1.6403517556089602,0.8263763071667427,0.04094597385654221
tdc_caco2_wang,regression,inner,row_centred,seed,11,81,8.295985434546862,4.949471306691597,-0.04827945882508607,10.826217407396467,5.947133450926809,-0.04322428672685717,0.10470647810166055
tdc_caco2_wang,regression,inner,row_centred,seed,23,81,8.418765047609613,5.050548247996655,-0.06942430992898344,11.106310293269924,6.129303737065457,-0.06174536374112105,0.11060889471883065
tdc_caco2_wang,regression,inner,row_centred,seed,37,81,8.36692115544216,4.955711357913925,-0.052926269615576296,10.931507608966163,5.970151361388372,-0.04730746269933637,0.10616291223718265
tdc_caco2_wang,regression,inner,row_centred,seed,53,81,8.77088990428538,5.281611407773635,-0.04313948089560864,11.428320906407238,6.371846431151228,-0.0384661760675307,0.10833011271940556
tdc_caco2_wang,regression,inner,row_centred,seed,71,81,8.209658173024543,4.933335113997271,-0.046412429957088386,10.720088694115738,5.9215552193616965,-0.0415824615770615,0.1040662681202543
tdc_caco2_wang,regression,inner,row_centred,seed,83,81,8.339263877469804,4.988976630840691,-0.04737855642488039,10.910566990183163,6.006122427558527,-0.04235995439683638,0.10592560024493639
tdc_caco2_wang,regression,inner,row_centred,seed,97,81,8.88316391312144,5.341348884753466,-0.021974458029524666,11.679513642651731,6.504994501867824,-0.01947281097637174,0.11384340172539087
tdc_caco2_wang,regression,inner,row_centred,seed,113,81,8.399324518451023,5.050204347546122,-0.055726960302879006,11.02056832350592,6.0993869225538875,-0.04971117425410658,0.10795108895364695
tdc_caco2_wang,regression,inner,row_centred,seed,127,81,8.571007387914092,5.136690318884522,-0.04539920711487368,11.327755144118184,6.254101195575156,-0.04027928729433493,0.112775533889475
tdc_caco2_wang,regression,inner,row_centred,seed,149,81,8.439359576580378,5.058690670418955,-0.06651205938277069,11.115946057166626,6.1317167797045595,-0.05919743207569547,0.10997445237682738
tdc_caco2_wang,regression,inner,row_centred,outer_fold,1,60,8.357122194333693,5.006595583372305,-0.05832751778293339,11.76890500940719,6.394974692576424,-0.05026423876103713,0.13824142237466272
tdc_caco2_wang,regression,inner,row_centred,outer_fold,2,60,8.13028812812402,4.961756630272882,-0.04075231523121139,11.500428128286838,6.3223490356020635,-0.03518189203628226,0.13668973562176595
tdc_caco2_wang,regression,inner,row_centred,outer_fold,3,60,8.160981821308386,4.9964317415927235,-0.02475892787245486,11.931032730341139,6.554531985033618,-0.020983871311919935,0.1524725375824857
tdc_caco2_wang,regression,inner,row_centred,inner_fold,1,60,8.419633984132778,5.203222398343849,-0.058023948601560404,12.31016973624446,6.841796418749619,-0.04902943947486964,0.15501373731826476
tdc_caco2_wang,regression,inner,row_centred,inner_fold,2,60,8.240363632479664,4.968421629627422,-0.05193126750799419,11.461056040948444,6.270318468522351,-0.04509982409874395,0.13154778878059645
tdc_caco2_wang,regression,inner,row_centred,inner_fold,3,60,7.979738534093415,4.804495306843161,-0.039475461656512445,11.259273531031083,6.098980976864049,-0.03419261600712917,0.13382606377984582
tdc_caco2_wang,regression,inner,fixed_reference_relative,seed,11,81,1.3449812830187593,1.1079221095654799,0.9630448647882791,1.7002638594728392,1.1918599476730751,0.9272095754719203,0.03721040485921371
tdc_caco2_wang,regression,inner,fixed_reference_relative,seed,23,81,1.3500961683674555,1.1100698122877335,0.9623507210547302,1.6877057172535843,1.1896168961847722,0.9283810960710817,0.03529859150146183
tdc_caco2_wang,regression,inner,fixed_reference_relative,seed,37,81,1.3881418498623517,1.1233389769495976,0.9595036819795044,1.5889058214375977,1.1696614269537298,0.9395827548608303,0.020761699504452173
tdc_caco2_wang,regression,inner,fixed_reference_relative,seed,53,81,1.345590719434105,1.1074183390137855,0.9645695656444736,1.7146434710571472,1.1948239795387359,0.9272601132794324,0.03867989795024543
tdc_caco2_wang,regression,inner,fixed_reference_relative,seed,71,81,1.3303107092772486,1.1027160117896737,0.9642770650769668,1.6321288271011472,1.173697312289723,0.9335540444449782,0.03186119606560987
tdc_caco2_wang,regression,inner,fixed_reference_relative,seed,83,81,1.3567203687134606,1.1121109501958895,0.9620194393033613,1.7041328376514764,1.1939773494623314,0.9271804263461085,0.03621445839231833
tdc_caco2_wang,regression,inner,fixed_reference_relative,seed,97,81,1.343025041020351,1.1066550452591655,0.9658966243915477,1.665315794206823,1.1826832271500816,0.9331459733580798,0.033906993985094724
tdc_caco2_wang,regression,inner,fixed_reference_relative,seed,113,81,1.3546709095468075,1.1110963601961532,0.9634239245052854,1.688406508018341,1.1897202707526917,0.9298200181224989,0.03487966774339904
tdc_caco2_wang,regression,inner,fixed_reference_relative,seed,127,81,1.3520769755214619,1.1100156953531737,0.9633538876167936,1.7238508190496307,1.1979593711155676,0.9259542455383933,0.03882232952930922
tdc_caco2_wang,regression,inner,fixed_reference_relative,seed,149,81,1.3899466600122505,1.1236182579056775,0.9581351025987295,1.8012972702365684,1.220796094557336,0.9177135018981384,0.04218778812190039
tdc_caco2_wang,regression,inner,fixed_reference_relative,outer_fold,1,60,1.3286061588703575,1.1020371730681873,0.9648280301339172,1.7978252665881036,1.2139257723499268,0.9175670363402579,0.04898385237325627
tdc_caco2_wang,regression,inner,fixed_reference_relative,outer_fold,2,60,1.4288673556156253,1.1397433670244483,0.9549416926949681,1.7608745799338987,1.2170682599360962,0.9229111195600401,0.03354191505089066
tdc_caco2_wang,regression,inner,fixed_reference_relative,outer_fold,3,60,1.3094707682599538,1.095518409064047,0.9678842479266629,1.84344563199243,1.2235398069327175,0.9138872218585969,0.055788722859923714
tdc_caco2_wang,regression,inner,fixed_reference_relative,inner_fold,1,60,1.4013831165994726,1.129648070090212,0.9573333413291909,2.1539085142101286,1.3096469126395098,0.8864314712826555,0.07406184135203316
tdc_caco2_wang,regression,inner,fixed_reference_relative,inner_fold,2,60,1.3338962589712844,1.1036296822755571,0.9641391323201445,1.5713269922162607,1.1589299158944926,0.9399846764205592,0.025052873687907255
tdc_caco2_wang,regression,inner,fixed_reference_relative,inner_fold,3,60,1.3232920120250722,1.1006615513833753,0.9672801134528266,1.7721327914851634,1.207502138186689,0.9218449302474955,0.04697210515694895
tdc_caco2_wang,regression,inner,within_unit_rank,seed,11,81,10.714802930712937,5.593812732084233,-0.1080978025127635,13.083861246237108,6.65769974958198,-0.09698839762511105,0.10277179211243245
tdc_caco2_wang,regression,inner,within_unit_rank,seed,23,81,10.880462672675169,5.7485625296151515,-0.12352034605986068,13.422677063476856,6.925025152813129,-0.10988725381099552,0.11037122776727196
tdc_caco2_wang,regression,inner,within_unit_rank,seed,37,81,10.889019681210657,5.759906775813561,-0.09247868970067288,13.356403578682565,6.894856667742429,-0.08260306373810206,0.10678812594053229
tdc_caco2_wang,regression,inner,within_unit_rank,seed,53,81,11.233627433363484,5.938099426817722,-0.10711742481277046,13.91467205696,7.212031583593912,-0.09469492865409111,0.11597082529189347
tdc_caco2_wang,regression,inner,within_unit_rank,seed,71,81,10.639535250695895,5.549266551420309,-0.11046722753079537,12.96658192178234,6.590990695979622,-0.09926606887142636,0.10139802464261512
tdc_caco2_wang,regression,inner,within_unit_rank,seed,83,81,10.598725494170406,5.533555796966071,-0.10430578068951633,12.954795273649923,6.583248366251167,-0.09363758243951337,0.102278111332666
tdc_caco2_wang,regression,inner,within_unit_rank,seed,97,81,11.60931761385519,6.33174221833387,-0.1144156546811638,14.52208428408482,7.792624389383818,-0.10003430691962191,0.12569388167744727
tdc_caco2_wang,regression,inner,within_unit_rank,seed,113,81,10.925671028132557,5.79524920732786,-0.12318578993866519,13.47056901789425,6.976621323193335,-0.10960993874747137,0.11020630868181543
tdc_caco2_wang,regression,inner,within_unit_rank,seed,127,81,10.924639898251094,5.751154969113938,-0.11836627238745218,13.450911922714573,6.917299762905202,-0.10540689961953649,0.1094853500623491
tdc_caco2_wang,regression,inner,within_unit_rank,seed,149,81,10.96027429234933,5.820412090049417,-0.13185011603196364,13.532465351897859,7.016223803964383,-0.11720338068464349,0.11108625299783091
tdc_caco2_wang,regression,inner,within_unit_rank,outer_fold,1,60,10.448155846999404,5.6023060063382655,-0.11620309867401446,13.917097314281056,7.209477482488967,-0.09914117800556,0.1468284483214897
tdc_caco2_wang,regression,inner,within_unit_rank,outer_fold,2,60,10.107192112201473,5.411672854998457,-0.11064724791604744,13.090680120962377,6.733084635756083,-0.09660190424759432,0.12693802993735498
tdc_caco2_wang,regression,inner,within_unit_rank,outer_fold,3,60,11.08413074950555,6.053910570858988,-0.1026098179762401,14.862449745520976,7.936646518467655,-0.08616847142587108,0.16023170954436497
tdc_caco2_wang,regression,inner,within_unit_rank,inner_fold,1,60,10.350093956779126,5.529867606305999,-0.11619401923856444,13.643043498130686,7.033840567853934,-0.09993750484482349,0.13990835759251827
tdc_caco2_wang,regression,inner,within_unit_rank,inner_fold,2,60,10.540634713868133,5.612129842062407,-0.09285692135904915,13.71824882037418,7.073181073458328,-0.08029714332354147,0.13525947071778194
tdc_caco2_wang,regression,inner,within_unit_rank,inner_fold,3,60,10.61404013167267,5.833710455855022,-0.09306825257950338,14.257145301513555,7.571619121937874,-0.07882085809296438,0.15308544097105717
tdc_hia_hou,classification,outer,raw,seed,11,27,1.6715123977346322,1.2115183931044264,0.9078084369845256,2.4746633381511387,1.3977774000982741,0.8426021495666498,0.071828245653314
tdc_hia_hou,classification,outer,raw,seed,23,27,1.6211767798143066,1.1937784636225774,0.9139888631489261,2.5584554338478904,1.413261006610212,0.8370260165783792,0.08420545334151018
tdc_hia_hou,classification,outer,raw,seed,37,27,1.668749858146345,1.210475206546525,0.9074497222046578,2.6640398432608445,1.4429495886251167,0.8279977644748142,0.08755521742495458
tdc_hia_hou,classification,outer,raw,seed,53,27,1.712027704022902,1.2229907417973591,0.90500502385145,2.868718317595524,1.4931037527968796,0.8154613581379686,0.09894272777891147
tdc_hia_hou,classification,outer,raw,seed,71,27,1.7173081438594167,1.2266125422158367,0.9032126928005888,2.833010892235513,1.4871616868803272,0.8168048161432347,0.09566725240477897
tdc_hia_hou,classification,outer,raw,seed,83,27,1.762804176882725,1.2410074524335133,0.8948870735963548,3.076464752300257,1.548225869398237,0.7971838947155938,0.10917933867131821
tdc_hia_hou,classification,outer,raw,seed,97,27,1.6681889605115359,1.209519174491624,0.9091088616339759,2.64478439296513,1.4373386110303759,0.8308642510221018,0.08606737203203788
tdc_hia_hou,classification,outer,raw,seed,113,27,1.7667478449186833,1.2442467743953423,0.8961922879259279,2.406841368284064,1.3905929276288225,0.8457046736980848,0.0563356936988238
tdc_hia_hou,classification,outer,raw,seed,127,27,1.705814676013957,1.222241437516278,0.9042501818241707,2.564838991179682,1.4214503431406889,0.8357785239642952,0.07572202830166476
tdc_hia_hou,classification,outer,raw,seed,149,27,1.6679858651212554,1.210853362908045,0.9069571050974169,2.4962730102581205,1.4032628703302483,0.8398500223920682,0.07399146258205988
tdc_hia_hou,classification,outer,raw,outer_fold,1,20,1.6483720936645554,1.212662225246845,0.9105320342631749,2.8825148597184667,1.5006673738097793,0.8146705819839667,0.10528070256943933
tdc_hia_hou,classification,outer,raw,outer_fold,2,20,1.9089098939257174,1.3058760790458062,0.8820878304405029,2.9544508193718837,1.5449902970351672,0.807795976382321,0.08422274006555745
tdc_hia_hou,classification,outer,raw,outer_fold,3,20,1.5652119080048408,1.1798969999406872,0.9189097430051787,2.505766442040513,1.3991358561026108,0.8408427113432152,0.084956147495678
tdc_hia_hou,classification,outer,row_centred,seed,11,27,9.952340537635765,6.903689661513402,-0.07492546183453916,22.77303959821258,15.81951392095448,-0.03974333755084729,0.46956166064596205
tdc_hia_hou,classification,outer,row_centred,seed,23,27,10.082956087906872,6.88978880457505,-0.07888912096386894,23.052887332095064,16.053302736239768,-0.04118585306696451,0.47792734202441495
tdc_hia_hou,classification,outer,row_centred,seed,37,27,9.87575988858548,6.660509424475245,-0.06761989113552247,22.894404840343192,15.735727042184436,-0.0352454590541502,0.4787708400252827
tdc_hia_hou,classification,outer,row_centred,seed,53,27,10.102455318994465,7.059013852852983,-0.07654800388462049,23.254946712452565,16.444541431601166,-0.0396076980328325,0.48257699714113367
tdc_hia_hou,classification,outer,row_centred,seed,71,27,9.899014845059645,6.768568509613454,-0.07682888719182673,22.284368933924597,15.182397193406018,-0.04188069529384387,0.4548834842645063
tdc_hia_hou,classification,outer,row_centred,seed,83,27,10.06537302928483,6.848104138716904,-0.07718292951972745,23.238751739015303,16.235225673419812,-0.0396858592264249,0.485820770559357
tdc_hia_hou,classification,outer,row_centred,seed,97,27,10.03541199899983,6.967065857465506,-0.07060491250463391,23.622261649737176,16.837893920250597,-0.03534596796569907,0.4993837296607478
tdc_hia_hou,classification,outer,row_centred,seed,113,27,10.309852129490729,7.207233844966642,-0.08192252080014732,23.515678261008947,16.80328062117279,-0.04200519485721814,0.4872570515781467
tdc_hia_hou,classification,outer,row_centred,seed,127,27,10.079378181347057,6.982668673094127,-0.07263097421988388,23.017990590571078,16.11385998573014,-0.03809969483133668,0.4754346166968215
tdc_hia_hou,classification,outer,row_centred,seed,149,27,9.860615961208707,6.815305264954824,-0.0758884167289133,22.524153170702043,15.506362816877841,-0.040714869863294006,0.46349032410658086
tdc_hia_hou,classification,outer,row_centred,outer_fold,1,20,8.592312109980025,6.0410514127161195,-0.05144443769814428,22.500542266057714,15.188528814334035,-0.026109355224146286,0.49247466990803346
tdc_hia_hou,classification,outer,row_centred,outer_fold,2,20,8.771576066959454,6.178307120144622,-0.07603014743033212,24.320711808540022,17.4931333144885,-0.03386735113435995,0.5545536569504453
tdc_hia_hou,classification,outer,row_centred,outer_fold,3,20,9.090373650898432,6.684714712478273,-0.09086955136879289,26.28363490119914,20.643619733435653,-0.03463342541456736,0.6188665521852522
tdc_hia_hou,classification,outer,fixed_reference_relative,seed,11,27,5.428733843313406,2.9781162756147106,0.5396389231290448,10.110686928245682,4.491343962095837,0.42739666167400536,0.2079951179285095
tdc_hia_hou,classification,outer,fixed_reference_relative,seed,23,27,5.216541066754769,2.8263807409858765,0.5631981152361051,9.99868801335138,4.346662904049709,0.4417260587687118,0.21568264023126107
tdc_hia_hou,classification,outer,fixed_reference_relative,seed,37,27,5.206990805153355,2.845227046780497,0.5502704789899374,9.702330873515209,4.2635741102257185,0.4380497440704014,0.2039374075191633
tdc_hia_hou,classification,outer,fixed_reference_relative,seed,53,27,5.700833859630377,3.133084141726818,0.5172331405401103,11.319157267876909,5.0673298726899425,0.3923394229573203,0.24146503345159218
tdc_hia_hou,classification,outer,fixed_reference_relative,seed,71,27,5.637626155199761,3.142682799324196,0.5120622835643587,11.051233591331357,5.006133870590555,0.39191115741478566,0.2346416246735184
tdc_hia_hou,classification,outer,fixed_reference_relative,seed,83,27,5.722847536690343,3.1638893916095343,0.514315985356015,11.534228945098945,5.198440630572069,0.386298325014162,0.24890857758044943
tdc_hia_hou,classification,outer,fixed_reference_relative,seed,97,27,5.320465349509547,2.8901038529831884,0.5422861126989945,10.102053736454364,4.419918329116156,0.4264092527646036,0.21368214531193505
tdc_hia_hou,classification,outer,fixed_reference_relative,seed,113,27,6.223314297477626,3.424618884851614,0.47970451815059845,10.692505768168262,4.946224555796441,0.38798737058031463,0.19119508801768278
tdc_hia_hou,classification,outer,fixed_reference_relative,seed,127,27,5.812936514493525,3.214953851970029,0.5066671187217012,11.244605207960044,5.095611305479881,0.38859128728895365,0.23304419621831363
tdc_hia_hou,classification,outer,fixed_reference_relative,seed,149,27,5.402032595142361,2.971382127794194,0.5336616639214219,9.999275294669884,4.45407146964735,0.42419426021728396,0.20512510285965793
tdc_hia_hou,classification,outer,fixed_reference_relative,outer_fold,1,20,4.724638609815604,2.6945103650677944,0.5812178049725741,9.96788740505461,4.332617585358855,0.44489601803797807,0.2345450978416407
tdc_hia_hou,classification,outer,fixed_reference_relative,outer_fold,2,20,5.780182443335997,3.493732403132658,0.455266108527985,12.655465486237325,6.097894701301634,0.3278856277016765,0.27979346241732905
tdc_hia_hou,classification,outer,fixed_reference_relative,outer_fold,3,20,5.424594361350997,3.09481925338118,0.5192516198598935,13.02108328490457,5.879878458221156,0.35742076401263145,0.31166172556366384
tdc_hia_hou,classification,outer,within_unit_rank,seed,11,27,12.787144115582864,8.974165235559223,-0.05116059656396171,24.79465578120523,18.69814542270662,-0.02693901859964285,0.47344205484462454
tdc_hia_hou,classification,outer,within_unit_rank,seed,23,27,12.968214594203307,9.155681287607011,-0.04943194774178722,25.44015884985198,19.64995903438198,-0.02480946078897879,0.4981087753496279
tdc_hia_hou,classification,outer,within_unit_rank,seed,37,27,12.534416233084121,8.684100595154025,-0.037641991490668915,24.251336862492302,17.8768001058805,-0.02041881759538833,0.4575521435827871
tdc_hia_hou,classification,outer,within_unit_rank,seed,53,27,12.65214855402384,8.951748097028158,-0.03983749738410929,24.596780958041403,18.47608030512477,-0.02124092127688982,0.4668108522960935
tdc_hia_hou,classification,outer,within_unit_rank,seed,71,27,12.249679435090817,8.37412086645662,-0.04255729527639655,23.38744926388924,16.70125087584353,-0.024249517612069865,0.43019128789607725
tdc_hia_hou,classification,outer,within_unit_rank,seed,83,27,12.54620323894056,8.634169461299907,-0.05878567552932346,23.910624304203857,17.381590390551985,-0.03277151309895507,0.442525533578193
tdc_hia_hou,classification,outer,within_unit_rank,seed,97,27,12.88496472138652,9.064254974505554,-0.04552583015485767,25.056792023485936,19.083463489220264,-0.02354571827707727,0.48280529543369716
tdc_hia_hou,classification,outer,within_unit_rank,seed,113,27,12.85610841219406,9.311758675695307,-0.0570157492245833,26.163313222357786,20.845491326076285,-0.026719567870475934,0.5313651362323
tdc_hia_hou,classification,outer,within_unit_rank,seed,127,27,12.883499122352221,9.171344059807396,-0.05933101628757717,25.318905527660075,19.515264492406114,-0.030078803838634656,0.49303407019285095
tdc_hia_hou,classification,outer,within_unit_rank,seed,149,27,12.229444750111972,8.48336520423132,-0.05907759128041386,23.625447355132813,17.106865650270446,-0.033107554723729886,0.43959200085555766
tdc_hia_hou,classification,outer,within_unit_rank,outer_fold,1,20,10.466648209435245,7.464774032764103,-0.06562357105651155,23.83878417357171,17.18242198094689,-0.03361395254218845,0.4877762364800008
tdc_hia_hou,classification,outer,within_unit_rank,outer_fold,2,20,10.970328465314935,8.00481102192565,-0.05726760979357511,25.86767823858632,20.13816865694261,-0.025385656375380955,0.5567187723237407
tdc_hia_hou,classification,outer,within_unit_rank,outer_fold,3,20,11.416321704882261,8.722462388480311,-0.05907442747544507,27.52291999739147,23.05611604067238,-0.02252270553494779,0.6187401808623605
tdc_hia_hou,classification,inner,raw,seed,11,81,3.0272187400527866,1.7280888687127067,0.7600591519531461,3.374298579720278,1.8082732023797914,0.7420317061187774,0.023718477421188777
tdc_hia_hou,classification,inner,raw,seed,23,81,3.0397285892767245,1.7459817667621207,0.7609723914017397,3.447602044563987,1.841193171434718,0.7398686412138462,0.02773260952216625
tdc_hia_hou,classification,inner,raw,seed,37,81,2.8985024162429167,1.6754059896673235,0.7757994068282676,3.2686454476257345,1.7609090643360945,0.7556625134712311,0.025956314454225752
tdc_hia_hou,classification,inner,raw,seed,53,81,3.035117316334942,1.7288460522792088,0.7615606209854038,3.4314288559904575,1.8208903300342891,0.7409339060682828,0.027084797124136632
tdc_hia_hou,classification,inner,raw,seed,71,81,3.0182642680951317,1.7291856419270386,0.7661006226077316,3.42410798868751,1.8236074072785504,0.7448392603335101,0.02775270199083033
tdc_hia_hou,classification,inner,raw,seed,83,81,3.0444618017818654,1.7453600761980677,0.7625557431930851,3.450259047999807,1.840121443252084,0.7414974672402187,0.02761539223963876
tdc_hia_hou,classification,inner,raw,seed,97,81,2.9720199369225977,1.7095540151899036,0.7678809557919142,3.3358229260846843,1.7937492194610196,0.7486003500989945,0.025108847338237775
tdc_hia_hou,classification,inner,raw,seed,113,81,3.037597136171662,1.7073112740787142,0.7618658658117444,3.4140661785339286,1.7938785162849633,0.742193124923832,0.025821790646771647
tdc_hia_hou,classification,inner,raw,seed,127,81,2.9802425909063297,1.7138805923792253,0.7673188576686899,3.364734447230732,1.8033212265055512,0.7469428580564437,0.026554801056439155
tdc_hia_hou,classification,inner,raw,seed,149,81,3.1086703031959546,1.7675486175353285,0.7513971445835355,3.53462904162027,1.8671533455467189,0.7298752382582044,0.028642518115050485
tdc_hia_hou,classification,inner,raw,outer_fold,1,60,2.9874148515355294,1.738139720651351,0.7608098003999444,3.5398745490417935,1.8672940039230235,0.7324590433460226,0.03726392199340514
tdc_hia_hou,classification,inner,raw,outer_fold,2,60,3.119770368697728,1.7883540475582527,0.7469129228469824,3.6428568420436784,1.910622465116632,0.7211551229800636,0.034485679761354686
tdc_hia_hou,classification,inner,raw,outer_fold,3,60,2.7978781839052633,1.6247385473674496,0.7874503301116051,3.2798685454552117,1.735800779613687,0.7604480545896783,0.03429076665457799
tdc_hia_hou,classification,inner,raw,inner_fold,1,60,3.030710472993207,1.7127839186526839,0.7556698054832487,3.4680118125131796,1.8130614773778575,0.7332582358671802,0.029657886888488645
tdc_hia_hou,classification,inner,raw,inner_fold,2,60,3.0250099426942354,1.734375637993306,0.7607107127419579,3.5825363521581144,1.8644267542610908,0.7321218376569393,0.037581796346696554
tdc_hia_hou,classification,inner,raw,inner_fold,3,60,2.874041118299485,1.700649606105607,0.7792782080899008,3.4241689174476644,1.8296843542081889,0.7496958971303638,0.037961167978823374
tdc_hia_hou,classification,inner,row_centred,seed,11,81,9.674327450975902,5.148112468959759,-0.07081107163053393,12.888470875904396,6.487481571733032,-0.061486017929359524,0.13168920461801664
tdc_hia_hou,classification,inner,row_centred,seed,23,81,9.472690586090726,4.980482200551659,-0.08243142585411453,12.409046272595225,6.16641747833,-0.07243785266595923,0.12123499120155665
tdc_hia_hou,classification,inner,row_centred,seed,37,81,9.68393999213166,5.097027947687502,-0.06756249358641603,12.887954496187158,6.427888007990528,-0.058656101580294585,0.13182450104109456
tdc_hia_hou,classification,inner,row_centred,seed,53,81,9.877653479515356,5.248189188604071,-0.07780908036954506,13.227830480263936,6.6713347974996,-0.06715188606490864,0.13696594605695542
tdc_hia_hou,classification,inner,row_centred,seed,71,81,9.5037160775661,4.962664291132633,-0.07046177459473618,12.479529630036138,6.164281640364974,-0.06180137149781817,0.12290923904100727
tdc_hia_hou,classification,inner,row_centred,seed,83,81,9.557109296191252,4.975351911966558,-0.07803420387870556,12.568577052838478,6.195385340927957,-0.06833314503464305,0.1243180344242578
tdc_hia_hou,classification,inner,row_centred,seed,97,81,9.708022537544592,5.1407720045411525,-0.0743502772335182,12.875918280450502,6.4564128789977016,-0.06469866153921089,0.12981277344795497
tdc_hia_hou,classification,inner,row_centred,seed,113,81,10.4139060226356,5.654456909557989,-0.06931627951946531,13.370114896891634,6.943300154423358,-0.06100368660430343,0.11992266423975577
tdc_hia_hou,classification,inner,row_centred,seed,127,81,9.671095200830049,5.008664834658934,-0.061145856116476036,12.679756028957698,6.235764184600243,-0.05354015480527369,0.12438621019083165
tdc_hia_hou,classification,inner,row_centred,seed,149,81,9.631845009867723,5.066602953407642,-0.08443819152955448,12.652186149762803,6.303671189074549,-0.07394189168591278,0.12430749230302796
tdc_hia_hou,classification,inner,row_centred,outer_fold,1,60,9.078470635180064,4.929678950443977,-0.08193125899515048,13.226495166570215,6.6668323603573905,-0.06815492191739424,0.1681450675446311
tdc_hia_hou,classification,inner,row_centred,outer_fold,2,60,9.14905766838498,4.8830773721268175,-0.08035890677266667,13.11765706000666,6.518920696951809,-0.0674189031353481,0.16102762166645068
tdc_hia_hou,classification,inner,row_centred,outer_fold,3,60,10.067108033793223,5.402829333587045,-0.05836077282490755,14.0517741799405,7.164127843810439,-0.048974722401968276,0.16082806941400501
tdc_hia_hou,classification,inner,row_centred,inner_fold,1,60,9.791761497893075,5.41821638029539,-0.06739299024293222,13.322203275348087,6.944115461599357,-0.05779592816839061,0.14240445541809252
tdc_hia_hou,classification,inner,row_centred,inner_fold,2,60,9.604030779084546,5.198491518389569,-0.0733828982366413,14.29211064150855,7.272589725219802,-0.059593471361677294,0.18791063321724613
tdc_hia_hou,classification,inner,row_centred,inner_fold,3,60,8.904126852121461,4.566735769496843,-0.05957411086223028,12.52978528248239,5.987464537811232,-0.05066308524240616,0.14957882695776153
tdc_hia_hou,classification,inner,fixed_reference_relative,seed,11,81,7.401949466117312,4.290041233915491,0.3633342600648159,9.631602412491413,5.116706528888312,0.3275027788909354,0.09861850398442581
tdc_hia_hou,classification,inner,fixed_reference_relative,seed,23,81,7.299086902954267,4.236308731899604,0.3703467024507158,9.372184840682184,4.996323121283617,0.3361409318013231,0.09236148296458722
tdc_hia_hou,classification,inner,fixed_reference_relative,seed,37,81,7.477567488201685,4.317575891581258,0.3524049424645914,9.772834248130986,5.176095379248311,0.31663517474874536,0.10150189002936566
tdc_hia_hou,classification,inner,fixed_reference_relative,seed,53,81,8.03709465103962,4.6864318027341705,0.31369345176961727,10.440640101412033,5.628766115438215,0.28106121848532645,0.1040258669736485
tdc_hia_hou,classification,inner,fixed_reference_relative,seed,71,81,7.594476534893679,4.413675478164357,0.3599829506183843,9.742092273728064,5.220568770752903,0.32593480232904903,0.09458266907042864
tdc_hia_hou,classification,inner,fixed_reference_relative,seed,83,81,7.4231387763847305,4.282359595650214,0.3653752820352065,9.608206988517388,5.092358860756549,0.32994087037702646,0.0969808670712577
tdc_hia_hou,classification,inner,fixed_reference_relative,seed,97,81,7.699758196740045,4.4808902518051,0.3324028202699543,10.048835351751759,5.376656017351109,0.2982834518782344,0.10264464171516467
tdc_hia_hou,classification,inner,fixed_reference_relative,seed,113,81,7.5677609360465015,4.276424380421459,0.3729735513833009,9.53052454658671,4.992241563591823,0.34054524180028517,0.08694533288686056
tdc_hia_hou,classification,inner,fixed_reference_relative,seed,127,81,7.206429649703541,4.128025346432185,0.3954284074690779,9.205405289216129,4.850854825385548,0.3598395227561315,0.09000082958311377
tdc_hia_hou,classification,inner,fixed_reference_relative,seed,149,81,7.3777376772613215,4.2676176807497415,0.3724418341049828,9.456867326812825,5.032867147543253,0.3380155223582752,0.09243406243403834
tdc_hia_hou,classification,inner,fixed_reference_relative,outer_fold,1,60,7.456707533115305,4.450725665755969,0.3162062640198722,10.49999068299528,5.633039681965237,0.2747402973394214,0.13113581670806082
tdc_hia_hou,classification,inner,fixed_reference_relative,outer_fold,2,60,6.900203512301406,4.03680597696499,0.39837306670626466,9.561450342842514,5.000243955228909,0.35148943717550823,0.11768774912016157
tdc_hia_hou,classification,inner,fixed_reference_relative,outer_fold,3,60,7.580705190944836,4.3751379413249545,0.35483816503356225,10.518099012881057,5.5035384539290595,0.30960036935086227,0.12748852897044327
tdc_hia_hou,classification,inner,fixed_reference_relative,inner_fold,1,60,7.686848988943679,4.560774922466103,0.33431328125346965,10.588034543428625,5.695569680134063,0.2926700533015782,0.12456348666662242
tdc_hia_hou,classification,inner,fixed_reference_relative,inner_fold,2,60,7.67546484012597,4.506449952209777,0.31761633518772536,11.030512359535791,5.832192749496274,0.2721176950409926,0.1432503152580012
tdc_hia_hou,classification,inner,fixed_reference_relative,inner_fold,3,60,6.7534764327557735,3.9086761343244554,0.41230953951578053,9.280233569700414,4.810728685455142,0.36540912456325336,0.11375049679327709
tdc_hia_hou,classification,inner,within_unit_rank,seed,11,81,13.923683762238456,8.044450249984937,-0.0736701456992184,17.27167139984599,10.013168839228308,-0.06326043793218726,0.14130157702595122
tdc_hia_hou,classification,inner,within_unit_rank,seed,23,81,13.566250502007051,7.621881239692683,-0.06155719071164086,16.579373459483318,9.310717727158368,-0.0537314530325671,0.1271295455267396
tdc_hia_hou,classification,inner,within_unit_rank,seed,37,81,13.872537096559691,7.826764659204887,-0.05629932657874367,17.11566614046254,9.70728027149613,-0.048546697481702546,0.13770376251655211
tdc_hia_hou,classification,inner,within_unit_rank,seed,53,81,14.293930692942954,8.300558368592176,-0.061027967212850386,17.71323101225246,10.373545302695275,-0.05214858900349584,0.14549686995775973
tdc_hia_hou,classification,inner,within_unit_rank,seed,71,81,13.695270400659744,7.7938262985628395,-0.06831832544893895,16.924456593307017,9.643371827640975,-0.0590252991675556,0.13602538148170742
tdc_hia_hou,classification,inner,within_unit_rank,seed,83,81,13.692811493075826,7.689713036467116,-0.07032069672624269,16.844703021476413,9.485667800775362,-0.060931064881025454,0.13352586482143267
tdc_hia_hou,classification,inner,within_unit_rank,seed,97,81,13.784257551630375,7.903260151501046,-0.07773983160214151,17.052234264246334,9.792561730755683,-0.0670453500749972,0.13756759317252895
tdc_hia_hou,classification,inner,within_unit_rank,seed,113,81,14.224293664578111,8.309456307585815,-0.07031790406797161,17.758326353410503,10.457447653130751,-0.05977236456569499,0.1499694799219686
tdc_hia_hou,classification,inner,within_unit_rank,seed,127,81,13.581409785934094,7.690214994581872,-0.06871410096284145,16.70576296077341,9.454588012402127,-0.059680483630478315,0.13146671797755444
tdc_hia_hou,classification,inner,within_unit_rank,seed,149,81,13.805163362461544,7.845970588843214,-0.06915933831561899,16.992058987253877,9.68230540236098,-0.059843177954912334,0.13470574744643837
tdc_hia_hou,classification,inner,within_unit_rank,outer_fold,1,60,12.70217040710913,7.314002009337309,-0.08340876748896545,16.614493146979935,9.466561539643083,-0.07004570314125627,0.16021174691829618
tdc_hia_hou,classification,inner,within_unit_rank,outer_fold,2,60,13.081483249341545,7.4292957549449445,-0.06285800468784344,16.93973266557859,9.583712199434418,-0.05286163332824828,0.15903100025585812
tdc_hia_hou,classification,inner,within_unit_rank,outer_fold,3,60,14.360331536029438,8.6688321487015,-0.07469009841510273,19.936790175191383,12.465873168721552,-0.056991585506171574,0.23695929292486254
tdc_hia_hou,classification,inner,within_unit_rank,inner_fold,1,60,13.585583017138788,8.07860419223757,-0.059597684402901197,18.418675733582575,11.062956956585621,-0.04764598991314625,0.20053957816477117
tdc_hia_hou,classification,inner,within_unit_rank,inner_fold,2,60,13.24582193344833,7.674606753651829,-0.07307981704483016,17.440250627960868,10.097268395744173,-0.06045646822112685,0.17273372230748232
tdc_hia_hou,classification,inner,within_unit_rank,inner_fold,3,60,12.934783948396063,7.317800107957119,-0.06609732279184138,16.908262558867158,9.5187105773165,-0.055310012296951525,0.16320344061229308
tdc_pgp_broccatelli,classification,outer,raw,seed,11,27,2.5818219103985025,1.5477238359427652,0.8240255709464173,4.279186185188393,1.9457014533315087,0.7301174712789509,0.11396260380562001
tdc_pgp_broccatelli,classification,outer,raw,seed,23,27,2.5440537549287283,1.5471062509274651,0.8261576543625822,3.8987145992134535,1.861961141679788,0.7491709097667472,0.09318650525030119
tdc_pgp_broccatelli,classification,outer,raw,seed,37,27,2.686067903249092,1.5908850108323025,0.8030724559012556,4.45458131602488,2.008296131988056,0.7098374835090207,0.11609783364765157
tdc_pgp_broccatelli,classification,outer,raw,seed,53,27,3.0274548913088255,1.727775126727083,0.7813210597401067,4.563580369564566,2.0893303254788678,0.70625328877968,0.09607800791315749
tdc_pgp_broccatelli,classification,outer,raw,seed,71,27,2.549213905410145,1.5399090929752965,0.8223822938429728,3.9743626322004957,1.8714081064583392,0.7419264592639285,0.0978326444786112
tdc_pgp_broccatelli,classification,outer,raw,seed,83,27,2.5691092482162166,1.5513377737662992,0.8274877989053145,4.054076386049306,1.8974212028090682,0.7439618241844055,0.10093922210261633
tdc_pgp_broccatelli,classification,outer,raw,seed,97,27,2.882310096602682,1.6742330824550145,0.7934877433470271,4.775453250944406,2.125004378578645,0.6990629681093372,0.11899966449310824
tdc_pgp_broccatelli,classification,outer,raw,seed,113,27,2.601536794440252,1.563007276346684,0.829697352889567,4.063538697473544,1.9043049285505187,0.7474519469087196,0.09912699575865012
tdc_pgp_broccatelli,classification,outer,raw,seed,127,27,2.452162166680808,1.4897068364833015,0.8378726643953498,3.7045504742960866,1.7784903680733615,0.7631985830505701,0.08912342473741894
tdc_pgp_broccatelli,classification,outer,raw,seed,149,27,2.5412320751398174,1.5393006707777046,0.8371290618564813,3.9561647423087662,1.869356023109624,0.7555138143978006,0.09749422302659555
tdc_pgp_broccatelli,classification,outer,raw,outer_fold,1,20,2.118820678119166,1.380426255419891,0.8676508852666547,3.6396059419504514,1.7324939570829314,0.7700244301900745,0.11251812996949433
tdc_pgp_broccatelli,classification,outer,raw,outer_fold,2,20,2.614942686682143,1.6076956065791335,0.8190475693022965,4.586454624149598,2.073288187601793,0.7156964898874669,0.12618446508896788
tdc_pgp_broccatelli,classification,outer,raw,outer_fold,3,20,3.4939509810984886,2.000450724011834,0.7120185671349629,5.335158819835554,2.4457718434016567,0.6391454820273024,0.10234716968251116
tdc_pgp_broccatelli,classification,outer,row_centred,seed,11,27,11.25703567256997,7.744904282414955,-0.05183890268705933,23.113181544073534,16.352503907608952,-0.028654486227246298,0.4472397226417487
tdc_pgp_broccatelli,classification,outer,row_centred,seed,23,27,10.57501486452029,7.055757230399364,-0.05750896258662559,20.691115639566465,13.482169841061856,-0.03584572239740118,0.37669328770438426
tdc_pgp_broccatelli,classification,outer,row_centred,seed,37,27,10.832643379965614,7.214468166037519,-0.05830947681094197,21.277359404037902,14.079253799881004,-0.035491994864586165,0.39131686981753194
tdc_pgp_broccatelli,classification,outer,row_centred,seed,53,27,10.9759100866359,7.41436962347277,-0.040110976261392886,22.07910997255329,15.003708854902207,-0.02344430926102238,0.41551387061132883
tdc_pgp_broccatelli,classification,outer,row_centred,seed,71,27,10.736670559845939,7.224326880554267,-0.048948696518331156,21.417502096683965,14.28254498568973,-0.029439129447926933,0.3985717385364477
tdc_pgp_broccatelli,classification,outer,row_centred,seed,83,27,10.749055190770548,7.201836763495239,-0.040922268608105106,21.54262317386626,14.348576402858289,-0.024460033218680267,0.40228061516033076
tdc_pgp_broccatelli,classification,outer,row_centred,seed,97,27,10.695046309479343,7.198532617308806,-0.05169953742994087,20.890546704795874,13.757523522124668,-0.03207315793914291,0.37962388962172194
tdc_pgp_broccatelli,classification,outer,row_centred,seed,113,27,10.864179205973779,7.225799664436294,-0.04889651583960785,21.434396065372532,14.221156227139568,-0.02952605014981132,0.3961522688720041
tdc_pgp_broccatelli,classification,outer,row_centred,seed,127,27,11.838095533464834,8.365396817156439,-0.07171847832177014,23.539905105359452,17.13892020022148,-0.03973137883457879,0.44600917693315956
tdc_pgp_broccatelli,classification,outer,row_centred,seed,149,27,11.397626116960707,7.5996217717053005,-0.03510901526388378,22.570518230211125,15.47584041578864,-0.020246451965251197,0.42332612256207347
tdc_pgp_broccatelli,classification,outer,row_centred,outer_fold,1,20,10.46618773450986,7.4799352155952405,-0.07993633496861668,24.030384030036117,17.442595874985553,-0.04033376407796156,0.4954264028517597
tdc_pgp_broccatelli,classification,outer,row_centred,outer_fold,2,20,9.298114572562888,6.419514036271687,-0.025289065152814053,21.190206461386374,13.82435975996589,-0.014526192720705659,0.4255939223957729
tdc_pgp_broccatelli,classification,outer,row_centred,outer_fold,3,20,9.236076693776871,6.405728882490176,-0.039254640168113045,22.2422228991065,14.941107061692003,-0.020983983078163362,0.46543942351027157
tdc_pgp_broccatelli,classification,outer,fixed_reference_relative,seed,11,27,4.199527199122177,2.257372524506789,0.681723685277057,7.436482071079581,3.143031698322381,0.568773445085812,0.16568331514745796
tdc_pgp_broccatelli,classification,outer,fixed_reference_relative,seed,23,27,3.5046630829139858,1.9688968356770506,0.7540954762282122,6.811248870169806,2.8415181575596336,0.6182091757528885,0.1801977398869849
tdc_pgp_broccatelli,classification,outer,fixed_reference_relative,seed,37,27,3.34346791001339,1.8862269254284578,0.7663512180002674,6.077943518157274,2.5850805882651233,0.646713231858038,0.15611378090376757
tdc_pgp_broccatelli,classification,outer,fixed_reference_relative,seed,53,27,3.4326629732889526,1.91619227795783,0.7733358265771247,6.777494022325117,2.7901657622853695,0.6311713907443156,0.18383272951680701
tdc_pgp_broccatelli,classification,outer,fixed_reference_relative,seed,71,27,3.5041059435593804,1.9575340211274663,0.7461159251633678,6.579512274347977,2.7600857079971686,0.6196045915330733,0.1695598892391877
tdc_pgp_broccatelli,classification,outer,fixed_reference_relative,seed,83,27,3.4975799412534,1.9603944587690014,0.7669047862143495,6.543306757284039,2.7545607290832304,0.6380663119321939,0.16799800522583425
tdc_pgp_broccatelli,classification,outer,fixed_reference_relative,seed,97,27,3.502080097436433,1.9597803321831175,0.7573156589209602,6.510240520682801,2.743044559744141,0.6314325091955738,0.16622282695797863
tdc_pgp_broccatelli,classification,outer,fixed_reference_relative,seed,113,27,3.4645269143382,1.934230693768338,0.7582964275007014,6.347971080729118,2.6787513014359066,0.6360514331307523,0.16121003599194203
tdc_pgp_broccatelli,classification,outer,fixed_reference_relative,seed,127,27,3.7728930889160996,2.0466707563879254,0.729143834234646,8.255695907013052,3.2936075535485063,0.5622662438740484,0.22886786190239422
tdc_pgp_broccatelli,classification,outer,fixed_reference_relative,seed,149,27,3.677627619781214,2.01963359397638,0.7509384993868318,7.487391815718647,3.051490912735959,0.5999457893765942,0.20107200540860326
tdc_pgp_broccatelli,classification,outer,fixed_reference_relative,outer_fold,1,20,4.765755164896082,2.5794814540406605,0.5911247606790028,7.8575995973668435,3.441638278399893,0.5039337480766924,0.1475001867662544
tdc_pgp_broccatelli,classification,outer,fixed_reference_relative,outer_fold,2,20,3.385764084788834,1.9545909097562129,0.7636448785490139,7.088897811030136,2.9313513727608616,0.612995722926154,0.19727645644544267
tdc_pgp_broccatelli,classification,outer,fixed_reference_relative,outer_fold,3,20,2.9911779527481044,1.791708676247055,0.8104936635084729,6.8493282384306395,2.800242251785142,0.6370230293967736,0.21403083320945163
tdc_pgp_broccatelli,classification,outer,within_unit_rank,seed,11,27,13.7265182902822,10.264725196213352,-0.04382104571442436,28.963936273799803,25.723390725727217,-0.014875523990782982,0.6605392740345658
tdc_pgp_broccatelli,classification,outer,within_unit_rank,seed,23,27,12.84359759214765,9.332862515508667,-0.05169217431693059,26.981260940622185,22.139150640022336,-0.022136582760886522,0.5717614309437903
tdc_pgp_broccatelli,classification,outer,within_unit_rank,seed,37,27,13.439756575941702,9.895413792369377,-0.038991434438965106,28.471840565740802,24.749915677476984,-0.014119836396786836,0.6378733791164013
tdc_pgp_broccatelli,classification,outer,within_unit_rank,seed,53,27,13.36385067712339,9.788438684740363,-0.04878817617652193,27.8217656443905,23.59655915009311,-0.019327958587640446,0.6038392884843786
tdc_pgp_broccatelli,classification,outer,within_unit_rank,seed,71,27,13.158575117687896,9.610566917194744,-0.059348130451506095,27.4741557991432,22.98114902817145,-0.024358454711216112,0.5895666042737491
tdc_pgp_broccatelli,classification,outer,within_unit_rank,seed,83,27,13.434211714859897,9.938204937966145,-0.04716485095475746,27.989016794873155,23.917304561395778,-0.018402380568568275,0.6098285016055575
tdc_pgp_broccatelli,classification,outer,within_unit_rank,seed,97,27,13.14220606877256,9.492141895844439,-0.04920444148507354,27.389197293065443,22.790740961961657,-0.020311989114550025,0.5871919586626794
tdc_pgp_broccatelli,classification,outer,within_unit_rank,seed,113,27,13.427415062514207,9.899309829587462,-0.06219905619392256,28.102307347553314,24.1018052941368,-0.023829913516192847,0.6168766059424348
tdc_pgp_broccatelli,classification,outer,within_unit_rank,seed,127,27,13.401351566460079,9.711846936202544,-0.049813759584204434,28.253366317499275,24.285369813640465,-0.01853311367952605,0.6279519186220436
tdc_pgp_broccatelli,classification,outer,within_unit_rank,seed,149,27,13.898881506334227,10.313144207559358,-0.044546381754347816,28.917457892915078,25.599259175479393,-0.015360703508464774,0.6551750579166727
tdc_pgp_broccatelli,classification,outer,within_unit_rank,outer_fold,1,20,11.597227383077058,8.666352126401767,-0.0472703280136111,28.64121033875042,24.94908345858363,-0.015314786641674173,0.6760169162087387
tdc_pgp_broccatelli,classification,outer,within_unit_rank,outer_fold,2,20,11.283896483795296,8.628820140559624,-0.05296356730664978,29.367569792056848,26.42875197586009,-0.014775784119883662,0.7210198468253759
tdc_pgp_broccatelli,classification,outer,within_unit_rank,outer_fold,3,20,11.203787274961943,8.433203290919307,-0.03553742519875468,27.743308176211123,23.34817281236088,-0.012940749610065062,0.6358557341256527
tdc_pgp_broccatelli,classification,inner,raw,seed,11,81,2.561138860821945,1.4955280418767414,0.8215024591348083,3.0524510463688515,1.6085576553700296,0.7906453703522038,0.03756177287053132
tdc_pgp_broccatelli,classification,inner,raw,seed,23,81,2.552014968729986,1.4905816750251162,0.8226427621839973,3.0120247505076123,1.5963095426456206,0.793554579578782,0.03535943418257379
tdc_pgp_broccatelli,classification,inner,raw,seed,37,81,2.6756261938090273,1.5328877894745003,0.8145476196561869,3.1559464607114402,1.6437574088041709,0.7851654140234079,0.036071808355637974
tdc_pgp_broccatelli,classification,inner,raw,seed,53,81,2.494270618649609,1.4712156488383124,0.8288727761687898,2.9681464486053333,1.5804216537669384,0.7982913018413004,0.036895257278014244
tdc_pgp_broccatelli,classification,inner,raw,seed,71,81,2.50630660448335,1.4769608959845526,0.8266668758359992,2.9783534276568986,1.585604142575137,0.7964222034208708,0.03658628801903064
tdc_pgp_broccatelli,classification,inner,raw,seed,83,81,2.6263870547997397,1.513678540260866,0.8144610656839937,3.126503722126146,1.6289720202729396,0.7836237252649464,0.03786226465368184
tdc_pgp_broccatelli,classification,inner,raw,seed,97,81,2.5114474676216862,1.4761379596226212,0.8237757726123525,2.9860714299958158,1.5854704180630264,0.7934402514034987,0.0368249737579125
tdc_pgp_broccatelli,classification,inner,raw,seed,113,81,2.503639323603406,1.4721813702995425,0.8279896122764316,2.9635162294516464,1.5779226146430338,0.7983792551007423,0.03576174958799325
tdc_pgp_broccatelli,classification,inner,raw,seed,127,81,2.469282582384279,1.4582098173140587,0.832843088180568,2.9481019331972216,1.568322700229097,0.8016248668696624,0.0374839171435099
tdc_pgp_broccatelli,classification,inner,raw,seed,149,81,2.694099269246593,1.535913967127765,0.8110444218864855,3.2091461483811408,1.6546895515118138,0.7798687895210539,0.03843887156380007
tdc_pgp_broccatelli,classification,inner,raw,outer_fold,1,60,2.5154477310565624,1.4877561191197537,0.8205370866419277,3.1710811738268148,1.6388835211297776,0.779851369106374,0.049584251824693865
tdc_pgp_broccatelli,classification,inner,raw,outer_fold,2,60,2.652230238882765,1.5270831581240412,0.818359060047313,3.3220971001920225,1.681688921287502,0.7778536538639534,0.04949588531593646
tdc_pgp_broccatelli,classification,inner,raw,outer_fold,3,60,2.496559063697194,1.4802871340822283,0.8295533122179588,3.1217079471026463,1.624430117135551,0.7900212318977857,0.047654659125495866
tdc_pgp_broccatelli,classification,inner,raw,inner_fold,1,60,2.6101675898688503,1.5274763448873248,0.8201359227227216,3.1904681967172666,1.6610232563931195,0.7847502775875913,0.043146073906451636
tdc_pgp_broccatelli,classification,inner,raw,inner_fold,2,60,2.6353121284287333,1.5241528725130107,0.8077912355468229,3.3580592732287764,1.691326262223102,0.7647249824442591,0.053313592927770076
tdc_pgp_broccatelli,classification,inner,raw,inner_fold,3,60,2.365294789258842,1.4281383250279562,0.8402673439574605,2.9892394027044835,1.571697823142007,0.7990905852444289,0.04900435439880216
tdc_pgp_broccatelli,classification,inner,row_centred,seed,11,81,13.38459648836824,8.024436288395055,-0.10902292713154452,17.634321072384175,10.580922577400901,-0.08973860276232799,0.1768832013283632
tdc_pgp_broccatelli,classification,inner,row_centred,seed,23,81,13.37358621338713,8.146911369490674,-0.11036356870230618,17.626572053303327,10.722220382948594,-0.09085957660068111,0.17672491322054767
tdc_pgp_broccatelli,classification,inner,row_centred,seed,37,81,13.684569495859213,8.182947807476202,-0.10568321378583719,17.89352816624088,10.764017924744309,-0.08700933848789995,0.17669670167089313
tdc_pgp_broccatelli,classification,inner,row_centred,seed,53,81,13.482164734808707,8.025668126903867,-0.10421319360237483,17.590240850150085,10.497128690296133,-0.08629845372809637,0.17190472007442836
tdc_pgp_broccatelli,classification,inner,row_centred,seed,71,81,13.420871763707513,8.036797423383648,-0.10399959095490244,17.677177892465046,10.611977535862628,-0.08550428253509948,0.17784020350448437
tdc_pgp_broccatelli,classification,inner,row_centred,seed,83,81,13.63625917817111,8.328661749594664,-0.10845004921208642,18.07654437306835,11.085491848222013,-0.08835930768416807,0.18525341089176098
tdc_pgp_broccatelli,classification,inner,row_centred,seed,97,81,13.576045751915569,8.22713383278337,-0.10532612106628109,17.888217304256806,10.884279032274591,-0.0863023700275372,0.1806175984281464
tdc_pgp_broccatelli,classification,inner,row_centred,seed,113,81,13.61555445764496,8.250966986725384,-0.10359056215171228,18.008345892005828,10.96382833292796,-0.08457692448760445,0.1835460419286231
tdc_pgp_broccatelli,classification,inner,row_centred,seed,127,81,13.959640278976336,8.658791411377688,-0.10935651079074682,18.114961758418517,11.274910054889236,-0.09030322964103735,0.17423088037408108
tdc_pgp_broccatelli,classification,inner,row_centred,seed,149,81,13.636002203497323,8.282702772229928,-0.10634810824357602,18.03105917656222,11.004035059847348,-0.08681107734677886,0.18370830679987468
tdc_pgp_broccatelli,classification,inner,row_centred,outer_fold,1,60,12.446448830530848,7.444107256386028,-0.1079751785804206,17.80219203779959,10.591879212047328,-0.08451915404663632,0.21723533910447823
tdc_pgp_broccatelli,classification,inner,row_centred,outer_fold,2,60,13.452181717494668,8.470595100078326,-0.09217166764025339,18.862328380101403,11.93518002185405,-0.07170543613607941,0.22204471317643734
tdc_pgp_broccatelli,classification,inner,row_centred,outer_fold,3,60,13.036963767180705,7.912098287599242,-0.09561893640194669,18.806779310884835,11.53050364737852,-0.07301627950278342,0.23638264291238345
tdc_pgp_broccatelli,classification,inner,row_centred,inner_fold,1,60,12.601279385139941,7.6655425984391465,-0.0852488841093628,18.321511761708816,11.129004127980977,-0.06552284623896612,0.23139350240750176
tdc_pgp_broccatelli,classification,inner,row_centred,inner_fold,2,60,12.792909478462681,7.839012025108469,-0.11282953526583614,18.602462938392488,11.45413593162699,-0.08607502527749744,0.2371232844777988
tdc_pgp_broccatelli,classification,inner,row_centred,inner_fold,3,60,13.420427802886444,8.338755628742483,-0.09197038870470799,18.79304632995992,11.738848601076851,-0.07172972488075355,0.22007805021833426
tdc_pgp_broccatelli,classification,inner,fixed_reference_relative,seed,11,81,3.8870449211651246,1.9997848250267287,0.7090790011663293,4.543384997037371,2.161213259277553,0.680182304882778,0.040752435534010194
tdc_pgp_broccatelli,classification,inner,fixed_reference_relative,seed,23,81,3.7429813446965006,1.9466630485971048,0.7278220340186241,4.373934604380459,2.100807423609462,0.6987507936809122,0.039942786806270364
tdc_pgp_broccatelli,classification,inner,fixed_reference_relative,seed,37,81,3.893803237470141,1.9951749522610651,0.7166880880799099,4.505653651045909,2.1455271024771827,0.6893267359774098,0.03817748970239473
tdc_pgp_broccatelli,classification,inner,fixed_reference_relative,seed,53,81,3.835452896383413,1.9769322251010895,0.716114633545454,4.489621786145398,2.1378485480040705,0.6867246930096887,0.04104083223415891
tdc_pgp_broccatelli,classification,inner,fixed_reference_relative,seed,71,81,3.830716539474565,1.977770635494412,0.717282495491051,4.493476370986732,2.1406671336053993,0.6875137412690159,0.041502133969762746
tdc_pgp_broccatelli,classification,inner,fixed_reference_relative,seed,83,81,3.9624160609997774,2.0233177390881827,0.7126101545845607,4.624989471458103,2.1867639392328675,0.6835256063697062,0.040814108566570785
tdc_pgp_broccatelli,classification,inner,fixed_reference_relative,seed,97,81,3.7423861558070572,1.940683242870509,0.7258922485748684,4.356130820649961,2.0906932465563117,0.697558231274763,0.0390333652904177
tdc_pgp_broccatelli,classification,inner,fixed_reference_relative,seed,113,81,3.790350899722652,1.9535818334495807,0.7241790469443746,4.443707418272154,2.1133205897300438,0.6943550284395459,0.04118321101759162
tdc_pgp_broccatelli,classification,inner,fixed_reference_relative,seed,127,81,3.664094001721665,1.901609910482011,0.7400489701366748,4.247040358822768,2.0427157875939614,0.7122978532034125,0.03749902783884294
tdc_pgp_broccatelli,classification,inner,fixed_reference_relative,seed,149,81,3.812996956944862,1.9613179499578373,0.7192220872188881,4.484498107705739,2.125952982551751,0.6888514369806897,0.04222708225721614
tdc_pgp_broccatelli,classification,inner,fixed_reference_relative,outer_fold,1,60,3.915257126030117,2.037504225494814,0.6939888459451061,4.888425533946915,2.2796206537140606,0.6533524922475006,0.05855476487127835
tdc_pgp_broccatelli,classification,inner,fixed_reference_relative,outer_fold,2,60,3.444855715396553,1.8281799095550821,0.7624711185059803,4.236445676817108,2.0185190680269027,0.7232608530654565,0.051425246791451204
tdc_pgp_broccatelli,classification,inner,fixed_reference_relative,outer_fold,3,60,3.9771679884895352,2.0483732134603465,0.7041843622718543,4.833398431338549,2.2612293428732024,0.6677535748787669,0.051734729347798894
tdc_pgp_broccatelli,classification,inner,fixed_reference_relative,inner_fold,1,60,3.735669592490061,1.970630931407467,0.7214965806927278,4.596729008643103,2.1825152436852076,0.6830736298102178,0.0532545155593378
tdc_pgp_broccatelli,classification,inner,fixed_reference_relative,inner_fold,2,60,3.202534952922452,1.7459328082301924,0.7678667087557589,3.8324687405806017,1.895116321820828,0.7351424013505461,0.04261717174617315
tdc_pgp_broccatelli,classification,inner,fixed_reference_relative,inner_fold,3,60,4.595557771851767,2.2992886982375214,0.6488182775445948,5.816739137188915,2.6184499743110843,0.6046017675324309,0.0681492977964462
tdc_pgp_broccatelli,classification,inner,within_unit_rank,seed,11,81,17.935887083933164,12.025067146187132,-0.06286401773333022,23.586477317786283,17.165406631949644,-0.045343391472858915,0.27870675295991937
tdc_pgp_broccatelli,classification,inner,within_unit_rank,seed,23,81,18.0656481520608,12.336432812225304,-0.05564432543693179,23.98323307815926,17.815998154382942,-0.03932591513124287,0.2932627932417747
tdc_pgp_broccatelli,classification,inner,within_unit_rank,seed,37,81,18.391204750766143,12.48752749438789,-0.05503285198560588,24.27822497630763,18.083403679270223,-0.03862162324066688,0.29820785499598307
tdc_pgp_broccatelli,classification,inner,within_unit_rank,seed,53,81,18.18625247153655,12.208540333379746,-0.06424919423024862,23.84765226971947,17.473847142327774,-0.046008882252647584,0.2838994666957779
tdc_pgp_broccatelli,classification,inner,within_unit_rank,seed,71,81,17.956471379497057,12.083664147987742,-0.06849704388927141,23.65591194541523,17.291070589665015,-0.049209167914006355,0.28158698361413675
tdc_pgp_broccatelli,classification,inner,within_unit_rank,seed,83,81,18.4085579610115,12.507591680305126,-0.06333134352108255,24.244825610238593,18.06185936062246,-0.044565008293763426,0.29631986602450666
tdc_pgp_broccatelli,classification,inner,within_unit_rank,seed,97,81,18.038898821262716,11.957370884239038,-0.06415069867319044,23.51037228852435,16.958387457473595,-0.046665596081011756,0.272562933121818
tdc_pgp_broccatelli,classification,inner,within_unit_rank,seed,113,81,17.85896460560598,11.933259317260344,-0.07082601174327036,23.440710994488356,16.956845660890515,-0.05144353796275876,0.27366321078150013
tdc_pgp_broccatelli,classification,inner,within_unit_rank,seed,127,81,18.00306034971568,12.06566607132379,-0.06139513661192418,23.665769683682942,17.257508827186964,-0.04414740111528378,0.280929996225313
tdc_pgp_broccatelli,classification,inner,within_unit_rank,seed,149,81,17.970474165884777,12.165678450637527,-0.07336719969732271,23.8479547572218,17.57736150128616,-0.05204834825060911,0.2905774179015251
tdc_pgp_broccatelli,classification,inner,within_unit_rank,outer_fold,1,60,16.57305754641974,10.990564785567095,-0.05828629679087777,23.519503090036142,16.997946678188487,-0.039604670183366,0.32051490034679264
tdc_pgp_broccatelli,classification,inner,within_unit_rank,outer_fold,2,60,16.969891015051875,11.495154187623866,-0.061866934139795854,24.429336417764123,18.310275814086836,-0.040053239478783725,0.35259052293946663
tdc_pgp_broccatelli,classification,inner,within_unit_rank,outer_fold,3,60,17.648416713589732,12.186930969009904,-0.06636813833600005,25.393186274101254,19.75746620617651,-0.04097330218442669,0.38263595737773515
tdc_pgp_broccatelli,classification,inner,within_unit_rank,inner_fold,1,60,16.917628433725053,11.384668411595262,-0.04848041935743479,23.90206529710893,17.61395208638367,-0.03255920141818479,0.3284051200520066
tdc_pgp_broccatelli,classification,inner,within_unit_rank,inner_fold,2,60,17.097456330350173,11.517982237405198,-0.0674191558138798,24.55597567738029,18.415952833238954,-0.04342128149493979,0.35595038278422764
tdc_pgp_broccatelli,classification,inner,within_unit_rank,inner_fold,3,60,17.08270942128363,11.702250204824484,-0.06302068072474418,24.86688985298717,18.927920091365497,-0.03976625859923688,0.3689966826457457
