dataset,task_type,outer_fold,inner_fold,outer_split_type,inner_split_type,candidate_order,candidate,family,inner_utility,inner_roc_auc,inner_pr_auc,inner_brier,minority_label,minority_threshold,minority_recall,majority_recall,balanced_recall,minority_constraint_feasible,minority_recall_target,fit_seconds
esol,regression,1,1,seeded_scaffold_group_balanced,seeded_scaffold_group_balanced,1,ridge_a0.1,linear,-3.203266534664762,,,,,,,,,,,0.0057685999781824
esol,regression,1,2,seeded_scaffold_group_balanced,seeded_scaffold_group_balanced,1,ridge_a0.1,linear,-2.971070219158743,,,,,,,,,,,0.004961300001014
esol,regression,1,3,seeded_scaffold_group_balanced,seeded_scaffold_group_balanced,1,ridge_a0.1,linear,-3.0338850271054008,,,,,,,,,,,0.0054556999821215
esol,regression,1,1,seeded_scaffold_group_balanced,seeded_scaffold_group_balanced,2,ridge_a1,linear,-2.064303394536629,,,,,,,,,,,0.0051013000193051
esol,regression,1,2,seeded_scaffold_group_balanced,seeded_scaffold_group_balanced,2,ridge_a1,linear,-2.01181137422946,,,,,,,,,,,0.0048456000513397
esol,regression,1,3,seeded_scaffold_group_balanced,seeded_scaffold_group_balanced,2,ridge_a1,linear,-2.209310264650829,,,,,,,,,,,0.0051892999908886
esol,regression,1,1,seeded_scaffold_group_balanced,seeded_scaffold_group_balanced,3,ridge_a10,linear,-1.440528058367234,,,,,,,,,,,0.0044821000192314
esol,regression,1,2,seeded_scaffold_group_balanced,seeded_scaffold_group_balanced,3,ridge_a10,linear,-1.6981216278260027,,,,,,,,,,,0.0041716999839991
esol,regression,1,3,seeded_scaffold_group_balanced,seeded_scaffold_group_balanced,3,ridge_a10,linear,-2.021457940752128,,,,,,,,,,,0.0042856999789364
esol,regression,1,1,seeded_scaffold_group_balanced,seeded_scaffold_group_balanced,4,elasticnet_a0.001,linear,-2.30862845147745,,,,,,,,,,,0.0608429000130854
esol,regression,1,2,seeded_scaffold_group_balanced,seeded_scaffold_group_balanced,4,elasticnet_a0.001,linear,-2.1799228578715684,,,,,,,,,,,0.0374307000311091
esol,regression,1,3,seeded_scaffold_group_balanced,seeded_scaffold_group_balanced,4,elasticnet_a0.001,linear,-2.3349270914625944,,,,,,,,,,,0.0581589000066742
esol,regression,1,1,seeded_scaffold_group_balanced,seeded_scaffold_group_balanced,5,rf_60_sqrt,bagging,-1.233927701740883,,,,,,,,,,,0.0648867000127211
esol,regression,1,2,seeded_scaffold_group_balanced,seeded_scaffold_group_balanced,5,rf_60_sqrt,bagging,-1.560585522387304,,,,,,,,,,,0.0703563999850303
esol,regression,1,3,seeded_scaffold_group_balanced,seeded_scaffold_group_balanced,5,rf_60_sqrt,bagging,-2.018050051304657,,,,,,,,,,,0.0672725000185892
esol,regression,1,1,seeded_scaffold_group_balanced,seeded_scaffold_group_balanced,6,rf_90_d12,bagging,-1.3022270034193033,,,,,,,,,,,0.0898417000425979
esol,regression,1,2,seeded_scaffold_group_balanced,seeded_scaffold_group_balanced,6,rf_90_d12,bagging,-1.6773824840211295,,,,,,,,,,,0.0862220999551937
esol,regression,1,3,seeded_scaffold_group_balanced,seeded_scaffold_group_balanced,6,rf_90_d12,bagging,-2.132139760201901,,,,,,,,,,,0.091494699998293
esol,regression,1,1,seeded_scaffold_group_balanced,seeded_scaffold_group_balanced,7,rf_90_leaf2,bagging,-1.2820478769783257,,,,,,,,,,,0.0844872000161558
esol,regression,1,2,seeded_scaffold_group_balanced,seeded_scaffold_group_balanced,7,rf_90_leaf2,bagging,-1.659623447526722,,,,,,,,,,,0.0819329000078141
esol,regression,1,3,seeded_scaffold_group_balanced,seeded_scaffold_group_balanced,7,rf_90_leaf2,bagging,-2.083067058370558,,,,,,,,,,,0.0802445000153966
esol,regression,1,1,seeded_scaffold_group_balanced,seeded_scaffold_group_balanced,8,rf_120_d20_leaf2,bagging,-1.2896342546017814,,,,,,,,,,,0.1111296999733895
esol,regression,1,2,seeded_scaffold_group_balanced,seeded_scaffold_group_balanced,8,rf_120_d20_leaf2,bagging,-1.6761264227292296,,,,,,,,,,,0.1197061999700963
esol,regression,1,3,seeded_scaffold_group_balanced,seeded_scaffold_group_balanced,8,rf_120_d20_leaf2,bagging,-2.129802431979755,,,,,,,,,,,0.1052089000004343
esol,regression,1,1,seeded_scaffold_group_balanced,seeded_scaffold_group_balanced,9,et_60_sqrt,bagging,-1.2308785392669723,,,,,,,,,,,0.0508490000502206
esol,regression,1,2,seeded_scaffold_group_balanced,seeded_scaffold_group_balanced,9,et_60_sqrt,bagging,-1.5574769096912773,,,,,,,,,,,0.044156199961435
esol,regression,1,3,seeded_scaffold_group_balanced,seeded_scaffold_group_balanced,9,et_60_sqrt,bagging,-1.951718857440619,,,,,,,,,,,0.0506200999952852
esol,regression,1,1,seeded_scaffold_group_balanced,seeded_scaffold_group_balanced,10,et_90_d12,bagging,-1.285215109646013,,,,,,,,,,,0.0596147000323981
esol,regression,1,2,seeded_scaffold_group_balanced,seeded_scaffold_group_balanced,10,et_90_d12,bagging,-1.691766387302135,,,,,,,,,,,0.0697843999951146
esol,regression,1,3,seeded_scaffold_group_balanced,seeded_scaffold_group_balanced,10,et_90_d12,bagging,-2.1162888718353825,,,,,,,,,,,0.0680899000144563
esol,regression,1,1,seeded_scaffold_group_balanced,seeded_scaffold_group_balanced,11,et_90_leaf2,bagging,-1.2350449210868106,,,,,,,,,,,0.0557488999911583
esol,regression,1,2,seeded_scaffold_group_balanced,seeded_scaffold_group_balanced,11,et_90_leaf2,bagging,-1.6181271010318847,,,,,,,,,,,0.0689277999917976
esol,regression,1,3,seeded_scaffold_group_balanced,seeded_scaffold_group_balanced,11,et_90_leaf2,bagging,-2.1019182081718317,,,,,,,,,,,0.0813499999931082
esol,regression,1,1,seeded_scaffold_group_balanced,seeded_scaffold_group_balanced,12,et_120_d20_leaf2,bagging,-1.2500717180165268,,,,,,,,,,,0.1062138000270351
esol,regression,1,2,seeded_scaffold_group_balanced,seeded_scaffold_group_balanced,12,et_120_d20_leaf2,bagging,-1.6367084852764886,,,,,,,,,,,0.111672900035046
esol,regression,1,3,seeded_scaffold_group_balanced,seeded_scaffold_group_balanced,12,et_120_d20_leaf2,bagging,-2.0965784699442462,,,,,,,,,,,0.1041281000361777
esol,regression,1,1,seeded_scaffold_group_balanced,seeded_scaffold_group_balanced,13,histgb_lr0.05,boosting,-1.327636311282605,,,,,,,,,,,2.310766800015699
esol,regression,1,2,seeded_scaffold_group_balanced,seeded_scaffold_group_balanced,13,histgb_lr0.05,boosting,-1.5452092930068229,,,,,,,,,,,0.9658309000078588
esol,regression,1,3,seeded_scaffold_group_balanced,seeded_scaffold_group_balanced,13,histgb_lr0.05,boosting,-1.7528172886807811,,,,,,,,,,,1.0042979999561794
esol,regression,1,1,seeded_scaffold_group_balanced,seeded_scaffold_group_balanced,14,histgb_lr0.1,boosting,-1.345549456922564,,,,,,,,,,,0.7559744999743998
esol,regression,1,2,seeded_scaffold_group_balanced,seeded_scaffold_group_balanced,14,histgb_lr0.1,boosting,-1.5237576588116937,,,,,,,,,,,0.7695929000037722
esol,regression,1,3,seeded_scaffold_group_balanced,seeded_scaffold_group_balanced,14,histgb_lr0.1,boosting,-1.7064116453827616,,,,,,,,,,,0.7796154000097886
esol,regression,1,1,seeded_scaffold_group_balanced,seeded_scaffold_group_balanced,15,gb_lr0.05_d2,boosting,-1.480680275338393,,,,,,,,,,,0.1888196999789215
esol,regression,1,2,seeded_scaffold_group_balanced,seeded_scaffold_group_balanced,15,gb_lr0.05_d2,boosting,-1.838820527994497,,,,,,,,,,,0.1854668000014498
esol,regression,1,3,seeded_scaffold_group_balanced,seeded_scaffold_group_balanced,15,gb_lr0.05_d2,boosting,-2.163764738136159,,,,,,,,,,,0.1947351000271737
esol,regression,1,1,seeded_scaffold_group_balanced,seeded_scaffold_group_balanced,16,gb_lr0.1_d3,boosting,-1.4068850439032348,,,,,,,,,,,0.2801373000256717
esol,regression,1,2,seeded_scaffold_group_balanced,seeded_scaffold_group_balanced,16,gb_lr0.1_d3,boosting,-1.6956015161501194,,,,,,,,,,,0.2933381000184454
esol,regression,1,3,seeded_scaffold_group_balanced,seeded_scaffold_group_balanced,16,gb_lr0.1_d3,boosting,-1.98747999810926,,,,,,,,,,,0.2689507000031881
esol,regression,1,1,seeded_scaffold_group_balanced,seeded_scaffold_group_balanced,17,lgbm_60_l15,boosting,-1.32283101437373,,,,,,,,,,,0.0270245000137947
esol,regression,1,2,seeded_scaffold_group_balanced,seeded_scaffold_group_balanced,17,lgbm_60_l15,boosting,-1.6172582173852186,,,,,,,,,,,0.0242912999819964
esol,regression,1,3,seeded_scaffold_group_balanced,seeded_scaffold_group_balanced,17,lgbm_60_l15,boosting,-1.8239541982918983,,,,,,,,,,,0.0240798000013455
esol,regression,1,1,seeded_scaffold_group_balanced,seeded_scaffold_group_balanced,18,lgbm_90_l31,boosting,-1.3126566297847648,,,,,,,,,,,0.0372844000230543
esol,regression,1,2,seeded_scaffold_group_balanced,seeded_scaffold_group_balanced,18,lgbm_90_l31,boosting,-1.5742828207491957,,,,,,,,,,,0.0389359999680891
esol,regression,1,3,seeded_scaffold_group_balanced,seeded_scaffold_group_balanced,18,lgbm_90_l31,boosting,-1.7500665389238903,,,,,,,,,,,0.0342160000000149
esol,regression,1,1,seeded_scaffold_group_balanced,seeded_scaffold_group_balanced,19,lgbm_60_l63,boosting,-1.3131665957880805,,,,,,,,,,,0.025923499953933
esol,regression,1,2,seeded_scaffold_group_balanced,seeded_scaffold_group_balanced,19,lgbm_60_l63,boosting,-1.5538627174893085,,,,,,,,,,,0.0277920999797061
esol,regression,1,3,seeded_scaffold_group_balanced,seeded_scaffold_group_balanced,19,lgbm_60_l63,boosting,-1.7453521049382432,,,,,,,,,,,0.0293988999910652
esol,regression,1,1,seeded_scaffold_group_balanced,seeded_scaffold_group_balanced,20,lgbm_100_leaf10,boosting,-1.417357461937267,,,,,,,,,,,0.0843252999475225
esol,regression,1,2,seeded_scaffold_group_balanced,seeded_scaffold_group_balanced,20,lgbm_100_leaf10,boosting,-1.5655116474293764,,,,,,,,,,,0.0893182999570854
esol,regression,1,3,seeded_scaffold_group_balanced,seeded_scaffold_group_balanced,20,lgbm_100_leaf10,boosting,-1.7177182766659478,,,,,,,,,,,0.0782523000380024
esol,regression,1,1,seeded_scaffold_group_balanced,seeded_scaffold_group_balanced,21,lgbm_100_leaf30,boosting,-1.3709601693526825,,,,,,,,,,,0.0309571999823674
esol,regression,1,2,seeded_scaffold_group_balanced,seeded_scaffold_group_balanced,21,lgbm_100_leaf30,boosting,-1.6075455149452176,,,,,,,,,,,0.0344502000370994
esol,regression,1,3,seeded_scaffold_group_balanced,seeded_scaffold_group_balanced,21,lgbm_100_leaf30,boosting,-1.8429270669575584,,,,,,,,,,,0.0290051000192761
esol,regression,1,1,seeded_scaffold_group_balanced,seeded_scaffold_group_balanced,22,lgbm_80_ff0.7,boosting,-1.2898130785915258,,,,,,,,,,,0.0272563999751582
esol,regression,1,2,seeded_scaffold_group_balanced,seeded_scaffold_group_balanced,22,lgbm_80_ff0.7,boosting,-1.548180329354442,,,,,,,,,,,0.0317652999656274
esol,regression,1,3,seeded_scaffold_group_balanced,seeded_scaffold_group_balanced,22,lgbm_80_ff0.7,boosting,-1.7615084291435297,,,,,,,,,,,0.0328581999638117
esol,regression,1,1,seeded_scaffold_group_balanced,seeded_scaffold_group_balanced,23,lgbm_80_bag0.8,boosting,-1.3319588230218569,,,,,,,,,,,0.0299096999806351
esol,regression,1,2,seeded_scaffold_group_balanced,seeded_scaffold_group_balanced,23,lgbm_80_bag0.8,boosting,-1.5590855417019145,,,,,,,,,,,0.028422400006093
esol,regression,1,3,seeded_scaffold_group_balanced,seeded_scaffold_group_balanced,23,lgbm_80_bag0.8,boosting,-1.7731903937238511,,,,,,,,,,,0.0267920999904163
esol,regression,1,1,seeded_scaffold_group_balanced,seeded_scaffold_group_balanced,24,lgbm_120_l15,boosting,-1.297382263715101,,,,,,,,,,,0.0425765000400133
esol,regression,1,2,seeded_scaffold_group_balanced,seeded_scaffold_group_balanced,24,lgbm_120_l15,boosting,-1.5645657620423623,,,,,,,,,,,0.0394321999629028
esol,regression,1,3,seeded_scaffold_group_balanced,seeded_scaffold_group_balanced,24,lgbm_120_l15,boosting,-1.76208260812491,,,,,,,,,,,0.0387781999888829
esol,regression,1,1,seeded_scaffold_group_balanced,seeded_scaffold_group_balanced,25,xgb_60_d3,boosting,-1.408815489266856,,,,,,,,,,,0.1488376999623142
esol,regression,1,2,seeded_scaffold_group_balanced,seeded_scaffold_group_balanced,25,xgb_60_d3,boosting,-1.7201452913231612,,,,,,,,,,,0.0561507000238634
esol,regression,1,3,seeded_scaffold_group_balanced,seeded_scaffold_group_balanced,25,xgb_60_d3,boosting,-1.9905327632246643,,,,,,,,,,,0.0552392000099644
esol,regression,1,1,seeded_scaffold_group_balanced,seeded_scaffold_group_balanced,26,xgb_80_d5,boosting,-1.3694705598023025,,,,,,,,,,,0.0830909999785944
esol,regression,1,2,seeded_scaffold_group_balanced,seeded_scaffold_group_balanced,26,xgb_80_d5,boosting,-1.5785049792169998,,,,,,,,,,,0.0803640999947674
esol,regression,1,3,seeded_scaffold_group_balanced,seeded_scaffold_group_balanced,26,xgb_80_d5,boosting,-1.8623727879608016,,,,,,,,,,,0.0802707000402733
esol,regression,1,1,seeded_scaffold_group_balanced,seeded_scaffold_group_balanced,27,xgb_100_d3,boosting,-1.4142863824126053,,,,,,,,,,,0.0618183999904431
esol,regression,1,2,seeded_scaffold_group_balanced,seeded_scaffold_group_balanced,27,xgb_100_d3,boosting,-1.713092928871384,,,,,,,,,,,0.0687239000108093
esol,regression,1,3,seeded_scaffold_group_balanced,seeded_scaffold_group_balanced,27,xgb_100_d3,boosting,-2.0203078380155084,,,,,,,,,,,0.0654212000081315
esol,regression,1,1,seeded_scaffold_group_balanced,seeded_scaffold_group_balanced,28,xgb_60_d6,boosting,-1.3431479471972652,,,,,,,,,,,0.0656878000008873
esol,regression,1,2,seeded_scaffold_group_balanced,seeded_scaffold_group_balanced,28,xgb_60_d6,boosting,-1.6153241736508113,,,,,,,,,,,0.0736360999871976
esol,regression,1,3,seeded_scaffold_group_balanced,seeded_scaffold_group_balanced,28,xgb_60_d6,boosting,-1.7740345119627452,,,,,,,,,,,0.0663688000058755
esol,regression,1,1,seeded_scaffold_group_balanced,seeded_scaffold_group_balanced,29,cat_60_d4,boosting,-1.4227821618306171,,,,,,,,,,,0.3111442999797873
esol,regression,1,2,seeded_scaffold_group_balanced,seeded_scaffold_group_balanced,29,cat_60_d4,boosting,-1.792104299505225,,,,,,,,,,,0.1463167000329122
esol,regression,1,3,seeded_scaffold_group_balanced,seeded_scaffold_group_balanced,29,cat_60_d4,boosting,-2.1459380453749417,,,,,,,,,,,0.1567628000047989
esol,regression,1,1,seeded_scaffold_group_balanced,seeded_scaffold_group_balanced,30,cat_80_d6,boosting,-1.3779364849951306,,,,,,,,,,,0.3053456000052392
esol,regression,1,2,seeded_scaffold_group_balanced,seeded_scaffold_group_balanced,30,cat_80_d6,boosting,-1.7484692221190183,,,,,,,,,,,0.2769486000179313
esol,regression,1,3,seeded_scaffold_group_balanced,seeded_scaffold_group_balanced,30,cat_80_d6,boosting,-2.053978773587294,,,,,,,,,,,0.3493021000176668
esol,regression,1,1,seeded_scaffold_group_balanced,seeded_scaffold_group_balanced,31,cat_100_d4,boosting,-1.4330732755590472,,,,,,,,,,,0.224860800022725
esol,regression,1,2,seeded_scaffold_group_balanced,seeded_scaffold_group_balanced,31,cat_100_d4,boosting,-1.7916292443011077,,,,,,,,,,,0.2211069000186398
esol,regression,1,3,seeded_scaffold_group_balanced,seeded_scaffold_group_balanced,31,cat_100_d4,boosting,-2.131549129022933,,,,,,,,,,,0.2159585000481456
esol,regression,1,1,seeded_scaffold_group_balanced,seeded_scaffold_group_balanced,32,cat_60_d8,boosting,-1.3710566323182132,,,,,,,,,,,0.4388402000186033
esol,regression,1,2,seeded_scaffold_group_balanced,seeded_scaffold_group_balanced,32,cat_60_d8,boosting,-1.7299186178746109,,,,,,,,,,,0.46222340001259
esol,regression,1,3,seeded_scaffold_group_balanced,seeded_scaffold_group_balanced,32,cat_60_d8,boosting,-2.052324223874306,,,,,,,,,,,0.5324713999871165
esol,regression,2,1,seeded_scaffold_group_balanced,seeded_scaffold_group_balanced,1,ridge_a0.1,linear,-2.481848719562294,,,,,,,,,,,0.0058725000126287
esol,regression,2,2,seeded_scaffold_group_balanced,seeded_scaffold_group_balanced,1,ridge_a0.1,linear,-3.087287549754123,,,,,,,,,,,0.0057267999509349
esol,regression,2,3,seeded_scaffold_group_balanced,seeded_scaffold_group_balanced,1,ridge_a0.1,linear,-2.820910884311329,,,,,,,,,,,0.0043235999764874
esol,regression,2,1,seeded_scaffold_group_balanced,seeded_scaffold_group_balanced,2,ridge_a1,linear,-1.7488556082885014,,,,,,,,,,,0.0046702999970875
esol,regression,2,2,seeded_scaffold_group_balanced,seeded_scaffold_group_balanced,2,ridge_a1,linear,-1.8617258847706424,,,,,,,,,,,0.0040823000017553
esol,regression,2,3,seeded_scaffold_group_balanced,seeded_scaffold_group_balanced,2,ridge_a1,linear,-1.9311101349681947,,,,,,,,,,,0.0041846000240184
esol,regression,2,1,seeded_scaffold_group_balanced,seeded_scaffold_group_balanced,3,ridge_a10,linear,-1.4076986029135337,,,,,,,,,,,0.0050034999730996
esol,regression,2,2,seeded_scaffold_group_balanced,seeded_scaffold_group_balanced,3,ridge_a10,linear,-1.5167367489694832,,,,,,,,,,,0.0041387000237591
esol,regression,2,3,seeded_scaffold_group_balanced,seeded_scaffold_group_balanced,3,ridge_a10,linear,-1.6407916351798957,,,,,,,,,,,0.0046586000244133
esol,regression,2,1,seeded_scaffold_group_balanced,seeded_scaffold_group_balanced,4,elasticnet_a0.001,linear,-1.920882569761517,,,,,,,,,,,0.0476114999619312
esol,regression,2,2,seeded_scaffold_group_balanced,seeded_scaffold_group_balanced,4,elasticnet_a0.001,linear,-2.0720870819307744,,,,,,,,,,,0.0346546999644488
esol,regression,2,3,seeded_scaffold_group_balanced,seeded_scaffold_group_balanced,4,elasticnet_a0.001,linear,-2.099437663032206,,,,,,,,,,,0.0384404000360518
esol,regression,2,1,seeded_scaffold_group_balanced,seeded_scaffold_group_balanced,5,rf_60_sqrt,bagging,-1.371682087265648,,,,,,,,,,,0.071560500015039
esol,regression,2,2,seeded_scaffold_group_balanced,seeded_scaffold_group_balanced,5,rf_60_sqrt,bagging,-1.6545795500690974,,,,,,,,,,,0.0669599000248126
esol,regression,2,3,seeded_scaffold_group_balanced,seeded_scaffold_group_balanced,5,rf_60_sqrt,bagging,-1.848736554677037,,,,,,,,,,,0.0673468000022694
esol,regression,2,1,seeded_scaffold_group_balanced,seeded_scaffold_group_balanced,6,rf_90_d12,bagging,-1.4701132645954618,,,,,,,,,,,0.0866474999929778
esol,regression,2,2,seeded_scaffold_group_balanced,seeded_scaffold_group_balanced,6,rf_90_d12,bagging,-1.7450821509514876,,,,,,,,,,,0.0906896000378765
esol,regression,2,3,seeded_scaffold_group_balanced,seeded_scaffold_group_balanced,6,rf_90_d12,bagging,-1.7692019379449837,,,,,,,,,,,0.0771307999966666
esol,regression,2,1,seeded_scaffold_group_balanced,seeded_scaffold_group_balanced,7,rf_90_leaf2,bagging,-1.465578901641423,,,,,,,,,,,0.0918730000266805
esol,regression,2,2,seeded_scaffold_group_balanced,seeded_scaffold_group_balanced,7,rf_90_leaf2,bagging,-1.6858412494240531,,,,,,,,,,,0.0909246999653987
esol,regression,2,3,seeded_scaffold_group_balanced,seeded_scaffold_group_balanced,7,rf_90_leaf2,bagging,-1.814494893699719,,,,,,,,,,,0.0839879999984987
esol,regression,2,1,seeded_scaffold_group_balanced,seeded_scaffold_group_balanced,8,rf_120_d20_leaf2,bagging,-1.4667190249078936,,,,,,,,,,,0.1129289999953471
esol,regression,2,2,seeded_scaffold_group_balanced,seeded_scaffold_group_balanced,8,rf_120_d20_leaf2,bagging,-1.6837426462330896,,,,,,,,,,,0.1157158000278286
esol,regression,2,3,seeded_scaffold_group_balanced,seeded_scaffold_group_balanced,8,rf_120_d20_leaf2,bagging,-1.822935482196882,,,,,,,,,,,0.1167118999874219
esol,regression,2,1,seeded_scaffold_group_balanced,seeded_scaffold_group_balanced,9,et_60_sqrt,bagging,-1.339028287769555,,,,,,,,,,,0.0595819000154733
esol,regression,2,2,seeded_scaffold_group_balanced,seeded_scaffold_group_balanced,9,et_60_sqrt,bagging,-1.652244461921848,,,,,,,,,,,0.053347900044173
esol,regression,2,3,seeded_scaffold_group_balanced,seeded_scaffold_group_balanced,9,et_60_sqrt,bagging,-1.853767926681984,,,,,,,,,,,0.0478862000163644
esol,regression,2,1,seeded_scaffold_group_balanced,seeded_scaffold_group_balanced,10,et_90_d12,bagging,-1.4225374245846911,,,,,,,,,,,0.0729872999945655
esol,regression,2,2,seeded_scaffold_group_balanced,seeded_scaffold_group_balanced,10,et_90_d12,bagging,-1.69945344532215,,,,,,,,,,,0.0643062999588437
esol,regression,2,3,seeded_scaffold_group_balanced,seeded_scaffold_group_balanced,10,et_90_d12,bagging,-1.7811935727762274,,,,,,,,,,,0.0695142000331543
esol,regression,2,1,seeded_scaffold_group_balanced,seeded_scaffold_group_balanced,11,et_90_leaf2,bagging,-1.404062332256111,,,,,,,,,,,0.0609280000207945
esol,regression,2,2,seeded_scaffold_group_balanced,seeded_scaffold_group_balanced,11,et_90_leaf2,bagging,-1.6343413231052664,,,,,,,,,,,0.0624329000129364
esol,regression,2,3,seeded_scaffold_group_balanced,seeded_scaffold_group_balanced,11,et_90_leaf2,bagging,-1.857321416760752,,,,,,,,,,,0.0688776000170037
esol,regression,2,1,seeded_scaffold_group_balanced,seeded_scaffold_group_balanced,12,et_120_d20_leaf2,bagging,-1.4141439017959756,,,,,,,,,,,0.0846417999709956
esol,regression,2,2,seeded_scaffold_group_balanced,seeded_scaffold_group_balanced,12,et_120_d20_leaf2,bagging,-1.6304502238417986,,,,,,,,,,,0.0857596999849192
esol,regression,2,3,seeded_scaffold_group_balanced,seeded_scaffold_group_balanced,12,et_120_d20_leaf2,bagging,-1.8276615749526068,,,,,,,,,,,0.0700806999811902
esol,regression,2,1,seeded_scaffold_group_balanced,seeded_scaffold_group_balanced,13,histgb_lr0.05,boosting,-1.461150162401231,,,,,,,,,,,0.901801300002262
esol,regression,2,2,seeded_scaffold_group_balanced,seeded_scaffold_group_balanced,13,histgb_lr0.05,boosting,-1.621060916558023,,,,,,,,,,,0.9141241000033916
esol,regression,2,3,seeded_scaffold_group_balanced,seeded_scaffold_group_balanced,13,histgb_lr0.05,boosting,-2.07482369654359,,,,,,,,,,,0.9292857999680564
esol,regression,2,1,seeded_scaffold_group_balanced,seeded_scaffold_group_balanced,14,histgb_lr0.1,boosting,-1.4739426524511556,,,,,,,,,,,0.792284999974072
esol,regression,2,2,seeded_scaffold_group_balanced,seeded_scaffold_group_balanced,14,histgb_lr0.1,boosting,-1.6224840709603323,,,,,,,,,,,0.8269170999992639
esol,regression,2,3,seeded_scaffold_group_balanced,seeded_scaffold_group_balanced,14,histgb_lr0.1,boosting,-1.9887845210702435,,,,,,,,,,,0.745459400000982
esol,regression,2,1,seeded_scaffold_group_balanced,seeded_scaffold_group_balanced,15,gb_lr0.05_d2,boosting,-1.585738281414255,,,,,,,,,,,0.1978891000035219
esol,regression,2,2,seeded_scaffold_group_balanced,seeded_scaffold_group_balanced,15,gb_lr0.05_d2,boosting,-1.7774322545346597,,,,,,,,,,,0.2039903000113554
esol,regression,2,3,seeded_scaffold_group_balanced,seeded_scaffold_group_balanced,15,gb_lr0.05_d2,boosting,-1.846255677723959,,,,,,,,,,,0.1954848999739624
esol,regression,2,1,seeded_scaffold_group_balanced,seeded_scaffold_group_balanced,16,gb_lr0.1_d3,boosting,-1.3428451496848086,,,,,,,,,,,0.2776569999987259
esol,regression,2,2,seeded_scaffold_group_balanced,seeded_scaffold_group_balanced,16,gb_lr0.1_d3,boosting,-1.7037441966364624,,,,,,,,,,,0.3235195999732241
esol,regression,2,3,seeded_scaffold_group_balanced,seeded_scaffold_group_balanced,16,gb_lr0.1_d3,boosting,-1.903600555539277,,,,,,,,,,,0.3764955999795347
esol,regression,2,1,seeded_scaffold_group_balanced,seeded_scaffold_group_balanced,17,lgbm_60_l15,boosting,-1.4894927399082254,,,,,,,,,,,0.0356753999949432
esol,regression,2,2,seeded_scaffold_group_balanced,seeded_scaffold_group_balanced,17,lgbm_60_l15,boosting,-1.6507446367617329,,,,,,,,,,,0.0305869000148959
esol,regression,2,3,seeded_scaffold_group_balanced,seeded_scaffold_group_balanced,17,lgbm_60_l15,boosting,-2.101029550257993,,,,,,,,,,,0.035266600025352
esol,regression,2,1,seeded_scaffold_group_balanced,seeded_scaffold_group_balanced,18,lgbm_90_l31,boosting,-1.4736211284498584,,,,,,,,,,,0.0502554000122472
esol,regression,2,2,seeded_scaffold_group_balanced,seeded_scaffold_group_balanced,18,lgbm_90_l31,boosting,-1.6358401041754909,,,,,,,,,,,0.0475438000285066
esol,regression,2,3,seeded_scaffold_group_balanced,seeded_scaffold_group_balanced,18,lgbm_90_l31,boosting,-2.069990838618225,,,,,,,,,,,0.0528495999751612
esol,regression,2,1,seeded_scaffold_group_balanced,seeded_scaffold_group_balanced,19,lgbm_60_l63,boosting,-1.4825489592181194,,,,,,,,,,,0.0472690000315196
esol,regression,2,2,seeded_scaffold_group_balanced,seeded_scaffold_group_balanced,19,lgbm_60_l63,boosting,-1.622082704808684,,,,,,,,,,,0.0495238000294193
esol,regression,2,3,seeded_scaffold_group_balanced,seeded_scaffold_group_balanced,19,lgbm_60_l63,boosting,-2.0370153956058408,,,,,,,,,,,0.0384897000039927
esol,regression,2,1,seeded_scaffold_group_balanced,seeded_scaffold_group_balanced,20,lgbm_100_leaf10,boosting,-1.428749055162534,,,,,,,,,,,0.0882502000313252
esol,regression,2,2,seeded_scaffold_group_balanced,seeded_scaffold_group_balanced,20,lgbm_100_leaf10,boosting,-1.6007695292311526,,,,,,,,,,,0.1334904999821446
esol,regression,2,3,seeded_scaffold_group_balanced,seeded_scaffold_group_balanced,20,lgbm_100_leaf10,boosting,-2.06928301463576,,,,,,,,,,,0.1340980000095442
esol,regression,2,1,seeded_scaffold_group_balanced,seeded_scaffold_group_balanced,21,lgbm_100_leaf30,boosting,-1.5801592936607856,,,,,,,,,,,0.0492720999754965
esol,regression,2,2,seeded_scaffold_group_balanced,seeded_scaffold_group_balanced,21,lgbm_100_leaf30,boosting,-1.6926233821164067,,,,,,,,,,,0.0482957999920472
esol,regression,2,3,seeded_scaffold_group_balanced,seeded_scaffold_group_balanced,21,lgbm_100_leaf30,boosting,-2.018304582214828,,,,,,,,,,,0.0388095000525936
esol,regression,2,1,seeded_scaffold_group_balanced,seeded_scaffold_group_balanced,22,lgbm_80_ff0.7,boosting,-1.4327901607080178,,,,,,,,,,,0.0473860999918542
esol,regression,2,2,seeded_scaffold_group_balanced,seeded_scaffold_group_balanced,22,lgbm_80_ff0.7,boosting,-1.6206860710522035,,,,,,,,,,,0.1127697000047192
esol,regression,2,3,seeded_scaffold_group_balanced,seeded_scaffold_group_balanced,22,lgbm_80_ff0.7,boosting,-2.0387627104216324,,,,,,,,,,,0.0794497999595478
esol,regression,2,1,seeded_scaffold_group_balanced,seeded_scaffold_group_balanced,23,lgbm_80_bag0.8,boosting,-1.4448311691724864,,,,,,,,,,,0.1020166000234894
esol,regression,2,2,seeded_scaffold_group_balanced,seeded_scaffold_group_balanced,23,lgbm_80_bag0.8,boosting,-1.5862823807407422,,,,,,,,,,,0.0559043000102974
esol,regression,2,3,seeded_scaffold_group_balanced,seeded_scaffold_group_balanced,23,lgbm_80_bag0.8,boosting,-1.9756218832362549,,,,,,,,,,,0.0442270999774336
esol,regression,2,1,seeded_scaffold_group_balanced,seeded_scaffold_group_balanced,24,lgbm_120_l15,boosting,-1.448783503364648,,,,,,,,,,,0.0400797000038437
esol,regression,2,2,seeded_scaffold_group_balanced,seeded_scaffold_group_balanced,24,lgbm_120_l15,boosting,-1.6182068061994637,,,,,,,,,,,0.0352012000512331
esol,regression,2,3,seeded_scaffold_group_balanced,seeded_scaffold_group_balanced,24,lgbm_120_l15,boosting,-2.0658845407965925,,,,,,,,,,,0.0351302999770268
esol,regression,2,1,seeded_scaffold_group_balanced,seeded_scaffold_group_balanced,25,xgb_60_d3,boosting,-1.461647345182678,,,,,,,,,,,0.0424730999511666
esol,regression,2,2,seeded_scaffold_group_balanced,seeded_scaffold_group_balanced,25,xgb_60_d3,boosting,-1.7138743051450993,,,,,,,,,,,0.0423739000107161
esol,regression,2,3,seeded_scaffold_group_balanced,seeded_scaffold_group_balanced,25,xgb_60_d3,boosting,-1.9557545507601124,,,,,,,,,,,0.0463520999765023
esol,regression,2,1,seeded_scaffold_group_balanced,seeded_scaffold_group_balanced,26,xgb_80_d5,boosting,-1.3362439440321472,,,,,,,,,,,0.0706792999990284
esol,regression,2,2,seeded_scaffold_group_balanced,seeded_scaffold_group_balanced,26,xgb_80_d5,boosting,-1.662312043888659,,,,,,,,,,,0.06562320003286
esol,regression,2,3,seeded_scaffold_group_balanced,seeded_scaffold_group_balanced,26,xgb_80_d5,boosting,-2.0647176757075933,,,,,,,,,,,0.0776926000253297
esol,regression,2,1,seeded_scaffold_group_balanced,seeded_scaffold_group_balanced,27,xgb_100_d3,boosting,-1.4356515371454197,,,,,,,,,,,0.0637674999888986
esol,regression,2,2,seeded_scaffold_group_balanced,seeded_scaffold_group_balanced,27,xgb_100_d3,boosting,-1.6669939427688567,,,,,,,,,,,0.0715803999919444
esol,regression,2,3,seeded_scaffold_group_balanced,seeded_scaffold_group_balanced,27,xgb_100_d3,boosting,-1.9332022046539796,,,,,,,,,,,0.0675025999662466
esol,regression,2,1,seeded_scaffold_group_balanced,seeded_scaffold_group_balanced,28,xgb_60_d6,boosting,-1.3259609453572867,,,,,,,,,,,0.0587520999833941
esol,regression,2,2,seeded_scaffold_group_balanced,seeded_scaffold_group_balanced,28,xgb_60_d6,boosting,-1.5954760715702705,,,,,,,,,,,0.0738962999894283
esol,regression,2,3,seeded_scaffold_group_balanced,seeded_scaffold_group_balanced,28,xgb_60_d6,boosting,-2.07040962496697,,,,,,,,,,,0.0630868000444024
esol,regression,2,1,seeded_scaffold_group_balanced,seeded_scaffold_group_balanced,29,cat_60_d4,boosting,-1.5201318837788984,,,,,,,,,,,0.1611707999836653
esol,regression,2,2,seeded_scaffold_group_balanced,seeded_scaffold_group_balanced,29,cat_60_d4,boosting,-1.7296086401700943,,,,,,,,,,,0.1497198999859392
esol,regression,2,3,seeded_scaffold_group_balanced,seeded_scaffold_group_balanced,29,cat_60_d4,boosting,-1.8319329263822768,,,,,,,,,,,0.1565044000162743
esol,regression,2,1,seeded_scaffold_group_balanced,seeded_scaffold_group_balanced,30,cat_80_d6,boosting,-1.4753283158585837,,,,,,,,,,,0.4836802000063471
esol,regression,2,2,seeded_scaffold_group_balanced,seeded_scaffold_group_balanced,30,cat_80_d6,boosting,-1.7290956355292126,,,,,,,,,,,0.2634221999906003
esol,regression,2,3,seeded_scaffold_group_balanced,seeded_scaffold_group_balanced,30,cat_80_d6,boosting,-1.873962896173407,,,,,,,,,,,0.2671314000035636
esol,regression,2,1,seeded_scaffold_group_balanced,seeded_scaffold_group_balanced,31,cat_100_d4,boosting,-1.5208713807077323,,,,,,,,,,,0.1865187999792397
esol,regression,2,2,seeded_scaffold_group_balanced,seeded_scaffold_group_balanced,31,cat_100_d4,boosting,-1.7342039194228462,,,,,,,,,,,0.1545414000283926
esol,regression,2,3,seeded_scaffold_group_balanced,seeded_scaffold_group_balanced,31,cat_100_d4,boosting,-1.8597028128336368,,,,,,,,,,,0.1742335999733768
esol,regression,2,1,seeded_scaffold_group_balanced,seeded_scaffold_group_balanced,32,cat_60_d8,boosting,-1.471789260502861,,,,,,,,,,,0.531455599993933
esol,regression,2,2,seeded_scaffold_group_balanced,seeded_scaffold_group_balanced,32,cat_60_d8,boosting,-1.7123234479975442,,,,,,,,,,,0.2999162999913096
esol,regression,2,3,seeded_scaffold_group_balanced,seeded_scaffold_group_balanced,32,cat_60_d8,boosting,-1.833360510058752,,,,,,,,,,,0.3881362000247463
esol,regression,3,1,seeded_scaffold_group_balanced,seeded_scaffold_group_balanced,1,ridge_a0.1,linear,-2.916304782182619,,,,,,,,,,,0.0064962000469677
esol,regression,3,2,seeded_scaffold_group_balanced,seeded_scaffold_group_balanced,1,ridge_a0.1,linear,-3.358719352661187,,,,,,,,,,,0.0049304999993182
esol,regression,3,3,seeded_scaffold_group_balanced,seeded_scaffold_group_balanced,1,ridge_a0.1,linear,-2.9317046088418324,,,,,,,,,,,0.0051275999867357
esol,regression,3,1,seeded_scaffold_group_balanced,seeded_scaffold_group_balanced,2,ridge_a1,linear,-2.218572475696289,,,,,,,,,,,0.0052720999810844
esol,regression,3,2,seeded_scaffold_group_balanced,seeded_scaffold_group_balanced,2,ridge_a1,linear,-2.31133494724132,,,,,,,,,,,0.0073467000038363
esol,regression,3,3,seeded_scaffold_group_balanced,seeded_scaffold_group_balanced,2,ridge_a1,linear,-1.9537629591080985,,,,,,,,,,,0.0071903999778442
esol,regression,3,1,seeded_scaffold_group_balanced,seeded_scaffold_group_balanced,3,ridge_a10,linear,-2.017156296563425,,,,,,,,,,,0.0067250999854877
esol,regression,3,2,seeded_scaffold_group_balanced,seeded_scaffold_group_balanced,3,ridge_a10,linear,-1.7237095073671291,,,,,,,,,,,0.0056551999878138
esol,regression,3,3,seeded_scaffold_group_balanced,seeded_scaffold_group_balanced,3,ridge_a10,linear,-1.696010508813104,,,,,,,,,,,0.0065446999506093
esol,regression,3,1,seeded_scaffold_group_balanced,seeded_scaffold_group_balanced,4,elasticnet_a0.001,linear,-2.3925418853049454,,,,,,,,,,,0.0573038000147789
esol,regression,3,2,seeded_scaffold_group_balanced,seeded_scaffold_group_balanced,4,elasticnet_a0.001,linear,-2.5393051355701632,,,,,,,,,,,0.0520590000087395
esol,regression,3,3,seeded_scaffold_group_balanced,seeded_scaffold_group_balanced,4,elasticnet_a0.001,linear,-2.124139271994169,,,,,,,,,,,0.0343888999777846
esol,regression,3,1,seeded_scaffold_group_balanced,seeded_scaffold_group_balanced,5,rf_60_sqrt,bagging,-2.0508713248622827,,,,,,,,,,,0.0975987999700009
esol,regression,3,2,seeded_scaffold_group_balanced,seeded_scaffold_group_balanced,5,rf_60_sqrt,bagging,-1.8823607413212649,,,,,,,,,,,0.0990766999893821
esol,regression,3,3,seeded_scaffold_group_balanced,seeded_scaffold_group_balanced,5,rf_60_sqrt,bagging,-1.665378515605428,,,,,,,,,,,0.093212499981746
esol,regression,3,1,seeded_scaffold_group_balanced,seeded_scaffold_group_balanced,6,rf_90_d12,bagging,-2.290302060247776,,,,,,,,,,,0.125564599991776
esol,regression,3,2,seeded_scaffold_group_balanced,seeded_scaffold_group_balanced,6,rf_90_d12,bagging,-1.73122030461377,,,,,,,,,,,0.1170184999937191
esol,regression,3,3,seeded_scaffold_group_balanced,seeded_scaffold_group_balanced,6,rf_90_d12,bagging,-1.7530038292454029,,,,,,,,,,,0.1288894999888725
esol,regression,3,1,seeded_scaffold_group_balanced,seeded_scaffold_group_balanced,7,rf_90_leaf2,bagging,-2.15265227630752,,,,,,,,,,,0.1219971000100486
esol,regression,3,2,seeded_scaffold_group_balanced,seeded_scaffold_group_balanced,7,rf_90_leaf2,bagging,-1.7355185735649323,,,,,,,,,,,0.1089801000198349
esol,regression,3,3,seeded_scaffold_group_balanced,seeded_scaffold_group_balanced,7,rf_90_leaf2,bagging,-1.757183891758951,,,,,,,,,,,0.1163081999984569
esol,regression,3,1,seeded_scaffold_group_balanced,seeded_scaffold_group_balanced,8,rf_120_d20_leaf2,bagging,-2.200819356698593,,,,,,,,,,,0.1598606999614276
esol,regression,3,2,seeded_scaffold_group_balanced,seeded_scaffold_group_balanced,8,rf_120_d20_leaf2,bagging,-1.696031679818882,,,,,,,,,,,0.1497251000255346
esol,regression,3,3,seeded_scaffold_group_balanced,seeded_scaffold_group_balanced,8,rf_120_d20_leaf2,bagging,-1.759424237252943,,,,,,,,,,,0.1558447999996133
esol,regression,3,1,seeded_scaffold_group_balanced,seeded_scaffold_group_balanced,9,et_60_sqrt,bagging,-1.9977289007550807,,,,,,,,,,,0.0584150999784469
esol,regression,3,2,seeded_scaffold_group_balanced,seeded_scaffold_group_balanced,9,et_60_sqrt,bagging,-2.0143101001760644,,,,,,,,,,,0.0728862999822013
esol,regression,3,3,seeded_scaffold_group_balanced,seeded_scaffold_group_balanced,9,et_60_sqrt,bagging,-1.6510598645895953,,,,,,,,,,,0.0589815999846905
esol,regression,3,1,seeded_scaffold_group_balanced,seeded_scaffold_group_balanced,10,et_90_d12,bagging,-2.208398337949812,,,,,,,,,,,0.088045599986799
esol,regression,3,2,seeded_scaffold_group_balanced,seeded_scaffold_group_balanced,10,et_90_d12,bagging,-1.8267035392850528,,,,,,,,,,,0.0838268999941647
esol,regression,3,3,seeded_scaffold_group_balanced,seeded_scaffold_group_balanced,10,et_90_d12,bagging,-1.7347350668723005,,,,,,,,,,,0.0827593000140041
esol,regression,3,1,seeded_scaffold_group_balanced,seeded_scaffold_group_balanced,11,et_90_leaf2,bagging,-2.1063305382660644,,,,,,,,,,,0.0804089999874122
esol,regression,3,2,seeded_scaffold_group_balanced,seeded_scaffold_group_balanced,11,et_90_leaf2,bagging,-1.832252588253497,,,,,,,,,,,0.0883561000227928
esol,regression,3,3,seeded_scaffold_group_balanced,seeded_scaffold_group_balanced,11,et_90_leaf2,bagging,-1.6975374923874345,,,,,,,,,,,0.0899478999781422
esol,regression,3,1,seeded_scaffold_group_balanced,seeded_scaffold_group_balanced,12,et_120_d20_leaf2,bagging,-2.1300221891025988,,,,,,,,,,,0.1094033000408671
esol,regression,3,2,seeded_scaffold_group_balanced,seeded_scaffold_group_balanced,12,et_120_d20_leaf2,bagging,-1.8106359306413389,,,,,,,,,,,0.096497900027316
esol,regression,3,3,seeded_scaffold_group_balanced,seeded_scaffold_group_balanced,12,et_120_d20_leaf2,bagging,-1.6996074870629594,,,,,,,,,,,0.0987289000186137
esol,regression,3,1,seeded_scaffold_group_balanced,seeded_scaffold_group_balanced,13,histgb_lr0.05,boosting,-2.0574637328997656,,,,,,,,,,,1.189025199972093
esol,regression,3,2,seeded_scaffold_group_balanced,seeded_scaffold_group_balanced,13,histgb_lr0.05,boosting,-2.144878267756473,,,,,,,,,,,1.2366898999898694
esol,regression,3,3,seeded_scaffold_group_balanced,seeded_scaffold_group_balanced,13,histgb_lr0.05,boosting,-1.6834543539403757,,,,,,,,,,,0.9793652999796904
esol,regression,3,1,seeded_scaffold_group_balanced,seeded_scaffold_group_balanced,14,histgb_lr0.1,boosting,-2.0131137474394327,,,,,,,,,,,0.8340581000084057
esol,regression,3,2,seeded_scaffold_group_balanced,seeded_scaffold_group_balanced,14,histgb_lr0.1,boosting,-2.238192957242326,,,,,,,,,,,0.7456749000120908
esol,regression,3,3,seeded_scaffold_group_balanced,seeded_scaffold_group_balanced,14,histgb_lr0.1,boosting,-1.6514591889716987,,,,,,,,,,,1.2079624999896623
esol,regression,3,1,seeded_scaffold_group_balanced,seeded_scaffold_group_balanced,15,gb_lr0.05_d2,boosting,-2.386078228227024,,,,,,,,,,,0.2570542999892495
esol,regression,3,2,seeded_scaffold_group_balanced,seeded_scaffold_group_balanced,15,gb_lr0.05_d2,boosting,-1.8461879490058737,,,,,,,,,,,0.2521640000049956
esol,regression,3,3,seeded_scaffold_group_balanced,seeded_scaffold_group_balanced,15,gb_lr0.05_d2,boosting,-1.8844961905247213,,,,,,,,,,,0.2406128000002354
esol,regression,3,1,seeded_scaffold_group_balanced,seeded_scaffold_group_balanced,16,gb_lr0.1_d3,boosting,-2.20001418354472,,,,,,,,,,,0.3183975000283681
esol,regression,3,2,seeded_scaffold_group_balanced,seeded_scaffold_group_balanced,16,gb_lr0.1_d3,boosting,-2.0099693914611705,,,,,,,,,,,0.3244436999666504
esol,regression,3,3,seeded_scaffold_group_balanced,seeded_scaffold_group_balanced,16,gb_lr0.1_d3,boosting,-1.7969386189117391,,,,,,,,,,,0.3161058999830857
esol,regression,3,1,seeded_scaffold_group_balanced,seeded_scaffold_group_balanced,17,lgbm_60_l15,boosting,-2.146164036987885,,,,,,,,,,,0.0235240999609231
esol,regression,3,2,seeded_scaffold_group_balanced,seeded_scaffold_group_balanced,17,lgbm_60_l15,boosting,-2.165866778851766,,,,,,,,,,,0.0226377999642863
esol,regression,3,3,seeded_scaffold_group_balanced,seeded_scaffold_group_balanced,17,lgbm_60_l15,boosting,-1.7719884908830292,,,,,,,,,,,0.0240544999833218
esol,regression,3,1,seeded_scaffold_group_balanced,seeded_scaffold_group_balanced,18,lgbm_90_l31,boosting,-2.064027339118578,,,,,,,,,,,0.038426499988418
esol,regression,3,2,seeded_scaffold_group_balanced,seeded_scaffold_group_balanced,18,lgbm_90_l31,boosting,-2.118474568704711,,,,,,,,,,,0.0352232999866828
esol,regression,3,3,seeded_scaffold_group_balanced,seeded_scaffold_group_balanced,18,lgbm_90_l31,boosting,-1.7111563243176904,,,,,,,,,,,0.0470961999963037
esol,regression,3,1,seeded_scaffold_group_balanced,seeded_scaffold_group_balanced,19,lgbm_60_l63,boosting,-2.072129468813877,,,,,,,,,,,0.0331943000201135
esol,regression,3,2,seeded_scaffold_group_balanced,seeded_scaffold_group_balanced,19,lgbm_60_l63,boosting,-2.146838376076712,,,,,,,,,,,0.0297021000296808
esol,regression,3,3,seeded_scaffold_group_balanced,seeded_scaffold_group_balanced,19,lgbm_60_l63,boosting,-1.693764310771292,,,,,,,,,,,0.0413789000012911
esol,regression,3,1,seeded_scaffold_group_balanced,seeded_scaffold_group_balanced,20,lgbm_100_leaf10,boosting,-2.021696363158936,,,,,,,,,,,0.0879534999839961
esol,regression,3,2,seeded_scaffold_group_balanced,seeded_scaffold_group_balanced,20,lgbm_100_leaf10,boosting,-2.1343946419302533,,,,,,,,,,,0.0785175999626517
esol,regression,3,3,seeded_scaffold_group_balanced,seeded_scaffold_group_balanced,20,lgbm_100_leaf10,boosting,-1.6876753637065898,,,,,,,,,,,0.0952716999454423
esol,regression,3,1,seeded_scaffold_group_balanced,seeded_scaffold_group_balanced,21,lgbm_100_leaf30,boosting,-2.1423597915023715,,,,,,,,,,,0.0295186000294052
esol,regression,3,2,seeded_scaffold_group_balanced,seeded_scaffold_group_balanced,21,lgbm_100_leaf30,boosting,-2.2198861856018164,,,,,,,,,,,0.028987199999392
esol,regression,3,3,seeded_scaffold_group_balanced,seeded_scaffold_group_balanced,21,lgbm_100_leaf30,boosting,-1.7836670963267507,,,,,,,,,,,0.0254700999939814
esol,regression,3,1,seeded_scaffold_group_balanced,seeded_scaffold_group_balanced,22,lgbm_80_ff0.7,boosting,-2.0206038549297296,,,,,,,,,,,0.0310974000021815
esol,regression,3,2,seeded_scaffold_group_balanced,seeded_scaffold_group_balanced,22,lgbm_80_ff0.7,boosting,-2.1828584138311657,,,,,,,,,,,0.0304970999713987
esol,regression,3,3,seeded_scaffold_group_balanced,seeded_scaffold_group_balanced,22,lgbm_80_ff0.7,boosting,-1.7027594263185044,,,,,,,,,,,0.0293657999718561
esol,regression,3,1,seeded_scaffold_group_balanced,seeded_scaffold_group_balanced,23,lgbm_80_bag0.8,boosting,-2.0238936188808885,,,,,,,,,,,0.0309102999744936
esol,regression,3,2,seeded_scaffold_group_balanced,seeded_scaffold_group_balanced,23,lgbm_80_bag0.8,boosting,-2.068735307432353,,,,,,,,,,,0.0306213999865576
esol,regression,3,3,seeded_scaffold_group_balanced,seeded_scaffold_group_balanced,23,lgbm_80_bag0.8,boosting,-1.7456458772769854,,,,,,,,,,,0.0306624000077135
esol,regression,3,1,seeded_scaffold_group_balanced,seeded_scaffold_group_balanced,24,lgbm_120_l15,boosting,-2.05763031600643,,,,,,,,,,,0.0383077000151388
esol,regression,3,2,seeded_scaffold_group_balanced,seeded_scaffold_group_balanced,24,lgbm_120_l15,boosting,-2.147789067247341,,,,,,,,,,,0.0373246000381186
esol,regression,3,3,seeded_scaffold_group_balanced,seeded_scaffold_group_balanced,24,lgbm_120_l15,boosting,-1.697951084284518,,,,,,,,,,,0.036225399991963
esol,regression,3,1,seeded_scaffold_group_balanced,seeded_scaffold_group_balanced,25,xgb_60_d3,boosting,-2.24973369326401,,,,,,,,,,,0.0547800000058487
esol,regression,3,2,seeded_scaffold_group_balanced,seeded_scaffold_group_balanced,25,xgb_60_d3,boosting,-1.920183536494735,,,,,,,,,,,0.0560327999992296
esol,regression,3,3,seeded_scaffold_group_balanced,seeded_scaffold_group_balanced,25,xgb_60_d3,boosting,-1.736893416860331,,,,,,,,,,,0.0573593999724835
esol,regression,3,1,seeded_scaffold_group_balanced,seeded_scaffold_group_balanced,26,xgb_80_d5,boosting,-2.150025831446577,,,,,,,,,,,0.0732298999791964
esol,regression,3,2,seeded_scaffold_group_balanced,seeded_scaffold_group_balanced,26,xgb_80_d5,boosting,-2.221536962151696,,,,,,,,,,,0.075661199982278
esol,regression,3,3,seeded_scaffold_group_balanced,seeded_scaffold_group_balanced,26,xgb_80_d5,boosting,-1.677692731723992,,,,,,,,,,,0.0846333999652415
esol,regression,3,1,seeded_scaffold_group_balanced,seeded_scaffold_group_balanced,27,xgb_100_d3,boosting,-2.248415478039888,,,,,,,,,,,0.0819567000144161
esol,regression,3,2,seeded_scaffold_group_balanced,seeded_scaffold_group_balanced,27,xgb_100_d3,boosting,-2.029791696086114,,,,,,,,,,,0.0741675000172108
esol,regression,3,3,seeded_scaffold_group_balanced,seeded_scaffold_group_balanced,27,xgb_100_d3,boosting,-1.7707058375762572,,,,,,,,,,,0.0874142999527975
esol,regression,3,1,seeded_scaffold_group_balanced,seeded_scaffold_group_balanced,28,xgb_60_d6,boosting,-2.1176615160585426,,,,,,,,,,,0.0787627000245265
esol,regression,3,2,seeded_scaffold_group_balanced,seeded_scaffold_group_balanced,28,xgb_60_d6,boosting,-2.1618644266439064,,,,,,,,,,,0.07515519997105
esol,regression,3,3,seeded_scaffold_group_balanced,seeded_scaffold_group_balanced,28,xgb_60_d6,boosting,-1.675608855308152,,,,,,,,,,,0.0671303999843075
esol,regression,3,1,seeded_scaffold_group_balanced,seeded_scaffold_group_balanced,29,cat_60_d4,boosting,-2.3137731127489056,,,,,,,,,,,0.1146060000173747
esol,regression,3,2,seeded_scaffold_group_balanced,seeded_scaffold_group_balanced,29,cat_60_d4,boosting,-1.7280151775224923,,,,,,,,,,,0.1247027000063099
esol,regression,3,3,seeded_scaffold_group_balanced,seeded_scaffold_group_balanced,29,cat_60_d4,boosting,-1.8819462423654687,,,,,,,,,,,0.108339500031434
esol,regression,3,1,seeded_scaffold_group_balanced,seeded_scaffold_group_balanced,30,cat_80_d6,boosting,-2.2718146417032443,,,,,,,,,,,0.2128115000086836
esol,regression,3,2,seeded_scaffold_group_balanced,seeded_scaffold_group_balanced,30,cat_80_d6,boosting,-1.8068032010337165,,,,,,,,,,,0.2474500000244006
esol,regression,3,3,seeded_scaffold_group_balanced,seeded_scaffold_group_balanced,30,cat_80_d6,boosting,-1.831650469618762,,,,,,,,,,,0.2216509999707341
esol,regression,3,1,seeded_scaffold_group_balanced,seeded_scaffold_group_balanced,31,cat_100_d4,boosting,-2.285706448843165,,,,,,,,,,,0.1537245000363327
esol,regression,3,2,seeded_scaffold_group_balanced,seeded_scaffold_group_balanced,31,cat_100_d4,boosting,-1.7568259623943074,,,,,,,,,,,0.1710298999678343
esol,regression,3,3,seeded_scaffold_group_balanced,seeded_scaffold_group_balanced,31,cat_100_d4,boosting,-1.8553974889142557,,,,,,,,,,,0.1593473999528214
esol,regression,3,1,seeded_scaffold_group_balanced,seeded_scaffold_group_balanced,32,cat_60_d8,boosting,-2.1871778403176245,,,,,,,,,,,0.3687712000100873
esol,regression,3,2,seeded_scaffold_group_balanced,seeded_scaffold_group_balanced,32,cat_60_d8,boosting,-1.8570788849843545,,,,,,,,,,,0.4705336000188254
esol,regression,3,3,seeded_scaffold_group_balanced,seeded_scaffold_group_balanced,32,cat_60_d8,boosting,-1.8101903478504933,,,,,,,,,,,0.3338070000172592
freesolv,regression,1,1,seeded_scaffold_group_balanced,seeded_scaffold_group_balanced,1,ridge_a0.1,linear,-3.0320900822015715,,,,,,,,,,,0.002629299997352
freesolv,regression,1,2,seeded_scaffold_group_balanced,seeded_scaffold_group_balanced,1,ridge_a0.1,linear,-3.5336159732056123,,,,,,,,,,,0.0022270999616011
freesolv,regression,1,3,seeded_scaffold_group_balanced,seeded_scaffold_group_balanced,1,ridge_a0.1,linear,-3.162299760546869,,,,,,,,,,,0.0019168999860994
freesolv,regression,1,1,seeded_scaffold_group_balanced,seeded_scaffold_group_balanced,2,ridge_a1,linear,-2.3591443837863246,,,,,,,,,,,0.0019445000216364
freesolv,regression,1,2,seeded_scaffold_group_balanced,seeded_scaffold_group_balanced,2,ridge_a1,linear,-2.186982691811524,,,,,,,,,,,0.0020339000038802
freesolv,regression,1,3,seeded_scaffold_group_balanced,seeded_scaffold_group_balanced,2,ridge_a1,linear,-3.1227717804420694,,,,,,,,,,,0.001781300001312
freesolv,regression,1,1,seeded_scaffold_group_balanced,seeded_scaffold_group_balanced,3,ridge_a10,linear,-2.4182627046402208,,,,,,,,,,,0.0017582000000402
freesolv,regression,1,2,seeded_scaffold_group_balanced,seeded_scaffold_group_balanced,3,ridge_a10,linear,-2.123361522466251,,,,,,,,,,,0.0020730999531224
freesolv,regression,1,3,seeded_scaffold_group_balanced,seeded_scaffold_group_balanced,3,ridge_a10,linear,-3.2601858555089893,,,,,,,,,,,0.001756599987857
freesolv,regression,1,1,seeded_scaffold_group_balanced,seeded_scaffold_group_balanced,4,elasticnet_a0.001,linear,-2.598726825288908,,,,,,,,,,,0.0192476999945938
freesolv,regression,1,2,seeded_scaffold_group_balanced,seeded_scaffold_group_balanced,4,elasticnet_a0.001,linear,-2.827417096601197,,,,,,,,,,,0.0335025999811477
freesolv,regression,1,3,seeded_scaffold_group_balanced,seeded_scaffold_group_balanced,4,elasticnet_a0.001,linear,-3.105024160581701,,,,,,,,,,,0.0230918999877758
freesolv,regression,1,1,seeded_scaffold_group_balanced,seeded_scaffold_group_balanced,5,rf_60_sqrt,bagging,-2.7296755249670004,,,,,,,,,,,0.0632812000112608
freesolv,regression,1,2,seeded_scaffold_group_balanced,seeded_scaffold_group_balanced,5,rf_60_sqrt,bagging,-2.5916609744626227,,,,,,,,,,,0.0674285999848507
freesolv,regression,1,3,seeded_scaffold_group_balanced,seeded_scaffold_group_balanced,5,rf_60_sqrt,bagging,-3.520165479958806,,,,,,,,,,,0.0661443999852053
freesolv,regression,1,1,seeded_scaffold_group_balanced,seeded_scaffold_group_balanced,6,rf_90_d12,bagging,-2.7838285121941198,,,,,,,,,,,0.0847325000213459
freesolv,regression,1,2,seeded_scaffold_group_balanced,seeded_scaffold_group_balanced,6,rf_90_d12,bagging,-2.6536488073502524,,,,,,,,,,,0.0878076999797485
freesolv,regression,1,3,seeded_scaffold_group_balanced,seeded_scaffold_group_balanced,6,rf_90_d12,bagging,-3.6687070452809625,,,,,,,,,,,0.0799348999862559
freesolv,regression,1,1,seeded_scaffold_group_balanced,seeded_scaffold_group_balanced,7,rf_90_leaf2,bagging,-2.717612589703784,,,,,,,,,,,0.08517000003485
freesolv,regression,1,2,seeded_scaffold_group_balanced,seeded_scaffold_group_balanced,7,rf_90_leaf2,bagging,-2.7193581715181687,,,,,,,,,,,0.1018291999935172
freesolv,regression,1,3,seeded_scaffold_group_balanced,seeded_scaffold_group_balanced,7,rf_90_leaf2,bagging,-3.542313613532965,,,,,,,,,,,0.1094336999813094
freesolv,regression,1,1,seeded_scaffold_group_balanced,seeded_scaffold_group_balanced,8,rf_120_d20_leaf2,bagging,-2.7204307318507004,,,,,,,,,,,0.128675399988424
freesolv,regression,1,2,seeded_scaffold_group_balanced,seeded_scaffold_group_balanced,8,rf_120_d20_leaf2,bagging,-2.7267304267118475,,,,,,,,,,,0.1326510999933816
freesolv,regression,1,3,seeded_scaffold_group_balanced,seeded_scaffold_group_balanced,8,rf_120_d20_leaf2,bagging,-3.5266869553416065,,,,,,,,,,,0.1238112000282853
freesolv,regression,1,1,seeded_scaffold_group_balanced,seeded_scaffold_group_balanced,9,et_60_sqrt,bagging,-2.6814836491701164,,,,,,,,,,,0.0580617999657988
freesolv,regression,1,2,seeded_scaffold_group_balanced,seeded_scaffold_group_balanced,9,et_60_sqrt,bagging,-2.4831801271146654,,,,,,,,,,,0.0544584000017493
freesolv,regression,1,3,seeded_scaffold_group_balanced,seeded_scaffold_group_balanced,9,et_60_sqrt,bagging,-3.4366243758731345,,,,,,,,,,,0.0562262000166811
freesolv,regression,1,1,seeded_scaffold_group_balanced,seeded_scaffold_group_balanced,10,et_90_d12,bagging,-2.775952428581507,,,,,,,,,,,0.0577935999608598
freesolv,regression,1,2,seeded_scaffold_group_balanced,seeded_scaffold_group_balanced,10,et_90_d12,bagging,-2.6170360216929924,,,,,,,,,,,0.0734513999777846
freesolv,regression,1,3,seeded_scaffold_group_balanced,seeded_scaffold_group_balanced,10,et_90_d12,bagging,-3.651552657731527,,,,,,,,,,,0.0715121999965049
freesolv,regression,1,1,seeded_scaffold_group_balanced,seeded_scaffold_group_balanced,11,et_90_leaf2,bagging,-2.68521368204877,,,,,,,,,,,0.0751862000324763
freesolv,regression,1,2,seeded_scaffold_group_balanced,seeded_scaffold_group_balanced,11,et_90_leaf2,bagging,-2.606539832483419,,,,,,,,,,,0.0725595999974757
freesolv,regression,1,3,seeded_scaffold_group_balanced,seeded_scaffold_group_balanced,11,et_90_leaf2,bagging,-3.467919007316984,,,,,,,,,,,0.0571958000073209
freesolv,regression,1,1,seeded_scaffold_group_balanced,seeded_scaffold_group_balanced,12,et_120_d20_leaf2,bagging,-2.695358054256752,,,,,,,,,,,0.090659899986349
freesolv,regression,1,2,seeded_scaffold_group_balanced,seeded_scaffold_group_balanced,12,et_120_d20_leaf2,bagging,-2.638464644067781,,,,,,,,,,,0.0982155999517999
freesolv,regression,1,3,seeded_scaffold_group_balanced,seeded_scaffold_group_balanced,12,et_120_d20_leaf2,bagging,-3.4591929119204807,,,,,,,,,,,0.0808362999814562
freesolv,regression,1,1,seeded_scaffold_group_balanced,seeded_scaffold_group_balanced,13,histgb_lr0.05,boosting,-2.799301038085736,,,,,,,,,,,0.6569211999885738
freesolv,regression,1,2,seeded_scaffold_group_balanced,seeded_scaffold_group_balanced,13,histgb_lr0.05,boosting,-2.8467152834435576,,,,,,,,,,,0.5724794999696314
freesolv,regression,1,3,seeded_scaffold_group_balanced,seeded_scaffold_group_balanced,13,histgb_lr0.05,boosting,-3.388723762932472,,,,,,,,,,,0.6129574999795295
freesolv,regression,1,1,seeded_scaffold_group_balanced,seeded_scaffold_group_balanced,14,histgb_lr0.1,boosting,-2.771051084967136,,,,,,,,,,,0.5058175000012852
freesolv,regression,1,2,seeded_scaffold_group_balanced,seeded_scaffold_group_balanced,14,histgb_lr0.1,boosting,-2.9015453339875954,,,,,,,,,,,0.4934236999833956
freesolv,regression,1,3,seeded_scaffold_group_balanced,seeded_scaffold_group_balanced,14,histgb_lr0.1,boosting,-3.3576396389128096,,,,,,,,,,,0.512230799999088
freesolv,regression,1,1,seeded_scaffold_group_balanced,seeded_scaffold_group_balanced,15,gb_lr0.05_d2,boosting,-2.718652439071785,,,,,,,,,,,0.1216587000526487
freesolv,regression,1,2,seeded_scaffold_group_balanced,seeded_scaffold_group_balanced,15,gb_lr0.05_d2,boosting,-2.588882429610471,,,,,,,,,,,0.12009909999324
freesolv,regression,1,3,seeded_scaffold_group_balanced,seeded_scaffold_group_balanced,15,gb_lr0.05_d2,boosting,-3.715287345150337,,,,,,,,,,,0.1242173999780789
freesolv,regression,1,1,seeded_scaffold_group_balanced,seeded_scaffold_group_balanced,16,gb_lr0.1_d3,boosting,-2.7011999751330675,,,,,,,,,,,0.1658761000144295
freesolv,regression,1,2,seeded_scaffold_group_balanced,seeded_scaffold_group_balanced,16,gb_lr0.1_d3,boosting,-2.4813509449280797,,,,,,,,,,,0.1665121000260114
freesolv,regression,1,3,seeded_scaffold_group_balanced,seeded_scaffold_group_balanced,16,gb_lr0.1_d3,boosting,-3.4332143477220427,,,,,,,,,,,0.1663735000183805
freesolv,regression,1,1,seeded_scaffold_group_balanced,seeded_scaffold_group_balanced,17,lgbm_60_l15,boosting,-2.813872906309969,,,,,,,,,,,0.0181191000156104
freesolv,regression,1,2,seeded_scaffold_group_balanced,seeded_scaffold_group_balanced,17,lgbm_60_l15,boosting,-2.909556172908558,,,,,,,,,,,0.0152992999646812
freesolv,regression,1,3,seeded_scaffold_group_balanced,seeded_scaffold_group_balanced,17,lgbm_60_l15,boosting,-3.4190794741784525,,,,,,,,,,,0.0178540999768301
freesolv,regression,1,1,seeded_scaffold_group_balanced,seeded_scaffold_group_balanced,18,lgbm_90_l31,boosting,-2.782982318050964,,,,,,,,,,,0.0251851999782957
freesolv,regression,1,2,seeded_scaffold_group_balanced,seeded_scaffold_group_balanced,18,lgbm_90_l31,boosting,-2.876712047034119,,,,,,,,,,,0.0235890999902039
freesolv,regression,1,3,seeded_scaffold_group_balanced,seeded_scaffold_group_balanced,18,lgbm_90_l31,boosting,-3.3962076988396315,,,,,,,,,,,0.0242891000234521
freesolv,regression,1,1,seeded_scaffold_group_balanced,seeded_scaffold_group_balanced,19,lgbm_60_l63,boosting,-2.76325518968099,,,,,,,,,,,0.0135806999751366
freesolv,regression,1,2,seeded_scaffold_group_balanced,seeded_scaffold_group_balanced,19,lgbm_60_l63,boosting,-2.8452743119859645,,,,,,,,,,,0.0148119999794289
freesolv,regression,1,3,seeded_scaffold_group_balanced,seeded_scaffold_group_balanced,19,lgbm_60_l63,boosting,-3.4083458378856024,,,,,,,,,,,0.0164974000072106
freesolv,regression,1,1,seeded_scaffold_group_balanced,seeded_scaffold_group_balanced,20,lgbm_100_leaf10,boosting,-2.6177830067691006,,,,,,,,,,,0.0419976999983191
freesolv,regression,1,2,seeded_scaffold_group_balanced,seeded_scaffold_group_balanced,20,lgbm_100_leaf10,boosting,-2.7003332536726923,,,,,,,,,,,0.0398613999714143
freesolv,regression,1,3,seeded_scaffold_group_balanced,seeded_scaffold_group_balanced,20,lgbm_100_leaf10,boosting,-3.519518864200021,,,,,,,,,,,0.0393924000090919
freesolv,regression,1,1,seeded_scaffold_group_balanced,seeded_scaffold_group_balanced,21,lgbm_100_leaf30,boosting,-2.866575461002217,,,,,,,,,,,0.0150806999881751
freesolv,regression,1,2,seeded_scaffold_group_balanced,seeded_scaffold_group_balanced,21,lgbm_100_leaf30,boosting,-2.738151385318582,,,,,,,,,,,0.0152576999971643
freesolv,regression,1,3,seeded_scaffold_group_balanced,seeded_scaffold_group_balanced,21,lgbm_100_leaf30,boosting,-3.559717566377512,,,,,,,,,,,0.0175325000309385
freesolv,regression,1,1,seeded_scaffold_group_balanced,seeded_scaffold_group_balanced,22,lgbm_80_ff0.7,boosting,-2.750569999009968,,,,,,,,,,,0.021057300036773
freesolv,regression,1,2,seeded_scaffold_group_balanced,seeded_scaffold_group_balanced,22,lgbm_80_ff0.7,boosting,-2.8174012572766647,,,,,,,,,,,0.0185192999779246
freesolv,regression,1,3,seeded_scaffold_group_balanced,seeded_scaffold_group_balanced,22,lgbm_80_ff0.7,boosting,-3.375008896312865,,,,,,,,,,,0.0192587000201456
freesolv,regression,1,1,seeded_scaffold_group_balanced,seeded_scaffold_group_balanced,23,lgbm_80_bag0.8,boosting,-2.803459840714199,,,,,,,,,,,0.0166506000095978
freesolv,regression,1,2,seeded_scaffold_group_balanced,seeded_scaffold_group_balanced,23,lgbm_80_bag0.8,boosting,-2.6874645859034034,,,,,,,,,,,0.0157438000314869
freesolv,regression,1,3,seeded_scaffold_group_balanced,seeded_scaffold_group_balanced,23,lgbm_80_bag0.8,boosting,-3.465450282436639,,,,,,,,,,,0.0168300999794155
freesolv,regression,1,1,seeded_scaffold_group_balanced,seeded_scaffold_group_balanced,24,lgbm_120_l15,boosting,-2.7600102131444464,,,,,,,,,,,0.0249269999912939
freesolv,regression,1,2,seeded_scaffold_group_balanced,seeded_scaffold_group_balanced,24,lgbm_120_l15,boosting,-2.8603066282196936,,,,,,,,,,,0.0275053000077605
freesolv,regression,1,3,seeded_scaffold_group_balanced,seeded_scaffold_group_balanced,24,lgbm_120_l15,boosting,-3.391223499992944,,,,,,,,,,,0.0370090000214986
freesolv,regression,1,1,seeded_scaffold_group_balanced,seeded_scaffold_group_balanced,25,xgb_60_d3,boosting,-2.7291507710708744,,,,,,,,,,,0.0360244999756105
freesolv,regression,1,2,seeded_scaffold_group_balanced,seeded_scaffold_group_balanced,25,xgb_60_d3,boosting,-2.4318414877152543,,,,,,,,,,,0.0372741000028327
freesolv,regression,1,3,seeded_scaffold_group_balanced,seeded_scaffold_group_balanced,25,xgb_60_d3,boosting,-3.524017448617088,,,,,,,,,,,0.041143899958115
freesolv,regression,1,1,seeded_scaffold_group_balanced,seeded_scaffold_group_balanced,26,xgb_80_d5,boosting,-2.7154687396940527,,,,,,,,,,,0.0717882000026293
freesolv,regression,1,2,seeded_scaffold_group_balanced,seeded_scaffold_group_balanced,26,xgb_80_d5,boosting,-2.387653874120635,,,,,,,,,,,0.0743135000229813
freesolv,regression,1,3,seeded_scaffold_group_balanced,seeded_scaffold_group_balanced,26,xgb_80_d5,boosting,-3.3708573023521176,,,,,,,,,,,0.0808596999850124
freesolv,regression,1,1,seeded_scaffold_group_balanced,seeded_scaffold_group_balanced,27,xgb_100_d3,boosting,-2.696015935392649,,,,,,,,,,,0.0682006000424735
freesolv,regression,1,2,seeded_scaffold_group_balanced,seeded_scaffold_group_balanced,27,xgb_100_d3,boosting,-2.4863774148530338,,,,,,,,,,,0.0645880000083707
freesolv,regression,1,3,seeded_scaffold_group_balanced,seeded_scaffold_group_balanced,27,xgb_100_d3,boosting,-3.4667728554654564,,,,,,,,,,,0.0654783999780193
freesolv,regression,1,1,seeded_scaffold_group_balanced,seeded_scaffold_group_balanced,28,xgb_60_d6,boosting,-2.687893522217179,,,,,,,,,,,0.0686236000037752
freesolv,regression,1,2,seeded_scaffold_group_balanced,seeded_scaffold_group_balanced,28,xgb_60_d6,boosting,-2.262659563378249,,,,,,,,,,,0.0625714000198058
freesolv,regression,1,3,seeded_scaffold_group_balanced,seeded_scaffold_group_balanced,28,xgb_60_d6,boosting,-3.320442940977671,,,,,,,,,,,0.0634838999831117
freesolv,regression,1,1,seeded_scaffold_group_balanced,seeded_scaffold_group_balanced,29,cat_60_d4,boosting,-2.696068778273228,,,,,,,,,,,0.1870633999933488
freesolv,regression,1,2,seeded_scaffold_group_balanced,seeded_scaffold_group_balanced,29,cat_60_d4,boosting,-2.5041114643982505,,,,,,,,,,,0.12584540003445
freesolv,regression,1,3,seeded_scaffold_group_balanced,seeded_scaffold_group_balanced,29,cat_60_d4,boosting,-3.53627932927046,,,,,,,,,,,0.1110397999873384
freesolv,regression,1,1,seeded_scaffold_group_balanced,seeded_scaffold_group_balanced,30,cat_80_d6,boosting,-2.6323666352689084,,,,,,,,,,,0.2509537999867461
freesolv,regression,1,2,seeded_scaffold_group_balanced,seeded_scaffold_group_balanced,30,cat_80_d6,boosting,-2.460554765054909,,,,,,,,,,,0.2314468999975361
freesolv,regression,1,3,seeded_scaffold_group_balanced,seeded_scaffold_group_balanced,30,cat_80_d6,boosting,-3.4985873421132045,,,,,,,,,,,0.2878400000045076
freesolv,regression,1,1,seeded_scaffold_group_balanced,seeded_scaffold_group_balanced,31,cat_100_d4,boosting,-2.682643458023655,,,,,,,,,,,0.1590768999885767
freesolv,regression,1,2,seeded_scaffold_group_balanced,seeded_scaffold_group_balanced,31,cat_100_d4,boosting,-2.530788281504129,,,,,,,,,,,0.1869980000192299
freesolv,regression,1,3,seeded_scaffold_group_balanced,seeded_scaffold_group_balanced,31,cat_100_d4,boosting,-3.5826016230313646,,,,,,,,,,,0.1858608000329695
freesolv,regression,1,1,seeded_scaffold_group_balanced,seeded_scaffold_group_balanced,32,cat_60_d8,boosting,-2.686554593596733,,,,,,,,,,,0.3292070999741554
freesolv,regression,1,2,seeded_scaffold_group_balanced,seeded_scaffold_group_balanced,32,cat_60_d8,boosting,-2.51923670346512,,,,,,,,,,,0.3197917999932542
freesolv,regression,1,3,seeded_scaffold_group_balanced,seeded_scaffold_group_balanced,32,cat_60_d8,boosting,-3.496209917134224,,,,,,,,,,,0.28936860000249
freesolv,regression,2,1,seeded_scaffold_group_balanced,seeded_scaffold_group_balanced,1,ridge_a0.1,linear,-3.401454794294399,,,,,,,,,,,0.0027804999845102
freesolv,regression,2,2,seeded_scaffold_group_balanced,seeded_scaffold_group_balanced,1,ridge_a0.1,linear,-2.6374456602320264,,,,,,,,,,,0.0021487000049091
freesolv,regression,2,3,seeded_scaffold_group_balanced,seeded_scaffold_group_balanced,1,ridge_a0.1,linear,-4.1672027206138615,,,,,,,,,,,0.002112100017257
freesolv,regression,2,1,seeded_scaffold_group_balanced,seeded_scaffold_group_balanced,2,ridge_a1,linear,-2.6562058611363444,,,,,,,,,,,0.0021292999736033
freesolv,regression,2,2,seeded_scaffold_group_balanced,seeded_scaffold_group_balanced,2,ridge_a1,linear,-2.0390945492399024,,,,,,,,,,,0.002006699971389
freesolv,regression,2,3,seeded_scaffold_group_balanced,seeded_scaffold_group_balanced,2,ridge_a1,linear,-3.614905740976752,,,,,,,,,,,0.0019391000387258
freesolv,regression,2,1,seeded_scaffold_group_balanced,seeded_scaffold_group_balanced,3,ridge_a10,linear,-2.32401695941426,,,,,,,,,,,0.0021003999863751
freesolv,regression,2,2,seeded_scaffold_group_balanced,seeded_scaffold_group_balanced,3,ridge_a10,linear,-2.518204206753447,,,,,,,,,,,0.0019814999541267
freesolv,regression,2,3,seeded_scaffold_group_balanced,seeded_scaffold_group_balanced,3,ridge_a10,linear,-3.583342368853849,,,,,,,,,,,0.0019960000063292
freesolv,regression,2,1,seeded_scaffold_group_balanced,seeded_scaffold_group_balanced,4,elasticnet_a0.001,linear,-3.0983306425379227,,,,,,,,,,,0.0429502000333741
freesolv,regression,2,2,seeded_scaffold_group_balanced,seeded_scaffold_group_balanced,4,elasticnet_a0.001,linear,-2.252085451560264,,,,,,,,,,,0.0527492999681271
freesolv,regression,2,3,seeded_scaffold_group_balanced,seeded_scaffold_group_balanced,4,elasticnet_a0.001,linear,-3.920572051325133,,,,,,,,,,,0.0379154999973252
freesolv,regression,2,1,seeded_scaffold_group_balanced,seeded_scaffold_group_balanced,5,rf_60_sqrt,bagging,-2.3466886099642594,,,,,,,,,,,0.085568799986504
freesolv,regression,2,2,seeded_scaffold_group_balanced,seeded_scaffold_group_balanced,5,rf_60_sqrt,bagging,-2.293379103760235,,,,,,,,,,,0.0771284999791532
freesolv,regression,2,3,seeded_scaffold_group_balanced,seeded_scaffold_group_balanced,5,rf_60_sqrt,bagging,-3.606816762977039,,,,,,,,,,,0.0842842999845743
freesolv,regression,2,1,seeded_scaffold_group_balanced,seeded_scaffold_group_balanced,6,rf_90_d12,bagging,-2.6128900316408603,,,,,,,,,,,0.113072500040289
freesolv,regression,2,2,seeded_scaffold_group_balanced,seeded_scaffold_group_balanced,6,rf_90_d12,bagging,-2.6700559101693,,,,,,,,,,,0.1244714999920688
freesolv,regression,2,3,seeded_scaffold_group_balanced,seeded_scaffold_group_balanced,6,rf_90_d12,bagging,-3.924145515900492,,,,,,,,,,,0.1154596999986097
freesolv,regression,2,1,seeded_scaffold_group_balanced,seeded_scaffold_group_balanced,7,rf_90_leaf2,bagging,-2.527227809625397,,,,,,,,,,,0.1200290999840945
freesolv,regression,2,2,seeded_scaffold_group_balanced,seeded_scaffold_group_balanced,7,rf_90_leaf2,bagging,-2.963500100648389,,,,,,,,,,,0.0863217000151053
freesolv,regression,2,3,seeded_scaffold_group_balanced,seeded_scaffold_group_balanced,7,rf_90_leaf2,bagging,-3.851560179708295,,,,,,,,,,,0.0799962999881245
freesolv,regression,2,1,seeded_scaffold_group_balanced,seeded_scaffold_group_balanced,8,rf_120_d20_leaf2,bagging,-2.546310112080895,,,,,,,,,,,0.1080453000031411
freesolv,regression,2,2,seeded_scaffold_group_balanced,seeded_scaffold_group_balanced,8,rf_120_d20_leaf2,bagging,-2.9830980745818896,,,,,,,,,,,0.1093129999935627
freesolv,regression,2,3,seeded_scaffold_group_balanced,seeded_scaffold_group_balanced,8,rf_120_d20_leaf2,bagging,-3.874977444186179,,,,,,,,,,,0.1110620999825187
freesolv,regression,2,1,seeded_scaffold_group_balanced,seeded_scaffold_group_balanced,9,et_60_sqrt,bagging,-2.219786656430608,,,,,,,,,,,0.0390683999867178
freesolv,regression,2,2,seeded_scaffold_group_balanced,seeded_scaffold_group_balanced,9,et_60_sqrt,bagging,-1.8577884235655648,,,,,,,,,,,0.0543523000087589
freesolv,regression,2,3,seeded_scaffold_group_balanced,seeded_scaffold_group_balanced,9,et_60_sqrt,bagging,-3.5612802378851987,,,,,,,,,,,0.0506808999925851
freesolv,regression,2,1,seeded_scaffold_group_balanced,seeded_scaffold_group_balanced,10,et_90_d12,bagging,-2.5682802625160903,,,,,,,,,,,0.064483999973163
freesolv,regression,2,2,seeded_scaffold_group_balanced,seeded_scaffold_group_balanced,10,et_90_d12,bagging,-2.3936753319498005,,,,,,,,,,,0.0574551000026986
freesolv,regression,2,3,seeded_scaffold_group_balanced,seeded_scaffold_group_balanced,10,et_90_d12,bagging,-3.875682417709872,,,,,,,,,,,0.0710974999819882
freesolv,regression,2,1,seeded_scaffold_group_balanced,seeded_scaffold_group_balanced,11,et_90_leaf2,bagging,-2.327483207136193,,,,,,,,,,,0.0581295000156387
freesolv,regression,2,2,seeded_scaffold_group_balanced,seeded_scaffold_group_balanced,11,et_90_leaf2,bagging,-2.682412848458364,,,,,,,,,,,0.0676785999676212
freesolv,regression,2,3,seeded_scaffold_group_balanced,seeded_scaffold_group_balanced,11,et_90_leaf2,bagging,-3.7751520518821455,,,,,,,,,,,0.0549938000040128
freesolv,regression,2,1,seeded_scaffold_group_balanced,seeded_scaffold_group_balanced,12,et_120_d20_leaf2,bagging,-2.3414766764762214,,,,,,,,,,,0.0735719999647699
freesolv,regression,2,2,seeded_scaffold_group_balanced,seeded_scaffold_group_balanced,12,et_120_d20_leaf2,bagging,-2.711210245132952,,,,,,,,,,,0.0741779000381939
freesolv,regression,2,3,seeded_scaffold_group_balanced,seeded_scaffold_group_balanced,12,et_120_d20_leaf2,bagging,-3.814397570094445,,,,,,,,,,,0.0813553999760188
freesolv,regression,2,1,seeded_scaffold_group_balanced,seeded_scaffold_group_balanced,13,histgb_lr0.05,boosting,-2.837065273769937,,,,,,,,,,,0.5531666000024416
freesolv,regression,2,2,seeded_scaffold_group_balanced,seeded_scaffold_group_balanced,13,histgb_lr0.05,boosting,-2.8785052443255243,,,,,,,,,,,0.5869078999967314
freesolv,regression,2,3,seeded_scaffold_group_balanced,seeded_scaffold_group_balanced,13,histgb_lr0.05,boosting,-3.830480366146314,,,,,,,,,,,0.5883197000366636
freesolv,regression,2,1,seeded_scaffold_group_balanced,seeded_scaffold_group_balanced,14,histgb_lr0.1,boosting,-2.818121791899808,,,,,,,,,,,0.4655152999912388
freesolv,regression,2,2,seeded_scaffold_group_balanced,seeded_scaffold_group_balanced,14,histgb_lr0.1,boosting,-2.87524766523996,,,,,,,,,,,0.5890485999989323
freesolv,regression,2,3,seeded_scaffold_group_balanced,seeded_scaffold_group_balanced,14,histgb_lr0.1,boosting,-3.751362625560597,,,,,,,,,,,0.5838572000502609
freesolv,regression,2,1,seeded_scaffold_group_balanced,seeded_scaffold_group_balanced,15,gb_lr0.05_d2,boosting,-2.7638807951541304,,,,,,,,,,,0.1218302000197582
freesolv,regression,2,2,seeded_scaffold_group_balanced,seeded_scaffold_group_balanced,15,gb_lr0.05_d2,boosting,-2.684931702800471,,,,,,,,,,,0.1287553999572992
freesolv,regression,2,3,seeded_scaffold_group_balanced,seeded_scaffold_group_balanced,15,gb_lr0.05_d2,boosting,-4.0428682729455945,,,,,,,,,,,0.1519684000522829
freesolv,regression,2,1,seeded_scaffold_group_balanced,seeded_scaffold_group_balanced,16,gb_lr0.1_d3,boosting,-2.28601223586518,,,,,,,,,,,0.1797301000333391
freesolv,regression,2,2,seeded_scaffold_group_balanced,seeded_scaffold_group_balanced,16,gb_lr0.1_d3,boosting,-2.219227262228157,,,,,,,,,,,0.1822747000260278
freesolv,regression,2,3,seeded_scaffold_group_balanced,seeded_scaffold_group_balanced,16,gb_lr0.1_d3,boosting,-3.830116385391209,,,,,,,,,,,0.1861445999820716
freesolv,regression,2,1,seeded_scaffold_group_balanced,seeded_scaffold_group_balanced,17,lgbm_60_l15,boosting,-2.839954677969956,,,,,,,,,,,0.0214238000335171
freesolv,regression,2,2,seeded_scaffold_group_balanced,seeded_scaffold_group_balanced,17,lgbm_60_l15,boosting,-2.961686666235936,,,,,,,,,,,0.0253989999764598
freesolv,regression,2,3,seeded_scaffold_group_balanced,seeded_scaffold_group_balanced,17,lgbm_60_l15,boosting,-3.89408928409448,,,,,,,,,,,0.0194567000144161
freesolv,regression,2,1,seeded_scaffold_group_balanced,seeded_scaffold_group_balanced,18,lgbm_90_l31,boosting,-2.8451697503918725,,,,,,,,,,,0.0230798999546095
freesolv,regression,2,2,seeded_scaffold_group_balanced,seeded_scaffold_group_balanced,18,lgbm_90_l31,boosting,-2.891833014776339,,,,,,,,,,,0.0257546000066213
freesolv,regression,2,3,seeded_scaffold_group_balanced,seeded_scaffold_group_balanced,18,lgbm_90_l31,boosting,-3.845867979735811,,,,,,,,,,,0.0252530999714508
freesolv,regression,2,1,seeded_scaffold_group_balanced,seeded_scaffold_group_balanced,19,lgbm_60_l63,boosting,-2.8404154833072104,,,,,,,,,,,0.0182494999608024
freesolv,regression,2,2,seeded_scaffold_group_balanced,seeded_scaffold_group_balanced,19,lgbm_60_l63,boosting,-2.903925926326073,,,,,,,,,,,0.0189854999771341
freesolv,regression,2,3,seeded_scaffold_group_balanced,seeded_scaffold_group_balanced,19,lgbm_60_l63,boosting,-3.821894313340493,,,,,,,,,,,0.0164384000236168
freesolv,regression,2,1,seeded_scaffold_group_balanced,seeded_scaffold_group_balanced,20,lgbm_100_leaf10,boosting,-2.297087588772075,,,,,,,,,,,0.0463010999956168
freesolv,regression,2,2,seeded_scaffold_group_balanced,seeded_scaffold_group_balanced,20,lgbm_100_leaf10,boosting,-2.440368117147388,,,,,,,,,,,0.0450341000105254
freesolv,regression,2,3,seeded_scaffold_group_balanced,seeded_scaffold_group_balanced,20,lgbm_100_leaf10,boosting,-3.457509003736704,,,,,,,,,,,0.0374986000242643
freesolv,regression,2,1,seeded_scaffold_group_balanced,seeded_scaffold_group_balanced,21,lgbm_100_leaf30,boosting,-2.95025204727776,,,,,,,,,,,0.0151653999928385
freesolv,regression,2,2,seeded_scaffold_group_balanced,seeded_scaffold_group_balanced,21,lgbm_100_leaf30,boosting,-3.26081900197298,,,,,,,,,,,0.0160587999853305
freesolv,regression,2,3,seeded_scaffold_group_balanced,seeded_scaffold_group_balanced,21,lgbm_100_leaf30,boosting,-4.071538678232328,,,,,,,,,,,0.01640010002302
freesolv,regression,2,1,seeded_scaffold_group_balanced,seeded_scaffold_group_balanced,22,lgbm_80_ff0.7,boosting,-2.775970203837796,,,,,,,,,,,0.0198943999712355
freesolv,regression,2,2,seeded_scaffold_group_balanced,seeded_scaffold_group_balanced,22,lgbm_80_ff0.7,boosting,-2.944234126247654,,,,,,,,,,,0.0588273999746888
freesolv,regression,2,3,seeded_scaffold_group_balanced,seeded_scaffold_group_balanced,22,lgbm_80_ff0.7,boosting,-3.8314651862529385,,,,,,,,,,,0.0259246000205166
freesolv,regression,2,1,seeded_scaffold_group_balanced,seeded_scaffold_group_balanced,23,lgbm_80_bag0.8,boosting,-2.7975698993548166,,,,,,,,,,,0.0151172999758273
freesolv,regression,2,2,seeded_scaffold_group_balanced,seeded_scaffold_group_balanced,23,lgbm_80_bag0.8,boosting,-2.968318778912644,,,,,,,,,,,0.0188158000237308
freesolv,regression,2,3,seeded_scaffold_group_balanced,seeded_scaffold_group_balanced,23,lgbm_80_bag0.8,boosting,-3.817356577553601,,,,,,,,,,,0.0268743999768048
freesolv,regression,2,1,seeded_scaffold_group_balanced,seeded_scaffold_group_balanced,24,lgbm_120_l15,boosting,-2.8328243597172222,,,,,,,,,,,0.0302037000074051
freesolv,regression,2,2,seeded_scaffold_group_balanced,seeded_scaffold_group_balanced,24,lgbm_120_l15,boosting,-2.8843283033825875,,,,,,,,,,,0.0872413999750278
freesolv,regression,2,3,seeded_scaffold_group_balanced,seeded_scaffold_group_balanced,24,lgbm_120_l15,boosting,-3.8214229306662943,,,,,,,,,,,0.0276012999820522
freesolv,regression,2,1,seeded_scaffold_group_balanced,seeded_scaffold_group_balanced,25,xgb_60_d3,boosting,-2.4811719498500366,,,,,,,,,,,0.0429479999584145
freesolv,regression,2,2,seeded_scaffold_group_balanced,seeded_scaffold_group_balanced,25,xgb_60_d3,boosting,-2.359236764657561,,,,,,,,,,,0.0398450000211596
freesolv,regression,2,3,seeded_scaffold_group_balanced,seeded_scaffold_group_balanced,25,xgb_60_d3,boosting,-3.8516623967255312,,,,,,,,,,,0.0455426999833434
freesolv,regression,2,1,seeded_scaffold_group_balanced,seeded_scaffold_group_balanced,26,xgb_80_d5,boosting,-2.337755086513053,,,,,,,,,,,0.0614272999810054
freesolv,regression,2,2,seeded_scaffold_group_balanced,seeded_scaffold_group_balanced,26,xgb_80_d5,boosting,-2.126470691124058,,,,,,,,,,,0.0609585999627597
freesolv,regression,2,3,seeded_scaffold_group_balanced,seeded_scaffold_group_balanced,26,xgb_80_d5,boosting,-3.674548070998222,,,,,,,,,,,0.0606812000041827
freesolv,regression,2,1,seeded_scaffold_group_balanced,seeded_scaffold_group_balanced,27,xgb_100_d3,boosting,-2.4318054709340897,,,,,,,,,,,0.059948899957817
freesolv,regression,2,2,seeded_scaffold_group_balanced,seeded_scaffold_group_balanced,27,xgb_100_d3,boosting,-2.2953052882114484,,,,,,,,,,,0.0576708999578841
freesolv,regression,2,3,seeded_scaffold_group_balanced,seeded_scaffold_group_balanced,27,xgb_100_d3,boosting,-3.8709129702995626,,,,,,,,,,,0.0513360000331886
freesolv,regression,2,1,seeded_scaffold_group_balanced,seeded_scaffold_group_balanced,28,xgb_60_d6,boosting,-2.252030434286852,,,,,,,,,,,0.0598161999951116
freesolv,regression,2,2,seeded_scaffold_group_balanced,seeded_scaffold_group_balanced,28,xgb_60_d6,boosting,-1.9696981882182485,,,,,,,,,,,0.0589925000094808
freesolv,regression,2,3,seeded_scaffold_group_balanced,seeded_scaffold_group_balanced,28,xgb_60_d6,boosting,-3.648378197612179,,,,,,,,,,,0.0549756999826058
freesolv,regression,2,1,seeded_scaffold_group_balanced,seeded_scaffold_group_balanced,29,cat_60_d4,boosting,-2.6421815048204573,,,,,,,,,,,0.1145183999906294
freesolv,regression,2,2,seeded_scaffold_group_balanced,seeded_scaffold_group_balanced,29,cat_60_d4,boosting,-2.813388574808286,,,,,,,,,,,0.1045947999809868
freesolv,regression,2,3,seeded_scaffold_group_balanced,seeded_scaffold_group_balanced,29,cat_60_d4,boosting,-3.959107783818172,,,,,,,,,,,0.1165694000083021
freesolv,regression,2,1,seeded_scaffold_group_balanced,seeded_scaffold_group_balanced,30,cat_80_d6,boosting,-2.5365183248705256,,,,,,,,,,,0.1789313000044785
freesolv,regression,2,2,seeded_scaffold_group_balanced,seeded_scaffold_group_balanced,30,cat_80_d6,boosting,-2.69331489878382,,,,,,,,,,,0.1915582999936305
freesolv,regression,2,3,seeded_scaffold_group_balanced,seeded_scaffold_group_balanced,30,cat_80_d6,boosting,-3.875613008426152,,,,,,,,,,,0.1775888999691233
freesolv,regression,2,1,seeded_scaffold_group_balanced,seeded_scaffold_group_balanced,31,cat_100_d4,boosting,-2.649034994526459,,,,,,,,,,,0.1436385000124573
freesolv,regression,2,2,seeded_scaffold_group_balanced,seeded_scaffold_group_balanced,31,cat_100_d4,boosting,-2.795935694188644,,,,,,,,,,,0.1402210000087507
freesolv,regression,2,3,seeded_scaffold_group_balanced,seeded_scaffold_group_balanced,31,cat_100_d4,boosting,-3.959053620849017,,,,,,,,,,,0.1334875999600626
freesolv,regression,2,1,seeded_scaffold_group_balanced,seeded_scaffold_group_balanced,32,cat_60_d8,boosting,-2.5269620031435203,,,,,,,,,,,0.3418515999801457
freesolv,regression,2,2,seeded_scaffold_group_balanced,seeded_scaffold_group_balanced,32,cat_60_d8,boosting,-2.6500225602570766,,,,,,,,,,,0.3316967000137083
freesolv,regression,2,3,seeded_scaffold_group_balanced,seeded_scaffold_group_balanced,32,cat_60_d8,boosting,-3.856473855042221,,,,,,,,,,,0.3553906999877654
freesolv,regression,3,1,seeded_scaffold_group_balanced,seeded_scaffold_group_balanced,1,ridge_a0.1,linear,-3.784628272321349,,,,,,,,,,,0.0025378999998793
freesolv,regression,3,2,seeded_scaffold_group_balanced,seeded_scaffold_group_balanced,1,ridge_a0.1,linear,-3.9274052751768287,,,,,,,,,,,0.0019061000202782
freesolv,regression,3,3,seeded_scaffold_group_balanced,seeded_scaffold_group_balanced,1,ridge_a0.1,linear,-3.2190109825808286,,,,,,,,,,,0.002714600006584
freesolv,regression,3,1,seeded_scaffold_group_balanced,seeded_scaffold_group_balanced,2,ridge_a1,linear,-2.6140381368190404,,,,,,,,,,,0.0020957000087946
freesolv,regression,3,2,seeded_scaffold_group_balanced,seeded_scaffold_group_balanced,2,ridge_a1,linear,-3.698938653550518,,,,,,,,,,,0.0022123000235296
freesolv,regression,3,3,seeded_scaffold_group_balanced,seeded_scaffold_group_balanced,2,ridge_a1,linear,-2.5264828146766343,,,,,,,,,,,0.0023807000252418
freesolv,regression,3,1,seeded_scaffold_group_balanced,seeded_scaffold_group_balanced,3,ridge_a10,linear,-2.0169448458855213,,,,,,,,,,,0.0019122000085189
freesolv,regression,3,2,seeded_scaffold_group_balanced,seeded_scaffold_group_balanced,3,ridge_a10,linear,-3.67046812008654,,,,,,,,,,,0.0018800999969244
freesolv,regression,3,3,seeded_scaffold_group_balanced,seeded_scaffold_group_balanced,3,ridge_a10,linear,-2.2965362089010544,,,,,,,,,,,0.0017503999988548
freesolv,regression,3,1,seeded_scaffold_group_balanced,seeded_scaffold_group_balanced,4,elasticnet_a0.001,linear,-3.3379378441260594,,,,,,,,,,,0.0365517000318504
freesolv,regression,3,2,seeded_scaffold_group_balanced,seeded_scaffold_group_balanced,4,elasticnet_a0.001,linear,-3.8182840019508,,,,,,,,,,,0.0209955000318586
freesolv,regression,3,3,seeded_scaffold_group_balanced,seeded_scaffold_group_balanced,4,elasticnet_a0.001,linear,-2.8793315450693253,,,,,,,,,,,0.018962999980431
freesolv,regression,3,1,seeded_scaffold_group_balanced,seeded_scaffold_group_balanced,5,rf_60_sqrt,bagging,-2.473751493241906,,,,,,,,,,,0.0702475999714806
freesolv,regression,3,2,seeded_scaffold_group_balanced,seeded_scaffold_group_balanced,5,rf_60_sqrt,bagging,-3.89597696324246,,,,,,,,,,,0.0684235999942757
freesolv,regression,3,3,seeded_scaffold_group_balanced,seeded_scaffold_group_balanced,5,rf_60_sqrt,bagging,-2.4005681928138256,,,,,,,,,,,0.0684031999553553
freesolv,regression,3,1,seeded_scaffold_group_balanced,seeded_scaffold_group_balanced,6,rf_90_d12,bagging,-2.678090318598825,,,,,,,,,,,0.0912513000075705
freesolv,regression,3,2,seeded_scaffold_group_balanced,seeded_scaffold_group_balanced,6,rf_90_d12,bagging,-3.9720450080488057,,,,,,,,,,,0.0899225000175647
freesolv,regression,3,3,seeded_scaffold_group_balanced,seeded_scaffold_group_balanced,6,rf_90_d12,bagging,-2.6022828891362395,,,,,,,,,,,0.0863027999876067
freesolv,regression,3,1,seeded_scaffold_group_balanced,seeded_scaffold_group_balanced,7,rf_90_leaf2,bagging,-2.511890019110901,,,,,,,,,,,0.0816742000170052
freesolv,regression,3,2,seeded_scaffold_group_balanced,seeded_scaffold_group_balanced,7,rf_90_leaf2,bagging,-3.966184276632952,,,,,,,,,,,0.0980745999841019
freesolv,regression,3,3,seeded_scaffold_group_balanced,seeded_scaffold_group_balanced,7,rf_90_leaf2,bagging,-2.5674811573897065,,,,,,,,,,,0.1134346000035293
freesolv,regression,3,1,seeded_scaffold_group_balanced,seeded_scaffold_group_balanced,8,rf_120_d20_leaf2,bagging,-2.505342581328037,,,,,,,,,,,0.1395179000101052
freesolv,regression,3,2,seeded_scaffold_group_balanced,seeded_scaffold_group_balanced,8,rf_120_d20_leaf2,bagging,-3.96088636209439,,,,,,,,,,,0.1179605000070296
freesolv,regression,3,3,seeded_scaffold_group_balanced,seeded_scaffold_group_balanced,8,rf_120_d20_leaf2,bagging,-2.5978154668211424,,,,,,,,,,,0.1269599999650381
freesolv,regression,3,1,seeded_scaffold_group_balanced,seeded_scaffold_group_balanced,9,et_60_sqrt,bagging,-2.2472090884191407,,,,,,,,,,,0.0616167000262066
freesolv,regression,3,2,seeded_scaffold_group_balanced,seeded_scaffold_group_balanced,9,et_60_sqrt,bagging,-3.805727624199796,,,,,,,,,,,0.0506846000207588
freesolv,regression,3,3,seeded_scaffold_group_balanced,seeded_scaffold_group_balanced,9,et_60_sqrt,bagging,-2.3579961167043755,,,,,,,,,,,0.0544287000084295
freesolv,regression,3,1,seeded_scaffold_group_balanced,seeded_scaffold_group_balanced,10,et_90_d12,bagging,-2.434221936507436,,,,,,,,,,,0.0588569000246934
freesolv,regression,3,2,seeded_scaffold_group_balanced,seeded_scaffold_group_balanced,10,et_90_d12,bagging,-3.9769734706201114,,,,,,,,,,,0.0625010000076145
freesolv,regression,3,3,seeded_scaffold_group_balanced,seeded_scaffold_group_balanced,10,et_90_d12,bagging,-2.601159075513063,,,,,,,,,,,0.0766388999763876
freesolv,regression,3,1,seeded_scaffold_group_balanced,seeded_scaffold_group_balanced,11,et_90_leaf2,bagging,-2.496903791933484,,,,,,,,,,,0.0708499999600462
freesolv,regression,3,2,seeded_scaffold_group_balanced,seeded_scaffold_group_balanced,11,et_90_leaf2,bagging,-3.9074820577061695,,,,,,,,,,,0.065664000052493
freesolv,regression,3,3,seeded_scaffold_group_balanced,seeded_scaffold_group_balanced,11,et_90_leaf2,bagging,-2.5054918708436715,,,,,,,,,,,0.0662772000068798
freesolv,regression,3,1,seeded_scaffold_group_balanced,seeded_scaffold_group_balanced,12,et_120_d20_leaf2,bagging,-2.4066307264390887,,,,,,,,,,,0.0935007999651134
freesolv,regression,3,2,seeded_scaffold_group_balanced,seeded_scaffold_group_balanced,12,et_120_d20_leaf2,bagging,-3.8962188821641695,,,,,,,,,,,0.0843470999971032
freesolv,regression,3,3,seeded_scaffold_group_balanced,seeded_scaffold_group_balanced,12,et_120_d20_leaf2,bagging,-2.527897174866932,,,,,,,,,,,0.0866284999647177
freesolv,regression,3,1,seeded_scaffold_group_balanced,seeded_scaffold_group_balanced,13,histgb_lr0.05,boosting,-2.342144371695891,,,,,,,,,,,0.5543270999914967
freesolv,regression,3,2,seeded_scaffold_group_balanced,seeded_scaffold_group_balanced,13,histgb_lr0.05,boosting,-3.8269856586144417,,,,,,,,,,,0.5932189999730326
freesolv,regression,3,3,seeded_scaffold_group_balanced,seeded_scaffold_group_balanced,13,histgb_lr0.05,boosting,-2.784713590662163,,,,,,,,,,,0.583291899994947
freesolv,regression,3,1,seeded_scaffold_group_balanced,seeded_scaffold_group_balanced,14,histgb_lr0.1,boosting,-2.334045639345524,,,,,,,,,,,0.5061596000450663
freesolv,regression,3,2,seeded_scaffold_group_balanced,seeded_scaffold_group_balanced,14,histgb_lr0.1,boosting,-3.807521960512607,,,,,,,,,,,0.4539535999647341
freesolv,regression,3,3,seeded_scaffold_group_balanced,seeded_scaffold_group_balanced,14,histgb_lr0.1,boosting,-2.777119929983515,,,,,,,,,,,0.5010908999829553
freesolv,regression,3,1,seeded_scaffold_group_balanced,seeded_scaffold_group_balanced,15,gb_lr0.05_d2,boosting,-2.806425570369556,,,,,,,,,,,0.1128965999814681
freesolv,regression,3,2,seeded_scaffold_group_balanced,seeded_scaffold_group_balanced,15,gb_lr0.05_d2,boosting,-4.044908338461713,,,,,,,,,,,0.122965499991551
freesolv,regression,3,3,seeded_scaffold_group_balanced,seeded_scaffold_group_balanced,15,gb_lr0.05_d2,boosting,-2.78265625182436,,,,,,,,,,,0.1172947000013664
freesolv,regression,3,1,seeded_scaffold_group_balanced,seeded_scaffold_group_balanced,16,gb_lr0.1_d3,boosting,-2.349391983760878,,,,,,,,,,,0.166279700002633
freesolv,regression,3,2,seeded_scaffold_group_balanced,seeded_scaffold_group_balanced,16,gb_lr0.1_d3,boosting,-3.860398951513957,,,,,,,,,,,0.1684199000010267
freesolv,regression,3,3,seeded_scaffold_group_balanced,seeded_scaffold_group_balanced,16,gb_lr0.1_d3,boosting,-2.5597187679556592,,,,,,,,,,,0.1592622000025585
freesolv,regression,3,1,seeded_scaffold_group_balanced,seeded_scaffold_group_balanced,17,lgbm_60_l15,boosting,-2.4267943951830717,,,,,,,,,,,0.0155304000363685
freesolv,regression,3,2,seeded_scaffold_group_balanced,seeded_scaffold_group_balanced,17,lgbm_60_l15,boosting,-3.9061017012663553,,,,,,,,,,,0.0141882000025361
freesolv,regression,3,3,seeded_scaffold_group_balanced,seeded_scaffold_group_balanced,17,lgbm_60_l15,boosting,-2.7859084911294736,,,,,,,,,,,0.0132268000161275
freesolv,regression,3,1,seeded_scaffold_group_balanced,seeded_scaffold_group_balanced,18,lgbm_90_l31,boosting,-2.3375865892994203,,,,,,,,,,,0.017792000027839
freesolv,regression,3,2,seeded_scaffold_group_balanced,seeded_scaffold_group_balanced,18,lgbm_90_l31,boosting,-3.820643352759744,,,,,,,,,,,0.0183322000084444
freesolv,regression,3,3,seeded_scaffold_group_balanced,seeded_scaffold_group_balanced,18,lgbm_90_l31,boosting,-2.775869935280843,,,,,,,,,,,0.0194341000169515
freesolv,regression,3,1,seeded_scaffold_group_balanced,seeded_scaffold_group_balanced,19,lgbm_60_l63,boosting,-2.2715485627989858,,,,,,,,,,,0.0122829999891109
freesolv,regression,3,2,seeded_scaffold_group_balanced,seeded_scaffold_group_balanced,19,lgbm_60_l63,boosting,-3.849850381202034,,,,,,,,,,,0.0126160999643616
freesolv,regression,3,3,seeded_scaffold_group_balanced,seeded_scaffold_group_balanced,19,lgbm_60_l63,boosting,-2.782497590164917,,,,,,,,,,,0.0151597000076435
freesolv,regression,3,1,seeded_scaffold_group_balanced,seeded_scaffold_group_balanced,20,lgbm_100_leaf10,boosting,-2.2401796178087343,,,,,,,,,,,0.0381756999995559
freesolv,regression,3,2,seeded_scaffold_group_balanced,seeded_scaffold_group_balanced,20,lgbm_100_leaf10,boosting,-3.854850338924083,,,,,,,,,,,0.0453337000217288
freesolv,regression,3,3,seeded_scaffold_group_balanced,seeded_scaffold_group_balanced,20,lgbm_100_leaf10,boosting,-2.5524391279784147,,,,,,,,,,,0.0505600000033155
freesolv,regression,3,1,seeded_scaffold_group_balanced,seeded_scaffold_group_balanced,21,lgbm_100_leaf30,boosting,-2.3777204907405944,,,,,,,,,,,0.0165320000378415
freesolv,regression,3,2,seeded_scaffold_group_balanced,seeded_scaffold_group_balanced,21,lgbm_100_leaf30,boosting,-4.010234125201935,,,,,,,,,,,0.0171134999836795
freesolv,regression,3,3,seeded_scaffold_group_balanced,seeded_scaffold_group_balanced,21,lgbm_100_leaf30,boosting,-2.907079077857497,,,,,,,,,,,0.0163408999796956
freesolv,regression,3,1,seeded_scaffold_group_balanced,seeded_scaffold_group_balanced,22,lgbm_80_ff0.7,boosting,-2.2557841982842994,,,,,,,,,,,0.0192794000031426
freesolv,regression,3,2,seeded_scaffold_group_balanced,seeded_scaffold_group_balanced,22,lgbm_80_ff0.7,boosting,-3.8403412642968777,,,,,,,,,,,0.0196497000288218
freesolv,regression,3,3,seeded_scaffold_group_balanced,seeded_scaffold_group_balanced,22,lgbm_80_ff0.7,boosting,-2.683633062671249,,,,,,,,,,,0.030152499966789
freesolv,regression,3,1,seeded_scaffold_group_balanced,seeded_scaffold_group_balanced,23,lgbm_80_bag0.8,boosting,-2.421019734501197,,,,,,,,,,,0.0208263999666087
freesolv,regression,3,2,seeded_scaffold_group_balanced,seeded_scaffold_group_balanced,23,lgbm_80_bag0.8,boosting,-3.8439468743590703,,,,,,,,,,,0.0314329999964684
freesolv,regression,3,3,seeded_scaffold_group_balanced,seeded_scaffold_group_balanced,23,lgbm_80_bag0.8,boosting,-2.854712000472402,,,,,,,,,,,0.0203866999945603
freesolv,regression,3,1,seeded_scaffold_group_balanced,seeded_scaffold_group_balanced,24,lgbm_120_l15,boosting,-2.309009704730828,,,,,,,,,,,0.0296703000203706
freesolv,regression,3,2,seeded_scaffold_group_balanced,seeded_scaffold_group_balanced,24,lgbm_120_l15,boosting,-3.8025040039563542,,,,,,,,,,,0.0263508999487385
freesolv,regression,3,3,seeded_scaffold_group_balanced,seeded_scaffold_group_balanced,24,lgbm_120_l15,boosting,-2.738234482450429,,,,,,,,,,,0.0284979999996721
freesolv,regression,3,1,seeded_scaffold_group_balanced,seeded_scaffold_group_balanced,25,xgb_60_d3,boosting,-2.7119053356774687,,,,,,,,,,,0.0331870999652892
freesolv,regression,3,2,seeded_scaffold_group_balanced,seeded_scaffold_group_balanced,25,xgb_60_d3,boosting,-3.935226294496412,,,,,,,,,,,0.0377561000059358
freesolv,regression,3,3,seeded_scaffold_group_balanced,seeded_scaffold_group_balanced,25,xgb_60_d3,boosting,-2.620603205700496,,,,,,,,,,,0.0369462000089697
freesolv,regression,3,1,seeded_scaffold_group_balanced,seeded_scaffold_group_balanced,26,xgb_80_d5,boosting,-2.5416891788068705,,,,,,,,,,,0.058144100010395
freesolv,regression,3,2,seeded_scaffold_group_balanced,seeded_scaffold_group_balanced,26,xgb_80_d5,boosting,-3.8030435276426817,,,,,,,,,,,0.057847199961543
freesolv,regression,3,3,seeded_scaffold_group_balanced,seeded_scaffold_group_balanced,26,xgb_80_d5,boosting,-2.552620092830876,,,,,,,,,,,0.0551022000145167
freesolv,regression,3,1,seeded_scaffold_group_balanced,seeded_scaffold_group_balanced,27,xgb_100_d3,boosting,-2.53835820243256,,,,,,,,,,,0.0480744000524282
freesolv,regression,3,2,seeded_scaffold_group_balanced,seeded_scaffold_group_balanced,27,xgb_100_d3,boosting,-3.874380600273808,,,,,,,,,,,0.04826489998959
freesolv,regression,3,3,seeded_scaffold_group_balanced,seeded_scaffold_group_balanced,27,xgb_100_d3,boosting,-2.528993447660599,,,,,,,,,,,0.0552102999645285
freesolv,regression,3,1,seeded_scaffold_group_balanced,seeded_scaffold_group_balanced,28,xgb_60_d6,boosting,-2.464763273383945,,,,,,,,,,,0.0516850000130943
freesolv,regression,3,2,seeded_scaffold_group_balanced,seeded_scaffold_group_balanced,28,xgb_60_d6,boosting,-3.718092577012457,,,,,,,,,,,0.0658509000204503
freesolv,regression,3,3,seeded_scaffold_group_balanced,seeded_scaffold_group_balanced,28,xgb_60_d6,boosting,-2.4183739314068866,,,,,,,,,,,0.0484356000088155
freesolv,regression,3,1,seeded_scaffold_group_balanced,seeded_scaffold_group_balanced,29,cat_60_d4,boosting,-2.6600702514563115,,,,,,,,,,,0.0999751999625004
freesolv,regression,3,2,seeded_scaffold_group_balanced,seeded_scaffold_group_balanced,29,cat_60_d4,boosting,-4.02379775667671,,,,,,,,,,,0.1057188000413589
freesolv,regression,3,3,seeded_scaffold_group_balanced,seeded_scaffold_group_balanced,29,cat_60_d4,boosting,-2.746796871092172,,,,,,,,,,,0.0905695999972522
freesolv,regression,3,1,seeded_scaffold_group_balanced,seeded_scaffold_group_balanced,30,cat_80_d6,boosting,-2.648805854244116,,,,,,,,,,,0.1652053999714553
freesolv,regression,3,2,seeded_scaffold_group_balanced,seeded_scaffold_group_balanced,30,cat_80_d6,boosting,-3.93072437341209,,,,,,,,,,,0.1795338000520132
freesolv,regression,3,3,seeded_scaffold_group_balanced,seeded_scaffold_group_balanced,30,cat_80_d6,boosting,-2.682492504434641,,,,,,,,,,,0.1769906999543309
freesolv,regression,3,1,seeded_scaffold_group_balanced,seeded_scaffold_group_balanced,31,cat_100_d4,boosting,-2.832964548181699,,,,,,,,,,,0.1153909999993629
freesolv,regression,3,2,seeded_scaffold_group_balanced,seeded_scaffold_group_balanced,31,cat_100_d4,boosting,-3.9848165687370063,,,,,,,,,,,0.1272500000195577
freesolv,regression,3,3,seeded_scaffold_group_balanced,seeded_scaffold_group_balanced,31,cat_100_d4,boosting,-2.6856069894449,,,,,,,,,,,0.1256215000175871
freesolv,regression,3,1,seeded_scaffold_group_balanced,seeded_scaffold_group_balanced,32,cat_60_d8,boosting,-2.652757306320579,,,,,,,,,,,0.2415638999664224
freesolv,regression,3,2,seeded_scaffold_group_balanced,seeded_scaffold_group_balanced,32,cat_60_d8,boosting,-3.908592037722431,,,,,,,,,,,0.2206253000185825
freesolv,regression,3,3,seeded_scaffold_group_balanced,seeded_scaffold_group_balanced,32,cat_60_d8,boosting,-2.613860796163084,,,,,,,,,,,0.2776636999915354
lipo,regression,1,1,seeded_scaffold_group_balanced,seeded_scaffold_group_balanced,1,ridge_a0.1,linear,-1.1491537104341552,,,,,,,,,,,0.0137273999862372
lipo,regression,1,2,seeded_scaffold_group_balanced,seeded_scaffold_group_balanced,1,ridge_a0.1,linear,-1.201783431653175,,,,,,,,,,,0.0119255000026896
lipo,regression,1,3,seeded_scaffold_group_balanced,seeded_scaffold_group_balanced,1,ridge_a0.1,linear,-1.182652775546412,,,,,,,,,,,0.0133113000192679
lipo,regression,1,1,seeded_scaffold_group_balanced,seeded_scaffold_group_balanced,2,ridge_a1,linear,-1.1286901759531722,,,,,,,,,,,0.0148155999486334
lipo,regression,1,2,seeded_scaffold_group_balanced,seeded_scaffold_group_balanced,2,ridge_a1,linear,-1.1859050035186622,,,,,,,,,,,0.0140029999893158
lipo,regression,1,3,seeded_scaffold_group_balanced,seeded_scaffold_group_balanced,2,ridge_a1,linear,-1.165765896313166,,,,,,,,,,,0.0130026999977417
lipo,regression,1,1,seeded_scaffold_group_balanced,seeded_scaffold_group_balanced,3,ridge_a10,linear,-1.0445511096157043,,,,,,,,,,,0.0149841999518685
lipo,regression,1,2,seeded_scaffold_group_balanced,seeded_scaffold_group_balanced,3,ridge_a10,linear,-1.1136523950951251,,,,,,,,,,,0.0141437000129371
lipo,regression,1,3,seeded_scaffold_group_balanced,seeded_scaffold_group_balanced,3,ridge_a10,linear,-1.0907079461338545,,,,,,,,,,,0.0137994000106118
lipo,regression,1,1,seeded_scaffold_group_balanced,seeded_scaffold_group_balanced,4,elasticnet_a0.001,linear,-1.0951137920151377,,,,,,,,,,,0.0260378000093624
lipo,regression,1,2,seeded_scaffold_group_balanced,seeded_scaffold_group_balanced,4,elasticnet_a0.001,linear,-1.1560466079637228,,,,,,,,,,,0.030742899980396
lipo,regression,1,3,seeded_scaffold_group_balanced,seeded_scaffold_group_balanced,4,elasticnet_a0.001,linear,-1.1401377268107733,,,,,,,,,,,0.0270170000148937
lipo,regression,1,1,seeded_scaffold_group_balanced,seeded_scaffold_group_balanced,5,rf_60_sqrt,bagging,-0.98170760043644,,,,,,,,,,,0.0933827999979257
lipo,regression,1,2,seeded_scaffold_group_balanced,seeded_scaffold_group_balanced,5,rf_60_sqrt,bagging,-1.0503848703085572,,,,,,,,,,,0.1076854999992065
lipo,regression,1,3,seeded_scaffold_group_balanced,seeded_scaffold_group_balanced,5,rf_60_sqrt,bagging,-1.033846321331081,,,,,,,,,,,0.0994927000137977
lipo,regression,1,1,seeded_scaffold_group_balanced,seeded_scaffold_group_balanced,6,rf_90_d12,bagging,-1.031707858670138,,,,,,,,,,,0.1230214000097476
lipo,regression,1,2,seeded_scaffold_group_balanced,seeded_scaffold_group_balanced,6,rf_90_d12,bagging,-1.1091687055343944,,,,,,,,,,,0.1302552999695763
lipo,regression,1,3,seeded_scaffold_group_balanced,seeded_scaffold_group_balanced,6,rf_90_d12,bagging,-1.078376724319142,,,,,,,,,,,0.1319433000171557
lipo,regression,1,1,seeded_scaffold_group_balanced,seeded_scaffold_group_balanced,7,rf_90_leaf2,bagging,-0.9896353762166182,,,,,,,,,,,0.1343310999800451
lipo,regression,1,2,seeded_scaffold_group_balanced,seeded_scaffold_group_balanced,7,rf_90_leaf2,bagging,-1.058389399668055,,,,,,,,,,,0.1267319999751635
lipo,regression,1,3,seeded_scaffold_group_balanced,seeded_scaffold_group_balanced,7,rf_90_leaf2,bagging,-1.0507849018748532,,,,,,,,,,,0.1345321999979205
lipo,regression,1,1,seeded_scaffold_group_balanced,seeded_scaffold_group_balanced,8,rf_120_d20_leaf2,bagging,-1.0082254437327052,,,,,,,,,,,0.1741031999699771
lipo,regression,1,2,seeded_scaffold_group_balanced,seeded_scaffold_group_balanced,8,rf_120_d20_leaf2,bagging,-1.073854178713883,,,,,,,,,,,0.1686787999933585
lipo,regression,1,3,seeded_scaffold_group_balanced,seeded_scaffold_group_balanced,8,rf_120_d20_leaf2,bagging,-1.062113439976136,,,,,,,,,,,0.1695497999899089
lipo,regression,1,1,seeded_scaffold_group_balanced,seeded_scaffold_group_balanced,9,et_60_sqrt,bagging,-0.9599338939110524,,,,,,,,,,,0.1001519999699667
lipo,regression,1,2,seeded_scaffold_group_balanced,seeded_scaffold_group_balanced,9,et_60_sqrt,bagging,-1.0292026852442326,,,,,,,,,,,0.0971973999985493
lipo,regression,1,3,seeded_scaffold_group_balanced,seeded_scaffold_group_balanced,9,et_60_sqrt,bagging,-1.016059973529936,,,,,,,,,,,0.1035719999927096
lipo,regression,1,1,seeded_scaffold_group_balanced,seeded_scaffold_group_balanced,10,et_90_d12,bagging,-1.0191668860787704,,,,,,,,,,,0.0973802999942563
lipo,regression,1,2,seeded_scaffold_group_balanced,seeded_scaffold_group_balanced,10,et_90_d12,bagging,-1.096956880101014,,,,,,,,,,,0.0936323999776505
lipo,regression,1,3,seeded_scaffold_group_balanced,seeded_scaffold_group_balanced,10,et_90_d12,bagging,-1.0746788176810265,,,,,,,,,,,0.0963348999503068
lipo,regression,1,1,seeded_scaffold_group_balanced,seeded_scaffold_group_balanced,11,et_90_leaf2,bagging,-0.9741047045246388,,,,,,,,,,,0.1116027000243775
lipo,regression,1,2,seeded_scaffold_group_balanced,seeded_scaffold_group_balanced,11,et_90_leaf2,bagging,-1.0299164476469798,,,,,,,,,,,0.1054336999659426
lipo,regression,1,3,seeded_scaffold_group_balanced,seeded_scaffold_group_balanced,11,et_90_leaf2,bagging,-1.0289721772093952,,,,,,,,,,,0.1035657000029459
lipo,regression,1,1,seeded_scaffold_group_balanced,seeded_scaffold_group_balanced,12,et_120_d20_leaf2,bagging,-0.983846734506274,,,,,,,,,,,0.122770500020124
lipo,regression,1,2,seeded_scaffold_group_balanced,seeded_scaffold_group_balanced,12,et_120_d20_leaf2,bagging,-1.041126538391553,,,,,,,,,,,0.1238498000311665
lipo,regression,1,3,seeded_scaffold_group_balanced,seeded_scaffold_group_balanced,12,et_120_d20_leaf2,bagging,-1.0368863861535245,,,,,,,,,,,0.1259532999829389
lipo,regression,1,1,seeded_scaffold_group_balanced,seeded_scaffold_group_balanced,13,histgb_lr0.05,boosting,-0.980100554864302,,,,,,,,,,,1.4729416000191122
lipo,regression,1,2,seeded_scaffold_group_balanced,seeded_scaffold_group_balanced,13,histgb_lr0.05,boosting,-1.040449144581917,,,,,,,,,,,1.326558800006751
lipo,regression,1,3,seeded_scaffold_group_balanced,seeded_scaffold_group_balanced,13,histgb_lr0.05,boosting,-1.0093313242452424,,,,,,,,,,,1.1289110999787226
lipo,regression,1,1,seeded_scaffold_group_balanced,seeded_scaffold_group_balanced,14,histgb_lr0.1,boosting,-0.9539153920496348,,,,,,,,,,,0.8940667000133544
lipo,regression,1,2,seeded_scaffold_group_balanced,seeded_scaffold_group_balanced,14,histgb_lr0.1,boosting,-1.0187681782542208,,,,,,,,,,,0.8947768000070937
lipo,regression,1,3,seeded_scaffold_group_balanced,seeded_scaffold_group_balanced,14,histgb_lr0.1,boosting,-0.993320934444234,,,,,,,,,,,0.9460707000107504
lipo,regression,1,1,seeded_scaffold_group_balanced,seeded_scaffold_group_balanced,15,gb_lr0.05_d2,boosting,-1.0817178638921567,,,,,,,,,,,0.8572831000201404
lipo,regression,1,2,seeded_scaffold_group_balanced,seeded_scaffold_group_balanced,15,gb_lr0.05_d2,boosting,-1.1633710424476902,,,,,,,,,,,0.858304500055965
lipo,regression,1,3,seeded_scaffold_group_balanced,seeded_scaffold_group_balanced,15,gb_lr0.05_d2,boosting,-1.1368402526570214,,,,,,,,,,,0.8399417999899015
lipo,regression,1,1,seeded_scaffold_group_balanced,seeded_scaffold_group_balanced,16,gb_lr0.1_d3,boosting,-1.0182561743118803,,,,,,,,,,,1.1935645999619735
lipo,regression,1,2,seeded_scaffold_group_balanced,seeded_scaffold_group_balanced,16,gb_lr0.1_d3,boosting,-1.097042780934807,,,,,,,,,,,1.1090014000074009
lipo,regression,1,3,seeded_scaffold_group_balanced,seeded_scaffold_group_balanced,16,gb_lr0.1_d3,boosting,-1.0599526414972067,,,,,,,,,,,1.1247468999936243
lipo,regression,1,1,seeded_scaffold_group_balanced,seeded_scaffold_group_balanced,17,lgbm_60_l15,boosting,-1.0132156370606469,,,,,,,,,,,0.0604547000257298
lipo,regression,1,2,seeded_scaffold_group_balanced,seeded_scaffold_group_balanced,17,lgbm_60_l15,boosting,-1.0728298043615103,,,,,,,,,,,0.0579235000186599
lipo,regression,1,3,seeded_scaffold_group_balanced,seeded_scaffold_group_balanced,17,lgbm_60_l15,boosting,-1.0420500843286706,,,,,,,,,,,0.0575463999994099
lipo,regression,1,1,seeded_scaffold_group_balanced,seeded_scaffold_group_balanced,18,lgbm_90_l31,boosting,-0.939743282471408,,,,,,,,,,,0.1111123000155203
lipo,regression,1,2,seeded_scaffold_group_balanced,seeded_scaffold_group_balanced,18,lgbm_90_l31,boosting,-0.995661574429388,,,,,,,,,,,0.1143468999653123
lipo,regression,1,3,seeded_scaffold_group_balanced,seeded_scaffold_group_balanced,18,lgbm_90_l31,boosting,-0.98757823036805,,,,,,,,,,,0.109910300001502
lipo,regression,1,1,seeded_scaffold_group_balanced,seeded_scaffold_group_balanced,19,lgbm_60_l63,boosting,-0.9393389053730884,,,,,,,,,,,0.131596699997317
lipo,regression,1,2,seeded_scaffold_group_balanced,seeded_scaffold_group_balanced,19,lgbm_60_l63,boosting,-0.9833783388545532,,,,,,,,,,,0.1103965999791398
lipo,regression,1,3,seeded_scaffold_group_balanced,seeded_scaffold_group_balanced,19,lgbm_60_l63,boosting,-0.978182455309501,,,,,,,,,,,0.1127571000251919
lipo,regression,1,1,seeded_scaffold_group_balanced,seeded_scaffold_group_balanced,20,lgbm_100_leaf10,boosting,-0.9491628292572556,,,,,,,,,,,0.1236176000093109
lipo,regression,1,2,seeded_scaffold_group_balanced,seeded_scaffold_group_balanced,20,lgbm_100_leaf10,boosting,-1.0026995329364816,,,,,,,,,,,0.1152554000145755
lipo,regression,1,3,seeded_scaffold_group_balanced,seeded_scaffold_group_balanced,20,lgbm_100_leaf10,boosting,-0.9993035390411864,,,,,,,,,,,0.1211905000382103
lipo,regression,1,1,seeded_scaffold_group_balanced,seeded_scaffold_group_balanced,21,lgbm_100_leaf30,boosting,-0.9459985225769107,,,,,,,,,,,0.1179128999938257
lipo,regression,1,2,seeded_scaffold_group_balanced,seeded_scaffold_group_balanced,21,lgbm_100_leaf30,boosting,-1.0141211763427662,,,,,,,,,,,0.119989400031045
lipo,regression,1,3,seeded_scaffold_group_balanced,seeded_scaffold_group_balanced,21,lgbm_100_leaf30,boosting,-0.9811360235203244,,,,,,,,,,,0.1096544000320136
lipo,regression,1,1,seeded_scaffold_group_balanced,seeded_scaffold_group_balanced,22,lgbm_80_ff0.7,boosting,-0.9408719429340242,,,,,,,,,,,0.089518400025554
lipo,regression,1,2,seeded_scaffold_group_balanced,seeded_scaffold_group_balanced,22,lgbm_80_ff0.7,boosting,-0.999470204327544,,,,,,,,,,,0.1000344000058248
lipo,regression,1,3,seeded_scaffold_group_balanced,seeded_scaffold_group_balanced,22,lgbm_80_ff0.7,boosting,-0.9806716212871606,,,,,,,,,,,0.0947943000355735
lipo,regression,1,1,seeded_scaffold_group_balanced,seeded_scaffold_group_balanced,23,lgbm_80_bag0.8,boosting,-0.9495080674455858,,,,,,,,,,,0.1085596000193618
lipo,regression,1,2,seeded_scaffold_group_balanced,seeded_scaffold_group_balanced,23,lgbm_80_bag0.8,boosting,-0.9974438246294436,,,,,,,,,,,0.1032005999586545
lipo,regression,1,3,seeded_scaffold_group_balanced,seeded_scaffold_group_balanced,23,lgbm_80_bag0.8,boosting,-0.9836077805695472,,,,,,,,,,,0.1263583000400103
lipo,regression,1,1,seeded_scaffold_group_balanced,seeded_scaffold_group_balanced,24,lgbm_120_l15,boosting,-0.980439301951534,,,,,,,,,,,0.0927451999741606
lipo,regression,1,2,seeded_scaffold_group_balanced,seeded_scaffold_group_balanced,24,lgbm_120_l15,boosting,-1.0351973625871782,,,,,,,,,,,0.1003130000317469
lipo,regression,1,3,seeded_scaffold_group_balanced,seeded_scaffold_group_balanced,24,lgbm_120_l15,boosting,-1.0132380696146113,,,,,,,,,,,0.2688519000075757
lipo,regression,1,1,seeded_scaffold_group_balanced,seeded_scaffold_group_balanced,25,xgb_60_d3,boosting,-1.0443570621579863,,,,,,,,,,,0.1271775999921374
lipo,regression,1,2,seeded_scaffold_group_balanced,seeded_scaffold_group_balanced,25,xgb_60_d3,boosting,-1.0974296770694116,,,,,,,,,,,0.1272165999980643
lipo,regression,1,3,seeded_scaffold_group_balanced,seeded_scaffold_group_balanced,25,xgb_60_d3,boosting,-1.091903382177759,,,,,,,,,,,0.137678200029768
lipo,regression,1,1,seeded_scaffold_group_balanced,seeded_scaffold_group_balanced,26,xgb_80_d5,boosting,-0.984444002923756,,,,,,,,,,,0.1628068999852985
lipo,regression,1,2,seeded_scaffold_group_balanced,seeded_scaffold_group_balanced,26,xgb_80_d5,boosting,-1.0420822382625,,,,,,,,,,,0.1896341999527067
lipo,regression,1,3,seeded_scaffold_group_balanced,seeded_scaffold_group_balanced,26,xgb_80_d5,boosting,-1.037293892039334,,,,,,,,,,,0.1622359000029973
lipo,regression,1,1,seeded_scaffold_group_balanced,seeded_scaffold_group_balanced,27,xgb_100_d3,boosting,-1.0431753351927766,,,,,,,,,,,0.153471499972511
lipo,regression,1,2,seeded_scaffold_group_balanced,seeded_scaffold_group_balanced,27,xgb_100_d3,boosting,-1.0999616769977725,,,,,,,,,,,0.1374636000255122
lipo,regression,1,3,seeded_scaffold_group_balanced,seeded_scaffold_group_balanced,27,xgb_100_d3,boosting,-1.087787965273331,,,,,,,,,,,0.1347951000207103
lipo,regression,1,1,seeded_scaffold_group_balanced,seeded_scaffold_group_balanced,28,xgb_60_d6,boosting,-0.9750553184682555,,,,,,,,,,,0.1743206999963149
lipo,regression,1,2,seeded_scaffold_group_balanced,seeded_scaffold_group_balanced,28,xgb_60_d6,boosting,-1.0365698926395663,,,,,,,,,,,0.1522100000292994
lipo,regression,1,3,seeded_scaffold_group_balanced,seeded_scaffold_group_balanced,28,xgb_60_d6,boosting,-1.0130631611593168,,,,,,,,,,,0.1469937000074423
lipo,regression,1,1,seeded_scaffold_group_balanced,seeded_scaffold_group_balanced,29,cat_60_d4,boosting,-1.0820019278340385,,,,,,,,,,,0.3460319000296294
lipo,regression,1,2,seeded_scaffold_group_balanced,seeded_scaffold_group_balanced,29,cat_60_d4,boosting,-1.144826203601895,,,,,,,,,,,0.3207187999505549
lipo,regression,1,3,seeded_scaffold_group_balanced,seeded_scaffold_group_balanced,29,cat_60_d4,boosting,-1.1133632741272186,,,,,,,,,,,0.3249976999941282
lipo,regression,1,1,seeded_scaffold_group_balanced,seeded_scaffold_group_balanced,30,cat_80_d6,boosting,-1.0572283041437975,,,,,,,,,,,1.2917056999867782
lipo,regression,1,2,seeded_scaffold_group_balanced,seeded_scaffold_group_balanced,30,cat_80_d6,boosting,-1.1186890266760343,,,,,,,,,,,1.2466947000357322
lipo,regression,1,3,seeded_scaffold_group_balanced,seeded_scaffold_group_balanced,30,cat_80_d6,boosting,-1.0960474297376837,,,,,,,,,,,1.218392800015863
lipo,regression,1,1,seeded_scaffold_group_balanced,seeded_scaffold_group_balanced,31,cat_100_d4,boosting,-1.076380592748631,,,,,,,,,,,0.5230148999835365
lipo,regression,1,2,seeded_scaffold_group_balanced,seeded_scaffold_group_balanced,31,cat_100_d4,boosting,-1.1373160602529584,,,,,,,,,,,0.5465367999859154
lipo,regression,1,3,seeded_scaffold_group_balanced,seeded_scaffold_group_balanced,31,cat_100_d4,boosting,-1.11293374275031,,,,,,,,,,,0.609053699998185
lipo,regression,1,1,seeded_scaffold_group_balanced,seeded_scaffold_group_balanced,32,cat_60_d8,boosting,-1.0306112386165285,,,,,,,,,,,3.556667700002436
lipo,regression,1,2,seeded_scaffold_group_balanced,seeded_scaffold_group_balanced,32,cat_60_d8,boosting,-1.0946786424421813,,,,,,,,,,,3.2292949000257067
lipo,regression,1,3,seeded_scaffold_group_balanced,seeded_scaffold_group_balanced,32,cat_60_d8,boosting,-1.0807524943112614,,,,,,,,,,,3.0840206000139005
lipo,regression,2,1,seeded_scaffold_group_balanced,seeded_scaffold_group_balanced,1,ridge_a0.1,linear,-1.1752213143954666,,,,,,,,,,,0.0177708000410348
lipo,regression,2,2,seeded_scaffold_group_balanced,seeded_scaffold_group_balanced,1,ridge_a0.1,linear,-1.1097646218103838,,,,,,,,,,,0.0209576999768614
lipo,regression,2,3,seeded_scaffold_group_balanced,seeded_scaffold_group_balanced,1,ridge_a0.1,linear,-1.195002852834388,,,,,,,,,,,0.0165891999495215
lipo,regression,2,1,seeded_scaffold_group_balanced,seeded_scaffold_group_balanced,2,ridge_a1,linear,-1.15793734010396,,,,,,,,,,,0.0144163999939337
lipo,regression,2,2,seeded_scaffold_group_balanced,seeded_scaffold_group_balanced,2,ridge_a1,linear,-1.0964042382120185,,,,,,,,,,,0.0148748999927192
lipo,regression,2,3,seeded_scaffold_group_balanced,seeded_scaffold_group_balanced,2,ridge_a1,linear,-1.1780652157653204,,,,,,,,,,,0.0203696999815292
lipo,regression,2,1,seeded_scaffold_group_balanced,seeded_scaffold_group_balanced,3,ridge_a10,linear,-1.0820622030479514,,,,,,,,,,,0.0183522999868728
lipo,regression,2,2,seeded_scaffold_group_balanced,seeded_scaffold_group_balanced,3,ridge_a10,linear,-1.0443212100254142,,,,,,,,,,,0.0834122999804094
lipo,regression,2,3,seeded_scaffold_group_balanced,seeded_scaffold_group_balanced,3,ridge_a10,linear,-1.1057498853937628,,,,,,,,,,,0.0160252000205218
lipo,regression,2,1,seeded_scaffold_group_balanced,seeded_scaffold_group_balanced,4,elasticnet_a0.001,linear,-1.1298855761624262,,,,,,,,,,,0.0375530999735929
lipo,regression,2,2,seeded_scaffold_group_balanced,seeded_scaffold_group_balanced,4,elasticnet_a0.001,linear,-1.0747210123722692,,,,,,,,,,,0.0277603999711573
lipo,regression,2,3,seeded_scaffold_group_balanced,seeded_scaffold_group_balanced,4,elasticnet_a0.001,linear,-1.149114342077241,,,,,,,,,,,0.0319605999975465
lipo,regression,2,1,seeded_scaffold_group_balanced,seeded_scaffold_group_balanced,5,rf_60_sqrt,bagging,-1.0869062480243974,,,,,,,,,,,0.1097553000436164
lipo,regression,2,2,seeded_scaffold_group_balanced,seeded_scaffold_group_balanced,5,rf_60_sqrt,bagging,-1.0130619842849646,,,,,,,,,,,0.1132952000480145
lipo,regression,2,3,seeded_scaffold_group_balanced,seeded_scaffold_group_balanced,5,rf_60_sqrt,bagging,-1.0990572835901518,,,,,,,,,,,0.1199532999889925
lipo,regression,2,1,seeded_scaffold_group_balanced,seeded_scaffold_group_balanced,6,rf_90_d12,bagging,-1.132726133792333,,,,,,,,,,,0.1529095000005327
lipo,regression,2,2,seeded_scaffold_group_balanced,seeded_scaffold_group_balanced,6,rf_90_d12,bagging,-1.056723010524578,,,,,,,,,,,0.1344659000169485
lipo,regression,2,3,seeded_scaffold_group_balanced,seeded_scaffold_group_balanced,6,rf_90_d12,bagging,-1.144107617926157,,,,,,,,,,,0.1384873999631963
lipo,regression,2,1,seeded_scaffold_group_balanced,seeded_scaffold_group_balanced,7,rf_90_leaf2,bagging,-1.0836092176877914,,,,,,,,,,,0.1478152000345289
lipo,regression,2,2,seeded_scaffold_group_balanced,seeded_scaffold_group_balanced,7,rf_90_leaf2,bagging,-1.0194574387959612,,,,,,,,,,,0.1199048000271432
lipo,regression,2,3,seeded_scaffold_group_balanced,seeded_scaffold_group_balanced,7,rf_90_leaf2,bagging,-1.0947404127200966,,,,,,,,,,,0.1274677000474184
lipo,regression,2,1,seeded_scaffold_group_balanced,seeded_scaffold_group_balanced,8,rf_120_d20_leaf2,bagging,-1.10359767863663,,,,,,,,,,,0.1735106999985873
lipo,regression,2,2,seeded_scaffold_group_balanced,seeded_scaffold_group_balanced,8,rf_120_d20_leaf2,bagging,-1.0251120389641082,,,,,,,,,,,0.167396800010465
lipo,regression,2,3,seeded_scaffold_group_balanced,seeded_scaffold_group_balanced,8,rf_120_d20_leaf2,bagging,-1.113918540642914,,,,,,,,,,,0.1662914000335149
lipo,regression,2,1,seeded_scaffold_group_balanced,seeded_scaffold_group_balanced,9,et_60_sqrt,bagging,-1.0718721427044866,,,,,,,,,,,0.1114183000172488
lipo,regression,2,2,seeded_scaffold_group_balanced,seeded_scaffold_group_balanced,9,et_60_sqrt,bagging,-1.0012234764325445,,,,,,,,,,,0.1065029000164941
lipo,regression,2,3,seeded_scaffold_group_balanced,seeded_scaffold_group_balanced,9,et_60_sqrt,bagging,-1.0772088693598956,,,,,,,,,,,0.1125704000005498
lipo,regression,2,1,seeded_scaffold_group_balanced,seeded_scaffold_group_balanced,10,et_90_d12,bagging,-1.119606371403185,,,,,,,,,,,0.1052862000069581
lipo,regression,2,2,seeded_scaffold_group_balanced,seeded_scaffold_group_balanced,10,et_90_d12,bagging,-1.0379039258152931,,,,,,,,,,,0.1018421000335365
lipo,regression,2,3,seeded_scaffold_group_balanced,seeded_scaffold_group_balanced,10,et_90_d12,bagging,-1.1308338117860552,,,,,,,,,,,0.0931920000002719
lipo,regression,2,1,seeded_scaffold_group_balanced,seeded_scaffold_group_balanced,11,et_90_leaf2,bagging,-1.0610348242316066,,,,,,,,,,,0.1069916000124067
lipo,regression,2,2,seeded_scaffold_group_balanced,seeded_scaffold_group_balanced,11,et_90_leaf2,bagging,-0.9974911011883132,,,,,,,,,,,0.103776000032667
lipo,regression,2,3,seeded_scaffold_group_balanced,seeded_scaffold_group_balanced,11,et_90_leaf2,bagging,-1.0818367352893028,,,,,,,,,,,0.1067036000313237
lipo,regression,2,1,seeded_scaffold_group_balanced,seeded_scaffold_group_balanced,12,et_120_d20_leaf2,bagging,-1.0851052073084435,,,,,,,,,,,0.129147199972067
lipo,regression,2,2,seeded_scaffold_group_balanced,seeded_scaffold_group_balanced,12,et_120_d20_leaf2,bagging,-0.998575271212476,,,,,,,,,,,0.121597199991811
lipo,regression,2,3,seeded_scaffold_group_balanced,seeded_scaffold_group_balanced,12,et_120_d20_leaf2,bagging,-1.0879779851500762,,,,,,,,,,,0.1314835000084713
lipo,regression,2,1,seeded_scaffold_group_balanced,seeded_scaffold_group_balanced,13,histgb_lr0.05,boosting,-1.0498961130596538,,,,,,,,,,,1.5299960999982432
lipo,regression,2,2,seeded_scaffold_group_balanced,seeded_scaffold_group_balanced,13,histgb_lr0.05,boosting,-1.0050244638040389,,,,,,,,,,,1.5710342000238595
lipo,regression,2,3,seeded_scaffold_group_balanced,seeded_scaffold_group_balanced,13,histgb_lr0.05,boosting,-1.0573738180722387,,,,,,,,,,,1.3659055000171063
lipo,regression,2,1,seeded_scaffold_group_balanced,seeded_scaffold_group_balanced,14,histgb_lr0.1,boosting,-1.0283292228322656,,,,,,,,,,,1.0852725000004284
lipo,regression,2,2,seeded_scaffold_group_balanced,seeded_scaffold_group_balanced,14,histgb_lr0.1,boosting,-0.9892204805536584,,,,,,,,,,,1.090805799991358
lipo,regression,2,3,seeded_scaffold_group_balanced,seeded_scaffold_group_balanced,14,histgb_lr0.1,boosting,-1.0166809107573327,,,,,,,,,,,1.2019165999954566
lipo,regression,2,1,seeded_scaffold_group_balanced,seeded_scaffold_group_balanced,15,gb_lr0.05_d2,boosting,-1.1745128097506454,,,,,,,,,,,0.8480211999849416
lipo,regression,2,2,seeded_scaffold_group_balanced,seeded_scaffold_group_balanced,15,gb_lr0.05_d2,boosting,-1.1028425526949557,,,,,,,,,,,0.8571209000074305
lipo,regression,2,3,seeded_scaffold_group_balanced,seeded_scaffold_group_balanced,15,gb_lr0.05_d2,boosting,-1.1692252247062802,,,,,,,,,,,0.8711779000004753
lipo,regression,2,1,seeded_scaffold_group_balanced,seeded_scaffold_group_balanced,16,gb_lr0.1_d3,boosting,-1.0997099133571795,,,,,,,,,,,1.250255599967204
lipo,regression,2,2,seeded_scaffold_group_balanced,seeded_scaffold_group_balanced,16,gb_lr0.1_d3,boosting,-1.017509966151099,,,,,,,,,,,1.278535199991893
lipo,regression,2,3,seeded_scaffold_group_balanced,seeded_scaffold_group_balanced,16,gb_lr0.1_d3,boosting,-1.105253189424075,,,,,,,,,,,1.2149899000069126
lipo,regression,2,1,seeded_scaffold_group_balanced,seeded_scaffold_group_balanced,17,lgbm_60_l15,boosting,-1.085286997256362,,,,,,,,,,,0.0828146000276319
lipo,regression,2,2,seeded_scaffold_group_balanced,seeded_scaffold_group_balanced,17,lgbm_60_l15,boosting,-1.034404636956122,,,,,,,,,,,0.0789145999588072
lipo,regression,2,3,seeded_scaffold_group_balanced,seeded_scaffold_group_balanced,17,lgbm_60_l15,boosting,-1.092048350378169,,,,,,,,,,,0.1056665999931283
lipo,regression,2,1,seeded_scaffold_group_balanced,seeded_scaffold_group_balanced,18,lgbm_90_l31,boosting,-1.0265639552471386,,,,,,,,,,,0.1653824999812059
lipo,regression,2,2,seeded_scaffold_group_balanced,seeded_scaffold_group_balanced,18,lgbm_90_l31,boosting,-0.9807178484883986,,,,,,,,,,,0.2257281999918632
lipo,regression,2,3,seeded_scaffold_group_balanced,seeded_scaffold_group_balanced,18,lgbm_90_l31,boosting,-1.0143345794338192,,,,,,,,,,,0.2483012999873608
lipo,regression,2,1,seeded_scaffold_group_balanced,seeded_scaffold_group_balanced,19,lgbm_60_l63,boosting,-1.013549901700777,,,,,,,,,,,0.1615328999469056
lipo,regression,2,2,seeded_scaffold_group_balanced,seeded_scaffold_group_balanced,19,lgbm_60_l63,boosting,-0.9763886665528138,,,,,,,,,,,0.1477317999815568
lipo,regression,2,3,seeded_scaffold_group_balanced,seeded_scaffold_group_balanced,19,lgbm_60_l63,boosting,-1.014744622119541,,,,,,,,,,,0.1880012999754399
lipo,regression,2,1,seeded_scaffold_group_balanced,seeded_scaffold_group_balanced,20,lgbm_100_leaf10,boosting,-1.0337204822517996,,,,,,,,,,,0.2421709999907761
lipo,regression,2,2,seeded_scaffold_group_balanced,seeded_scaffold_group_balanced,20,lgbm_100_leaf10,boosting,-0.9846886836306146,,,,,,,,,,,0.2289850999950431
lipo,regression,2,3,seeded_scaffold_group_balanced,seeded_scaffold_group_balanced,20,lgbm_100_leaf10,boosting,-1.025076349398249,,,,,,,,,,,0.2489604000002145
lipo,regression,2,1,seeded_scaffold_group_balanced,seeded_scaffold_group_balanced,21,lgbm_100_leaf30,boosting,-1.0127245069131574,,,,,,,,,,,0.1078749999869614
lipo,regression,2,2,seeded_scaffold_group_balanced,seeded_scaffold_group_balanced,21,lgbm_100_leaf30,boosting,-0.98662950441182,,,,,,,,,,,0.1041521999868564
lipo,regression,2,3,seeded_scaffold_group_balanced,seeded_scaffold_group_balanced,21,lgbm_100_leaf30,boosting,-1.0174707930825142,,,,,,,,,,,0.1080239999573677
lipo,regression,2,1,seeded_scaffold_group_balanced,seeded_scaffold_group_balanced,22,lgbm_80_ff0.7,boosting,-1.0145136289109753,,,,,,,,,,,0.1050374000333249
lipo,regression,2,2,seeded_scaffold_group_balanced,seeded_scaffold_group_balanced,22,lgbm_80_ff0.7,boosting,-0.9718766531372576,,,,,,,,,,,0.1060370999621227
lipo,regression,2,3,seeded_scaffold_group_balanced,seeded_scaffold_group_balanced,22,lgbm_80_ff0.7,boosting,-1.0055355881992447,,,,,,,,,,,0.0875371000147424
lipo,regression,2,1,seeded_scaffold_group_balanced,seeded_scaffold_group_balanced,23,lgbm_80_bag0.8,boosting,-1.0122861341959115,,,,,,,,,,,0.0959925000206567
lipo,regression,2,2,seeded_scaffold_group_balanced,seeded_scaffold_group_balanced,23,lgbm_80_bag0.8,boosting,-0.968809391122049,,,,,,,,,,,0.099962200038135
lipo,regression,2,3,seeded_scaffold_group_balanced,seeded_scaffold_group_balanced,23,lgbm_80_bag0.8,boosting,-1.001884707342514,,,,,,,,,,,0.1019461999530904
lipo,regression,2,1,seeded_scaffold_group_balanced,seeded_scaffold_group_balanced,24,lgbm_120_l15,boosting,-1.0516429684759958,,,,,,,,,,,0.0964477999950759
lipo,regression,2,2,seeded_scaffold_group_balanced,seeded_scaffold_group_balanced,24,lgbm_120_l15,boosting,-1.006118655698933,,,,,,,,,,,0.0830989999813027
lipo,regression,2,3,seeded_scaffold_group_balanced,seeded_scaffold_group_balanced,24,lgbm_120_l15,boosting,-1.0535135391104602,,,,,,,,,,,0.0852605000254698
lipo,regression,2,1,seeded_scaffold_group_balanced,seeded_scaffold_group_balanced,25,xgb_60_d3,boosting,-1.1172677500549453,,,,,,,,,,,0.0959050999954342
lipo,regression,2,2,seeded_scaffold_group_balanced,seeded_scaffold_group_balanced,25,xgb_60_d3,boosting,-1.057681798610763,,,,,,,,,,,0.0842756000347435
lipo,regression,2,3,seeded_scaffold_group_balanced,seeded_scaffold_group_balanced,25,xgb_60_d3,boosting,-1.1241657957206648,,,,,,,,,,,0.0874733999953605
lipo,regression,2,1,seeded_scaffold_group_balanced,seeded_scaffold_group_balanced,26,xgb_80_d5,boosting,-1.0883271329618427,,,,,,,,,,,0.1857328999903984
lipo,regression,2,2,seeded_scaffold_group_balanced,seeded_scaffold_group_balanced,26,xgb_80_d5,boosting,-1.0164184573021682,,,,,,,,,,,0.1858603000291623
lipo,regression,2,3,seeded_scaffold_group_balanced,seeded_scaffold_group_balanced,26,xgb_80_d5,boosting,-1.0744920906938953,,,,,,,,,,,0.1954317999770864
lipo,regression,2,1,seeded_scaffold_group_balanced,seeded_scaffold_group_balanced,27,xgb_100_d3,boosting,-1.1241933839818623,,,,,,,,,,,0.1613174000522121
lipo,regression,2,2,seeded_scaffold_group_balanced,seeded_scaffold_group_balanced,27,xgb_100_d3,boosting,-1.049756614144666,,,,,,,,,,,0.1336359999841079
lipo,regression,2,3,seeded_scaffold_group_balanced,seeded_scaffold_group_balanced,27,xgb_100_d3,boosting,-1.1245013975473324,,,,,,,,,,,0.1127148999948985
lipo,regression,2,1,seeded_scaffold_group_balanced,seeded_scaffold_group_balanced,28,xgb_60_d6,boosting,-1.0762442060120037,,,,,,,,,,,0.1315244000288657
lipo,regression,2,2,seeded_scaffold_group_balanced,seeded_scaffold_group_balanced,28,xgb_60_d6,boosting,-1.00256469674053,,,,,,,,,,,0.1475636000395752
lipo,regression,2,3,seeded_scaffold_group_balanced,seeded_scaffold_group_balanced,28,xgb_60_d6,boosting,-1.042367850830645,,,,,,,,,,,0.1362708000233397
lipo,regression,2,1,seeded_scaffold_group_balanced,seeded_scaffold_group_balanced,29,cat_60_d4,boosting,-1.150028093649487,,,,,,,,,,,0.3055423000478185
lipo,regression,2,2,seeded_scaffold_group_balanced,seeded_scaffold_group_balanced,29,cat_60_d4,boosting,-1.0829994478106684,,,,,,,,,,,0.3430701000033878
lipo,regression,2,3,seeded_scaffold_group_balanced,seeded_scaffold_group_balanced,29,cat_60_d4,boosting,-1.1482377030439148,,,,,,,,,,,0.3071245999890379
lipo,regression,2,1,seeded_scaffold_group_balanced,seeded_scaffold_group_balanced,30,cat_80_d6,boosting,-1.1274894795433832,,,,,,,,,,,1.1836284000310116
lipo,regression,2,2,seeded_scaffold_group_balanced,seeded_scaffold_group_balanced,30,cat_80_d6,boosting,-1.0537370919682696,,,,,,,,,,,1.418558300007135
lipo,regression,2,3,seeded_scaffold_group_balanced,seeded_scaffold_group_balanced,30,cat_80_d6,boosting,-1.128748151915787,,,,,,,,,,,1.2609363999799823
lipo,regression,2,1,seeded_scaffold_group_balanced,seeded_scaffold_group_balanced,31,cat_100_d4,boosting,-1.1445813184106957,,,,,,,,,,,0.483405299950391
lipo,regression,2,2,seeded_scaffold_group_balanced,seeded_scaffold_group_balanced,31,cat_100_d4,boosting,-1.0751895431771126,,,,,,,,,,,0.5035507999709807
lipo,regression,2,3,seeded_scaffold_group_balanced,seeded_scaffold_group_balanced,31,cat_100_d4,boosting,-1.1490099854763165,,,,,,,,,,,0.5182658000267111
lipo,regression,2,1,seeded_scaffold_group_balanced,seeded_scaffold_group_balanced,32,cat_60_d8,boosting,-1.1213720690566116,,,,,,,,,,,3.242111600004137
lipo,regression,2,2,seeded_scaffold_group_balanced,seeded_scaffold_group_balanced,32,cat_60_d8,boosting,-1.0391763397195473,,,,,,,,,,,3.6522518999991007
lipo,regression,2,3,seeded_scaffold_group_balanced,seeded_scaffold_group_balanced,32,cat_60_d8,boosting,-1.1254631447891164,,,,,,,,,,,3.370856099994853
lipo,regression,3,1,seeded_scaffold_group_balanced,seeded_scaffold_group_balanced,1,ridge_a0.1,linear,-1.140490904811011,,,,,,,,,,,0.0110169000108726
lipo,regression,3,2,seeded_scaffold_group_balanced,seeded_scaffold_group_balanced,1,ridge_a0.1,linear,-1.1502678012436047,,,,,,,,,,,0.0099591999896802
lipo,regression,3,3,seeded_scaffold_group_balanced,seeded_scaffold_group_balanced,1,ridge_a0.1,linear,-1.100507547329002,,,,,,,,,,,0.0110705000115558
lipo,regression,3,1,seeded_scaffold_group_balanced,seeded_scaffold_group_balanced,2,ridge_a1,linear,-1.129773134127319,,,,,,,,,,,0.0108516000327654
lipo,regression,3,2,seeded_scaffold_group_balanced,seeded_scaffold_group_balanced,2,ridge_a1,linear,-1.1332733075087358,,,,,,,,,,,0.0109860000084154
lipo,regression,3,3,seeded_scaffold_group_balanced,seeded_scaffold_group_balanced,2,ridge_a1,linear,-1.08456033980056,,,,,,,,,,,0.0111279999837279
lipo,regression,3,1,seeded_scaffold_group_balanced,seeded_scaffold_group_balanced,3,ridge_a10,linear,-1.0835385448051305,,,,,,,,,,,0.0111696000094525
lipo,regression,3,2,seeded_scaffold_group_balanced,seeded_scaffold_group_balanced,3,ridge_a10,linear,-1.0503043045857,,,,,,,,,,,0.01165190001484
lipo,regression,3,3,seeded_scaffold_group_balanced,seeded_scaffold_group_balanced,3,ridge_a10,linear,-1.0131666432617878,,,,,,,,,,,0.0105738999554887
lipo,regression,3,1,seeded_scaffold_group_balanced,seeded_scaffold_group_balanced,4,elasticnet_a0.001,linear,-1.1129853198598818,,,,,,,,,,,0.0236929000238887
lipo,regression,3,2,seeded_scaffold_group_balanced,seeded_scaffold_group_balanced,4,elasticnet_a0.001,linear,-1.1032306571780344,,,,,,,,,,,0.0275951999938115
lipo,regression,3,3,seeded_scaffold_group_balanced,seeded_scaffold_group_balanced,4,elasticnet_a0.001,linear,-1.058130348116306,,,,,,,,,,,0.0262598999543115
lipo,regression,3,1,seeded_scaffold_group_balanced,seeded_scaffold_group_balanced,5,rf_60_sqrt,bagging,-1.086346289501852,,,,,,,,,,,0.1056963999872095
lipo,regression,3,2,seeded_scaffold_group_balanced,seeded_scaffold_group_balanced,5,rf_60_sqrt,bagging,-0.9773625177391309,,,,,,,,,,,0.094956400047522
lipo,regression,3,3,seeded_scaffold_group_balanced,seeded_scaffold_group_balanced,5,rf_60_sqrt,bagging,-0.9801728610429076,,,,,,,,,,,0.09371009998722
lipo,regression,3,1,seeded_scaffold_group_balanced,seeded_scaffold_group_balanced,6,rf_90_d12,bagging,-1.143851962457876,,,,,,,,,,,0.1140828999923542
lipo,regression,3,2,seeded_scaffold_group_balanced,seeded_scaffold_group_balanced,6,rf_90_d12,bagging,-1.0187714154503815,,,,,,,,,,,0.1116631000186316
lipo,regression,3,3,seeded_scaffold_group_balanced,seeded_scaffold_group_balanced,6,rf_90_d12,bagging,-1.0257158927534211,,,,,,,,,,,0.1216056999983266
lipo,regression,3,1,seeded_scaffold_group_balanced,seeded_scaffold_group_balanced,7,rf_90_leaf2,bagging,-1.0920468234545624,,,,,,,,,,,0.1230701000313274
lipo,regression,3,2,seeded_scaffold_group_balanced,seeded_scaffold_group_balanced,7,rf_90_leaf2,bagging,-0.9839981611916304,,,,,,,,,,,0.105394400015939
lipo,regression,3,3,seeded_scaffold_group_balanced,seeded_scaffold_group_balanced,7,rf_90_leaf2,bagging,-0.986706377380657,,,,,,,,,,,0.1106313999625854
lipo,regression,3,1,seeded_scaffold_group_balanced,seeded_scaffold_group_balanced,8,rf_120_d20_leaf2,bagging,-1.1100150734521887,,,,,,,,,,,0.1445703999488614
lipo,regression,3,2,seeded_scaffold_group_balanced,seeded_scaffold_group_balanced,8,rf_120_d20_leaf2,bagging,-0.9979683789969804,,,,,,,,,,,0.1422129000420682
lipo,regression,3,3,seeded_scaffold_group_balanced,seeded_scaffold_group_balanced,8,rf_120_d20_leaf2,bagging,-0.9966721123996186,,,,,,,,,,,0.1483970999834127
lipo,regression,3,1,seeded_scaffold_group_balanced,seeded_scaffold_group_balanced,9,et_60_sqrt,bagging,-1.0688154772880083,,,,,,,,,,,0.1030870999675244
lipo,regression,3,2,seeded_scaffold_group_balanced,seeded_scaffold_group_balanced,9,et_60_sqrt,bagging,-0.95546526596596,,,,,,,,,,,0.0908244999591261
lipo,regression,3,3,seeded_scaffold_group_balanced,seeded_scaffold_group_balanced,9,et_60_sqrt,bagging,-0.9504678208448972,,,,,,,,,,,0.0942187999607995
lipo,regression,3,1,seeded_scaffold_group_balanced,seeded_scaffold_group_balanced,10,et_90_d12,bagging,-1.1298495932249752,,,,,,,,,,,0.0878942999988794
lipo,regression,3,2,seeded_scaffold_group_balanced,seeded_scaffold_group_balanced,10,et_90_d12,bagging,-0.9961276148859658,,,,,,,,,,,0.0918752000434324
lipo,regression,3,3,seeded_scaffold_group_balanced,seeded_scaffold_group_balanced,10,et_90_d12,bagging,-1.0129581805347094,,,,,,,,,,,0.0982826999970711
lipo,regression,3,1,seeded_scaffold_group_balanced,seeded_scaffold_group_balanced,11,et_90_leaf2,bagging,-1.0732985271774649,,,,,,,,,,,0.1016205999767407
lipo,regression,3,2,seeded_scaffold_group_balanced,seeded_scaffold_group_balanced,11,et_90_leaf2,bagging,-0.9661527881991469,,,,,,,,,,,0.1119651999906636
lipo,regression,3,3,seeded_scaffold_group_balanced,seeded_scaffold_group_balanced,11,et_90_leaf2,bagging,-0.9624792049889592,,,,,,,,,,,0.0911556999781169
lipo,regression,3,1,seeded_scaffold_group_balanced,seeded_scaffold_group_balanced,12,et_120_d20_leaf2,bagging,-1.0884816887878823,,,,,,,,,,,0.1034086000290699
lipo,regression,3,2,seeded_scaffold_group_balanced,seeded_scaffold_group_balanced,12,et_120_d20_leaf2,bagging,-0.9690799921616692,,,,,,,,,,,0.1185189999523572
lipo,regression,3,3,seeded_scaffold_group_balanced,seeded_scaffold_group_balanced,12,et_120_d20_leaf2,bagging,-0.9687082820948822,,,,,,,,,,,0.1219379000249318
lipo,regression,3,1,seeded_scaffold_group_balanced,seeded_scaffold_group_balanced,13,histgb_lr0.05,boosting,-1.0589936988248383,,,,,,,,,,,1.5491708000190556
lipo,regression,3,2,seeded_scaffold_group_balanced,seeded_scaffold_group_balanced,13,histgb_lr0.05,boosting,-0.9635138853824516,,,,,,,,,,,1.5258739999844693
lipo,regression,3,3,seeded_scaffold_group_balanced,seeded_scaffold_group_balanced,13,histgb_lr0.05,boosting,-0.963874606930932,,,,,,,,,,,1.737723400001414
lipo,regression,3,1,seeded_scaffold_group_balanced,seeded_scaffold_group_balanced,14,histgb_lr0.1,boosting,-1.0277817759219896,,,,,,,,,,,1.2854392000008374
lipo,regression,3,2,seeded_scaffold_group_balanced,seeded_scaffold_group_balanced,14,histgb_lr0.1,boosting,-0.9502680301129768,,,,,,,,,,,0.9575443999492564
lipo,regression,3,3,seeded_scaffold_group_balanced,seeded_scaffold_group_balanced,14,histgb_lr0.1,boosting,-0.9522917846558254,,,,,,,,,,,0.9928842000081204
lipo,regression,3,1,seeded_scaffold_group_balanced,seeded_scaffold_group_balanced,15,gb_lr0.05_d2,boosting,-1.1639627961904455,,,,,,,,,,,0.8855502000078559
lipo,regression,3,2,seeded_scaffold_group_balanced,seeded_scaffold_group_balanced,15,gb_lr0.05_d2,boosting,-1.0449083150061578,,,,,,,,,,,0.7741275000153109
lipo,regression,3,3,seeded_scaffold_group_balanced,seeded_scaffold_group_balanced,15,gb_lr0.05_d2,boosting,-1.0566863042406267,,,,,,,,,,,0.8205966999521479
lipo,regression,3,1,seeded_scaffold_group_balanced,seeded_scaffold_group_balanced,16,gb_lr0.1_d3,boosting,-1.0990312997355465,,,,,,,,,,,1.2062279999954626
lipo,regression,3,2,seeded_scaffold_group_balanced,seeded_scaffold_group_balanced,16,gb_lr0.1_d3,boosting,-0.9931192635127156,,,,,,,,,,,1.2029272000072524
lipo,regression,3,3,seeded_scaffold_group_balanced,seeded_scaffold_group_balanced,16,gb_lr0.1_d3,boosting,-1.0040737256996046,,,,,,,,,,,1.0914394000428729
lipo,regression,3,1,seeded_scaffold_group_balanced,seeded_scaffold_group_balanced,17,lgbm_60_l15,boosting,-1.087698447870821,,,,,,,,,,,0.0646195000153966
lipo,regression,3,2,seeded_scaffold_group_balanced,seeded_scaffold_group_balanced,17,lgbm_60_l15,boosting,-0.9901244586565532,,,,,,,,,,,0.0613354999804869
lipo,regression,3,3,seeded_scaffold_group_balanced,seeded_scaffold_group_balanced,17,lgbm_60_l15,boosting,-0.9902981778666636,,,,,,,,,,,0.0726616999600082
lipo,regression,3,1,seeded_scaffold_group_balanced,seeded_scaffold_group_balanced,18,lgbm_90_l31,boosting,-1.0228983136992895,,,,,,,,,,,0.1156505999970249
lipo,regression,3,2,seeded_scaffold_group_balanced,seeded_scaffold_group_balanced,18,lgbm_90_l31,boosting,-0.9531448544819716,,,,,,,,,,,0.1045617999625392
lipo,regression,3,3,seeded_scaffold_group_balanced,seeded_scaffold_group_balanced,18,lgbm_90_l31,boosting,-0.9337270274943542,,,,,,,,,,,0.0997585000004619
lipo,regression,3,1,seeded_scaffold_group_balanced,seeded_scaffold_group_balanced,19,lgbm_60_l63,boosting,-1.0147208465847397,,,,,,,,,,,0.1107891999999992
lipo,regression,3,2,seeded_scaffold_group_balanced,seeded_scaffold_group_balanced,19,lgbm_60_l63,boosting,-0.9445853068137632,,,,,,,,,,,0.1525631000404246
lipo,regression,3,3,seeded_scaffold_group_balanced,seeded_scaffold_group_balanced,19,lgbm_60_l63,boosting,-0.9193161956834917,,,,,,,,,,,0.1472729999804869
lipo,regression,3,1,seeded_scaffold_group_balanced,seeded_scaffold_group_balanced,20,lgbm_100_leaf10,boosting,-1.0424620750225913,,,,,,,,,,,0.1516415000078268
lipo,regression,3,2,seeded_scaffold_group_balanced,seeded_scaffold_group_balanced,20,lgbm_100_leaf10,boosting,-0.9540088625701668,,,,,,,,,,,0.1475811999989673
lipo,regression,3,3,seeded_scaffold_group_balanced,seeded_scaffold_group_balanced,20,lgbm_100_leaf10,boosting,-0.9349661316891232,,,,,,,,,,,0.122695299971383
lipo,regression,3,1,seeded_scaffold_group_balanced,seeded_scaffold_group_balanced,21,lgbm_100_leaf30,boosting,-1.0209052260147022,,,,,,,,,,,0.1131504999939352
lipo,regression,3,2,seeded_scaffold_group_balanced,seeded_scaffold_group_balanced,21,lgbm_100_leaf30,boosting,-0.946832511710402,,,,,,,,,,,0.1115946000209078
lipo,regression,3,3,seeded_scaffold_group_balanced,seeded_scaffold_group_balanced,21,lgbm_100_leaf30,boosting,-0.9299076771257208,,,,,,,,,,,0.1407241999986581
lipo,regression,3,1,seeded_scaffold_group_balanced,seeded_scaffold_group_balanced,22,lgbm_80_ff0.7,boosting,-1.0104319549529404,,,,,,,,,,,0.1463913000188768
lipo,regression,3,2,seeded_scaffold_group_balanced,seeded_scaffold_group_balanced,22,lgbm_80_ff0.7,boosting,-0.9380404891976932,,,,,,,,,,,0.1160450999741442
lipo,regression,3,3,seeded_scaffold_group_balanced,seeded_scaffold_group_balanced,22,lgbm_80_ff0.7,boosting,-0.921107822479211,,,,,,,,,,,0.1172095000511035
lipo,regression,3,1,seeded_scaffold_group_balanced,seeded_scaffold_group_balanced,23,lgbm_80_bag0.8,boosting,-1.01773190543243,,,,,,,,,,,0.1136403999989852
lipo,regression,3,2,seeded_scaffold_group_balanced,seeded_scaffold_group_balanced,23,lgbm_80_bag0.8,boosting,-0.925618856018058,,,,,,,,,,,0.109881000011228
lipo,regression,3,3,seeded_scaffold_group_balanced,seeded_scaffold_group_balanced,23,lgbm_80_bag0.8,boosting,-0.9296308529454312,,,,,,,,,,,0.1058927999692969
lipo,regression,3,1,seeded_scaffold_group_balanced,seeded_scaffold_group_balanced,24,lgbm_120_l15,boosting,-1.0613568441250807,,,,,,,,,,,0.0899988000164739
lipo,regression,3,2,seeded_scaffold_group_balanced,seeded_scaffold_group_balanced,24,lgbm_120_l15,boosting,-0.9703008362619696,,,,,,,,,,,0.1381653000134974
lipo,regression,3,3,seeded_scaffold_group_balanced,seeded_scaffold_group_balanced,24,lgbm_120_l15,boosting,-0.9660526958931606,,,,,,,,,,,0.1032837000093422
lipo,regression,3,1,seeded_scaffold_group_balanced,seeded_scaffold_group_balanced,25,xgb_60_d3,boosting,-1.1234711894067917,,,,,,,,,,,0.0834792000241577
lipo,regression,3,2,seeded_scaffold_group_balanced,seeded_scaffold_group_balanced,25,xgb_60_d3,boosting,-1.019914319406807,,,,,,,,,,,0.0966130999731831
lipo,regression,3,3,seeded_scaffold_group_balanced,seeded_scaffold_group_balanced,25,xgb_60_d3,boosting,-1.0271663431310536,,,,,,,,,,,0.0977036000113003
lipo,regression,3,1,seeded_scaffold_group_balanced,seeded_scaffold_group_balanced,26,xgb_80_d5,boosting,-1.0890019024032715,,,,,,,,,,,0.1526316000381484
lipo,regression,3,2,seeded_scaffold_group_balanced,seeded_scaffold_group_balanced,26,xgb_80_d5,boosting,-0.9826633962149528,,,,,,,,,,,0.1464123000041581
lipo,regression,3,3,seeded_scaffold_group_balanced,seeded_scaffold_group_balanced,26,xgb_80_d5,boosting,-0.9897042064569996,,,,,,,,,,,0.1325897999922745
lipo,regression,3,1,seeded_scaffold_group_balanced,seeded_scaffold_group_balanced,27,xgb_100_d3,boosting,-1.1239532289545404,,,,,,,,,,,0.1179951000376604
lipo,regression,3,2,seeded_scaffold_group_balanced,seeded_scaffold_group_balanced,27,xgb_100_d3,boosting,-1.0133875893265258,,,,,,,,,,,0.1199308999930508
lipo,regression,3,3,seeded_scaffold_group_balanced,seeded_scaffold_group_balanced,27,xgb_100_d3,boosting,-1.0186013203547777,,,,,,,,,,,0.1296397999976761
lipo,regression,3,1,seeded_scaffold_group_balanced,seeded_scaffold_group_balanced,28,xgb_60_d6,boosting,-1.069635358164139,,,,,,,,,,,0.1357529999804683
lipo,regression,3,2,seeded_scaffold_group_balanced,seeded_scaffold_group_balanced,28,xgb_60_d6,boosting,-0.9748007417337574,,,,,,,,,,,0.143131099990569
lipo,regression,3,3,seeded_scaffold_group_balanced,seeded_scaffold_group_balanced,28,xgb_60_d6,boosting,-0.9681266764993128,,,,,,,,,,,0.1360446999897249
lipo,regression,3,1,seeded_scaffold_group_balanced,seeded_scaffold_group_balanced,29,cat_60_d4,boosting,-1.1507465614609789,,,,,,,,,,,0.3252905000117607
lipo,regression,3,2,seeded_scaffold_group_balanced,seeded_scaffold_group_balanced,29,cat_60_d4,boosting,-1.03283621291599,,,,,,,,,,,0.3220528999809176
lipo,regression,3,3,seeded_scaffold_group_balanced,seeded_scaffold_group_balanced,29,cat_60_d4,boosting,-1.0451062062838896,,,,,,,,,,,0.3284363000420853
lipo,regression,3,1,seeded_scaffold_group_balanced,seeded_scaffold_group_balanced,30,cat_80_d6,boosting,-1.1351900905508856,,,,,,,,,,,1.377668100001756
lipo,regression,3,2,seeded_scaffold_group_balanced,seeded_scaffold_group_balanced,30,cat_80_d6,boosting,-1.008384302947245,,,,,,,,,,,1.3889311999664642
lipo,regression,3,3,seeded_scaffold_group_balanced,seeded_scaffold_group_balanced,30,cat_80_d6,boosting,-1.0227246774803296,,,,,,,,,,,1.4860163000412283
lipo,regression,3,1,seeded_scaffold_group_balanced,seeded_scaffold_group_balanced,31,cat_100_d4,boosting,-1.150911199736428,,,,,,,,,,,0.6342623999807984
lipo,regression,3,2,seeded_scaffold_group_balanced,seeded_scaffold_group_balanced,31,cat_100_d4,boosting,-1.0268446713290278,,,,,,,,,,,0.6084115999983624
lipo,regression,3,3,seeded_scaffold_group_balanced,seeded_scaffold_group_balanced,31,cat_100_d4,boosting,-1.0365456923059686,,,,,,,,,,,0.5946632999693975
lipo,regression,3,1,seeded_scaffold_group_balanced,seeded_scaffold_group_balanced,32,cat_60_d8,boosting,-1.1163794664179425,,,,,,,,,,,3.0476548000006005
lipo,regression,3,2,seeded_scaffold_group_balanced,seeded_scaffold_group_balanced,32,cat_60_d8,boosting,-1.0063728869750272,,,,,,,,,,,3.145846100000199
lipo,regression,3,3,seeded_scaffold_group_balanced,seeded_scaffold_group_balanced,32,cat_60_d8,boosting,-1.0010677795559233,,,,,,,,,,,3.1118695000186563
tdc_caco2_wang,regression,1,1,seeded_scaffold_group_balanced,seeded_scaffold_group_balanced,1,ridge_a0.1,linear,-0.9466373653994372,,,,,,,,,,,0.0036411000182852
tdc_caco2_wang,regression,1,2,seeded_scaffold_group_balanced,seeded_scaffold_group_balanced,1,ridge_a0.1,linear,-0.9113618773029436,,,,,,,,,,,0.003660199989099
tdc_caco2_wang,regression,1,3,seeded_scaffold_group_balanced,seeded_scaffold_group_balanced,1,ridge_a0.1,linear,-0.9755495434211592,,,,,,,,,,,0.0041547999717295
tdc_caco2_wang,regression,1,1,seeded_scaffold_group_balanced,seeded_scaffold_group_balanced,2,ridge_a1,linear,-0.6987758069162872,,,,,,,,,,,0.0033046000171452
tdc_caco2_wang,regression,1,2,seeded_scaffold_group_balanced,seeded_scaffold_group_balanced,2,ridge_a1,linear,-0.6965180926966987,,,,,,,,,,,0.0041045999969355
tdc_caco2_wang,regression,1,3,seeded_scaffold_group_balanced,seeded_scaffold_group_balanced,2,ridge_a1,linear,-0.7219455374570581,,,,,,,,,,,0.0032562999986112
tdc_caco2_wang,regression,1,1,seeded_scaffold_group_balanced,seeded_scaffold_group_balanced,3,ridge_a10,linear,-0.5868648480739335,,,,,,,,,,,0.002933399984613
tdc_caco2_wang,regression,1,2,seeded_scaffold_group_balanced,seeded_scaffold_group_balanced,3,ridge_a10,linear,-0.5790797382277486,,,,,,,,,,,0.0031463999766856
tdc_caco2_wang,regression,1,3,seeded_scaffold_group_balanced,seeded_scaffold_group_balanced,3,ridge_a10,linear,-0.6075224820400704,,,,,,,,,,,0.0029274999978952
tdc_caco2_wang,regression,1,1,seeded_scaffold_group_balanced,seeded_scaffold_group_balanced,4,elasticnet_a0.001,linear,-0.7346600038666218,,,,,,,,,,,0.030691799998749
tdc_caco2_wang,regression,1,2,seeded_scaffold_group_balanced,seeded_scaffold_group_balanced,4,elasticnet_a0.001,linear,-0.7270427976246684,,,,,,,,,,,0.0416858000098727
tdc_caco2_wang,regression,1,3,seeded_scaffold_group_balanced,seeded_scaffold_group_balanced,4,elasticnet_a0.001,linear,-0.7804102642706735,,,,,,,,,,,0.0480544000165537
tdc_caco2_wang,regression,1,1,seeded_scaffold_group_balanced,seeded_scaffold_group_balanced,5,rf_60_sqrt,bagging,-0.5942982193969794,,,,,,,,,,,0.0682980000274255
tdc_caco2_wang,regression,1,2,seeded_scaffold_group_balanced,seeded_scaffold_group_balanced,5,rf_60_sqrt,bagging,-0.5601903518847913,,,,,,,,,,,0.0653955999878235
tdc_caco2_wang,regression,1,3,seeded_scaffold_group_balanced,seeded_scaffold_group_balanced,5,rf_60_sqrt,bagging,-0.7042028324473669,,,,,,,,,,,0.0716235000290907
tdc_caco2_wang,regression,1,1,seeded_scaffold_group_balanced,seeded_scaffold_group_balanced,6,rf_90_d12,bagging,-0.6085175284635015,,,,,,,,,,,0.0838190999929793
tdc_caco2_wang,regression,1,2,seeded_scaffold_group_balanced,seeded_scaffold_group_balanced,6,rf_90_d12,bagging,-0.5660538288432592,,,,,,,,,,,0.092200800019782
tdc_caco2_wang,regression,1,3,seeded_scaffold_group_balanced,seeded_scaffold_group_balanced,6,rf_90_d12,bagging,-0.696633424777994,,,,,,,,,,,0.0916995000443421
tdc_caco2_wang,regression,1,1,seeded_scaffold_group_balanced,seeded_scaffold_group_balanced,7,rf_90_leaf2,bagging,-0.6114619792856832,,,,,,,,,,,0.0966233000508509
tdc_caco2_wang,regression,1,2,seeded_scaffold_group_balanced,seeded_scaffold_group_balanced,7,rf_90_leaf2,bagging,-0.5682436254901252,,,,,,,,,,,0.1209252999979071
tdc_caco2_wang,regression,1,3,seeded_scaffold_group_balanced,seeded_scaffold_group_balanced,7,rf_90_leaf2,bagging,-0.7046644861780701,,,,,,,,,,,0.1316360000055283
tdc_caco2_wang,regression,1,1,seeded_scaffold_group_balanced,seeded_scaffold_group_balanced,8,rf_120_d20_leaf2,bagging,-0.6129169163491562,,,,,,,,,,,0.1511028999811969
tdc_caco2_wang,regression,1,2,seeded_scaffold_group_balanced,seeded_scaffold_group_balanced,8,rf_120_d20_leaf2,bagging,-0.5658985192233459,,,,,,,,,,,0.1477358000120148
tdc_caco2_wang,regression,1,3,seeded_scaffold_group_balanced,seeded_scaffold_group_balanced,8,rf_120_d20_leaf2,bagging,-0.7039738839706415,,,,,,,,,,,0.1597374000120908
tdc_caco2_wang,regression,1,1,seeded_scaffold_group_balanced,seeded_scaffold_group_balanced,9,et_60_sqrt,bagging,-0.5830967737190412,,,,,,,,,,,0.0617752999532967
tdc_caco2_wang,regression,1,2,seeded_scaffold_group_balanced,seeded_scaffold_group_balanced,9,et_60_sqrt,bagging,-0.5561928406304679,,,,,,,,,,,0.0694277999573387
tdc_caco2_wang,regression,1,3,seeded_scaffold_group_balanced,seeded_scaffold_group_balanced,9,et_60_sqrt,bagging,-0.6511800800769437,,,,,,,,,,,0.0620301000308245
tdc_caco2_wang,regression,1,1,seeded_scaffold_group_balanced,seeded_scaffold_group_balanced,10,et_90_d12,bagging,-0.610181156588921,,,,,,,,,,,0.0870835999958217
tdc_caco2_wang,regression,1,2,seeded_scaffold_group_balanced,seeded_scaffold_group_balanced,10,et_90_d12,bagging,-0.563266601546785,,,,,,,,,,,0.0851553999818861
tdc_caco2_wang,regression,1,3,seeded_scaffold_group_balanced,seeded_scaffold_group_balanced,10,et_90_d12,bagging,-0.6931936636030759,,,,,,,,,,,0.0910746000008657
tdc_caco2_wang,regression,1,1,seeded_scaffold_group_balanced,seeded_scaffold_group_balanced,11,et_90_leaf2,bagging,-0.6045033918144541,,,,,,,,,,,0.0794223999837413
tdc_caco2_wang,regression,1,2,seeded_scaffold_group_balanced,seeded_scaffold_group_balanced,11,et_90_leaf2,bagging,-0.5544241693006248,,,,,,,,,,,0.0798821999924257
tdc_caco2_wang,regression,1,3,seeded_scaffold_group_balanced,seeded_scaffold_group_balanced,11,et_90_leaf2,bagging,-0.6905554351959045,,,,,,,,,,,0.0952121000154875
tdc_caco2_wang,regression,1,1,seeded_scaffold_group_balanced,seeded_scaffold_group_balanced,12,et_120_d20_leaf2,bagging,-0.5951227114183717,,,,,,,,,,,0.1153188000316731
tdc_caco2_wang,regression,1,2,seeded_scaffold_group_balanced,seeded_scaffold_group_balanced,12,et_120_d20_leaf2,bagging,-0.5620239029109028,,,,,,,,,,,0.104985799989663
tdc_caco2_wang,regression,1,3,seeded_scaffold_group_balanced,seeded_scaffold_group_balanced,12,et_120_d20_leaf2,bagging,-0.6878565367743477,,,,,,,,,,,0.1049573000054806
tdc_caco2_wang,regression,1,1,seeded_scaffold_group_balanced,seeded_scaffold_group_balanced,13,histgb_lr0.05,boosting,-0.5836067294428388,,,,,,,,,,,1.1733103000442495
tdc_caco2_wang,regression,1,2,seeded_scaffold_group_balanced,seeded_scaffold_group_balanced,13,histgb_lr0.05,boosting,-0.5452329283231668,,,,,,,,,,,1.1860612000455149
tdc_caco2_wang,regression,1,3,seeded_scaffold_group_balanced,seeded_scaffold_group_balanced,13,histgb_lr0.05,boosting,-0.6515843872266447,,,,,,,,,,,1.1639820000273176
tdc_caco2_wang,regression,1,1,seeded_scaffold_group_balanced,seeded_scaffold_group_balanced,14,histgb_lr0.1,boosting,-0.5784670621807365,,,,,,,,,,,0.8936937000253238
tdc_caco2_wang,regression,1,2,seeded_scaffold_group_balanced,seeded_scaffold_group_balanced,14,histgb_lr0.1,boosting,-0.5465256883247076,,,,,,,,,,,0.6849006999982521
tdc_caco2_wang,regression,1,3,seeded_scaffold_group_balanced,seeded_scaffold_group_balanced,14,histgb_lr0.1,boosting,-0.6668530545251229,,,,,,,,,,,0.7011346000363119
tdc_caco2_wang,regression,1,1,seeded_scaffold_group_balanced,seeded_scaffold_group_balanced,15,gb_lr0.05_d2,boosting,-0.6501921047850041,,,,,,,,,,,0.1791920000105165
tdc_caco2_wang,regression,1,2,seeded_scaffold_group_balanced,seeded_scaffold_group_balanced,15,gb_lr0.05_d2,boosting,-0.5869347760595757,,,,,,,,,,,0.1822100999997928
tdc_caco2_wang,regression,1,3,seeded_scaffold_group_balanced,seeded_scaffold_group_balanced,15,gb_lr0.05_d2,boosting,-0.7042247816552982,,,,,,,,,,,0.2100982000119984
tdc_caco2_wang,regression,1,1,seeded_scaffold_group_balanced,seeded_scaffold_group_balanced,16,gb_lr0.1_d3,boosting,-0.6131358921332408,,,,,,,,,,,0.2613284999970346
tdc_caco2_wang,regression,1,2,seeded_scaffold_group_balanced,seeded_scaffold_group_balanced,16,gb_lr0.1_d3,boosting,-0.537934829802005,,,,,,,,,,,0.2821740999934263
tdc_caco2_wang,regression,1,3,seeded_scaffold_group_balanced,seeded_scaffold_group_balanced,16,gb_lr0.1_d3,boosting,-0.6522627895167074,,,,,,,,,,,0.3344852000009268
tdc_caco2_wang,regression,1,1,seeded_scaffold_group_balanced,seeded_scaffold_group_balanced,17,lgbm_60_l15,boosting,-0.6004674925649034,,,,,,,,,,,0.0551913999952375
tdc_caco2_wang,regression,1,2,seeded_scaffold_group_balanced,seeded_scaffold_group_balanced,17,lgbm_60_l15,boosting,-0.5539845513131959,,,,,,,,,,,0.0502242999500595
tdc_caco2_wang,regression,1,3,seeded_scaffold_group_balanced,seeded_scaffold_group_balanced,17,lgbm_60_l15,boosting,-0.6833150050626807,,,,,,,,,,,0.0549684999859891
tdc_caco2_wang,regression,1,1,seeded_scaffold_group_balanced,seeded_scaffold_group_balanced,18,lgbm_90_l31,boosting,-0.5835756754301015,,,,,,,,,,,0.0947168999700807
tdc_caco2_wang,regression,1,2,seeded_scaffold_group_balanced,seeded_scaffold_group_balanced,18,lgbm_90_l31,boosting,-0.5388798015022197,,,,,,,,,,,0.0661174000124447
tdc_caco2_wang,regression,1,3,seeded_scaffold_group_balanced,seeded_scaffold_group_balanced,18,lgbm_90_l31,boosting,-0.6792957576985948,,,,,,,,,,,0.06331759999739
tdc_caco2_wang,regression,1,1,seeded_scaffold_group_balanced,seeded_scaffold_group_balanced,19,lgbm_60_l63,boosting,-0.5798866406715527,,,,,,,,,,,0.0476485000108368
tdc_caco2_wang,regression,1,2,seeded_scaffold_group_balanced,seeded_scaffold_group_balanced,19,lgbm_60_l63,boosting,-0.5455737400521211,,,,,,,,,,,0.0590556000242941
tdc_caco2_wang,regression,1,3,seeded_scaffold_group_balanced,seeded_scaffold_group_balanced,19,lgbm_60_l63,boosting,-0.6904762417981345,,,,,,,,,,,0.0527751999907195
tdc_caco2_wang,regression,1,1,seeded_scaffold_group_balanced,seeded_scaffold_group_balanced,20,lgbm_100_leaf10,boosting,-0.6077194782639446,,,,,,,,,,,0.1472656999831088
tdc_caco2_wang,regression,1,2,seeded_scaffold_group_balanced,seeded_scaffold_group_balanced,20,lgbm_100_leaf10,boosting,-0.540372145007217,,,,,,,,,,,0.1331712000537663
tdc_caco2_wang,regression,1,3,seeded_scaffold_group_balanced,seeded_scaffold_group_balanced,20,lgbm_100_leaf10,boosting,-0.581996305326709,,,,,,,,,,,0.121950700005982
tdc_caco2_wang,regression,1,1,seeded_scaffold_group_balanced,seeded_scaffold_group_balanced,21,lgbm_100_leaf30,boosting,-0.603733929381887,,,,,,,,,,,0.0434708999819122
tdc_caco2_wang,regression,1,2,seeded_scaffold_group_balanced,seeded_scaffold_group_balanced,21,lgbm_100_leaf30,boosting,-0.546422026778088,,,,,,,,,,,0.049178099958226
tdc_caco2_wang,regression,1,3,seeded_scaffold_group_balanced,seeded_scaffold_group_balanced,21,lgbm_100_leaf30,boosting,-0.6571323377120454,,,,,,,,,,,0.063182300014887
tdc_caco2_wang,regression,1,1,seeded_scaffold_group_balanced,seeded_scaffold_group_balanced,22,lgbm_80_ff0.7,boosting,-0.5856062054329821,,,,,,,,,,,0.0845986999920569
tdc_caco2_wang,regression,1,2,seeded_scaffold_group_balanced,seeded_scaffold_group_balanced,22,lgbm_80_ff0.7,boosting,-0.537352636843984,,,,,,,,,,,0.0679663000046275
tdc_caco2_wang,regression,1,3,seeded_scaffold_group_balanced,seeded_scaffold_group_balanced,22,lgbm_80_ff0.7,boosting,-0.6729696773051406,,,,,,,,,,,0.1440274000051431
tdc_caco2_wang,regression,1,1,seeded_scaffold_group_balanced,seeded_scaffold_group_balanced,23,lgbm_80_bag0.8,boosting,-0.5982311416327064,,,,,,,,,,,0.0707110000075772
tdc_caco2_wang,regression,1,2,seeded_scaffold_group_balanced,seeded_scaffold_group_balanced,23,lgbm_80_bag0.8,boosting,-0.5459407313358076,,,,,,,,,,,0.0552263999707065
tdc_caco2_wang,regression,1,3,seeded_scaffold_group_balanced,seeded_scaffold_group_balanced,23,lgbm_80_bag0.8,boosting,-0.658993779207014,,,,,,,,,,,0.0624378999928012
tdc_caco2_wang,regression,1,1,seeded_scaffold_group_balanced,seeded_scaffold_group_balanced,24,lgbm_120_l15,boosting,-0.5871400390135668,,,,,,,,,,,0.0983058999991044
tdc_caco2_wang,regression,1,2,seeded_scaffold_group_balanced,seeded_scaffold_group_balanced,24,lgbm_120_l15,boosting,-0.5477415546175383,,,,,,,,,,,0.0962203999515622
tdc_caco2_wang,regression,1,3,seeded_scaffold_group_balanced,seeded_scaffold_group_balanced,24,lgbm_120_l15,boosting,-0.6743177442696029,,,,,,,,,,,0.1144187999889254
tdc_caco2_wang,regression,1,1,seeded_scaffold_group_balanced,seeded_scaffold_group_balanced,25,xgb_60_d3,boosting,-0.5956763504799737,,,,,,,,,,,0.0606950999936088
tdc_caco2_wang,regression,1,2,seeded_scaffold_group_balanced,seeded_scaffold_group_balanced,25,xgb_60_d3,boosting,-0.5471712040422163,,,,,,,,,,,0.050301200011745
tdc_caco2_wang,regression,1,3,seeded_scaffold_group_balanced,seeded_scaffold_group_balanced,25,xgb_60_d3,boosting,-0.6497428335849154,,,,,,,,,,,0.0473116000066511
tdc_caco2_wang,regression,1,1,seeded_scaffold_group_balanced,seeded_scaffold_group_balanced,26,xgb_80_d5,boosting,-0.5714127929013512,,,,,,,,,,,0.0706198000116273
tdc_caco2_wang,regression,1,2,seeded_scaffold_group_balanced,seeded_scaffold_group_balanced,26,xgb_80_d5,boosting,-0.5304441966277478,,,,,,,,,,,0.0794144999817945
tdc_caco2_wang,regression,1,3,seeded_scaffold_group_balanced,seeded_scaffold_group_balanced,26,xgb_80_d5,boosting,-0.6206657400531114,,,,,,,,,,,0.0780025999993085
tdc_caco2_wang,regression,1,1,seeded_scaffold_group_balanced,seeded_scaffold_group_balanced,27,xgb_100_d3,boosting,-0.5846176513142204,,,,,,,,,,,0.0655742000089958
tdc_caco2_wang,regression,1,2,seeded_scaffold_group_balanced,seeded_scaffold_group_balanced,27,xgb_100_d3,boosting,-0.5438142417638298,,,,,,,,,,,0.0622496000141836
tdc_caco2_wang,regression,1,3,seeded_scaffold_group_balanced,seeded_scaffold_group_balanced,27,xgb_100_d3,boosting,-0.6483420711011664,,,,,,,,,,,0.0691271999967284
tdc_caco2_wang,regression,1,1,seeded_scaffold_group_balanced,seeded_scaffold_group_balanced,28,xgb_60_d6,boosting,-0.5902343652789,,,,,,,,,,,0.0688433999894186
tdc_caco2_wang,regression,1,2,seeded_scaffold_group_balanced,seeded_scaffold_group_balanced,28,xgb_60_d6,boosting,-0.5410887457829091,,,,,,,,,,,0.0726657999912276
tdc_caco2_wang,regression,1,3,seeded_scaffold_group_balanced,seeded_scaffold_group_balanced,28,xgb_60_d6,boosting,-0.6220267706662058,,,,,,,,,,,0.0746471000020392
tdc_caco2_wang,regression,1,1,seeded_scaffold_group_balanced,seeded_scaffold_group_balanced,29,cat_60_d4,boosting,-0.6247182126895638,,,,,,,,,,,0.177294900000561
tdc_caco2_wang,regression,1,2,seeded_scaffold_group_balanced,seeded_scaffold_group_balanced,29,cat_60_d4,boosting,-0.5615898219478513,,,,,,,,,,,0.1568958000279963
tdc_caco2_wang,regression,1,3,seeded_scaffold_group_balanced,seeded_scaffold_group_balanced,29,cat_60_d4,boosting,-0.7051141394367823,,,,,,,,,,,0.14686190005159
tdc_caco2_wang,regression,1,1,seeded_scaffold_group_balanced,seeded_scaffold_group_balanced,30,cat_80_d6,boosting,-0.6034371008779701,,,,,,,,,,,0.4687475999817252
tdc_caco2_wang,regression,1,2,seeded_scaffold_group_balanced,seeded_scaffold_group_balanced,30,cat_80_d6,boosting,-0.5730901122075697,,,,,,,,,,,0.4951202999800443
tdc_caco2_wang,regression,1,3,seeded_scaffold_group_balanced,seeded_scaffold_group_balanced,30,cat_80_d6,boosting,-0.6885540144264071,,,,,,,,,,,0.4476532000117004
tdc_caco2_wang,regression,1,1,seeded_scaffold_group_balanced,seeded_scaffold_group_balanced,31,cat_100_d4,boosting,-0.6168174276030519,,,,,,,,,,,0.2437522999825887
tdc_caco2_wang,regression,1,2,seeded_scaffold_group_balanced,seeded_scaffold_group_balanced,31,cat_100_d4,boosting,-0.5627443631322386,,,,,,,,,,,0.2286434000125154
tdc_caco2_wang,regression,1,3,seeded_scaffold_group_balanced,seeded_scaffold_group_balanced,31,cat_100_d4,boosting,-0.6925210136012998,,,,,,,,,,,0.2212790999910794
tdc_caco2_wang,regression,1,1,seeded_scaffold_group_balanced,seeded_scaffold_group_balanced,32,cat_60_d8,boosting,-0.6167583383810561,,,,,,,,,,,1.076731999986805
tdc_caco2_wang,regression,1,2,seeded_scaffold_group_balanced,seeded_scaffold_group_balanced,32,cat_60_d8,boosting,-0.5724405708664734,,,,,,,,,,,1.0935446999501437
tdc_caco2_wang,regression,1,3,seeded_scaffold_group_balanced,seeded_scaffold_group_balanced,32,cat_60_d8,boosting,-0.6991206751567968,,,,,,,,,,,1.1159223999711685
tdc_caco2_wang,regression,2,1,seeded_scaffold_group_balanced,seeded_scaffold_group_balanced,1,ridge_a0.1,linear,-0.9530208887896238,,,,,,,,,,,0.0035451999865472
tdc_caco2_wang,regression,2,2,seeded_scaffold_group_balanced,seeded_scaffold_group_balanced,1,ridge_a0.1,linear,-1.2954266912707075,,,,,,,,,,,0.0029216000111773
tdc_caco2_wang,regression,2,3,seeded_scaffold_group_balanced,seeded_scaffold_group_balanced,1,ridge_a0.1,linear,-0.9235878164539674,,,,,,,,,,,0.0029114999924786
tdc_caco2_wang,regression,2,1,seeded_scaffold_group_balanced,seeded_scaffold_group_balanced,2,ridge_a1,linear,-0.7750458393677392,,,,,,,,,,,0.0030084000318311
tdc_caco2_wang,regression,2,2,seeded_scaffold_group_balanced,seeded_scaffold_group_balanced,2,ridge_a1,linear,-0.8250680417076425,,,,,,,,,,,0.0032631999929435
tdc_caco2_wang,regression,2,3,seeded_scaffold_group_balanced,seeded_scaffold_group_balanced,2,ridge_a1,linear,-0.7443915296189103,,,,,,,,,,,0.002868200012017
tdc_caco2_wang,regression,2,1,seeded_scaffold_group_balanced,seeded_scaffold_group_balanced,3,ridge_a10,linear,-0.6898228254564854,,,,,,,,,,,0.0035417000181041
tdc_caco2_wang,regression,2,2,seeded_scaffold_group_balanced,seeded_scaffold_group_balanced,3,ridge_a10,linear,-0.5653428847029021,,,,,,,,,,,0.0031100999913178
tdc_caco2_wang,regression,2,3,seeded_scaffold_group_balanced,seeded_scaffold_group_balanced,3,ridge_a10,linear,-0.6204633044833343,,,,,,,,,,,0.0030991999665275
tdc_caco2_wang,regression,2,1,seeded_scaffold_group_balanced,seeded_scaffold_group_balanced,4,elasticnet_a0.001,linear,-0.8376640758638915,,,,,,,,,,,0.0944156000041402
tdc_caco2_wang,regression,2,2,seeded_scaffold_group_balanced,seeded_scaffold_group_balanced,4,elasticnet_a0.001,linear,-0.828229972003765,,,,,,,,,,,0.0441956999711692
tdc_caco2_wang,regression,2,3,seeded_scaffold_group_balanced,seeded_scaffold_group_balanced,4,elasticnet_a0.001,linear,-0.7716796602038039,,,,,,,,,,,0.0636944999569095
tdc_caco2_wang,regression,2,1,seeded_scaffold_group_balanced,seeded_scaffold_group_balanced,5,rf_60_sqrt,bagging,-0.7515000006695621,,,,,,,,,,,0.0848551000235602
tdc_caco2_wang,regression,2,2,seeded_scaffold_group_balanced,seeded_scaffold_group_balanced,5,rf_60_sqrt,bagging,-0.5047602733044908,,,,,,,,,,,0.0887080000247806
tdc_caco2_wang,regression,2,3,seeded_scaffold_group_balanced,seeded_scaffold_group_balanced,5,rf_60_sqrt,bagging,-0.656197693037676,,,,,,,,,,,0.0834923000074923
tdc_caco2_wang,regression,2,1,seeded_scaffold_group_balanced,seeded_scaffold_group_balanced,6,rf_90_d12,bagging,-0.762126436694882,,,,,,,,,,,0.114831699989736
tdc_caco2_wang,regression,2,2,seeded_scaffold_group_balanced,seeded_scaffold_group_balanced,6,rf_90_d12,bagging,-0.5459103284649361,,,,,,,,,,,0.0982354000443592
tdc_caco2_wang,regression,2,3,seeded_scaffold_group_balanced,seeded_scaffold_group_balanced,6,rf_90_d12,bagging,-0.6654939717043249,,,,,,,,,,,0.0894791000173427
tdc_caco2_wang,regression,2,1,seeded_scaffold_group_balanced,seeded_scaffold_group_balanced,7,rf_90_leaf2,bagging,-0.7715982847650052,,,,,,,,,,,0.0886025999789126
tdc_caco2_wang,regression,2,2,seeded_scaffold_group_balanced,seeded_scaffold_group_balanced,7,rf_90_leaf2,bagging,-0.5357041085567,,,,,,,,,,,0.0925798999960534
tdc_caco2_wang,regression,2,3,seeded_scaffold_group_balanced,seeded_scaffold_group_balanced,7,rf_90_leaf2,bagging,-0.6585793892396448,,,,,,,,,,,0.0953605999820865
tdc_caco2_wang,regression,2,1,seeded_scaffold_group_balanced,seeded_scaffold_group_balanced,8,rf_120_d20_leaf2,bagging,-0.7649505201038485,,,,,,,,,,,0.1177604999975301
tdc_caco2_wang,regression,2,2,seeded_scaffold_group_balanced,seeded_scaffold_group_balanced,8,rf_120_d20_leaf2,bagging,-0.5349925782187314,,,,,,,,,,,0.1130618999595753
tdc_caco2_wang,regression,2,3,seeded_scaffold_group_balanced,seeded_scaffold_group_balanced,8,rf_120_d20_leaf2,bagging,-0.6559718645722894,,,,,,,,,,,0.1118913000100292
tdc_caco2_wang,regression,2,1,seeded_scaffold_group_balanced,seeded_scaffold_group_balanced,9,et_60_sqrt,bagging,-0.7202001629342399,,,,,,,,,,,0.0512238999945111
tdc_caco2_wang,regression,2,2,seeded_scaffold_group_balanced,seeded_scaffold_group_balanced,9,et_60_sqrt,bagging,-0.5252318616093682,,,,,,,,,,,0.0518501999904401
tdc_caco2_wang,regression,2,3,seeded_scaffold_group_balanced,seeded_scaffold_group_balanced,9,et_60_sqrt,bagging,-0.641881448745731,,,,,,,,,,,0.0555247000302188
tdc_caco2_wang,regression,2,1,seeded_scaffold_group_balanced,seeded_scaffold_group_balanced,10,et_90_d12,bagging,-0.7311697615130279,,,,,,,,,,,0.0660529999877326
tdc_caco2_wang,regression,2,2,seeded_scaffold_group_balanced,seeded_scaffold_group_balanced,10,et_90_d12,bagging,-0.5289417713639782,,,,,,,,,,,0.0690484999795444
tdc_caco2_wang,regression,2,3,seeded_scaffold_group_balanced,seeded_scaffold_group_balanced,10,et_90_d12,bagging,-0.658594847329799,,,,,,,,,,,0.0722297999891452
tdc_caco2_wang,regression,2,1,seeded_scaffold_group_balanced,seeded_scaffold_group_balanced,11,et_90_leaf2,bagging,-0.7208168376497963,,,,,,,,,,,0.0586060999776236
tdc_caco2_wang,regression,2,2,seeded_scaffold_group_balanced,seeded_scaffold_group_balanced,11,et_90_leaf2,bagging,-0.525448904978279,,,,,,,,,,,0.0695039000129327
tdc_caco2_wang,regression,2,3,seeded_scaffold_group_balanced,seeded_scaffold_group_balanced,11,et_90_leaf2,bagging,-0.6492671547824118,,,,,,,,,,,0.0695817000232636
tdc_caco2_wang,regression,2,1,seeded_scaffold_group_balanced,seeded_scaffold_group_balanced,12,et_120_d20_leaf2,bagging,-0.731256948120685,,,,,,,,,,,0.0935862999758683
tdc_caco2_wang,regression,2,2,seeded_scaffold_group_balanced,seeded_scaffold_group_balanced,12,et_120_d20_leaf2,bagging,-0.5312393035351468,,,,,,,,,,,0.0847786999656818
tdc_caco2_wang,regression,2,3,seeded_scaffold_group_balanced,seeded_scaffold_group_balanced,12,et_120_d20_leaf2,bagging,-0.646330596160385,,,,,,,,,,,0.076430499961134
tdc_caco2_wang,regression,2,1,seeded_scaffold_group_balanced,seeded_scaffold_group_balanced,13,histgb_lr0.05,boosting,-0.7654208346152551,,,,,,,,,,,0.9335471999947912
tdc_caco2_wang,regression,2,2,seeded_scaffold_group_balanced,seeded_scaffold_group_balanced,13,histgb_lr0.05,boosting,-0.5510135105614313,,,,,,,,,,,0.923763400001917
tdc_caco2_wang,regression,2,3,seeded_scaffold_group_balanced,seeded_scaffold_group_balanced,13,histgb_lr0.05,boosting,-0.6701571583915986,,,,,,,,,,,1.017216800013557
tdc_caco2_wang,regression,2,1,seeded_scaffold_group_balanced,seeded_scaffold_group_balanced,14,histgb_lr0.1,boosting,-0.7194948314422966,,,,,,,,,,,0.7948345000040717
tdc_caco2_wang,regression,2,2,seeded_scaffold_group_balanced,seeded_scaffold_group_balanced,14,histgb_lr0.1,boosting,-0.5525647186330745,,,,,,,,,,,0.7931878000381403
tdc_caco2_wang,regression,2,3,seeded_scaffold_group_balanced,seeded_scaffold_group_balanced,14,histgb_lr0.1,boosting,-0.6530359354856047,,,,,,,,,,,0.7017928999848664
tdc_caco2_wang,regression,2,1,seeded_scaffold_group_balanced,seeded_scaffold_group_balanced,15,gb_lr0.05_d2,boosting,-0.7853847061868132,,,,,,,,,,,0.2005629999912344
tdc_caco2_wang,regression,2,2,seeded_scaffold_group_balanced,seeded_scaffold_group_balanced,15,gb_lr0.05_d2,boosting,-0.6226923262977259,,,,,,,,,,,0.1891393000259995
tdc_caco2_wang,regression,2,3,seeded_scaffold_group_balanced,seeded_scaffold_group_balanced,15,gb_lr0.05_d2,boosting,-0.6877246100272606,,,,,,,,,,,0.1913816999876871
tdc_caco2_wang,regression,2,1,seeded_scaffold_group_balanced,seeded_scaffold_group_balanced,16,gb_lr0.1_d3,boosting,-0.7341504578531474,,,,,,,,,,,0.2843685999978333
tdc_caco2_wang,regression,2,2,seeded_scaffold_group_balanced,seeded_scaffold_group_balanced,16,gb_lr0.1_d3,boosting,-0.6251075196601967,,,,,,,,,,,0.3001961999689229
tdc_caco2_wang,regression,2,3,seeded_scaffold_group_balanced,seeded_scaffold_group_balanced,16,gb_lr0.1_d3,boosting,-0.6342929488031326,,,,,,,,,,,0.2793184000183828
tdc_caco2_wang,regression,2,1,seeded_scaffold_group_balanced,seeded_scaffold_group_balanced,17,lgbm_60_l15,boosting,-0.788900119031493,,,,,,,,,,,0.0294243999524042
tdc_caco2_wang,regression,2,2,seeded_scaffold_group_balanced,seeded_scaffold_group_balanced,17,lgbm_60_l15,boosting,-0.55709330198658,,,,,,,,,,,0.0285167000256478
tdc_caco2_wang,regression,2,3,seeded_scaffold_group_balanced,seeded_scaffold_group_balanced,17,lgbm_60_l15,boosting,-0.6740115308188408,,,,,,,,,,,0.0352514000260271
tdc_caco2_wang,regression,2,1,seeded_scaffold_group_balanced,seeded_scaffold_group_balanced,18,lgbm_90_l31,boosting,-0.7679823266139291,,,,,,,,,,,0.055181999981869
tdc_caco2_wang,regression,2,2,seeded_scaffold_group_balanced,seeded_scaffold_group_balanced,18,lgbm_90_l31,boosting,-0.5493779951878586,,,,,,,,,,,0.0458321999758482
tdc_caco2_wang,regression,2,3,seeded_scaffold_group_balanced,seeded_scaffold_group_balanced,18,lgbm_90_l31,boosting,-0.6690644590680488,,,,,,,,,,,0.0412378999753855
tdc_caco2_wang,regression,2,1,seeded_scaffold_group_balanced,seeded_scaffold_group_balanced,19,lgbm_60_l63,boosting,-0.7649368499595384,,,,,,,,,,,0.0366275999695062
tdc_caco2_wang,regression,2,2,seeded_scaffold_group_balanced,seeded_scaffold_group_balanced,19,lgbm_60_l63,boosting,-0.5675888970554908,,,,,,,,,,,0.0438769999891519
tdc_caco2_wang,regression,2,3,seeded_scaffold_group_balanced,seeded_scaffold_group_balanced,19,lgbm_60_l63,boosting,-0.6875804025818641,,,,,,,,,,,0.0357586999889463
tdc_caco2_wang,regression,2,1,seeded_scaffold_group_balanced,seeded_scaffold_group_balanced,20,lgbm_100_leaf10,boosting,-0.7283720849844142,,,,,,,,,,,0.0780623000464402
tdc_caco2_wang,regression,2,2,seeded_scaffold_group_balanced,seeded_scaffold_group_balanced,20,lgbm_100_leaf10,boosting,-0.5640018846032541,,,,,,,,,,,0.086328900011722
tdc_caco2_wang,regression,2,3,seeded_scaffold_group_balanced,seeded_scaffold_group_balanced,20,lgbm_100_leaf10,boosting,-0.6768347034802653,,,,,,,,,,,0.0800442000036127
tdc_caco2_wang,regression,2,1,seeded_scaffold_group_balanced,seeded_scaffold_group_balanced,21,lgbm_100_leaf30,boosting,-0.7547366415948277,,,,,,,,,,,0.0373301999643445
tdc_caco2_wang,regression,2,2,seeded_scaffold_group_balanced,seeded_scaffold_group_balanced,21,lgbm_100_leaf30,boosting,-0.6062958388940398,,,,,,,,,,,0.0312349000014364
tdc_caco2_wang,regression,2,3,seeded_scaffold_group_balanced,seeded_scaffold_group_balanced,21,lgbm_100_leaf30,boosting,-0.7016825571588784,,,,,,,,,,,0.05968100001337
tdc_caco2_wang,regression,2,1,seeded_scaffold_group_balanced,seeded_scaffold_group_balanced,22,lgbm_80_ff0.7,boosting,-0.7592035123797182,,,,,,,,,,,0.1475964999990537
tdc_caco2_wang,regression,2,2,seeded_scaffold_group_balanced,seeded_scaffold_group_balanced,22,lgbm_80_ff0.7,boosting,-0.6025968560390247,,,,,,,,,,,0.0783734999713487
tdc_caco2_wang,regression,2,3,seeded_scaffold_group_balanced,seeded_scaffold_group_balanced,22,lgbm_80_ff0.7,boosting,-0.6552727504281722,,,,,,,,,,,0.0774570000357925
tdc_caco2_wang,regression,2,1,seeded_scaffold_group_balanced,seeded_scaffold_group_balanced,23,lgbm_80_bag0.8,boosting,-0.7390566558543779,,,,,,,,,,,0.0544941999833099
tdc_caco2_wang,regression,2,2,seeded_scaffold_group_balanced,seeded_scaffold_group_balanced,23,lgbm_80_bag0.8,boosting,-0.5499877590665199,,,,,,,,,,,0.0535818000207655
tdc_caco2_wang,regression,2,3,seeded_scaffold_group_balanced,seeded_scaffold_group_balanced,23,lgbm_80_bag0.8,boosting,-0.6727968039943583,,,,,,,,,,,0.0554286999977193
tdc_caco2_wang,regression,2,1,seeded_scaffold_group_balanced,seeded_scaffold_group_balanced,24,lgbm_120_l15,boosting,-0.7581953720720813,,,,,,,,,,,0.0721034000162035
tdc_caco2_wang,regression,2,2,seeded_scaffold_group_balanced,seeded_scaffold_group_balanced,24,lgbm_120_l15,boosting,-0.5652018300524749,,,,,,,,,,,0.1143601000076159
tdc_caco2_wang,regression,2,3,seeded_scaffold_group_balanced,seeded_scaffold_group_balanced,24,lgbm_120_l15,boosting,-0.674648652176685,,,,,,,,,,,0.1249385999981314
tdc_caco2_wang,regression,2,1,seeded_scaffold_group_balanced,seeded_scaffold_group_balanced,25,xgb_60_d3,boosting,-0.7490474464993908,,,,,,,,,,,0.0679969000048004
tdc_caco2_wang,regression,2,2,seeded_scaffold_group_balanced,seeded_scaffold_group_balanced,25,xgb_60_d3,boosting,-0.5715073284998252,,,,,,,,,,,0.0598059000330977
tdc_caco2_wang,regression,2,3,seeded_scaffold_group_balanced,seeded_scaffold_group_balanced,25,xgb_60_d3,boosting,-0.6434951229553896,,,,,,,,,,,0.05904720001854
tdc_caco2_wang,regression,2,1,seeded_scaffold_group_balanced,seeded_scaffold_group_balanced,26,xgb_80_d5,boosting,-0.7314565146562901,,,,,,,,,,,0.0938787999912165
tdc_caco2_wang,regression,2,2,seeded_scaffold_group_balanced,seeded_scaffold_group_balanced,26,xgb_80_d5,boosting,-0.5285567152813766,,,,,,,,,,,0.0898377000121399
tdc_caco2_wang,regression,2,3,seeded_scaffold_group_balanced,seeded_scaffold_group_balanced,26,xgb_80_d5,boosting,-0.6068627622985578,,,,,,,,,,,0.0947770000202581
tdc_caco2_wang,regression,2,1,seeded_scaffold_group_balanced,seeded_scaffold_group_balanced,27,xgb_100_d3,boosting,-0.7541058923701145,,,,,,,,,,,0.0703285000054165
tdc_caco2_wang,regression,2,2,seeded_scaffold_group_balanced,seeded_scaffold_group_balanced,27,xgb_100_d3,boosting,-0.564343728010362,,,,,,,,,,,0.0753378000226803
tdc_caco2_wang,regression,2,3,seeded_scaffold_group_balanced,seeded_scaffold_group_balanced,27,xgb_100_d3,boosting,-0.641188849738574,,,,,,,,,,,0.0767727000056766
tdc_caco2_wang,regression,2,1,seeded_scaffold_group_balanced,seeded_scaffold_group_balanced,28,xgb_60_d6,boosting,-0.7078271114618712,,,,,,,,,,,0.0761669999919831
tdc_caco2_wang,regression,2,2,seeded_scaffold_group_balanced,seeded_scaffold_group_balanced,28,xgb_60_d6,boosting,-0.5750521260554274,,,,,,,,,,,0.0841802000068128
tdc_caco2_wang,regression,2,3,seeded_scaffold_group_balanced,seeded_scaffold_group_balanced,28,xgb_60_d6,boosting,-0.6019314669941623,,,,,,,,,,,0.0852698999806307
tdc_caco2_wang,regression,2,1,seeded_scaffold_group_balanced,seeded_scaffold_group_balanced,29,cat_60_d4,boosting,-0.809790872027472,,,,,,,,,,,0.2522812999668531
tdc_caco2_wang,regression,2,2,seeded_scaffold_group_balanced,seeded_scaffold_group_balanced,29,cat_60_d4,boosting,-0.6151092271151983,,,,,,,,,,,0.2526566000306047
tdc_caco2_wang,regression,2,3,seeded_scaffold_group_balanced,seeded_scaffold_group_balanced,29,cat_60_d4,boosting,-0.6698952793546413,,,,,,,,,,,0.2283080000197515
tdc_caco2_wang,regression,2,1,seeded_scaffold_group_balanced,seeded_scaffold_group_balanced,30,cat_80_d6,boosting,-0.7704332634768399,,,,,,,,,,,0.7288079999852926
tdc_caco2_wang,regression,2,2,seeded_scaffold_group_balanced,seeded_scaffold_group_balanced,30,cat_80_d6,boosting,-0.6103982619238217,,,,,,,,,,,0.6946838999865577
tdc_caco2_wang,regression,2,3,seeded_scaffold_group_balanced,seeded_scaffold_group_balanced,30,cat_80_d6,boosting,-0.6670951260777669,,,,,,,,,,,0.6096964000025764
tdc_caco2_wang,regression,2,1,seeded_scaffold_group_balanced,seeded_scaffold_group_balanced,31,cat_100_d4,boosting,-0.801620364772605,,,,,,,,,,,0.3523361000115983
tdc_caco2_wang,regression,2,2,seeded_scaffold_group_balanced,seeded_scaffold_group_balanced,31,cat_100_d4,boosting,-0.5846025384197737,,,,,,,,,,,0.3439294000272639
tdc_caco2_wang,regression,2,3,seeded_scaffold_group_balanced,seeded_scaffold_group_balanced,31,cat_100_d4,boosting,-0.6702786769823669,,,,,,,,,,,0.3321436999831348
tdc_caco2_wang,regression,2,1,seeded_scaffold_group_balanced,seeded_scaffold_group_balanced,32,cat_60_d8,boosting,-0.7961777747700233,,,,,,,,,,,1.240795799996704
tdc_caco2_wang,regression,2,2,seeded_scaffold_group_balanced,seeded_scaffold_group_balanced,32,cat_60_d8,boosting,-0.5691844269828767,,,,,,,,,,,1.161986400024034
tdc_caco2_wang,regression,2,3,seeded_scaffold_group_balanced,seeded_scaffold_group_balanced,32,cat_60_d8,boosting,-0.6707170214539216,,,,,,,,,,,1.083484899951145
tdc_caco2_wang,regression,3,1,seeded_scaffold_group_balanced,seeded_scaffold_group_balanced,1,ridge_a0.1,linear,-0.9524513030702164,,,,,,,,,,,0.0035318000009283
tdc_caco2_wang,regression,3,2,seeded_scaffold_group_balanced,seeded_scaffold_group_balanced,1,ridge_a0.1,linear,-0.9100781331021144,,,,,,,,,,,0.0033480999991297
tdc_caco2_wang,regression,3,3,seeded_scaffold_group_balanced,seeded_scaffold_group_balanced,1,ridge_a0.1,linear,-0.9231932703358192,,,,,,,,,,,0.0034893999691121
tdc_caco2_wang,regression,3,1,seeded_scaffold_group_balanced,seeded_scaffold_group_balanced,2,ridge_a1,linear,-0.7342435278157964,,,,,,,,,,,0.0031361000146716
tdc_caco2_wang,regression,3,2,seeded_scaffold_group_balanced,seeded_scaffold_group_balanced,2,ridge_a1,linear,-0.744079734862263,,,,,,,,,,,0.0031159999780356
tdc_caco2_wang,regression,3,3,seeded_scaffold_group_balanced,seeded_scaffold_group_balanced,2,ridge_a1,linear,-0.7403548197024794,,,,,,,,,,,0.0034138999762944
tdc_caco2_wang,regression,3,1,seeded_scaffold_group_balanced,seeded_scaffold_group_balanced,3,ridge_a10,linear,-0.5916646580106583,,,,,,,,,,,0.0035788000095635
tdc_caco2_wang,regression,3,2,seeded_scaffold_group_balanced,seeded_scaffold_group_balanced,3,ridge_a10,linear,-0.698669805368592,,,,,,,,,,,0.0041551000322215
tdc_caco2_wang,regression,3,3,seeded_scaffold_group_balanced,seeded_scaffold_group_balanced,3,ridge_a10,linear,-0.596321970355078,,,,,,,,,,,0.0031902000191621
tdc_caco2_wang,regression,3,1,seeded_scaffold_group_balanced,seeded_scaffold_group_balanced,4,elasticnet_a0.001,linear,-0.7532163838831694,,,,,,,,,,,0.0649014000082388
tdc_caco2_wang,regression,3,2,seeded_scaffold_group_balanced,seeded_scaffold_group_balanced,4,elasticnet_a0.001,linear,-0.7390207544199204,,,,,,,,,,,0.0305273999692872
tdc_caco2_wang,regression,3,3,seeded_scaffold_group_balanced,seeded_scaffold_group_balanced,4,elasticnet_a0.001,linear,-0.7625810714670521,,,,,,,,,,,0.0779941999935545
tdc_caco2_wang,regression,3,1,seeded_scaffold_group_balanced,seeded_scaffold_group_balanced,5,rf_60_sqrt,bagging,-0.6260822161115946,,,,,,,,,,,0.1104474000167101
tdc_caco2_wang,regression,3,2,seeded_scaffold_group_balanced,seeded_scaffold_group_balanced,5,rf_60_sqrt,bagging,-0.7433915893791276,,,,,,,,,,,0.079272500006482
tdc_caco2_wang,regression,3,3,seeded_scaffold_group_balanced,seeded_scaffold_group_balanced,5,rf_60_sqrt,bagging,-0.5525173568979042,,,,,,,,,,,0.0785135999904014
tdc_caco2_wang,regression,3,1,seeded_scaffold_group_balanced,seeded_scaffold_group_balanced,6,rf_90_d12,bagging,-0.6345592300522327,,,,,,,,,,,0.1088534999871626
tdc_caco2_wang,regression,3,2,seeded_scaffold_group_balanced,seeded_scaffold_group_balanced,6,rf_90_d12,bagging,-0.7372126320349283,,,,,,,,,,,0.0947759000118821
tdc_caco2_wang,regression,3,3,seeded_scaffold_group_balanced,seeded_scaffold_group_balanced,6,rf_90_d12,bagging,-0.555307738127429,,,,,,,,,,,0.0877719999989494
tdc_caco2_wang,regression,3,1,seeded_scaffold_group_balanced,seeded_scaffold_group_balanced,7,rf_90_leaf2,bagging,-0.6303494091021489,,,,,,,,,,,0.0868953000172041
tdc_caco2_wang,regression,3,2,seeded_scaffold_group_balanced,seeded_scaffold_group_balanced,7,rf_90_leaf2,bagging,-0.7440465685454893,,,,,,,,,,,0.0946183000341989
tdc_caco2_wang,regression,3,3,seeded_scaffold_group_balanced,seeded_scaffold_group_balanced,7,rf_90_leaf2,bagging,-0.5603712264942591,,,,,,,,,,,0.0940109000075608
tdc_caco2_wang,regression,3,1,seeded_scaffold_group_balanced,seeded_scaffold_group_balanced,8,rf_120_d20_leaf2,bagging,-0.6288052247849015,,,,,,,,,,,0.1164864000165835
tdc_caco2_wang,regression,3,2,seeded_scaffold_group_balanced,seeded_scaffold_group_balanced,8,rf_120_d20_leaf2,bagging,-0.7549148253733731,,,,,,,,,,,0.1229520999477244
tdc_caco2_wang,regression,3,3,seeded_scaffold_group_balanced,seeded_scaffold_group_balanced,8,rf_120_d20_leaf2,bagging,-0.5646584713079875,,,,,,,,,,,0.1167000000132247
tdc_caco2_wang,regression,3,1,seeded_scaffold_group_balanced,seeded_scaffold_group_balanced,9,et_60_sqrt,bagging,-0.613056370571704,,,,,,,,,,,0.0577683000010438
tdc_caco2_wang,regression,3,2,seeded_scaffold_group_balanced,seeded_scaffold_group_balanced,9,et_60_sqrt,bagging,-0.7526461470238125,,,,,,,,,,,0.0572134000249207
tdc_caco2_wang,regression,3,3,seeded_scaffold_group_balanced,seeded_scaffold_group_balanced,9,et_60_sqrt,bagging,-0.5186073077603887,,,,,,,,,,,0.0599464999977499
tdc_caco2_wang,regression,3,1,seeded_scaffold_group_balanced,seeded_scaffold_group_balanced,10,et_90_d12,bagging,-0.6313068937462707,,,,,,,,,,,0.0751954999868758
tdc_caco2_wang,regression,3,2,seeded_scaffold_group_balanced,seeded_scaffold_group_balanced,10,et_90_d12,bagging,-0.7519613030074996,,,,,,,,,,,0.0728020999813452
tdc_caco2_wang,regression,3,3,seeded_scaffold_group_balanced,seeded_scaffold_group_balanced,10,et_90_d12,bagging,-0.5294097498105946,,,,,,,,,,,0.0783085000002756
tdc_caco2_wang,regression,3,1,seeded_scaffold_group_balanced,seeded_scaffold_group_balanced,11,et_90_leaf2,bagging,-0.6116898336085779,,,,,,,,,,,0.0587258999585174
tdc_caco2_wang,regression,3,2,seeded_scaffold_group_balanced,seeded_scaffold_group_balanced,11,et_90_leaf2,bagging,-0.7559423403719447,,,,,,,,,,,0.0681380999740213
tdc_caco2_wang,regression,3,3,seeded_scaffold_group_balanced,seeded_scaffold_group_balanced,11,et_90_leaf2,bagging,-0.5371682415882513,,,,,,,,,,,0.0629588000010699
tdc_caco2_wang,regression,3,1,seeded_scaffold_group_balanced,seeded_scaffold_group_balanced,12,et_120_d20_leaf2,bagging,-0.6061886319409558,,,,,,,,,,,0.0869299999903887
tdc_caco2_wang,regression,3,2,seeded_scaffold_group_balanced,seeded_scaffold_group_balanced,12,et_120_d20_leaf2,bagging,-0.7396450129966604,,,,,,,,,,,0.1078342000255361
tdc_caco2_wang,regression,3,3,seeded_scaffold_group_balanced,seeded_scaffold_group_balanced,12,et_120_d20_leaf2,bagging,-0.5453871058186245,,,,,,,,,,,0.0906333999591879
tdc_caco2_wang,regression,3,1,seeded_scaffold_group_balanced,seeded_scaffold_group_balanced,13,histgb_lr0.05,boosting,-0.5761255824754816,,,,,,,,,,,0.913405600003898
tdc_caco2_wang,regression,3,2,seeded_scaffold_group_balanced,seeded_scaffold_group_balanced,13,histgb_lr0.05,boosting,-0.8301338753317777,,,,,,,,,,,0.8324129999964498
tdc_caco2_wang,regression,3,3,seeded_scaffold_group_balanced,seeded_scaffold_group_balanced,13,histgb_lr0.05,boosting,-0.5761253173575549,,,,,,,,,,,0.9426343999803066
tdc_caco2_wang,regression,3,1,seeded_scaffold_group_balanced,seeded_scaffold_group_balanced,14,histgb_lr0.1,boosting,-0.5701631533075531,,,,,,,,,,,1.0652628999669105
tdc_caco2_wang,regression,3,2,seeded_scaffold_group_balanced,seeded_scaffold_group_balanced,14,histgb_lr0.1,boosting,-0.8329125208199301,,,,,,,,,,,0.9854612000053748
tdc_caco2_wang,regression,3,3,seeded_scaffold_group_balanced,seeded_scaffold_group_balanced,14,histgb_lr0.1,boosting,-0.6048896194076274,,,,,,,,,,,0.8229018999845721
tdc_caco2_wang,regression,3,1,seeded_scaffold_group_balanced,seeded_scaffold_group_balanced,15,gb_lr0.05_d2,boosting,-0.6573754811722413,,,,,,,,,,,0.1852545000147074
tdc_caco2_wang,regression,3,2,seeded_scaffold_group_balanced,seeded_scaffold_group_balanced,15,gb_lr0.05_d2,boosting,-0.7854874614241678,,,,,,,,,,,0.1992397000431083
tdc_caco2_wang,regression,3,3,seeded_scaffold_group_balanced,seeded_scaffold_group_balanced,15,gb_lr0.05_d2,boosting,-0.6058619164613676,,,,,,,,,,,0.1951349000446498
tdc_caco2_wang,regression,3,1,seeded_scaffold_group_balanced,seeded_scaffold_group_balanced,16,gb_lr0.1_d3,boosting,-0.5932776358656646,,,,,,,,,,,0.2547996999928728
tdc_caco2_wang,regression,3,2,seeded_scaffold_group_balanced,seeded_scaffold_group_balanced,16,gb_lr0.1_d3,boosting,-0.7985209458590636,,,,,,,,,,,0.3150324000162072
tdc_caco2_wang,regression,3,3,seeded_scaffold_group_balanced,seeded_scaffold_group_balanced,16,gb_lr0.1_d3,boosting,-0.5741794262394467,,,,,,,,,,,0.3372696000151336
tdc_caco2_wang,regression,3,1,seeded_scaffold_group_balanced,seeded_scaffold_group_balanced,17,lgbm_60_l15,boosting,-0.6003252645978668,,,,,,,,,,,0.0451035000151023
tdc_caco2_wang,regression,3,2,seeded_scaffold_group_balanced,seeded_scaffold_group_balanced,17,lgbm_60_l15,boosting,-0.8278159593486759,,,,,,,,,,,0.0458074000198394
tdc_caco2_wang,regression,3,3,seeded_scaffold_group_balanced,seeded_scaffold_group_balanced,17,lgbm_60_l15,boosting,-0.5793786760399788,,,,,,,,,,,0.0470670000067912
tdc_caco2_wang,regression,3,1,seeded_scaffold_group_balanced,seeded_scaffold_group_balanced,18,lgbm_90_l31,boosting,-0.5731035707636373,,,,,,,,,,,0.0809492000262253
tdc_caco2_wang,regression,3,2,seeded_scaffold_group_balanced,seeded_scaffold_group_balanced,18,lgbm_90_l31,boosting,-0.8214582692767118,,,,,,,,,,,0.1025056000216864
tdc_caco2_wang,regression,3,3,seeded_scaffold_group_balanced,seeded_scaffold_group_balanced,18,lgbm_90_l31,boosting,-0.5799105538871906,,,,,,,,,,,0.049486500036437
tdc_caco2_wang,regression,3,1,seeded_scaffold_group_balanced,seeded_scaffold_group_balanced,19,lgbm_60_l63,boosting,-0.5797558355633192,,,,,,,,,,,0.0367674999870359
tdc_caco2_wang,regression,3,2,seeded_scaffold_group_balanced,seeded_scaffold_group_balanced,19,lgbm_60_l63,boosting,-0.8153182570859102,,,,,,,,,,,0.0480155000113882
tdc_caco2_wang,regression,3,3,seeded_scaffold_group_balanced,seeded_scaffold_group_balanced,19,lgbm_60_l63,boosting,-0.5837994452067368,,,,,,,,,,,0.0634319999953731
tdc_caco2_wang,regression,3,1,seeded_scaffold_group_balanced,seeded_scaffold_group_balanced,20,lgbm_100_leaf10,boosting,-0.5771287009938479,,,,,,,,,,,0.0828399000456556
tdc_caco2_wang,regression,3,2,seeded_scaffold_group_balanced,seeded_scaffold_group_balanced,20,lgbm_100_leaf10,boosting,-0.7852452281459154,,,,,,,,,,,0.0903515000245533
tdc_caco2_wang,regression,3,3,seeded_scaffold_group_balanced,seeded_scaffold_group_balanced,20,lgbm_100_leaf10,boosting,-0.5556383726980496,,,,,,,,,,,0.0816010999842546
tdc_caco2_wang,regression,3,1,seeded_scaffold_group_balanced,seeded_scaffold_group_balanced,21,lgbm_100_leaf30,boosting,-0.5544986425305221,,,,,,,,,,,0.0331135999877005
tdc_caco2_wang,regression,3,2,seeded_scaffold_group_balanced,seeded_scaffold_group_balanced,21,lgbm_100_leaf30,boosting,-0.7690828047113116,,,,,,,,,,,0.0387974999612197
tdc_caco2_wang,regression,3,3,seeded_scaffold_group_balanced,seeded_scaffold_group_balanced,21,lgbm_100_leaf30,boosting,-0.5800389153099059,,,,,,,,,,,0.0439222999848425
tdc_caco2_wang,regression,3,1,seeded_scaffold_group_balanced,seeded_scaffold_group_balanced,22,lgbm_80_ff0.7,boosting,-0.5528344813168156,,,,,,,,,,,0.0499561999458819
tdc_caco2_wang,regression,3,2,seeded_scaffold_group_balanced,seeded_scaffold_group_balanced,22,lgbm_80_ff0.7,boosting,-0.7462484849853791,,,,,,,,,,,0.0489325000089593
tdc_caco2_wang,regression,3,3,seeded_scaffold_group_balanced,seeded_scaffold_group_balanced,22,lgbm_80_ff0.7,boosting,-0.5645942901773229,,,,,,,,,,,0.0414418000145815
tdc_caco2_wang,regression,3,1,seeded_scaffold_group_balanced,seeded_scaffold_group_balanced,23,lgbm_80_bag0.8,boosting,-0.5455354938869639,,,,,,,,,,,0.0336317000328563
tdc_caco2_wang,regression,3,2,seeded_scaffold_group_balanced,seeded_scaffold_group_balanced,23,lgbm_80_bag0.8,boosting,-0.8124226166827245,,,,,,,,,,,0.0380165000096894
tdc_caco2_wang,regression,3,3,seeded_scaffold_group_balanced,seeded_scaffold_group_balanced,23,lgbm_80_bag0.8,boosting,-0.5677904830902973,,,,,,,,,,,0.0706330999964848
tdc_caco2_wang,regression,3,1,seeded_scaffold_group_balanced,seeded_scaffold_group_balanced,24,lgbm_120_l15,boosting,-0.5717244778488558,,,,,,,,,,,0.0736580999800935
tdc_caco2_wang,regression,3,2,seeded_scaffold_group_balanced,seeded_scaffold_group_balanced,24,lgbm_120_l15,boosting,-0.8098067580911452,,,,,,,,,,,0.100729500001762
tdc_caco2_wang,regression,3,3,seeded_scaffold_group_balanced,seeded_scaffold_group_balanced,24,lgbm_120_l15,boosting,-0.5703648741540186,,,,,,,,,,,0.0596027999999932
tdc_caco2_wang,regression,3,1,seeded_scaffold_group_balanced,seeded_scaffold_group_balanced,25,xgb_60_d3,boosting,-0.5961660444012543,,,,,,,,,,,0.0415870000142604
tdc_caco2_wang,regression,3,2,seeded_scaffold_group_balanced,seeded_scaffold_group_balanced,25,xgb_60_d3,boosting,-0.7903664856317394,,,,,,,,,,,0.0500581999658606
tdc_caco2_wang,regression,3,3,seeded_scaffold_group_balanced,seeded_scaffold_group_balanced,25,xgb_60_d3,boosting,-0.5665519713172581,,,,,,,,,,,0.0489478000090457
tdc_caco2_wang,regression,3,1,seeded_scaffold_group_balanced,seeded_scaffold_group_balanced,26,xgb_80_d5,boosting,-0.5857183337256278,,,,,,,,,,,0.0842913999804295
tdc_caco2_wang,regression,3,2,seeded_scaffold_group_balanced,seeded_scaffold_group_balanced,26,xgb_80_d5,boosting,-0.7896166433062322,,,,,,,,,,,0.0840512000140734
tdc_caco2_wang,regression,3,3,seeded_scaffold_group_balanced,seeded_scaffold_group_balanced,26,xgb_80_d5,boosting,-0.5458042727037755,,,,,,,,,,,0.0797548000118695
tdc_caco2_wang,regression,3,1,seeded_scaffold_group_balanced,seeded_scaffold_group_balanced,27,xgb_100_d3,boosting,-0.6109339748883912,,,,,,,,,,,0.06766520004021
tdc_caco2_wang,regression,3,2,seeded_scaffold_group_balanced,seeded_scaffold_group_balanced,27,xgb_100_d3,boosting,-0.7892301340268914,,,,,,,,,,,0.0645346000092104
tdc_caco2_wang,regression,3,3,seeded_scaffold_group_balanced,seeded_scaffold_group_balanced,27,xgb_100_d3,boosting,-0.5757150612956001,,,,,,,,,,,0.0647586999693885
tdc_caco2_wang,regression,3,1,seeded_scaffold_group_balanced,seeded_scaffold_group_balanced,28,xgb_60_d6,boosting,-0.6004030963242369,,,,,,,,,,,0.0763258000370115
tdc_caco2_wang,regression,3,2,seeded_scaffold_group_balanced,seeded_scaffold_group_balanced,28,xgb_60_d6,boosting,-0.7238004628507568,,,,,,,,,,,0.0770774999982677
tdc_caco2_wang,regression,3,3,seeded_scaffold_group_balanced,seeded_scaffold_group_balanced,28,xgb_60_d6,boosting,-0.5589336122339628,,,,,,,,,,,0.0635762000456452
tdc_caco2_wang,regression,3,1,seeded_scaffold_group_balanced,seeded_scaffold_group_balanced,29,cat_60_d4,boosting,-0.6548574657063466,,,,,,,,,,,0.1835728000150993
tdc_caco2_wang,regression,3,2,seeded_scaffold_group_balanced,seeded_scaffold_group_balanced,29,cat_60_d4,boosting,-0.7629531981004845,,,,,,,,,,,0.1743564999778755
tdc_caco2_wang,regression,3,3,seeded_scaffold_group_balanced,seeded_scaffold_group_balanced,29,cat_60_d4,boosting,-0.6030918959261492,,,,,,,,,,,0.1614675000309944
tdc_caco2_wang,regression,3,1,seeded_scaffold_group_balanced,seeded_scaffold_group_balanced,30,cat_80_d6,boosting,-0.6433736258768481,,,,,,,,,,,0.6549187999917194
tdc_caco2_wang,regression,3,2,seeded_scaffold_group_balanced,seeded_scaffold_group_balanced,30,cat_80_d6,boosting,-0.7674138887177587,,,,,,,,,,,0.5659658000222407
tdc_caco2_wang,regression,3,3,seeded_scaffold_group_balanced,seeded_scaffold_group_balanced,30,cat_80_d6,boosting,-0.5914868263468609,,,,,,,,,,,0.4668024000129662
tdc_caco2_wang,regression,3,1,seeded_scaffold_group_balanced,seeded_scaffold_group_balanced,31,cat_100_d4,boosting,-0.637900191837757,,,,,,,,,,,0.263877900026273
tdc_caco2_wang,regression,3,2,seeded_scaffold_group_balanced,seeded_scaffold_group_balanced,31,cat_100_d4,boosting,-0.7489707250545424,,,,,,,,,,,0.277161999954842
tdc_caco2_wang,regression,3,3,seeded_scaffold_group_balanced,seeded_scaffold_group_balanced,31,cat_100_d4,boosting,-0.5964184949616776,,,,,,,,,,,0.2318307000095956
tdc_caco2_wang,regression,3,1,seeded_scaffold_group_balanced,seeded_scaffold_group_balanced,32,cat_60_d8,boosting,-0.648778863479813,,,,,,,,,,,1.198379599954933
tdc_caco2_wang,regression,3,2,seeded_scaffold_group_balanced,seeded_scaffold_group_balanced,32,cat_60_d8,boosting,-0.7982807150990406,,,,,,,,,,,1.1495447999914177
tdc_caco2_wang,regression,3,3,seeded_scaffold_group_balanced,seeded_scaffold_group_balanced,32,cat_60_d8,boosting,-0.5847915662137707,,,,,,,,,,,0.9900363000342622
