dataset,task_type,outer_fold,outer_split_type,candidate_order,candidate,family,n_train,n_test,outer_utility,fit_seconds,roc_auc,pr_auc,brier,rmse,mae,r2,spearman
bbbp,classification,1,stratified_scaffold_group,1,logreg_l2_c0.1,linear,1496,543,0.8368597504190725,0.0110335000208579,0.8368597504190725,0.9260631037865528,0.1216987467540622,,,,
bbbp,classification,1,stratified_scaffold_group,2,logreg_l2_c1,linear,1496,543,0.8231141739616316,0.0165631000418216,0.8231141739616316,0.9265531436397748,0.1410729525648696,,,,
bbbp,classification,1,stratified_scaffold_group,3,logreg_l2_c10,linear,1496,543,0.8224622834792326,0.0242766000446863,0.8224622834792326,0.931520886550668,0.1774436046000395,,,,
bbbp,classification,1,stratified_scaffold_group,4,logreg_l1_c1,linear,1496,543,0.8216055131309368,0.031698300037533,0.8216055131309368,0.9232330852009883,0.1391757288263576,,,,
bbbp,classification,1,stratified_scaffold_group,5,rf_60_sqrt,bagging,1496,543,0.8884801639038927,0.1561371000134386,0.8884801639038927,0.954403079415403,0.1096762843705866,,,,
bbbp,classification,1,stratified_scaffold_group,6,rf_90_d12,bagging,1496,543,0.8772397094430993,0.2131231999956071,0.8772397094430993,0.95400916465894,0.1221518353065435,,,,
bbbp,classification,1,stratified_scaffold_group,7,rf_90_leaf2,bagging,1496,543,0.8927360774818403,0.2023451999993994,0.8927360774818403,0.9587282135474904,0.1101848465909379,,,,
bbbp,classification,1,stratified_scaffold_group,8,rf_120_d20_leaf2,bagging,1496,543,0.8918048053641275,0.247884200012777,0.8918048053641275,0.958557695880662,0.1117916442945414,,,,
bbbp,classification,1,stratified_scaffold_group,9,et_60_sqrt,bagging,1496,543,0.8917861799217731,0.0898677999502979,0.8917861799217731,0.959843552373875,0.1104039019536428,,,,
bbbp,classification,1,stratified_scaffold_group,10,et_90_d12,bagging,1496,543,0.8965356677221084,0.1253994000144302,0.8965356677221084,0.9632273367900492,0.1187391757374268,,,,
bbbp,classification,1,stratified_scaffold_group,11,et_90_leaf2,bagging,1496,543,0.8905941516111009,0.1084961000015027,0.8905941516111009,0.9567246244547074,0.1085064970855267,,,,
bbbp,classification,1,stratified_scaffold_group,12,et_120_d20_leaf2,bagging,1496,543,0.9051219966474204,0.1308048000209964,0.9051219966474204,0.9644798448664909,0.108067673891575,,,,
bbbp,classification,1,stratified_scaffold_group,13,histgb_lr0.05,boosting,1496,543,0.8579158130005587,1.1505985999829136,0.8579158130005587,0.944017494342604,0.114496773924759,,,,
bbbp,classification,1,stratified_scaffold_group,14,histgb_lr0.1,boosting,1496,543,0.8583348854535295,0.9747012000298128,0.8583348854535295,0.9426408956773789,0.1138486878920745,,,,
bbbp,classification,1,stratified_scaffold_group,15,gb_lr0.05_d2,boosting,1496,543,0.7950083814490594,0.6269189000013284,0.7950083814490594,0.917700122528144,0.1348500636085496,,,,
bbbp,classification,1,stratified_scaffold_group,16,gb_lr0.1_d3,boosting,1496,543,0.8418793071335443,0.9292263999814168,0.8418793071335443,0.9352488566445268,0.1183584720667282,,,,
bbbp,classification,1,stratified_scaffold_group,17,lgbm_60_l15,boosting,1496,543,0.8597876699571616,0.0591777000227011,0.8597876699571616,0.947603143149411,0.1180772713303394,,,,
bbbp,classification,1,stratified_scaffold_group,18,lgbm_90_l31,boosting,1496,543,0.8674613522071151,0.100402700016275,0.8674613522071151,0.9466048788434702,0.1158838941479714,,,,
bbbp,classification,1,stratified_scaffold_group,19,lgbm_60_l63,boosting,1496,543,0.8635872601974297,0.1059623999753966,0.8635872601974297,0.9417300344750296,0.1116744587658837,,,,
bbbp,classification,1,stratified_scaffold_group,20,lgbm_100_leaf10,boosting,1496,543,0.876643695287763,0.1493414999567903,0.876643695287763,0.9524060242885016,0.1095933742727089,,,,
bbbp,classification,1,stratified_scaffold_group,21,lgbm_100_leaf30,boosting,1496,543,0.8622089774632147,0.1086209000204689,0.8622089774632147,0.9450344834493816,0.1144862963272214,,,,
bbbp,classification,1,stratified_scaffold_group,22,lgbm_80_ff0.7,boosting,1496,543,0.857999627491153,0.2590026999823749,0.857999627491153,0.9419255003140824,0.1135452057601057,,,,
bbbp,classification,1,stratified_scaffold_group,23,lgbm_80_bag0.8,boosting,1496,543,0.8720804619109703,0.1100851000519469,0.8720804619109703,0.9517441915532094,0.1153374795823893,,,,
bbbp,classification,1,stratified_scaffold_group,24,lgbm_120_l15,boosting,1496,543,0.8638480163903892,0.0795912999892607,0.8638480163903892,0.9481776074074793,0.1150208920825474,,,,
bbbp,classification,1,stratified_scaffold_group,25,xgb_60_d3,boosting,1496,543,0.8536133358167255,0.0818474999978207,0.8536133358167255,0.9443815996917068,0.1219830678118934,,,,
bbbp,classification,1,stratified_scaffold_group,26,xgb_80_d5,boosting,1496,543,0.8710467498603092,0.1285201000282541,0.8710467498603092,0.9516403447957156,0.1172011318334464,,,,
bbbp,classification,1,stratified_scaffold_group,27,xgb_100_d3,boosting,1496,543,0.8472713726951016,0.123540700005833,0.8472713726951016,0.94145592600372,0.1223772668605945,,,,
bbbp,classification,1,stratified_scaffold_group,28,xgb_60_d6,boosting,1496,543,0.8804712236915626,0.1218876999919302,0.8804712236915626,0.9527947668004958,0.1110940486073899,,,,
bbbp,classification,1,stratified_scaffold_group,29,cat_60_d4,boosting,1496,543,0.8327249022164276,0.308150700002443,0.8327249022164276,0.9364400982532386,0.1263554437656215,,,,
bbbp,classification,1,stratified_scaffold_group,30,cat_80_d6,boosting,1496,543,0.85807412926057,1.16091839998262,0.85807412926057,0.9449887894202678,0.1214304245104079,,,,
bbbp,classification,1,stratified_scaffold_group,31,cat_100_d4,boosting,1496,543,0.8328739057552617,0.5233437000424601,0.8328739057552617,0.9343361768734256,0.1256121098501965,,,,
bbbp,classification,1,stratified_scaffold_group,32,cat_60_d8,boosting,1496,543,0.8544235425591358,3.050721400009934,0.8544235425591358,0.9427447827798532,0.1204974529920834,,,,
bbbp,classification,2,stratified_scaffold_group,1,logreg_l2_c0.1,linear,1306,733,0.8884135184587235,0.006599600019399,0.8884135184587235,0.955364531528762,0.1168479278134322,,,,
bbbp,classification,2,stratified_scaffold_group,2,logreg_l2_c1,linear,1306,733,0.8650898719190616,0.0096835999866016,0.8650898719190616,0.9428229483460412,0.1256702556873284,,,,
bbbp,classification,2,stratified_scaffold_group,3,logreg_l2_c10,linear,1306,733,0.8418846195242708,0.0143184000044129,0.8418846195242708,0.935108423261388,0.1523011719292637,,,,
bbbp,classification,2,stratified_scaffold_group,4,logreg_l1_c1,linear,1306,733,0.8694381659670649,0.0182937000063247,0.8694381659670649,0.9483713835096036,0.1280806766111711,,,,
bbbp,classification,2,stratified_scaffold_group,5,rf_60_sqrt,bagging,1306,733,0.9054891830804004,0.1259034000104293,0.9054891830804004,0.9598814132601384,0.0928627290662337,,,,
bbbp,classification,2,stratified_scaffold_group,6,rf_90_d12,bagging,1306,733,0.8932892046066085,0.2156290999846533,0.8932892046066085,0.9589546960751194,0.1093019215887534,,,,
bbbp,classification,2,stratified_scaffold_group,7,rf_90_leaf2,bagging,1306,733,0.9081638144440856,0.2127238999819383,0.9081638144440856,0.9642845647266606,0.0956964965988531,,,,
bbbp,classification,2,stratified_scaffold_group,8,rf_120_d20_leaf2,bagging,1306,733,0.908077709611452,0.2840944000054151,0.908077709611452,0.965998643560563,0.0988838007694271,,,,
bbbp,classification,2,stratified_scaffold_group,9,et_60_sqrt,bagging,1306,733,0.901991174254655,0.0874622999690473,0.901991174254655,0.9600555412790458,0.091200101002794,,,,
bbbp,classification,2,stratified_scaffold_group,10,et_90_d12,bagging,1306,733,0.8994457001399203,0.1299176999600604,0.8994457001399203,0.960967994343939,0.1084418960375019,,,,
bbbp,classification,2,stratified_scaffold_group,11,et_90_leaf2,bagging,1306,733,0.9101334624905822,0.1292262999922968,0.9101334624905822,0.96658776668317,0.0921178031279068,,,,
bbbp,classification,2,stratified_scaffold_group,12,et_120_d20_leaf2,bagging,1306,733,0.912555160908406,0.1639054999686777,0.912555160908406,0.96790702166902,0.0949926876884613,,,,
bbbp,classification,2,stratified_scaffold_group,13,histgb_lr0.05,boosting,1306,733,0.9039446776450328,1.5499851999920793,0.9039446776450328,0.9636975254218728,0.0879055210524911,,,,
bbbp,classification,2,stratified_scaffold_group,14,histgb_lr0.1,boosting,1306,733,0.9105855128619094,1.03950369998347,0.9105855128619094,0.9647955911759408,0.0828980540160474,,,,
bbbp,classification,2,stratified_scaffold_group,15,gb_lr0.05_d2,boosting,1306,733,0.8518458723495856,0.5250644000479952,0.8518458723495856,0.9411471335398944,0.1120992451555068,,,,
bbbp,classification,2,stratified_scaffold_group,16,gb_lr0.1_d3,boosting,1306,733,0.8915886341620924,0.7905795000260696,0.8915886341620924,0.9593477208179868,0.0950987173433973,,,,
bbbp,classification,2,stratified_scaffold_group,17,lgbm_60_l15,boosting,1306,733,0.8968517920568292,0.0557402999838814,0.8968517920568292,0.963078778383802,0.0953544102701391,,,,
bbbp,classification,2,stratified_scaffold_group,18,lgbm_90_l31,boosting,1306,733,0.9090571520826608,0.0935864999773912,0.9090571520826608,0.9676980622576544,0.0882857921684066,,,,
bbbp,classification,2,stratified_scaffold_group,19,lgbm_60_l63,boosting,1306,733,0.9116725863739102,0.0991998000536114,0.9116725863739102,0.967204429677001,0.0875499255796583,,,,
bbbp,classification,2,stratified_scaffold_group,20,lgbm_100_leaf10,boosting,1306,733,0.9083575503175116,0.1124406000017188,0.9083575503175116,0.9659305171034293,0.0865470155212875,,,,
bbbp,classification,2,stratified_scaffold_group,21,lgbm_100_leaf30,boosting,1306,733,0.9130287374878916,0.1032420999836176,0.9130287374878916,0.9683861825573538,0.0834578701960566,,,,
bbbp,classification,2,stratified_scaffold_group,22,lgbm_80_ff0.7,boosting,1306,733,0.9117909805187816,0.086677299987059,0.9117909805187816,0.9666931838415392,0.086108362620305,,,,
bbbp,classification,2,stratified_scaffold_group,23,lgbm_80_bag0.8,boosting,1306,733,0.9110052739209988,0.0930420000222511,0.9110052739209988,0.966353174111732,0.08494793358646,,,,
bbbp,classification,2,stratified_scaffold_group,24,lgbm_120_l15,boosting,1306,733,0.9045366483693896,0.0756336000049486,0.9045366483693896,0.9658553182740232,0.0900037003248074,,,,
bbbp,classification,2,stratified_scaffold_group,25,xgb_60_d3,boosting,1306,733,0.8849424173931763,0.0867227000417187,0.8849424173931763,0.957938290174582,0.1000906906776612,,,,
bbbp,classification,2,stratified_scaffold_group,26,xgb_80_d5,boosting,1306,733,0.8968517920568292,0.120134400029201,0.8968517920568292,0.9607533276097426,0.0907534827455657,,,,
bbbp,classification,2,stratified_scaffold_group,27,xgb_100_d3,boosting,1306,733,0.8828543752018082,0.1068371000001207,0.8828543752018082,0.9562205077632682,0.0984892853052471,,,,
bbbp,classification,2,stratified_scaffold_group,28,xgb_60_d6,boosting,1306,733,0.902787643956517,0.0903677999740466,0.902787643956517,0.9616680281890851,0.0874712016087102,,,,
bbbp,classification,2,stratified_scaffold_group,29,cat_60_d4,boosting,1306,733,0.873985577440534,0.324653500050772,0.873985577440534,0.9533903571372762,0.1030034916905909,,,,
bbbp,classification,2,stratified_scaffold_group,30,cat_80_d6,boosting,1306,733,0.895549456463244,1.1184740999597125,0.895549456463244,0.9640426188578064,0.0968186974606481,,,,
bbbp,classification,2,stratified_scaffold_group,31,cat_100_d4,boosting,1306,733,0.879286406199548,0.4712650000001304,0.879286406199548,0.9547078187332544,0.1032533060081313,,,,
bbbp,classification,2,stratified_scaffold_group,32,cat_60_d8,boosting,1306,733,0.9046335163061026,3.17011890001595,0.9046335163061026,0.9661294141665412,0.0929949314098042,,,,
bbbp,classification,3,stratified_scaffold_group,1,logreg_l2_c0.1,linear,1276,763,0.855560835616183,0.0065262999851256,0.855560835616183,0.9424682718088088,0.1470138635103045,,,,
bbbp,classification,3,stratified_scaffold_group,2,logreg_l2_c1,linear,1276,763,0.8286791151860755,0.0092564999940805,0.8286791151860755,0.93359281021305,0.167006862964071,,,,
bbbp,classification,3,stratified_scaffold_group,3,logreg_l2_c10,linear,1276,763,0.7952097426436332,0.0145569000160321,0.7952097426436332,0.9192228716049542,0.2089704890083927,,,,
bbbp,classification,3,stratified_scaffold_group,4,logreg_l1_c1,linear,1276,763,0.8224082667113919,0.0217141999746672,0.8224082667113919,0.929353359484169,0.1697377170734994,,,,
bbbp,classification,3,stratified_scaffold_group,5,rf_60_sqrt,bagging,1276,763,0.8659547902573563,0.1067746000480838,0.8659547902573563,0.9358875285836956,0.1145442429744535,,,,
bbbp,classification,3,stratified_scaffold_group,6,rf_90_d12,bagging,1276,763,0.8824425560462905,0.1573869999847374,0.8824425560462905,0.9481724315048692,0.1200998183883585,,,,
bbbp,classification,3,stratified_scaffold_group,7,rf_90_leaf2,bagging,1276,763,0.8749790350533908,0.1627346000168472,0.8749790350533908,0.946360575218996,0.1143795737701167,,,,
bbbp,classification,3,stratified_scaffold_group,8,rf_120_d20_leaf2,bagging,1276,763,0.8743733810402342,0.1994944000034593,0.8743733810402342,0.9464710702313248,0.1158195392521736,,,,
bbbp,classification,3,stratified_scaffold_group,9,et_60_sqrt,bagging,1276,763,0.8750955069789979,0.0720865999464877,0.8750955069789979,0.945226803353886,0.1104995433751133,,,,
bbbp,classification,3,stratified_scaffold_group,10,et_90_d12,bagging,1276,763,0.8721371200685786,0.0877940999926067,0.8721371200685786,0.9419062936713464,0.1241279912757229,,,,
bbbp,classification,3,stratified_scaffold_group,11,et_90_leaf2,bagging,1276,763,0.88147350962524,0.1044379000086337,0.88147350962524,0.9500704037450122,0.1106219320749345,,,,
bbbp,classification,3,stratified_scaffold_group,12,et_120_d20_leaf2,bagging,1276,763,0.8852565177689569,0.1376900000032037,0.8852565177689569,0.950204053306448,0.1120148363679288,,,,
bbbp,classification,3,stratified_scaffold_group,13,histgb_lr0.05,boosting,1276,763,0.8617431654274055,1.1197447000304237,0.8617431654274055,0.9428114700457432,0.1163890290665081,,,,
bbbp,classification,3,stratified_scaffold_group,14,histgb_lr0.1,boosting,1276,763,0.8606483293266991,1.0136776000144891,0.8606483293266991,0.9392758021435152,0.1163188885663121,,,,
bbbp,classification,3,stratified_scaffold_group,15,gb_lr0.05_d2,boosting,1276,763,0.7949488455302733,0.6239955000346527,0.7949488455302733,0.9098334646113218,0.1314134990666573,,,,
bbbp,classification,3,stratified_scaffold_group,16,gb_lr0.1_d3,boosting,1276,763,0.8409226440058888,0.7517393000307493,0.8409226440058888,0.931699971371354,0.120351320569956,,,,
bbbp,classification,3,stratified_scaffold_group,17,lgbm_60_l15,boosting,1276,763,0.8508087810514156,0.0570845000329427,0.8508087810514156,0.9377051925546912,0.1182239414304835,,,,
bbbp,classification,3,stratified_scaffold_group,18,lgbm_90_l31,boosting,1276,763,0.86304299211718,0.1041115000261925,0.86304299211718,0.9435878995801018,0.1164983750166517,,,,
bbbp,classification,3,stratified_scaffold_group,19,lgbm_60_l63,boosting,1276,763,0.8610396749967388,0.100110399944242,0.8610396749967388,0.9423020265874076,0.1172625327451754,,,,
bbbp,classification,3,stratified_scaffold_group,20,lgbm_100_leaf10,boosting,1276,763,0.8648273420174801,0.1176327000139281,0.8648273420174801,0.9431595024713826,0.1150037514308944,,,,
bbbp,classification,3,stratified_scaffold_group,21,lgbm_100_leaf30,boosting,1276,763,0.8612260300777101,0.1187399000045843,0.8612260300777101,0.9398309029704318,0.1164140049587519,,,,
bbbp,classification,3,stratified_scaffold_group,22,lgbm_80_ff0.7,boosting,1276,763,0.8698635880807289,0.090222300030291,0.8698635880807289,0.9444281694739696,0.1118401234622565,,,,
bbbp,classification,3,stratified_scaffold_group,23,lgbm_80_bag0.8,boosting,1276,763,0.8673384767335681,0.0889811000088229,0.8673384767335681,0.943160955338784,0.1166351778455157,,,,
bbbp,classification,3,stratified_scaffold_group,24,lgbm_120_l15,boosting,1276,763,0.862167123236615,0.0777613999671302,0.862167123236615,0.9444425350881198,0.1159284040975774,,,,
bbbp,classification,3,stratified_scaffold_group,25,xgb_60_d3,boosting,1276,763,0.8360867296546841,0.0834046999807469,0.8360867296546841,0.929852063649386,0.1222699698366601,,,,
bbbp,classification,3,stratified_scaffold_group,26,xgb_80_d5,boosting,1276,763,0.8578110732189114,0.1297871999558992,0.8578110732189114,0.9393613921690832,0.1157936645478975,,,,
bbbp,classification,3,stratified_scaffold_group,27,xgb_100_d3,boosting,1276,763,0.8417379474851381,0.1052736000274308,0.8417379474851381,0.9322705201631304,0.1211051178138325,,,,
bbbp,classification,3,stratified_scaffold_group,28,xgb_60_d6,boosting,1276,763,0.8584400216171895,0.1067220999975688,0.8584400216171895,0.941369310087727,0.1170115228995224,,,,
bbbp,classification,3,stratified_scaffold_group,29,cat_60_d4,boosting,1276,763,0.8326577961648124,0.3193103999947198,0.8326577961648124,0.9312440010801292,0.1237053521700125,,,,
bbbp,classification,3,stratified_scaffold_group,30,cat_80_d6,boosting,1276,763,0.8525931309517154,1.136125400022138,0.8525931309517154,0.9369319272992632,0.1182358334063209,,,,
bbbp,classification,3,stratified_scaffold_group,31,cat_100_d4,boosting,1276,763,0.8327230204431523,0.4687466000323184,0.8327230204431523,0.9308370191676392,0.1232465365471755,,,,
bbbp,classification,3,stratified_scaffold_group,32,cat_60_d8,boosting,1276,763,0.8588127317791319,2.767898799967952,0.8588127317791319,0.940025794955744,0.1176080567977683,,,,
bace,classification,1,stratified_scaffold_group,1,logreg_l2_c0.1,linear,974,539,0.842140751862974,0.0093798000016249,0.842140751862974,0.7889175993866412,0.1628247069237339,,,,
bace,classification,1,stratified_scaffold_group,2,logreg_l2_c1,linear,974,539,0.8352588699810922,0.0156458999845199,0.8352588699810922,0.792702658494266,0.1795669865564838,,,,
bace,classification,1,stratified_scaffold_group,3,logreg_l2_c10,linear,974,539,0.8104979979979979,0.027965499961283,0.8104979979979979,0.7666577712022367,0.2204932541851507,,,,
bace,classification,1,stratified_scaffold_group,4,logreg_l1_c1,linear,974,539,0.8391794572350127,0.1048822000157088,0.8391794572350127,0.7917435647273035,0.1741044080675668,,,,
bace,classification,1,stratified_scaffold_group,5,rf_60_sqrt,bagging,974,539,0.8584765320876431,0.1459324000170454,0.8584765320876431,0.8360410732557866,0.1518963107620124,,,,
bace,classification,1,stratified_scaffold_group,6,rf_90_d12,bagging,974,539,0.8600197419641864,0.204511999967508,0.8600197419641864,0.8362582513370045,0.1550403158975705,,,,
bace,classification,1,stratified_scaffold_group,7,rf_90_leaf2,bagging,974,539,0.8654001223445668,0.208582799998112,0.8654001223445668,0.8403379362476268,0.1513763280037918,,,,
bace,classification,1,stratified_scaffold_group,8,rf_120_d20_leaf2,bagging,974,539,0.8622997997997998,0.2447356000193394,0.8622997997997998,0.834833714065339,0.1529112602383014,,,,
bace,classification,1,stratified_scaffold_group,9,et_60_sqrt,bagging,974,539,0.8533811589367144,0.0788336999830789,0.8533811589367144,0.8241645777554131,0.1541106450289576,,,,
bace,classification,1,stratified_scaffold_group,10,et_90_d12,bagging,974,539,0.8613127015904793,0.1015574000193737,0.8613127015904793,0.8368038727898363,0.1521746288298432,,,,
bace,classification,1,stratified_scaffold_group,11,et_90_leaf2,bagging,974,539,0.86181320209098,0.1030025000218302,0.86181320209098,0.8351987374702502,0.151974422605685,,,,
bace,classification,1,stratified_scaffold_group,12,et_120_d20_leaf2,bagging,974,539,0.8612709932154375,0.1474718999816104,0.8612709932154375,0.8354778239958631,0.1516020932769012,,,,
bace,classification,1,stratified_scaffold_group,13,histgb_lr0.05,boosting,974,539,0.8514556222889555,1.0902748000225984,0.8514556222889555,0.8267864154300197,0.1584124538520606,,,,
bace,classification,1,stratified_scaffold_group,14,histgb_lr0.1,boosting,974,539,0.8471109998887776,0.9379388999659568,0.8471109998887776,0.8122879293130078,0.1665106510428835,,,,
bace,classification,1,stratified_scaffold_group,15,gb_lr0.05_d2,boosting,974,539,0.8232329551773996,0.4541591000161133,0.8232329551773996,0.8034074157852014,0.1796959947380929,,,,
bace,classification,1,stratified_scaffold_group,16,gb_lr0.1_d3,boosting,974,539,0.835766321877433,0.6220892000128515,0.835766321877433,0.8041157004999109,0.1659637675323111,,,,
bace,classification,1,stratified_scaffold_group,17,lgbm_60_l15,boosting,974,539,0.8449908241574907,0.069353700033389,0.8449908241574907,0.8249785476067498,0.1614259983595716,,,,
bace,classification,1,stratified_scaffold_group,18,lgbm_90_l31,boosting,974,539,0.8533464019575132,0.097724899998866,0.8533464019575132,0.8269416721671078,0.1612133446305711,,,,
bace,classification,1,stratified_scaffold_group,19,lgbm_60_l63,boosting,974,539,0.854514236458681,0.1080551000195555,0.854514236458681,0.8244591487101702,0.1606868566006647,,,,
bace,classification,1,stratified_scaffold_group,20,lgbm_100_leaf10,boosting,974,539,0.8455330330330331,0.1113434999715536,0.8455330330330331,0.8151694693666507,0.1660148913081151,,,,
bace,classification,1,stratified_scaffold_group,21,lgbm_100_leaf30,boosting,974,539,0.8581011567122678,0.0817910999758169,0.8581011567122678,0.8320336344872786,0.1577217415862284,,,,
bace,classification,1,stratified_scaffold_group,22,lgbm_80_ff0.7,boosting,974,539,0.8583792125458792,0.0847655999823473,0.8583792125458792,0.8343901303544768,0.1605175360390069,,,,
bace,classification,1,stratified_scaffold_group,23,lgbm_80_bag0.8,boosting,974,539,0.8565301412523635,0.0996013000258244,0.8565301412523635,0.827304981120376,0.1611054668816256,,,,
bace,classification,1,stratified_scaffold_group,24,lgbm_120_l15,boosting,974,539,0.8509134134134134,0.0926830999669618,0.8509134134134134,0.8280058529332535,0.1603401918241844,,,,
bace,classification,1,stratified_scaffold_group,25,xgb_60_d3,boosting,974,539,0.8336530975419865,0.0732638000044971,0.8336530975419865,0.8106970498277273,0.1679390791810693,,,,
bace,classification,1,stratified_scaffold_group,26,xgb_80_d5,boosting,974,539,0.8444694694694695,0.0974919999716803,0.8444694694694695,0.8178878060540768,0.1611213055819403,,,,
bace,classification,1,stratified_scaffold_group,27,xgb_100_d3,boosting,974,539,0.8423284395506618,0.0879814000218175,0.8423284395506618,0.8181196820801034,0.1641673705283767,,,,
bace,classification,1,stratified_scaffold_group,28,xgb_60_d6,boosting,974,539,0.8514834278723168,0.0757803000160493,0.8514834278723168,0.8239529165455857,0.1575502992847421,,,,
bace,classification,1,stratified_scaffold_group,29,cat_60_d4,boosting,974,539,0.8422728283839395,0.2699486000346951,0.8422728283839395,0.8176214929229557,0.1666958953572097,,,,
bace,classification,1,stratified_scaffold_group,30,cat_80_d6,boosting,974,539,0.8486889667445223,0.8147569999564439,0.8486889667445223,0.8238920557162707,0.1620897262984987,,,,
bace,classification,1,stratified_scaffold_group,31,cat_100_d4,boosting,974,539,0.8435032254476699,0.4241858000168577,0.8435032254476699,0.8164128928258687,0.1645283144954377,,,,
bace,classification,1,stratified_scaffold_group,32,cat_60_d8,boosting,974,539,0.8575380936492047,2.054724499990698,0.8575380936492047,0.8084839642671455,0.1575273513135644,,,,
bace,classification,2,stratified_scaffold_group,1,logreg_l2_c0.1,linear,1056,457,0.8663956163956164,0.0068624000414274,0.8663956163956164,0.827644829526299,0.1488217820190368,,,,
bace,classification,2,stratified_scaffold_group,2,logreg_l2_c1,linear,1056,457,0.867117117117117,0.0120200000237673,0.867117117117117,0.8380464084382452,0.1481533663766918,,,,
bace,classification,2,stratified_scaffold_group,3,logreg_l2_c10,linear,1056,457,0.8334600834600834,0.0205085999914445,0.8334600834600834,0.8048556658568226,0.1911204780222336,,,,
bace,classification,2,stratified_scaffold_group,4,logreg_l1_c1,linear,1056,457,0.868043368043368,0.0704455999657511,0.868043368043368,0.8277836413392514,0.1439001282122865,,,,
bace,classification,2,stratified_scaffold_group,5,rf_60_sqrt,bagging,1056,457,0.8930618930618931,0.1101002999930642,0.8930618930618931,0.856181409471121,0.1328626532152771,,,,
bace,classification,2,stratified_scaffold_group,6,rf_90_d12,bagging,1056,457,0.8813326313326313,0.1752156000002287,0.8813326313326313,0.8413147536753554,0.1429267539080569,,,,
bace,classification,2,stratified_scaffold_group,7,rf_90_leaf2,bagging,1056,457,0.8843941343941345,0.1836721000145189,0.8843941343941345,0.851178297599444,0.1397741953954188,,,,
bace,classification,2,stratified_scaffold_group,8,rf_120_d20_leaf2,bagging,1056,457,0.8874556374556375,0.2334717999910935,0.8874556374556375,0.8490846568643492,0.138502824806334,,,,
bace,classification,2,stratified_scaffold_group,9,et_60_sqrt,bagging,1056,457,0.8837993837993837,0.0776305000181309,0.8837993837993837,0.842277187059698,0.1348287407819585,,,,
bace,classification,2,stratified_scaffold_group,10,et_90_d12,bagging,1056,457,0.8865781365781366,0.0969383000046946,0.8865781365781366,0.8575579979053942,0.1374278616160182,,,,
bace,classification,2,stratified_scaffold_group,11,et_90_leaf2,bagging,1056,457,0.8932861432861433,0.0999235999770462,0.8932861432861433,0.8626644665255601,0.1324658062726437,,,,
bace,classification,2,stratified_scaffold_group,12,et_120_d20_leaf2,bagging,1056,457,0.890985140985141,0.1282629999914206,0.890985140985141,0.8562785359172992,0.1326657273740646,,,,
bace,classification,2,stratified_scaffold_group,13,histgb_lr0.05,boosting,1056,457,0.8935688935688936,1.142482299997937,0.8935688935688936,0.8629516123947221,0.12712210518138,,,,
bace,classification,2,stratified_scaffold_group,14,histgb_lr0.1,boosting,1056,457,0.8948363948363949,0.906291000021156,0.8948363948363949,0.8647839583616047,0.1270785387832048,,,,
bace,classification,2,stratified_scaffold_group,15,gb_lr0.05_d2,boosting,1056,457,0.8576011076011076,0.4505978000233881,0.8576011076011076,0.8260677931376055,0.171575578864184,,,,
bace,classification,2,stratified_scaffold_group,16,gb_lr0.1_d3,boosting,1056,457,0.8891618891618891,0.6957288000266999,0.8891618891618891,0.8650648033829851,0.138257756690019,,,,
bace,classification,2,stratified_scaffold_group,17,lgbm_60_l15,boosting,1056,457,0.8885183885183885,0.0617469000280834,0.8885183885183885,0.8594096225529795,0.1348315677350973,,,,
bace,classification,2,stratified_scaffold_group,18,lgbm_90_l31,boosting,1056,457,0.8956553956553955,0.1140562999644316,0.8956553956553955,0.8627126102629643,0.1267104545578148,,,,
bace,classification,2,stratified_scaffold_group,19,lgbm_60_l63,boosting,1056,457,0.8987363987363988,0.0952446000301279,0.8987363987363988,0.8600452927010025,0.1274135711966553,,,,
bace,classification,2,stratified_scaffold_group,20,lgbm_100_leaf10,boosting,1056,457,0.8949046449046448,0.0995297000044956,0.8949046449046448,0.8619307438878704,0.128618297555927,,,,
bace,classification,2,stratified_scaffold_group,21,lgbm_100_leaf30,boosting,1056,457,0.8915798915798917,0.0766320999828167,0.8915798915798917,0.8552617451647945,0.1306076706188885,,,,
bace,classification,2,stratified_scaffold_group,22,lgbm_80_ff0.7,boosting,1056,457,0.8950216450216449,0.072758900001645,0.8950216450216449,0.8592630826621689,0.1276417838295507,,,,
bace,classification,2,stratified_scaffold_group,23,lgbm_80_bag0.8,boosting,1056,457,0.8904391404391405,0.0756899999687448,0.8904391404391405,0.8585815429405435,0.1296167677821788,,,,
bace,classification,2,stratified_scaffold_group,24,lgbm_120_l15,boosting,1056,457,0.8932763932763933,0.0707000999827869,0.8932763932763933,0.8556295153455438,0.1300960227394589,,,,
bace,classification,2,stratified_scaffold_group,25,xgb_60_d3,boosting,1056,457,0.8691743691743692,0.0681540000368841,0.8691743691743692,0.8405681837958011,0.1539068567552734,,,,
bace,classification,2,stratified_scaffold_group,26,xgb_80_d5,boosting,1056,457,0.890994890994891,0.1092330999672412,0.890994890994891,0.8588544879519537,0.1337807819014049,,,,
bace,classification,2,stratified_scaffold_group,27,xgb_100_d3,boosting,1056,457,0.8786611286611287,0.0934834000072442,0.8786611286611287,0.85350767584755,0.1470296409892298,,,,
bace,classification,2,stratified_scaffold_group,28,xgb_60_d6,boosting,1056,457,0.8858078858078858,0.0791108999983407,0.8858078858078858,0.8450196638809477,0.1351749496325634,,,,
bace,classification,2,stratified_scaffold_group,29,cat_60_d4,boosting,1056,457,0.8646211146211147,0.2675847999635152,0.8646211146211147,0.8321094442148479,0.1571616407170499,,,,
bace,classification,2,stratified_scaffold_group,30,cat_80_d6,boosting,1056,457,0.8794021294021295,0.8995149999973364,0.8794021294021295,0.8523590378381378,0.1448857378623873,,,,
bace,classification,2,stratified_scaffold_group,31,cat_100_d4,boosting,1056,457,0.8629148629148631,0.4304727999842725,0.8629148629148631,0.8268459550148209,0.1581550381349135,,,,
bace,classification,2,stratified_scaffold_group,32,cat_60_d8,boosting,1056,457,0.8785928785928785,2.491634600039106,0.8785928785928785,0.8552530204940383,0.1430396858007031,,,,
bace,classification,3,stratified_scaffold_group,1,logreg_l2_c0.1,linear,996,517,0.8504868913857678,0.0095450999797321,0.8504868913857678,0.8231060633828856,0.1555616892746122,,,,
bace,classification,3,stratified_scaffold_group,2,logreg_l2_c1,linear,996,517,0.8407790262172284,0.0116655000019818,0.8407790262172284,0.814763777658291,0.1632622892813559,,,,
bace,classification,3,stratified_scaffold_group,3,logreg_l2_c10,linear,996,517,0.8109513108614231,0.0200176000362262,0.8109513108614231,0.7976040060818459,0.2146786665176708,,,,
bace,classification,3,stratified_scaffold_group,4,logreg_l1_c1,linear,996,517,0.8355505617977528,0.1092458000057376,0.8355505617977528,0.8092050178290238,0.1671114165587655,,,,
bace,classification,3,stratified_scaffold_group,5,rf_60_sqrt,bagging,996,517,0.8719625468164793,0.145254599978216,0.8719625468164793,0.8356785480441862,0.1461768061708474,,,,
bace,classification,3,stratified_scaffold_group,6,rf_90_d12,bagging,996,517,0.8675805243445692,0.2162407000432722,0.8675805243445692,0.8344058230453004,0.1511088486874477,,,,
bace,classification,3,stratified_scaffold_group,7,rf_90_leaf2,bagging,996,517,0.8679250936329588,0.2206966999801807,0.8679250936329588,0.8375192728604093,0.1485036316616492,,,,
bace,classification,3,stratified_scaffold_group,8,rf_120_d20_leaf2,bagging,996,517,0.8691385767790262,0.2752040000050328,0.8691385767790262,0.8427973439607596,0.1475876257742646,,,,
bace,classification,3,stratified_scaffold_group,9,et_60_sqrt,bagging,996,517,0.874629213483146,0.0860337000340223,0.874629213483146,0.8529028918495493,0.1416980849956126,,,,
bace,classification,3,stratified_scaffold_group,10,et_90_d12,bagging,996,517,0.8689662921348315,0.1171643999987281,0.8689662921348315,0.8419381386384,0.1456125531005153,,,,
bace,classification,3,stratified_scaffold_group,11,et_90_leaf2,bagging,996,517,0.8740074906367041,0.1251102000242099,0.8740074906367041,0.8504060103544312,0.1433870903305014,,,,
bace,classification,3,stratified_scaffold_group,12,et_120_d20_leaf2,bagging,996,517,0.8715805243445691,0.164746299968101,0.8715805243445691,0.8446077034974718,0.1439891172151234,,,,
bace,classification,3,stratified_scaffold_group,13,histgb_lr0.05,boosting,996,517,0.853183520599251,1.316221899993252,0.853183520599251,0.816950413776599,0.1523698459470017,,,,
bace,classification,3,stratified_scaffold_group,14,histgb_lr0.1,boosting,996,517,0.8606217228464419,0.8805455000256188,0.8606217228464419,0.8264640456302883,0.1472419736833241,,,,
bace,classification,3,stratified_scaffold_group,15,gb_lr0.05_d2,boosting,996,517,0.8011235955056177,0.4339949999703094,0.8011235955056177,0.7659348189202511,0.1931766023126223,,,,
bace,classification,3,stratified_scaffold_group,16,gb_lr0.1_d3,boosting,996,517,0.8364194756554306,0.6834081999841146,0.8364194756554306,0.7967376334914297,0.1613311086805938,,,,
bace,classification,3,stratified_scaffold_group,17,lgbm_60_l15,boosting,996,517,0.8453258426966292,0.0569333000457845,0.8453258426966292,0.8074435354623519,0.1580420466031396,,,,
bace,classification,3,stratified_scaffold_group,18,lgbm_90_l31,boosting,996,517,0.8561947565543071,0.0873538000159896,0.8561947565543071,0.816705758561262,0.1503581290666651,,,,
bace,classification,3,stratified_scaffold_group,19,lgbm_60_l63,boosting,996,517,0.8518576779026218,0.0709309000521898,0.8518576779026218,0.816456007486482,0.1564297571678915,,,,
bace,classification,3,stratified_scaffold_group,20,lgbm_100_leaf10,boosting,996,517,0.8472434456928839,0.1034885999979451,0.8472434456928839,0.813213131217955,0.1568772047060614,,,,
bace,classification,3,stratified_scaffold_group,21,lgbm_100_leaf30,boosting,996,517,0.854374531835206,0.0800400000298395,0.854374531835206,0.8225649469079312,0.1509632249180457,,,,
bace,classification,3,stratified_scaffold_group,22,lgbm_80_ff0.7,boosting,996,517,0.8519550561797752,0.0959046000498347,0.8519550561797752,0.818526624334035,0.1554686893940526,,,,
bace,classification,3,stratified_scaffold_group,23,lgbm_80_bag0.8,boosting,996,517,0.8655880149812736,0.2020589999738149,0.8655880149812736,0.8364333762486684,0.1449423614901824,,,,
bace,classification,3,stratified_scaffold_group,24,lgbm_120_l15,boosting,996,517,0.8551385767790262,0.0939568000030703,0.8551385767790262,0.8165861966906169,0.1502168353925587,,,,
bace,classification,3,stratified_scaffold_group,25,xgb_60_d3,boosting,996,517,0.8365318352059926,0.0620797000010497,0.8365318352059926,0.8046026527896526,0.1694510861494503,,,,
bace,classification,3,stratified_scaffold_group,26,xgb_80_d5,boosting,996,517,0.8475805243445692,0.0886006000218913,0.8475805243445692,0.8150927664395632,0.1577501157950715,,,,
bace,classification,3,stratified_scaffold_group,27,xgb_100_d3,boosting,996,517,0.8234831460674157,0.0843395999982021,0.8234831460674157,0.791955415873152,0.1734099862611137,,,,
bace,classification,3,stratified_scaffold_group,28,xgb_60_d6,boosting,996,517,0.8516479400749063,0.0794536999892443,0.8516479400749063,0.8189593120169246,0.1539021909524721,,,,
bace,classification,3,stratified_scaffold_group,29,cat_60_d4,boosting,996,517,0.8322696629213483,0.2746519999927841,0.8322696629213483,0.7990983558803603,0.172654036645193,,,,
bace,classification,3,stratified_scaffold_group,30,cat_80_d6,boosting,996,517,0.8357153558052435,0.9076029999996535,0.8357153558052435,0.8009084037596476,0.1683613979936659,,,,
bace,classification,3,stratified_scaffold_group,31,cat_100_d4,boosting,996,517,0.8342022471910111,0.4202957000234164,0.8342022471910111,0.7943682665987545,0.1721521506517532,,,,
bace,classification,3,stratified_scaffold_group,32,cat_60_d8,boosting,996,517,0.8558501872659176,2.243119699996896,0.8558501872659176,0.8212495043057819,0.1552407823197406,,,,
clintox,classification,1,stratified_scaffold_group,1,logreg_l2_c0.1,linear,1058,422,0.7916666666666666,0.0062158000073395,0.7916666666666666,0.36196177240069,0.0977526185610178,,,,
clintox,classification,1,stratified_scaffold_group,2,logreg_l2_c1,linear,1058,422,0.7580180921052632,0.0128223999636247,0.7580180921052632,0.3606322249363136,0.0816090345166352,,,,
clintox,classification,1,stratified_scaffold_group,3,logreg_l2_c10,linear,1058,422,0.7432839912280702,0.0126553000300191,0.7432839912280702,0.3441139401226342,0.0832406864772599,,,,
clintox,classification,1,stratified_scaffold_group,4,logreg_l1_c1,linear,1058,422,0.7918722587719298,0.0256221999879926,0.7918722587719298,0.4056639487370704,0.0859729936303261,,,,
clintox,classification,1,stratified_scaffold_group,5,rf_60_sqrt,bagging,1058,422,0.8092447916666666,0.1126367000397294,0.8092447916666666,0.3714479695166751,0.0695762635980095,,,,
clintox,classification,1,stratified_scaffold_group,6,rf_90_d12,bagging,1058,422,0.7691200657894737,0.1907512000179849,0.7691200657894737,0.3670667832203205,0.0749974827917631,,,,
clintox,classification,1,stratified_scaffold_group,7,rf_90_leaf2,bagging,1058,422,0.784265350877193,0.2158174000214785,0.784265350877193,0.336068686214783,0.0736383821417226,,,,
clintox,classification,1,stratified_scaffold_group,8,rf_120_d20_leaf2,bagging,1058,422,0.784813596491228,0.2689771999721415,0.784813596491228,0.3529984399798465,0.0731234669665037,,,,
clintox,classification,1,stratified_scaffold_group,9,et_60_sqrt,bagging,1058,422,0.7791255482456141,0.0830085999914445,0.7791255482456141,0.3399231380826405,0.0703835676080213,,,,
clintox,classification,1,stratified_scaffold_group,10,et_90_d12,bagging,1058,422,0.7654879385964912,0.1218013000325299,0.7654879385964912,0.3352289581933774,0.0812248519168065,,,,
clintox,classification,1,stratified_scaffold_group,11,et_90_leaf2,bagging,1058,422,0.7828947368421052,0.1258203999605029,0.7828947368421052,0.3324744189073236,0.072224318898298,,,,
clintox,classification,1,stratified_scaffold_group,12,et_120_d20_leaf2,bagging,1058,422,0.791529605263158,0.1661332999938167,0.791529605263158,0.3652199513646202,0.071782752097286,,,,
clintox,classification,1,stratified_scaffold_group,13,histgb_lr0.05,boosting,1058,422,0.7728549890350876,1.3160125999711454,0.7728549890350876,0.3565898799506052,0.0720968966304547,,,,
clintox,classification,1,stratified_scaffold_group,14,histgb_lr0.1,boosting,1058,422,0.7665844298245613,0.8886351000401191,0.7665844298245613,0.3816138531538583,0.0728151950059792,,,,
clintox,classification,1,stratified_scaffold_group,15,gb_lr0.05_d2,boosting,1058,422,0.7557908442982457,0.4529348999494687,0.7557908442982457,0.2893210001120372,0.0744350217949813,,,,
clintox,classification,1,stratified_scaffold_group,16,gb_lr0.1_d3,boosting,1058,422,0.7891995614035088,0.6833241000422277,0.7891995614035088,0.3635394161700047,0.0707510852153095,,,,
clintox,classification,1,stratified_scaffold_group,17,lgbm_60_l15,boosting,1058,422,0.7747738486842105,0.0602689000079408,0.7747738486842105,0.3739446114719175,0.0711218142467714,,,,
clintox,classification,1,stratified_scaffold_group,18,lgbm_90_l31,boosting,1058,422,0.7903988486842105,0.1250923000043258,0.7903988486842105,0.4285706272817075,0.0733205849868367,,,,
clintox,classification,1,stratified_scaffold_group,19,lgbm_60_l63,boosting,1058,422,0.8035224780701754,0.1065111000207252,0.8035224780701754,0.4373687892862217,0.0724824126460232,,,,
clintox,classification,1,stratified_scaffold_group,20,lgbm_100_leaf10,boosting,1058,422,0.7982113486842104,0.1841141000040806,0.7982113486842104,0.4254369902037792,0.0758078729457966,,,,
clintox,classification,1,stratified_scaffold_group,21,lgbm_100_leaf30,boosting,1058,422,0.7968749999999999,0.1238038000301458,0.7968749999999999,0.4087289607544349,0.0714262552307131,,,,
clintox,classification,1,stratified_scaffold_group,22,lgbm_80_ff0.7,boosting,1058,422,0.7708333333333334,0.0801479999790899,0.7708333333333334,0.3732927909844323,0.0739910853506365,,,,
clintox,classification,1,stratified_scaffold_group,23,lgbm_80_bag0.8,boosting,1058,422,0.7793311403508772,0.0801241999724879,0.7793311403508772,0.4277515163442044,0.0712459713510796,,,,
clintox,classification,1,stratified_scaffold_group,24,lgbm_120_l15,boosting,1058,422,0.7849849232456141,0.0740366000100039,0.7849849232456141,0.4179374436628746,0.0706650249033368,,,,
clintox,classification,1,stratified_scaffold_group,25,xgb_60_d3,boosting,1058,422,0.7757675438596492,0.0691839000210166,0.7757675438596492,0.360779956827698,0.0716843182544551,,,,
clintox,classification,1,stratified_scaffold_group,26,xgb_80_d5,boosting,1058,422,0.7930030153508772,0.10028610000154,0.7930030153508772,0.4055412347086994,0.0703963710393444,,,,
clintox,classification,1,stratified_scaffold_group,27,xgb_100_d3,boosting,1058,422,0.7660019188596492,0.0901424000039696,0.7660019188596492,0.3672253488224464,0.0711471806661651,,,,
clintox,classification,1,stratified_scaffold_group,28,xgb_60_d6,boosting,1058,422,0.7629865679824562,0.0842647000099532,0.7629865679824562,0.3817999702085451,0.0713944532665313,,,,
clintox,classification,1,stratified_scaffold_group,29,cat_60_d4,boosting,1058,422,0.772889254385965,0.3207323999959044,0.772889254385965,0.3718209716799462,0.0731764424349416,,,,
clintox,classification,1,stratified_scaffold_group,30,cat_80_d6,boosting,1058,422,0.7899533991228069,1.1848072999855503,0.7899533991228069,0.417878677116796,0.0724046893470677,,,,
clintox,classification,1,stratified_scaffold_group,31,cat_100_d4,boosting,1058,422,0.7746025219298246,0.4695515999919735,0.7746025219298246,0.3695027981807449,0.0747059755517808,,,,
clintox,classification,1,stratified_scaffold_group,32,cat_60_d8,boosting,1058,422,0.7759731359649124,3.012298899993766,0.7759731359649124,0.3229236127200245,0.0765370791953575,,,,
clintox,classification,2,stratified_scaffold_group,1,logreg_l2_c0.1,linear,1040,440,0.7977175245098039,0.0057557999971322,0.7977175245098039,0.3305587221290307,0.0976830870249564,,,,
clintox,classification,2,stratified_scaffold_group,2,logreg_l2_c1,linear,1040,440,0.7871476715686275,0.0076569999800994,0.7871476715686275,0.3697645639965631,0.0830333512016564,,,,
clintox,classification,2,stratified_scaffold_group,3,logreg_l2_c10,linear,1040,440,0.7771905637254902,0.0121593999792821,0.7771905637254902,0.365477394056357,0.0911769361464127,,,,
clintox,classification,2,stratified_scaffold_group,4,logreg_l1_c1,linear,1040,440,0.7795649509803921,0.0110129999811761,0.7795649509803921,0.3092100489068068,0.094876839981388,,,,
clintox,classification,2,stratified_scaffold_group,5,rf_60_sqrt,bagging,1040,440,0.7983685661764707,0.1504012999939732,0.7983685661764707,0.3627875722319041,0.0582366617277854,,,,
clintox,classification,2,stratified_scaffold_group,6,rf_90_d12,bagging,1040,440,0.7969898897058825,0.2022461000015027,0.7969898897058825,0.2884840727287326,0.0684000743830454,,,,
clintox,classification,2,stratified_scaffold_group,7,rf_90_leaf2,bagging,1040,440,0.8279335171568627,0.206627000006847,0.8279335171568627,0.4007984688573575,0.0614230225942875,,,,
clintox,classification,2,stratified_scaffold_group,8,rf_120_d20_leaf2,bagging,1040,440,0.8304610906862745,0.2701960999984294,0.8304610906862745,0.3934584909473327,0.0621418594767468,,,,
clintox,classification,2,stratified_scaffold_group,9,et_60_sqrt,bagging,1040,440,0.7999004289215687,0.0992318000062368,0.7999004289215687,0.3348530811521154,0.0587422785547785,,,,
clintox,classification,2,stratified_scaffold_group,10,et_90_d12,bagging,1040,440,0.776999080882353,0.1236398000037297,0.776999080882353,0.3007320670116755,0.0775060397574548,,,,
clintox,classification,2,stratified_scaffold_group,11,et_90_leaf2,bagging,1040,440,0.7878370098039216,0.1195823999587446,0.7878370098039216,0.3236347811935923,0.0628416758256563,,,,
clintox,classification,2,stratified_scaffold_group,12,et_120_d20_leaf2,bagging,1040,440,0.8089767156862745,0.1555485000135377,0.8089767156862745,0.3134736012076364,0.0636427952523691,,,,
clintox,classification,2,stratified_scaffold_group,13,histgb_lr0.05,boosting,1040,440,0.78515625,1.2345403999788689,0.78515625,0.313470566253724,0.0592951886124251,,,,
clintox,classification,2,stratified_scaffold_group,14,histgb_lr0.1,boosting,1040,440,0.7946155024509804,0.9134841000195592,0.7946155024509804,0.3172064157493837,0.0610706647381562,,,,
clintox,classification,2,stratified_scaffold_group,15,gb_lr0.05_d2,boosting,1040,440,0.7352558210784315,0.4159367999527603,0.7352558210784315,0.2451859833346883,0.0622770265358258,,,,
clintox,classification,2,stratified_scaffold_group,16,gb_lr0.1_d3,boosting,1040,440,0.7473958333333334,0.6745948999887332,0.7473958333333334,0.292763082776091,0.0627898248727043,,,,
clintox,classification,2,stratified_scaffold_group,17,lgbm_60_l15,boosting,1040,440,0.8021982230392157,0.0596759000327438,0.8021982230392157,0.3416783066214811,0.0573754694374599,,,,
clintox,classification,2,stratified_scaffold_group,18,lgbm_90_l31,boosting,1040,440,0.8088618259803921,0.0935463999630883,0.8088618259803921,0.3633405514818179,0.059036189925241,,,,
clintox,classification,2,stratified_scaffold_group,19,lgbm_60_l63,boosting,1040,440,0.8036534926470589,0.0969948999700136,0.8036534926470589,0.3460382085844481,0.0594689627102187,,,,
clintox,classification,2,stratified_scaffold_group,20,lgbm_100_leaf10,boosting,1040,440,0.7856541053921569,0.1192510999972,0.7856541053921569,0.3527146390619037,0.0603671308369933,,,,
clintox,classification,2,stratified_scaffold_group,21,lgbm_100_leaf30,boosting,1040,440,0.8221124387254902,0.115284800005611,0.8221124387254902,0.3575057550396072,0.0578137747786841,,,,
clintox,classification,2,stratified_scaffold_group,22,lgbm_80_ff0.7,boosting,1040,440,0.8070235906862745,0.0825979000073857,0.8070235906862745,0.3974299681425348,0.0564963034635094,,,,
clintox,classification,2,stratified_scaffold_group,23,lgbm_80_bag0.8,boosting,1040,440,0.8112362132352942,0.0876497999997809,0.8112362132352942,0.3654348745073165,0.0590596598368518,,,,
clintox,classification,2,stratified_scaffold_group,24,lgbm_120_l15,boosting,1040,440,0.7904411764705883,0.0795048000290989,0.7904411764705883,0.3514975717730924,0.0576061079408615,,,,
clintox,classification,2,stratified_scaffold_group,25,xgb_60_d3,boosting,1040,440,0.8249080882352942,0.063419200014323,0.8249080882352942,0.3368056086165424,0.0572962324048217,,,,
clintox,classification,2,stratified_scaffold_group,26,xgb_80_d5,boosting,1040,440,0.8275505514705883,0.0827031999942846,0.8275505514705883,0.4010639849766653,0.0560109611449735,,,,
clintox,classification,2,stratified_scaffold_group,27,xgb_100_d3,boosting,1040,440,0.8057215073529412,0.0803581000072881,0.8057215073529412,0.3232935875908452,0.0584425562108064,,,,
clintox,classification,2,stratified_scaffold_group,28,xgb_60_d6,boosting,1040,440,0.8414139093137255,0.0723315000068396,0.8414139093137255,0.3706588272988916,0.0567157311039608,,,,
clintox,classification,2,stratified_scaffold_group,29,cat_60_d4,boosting,1040,440,0.7845435049019609,0.3073983000358566,0.7845435049019609,0.2882234711303482,0.060876941679393,,,,
clintox,classification,2,stratified_scaffold_group,30,cat_80_d6,boosting,1040,440,0.788296568627451,1.1364928999682888,0.788296568627451,0.3007014930868537,0.0608083996250992,,,,
clintox,classification,2,stratified_scaffold_group,31,cat_100_d4,boosting,1040,440,0.7518765318627452,0.4818781999638304,0.7518765318627452,0.288479500533552,0.0616681232203332,,,,
clintox,classification,2,stratified_scaffold_group,32,cat_60_d8,boosting,1040,440,0.7531786151960784,3.120155500015244,0.7531786151960784,0.2728161573893886,0.0618797408077145,,,,
clintox,classification,3,stratified_scaffold_group,1,logreg_l2_c0.1,linear,862,618,0.820291832010582,0.00703809998231,0.820291832010582,0.3490684112585506,0.0876346957490666,,,,
clintox,classification,3,stratified_scaffold_group,2,logreg_l2_c1,linear,862,618,0.7964823082010581,0.0087433999869972,0.7964823082010581,0.3201807672537159,0.0675252657620616,,,,
clintox,classification,3,stratified_scaffold_group,3,logreg_l2_c10,linear,862,618,0.7767650462962963,0.0119392000488005,0.7767650462962963,0.2949427734131042,0.0697458769678966,,,,
clintox,classification,3,stratified_scaffold_group,4,logreg_l1_c1,linear,862,618,0.7937954695767195,0.0095011999947018,0.7937954695767195,0.251194075664962,0.0836865898566285,,,,
clintox,classification,3,stratified_scaffold_group,5,rf_60_sqrt,bagging,862,618,0.8515625,0.1088234999915584,0.8515625,0.3302717271269044,0.0549474680563927,,,,
clintox,classification,3,stratified_scaffold_group,6,rf_90_d12,bagging,862,618,0.8564608134920635,0.149580400029663,0.8564608134920635,0.3002801224893678,0.0591278769585524,,,,
clintox,classification,3,stratified_scaffold_group,7,rf_90_leaf2,bagging,862,618,0.8181836970899471,0.157526199996937,0.8181836970899471,0.3052743513825511,0.0580066461711715,,,,
clintox,classification,3,stratified_scaffold_group,8,rf_120_d20_leaf2,bagging,862,618,0.8302538029100529,0.2122686000075191,0.8302538029100529,0.2785165621733118,0.0589342806984082,,,,
clintox,classification,3,stratified_scaffold_group,9,et_60_sqrt,bagging,862,618,0.8660094246031746,0.0744578000158071,0.8660094246031746,0.323065933908711,0.0540354358178098,,,,
clintox,classification,3,stratified_scaffold_group,10,et_90_d12,bagging,862,618,0.8216972552910053,0.0926740000140853,0.8216972552910053,0.3199335761646074,0.0699180246001196,,,,
clintox,classification,3,stratified_scaffold_group,11,et_90_leaf2,bagging,862,618,0.8386450066137566,0.101476999989245,0.8386450066137566,0.3500282606252065,0.0563945349265286,,,,
clintox,classification,3,stratified_scaffold_group,12,et_120_d20_leaf2,bagging,862,618,0.8371155753968254,0.1182038000551983,0.8371155753968254,0.3177947452264074,0.0584783320127711,,,,
clintox,classification,3,stratified_scaffold_group,13,histgb_lr0.05,boosting,862,618,0.8005745701058201,0.958765499992296,0.8005745701058201,0.3567334973666969,0.0534413942695632,,,,
clintox,classification,3,stratified_scaffold_group,14,histgb_lr0.1,boosting,862,618,0.794828869047619,0.8171133000287227,0.794828869047619,0.290517784416786,0.058169231200687,,,,
clintox,classification,3,stratified_scaffold_group,15,gb_lr0.05_d2,boosting,862,618,0.7720940806878307,0.3599462999845855,0.7720940806878307,0.2328802043870782,0.0601893800024427,,,,
clintox,classification,3,stratified_scaffold_group,16,gb_lr0.1_d3,boosting,862,618,0.8166129298941799,0.5183743000379764,0.8166129298941799,0.2741696177691298,0.0592439461937463,,,,
clintox,classification,3,stratified_scaffold_group,17,lgbm_60_l15,boosting,862,618,0.796937003968254,0.0540257999673485,0.796937003968254,0.290477405062351,0.0564296816254228,,,,
clintox,classification,3,stratified_scaffold_group,18,lgbm_90_l31,boosting,862,618,0.8147528108465608,0.1108813000028021,0.8147528108465608,0.3618864489062158,0.0553687298713715,,,,
clintox,classification,3,stratified_scaffold_group,19,lgbm_60_l63,boosting,862,618,0.8095031415343915,0.0780617999844253,0.8095031415343915,0.3115767395474997,0.0566205388900092,,,,
clintox,classification,3,stratified_scaffold_group,20,lgbm_100_leaf10,boosting,862,618,0.8344700727513227,0.1243785999831743,0.8344700727513227,0.3221519472991173,0.0584124678843401,,,,
clintox,classification,3,stratified_scaffold_group,21,lgbm_100_leaf30,boosting,862,618,0.8271536044973544,0.0774260999751277,0.8271536044973544,0.3697245340668841,0.0537145629320634,,,,
clintox,classification,3,stratified_scaffold_group,22,lgbm_80_ff0.7,boosting,862,618,0.822482638888889,0.0793011999921873,0.822482638888889,0.3208870767617471,0.057892600100211,,,,
clintox,classification,3,stratified_scaffold_group,23,lgbm_80_bag0.8,boosting,862,618,0.8315765542328043,0.0854059000266715,0.8315765542328043,0.3760759290502998,0.0536121563389053,,,,
clintox,classification,3,stratified_scaffold_group,24,lgbm_120_l15,boosting,862,618,0.8128100198412698,0.0962952999980188,0.8128100198412698,0.3089063557039481,0.0562568455019354,,,,
clintox,classification,3,stratified_scaffold_group,25,xgb_60_d3,boosting,862,618,0.8348834325396826,0.0558089999831281,0.8348834325396826,0.3487477480975983,0.0543473908414418,,,,
clintox,classification,3,stratified_scaffold_group,26,xgb_80_d5,boosting,862,618,0.8365368716931217,0.0687680000555701,0.8365368716931217,0.3195259009392373,0.0541961489953496,,,,
clintox,classification,3,stratified_scaffold_group,27,xgb_100_d3,boosting,862,618,0.8311218584656085,0.0763327999738976,0.8311218584656085,0.3036600902270596,0.0551109210758315,,,,
clintox,classification,3,stratified_scaffold_group,28,xgb_60_d6,boosting,862,618,0.8532366071428572,0.0778122000047005,0.8532366071428572,0.4045345515116751,0.0520677015520054,,,,
clintox,classification,3,stratified_scaffold_group,29,cat_60_d4,boosting,862,618,0.7866856812169313,0.3140514999977313,0.7866856812169313,0.2553146388101642,0.0584142051392005,,,,
clintox,classification,3,stratified_scaffold_group,30,cat_80_d6,boosting,862,618,0.7976397156084656,1.1116144999978133,0.7976397156084656,0.292149684858188,0.0576892549002441,,,,
clintox,classification,3,stratified_scaffold_group,31,cat_100_d4,boosting,862,618,0.7970610119047619,0.4880302000092342,0.7970610119047619,0.2503452455467881,0.0584301211222703,,,,
clintox,classification,3,stratified_scaffold_group,32,cat_60_d8,boosting,862,618,0.7760623346560847,2.382964099990204,0.7760623346560847,0.2511869412113057,0.0584320168209356,,,,
esol,regression,1,seeded_scaffold_group_balanced,1,ridge_a0.1,linear,752,376,-2.602662272355812,0.0061545000062324,,,,2.602662272355812,1.9933289033301331,-1.3067173054152956,0.3927648240551423
esol,regression,1,seeded_scaffold_group_balanced,2,ridge_a1,linear,752,376,-1.9286590846211664,0.0055993999703787,,,,1.9286590846211664,1.509781125739534,-0.2666880545730827,0.4923837728413795
esol,regression,1,seeded_scaffold_group_balanced,3,ridge_a10,linear,752,376,-1.6076723657015235,0.0053162999683991,,,,1.6076723657015235,1.2869692698907345,0.1198557949193112,0.5645211847036244
esol,regression,1,seeded_scaffold_group_balanced,4,elasticnet_a0.001,linear,752,376,-1.9703038165886493,0.0430267000338062,,,,1.9703038165886493,1.5356286139247264,-0.32198076947401,0.4886881663813558
esol,regression,1,seeded_scaffold_group_balanced,5,rf_60_sqrt,bagging,752,376,-1.7491090637732392,0.0649090999504551,,,,1.7491090637732392,1.3694978429399105,-0.0418195935902521,0.457621978104093
esol,regression,1,seeded_scaffold_group_balanced,6,rf_90_d12,bagging,752,376,-1.7191517142443102,0.1001833999762311,,,,1.7191517142443102,1.3741679763002557,-0.0064382866133885,0.3889803513011019
esol,regression,1,seeded_scaffold_group_balanced,7,rf_90_leaf2,bagging,752,376,-1.715395487891509,0.105258599971421,,,,1.715395487891509,1.3799957072196116,-0.002045096626126,0.4260448093911523
esol,regression,1,seeded_scaffold_group_balanced,8,rf_120_d20_leaf2,bagging,752,376,-1.6988762619495223,0.1576007999829016,,,,1.6988762619495223,1.362831013999505,0.0171613276518696,0.4088346903302582
esol,regression,1,seeded_scaffold_group_balanced,9,et_60_sqrt,bagging,752,376,-1.8467483033380216,0.0640657999902032,,,,1.8467483033380216,1.4721848020094557,-0.1613795052664075,0.4436714019820799
esol,regression,1,seeded_scaffold_group_balanced,10,et_90_d12,bagging,752,376,-1.777694859340879,0.0809748999890871,,,,1.777694859340879,1.4271964235482304,-0.0761509007277285,0.3745814350816793
esol,regression,1,seeded_scaffold_group_balanced,11,et_90_leaf2,bagging,752,376,-1.7833317295784283,0.090139599982649,,,,1.7833317295784283,1.4344872614209423,-0.0829864275876715,0.4027335931123227
esol,regression,1,seeded_scaffold_group_balanced,12,et_120_d20_leaf2,bagging,752,376,-1.7795515948771898,0.1178725999779999,,,,1.7795515948771898,1.433741437812033,-0.0784000731252845,0.3916879721057863
esol,regression,1,seeded_scaffold_group_balanced,13,histgb_lr0.05,boosting,752,376,-1.762271040636416,1.5109376999898814,,,,1.762271040636416,1.3901343539777649,-0.0575578895340918,0.4658163828592854
esol,regression,1,seeded_scaffold_group_balanced,14,histgb_lr0.1,boosting,752,376,-1.7337972891459086,0.8064217999926768,,,,1.7337972891459086,1.3669817699634117,-0.0236591661590781,0.4988457220453769
esol,regression,1,seeded_scaffold_group_balanced,15,gb_lr0.05_d2,boosting,752,376,-1.8293523116893329,0.3487449000240303,,,,1.8293523116893329,1.484933380345456,-0.1396026421903469,0.3782939100776827
esol,regression,1,seeded_scaffold_group_balanced,16,gb_lr0.1_d3,boosting,752,376,-1.8023744909503647,0.4686703999759629,,,,1.8023744909503647,1.4357560760198098,-0.1062385912056047,0.4334249334500132
esol,regression,1,seeded_scaffold_group_balanced,17,lgbm_60_l15,boosting,752,376,-1.8217361979811584,0.03469399997266,,,,1.8217361979811584,1.4462198734104492,-0.1301334153356024,0.4162760419858119
esol,regression,1,seeded_scaffold_group_balanced,18,lgbm_90_l31,boosting,752,376,-1.829324945216396,0.0647142000379972,,,,1.829324945216396,1.4486802300095003,-0.1395685463287741,0.4366819913909823
esol,regression,1,seeded_scaffold_group_balanced,19,lgbm_60_l63,boosting,752,376,-1.7967053942026308,0.0460928000393323,,,,1.7967053942026308,1.4205174988915472,-0.0992905226418121,0.4689664377551529
esol,regression,1,seeded_scaffold_group_balanced,20,lgbm_100_leaf10,boosting,752,376,-1.7428471481828018,0.0879126000218093,,,,1.7428471481828018,1.3873014680296454,-0.034373392873845,0.5263309561794421
esol,regression,1,seeded_scaffold_group_balanced,21,lgbm_100_leaf30,boosting,752,376,-1.832071845051021,0.0548826999729499,,,,1.832071845051021,1.4553139968418414,-0.142993449992774,0.4580853865560625
esol,regression,1,seeded_scaffold_group_balanced,22,lgbm_80_ff0.7,boosting,752,376,-1.7927720625928896,0.128361799987033,,,,1.7927720625928896,1.4108518409428965,-0.0944826768131807,0.4866738375610552
esol,regression,1,seeded_scaffold_group_balanced,23,lgbm_80_bag0.8,boosting,752,376,-1.746400455615181,0.0542124999919906,,,,1.746400455615181,1.3873429758492113,-0.0385954423049483,0.5032959496530861
esol,regression,1,seeded_scaffold_group_balanced,24,lgbm_120_l15,boosting,752,376,-1.8023293384651824,0.0503022000193595,,,,1.8023293384651824,1.4163028081303488,-0.1061831656587053,0.4583247995951185
esol,regression,1,seeded_scaffold_group_balanced,25,xgb_60_d3,boosting,752,376,-1.8388242213163248,0.0486386999837122,,,,1.8388242213163248,1.464416294260228,-0.1514343248904985,0.4146231533985827
esol,regression,1,seeded_scaffold_group_balanced,26,xgb_80_d5,boosting,752,376,-1.8301283113935696,0.0803444000193849,,,,1.8301283113935696,1.464635372021731,-0.1405696717466722,0.441766598420836
esol,regression,1,seeded_scaffold_group_balanced,27,xgb_100_d3,boosting,752,376,-1.8043503627975512,0.0709571000188589,,,,1.8043503627975512,1.443499337684601,-0.1086653718716677,0.4280296696564148
esol,regression,1,seeded_scaffold_group_balanced,28,xgb_60_d6,boosting,752,376,-1.852158003055847,0.0686894000391475,,,,1.852158003055847,1.488135708642767,-0.1681935539183512,0.468652982988215
esol,regression,1,seeded_scaffold_group_balanced,29,cat_60_d4,boosting,752,376,-1.8048460950342533,0.1974293999955989,,,,1.8048460950342533,1.4615433123730184,-0.1092746511728075,0.3751014386014812
esol,regression,1,seeded_scaffold_group_balanced,30,cat_80_d6,boosting,752,376,-1.788096883506153,0.3264090000302531,,,,1.788096883506153,1.4416740831621069,-0.0887817506153199,0.4050857645047219
esol,regression,1,seeded_scaffold_group_balanced,31,cat_100_d4,boosting,752,376,-1.79038281142547,0.2987342000124044,,,,1.79038281142547,1.4454173414736915,-0.0915673575161259,0.3898812548967576
esol,regression,1,seeded_scaffold_group_balanced,32,cat_60_d8,boosting,752,376,-1.7831079951650326,0.5355376999941655,,,,1.7831079951650326,1.436469644102808,-0.0827147045765541,0.4269606763434053
esol,regression,2,seeded_scaffold_group_balanced,1,ridge_a0.1,linear,752,376,-2.9799128249360574,0.0078974000061862,,,,2.9799128249360574,2.225446787387767,-0.521049157349863,0.5138994762957879
esol,regression,2,seeded_scaffold_group_balanced,2,ridge_a1,linear,752,376,-2.06889219692249,0.0082460000412538,,,,2.06889219692249,1.6067475539788287,0.2668178984009284,0.6488175200467501
esol,regression,2,seeded_scaffold_group_balanced,3,ridge_a10,linear,752,376,-1.7523692359438414,0.0084154999931342,,,,1.7523692359438414,1.3607409301108504,0.4739980288052052,0.7338777424479517
esol,regression,2,seeded_scaffold_group_balanced,4,elasticnet_a0.001,linear,752,376,-2.1312059471970963,0.0253555999952368,,,,2.1312059471970963,1.648057112668423,0.221986791757183,0.6370139689807671
esol,regression,2,seeded_scaffold_group_balanced,5,rf_60_sqrt,bagging,752,376,-1.755769815079545,0.0888025999884121,,,,1.755769815079545,1.3505723151314306,0.4719545703337278,0.7512583875838207
esol,regression,2,seeded_scaffold_group_balanced,6,rf_90_d12,bagging,752,376,-1.9813109381059,0.1181090000318363,,,,1.9813109381059,1.5349010113612112,0.3275787874455469,0.7076144612363479
esol,regression,2,seeded_scaffold_group_balanced,7,rf_90_leaf2,bagging,752,376,-1.8649828024322936,0.1166008000145666,,,,1.8649828024322936,1.4431054717527383,0.4042201729655535,0.7485766191562468
esol,regression,2,seeded_scaffold_group_balanced,8,rf_120_d20_leaf2,bagging,752,376,-1.8984157432899285,0.1500713999848812,,,,1.8984157432899285,1.460819626637866,0.3826680069360562,0.7261932946787175
esol,regression,2,seeded_scaffold_group_balanced,9,et_60_sqrt,bagging,752,376,-1.7253622673113125,0.0675357999862171,,,,1.7253622673113125,1.3166155732860518,0.4900862497031871,0.7437382840559498
esol,regression,2,seeded_scaffold_group_balanced,10,et_90_d12,bagging,752,376,-1.9537192130080816,0.0912082000286318,,,,1.9537192130080816,1.5056036566531752,0.3461766506945346,0.7091385962237167
esol,regression,2,seeded_scaffold_group_balanced,11,et_90_leaf2,bagging,752,376,-1.843638459876082,0.0841613999800756,,,,1.843638459876082,1.414157755728061,0.4177792896275586,0.7366836720468851
esol,regression,2,seeded_scaffold_group_balanced,12,et_120_d20_leaf2,bagging,752,376,-1.8572786332179976,0.1065532999928109,,,,1.8572786332179976,1.427849231378743,0.40913229126121,0.7316810339989183
esol,regression,2,seeded_scaffold_group_balanced,13,histgb_lr0.05,boosting,752,376,-1.7300289079285252,0.9837449000333436,,,,1.7300289079285252,1.3366394186238515,0.4873241604526884,0.7438117000736739
esol,regression,2,seeded_scaffold_group_balanced,14,histgb_lr0.1,boosting,752,376,-1.6690710569648144,0.8786314000026323,,,,1.6690710569648144,1.2908408083405676,0.5228160986031141,0.7617721834475172
esol,regression,2,seeded_scaffold_group_balanced,15,gb_lr0.05_d2,boosting,752,376,-2.05534950487553,0.2776178999920375,,,,2.05534950487553,1.6148545484309662,0.2763851070045606,0.6555566785893128
esol,regression,2,seeded_scaffold_group_balanced,16,gb_lr0.1_d3,boosting,752,376,-1.8287177474771423,0.3999433999997563,,,,1.8287177474771423,1.424804383253493,0.4271650722223884,0.725108768183657
esol,regression,2,seeded_scaffold_group_balanced,17,lgbm_60_l15,boosting,752,376,-1.8310512246311943,0.0375430999556556,,,,1.8310512246311943,1.4170308564628968,0.4257022439167574,0.7112920012279169
esol,regression,2,seeded_scaffold_group_balanced,18,lgbm_90_l31,boosting,752,376,-1.7114731978699185,0.0513934000045992,,,,1.7114731978699185,1.318578429212704,0.498262760635055,0.7477143325102835
esol,regression,2,seeded_scaffold_group_balanced,19,lgbm_60_l63,boosting,752,376,-1.6848756900522257,0.0372234999667853,,,,1.6848756900522257,1.297361907526979,0.5137362896255495,0.7616059684143319
esol,regression,2,seeded_scaffold_group_balanced,20,lgbm_100_leaf10,boosting,752,376,-1.6986830311646333,0.0772605999954976,,,,1.6986830311646333,1.2897487073371152,0.505733896116795,0.7465860612277485
esol,regression,2,seeded_scaffold_group_balanced,21,lgbm_100_leaf30,boosting,752,376,-1.7261401012133704,0.0396267999894917,,,,1.7261401012133704,1.3134917308201024,0.4896263838370036,0.7466650939550421
esol,regression,2,seeded_scaffold_group_balanced,22,lgbm_80_ff0.7,boosting,752,376,-1.6811247697194052,0.0486272000125609,,,,1.6811247697194052,1.2919418346022362,0.5158989491005025,0.7595285732062044
esol,regression,2,seeded_scaffold_group_balanced,23,lgbm_80_bag0.8,boosting,752,376,-1.7015497297265805,0.0427622999995946,,,,1.7015497297265805,1.303936811912901,0.5040642408674756,0.7450057238377136
esol,regression,2,seeded_scaffold_group_balanced,24,lgbm_120_l15,boosting,752,376,-1.7310627939630212,0.0492457000073045,,,,1.7310627939630212,1.33965093184451,0.4867112148886683,0.7452378479910758
esol,regression,2,seeded_scaffold_group_balanced,25,xgb_60_d3,boosting,752,376,-1.920276210663128,0.0499305000412277,,,,1.920276210663128,1.4987677959977312,0.3683688576531518,0.7043457798694546
esol,regression,2,seeded_scaffold_group_balanced,26,xgb_80_d5,boosting,752,376,-1.7919255162865044,0.0885992999537848,,,,1.7919255162865044,1.3903270743838014,0.4499830941600183,0.7370786060287182
esol,regression,2,seeded_scaffold_group_balanced,27,xgb_100_d3,boosting,752,376,-1.8921415742726504,0.0952492000069469,,,,1.8921415742726504,1.4723457131398483,0.3867417666876294,0.7051013828325094
esol,regression,2,seeded_scaffold_group_balanced,28,xgb_60_d6,boosting,752,376,-1.7329110445844451,0.0862950999871827,,,,1.7329110445844451,1.3438151312051936,0.4856145559180658,0.746635977008657
esol,regression,2,seeded_scaffold_group_balanced,29,cat_60_d4,boosting,752,376,-2.0003419582665614,0.1829186000395566,,,,2.0003419582665614,1.5576003252153854,0.3145991788031838,0.6963674169235196
esol,regression,2,seeded_scaffold_group_balanced,30,cat_80_d6,boosting,752,376,-1.9343091830344128,0.3121388999861665,,,,1.9343091830344128,1.504855549642315,0.3591034725956525,0.7133838281959405
esol,regression,2,seeded_scaffold_group_balanced,31,cat_100_d4,boosting,752,376,-1.984475982324715,0.1902242000214755,,,,1.984475982324715,1.5522453079051532,0.3254287536363932,0.6928576096723912
esol,regression,2,seeded_scaffold_group_balanced,32,cat_60_d8,boosting,752,376,-1.904485759878376,0.473847699991893,,,,1.904485759878376,1.4756511220888642,0.3787139666823687,0.7211694449921704
esol,regression,3,seeded_scaffold_group_balanced,1,ridge_a0.1,linear,752,376,-2.403874715663856,0.0076722000376321,,,,2.403874715663856,1.860077714242834,-0.3435162372957254,0.5795614313134848
esol,regression,3,seeded_scaffold_group_balanced,2,ridge_a1,linear,752,376,-1.7280286633961068,0.0068295000237412,,,,1.7280286633961068,1.346559006841893,0.3057415977220937,0.6798818121589071
esol,regression,3,seeded_scaffold_group_balanced,3,ridge_a10,linear,752,376,-1.4365868688234091,0.0064591000555083,,,,1.4365868688234091,1.1334926508715812,0.5201748084057606,0.7255155395572354
esol,regression,3,seeded_scaffold_group_balanced,4,elasticnet_a0.001,linear,752,376,-1.762286312690716,0.0547921999823302,,,,1.762286312690716,1.3731629011643691,0.2779418125207683,0.6757725305054813
esol,regression,3,seeded_scaffold_group_balanced,5,rf_60_sqrt,bagging,752,376,-1.4089166130265116,0.0809689000016078,,,,1.4089166130265116,1.070902196453566,0.5384807282280302,0.7872186508997383
esol,regression,3,seeded_scaffold_group_balanced,6,rf_90_d12,bagging,752,376,-1.5175203007207845,0.0963295000256039,,,,1.5175203007207845,1.170968952408714,0.4645877792563174,0.7553889037217923
esol,regression,3,seeded_scaffold_group_balanced,7,rf_90_leaf2,bagging,752,376,-1.4480577285212488,0.0851316000334918,,,,1.4480577285212488,1.11955347568485,0.5124815992122129,0.7610407456196793
esol,regression,3,seeded_scaffold_group_balanced,8,rf_120_d20_leaf2,bagging,752,376,-1.4739957061857425,0.1091409000218845,,,,1.4739957061857425,1.140866651952985,0.494860072768282,0.7577786943153885
esol,regression,3,seeded_scaffold_group_balanced,9,et_60_sqrt,bagging,752,376,-1.4120388388663705,0.0599950999603606,,,,1.4120388388663705,1.065948434228301,0.536432964707426,0.7847129665778022
esol,regression,3,seeded_scaffold_group_balanced,10,et_90_d12,bagging,752,376,-1.491395062696094,0.0739268000470474,,,,1.491395062696094,1.1594855511047688,0.4828641301782893,0.7603902542125294
esol,regression,3,seeded_scaffold_group_balanced,11,et_90_leaf2,bagging,752,376,-1.4025459962370035,0.0735442000441253,,,,1.4025459962370035,1.0751888063183144,0.5426449423668869,0.7783143795765001
esol,regression,3,seeded_scaffold_group_balanced,12,et_120_d20_leaf2,bagging,752,376,-1.4432282259245153,0.0814430000027641,,,,1.4432282259245153,1.1139498780188348,0.5157280790564754,0.7645345267276967
esol,regression,3,seeded_scaffold_group_balanced,13,histgb_lr0.05,boosting,752,376,-1.416003755892385,0.9328551000216976,,,,1.416003755892385,1.1011260038924635,0.5338259750386494,0.7508727261519649
esol,regression,3,seeded_scaffold_group_balanced,14,histgb_lr0.1,boosting,752,376,-1.4138922152278184,0.7429477000259794,,,,1.4138922152278184,1.089860763605462,0.535215253110656,0.7501074135006204
esol,regression,3,seeded_scaffold_group_balanced,15,gb_lr0.05_d2,boosting,752,376,-1.5900222953895302,0.2715109999990091,,,,1.5900222953895302,1.2532052924289,0.4122052690949241,0.6936370713215375
esol,regression,3,seeded_scaffold_group_balanced,16,gb_lr0.1_d3,boosting,752,376,-1.430913121043944,0.4408166999928653,,,,1.430913121043944,1.1090876645966226,0.5239574283783914,0.7347240187117898
esol,regression,3,seeded_scaffold_group_balanced,17,lgbm_60_l15,boosting,752,376,-1.462782805983341,0.0431291999993845,,,,1.462782805983341,1.1396211489985153,0.5025161871163037,0.7324715132585026
esol,regression,3,seeded_scaffold_group_balanced,18,lgbm_90_l31,boosting,752,376,-1.414455575825025,0.0824811999918893,,,,1.414455575825025,1.0950149293242455,0.534844795483583,0.7553795928505745
esol,regression,3,seeded_scaffold_group_balanced,19,lgbm_60_l63,boosting,752,376,-1.4276339992844296,0.0518935000291094,,,,1.4276339992844296,1.1048841816399382,0.5261367541725943,0.7513309794655155
esol,regression,3,seeded_scaffold_group_balanced,20,lgbm_100_leaf10,boosting,752,376,-1.4300225735603338,0.1021173999761231,,,,1.4300225735603338,1.0781454201943568,0.5245497866231772,0.7507617708586493
esol,regression,3,seeded_scaffold_group_balanced,21,lgbm_100_leaf30,boosting,752,376,-1.4616734317325928,0.0751766000175848,,,,1.4616734317325928,1.147987426341679,0.503270484269787,0.7263057621122412
esol,regression,3,seeded_scaffold_group_balanced,22,lgbm_80_ff0.7,boosting,752,376,-1.422804530924108,0.0960673000081442,,,,1.422804530924108,1.1070231205129215,0.529337345805683,0.7507658061815714
esol,regression,3,seeded_scaffold_group_balanced,23,lgbm_80_bag0.8,boosting,752,376,-1.3898115201920809,0.0814734000014141,,,,1.3898115201920809,1.0750714663392644,0.55091238829659,0.7584902095294548
esol,regression,3,seeded_scaffold_group_balanced,24,lgbm_120_l15,boosting,752,376,-1.41784059302178,0.1179162999615073,,,,1.41784059302178,1.1045820441011411,0.532615750644405,0.748282526489955
esol,regression,3,seeded_scaffold_group_balanced,25,xgb_60_d3,boosting,752,376,-1.4985259014554184,0.0727310999645851,,,,1.4985259014554184,1.1557662557122554,0.4779071225729226,0.7181091156929024
esol,regression,3,seeded_scaffold_group_balanced,26,xgb_80_d5,boosting,752,376,-1.4296764839740832,0.1122129000141285,,,,1.4296764839740832,1.0997897727254855,0.5247798927193075,0.7457960391730042
esol,regression,3,seeded_scaffold_group_balanced,27,xgb_100_d3,boosting,752,376,-1.4824043697932106,0.0892894999706186,,,,1.4824043697932106,1.1595539807766042,0.4890803175737785,0.7247226556789219
esol,regression,3,seeded_scaffold_group_balanced,28,xgb_60_d6,boosting,752,376,-1.3870830576108877,0.0983000999549403,,,,1.3870830576108877,1.0709287524140103,0.5526739451125073,0.7541313281802703
esol,regression,3,seeded_scaffold_group_balanced,29,cat_60_d4,boosting,752,376,-1.5681991347241786,0.172976000001654,,,,1.5681991347241786,1.224655096889959,0.42822958457803,0.708232996310038
esol,regression,3,seeded_scaffold_group_balanced,30,cat_80_d6,boosting,752,376,-1.5378022748500166,0.363849300018046,,,,1.5378022748500166,1.1896819769935525,0.4501803480688742,0.7309458978312615
esol,regression,3,seeded_scaffold_group_balanced,31,cat_100_d4,boosting,752,376,-1.5693156245893127,0.2340761999948881,,,,1.5693156245893127,1.229011356534024,0.4274151432129651,0.7160156298941525
esol,regression,3,seeded_scaffold_group_balanced,32,cat_60_d8,boosting,752,376,-1.516589444318163,0.626333899970632,,,,1.516589444318163,1.1712466765158764,0.4652444281790879,0.7252855735659893
freesolv,regression,1,seeded_scaffold_group_balanced,1,ridge_a0.1,linear,428,214,-3.3292096321811546,0.0051353999879211,,,,3.3292096321811546,2.1573257965239407,0.3711996585491585,0.6795319517857147
freesolv,regression,1,seeded_scaffold_group_balanced,2,ridge_a1,linear,428,214,-3.004659970650264,0.0053758999565616,,,,3.004659970650264,1.885009770716462,0.4878217330904455,0.7543622377772107
freesolv,regression,1,seeded_scaffold_group_balanced,3,ridge_a10,linear,428,214,-3.0895424029687195,0.0046685999841429,,,,3.0895424029687195,1.8600509619712828,0.4584746344538494,0.7804303584823639
freesolv,regression,1,seeded_scaffold_group_balanced,4,elasticnet_a0.001,linear,428,214,-3.099961281433393,0.0237144999555312,,,,3.099961281433393,1.9865351906112425,0.4548160988842945,0.7293832989672727
freesolv,regression,1,seeded_scaffold_group_balanced,5,rf_60_sqrt,bagging,428,214,-3.1905867041108458,0.0636889999732375,,,,3.1905867041108458,1.872293279001632,0.4224739398269648,0.790010751004188
freesolv,regression,1,seeded_scaffold_group_balanced,6,rf_90_d12,bagging,428,214,-3.4457312845047445,0.0846791999647393,,,,3.4457312845047445,2.171680593970888,0.3264136219657254,0.7576009337955671
freesolv,regression,1,seeded_scaffold_group_balanced,7,rf_90_leaf2,bagging,428,214,-3.3884279782594304,0.0856737999711185,,,,3.3884279782594304,2.0791340717756683,0.3486311255834711,0.7468232950311978
freesolv,regression,1,seeded_scaffold_group_balanced,8,rf_120_d20_leaf2,bagging,428,214,-3.402669405097668,0.1012303000316023,,,,3.402669405097668,2.104303208200499,0.3431442647474483,0.7486573491321215
freesolv,regression,1,seeded_scaffold_group_balanced,9,et_60_sqrt,bagging,428,214,-3.132705231116328,0.0422396999783813,,,,3.132705231116328,1.8141269470404984,0.4432380484200506,0.7928129913270657
freesolv,regression,1,seeded_scaffold_group_balanced,10,et_90_d12,bagging,428,214,-3.4600795869659597,0.0571598000242374,,,,3.4600795869659597,2.1759091913925115,0.3207922064619293,0.7612647761555337
freesolv,regression,1,seeded_scaffold_group_balanced,11,et_90_leaf2,bagging,428,214,-3.302948061551504,0.0568590000038966,,,,3.302948061551504,2.02448015674682,0.3810807751530601,0.7528418091949435
freesolv,regression,1,seeded_scaffold_group_balanced,12,et_120_d20_leaf2,bagging,428,214,-3.332395215286464,0.0885614999569952,,,,3.332395215286464,2.055997640990931,0.3699957367145386,0.7587629099516143
freesolv,regression,1,seeded_scaffold_group_balanced,13,histgb_lr0.05,boosting,428,214,-3.3255448574157573,1.0135406000190414,,,,3.3255448574157573,2.10543946059851,0.3725832561814888,0.6771341535866362
freesolv,regression,1,seeded_scaffold_group_balanced,14,histgb_lr0.1,boosting,428,214,-3.2961826421052867,0.866308799944818,,,,3.2961826421052867,2.0792020235074866,0.3836136395620741,0.6808690472893307
freesolv,regression,1,seeded_scaffold_group_balanced,15,gb_lr0.05_d2,boosting,428,214,-3.4482246466684345,0.2037458999548107,,,,3.4482246466684345,2.1724897885180923,0.3254384429404231,0.7458209630896168
freesolv,regression,1,seeded_scaffold_group_balanced,16,gb_lr0.1_d3,boosting,428,214,-3.1074613766480588,0.2849055999540724,,,,3.1074613766480588,1.819896022821042,0.4521748545534908,0.8068445785617455
freesolv,regression,1,seeded_scaffold_group_balanced,17,lgbm_60_l15,boosting,428,214,-3.335452322252772,0.05196040001465,,,,3.335452322252772,2.0974793598297734,0.3688392869298929,0.6754610012671819
freesolv,regression,1,seeded_scaffold_group_balanced,18,lgbm_90_l31,boosting,428,214,-3.3249987644871672,0.0395625000237487,,,,3.3249987644871672,2.097252960142117,0.3727892974349014,0.678749529428308
freesolv,regression,1,seeded_scaffold_group_balanced,19,lgbm_60_l63,boosting,428,214,-3.3308300690219155,0.0272863999707624,,,,3.3308300690219155,2.089545067836036,0.3705873935822746,0.6776138055055425
freesolv,regression,1,seeded_scaffold_group_balanced,20,lgbm_100_leaf10,boosting,428,214,-3.0338802991949163,0.0945274000405334,,,,3.0338802991949163,1.779380653840073,0.4778114226633436,0.7949200759310326
freesolv,regression,1,seeded_scaffold_group_balanced,21,lgbm_100_leaf30,boosting,428,214,-3.466697958335288,0.0437388999853283,,,,3.466697958335288,2.19698235722257,0.318191371126619,0.6243264511702937
freesolv,regression,1,seeded_scaffold_group_balanced,22,lgbm_80_ff0.7,boosting,428,214,-3.339975759498509,0.0577581000397913,,,,3.339975759498509,2.121174423237124,0.3671262048386944,0.6678746469032376
freesolv,regression,1,seeded_scaffold_group_balanced,23,lgbm_80_bag0.8,boosting,428,214,-3.3715641699249983,0.032233299978543,,,,3.3715641699249983,2.103144039545068,0.3550985644612837,0.6625913098598583
freesolv,regression,1,seeded_scaffold_group_balanced,24,lgbm_120_l15,boosting,428,214,-3.33713962146905,0.0456057999981567,,,,3.33713962146905,2.112099543800119,0.3682005571640204,0.6720485985112429
freesolv,regression,1,seeded_scaffold_group_balanced,25,xgb_60_d3,boosting,428,214,-3.2184926318798195,0.0520816000062041,,,,3.2184926318798195,1.9286936242551167,0.4123272917595689,0.8010898150760424
freesolv,regression,1,seeded_scaffold_group_balanced,26,xgb_80_d5,boosting,428,214,-3.090735170840328,0.0854693000437691,,,,3.090735170840328,1.7558096850031517,0.4580564244691902,0.8264810320018445
freesolv,regression,1,seeded_scaffold_group_balanced,27,xgb_100_d3,boosting,428,214,-3.228422384282063,0.0749014999601058,,,,3.228422384282063,1.928250105324958,0.4086955007536895,0.7934726105602152
freesolv,regression,1,seeded_scaffold_group_balanced,28,xgb_60_d6,boosting,428,214,-3.09330333072055,0.0713132999953813,,,,3.09330333072055,1.771601428715425,0.4571554246042713,0.8248611785702495
freesolv,regression,1,seeded_scaffold_group_balanced,29,cat_60_d4,boosting,428,214,-3.3584763382415117,0.1357294000335969,,,,3.3584763382415117,2.1044032236834243,0.3600956394099812,0.7583910102319998
freesolv,regression,1,seeded_scaffold_group_balanced,30,cat_80_d6,boosting,428,214,-3.336356482008593,0.2448788000037893,,,,3.336356482008593,2.0853655642790936,0.368497056006801,0.7482217288907839
freesolv,regression,1,seeded_scaffold_group_balanced,31,cat_100_d4,boosting,428,214,-3.331071236929909,0.1310288999811746,,,,3.331071236929909,2.09097632862426,0.370496245361731,0.7573952361149698
freesolv,regression,1,seeded_scaffold_group_balanced,32,cat_60_d8,boosting,428,214,-3.314254550137479,0.2170667999889701,,,,3.314254550137479,2.0182049304223084,0.3768362152703642,0.7714024723059064
freesolv,regression,2,seeded_scaffold_group_balanced,1,ridge_a0.1,linear,428,214,-4.0700768596803645,0.003458600025624,,,,4.0700768596803645,2.7069082611743536,-0.0374511269494139,0.5753399706649445
freesolv,regression,2,seeded_scaffold_group_balanced,2,ridge_a1,linear,428,214,-3.10952635116346,0.003206199966371,,,,3.10952635116346,2.006592576637446,0.3944487447547772,0.6977676717052869
freesolv,regression,2,seeded_scaffold_group_balanced,3,ridge_a10,linear,428,214,-3.211666744232711,0.0036489000194706,,,,3.211666744232711,2.1329685474779003,0.3540135995005657,0.655635585876735
freesolv,regression,2,seeded_scaffold_group_balanced,4,elasticnet_a0.001,linear,428,214,-3.26485800272045,0.0177555000409483,,,,3.26485800272045,2.112164781739778,0.3324389017258587,0.6809893720880269
freesolv,regression,2,seeded_scaffold_group_balanced,5,rf_60_sqrt,bagging,428,214,-3.136414749740563,0.0675421000341884,,,,3.136414749740563,2.0376248986302725,0.3839309365414124,0.7095233416075483
freesolv,regression,2,seeded_scaffold_group_balanced,6,rf_90_d12,bagging,428,214,-3.361782742401396,0.0851614999701269,,,,3.361782742401396,2.3243711595246865,0.2922144164509676,0.6772336675986286
freesolv,regression,2,seeded_scaffold_group_balanced,7,rf_90_leaf2,bagging,428,214,-3.2979460091688546,0.0839261999935843,,,,3.2979460091688546,2.235644966001716,0.3188394167274667,0.6579645566755581
freesolv,regression,2,seeded_scaffold_group_balanced,8,rf_120_d20_leaf2,bagging,428,214,-3.2928488939180878,0.1072140000178478,,,,3.2928488939180878,2.2376091092057053,0.3209433147061428,0.6736324567051801
freesolv,regression,2,seeded_scaffold_group_balanced,9,et_60_sqrt,bagging,428,214,-2.974018047903509,0.0524538999889045,,,,2.974018047903509,1.9265758047767396,0.4460767107142497,0.7323801940871654
freesolv,regression,2,seeded_scaffold_group_balanced,10,et_90_d12,bagging,428,214,-3.289726108833653,0.0626824999926611,,,,3.289726108833653,2.2331559222295256,0.3222306756764775,0.6945142146009372
freesolv,regression,2,seeded_scaffold_group_balanced,11,et_90_leaf2,bagging,428,214,-3.146649230964855,0.0873729999875649,,,,3.146649230964855,2.1022959568334865,0.3799037685956771,0.6878891375730548
freesolv,regression,2,seeded_scaffold_group_balanced,12,et_120_d20_leaf2,bagging,428,214,-3.184791045315289,0.103155999968294,,,,3.184791045315289,2.137053146174088,0.3647797818456699,0.6937085033571804
freesolv,regression,2,seeded_scaffold_group_balanced,13,histgb_lr0.05,boosting,428,214,-3.4966721509610914,0.919009500008542,,,,3.4966721509610914,2.410853799157374,0.2342760077682969,0.5031356186441197
freesolv,regression,2,seeded_scaffold_group_balanced,14,histgb_lr0.1,boosting,428,214,-3.3933951855694517,0.844835800002329,,,,3.3933951855694517,2.3358120497898507,0.2788405408303378,0.525190852313561
freesolv,regression,2,seeded_scaffold_group_balanced,15,gb_lr0.05_d2,boosting,428,214,-3.3206933669924856,0.2084486000239849,,,,3.3206933669924856,2.4004015698916663,0.309410493412347,0.6126694839443991
freesolv,regression,2,seeded_scaffold_group_balanced,16,gb_lr0.1_d3,boosting,428,214,-3.0396042553228013,0.2454801999847404,,,,3.0396042553228013,2.1346467948018497,0.4213759065889918,0.6569427120442521
freesolv,regression,2,seeded_scaffold_group_balanced,17,lgbm_60_l15,boosting,428,214,-3.508474713932643,0.0228475000476464,,,,3.508474713932643,2.4554935724386118,0.2290980798929303,0.4869777747618228
freesolv,regression,2,seeded_scaffold_group_balanced,18,lgbm_90_l31,boosting,428,214,-3.469192260066684,0.0564546000096015,,,,3.469192260066684,2.4047740303802225,0.2462641654464112,0.502096945623056
freesolv,regression,2,seeded_scaffold_group_balanced,19,lgbm_60_l63,boosting,428,214,-3.5001229619741068,0.0224554000305943,,,,3.5001229619741068,2.424841202259803,0.2327638999541323,0.4970746861166074
freesolv,regression,2,seeded_scaffold_group_balanced,20,lgbm_100_leaf10,boosting,428,214,-2.858791309240426,0.1246245999936945,,,,2.858791309240426,2.0111972917199257,0.488168121037226,0.6392450187233929
freesolv,regression,2,seeded_scaffold_group_balanced,21,lgbm_100_leaf30,boosting,428,214,-3.619297950572266,0.0216330999974161,,,,3.619297950572266,2.530958053961897,0.1796274892955716,0.4434984734070331
freesolv,regression,2,seeded_scaffold_group_balanced,22,lgbm_80_ff0.7,boosting,428,214,-3.466389675028861,0.0776909000123851,,,,3.466389675028861,2.3746215315531902,0.2474814836922582,0.517209616421998
freesolv,regression,2,seeded_scaffold_group_balanced,23,lgbm_80_bag0.8,boosting,428,214,-3.461083704531182,0.021684399980586,,,,3.461083704531182,2.4325832642057774,0.249783466745615,0.5082482154525613
freesolv,regression,2,seeded_scaffold_group_balanced,24,lgbm_120_l15,boosting,428,214,-3.483150637334288,0.0849270999897271,,,,3.483150637334288,2.410442516577713,0.2401866154276294,0.4985318337384362
freesolv,regression,2,seeded_scaffold_group_balanced,25,xgb_60_d3,boosting,428,214,-3.142174271866929,0.0389394000521861,,,,3.142174271866929,2.208310188294571,0.3816662352223793,0.6393282537406323
freesolv,regression,2,seeded_scaffold_group_balanced,26,xgb_80_d5,boosting,428,214,-3.0272860171435205,0.1074016000493429,,,,3.0272860171435205,2.0867565855282906,0.4260562440004971,0.665392274360943
freesolv,regression,2,seeded_scaffold_group_balanced,27,xgb_100_d3,boosting,428,214,-3.1142319740633013,0.0546883999486453,,,,3.1142319740633013,2.1877329224779785,0.3926146056660431,0.6495123627927492
freesolv,regression,2,seeded_scaffold_group_balanced,28,xgb_60_d6,boosting,428,214,-2.9812105868233028,0.0861385000171139,,,,2.9812105868233028,2.020997505797961,0.4433941899894371,0.6877600706042364
freesolv,regression,2,seeded_scaffold_group_balanced,29,cat_60_d4,boosting,428,214,-3.3210343600777823,0.1357476999983191,,,,3.3210343600777823,2.358262434627197,0.3092686565661083,0.5933505012012387
freesolv,regression,2,seeded_scaffold_group_balanced,30,cat_80_d6,boosting,428,214,-3.222464271121951,0.2570712000015192,,,,3.222464271121951,2.2775049682552253,0.3496627243636256,0.6251921298507191
freesolv,regression,2,seeded_scaffold_group_balanced,31,cat_100_d4,boosting,428,214,-3.311212184378069,0.2155677999835461,,,,3.311212184378069,2.3504462470208614,0.313348380594316,0.5891293134518398
freesolv,regression,2,seeded_scaffold_group_balanced,32,cat_60_d8,boosting,428,214,-3.147508978795601,0.4259956000023521,,,,3.147508978795601,2.183294323654781,0.3795648689072878,0.6592445404774939
freesolv,regression,3,seeded_scaffold_group_balanced,1,ridge_a0.1,linear,428,214,-4.402407545175226,0.0048552000080235,,,,4.402407545175226,3.333673317788918,-0.8323452209844995,0.4884660726439763
freesolv,regression,3,seeded_scaffold_group_balanced,2,ridge_a1,linear,428,214,-2.5744952292980354,0.0040404999745078,,,,2.5744952292980354,1.9798670700331715,0.3733702721553706,0.7059525810808503
freesolv,regression,3,seeded_scaffold_group_balanced,3,ridge_a10,linear,428,214,-1.9629600944471752,0.0037850000080652,,,,1.9629600944471752,1.5635374808979925,0.63570790010792,0.8090711419952418
freesolv,regression,3,seeded_scaffold_group_balanced,4,elasticnet_a0.001,linear,428,214,-3.1618688556109347,0.0319496000302024,,,,3.1618688556109347,2.423684911638776,0.0548200135775143,0.632324629404434
freesolv,regression,3,seeded_scaffold_group_balanced,5,rf_60_sqrt,bagging,428,214,-2.10080006202141,0.067529399995692,,,,2.10080006202141,1.6707256013910805,0.5827500871048186,0.8157678760063065
freesolv,regression,3,seeded_scaffold_group_balanced,6,rf_90_d12,bagging,428,214,-2.3679229712668564,0.0884174000238999,,,,2.3679229712668564,1.931764996039658,0.469894936172095,0.7500599235223507
freesolv,regression,3,seeded_scaffold_group_balanced,7,rf_90_leaf2,bagging,428,214,-2.3148790846016083,0.0914732000092044,,,,2.3148790846016083,1.8811617658964197,0.4933787133161994,0.77367910478756
freesolv,regression,3,seeded_scaffold_group_balanced,8,rf_120_d20_leaf2,bagging,428,214,-2.334880685316495,0.1289452000055462,,,,2.334880685316495,1.9094287588483996,0.4845860168611257,0.7632335956485239
freesolv,regression,3,seeded_scaffold_group_balanced,9,et_60_sqrt,bagging,428,214,-2.0654043518669867,0.0649375999928452,,,,2.0654043518669867,1.65406230529595,0.5966918603971261,0.8038578772206746
freesolv,regression,3,seeded_scaffold_group_balanced,10,et_90_d12,bagging,428,214,-2.371665994818129,0.0813393000280484,,,,2.371665994818129,1.9541797693292975,0.4682177161005435,0.7475973975249031
freesolv,regression,3,seeded_scaffold_group_balanced,11,et_90_leaf2,bagging,428,214,-2.2438230295316477,0.0930547000025399,,,,2.2438230295316477,1.8186791070868888,0.5240032211840076,0.7765799208183174
freesolv,regression,3,seeded_scaffold_group_balanced,12,et_120_d20_leaf2,bagging,428,214,-2.294345921520088,0.1149378000409342,,,,2.294345921520088,1.8690514111421384,0.5023263960682716,0.7610448203614919
freesolv,regression,3,seeded_scaffold_group_balanced,13,histgb_lr0.05,boosting,428,214,-2.625122918864896,1.102218099986203,,,,2.625122918864896,2.1362226996581444,0.3484824800157331,0.5512470351690911
freesolv,regression,3,seeded_scaffold_group_balanced,14,histgb_lr0.1,boosting,428,214,-2.521904079780958,0.8218018999905325,,,,2.521904079780958,2.017240660340052,0.3987100570130598,0.6098485625398047
freesolv,regression,3,seeded_scaffold_group_balanced,15,gb_lr0.05_d2,boosting,428,214,-2.594850924006188,0.2248252999852411,,,,2.594850924006188,2.185814210314485,0.3634219840292352,0.6722275609382954
freesolv,regression,3,seeded_scaffold_group_balanced,16,gb_lr0.1_d3,boosting,428,214,-2.2284176984441664,0.3023510000202805,,,,2.2284176984441664,1.8603320444440556,0.5305168502108535,0.7424949725887976
freesolv,regression,3,seeded_scaffold_group_balanced,17,lgbm_60_l15,boosting,428,214,-2.675991980138782,0.038624900043942,,,,2.675991980138782,2.223629519078316,0.3229879064393604,0.5283803880587634
freesolv,regression,3,seeded_scaffold_group_balanced,18,lgbm_90_l31,boosting,428,214,-2.6398052523951643,0.0910358999972231,,,,2.6398052523951643,2.1588735739726683,0.341174213990229,0.5427101496836895
freesolv,regression,3,seeded_scaffold_group_balanced,19,lgbm_60_l63,boosting,428,214,-2.604519173306364,0.0561846999917179,,,,2.604519173306364,2.1265739749801966,0.3586694483711661,0.5611496013627336
freesolv,regression,3,seeded_scaffold_group_balanced,20,lgbm_100_leaf10,boosting,428,214,-2.2550074080885016,0.1261378999915905,,,,2.2550074080885016,1.778554319683458,0.5192461648493353,0.7423004713801591
freesolv,regression,3,seeded_scaffold_group_balanced,21,lgbm_100_leaf30,boosting,428,214,-2.4120254678270343,0.0395485999761149,,,,2.4120254678270343,1.8591621587514848,0.4499646654364611,0.7817111972344402
freesolv,regression,3,seeded_scaffold_group_balanced,22,lgbm_80_ff0.7,boosting,428,214,-2.5051570277223,0.0461642000009305,,,,2.5051570277223,2.0360428791424003,0.4066694389712751,0.6112128636177191
freesolv,regression,3,seeded_scaffold_group_balanced,23,lgbm_80_bag0.8,boosting,428,214,-2.261164953264648,0.0387506000115536,,,,2.261164953264648,1.8647973193023184,0.5166170780356789,0.7163087696830546
freesolv,regression,3,seeded_scaffold_group_balanced,24,lgbm_120_l15,boosting,428,214,-2.669086232394264,0.0639172000228427,,,,2.669086232394264,2.17876167355794,0.3264776345053727,0.5271074969143442
freesolv,regression,3,seeded_scaffold_group_balanced,25,xgb_60_d3,boosting,428,214,-2.382824832680864,0.0594860999844968,,,,2.382824832680864,1.9708711427171648,0.4632018054375709,0.7018152801085723
freesolv,regression,3,seeded_scaffold_group_balanced,26,xgb_80_d5,boosting,428,214,-2.107143829931313,0.0933773000142537,,,,2.107143829931313,1.6741401768357396,0.5802263504374103,0.7928015326043573
freesolv,regression,3,seeded_scaffold_group_balanced,27,xgb_100_d3,boosting,428,214,-2.284352139420481,0.0863506000023335,,,,2.284352139420481,1.8930596693848891,0.5066525173718732,0.7470870370903256
freesolv,regression,3,seeded_scaffold_group_balanced,28,xgb_60_d6,boosting,428,214,-2.1155100762776016,0.0711713000200688,,,,2.1155100762776016,1.7010238975718197,0.5768863775031445,0.7798730374688093
freesolv,regression,3,seeded_scaffold_group_balanced,29,cat_60_d4,boosting,428,214,-2.454896521085882,0.1174638000084087,,,,2.454896521085882,2.0479306791149305,0.4302383783182416,0.7307687009376783
freesolv,regression,3,seeded_scaffold_group_balanced,30,cat_80_d6,boosting,428,214,-2.3625002122069505,0.1646170999738387,,,,2.3625002122069505,1.9548700790823963,0.4723201336873461,0.7537266623946016
freesolv,regression,3,seeded_scaffold_group_balanced,31,cat_100_d4,boosting,428,214,-2.4674831242587483,0.1233345000073313,,,,2.4674831242587483,2.0569451093643942,0.4243809031269402,0.7171865811887753
freesolv,regression,3,seeded_scaffold_group_balanced,32,cat_60_d8,boosting,428,214,-2.422419020237356,0.2325692999875173,,,,2.422419020237356,1.997752443448715,0.4452141864681943,0.7010715822293422
lipo,regression,1,seeded_scaffold_group_balanced,1,ridge_a0.1,linear,2800,1400,-1.0652859499283427,0.013826299982611,,,,1.0652859499283427,0.825528330232416,0.2139439607519039,0.5143658188967064
lipo,regression,1,seeded_scaffold_group_balanced,2,ridge_a1,linear,2800,1400,-1.0598620919777142,0.0168661000207066,,,,1.0598620919777142,0.8210370408815998,0.2219279254245002,0.5170623707579852
lipo,regression,1,seeded_scaffold_group_balanced,3,ridge_a10,linear,2800,1400,-1.026881385350547,0.0156380999833345,,,,1.026881385350547,0.7957751137682368,0.2695984720045243,0.5325822730986275
lipo,regression,1,seeded_scaffold_group_balanced,4,elasticnet_a0.001,linear,2800,1400,-1.0425535917880056,0.0360785000375472,,,,1.0425535917880056,0.8069796423281943,0.2471336470339328,0.5254929503528076
lipo,regression,1,seeded_scaffold_group_balanced,5,rf_60_sqrt,bagging,2800,1400,-1.0038901762680916,0.1143603000091388,,,,1.0038901762680916,0.7894164916383221,0.3019387682924129,0.5852614618048672
lipo,regression,1,seeded_scaffold_group_balanced,6,rf_90_d12,bagging,2800,1400,-1.064910829215904,0.1435729999793693,,,,1.064910829215904,0.8485493150029396,0.2144974534281133,0.5528502321192796
lipo,regression,1,seeded_scaffold_group_balanced,7,rf_90_leaf2,bagging,2800,1400,-1.0159345182417086,0.1493537999922409,,,,1.0159345182417086,0.8055849903615437,0.2850880714276552,0.5848927771179833
lipo,regression,1,seeded_scaffold_group_balanced,8,rf_120_d20_leaf2,bagging,2800,1400,-1.0339122440866582,0.1735904999659396,,,,1.0339122440866582,0.8195836077355414,0.2595623949800019,0.5771691524284208
lipo,regression,1,seeded_scaffold_group_balanced,9,et_60_sqrt,bagging,2800,1400,-0.9929720879441007,0.1554564000107348,,,,0.9929720879441007,0.7819894841269841,0.3170401200477277,0.5920853072074235
lipo,regression,1,seeded_scaffold_group_balanced,10,et_90_d12,bagging,2800,1400,-1.054972566859019,0.1078549000085331,,,,1.054972566859019,0.8373911985566365,0.2290904184352209,0.5696320560067585
lipo,regression,1,seeded_scaffold_group_balanced,11,et_90_leaf2,bagging,2800,1400,-0.9900283362573248,0.1378423999994993,,,,0.9900283362573248,0.7760670288023659,0.321083505003425,0.6118012771722782
lipo,regression,1,seeded_scaffold_group_balanced,12,et_120_d20_leaf2,bagging,2800,1400,-1.0129697537523543,0.1510836000088602,,,,1.0129697537523543,0.7979553743246951,0.2892545856366935,0.6011833199566194
lipo,regression,1,seeded_scaffold_group_balanced,13,histgb_lr0.05,boosting,2800,1400,-0.983605038665153,1.51617570000235,,,,0.983605038665153,0.7740651297606418,0.3298645385127555,0.5754093503454444
lipo,regression,1,seeded_scaffold_group_balanced,14,histgb_lr0.1,boosting,2800,1400,-0.9513259363368758,0.9960272000171244,,,,0.9513259363368758,0.746644053224424,0.3731266822646554,0.6085874520781024
lipo,regression,1,seeded_scaffold_group_balanced,15,gb_lr0.05_d2,boosting,2800,1400,-1.1014925224683705,1.2168274000287056,,,,1.1014925224683705,0.8842850423293581,0.1596035349407628,0.4326319473107022
lipo,regression,1,seeded_scaffold_group_balanced,16,gb_lr0.1_d3,boosting,2800,1400,-1.0191207261765398,1.73184379999293,,,,1.0191207261765398,0.8050459308292628,0.2805967780105924,0.5377026796874442
lipo,regression,1,seeded_scaffold_group_balanced,17,lgbm_60_l15,boosting,2800,1400,-1.0232624781200617,0.0813732999959029,,,,1.0232624781200617,0.8102918199133757,0.2747375226571131,0.5394871232389523
lipo,regression,1,seeded_scaffold_group_balanced,18,lgbm_90_l31,boosting,2800,1400,-0.9487100305973138,0.1469909000443294,,,,0.9487100305973138,0.7426694853511263,0.3765694285886448,0.6131592223798642
lipo,regression,1,seeded_scaffold_group_balanced,19,lgbm_60_l63,boosting,2800,1400,-0.9336567250310664,0.1477799999993294,,,,0.9336567250310664,0.7287171519301895,0.3961965781590227,0.6233104259730733
lipo,regression,1,seeded_scaffold_group_balanced,20,lgbm_100_leaf10,boosting,2800,1400,-0.9583500803312864,0.1383332000114023,,,,0.9583500803312864,0.7500394235844762,0.363835430884518,0.6052850010151178
lipo,regression,1,seeded_scaffold_group_balanced,21,lgbm_100_leaf30,boosting,2800,1400,-0.9422350248843476,0.1182593000121414,,,,0.9422350248843476,0.7389092314819511,0.3850502940998324,0.6133970835461044
lipo,regression,1,seeded_scaffold_group_balanced,22,lgbm_80_ff0.7,boosting,2800,1400,-0.944481901326885,0.1060410999925807,,,,0.944481901326885,0.7346334433803136,0.382113949328703,0.6176972178641473
lipo,regression,1,seeded_scaffold_group_balanced,23,lgbm_80_bag0.8,boosting,2800,1400,-0.9312522032233452,0.1184867999982088,,,,0.9312522032233452,0.728830542375911,0.3993026211234529,0.6279870760705485
lipo,regression,1,seeded_scaffold_group_balanced,24,lgbm_120_l15,boosting,2800,1400,-0.9872272226842326,0.0943213999853469,,,,0.9872272226842326,0.7758664797903352,0.3249198233044346,0.5761768995568471
lipo,regression,1,seeded_scaffold_group_balanced,25,xgb_60_d3,boosting,2800,1400,-1.052756911945181,0.1192119999905116,,,,1.052756911945181,0.8372170316677008,0.2323251489125674,0.5095677030544258
lipo,regression,1,seeded_scaffold_group_balanced,26,xgb_80_d5,boosting,2800,1400,-1.0038906262643523,0.1901298000011593,,,,1.0038906262643523,0.7911419143663586,0.3019381424769166,0.5677018025887692
lipo,regression,1,seeded_scaffold_group_balanced,27,xgb_100_d3,boosting,2800,1400,-1.047397515771274,0.1641112999641336,,,,1.047397515771274,0.8340558576809508,0.240121442813638,0.5122798115752061
lipo,regression,1,seeded_scaffold_group_balanced,28,xgb_60_d6,boosting,2800,1400,-0.9851796915462968,0.2035669999895617,,,,0.9851796915462968,0.7778795735343228,0.3277171818952362,0.584642724899935
lipo,regression,1,seeded_scaffold_group_balanced,29,cat_60_d4,boosting,2800,1400,-1.0778013525786678,0.4382285000174306,,,,1.0778013525786678,0.861386470821294,0.1953656680870574,0.4609437852347471
lipo,regression,1,seeded_scaffold_group_balanced,30,cat_80_d6,boosting,2800,1400,-1.050801924518203,1.4680727999657393,,,,1.050801924518203,0.8372184163906554,0.2351736719938042,0.5209646057565175
lipo,regression,1,seeded_scaffold_group_balanced,31,cat_100_d4,boosting,2800,1400,-1.0747799516668888,0.6564404000528157,,,,1.0747799516668888,0.859118780533307,0.1998706082867238,0.4762169195988448
lipo,regression,1,seeded_scaffold_group_balanced,32,cat_60_d8,boosting,2800,1400,-1.0308888284902094,3.4381778999813832,,,,1.0308888284902094,0.8196375886677402,0.2638865093938863,0.5503343020572325
lipo,regression,2,seeded_scaffold_group_balanced,1,ridge_a0.1,linear,2800,1400,-1.104850740560243,0.0127046000561676,,,,1.104850740560243,0.8486972843949284,0.075392627533932,0.4412260395231065
lipo,regression,2,seeded_scaffold_group_balanced,2,ridge_a1,linear,2800,1400,-1.0978435907873014,0.0130114000057801,,,,1.0978435907873014,0.844330559130226,0.0870834688105082,0.4435374266692744
lipo,regression,2,seeded_scaffold_group_balanced,3,ridge_a10,linear,2800,1400,-1.055422795255176,0.0112230000086128,,,,1.055422795255176,0.8174160895943643,0.1562708192361279,0.4550995010074951
lipo,regression,2,seeded_scaffold_group_balanced,4,elasticnet_a0.001,linear,2800,1400,-1.076584720536657,0.0382540000136941,,,,1.076584720536657,0.830774298797335,0.1220969590911468,0.4482648361277364
lipo,regression,2,seeded_scaffold_group_balanced,5,rf_60_sqrt,bagging,2800,1400,-0.9602392004504544,0.117482999979984,,,,0.9602392004504544,0.7539641992630386,0.3015923420188353,0.5475352141738723
lipo,regression,2,seeded_scaffold_group_balanced,6,rf_90_d12,bagging,2800,1400,-1.020051262746477,0.1640186000149697,,,,1.020051262746477,0.8093428836149431,0.2118767757377312,0.4984367526775949
lipo,regression,2,seeded_scaffold_group_balanced,7,rf_90_leaf2,bagging,2800,1400,-0.9741346617073524,0.1449791999766603,,,,0.9741346617073524,0.7667980146725024,0.2812330105715814,0.54396976736463
lipo,regression,2,seeded_scaffold_group_balanced,8,rf_120_d20_leaf2,bagging,2800,1400,-0.9864909177884555,0.1898251000093296,,,,0.9864909177884555,0.7772777935535412,0.2628831953831245,0.5335064541096738
lipo,regression,2,seeded_scaffold_group_balanced,9,et_60_sqrt,bagging,2800,1400,-0.9513445282066088,0.1289367999997921,,,,0.9513445282066088,0.74285748015873,0.3144710828759185,0.5635173985081688
lipo,regression,2,seeded_scaffold_group_balanced,10,et_90_d12,bagging,2800,1400,-1.012552055598141,0.1113554000039585,,,,1.012552055598141,0.8045723929517425,0.2234224183530414,0.50131522341763
lipo,regression,2,seeded_scaffold_group_balanced,11,et_90_leaf2,bagging,2800,1400,-0.9528420986307806,0.1364031999837607,,,,0.9528420986307806,0.7429441389072007,0.3123111169750128,0.5668617117398362
lipo,regression,2,seeded_scaffold_group_balanced,12,et_120_d20_leaf2,bagging,2800,1400,-0.9653377104464638,0.148915100027807,,,,0.9653377104464638,0.7568731488819873,0.2941560870064036,0.5562205818847693
lipo,regression,2,seeded_scaffold_group_balanced,13,histgb_lr0.05,boosting,2800,1400,-0.9646080730322104,2.027654299978167,,,,0.9646080730322104,0.757104709393038,0.2952226888603715,0.5205613069404499
lipo,regression,2,seeded_scaffold_group_balanced,14,histgb_lr0.1,boosting,2800,1400,-0.9537796318303609,1.3528553000069223,,,,0.9537796318303609,0.7448823438012185,0.3109571710357702,0.5292531011815781
lipo,regression,2,seeded_scaffold_group_balanced,15,gb_lr0.05_d2,boosting,2800,1400,-1.0721214697345298,1.1730364999966696,,,,1.0721214697345298,0.8654357632504194,0.1293610029297172,0.3511148073669996
lipo,regression,2,seeded_scaffold_group_balanced,16,gb_lr0.1_d3,boosting,2800,1400,-1.0069414417403089,1.7702247999841347,,,,1.0069414417403089,0.7995844895720208,0.2320047040739825,0.4616988678994495
lipo,regression,2,seeded_scaffold_group_balanced,17,lgbm_60_l15,boosting,2800,1400,-0.9963900017904148,0.074426399951335,,,,0.9963900017904148,0.7922757200924142,0.2480155644048979,0.4795613368303545
lipo,regression,2,seeded_scaffold_group_balanced,18,lgbm_90_l31,boosting,2800,1400,-0.9422443324616442,0.1673506000079214,,,,0.9422443324616442,0.7338078186266046,0.3275233680513586,0.5528263848274874
lipo,regression,2,seeded_scaffold_group_balanced,19,lgbm_60_l63,boosting,2800,1400,-0.9237277543271332,0.1453323000459931,,,,0.9237277543271332,0.7134729444958446,0.3536941081618854,0.5726253683957723
lipo,regression,2,seeded_scaffold_group_balanced,20,lgbm_100_leaf10,boosting,2800,1400,-0.9337392946697785,0.128767299989704,,,,0.9337392946697785,0.7267100304997552,0.3396086119960289,0.5577373239802105
lipo,regression,2,seeded_scaffold_group_balanced,21,lgbm_100_leaf30,boosting,2800,1400,-0.9448642700778518,0.1236349999671801,,,,0.9448642700778518,0.7346186593309914,0.3237784874587057,0.5500236697790047
lipo,regression,2,seeded_scaffold_group_balanced,22,lgbm_80_ff0.7,boosting,2800,1400,-0.9271209557515168,0.1074579000123776,,,,0.9271209557515168,0.722195854197268,0.3489371351114765,0.5705296738996648
lipo,regression,2,seeded_scaffold_group_balanced,23,lgbm_80_bag0.8,boosting,2800,1400,-0.9347480277718944,0.1111034000059589,,,,0.9347480277718944,0.7258924744749707,0.3381809790624663,0.553879722324985
lipo,regression,2,seeded_scaffold_group_balanced,24,lgbm_120_l15,boosting,2800,1400,-0.9712436558637016,0.1297493000165559,,,,0.9712436558637016,0.7648013688453609,0.2854929475127277,0.5087745594001595
lipo,regression,2,seeded_scaffold_group_balanced,25,xgb_60_d3,boosting,2800,1400,-1.0272137647487656,0.1310087000019848,,,,1.0272137647487656,0.8224946762743804,0.2007699756814488,0.4399793438327103
lipo,regression,2,seeded_scaffold_group_balanced,26,xgb_80_d5,boosting,2800,1400,-0.976163243456496,0.1943448000238277,,,,0.976163243456496,0.7672801948957145,0.2782363082938821,0.5153689885828476
lipo,regression,2,seeded_scaffold_group_balanced,27,xgb_100_d3,boosting,2800,1400,-1.025642538586888,0.1497321000206284,,,,1.025642538586888,0.8193909988450153,0.2032131102127051,0.4351900699870429
lipo,regression,2,seeded_scaffold_group_balanced,28,xgb_60_d6,boosting,2800,1400,-0.9494938766882772,0.1763908000430092,,,,0.9494938766882772,0.7429407772779465,0.3171356089570993,0.540189732863143
lipo,regression,2,seeded_scaffold_group_balanced,29,cat_60_d4,boosting,2800,1400,-1.0505570774219617,0.3156760999700054,,,,1.0505570774219617,0.845850645175161,0.1640324193963724,0.4000116614687565
lipo,regression,2,seeded_scaffold_group_balanced,30,cat_80_d6,boosting,2800,1400,-1.0263704111749452,1.3681294999551028,,,,1.0263704111749452,0.8238896642787167,0.2020817898842009,0.4459140012602767
lipo,regression,2,seeded_scaffold_group_balanced,31,cat_100_d4,boosting,2800,1400,-1.0527999666467334,0.6301888999878429,,,,1.0527999666467334,0.8491484428559402,0.1604591072586438,0.3938154052757171
lipo,regression,2,seeded_scaffold_group_balanced,32,cat_60_d8,boosting,2800,1400,-1.0007442359158985,3.443868400005158,,,,1.0007442359158985,0.7975705765961552,0.2414288449825191,0.5047505935183034
lipo,regression,3,seeded_scaffold_group_balanced,1,ridge_a0.1,linear,2800,1400,-1.1297973622759212,0.0152749000117182,,,,1.1297973622759212,0.9096534035222872,0.182620244760712,0.4823737847613182
lipo,regression,3,seeded_scaffold_group_balanced,2,ridge_a1,linear,2800,1400,-1.1245861050768426,0.015866499976255,,,,1.1245861050768426,0.90596615924154,0.1901432794256248,0.4846545679476013
lipo,regression,3,seeded_scaffold_group_balanced,3,ridge_a10,linear,2800,1400,-1.091536172277142,0.0154749000212177,,,,1.091536172277142,0.881698022549493,0.2370448152548649,0.4998983079715266
lipo,regression,3,seeded_scaffold_group_balanced,4,elasticnet_a0.001,linear,2800,1400,-1.106153005310458,0.0336074000224471,,,,1.106153005310458,0.8925550881334714,0.216474435013975,0.4938425318109791
lipo,regression,3,seeded_scaffold_group_balanced,5,rf_60_sqrt,bagging,2800,1400,-1.0430948649541767,0.1239553000195883,,,,1.0430948649541767,0.8301221179138322,0.3032605860704028,0.5910996204767188
lipo,regression,3,seeded_scaffold_group_balanced,6,rf_90_d12,bagging,2800,1400,-1.099204475717778,0.1367033999995328,,,,1.099204475717778,0.8792312555267378,0.2262872739974476,0.5645740247913911
lipo,regression,3,seeded_scaffold_group_balanced,7,rf_90_leaf2,bagging,2800,1400,-1.0636879206872114,0.1510451000067405,,,,1.0636879206872114,0.8493818749567803,0.2754785980300049,0.5784445101552134
lipo,regression,3,seeded_scaffold_group_balanced,8,rf_120_d20_leaf2,bagging,2800,1400,-1.0657718406649626,0.1802562000229954,,,,1.0657718406649626,0.8522388435216901,0.272636930662089,0.5831926591495868
lipo,regression,3,seeded_scaffold_group_balanced,9,et_60_sqrt,bagging,2800,1400,-1.0312705542534355,0.1288418999756686,,,,1.0312705542534355,0.818257013888889,0.3189672467258627,0.5788636907588491
lipo,regression,3,seeded_scaffold_group_balanced,10,et_90_d12,bagging,2800,1400,-1.0921345252676986,0.1047093999804928,,,,1.0921345252676986,0.8752977388493017,0.2362081198643635,0.5616938062454451
lipo,regression,3,seeded_scaffold_group_balanced,11,et_90_leaf2,bagging,2800,1400,-1.0216390262005113,0.1311510999803431,,,,1.0216390262005113,0.8150106652700532,0.3316288231127073,0.6089433042396595
lipo,regression,3,seeded_scaffold_group_balanced,12,et_120_d20_leaf2,bagging,2800,1400,-1.042680542114443,0.1597236999659799,,,,1.042680542114443,0.8304015943925783,0.3038139733616187,0.5990052835442956
lipo,regression,3,seeded_scaffold_group_balanced,13,histgb_lr0.05,boosting,2800,1400,-1.0384899203111897,1.6374537000083365,,,,1.0384899203111897,0.8415120356124346,0.3093987895736211,0.5538747778592151
lipo,regression,3,seeded_scaffold_group_balanced,14,histgb_lr0.1,boosting,2800,1400,-1.010124986362666,1.3190704999724403,,,,1.010124986362666,0.8133127235643743,0.3466092350333133,0.5769388018943287
lipo,regression,3,seeded_scaffold_group_balanced,15,gb_lr0.05_d2,boosting,2800,1400,-1.1495915353506931,1.4313121999730356,,,,1.1495915353506931,0.9312764146806256,0.1537281815778349,0.3943750445268967
lipo,regression,3,seeded_scaffold_group_balanced,16,gb_lr0.1_d3,boosting,2800,1400,-1.0745857206458411,1.6876060999929905,,,,1.0745857206458411,0.872476444790012,0.2605566721608664,0.504259280847491
lipo,regression,3,seeded_scaffold_group_balanced,17,lgbm_60_l15,boosting,2800,1400,-1.0735526801276676,0.0847565000294707,,,,1.0735526801276676,0.869235800967562,0.2619776993208883,0.5165350127163778
lipo,regression,3,seeded_scaffold_group_balanced,18,lgbm_90_l31,boosting,2800,1400,-0.990851751934855,0.1655683999997563,,,,0.990851751934855,0.8009766400433653,0.3713048251227245,0.6017124072690344
lipo,regression,3,seeded_scaffold_group_balanced,19,lgbm_60_l63,boosting,2800,1400,-0.9619836679659176,0.2410096000530757,,,,0.9619836679659176,0.7679117653934291,0.4074047557623149,0.6259931003368301
lipo,regression,3,seeded_scaffold_group_balanced,20,lgbm_100_leaf10,boosting,2800,1400,-0.9945735519606428,0.1929146000184118,,,,0.9945735519606428,0.8033760094668614,0.3665729927496884,0.5992125579141633
lipo,regression,3,seeded_scaffold_group_balanced,21,lgbm_100_leaf30,boosting,2800,1400,-0.9975812153731426,0.1718218000023625,,,,0.9975812153731426,0.8022969324908176,0.3627361405333444,0.6006051001173625
lipo,regression,3,seeded_scaffold_group_balanced,22,lgbm_80_ff0.7,boosting,2800,1400,-0.9948792836920242,0.1837767999968491,,,,0.9948792836920242,0.8025677572880127,0.3661835021975242,0.5998593587989225
lipo,regression,3,seeded_scaffold_group_balanced,23,lgbm_80_bag0.8,boosting,2800,1400,-0.9811495790499744,0.1596074000117369,,,,0.9811495790499744,0.7920953084178177,0.3835565991177445,0.6118907067594954
lipo,regression,3,seeded_scaffold_group_balanced,24,lgbm_120_l15,boosting,2800,1400,-1.0380043329867314,0.1399582000449299,,,,1.0380043329867314,0.8410250397244746,0.3100444747844501,0.5565882341506957
lipo,regression,3,seeded_scaffold_group_balanced,25,xgb_60_d3,boosting,2800,1400,-1.0973859864155169,0.1264754000003449,,,,1.0973859864155169,0.8887555790603161,0.2288451683796361,0.4793343615940517
lipo,regression,3,seeded_scaffold_group_balanced,26,xgb_80_d5,boosting,2800,1400,-1.056758244902491,0.1907857999904081,,,,1.056758244902491,0.8514039967051574,0.2848880196935294,0.5489896987616164
lipo,regression,3,seeded_scaffold_group_balanced,27,xgb_100_d3,boosting,2800,1400,-1.1030744190825104,0.1804981000022962,,,,1.1030744190825104,0.8933389433877811,0.2208296992799953,0.4752460934924638
lipo,regression,3,seeded_scaffold_group_balanced,28,xgb_60_d6,boosting,2800,1400,-1.0344370618438583,0.1711557999951765,,,,1.0344370618438583,0.8331153859202352,0.3147786152864082,0.5593630306835916
lipo,regression,3,seeded_scaffold_group_balanced,29,cat_60_d4,boosting,2800,1400,-1.1383022973249697,0.3594044999917969,,,,1.1383022973249697,0.920785314607216,0.1702677152883751,0.4242178952013101
lipo,regression,3,seeded_scaffold_group_balanced,30,cat_80_d6,boosting,2800,1400,-1.107986761474803,1.2767958999611435,,,,1.107986761474803,0.8941724781035196,0.2138744587516028,0.4881026112328279
lipo,regression,3,seeded_scaffold_group_balanced,31,cat_100_d4,boosting,2800,1400,-1.1368211690262529,0.5462776999920607,,,,1.1368211690262529,0.9201064514060676,0.172425561123061,0.4322966520105514
lipo,regression,3,seeded_scaffold_group_balanced,32,cat_60_d8,boosting,2800,1400,-1.0839570777130845,3.391034599975683,,,,1.0839570777130845,0.8718002838733605,0.2476032084213136,0.5214753058043999
tdc_caco2_wang,regression,1,seeded_scaffold_group_balanced,1,ridge_a0.1,linear,604,302,-1.068324480278631,0.0061238000052981,,,,1.068324480278631,0.8265720073064236,-0.4992151007224508,0.4410084031108398
tdc_caco2_wang,regression,1,seeded_scaffold_group_balanced,2,ridge_a1,linear,604,302,-0.7000876080842348,0.0058302999823354,,,,0.7000876080842348,0.5555159190077421,0.3561831060785738,0.5908278511017009
tdc_caco2_wang,regression,1,seeded_scaffold_group_balanced,3,ridge_a10,linear,604,302,-0.5674851396869929,0.0056482999934814,,,,0.5674851396869929,0.4618025155295062,0.5769744736914246,0.708075069301756
tdc_caco2_wang,regression,1,seeded_scaffold_group_balanced,4,elasticnet_a0.001,linear,604,302,-0.6931269725618074,0.0423247999860905,,,,0.6931269725618074,0.5448375487762047,0.3689217879513871,0.5970371890494223
tdc_caco2_wang,regression,1,seeded_scaffold_group_balanced,5,rf_60_sqrt,bagging,604,302,-0.6328425712833607,0.0746142000425607,,,,0.6328425712833607,0.5082979034603673,0.47392342944124,0.7429021705876808
tdc_caco2_wang,regression,1,seeded_scaffold_group_balanced,6,rf_90_d12,bagging,604,302,-0.6514673899034509,0.100007600034587,,,,0.6514673899034509,0.5217404872269562,0.4425024664973384,0.7457151228553214
tdc_caco2_wang,regression,1,seeded_scaffold_group_balanced,7,rf_90_leaf2,bagging,604,302,-0.6501548758808705,0.0931010000058449,,,,0.6501548758808705,0.5161724908670096,0.4447465887315676,0.7481401558161737
tdc_caco2_wang,regression,1,seeded_scaffold_group_balanced,8,rf_120_d20_leaf2,bagging,604,302,-0.6481264642048294,0.1148389999871142,,,,0.6481264642048294,0.5172365642054649,0.4482058431509502,0.7418256006979236
tdc_caco2_wang,regression,1,seeded_scaffold_group_balanced,9,et_60_sqrt,bagging,604,302,-0.6047078921510985,0.0570117000024765,,,,0.6047078921510985,0.4847990091657469,0.5196598814367006,0.7549746972409493
tdc_caco2_wang,regression,1,seeded_scaffold_group_balanced,10,et_90_d12,bagging,604,302,-0.6204439252889739,0.0764817999443039,,,,0.6204439252889739,0.5034807830596505,0.4943352719211782,0.7542815273928701
tdc_caco2_wang,regression,1,seeded_scaffold_group_balanced,11,et_90_leaf2,bagging,604,302,-0.6218518310625153,0.0943335000192746,,,,0.6218518310625153,0.4972729932360384,0.4920377684346476,0.7573400140889833
tdc_caco2_wang,regression,1,seeded_scaffold_group_balanced,12,et_120_d20_leaf2,bagging,604,302,-0.6245016921537435,0.1064595999778248,,,,0.6245016921537435,0.4985983428678063,0.487699444852687,0.7635624224926709
tdc_caco2_wang,regression,1,seeded_scaffold_group_balanced,13,histgb_lr0.05,boosting,604,302,-0.5819528515855527,0.9916681000031532,,,,0.5819528515855527,0.4599483508573715,0.5551299295182119,0.7396103195282313
tdc_caco2_wang,regression,1,seeded_scaffold_group_balanced,14,histgb_lr0.1,boosting,604,302,-0.5671297081236892,0.8461779999779537,,,,0.5671297081236892,0.455685667918319,0.5775042128066019,0.7346908166717868
tdc_caco2_wang,regression,1,seeded_scaffold_group_balanced,15,gb_lr0.05_d2,boosting,604,302,-0.6876536915527287,0.2734073000028729,,,,0.6876536915527287,0.5537579379198976,0.3788490624458601,0.6646960621372852
tdc_caco2_wang,regression,1,seeded_scaffold_group_balanced,16,gb_lr0.1_d3,boosting,604,302,-0.5819238662202109,0.4065174999996088,,,,0.5819238662202109,0.4750591238485392,0.5551742437624442,0.7396309396261651
tdc_caco2_wang,regression,1,seeded_scaffold_group_balanced,17,lgbm_60_l15,boosting,604,302,-0.6285485962682879,0.0433339999872259,,,,0.6285485962682879,0.4959422033028133,0.4810382980829512,0.7153099570153229
tdc_caco2_wang,regression,1,seeded_scaffold_group_balanced,18,lgbm_90_l31,boosting,604,302,-0.602982563785328,0.0670756999752484,,,,0.602982563785328,0.477613726813174,0.5223969456367463,0.7280671839515038
tdc_caco2_wang,regression,1,seeded_scaffold_group_balanced,19,lgbm_60_l63,boosting,604,302,-0.5955081559616089,0.0521851999801583,,,,0.5955081559616089,0.4747310241391895,0.5341640350498278,0.7219151630979472
tdc_caco2_wang,regression,1,seeded_scaffold_group_balanced,20,lgbm_100_leaf10,boosting,604,302,-0.583408490034515,0.1575205000117421,,,,0.583408490034515,0.4704830445420003,0.5529016395084889,0.7041129784165063
tdc_caco2_wang,regression,1,seeded_scaffold_group_balanced,21,lgbm_100_leaf30,boosting,604,302,-0.6105341586043237,0.0455110000330023,,,,0.6105341586043237,0.4876123301554112,0.5103592867439184,0.7062856408491945
tdc_caco2_wang,regression,1,seeded_scaffold_group_balanced,22,lgbm_80_ff0.7,boosting,604,302,-0.5829902757786581,0.0542768000159412,,,,0.5829902757786581,0.4703714354708315,0.5535424114283753,0.7379699769471293
tdc_caco2_wang,regression,1,seeded_scaffold_group_balanced,23,lgbm_80_bag0.8,boosting,604,302,-0.5740479912480195,0.0509847999783232,,,,0.5740479912480195,0.4641683692830374,0.5671334859770853,0.7330810807484064
tdc_caco2_wang,regression,1,seeded_scaffold_group_balanced,24,lgbm_120_l15,boosting,604,302,-0.5934379660924707,0.0600552000105381,,,,0.5934379660924707,0.470753323831342,0.5373972154781819,0.7319687555088915
tdc_caco2_wang,regression,1,seeded_scaffold_group_balanced,25,xgb_60_d3,boosting,604,302,-0.6143312002620365,0.0562627000035718,,,,0.6143312002620365,0.4998020780453714,0.5042499888570604,0.7060251160433175
tdc_caco2_wang,regression,1,seeded_scaffold_group_balanced,26,xgb_80_d5,boosting,604,302,-0.5836834285474022,0.1070154999615624,,,,0.5836834285474022,0.4718874108959677,0.5524801388779286,0.7512700677978178
tdc_caco2_wang,regression,1,seeded_scaffold_group_balanced,27,xgb_100_d3,boosting,604,302,-0.6105799986379058,0.077345099998638,,,,0.6105799986379058,0.4949935529066679,0.510285757723358,0.7333539629019592
tdc_caco2_wang,regression,1,seeded_scaffold_group_balanced,28,xgb_60_d6,boosting,604,302,-0.5953127973478827,0.0741291999584063,,,,0.5953127973478827,0.4784284527167313,0.5344696232778108,0.7447192305126124
tdc_caco2_wang,regression,1,seeded_scaffold_group_balanced,29,cat_60_d4,boosting,604,302,-0.693914250753556,0.2237346000038087,,,,0.693914250753556,0.5511682007708887,0.3674873717644151,0.7016398435163774
tdc_caco2_wang,regression,1,seeded_scaffold_group_balanced,30,cat_80_d6,boosting,604,302,-0.6531162283542826,0.8164063000003807,,,,0.6531162283542826,0.5229019619747998,0.4396768864516693,0.7179165473169871
tdc_caco2_wang,regression,1,seeded_scaffold_group_balanced,31,cat_100_d4,boosting,604,302,-0.6774605471878005,0.3683484999928623,,,,0.6774605471878005,0.539253197569301,0.3971273185976066,0.7108335260403723
tdc_caco2_wang,regression,1,seeded_scaffold_group_balanced,32,cat_60_d8,boosting,604,302,-0.6594734884309785,2.230758899997454,,,,0.6594734884309785,0.5208228381577426,0.4287157252717185,0.7286790591404889
tdc_caco2_wang,regression,2,seeded_scaffold_group_balanced,1,ridge_a0.1,linear,604,302,-1.3198839947183532,0.0072811999707482,,,,1.3198839947183532,1.025049998706297,-2.429377200307483,0.2389521482120015
tdc_caco2_wang,regression,2,seeded_scaffold_group_balanced,2,ridge_a1,linear,604,302,-0.7843762568248089,0.0073622000054456,,,,0.7843762568248089,0.6295814373220684,-0.211135151868788,0.400802396877584
tdc_caco2_wang,regression,2,seeded_scaffold_group_balanced,3,ridge_a10,linear,604,302,-0.5585313360318025,0.0073695000028237,,,,0.5585313360318025,0.4551265675665546,0.3859003935946125,0.5813987659252907
tdc_caco2_wang,regression,2,seeded_scaffold_group_balanced,4,elasticnet_a0.001,linear,604,302,-0.807301926519943,0.0526465000002644,,,,0.807301926519943,0.6383154233723117,-0.2829676591715171,0.3924782428342887
tdc_caco2_wang,regression,2,seeded_scaffold_group_balanced,5,rf_60_sqrt,bagging,604,302,-0.5198171555587389,0.0782097000046633,,,,0.5198171555587389,0.4259398558984509,0.4680816802806946,0.665512978845877
tdc_caco2_wang,regression,2,seeded_scaffold_group_balanced,6,rf_90_d12,bagging,604,302,-0.5497791523871279,0.1187191999633796,,,,0.5497791523871279,0.4529977960116276,0.4049954786012639,0.6519935262110778
tdc_caco2_wang,regression,2,seeded_scaffold_group_balanced,7,rf_90_leaf2,bagging,604,302,-0.5290627866387505,0.1121400999836623,,,,0.5290627866387505,0.4356487170573554,0.4489916739775822,0.6810078169319639
tdc_caco2_wang,regression,2,seeded_scaffold_group_balanced,8,rf_120_d20_leaf2,bagging,604,302,-0.5411033699490552,0.1452593999565579,,,,0.5411033699490552,0.4465511286187442,0.4236262298609693,0.6591709633360251
tdc_caco2_wang,regression,2,seeded_scaffold_group_balanced,9,et_60_sqrt,bagging,604,302,-0.502286807709973,0.0656746999593451,,,,0.502286807709973,0.405692313116262,0.5033536194788168,0.6850500812056838
tdc_caco2_wang,regression,2,seeded_scaffold_group_balanced,10,et_90_d12,bagging,604,302,-0.5347551612109162,0.0790414999937638,,,,0.5347551612109162,0.4357972941479825,0.4370708983372832,0.6762309915927673
tdc_caco2_wang,regression,2,seeded_scaffold_group_balanced,11,et_90_leaf2,bagging,604,302,-0.5008849315068641,0.1094620999647304,,,,0.5008849315068641,0.4073333379624182,0.5061220184792186,0.7138073191219252
tdc_caco2_wang,regression,2,seeded_scaffold_group_balanced,12,et_120_d20_leaf2,bagging,604,302,-0.5121944765162121,0.0914921999792568,,,,0.5121944765162121,0.4152480984715836,0.4835675626999215,0.6963832779528428
tdc_caco2_wang,regression,2,seeded_scaffold_group_balanced,13,histgb_lr0.05,boosting,604,302,-0.5436685065114335,1.207204400037881,,,,0.5436685065114335,0.4307192998689574,0.4181486005426246,0.5977278487871405
tdc_caco2_wang,regression,2,seeded_scaffold_group_balanced,14,histgb_lr0.1,boosting,604,302,-0.5223939733394557,0.9911335000069812,,,,0.5223939733394557,0.4155022459652578,0.4627949987900085,0.6172877615157789
tdc_caco2_wang,regression,2,seeded_scaffold_group_balanced,15,gb_lr0.05_d2,boosting,604,302,-0.5937665510734816,0.3015167000121437,,,,0.5937665510734816,0.4913322430727508,0.3059748823262804,0.5609106071166937
tdc_caco2_wang,regression,2,seeded_scaffold_group_balanced,16,gb_lr0.1_d3,boosting,604,302,-0.5092279247937781,0.569350800011307,,,,0.5092279247937781,0.4033856238932959,0.4895324334041127,0.6431119711610824
tdc_caco2_wang,regression,2,seeded_scaffold_group_balanced,17,lgbm_60_l15,boosting,604,302,-0.5540549534664087,0.2783254000241868,,,,0.5540549534664087,0.4463124648025969,0.3957044235722714,0.590520010892046
tdc_caco2_wang,regression,2,seeded_scaffold_group_balanced,18,lgbm_90_l31,boosting,604,302,-0.5434021892907118,0.2744399000075646,,,,0.5434021892907118,0.4299232407700788,0.4187185033149748,0.5965263884521861
tdc_caco2_wang,regression,2,seeded_scaffold_group_balanced,19,lgbm_60_l63,boosting,604,302,-0.5408761128004959,0.1272340000141412,,,,0.5408761128004959,0.4254051060774723,0.4241102688105493,0.6025464574257018
tdc_caco2_wang,regression,2,seeded_scaffold_group_balanced,20,lgbm_100_leaf10,boosting,604,302,-0.5023116123164373,0.143039199989289,,,,0.5023116123164373,0.3983072016214103,0.503304566141117,0.6446991784963992
tdc_caco2_wang,regression,2,seeded_scaffold_group_balanced,21,lgbm_100_leaf30,boosting,604,302,-0.5445952104728493,0.0759413999621756,,,,0.5445952104728493,0.418723192644729,0.4161633336478709,0.6075551103542955
tdc_caco2_wang,regression,2,seeded_scaffold_group_balanced,22,lgbm_80_ff0.7,boosting,604,302,-0.5394769991656978,0.0765739000053145,,,,0.5394769991656978,0.420892657303999,0.4270857858893069,0.5994676828134959
tdc_caco2_wang,regression,2,seeded_scaffold_group_balanced,23,lgbm_80_bag0.8,boosting,604,302,-0.5261464524730157,0.1211187000153586,,,,0.5261464524730157,0.4053070446150614,0.4550495391340332,0.6291045673689304
tdc_caco2_wang,regression,2,seeded_scaffold_group_balanced,24,lgbm_120_l15,boosting,604,302,-0.536276845389622,0.1368310000398196,,,,0.536276845389622,0.4211646445989744,0.4338626298481746,0.6059001691828627
tdc_caco2_wang,regression,2,seeded_scaffold_group_balanced,25,xgb_60_d3,boosting,604,302,-0.5337904304394808,0.0724476000177674,,,,0.5337904304394808,0.4306397686201285,0.4391001827489572,0.617198342752944
tdc_caco2_wang,regression,2,seeded_scaffold_group_balanced,26,xgb_80_d5,boosting,604,302,-0.5056436716377574,0.1011555000441148,,,,0.5056436716377574,0.3999196680802099,0.4966931008599969,0.6634036209582703
tdc_caco2_wang,regression,2,seeded_scaffold_group_balanced,27,xgb_100_d3,boosting,604,302,-0.5293078015564594,0.0945821999921463,,,,0.5293078015564594,0.4297512761597892,0.44848119951484,0.626295587512569
tdc_caco2_wang,regression,2,seeded_scaffold_group_balanced,28,xgb_60_d6,boosting,604,302,-0.5001043435953249,0.0936629999778233,,,,0.5001043435953249,0.405674157458011,0.5076601553289816,0.6583719212280275
tdc_caco2_wang,regression,2,seeded_scaffold_group_balanced,29,cat_60_d4,boosting,604,302,-0.5888368903833963,0.3391314999898895,,,,0.5888368903833963,0.4875830948936447,0.3174511296028445,0.5378176577860456
tdc_caco2_wang,regression,2,seeded_scaffold_group_balanced,30,cat_80_d6,boosting,604,302,-0.5554995198333017,1.0416923000011593,,,,0.5554995198333017,0.4565336036909961,0.3925492020257334,0.604556239692909
tdc_caco2_wang,regression,2,seeded_scaffold_group_balanced,31,cat_100_d4,boosting,604,302,-0.5734069352234429,0.5046264000120573,,,,0.5734069352234429,0.4736660624514682,0.3527536443256767,0.5588823690333029
tdc_caco2_wang,regression,2,seeded_scaffold_group_balanced,32,cat_60_d8,boosting,604,302,-0.5399630794268545,2.133771199965849,,,,0.5399630794268545,0.4375122918370967,0.4260529049676643,0.6198649754095115
tdc_caco2_wang,regression,3,seeded_scaffold_group_balanced,1,ridge_a0.1,linear,604,302,-1.0831435732097976,0.0052656999905593,,,,1.0831435732097976,0.8304364265643694,-1.2689679867837844,0.4957213749835326
tdc_caco2_wang,regression,3,seeded_scaffold_group_balanced,2,ridge_a1,linear,604,302,-0.6583916692271059,0.0057326999958604,,,,0.6583916692271059,0.5015081055070889,0.1616507733355315,0.6164915010533409
tdc_caco2_wang,regression,3,seeded_scaffold_group_balanced,3,ridge_a10,linear,604,302,-0.580294723765527,0.0058897999697364,,,,0.580294723765527,0.4713504164131012,0.3487412704435672,0.5977053857447827
tdc_caco2_wang,regression,3,seeded_scaffold_group_balanced,4,elasticnet_a0.001,linear,604,302,-0.6685057624904172,0.0346906000049784,,,,0.6685057624904172,0.5127768570427192,0.135695797940397,0.6117112730073021
tdc_caco2_wang,regression,3,seeded_scaffold_group_balanced,5,rf_60_sqrt,bagging,604,302,-0.6007829586898709,0.0711890000384301,,,,0.6007829586898709,0.486957325926206,0.3019419741835786,0.5012267782933154
tdc_caco2_wang,regression,3,seeded_scaffold_group_balanced,6,rf_90_d12,bagging,604,302,-0.6155731940964185,0.0911702999728731,,,,0.6155731940964185,0.4950717529659032,0.2671489517766605,0.4796212635148056
tdc_caco2_wang,regression,3,seeded_scaffold_group_balanced,7,rf_90_leaf2,bagging,604,302,-0.5953620689457524,0.0883661999832838,,,,0.5953620689457524,0.478798163661869,0.3144823550719539,0.5582381524997764
tdc_caco2_wang,regression,3,seeded_scaffold_group_balanced,8,rf_120_d20_leaf2,bagging,604,302,-0.6066690426318235,0.1141265000333078,,,,0.6066690426318235,0.4904430421328868,0.2881967242539984,0.5198376483623032
tdc_caco2_wang,regression,3,seeded_scaffold_group_balanced,9,et_60_sqrt,bagging,604,302,-0.5872862845058178,0.0503876999719068,,,,0.5872862845058178,0.4731362524503309,0.3329536211209509,0.5184707790869985
tdc_caco2_wang,regression,3,seeded_scaffold_group_balanced,10,et_90_d12,bagging,604,302,-0.5891013444089217,0.0683651000144891,,,,0.5891013444089217,0.4801141906415025,0.3288241186951893,0.5588874987599614
tdc_caco2_wang,regression,3,seeded_scaffold_group_balanced,11,et_90_leaf2,bagging,604,302,-0.5820652506879314,0.0710842999978922,,,,0.5820652506879314,0.4713513705081782,0.344761119929592,0.5500264744455853
tdc_caco2_wang,regression,3,seeded_scaffold_group_balanced,12,et_120_d20_leaf2,bagging,604,302,-0.5965188668784072,0.0845377999939955,,,,0.5965188668784072,0.4815338253431828,0.311815823739585,0.5058326848543905
tdc_caco2_wang,regression,3,seeded_scaffold_group_balanced,13,histgb_lr0.05,boosting,604,302,-0.605760065434523,0.9046319999615662,,,,0.605760065434523,0.4820309125431943,0.2903281276676704,0.4941319119208868
tdc_caco2_wang,regression,3,seeded_scaffold_group_balanced,14,histgb_lr0.1,boosting,604,302,-0.5825241646107576,0.9346520999679342,,,,0.5825241646107576,0.4610141113909971,0.3437275011617052,0.5406092250387763
tdc_caco2_wang,regression,3,seeded_scaffold_group_balanced,15,gb_lr0.05_d2,boosting,604,302,-0.7034531503248012,0.3390876000048592,,,,0.7034531503248012,0.5750779521417421,0.0429675318460904,0.3092480024448314
tdc_caco2_wang,regression,3,seeded_scaffold_group_balanced,16,gb_lr0.1_d3,boosting,604,302,-0.6667589349984261,0.4474060999928042,,,,0.6667589349984261,0.5318838090444131,0.1402068070007633,0.3716565296254726
tdc_caco2_wang,regression,3,seeded_scaffold_group_balanced,17,lgbm_60_l15,boosting,604,302,-0.6182340776553612,0.0701679000048898,,,,0.6182340776553612,0.4946726881940169,0.2607995982386722,0.4613913706645203
tdc_caco2_wang,regression,3,seeded_scaffold_group_balanced,18,lgbm_90_l31,boosting,604,302,-0.5984883799336437,0.0651039000367745,,,,0.5984883799336437,0.4763939372021675,0.3072639970609833,0.5068824159507935
tdc_caco2_wang,regression,3,seeded_scaffold_group_balanced,19,lgbm_60_l63,boosting,604,302,-0.5896731042379958,0.0463659000233747,,,,0.5896731042379958,0.4713115565744638,0.327520649815919,0.5177635089525607
tdc_caco2_wang,regression,3,seeded_scaffold_group_balanced,20,lgbm_100_leaf10,boosting,604,302,-0.5875034729427406,0.0858089000103063,,,,0.5875034729427406,0.4622358729316111,0.3324601597451979,0.5398184392406182
tdc_caco2_wang,regression,3,seeded_scaffold_group_balanced,21,lgbm_100_leaf30,boosting,604,302,-0.6286031873915592,0.0441119999741204,,,,0.6286031873915592,0.5068038837087292,0.2357957094553318,0.4224334051953712
tdc_caco2_wang,regression,3,seeded_scaffold_group_balanced,22,lgbm_80_ff0.7,boosting,604,302,-0.6047337815131607,0.0622376999817788,,,,0.6047337815131607,0.4840147094928149,0.2927307550656761,0.48527287053045
tdc_caco2_wang,regression,3,seeded_scaffold_group_balanced,23,lgbm_80_bag0.8,boosting,604,302,-0.6267363914367292,0.0487988000386394,,,,0.6267363914367292,0.4985769753404029,0.2403279649776593,0.4621438971334269
tdc_caco2_wang,regression,3,seeded_scaffold_group_balanced,24,lgbm_120_l15,boosting,604,302,-0.6115237671426513,0.058118499990087,,,,0.6115237671426513,0.4869470812535708,0.2767590707426089,0.4628658870919209
tdc_caco2_wang,regression,3,seeded_scaffold_group_balanced,25,xgb_60_d3,boosting,604,302,-0.6431325103869807,0.0463831999804824,,,,0.6431325103869807,0.5222224660595218,0.20006031710855,0.374978024884569
tdc_caco2_wang,regression,3,seeded_scaffold_group_balanced,26,xgb_80_d5,boosting,604,302,-0.5986795249187983,0.092417000036221,,,,0.5986795249187983,0.4806233049453229,0.3068214348912026,0.511625537828836
tdc_caco2_wang,regression,3,seeded_scaffold_group_balanced,27,xgb_100_d3,boosting,604,302,-0.6767253152023609,0.0937028999906033,,,,0.6767253152023609,0.5423189179899103,0.1143111851542035,0.3543583466226953
tdc_caco2_wang,regression,3,seeded_scaffold_group_balanced,28,xgb_60_d6,boosting,604,302,-0.6045581940686946,0.0976682999753393,,,,0.6045581940686946,0.4863938023631923,0.2931414136854574,0.4918026148606876
tdc_caco2_wang,regression,3,seeded_scaffold_group_balanced,29,cat_60_d4,boosting,604,302,-0.6742365237950434,0.259292800037656,,,,0.6742365237950434,0.5491484165023418,0.1208137979493174,0.3211258056662935
tdc_caco2_wang,regression,3,seeded_scaffold_group_balanced,30,cat_80_d6,boosting,604,302,-0.6611835254523474,0.8039635000168346,,,,0.6611835254523474,0.535540993082513,0.1545257956850759,0.369338388013011
tdc_caco2_wang,regression,3,seeded_scaffold_group_balanced,31,cat_100_d4,boosting,604,302,-0.6776655165448158,0.3552193000214174,,,,0.6776655165448158,0.5518799064606514,0.1118484302859922,0.3419918463773415
tdc_caco2_wang,regression,3,seeded_scaffold_group_balanced,32,cat_60_d8,boosting,604,302,-0.6903080033070141,1.9871814000071024,,,,0.6903080033070141,0.5555582188472685,0.0784007107973265,0.3730534127185275
tdc_hia_hou,classification,1,stratified_scaffold_group,1,logreg_l2_c0.1,linear,411,167,0.9429223744292236,0.0023090000031515,0.9429223744292236,0.9911703077372106,0.0845928199704453,,,,
tdc_hia_hou,classification,1,stratified_scaffold_group,2,logreg_l2_c1,linear,411,167,0.9383561643835616,0.0037961000343784,0.9383561643835616,0.9898110932946214,0.0699524973198365,,,,
tdc_hia_hou,classification,1,stratified_scaffold_group,3,logreg_l2_c10,linear,411,167,0.9328114807566862,0.004163299978245,0.9328114807566862,0.9881703066859444,0.0718161115675045,,,,
tdc_hia_hou,classification,1,stratified_scaffold_group,4,logreg_l1_c1,linear,411,167,0.9044357469015004,0.0051889999886043,0.9044357469015004,0.9850602425808882,0.0979312415364255,,,,
tdc_hia_hou,classification,1,stratified_scaffold_group,5,rf_60_sqrt,bagging,411,167,0.9264514024787998,0.1199848999967798,0.9264514024787998,0.987324371674461,0.0647821024617431,,,,
tdc_hia_hou,classification,1,stratified_scaffold_group,6,rf_90_d12,bagging,411,167,0.934116112198304,0.1862810999737121,0.934116112198304,0.9901488810310066,0.0743825297963617,,,,
tdc_hia_hou,classification,1,stratified_scaffold_group,7,rf_90_leaf2,bagging,411,167,0.923679060665362,0.1457173000089824,0.923679060665362,0.9871341518376484,0.0756046498994738,,,,
tdc_hia_hou,classification,1,stratified_scaffold_group,8,rf_120_d20_leaf2,bagging,411,167,0.9308545335942596,0.1678151000523939,0.9308545335942596,0.9894170192639268,0.0768800264679436,,,,
tdc_hia_hou,classification,1,stratified_scaffold_group,9,et_60_sqrt,bagging,411,167,0.9512393998695368,0.064112699998077,0.9512393998695368,0.99178855123859,0.0590635395874916,,,,
tdc_hia_hou,classification,1,stratified_scaffold_group,10,et_90_d12,bagging,411,167,0.951402478799739,0.1150082999956794,0.951402478799739,0.9928958388320144,0.0753365602380705,,,,
tdc_hia_hou,classification,1,stratified_scaffold_group,11,et_90_leaf2,bagging,411,167,0.9481409001956947,0.1197887000162154,0.9481409001956947,0.9915745185220938,0.0687414449791355,,,,
tdc_hia_hou,classification,1,stratified_scaffold_group,12,et_120_d20_leaf2,bagging,411,167,0.95368558382257,0.1433583999751135,0.95368558382257,0.9928244043441168,0.0677897576083307,,,,
tdc_hia_hou,classification,1,stratified_scaffold_group,13,histgb_lr0.05,boosting,411,167,0.9530332681017613,0.9436612999998032,0.9530332681017613,0.992992706792142,0.0570978545705017,,,,
tdc_hia_hou,classification,1,stratified_scaffold_group,14,histgb_lr0.1,boosting,411,167,0.9602087410306588,0.7807109999703243,0.9602087410306588,0.993434737859739,0.0511424165927594,,,,
tdc_hia_hou,classification,1,stratified_scaffold_group,15,gb_lr0.05_d2,boosting,411,167,0.8931833007175473,0.2070477000088431,0.8931833007175473,0.9804275133379268,0.0681518878219367,,,,
tdc_hia_hou,classification,1,stratified_scaffold_group,16,gb_lr0.1_d3,boosting,411,167,0.8956294846705806,0.2944806999876164,0.8956294846705806,0.9800319093842912,0.0652073529101441,,,,
tdc_hia_hou,classification,1,stratified_scaffold_group,17,lgbm_60_l15,boosting,411,167,0.9458577951728636,0.0342051000334322,0.9458577951728636,0.9913556184123458,0.0564284770146186,,,,
tdc_hia_hou,classification,1,stratified_scaffold_group,18,lgbm_90_l31,boosting,411,167,0.9494455316373124,0.0507778999744914,0.9494455316373124,0.9920783841521548,0.0522560533767603,,,,
tdc_hia_hou,classification,1,stratified_scaffold_group,19,lgbm_60_l63,boosting,411,167,0.9471624266144816,0.0489913999917916,0.9471624266144816,0.9916536175069208,0.0541381430168851,,,,
tdc_hia_hou,classification,1,stratified_scaffold_group,20,lgbm_100_leaf10,boosting,411,167,0.9298760600130463,0.1828030000324361,0.9298760600130463,0.9863173232452545,0.0544913737905477,,,,
tdc_hia_hou,classification,1,stratified_scaffold_group,21,lgbm_100_leaf30,boosting,411,167,0.9047619047619048,0.0365892000263556,0.9047619047619048,0.9852435045715596,0.0725399323768569,,,,
tdc_hia_hou,classification,1,stratified_scaffold_group,22,lgbm_80_ff0.7,boosting,411,167,0.9448793215916504,0.0422373000183142,0.9448793215916504,0.9905767346235296,0.0547024134447794,,,,
tdc_hia_hou,classification,1,stratified_scaffold_group,23,lgbm_80_bag0.8,boosting,411,167,0.944553163731246,0.0381955999764613,0.944553163731246,0.9909656046913278,0.0508865932750551,,,,
tdc_hia_hou,classification,1,stratified_scaffold_group,24,lgbm_120_l15,boosting,411,167,0.9533594259621656,0.0497216999647207,0.9533594259621656,0.9928441535675754,0.051080468168751,,,,
tdc_hia_hou,classification,1,stratified_scaffold_group,25,xgb_60_d3,boosting,411,167,0.9285714285714286,0.0427254000096581,0.9285714285714286,0.988233262788506,0.0588605765332854,,,,
tdc_hia_hou,classification,1,stratified_scaffold_group,26,xgb_80_d5,boosting,411,167,0.9429223744292238,0.0685594000387936,0.9429223744292238,0.9907304378140408,0.0531688480451127,,,,
tdc_hia_hou,classification,1,stratified_scaffold_group,27,xgb_100_d3,boosting,411,167,0.9145466405740378,0.0659046999644488,0.9145466405740378,0.985428265522656,0.0610311383577764,,,,
tdc_hia_hou,classification,1,stratified_scaffold_group,28,xgb_60_d6,boosting,411,167,0.9448793215916504,0.0586077999905683,0.9448793215916504,0.9915087582624772,0.0565734654853142,,,,
tdc_hia_hou,classification,1,stratified_scaffold_group,29,cat_60_d4,boosting,411,167,0.9099804305283756,0.2045517999795265,0.9099804305283756,0.9841431061447042,0.065818056151491,,,,
tdc_hia_hou,classification,1,stratified_scaffold_group,30,cat_80_d6,boosting,411,167,0.9458577951728636,0.5034545999951661,0.9458577951728636,0.9913356457186392,0.0554452225229159,,,,
tdc_hia_hou,classification,1,stratified_scaffold_group,31,cat_100_d4,boosting,411,167,0.9331376386170906,0.3056971000041812,0.9331376386170906,0.989229417861602,0.0596351187574064,,,,
tdc_hia_hou,classification,1,stratified_scaffold_group,32,cat_60_d8,boosting,411,167,0.9230267449445532,1.0447362000122666,0.9230267449445532,0.9877454541718208,0.0602264015463176,,,,
tdc_hia_hou,classification,2,stratified_scaffold_group,1,logreg_l2_c0.1,linear,347,231,0.807272106520997,0.0023215999826788,0.807272106520997,0.9578181843651076,0.0995395948275985,,,,
tdc_hia_hou,classification,2,stratified_scaffold_group,2,logreg_l2_c1,linear,347,231,0.806930693069307,0.0027983000036329,0.806930693069307,0.9559767828440532,0.0875292120175589,,,,
tdc_hia_hou,classification,2,stratified_scaffold_group,3,logreg_l2_c10,linear,347,231,0.7980539433253669,0.0034493000130169,0.7980539433253669,0.9523348183300836,0.0905011481112959,,,,
tdc_hia_hou,classification,2,stratified_scaffold_group,4,logreg_l1_c1,linear,347,231,0.7256742915670877,0.0040618000202812,0.7256742915670877,0.9320275634378838,0.1162115302592511,,,,
tdc_hia_hou,classification,2,stratified_scaffold_group,5,rf_60_sqrt,bagging,347,231,0.750512120177535,0.1313912000041455,0.750512120177535,0.9317105238975713,0.0863804713804713,,,,
tdc_hia_hou,classification,2,stratified_scaffold_group,6,rf_90_d12,bagging,347,231,0.7765448958688972,0.1392422000062652,0.7765448958688972,0.9483556950662316,0.0846228989868392,,,,
tdc_hia_hou,classification,2,stratified_scaffold_group,7,rf_90_leaf2,bagging,347,231,0.7896893137589621,0.1264788000262342,0.7896893137589621,0.9520028640093232,0.0876061426381143,,,,
tdc_hia_hou,classification,2,stratified_scaffold_group,8,rf_120_d20_leaf2,bagging,347,231,0.794298395356777,0.1765168000129051,0.794298395356777,0.9540059311759458,0.0875949948740115,,,,
tdc_hia_hou,classification,2,stratified_scaffold_group,9,et_60_sqrt,bagging,347,231,0.75,0.0833264000248164,0.75,0.9401157779665053,0.0838912938912938,,,,
tdc_hia_hou,classification,2,stratified_scaffold_group,10,et_90_d12,bagging,347,231,0.7514510071696825,0.1131531999562867,0.7514510071696825,0.9346034918259593,0.0889746754147165,,,,
tdc_hia_hou,classification,2,stratified_scaffold_group,11,et_90_leaf2,bagging,347,231,0.7619494708091499,0.1014601999777369,0.7619494708091499,0.9422724783597765,0.0846947482461828,,,,
tdc_hia_hou,classification,2,stratified_scaffold_group,12,et_120_d20_leaf2,bagging,347,231,0.7618641174462274,0.1062501999549567,0.7618641174462274,0.9436129572131492,0.0849787372253506,,,,
tdc_hia_hou,classification,2,stratified_scaffold_group,13,histgb_lr0.05,boosting,347,231,0.7331853875042676,0.738762199995108,0.7331853875042676,0.9382270685692586,0.0893852970431415,,,,
tdc_hia_hou,classification,2,stratified_scaffold_group,14,histgb_lr0.1,boosting,347,231,0.7405257767156026,0.6252630999661051,0.7405257767156026,0.9382926821396672,0.0915159600012641,,,,
tdc_hia_hou,classification,2,stratified_scaffold_group,15,gb_lr0.05_d2,boosting,347,231,0.6950324342779106,0.172428400022909,0.6950324342779106,0.9332110484306362,0.09354690966628,,,,
tdc_hia_hou,classification,2,stratified_scaffold_group,16,gb_lr0.1_d3,boosting,347,231,0.7769716626835098,0.2539514999953098,0.7769716626835098,0.9591595673510148,0.0946909510297353,,,,
tdc_hia_hou,classification,2,stratified_scaffold_group,17,lgbm_60_l15,boosting,347,231,0.6710481392966883,0.0317018000059761,0.6710481392966883,0.9191099839646506,0.0884672816260985,,,,
tdc_hia_hou,classification,2,stratified_scaffold_group,18,lgbm_90_l31,boosting,347,231,0.6734380334585183,0.0369597999961115,0.6734380334585183,0.9198228182609618,0.0884699921476088,,,,
tdc_hia_hou,classification,2,stratified_scaffold_group,19,lgbm_60_l63,boosting,347,231,0.709457152611813,0.0304033000138588,0.709457152611813,0.9313598522637184,0.0870690881640283,,,,
tdc_hia_hou,classification,2,stratified_scaffold_group,20,lgbm_100_leaf10,boosting,347,231,0.7304540798907477,0.0952515000244602,0.7304540798907477,0.939765700651428,0.0865132316366088,,,,
tdc_hia_hou,classification,2,stratified_scaffold_group,21,lgbm_100_leaf30,boosting,347,231,0.7043359508364629,0.0320764000061899,0.7043359508364629,0.9378484515902312,0.0957758612492567,,,,
tdc_hia_hou,classification,2,stratified_scaffold_group,22,lgbm_80_ff0.7,boosting,347,231,0.706384431546603,0.0323040999937802,0.706384431546603,0.9293198284311692,0.0902116199674586,,,,
tdc_hia_hou,classification,2,stratified_scaffold_group,23,lgbm_80_bag0.8,boosting,347,231,0.7630590645271423,0.0283566000289283,0.7630590645271423,0.950201790054458,0.0908570654481327,,,,
tdc_hia_hou,classification,2,stratified_scaffold_group,24,lgbm_120_l15,boosting,347,231,0.6882895186070331,0.0394767000107094,0.6882895186070331,0.923172120628735,0.0872543125797636,,,,
tdc_hia_hou,classification,2,stratified_scaffold_group,25,xgb_60_d3,boosting,347,231,0.6958859679071355,0.0376840999815613,0.6958859679071355,0.9305617864412026,0.0873257095312324,,,,
tdc_hia_hou,classification,2,stratified_scaffold_group,26,xgb_80_d5,boosting,347,231,0.7273813588255377,0.0518244000268168,0.7273813588255377,0.940121040114326,0.0844272086358046,,,,
tdc_hia_hou,classification,2,stratified_scaffold_group,27,xgb_100_d3,boosting,347,231,0.7148344144759303,0.0509263999992981,0.7148344144759303,0.9370160669109492,0.0871337744443965,,,,
tdc_hia_hou,classification,2,stratified_scaffold_group,28,xgb_60_d6,boosting,347,231,0.7589621031068624,0.0433934000320732,0.7589621031068624,0.9494991484268068,0.0852527916009588,,,,
tdc_hia_hou,classification,2,stratified_scaffold_group,29,cat_60_d4,boosting,347,231,0.7441106179583475,0.1639681000378914,0.7441106179583475,0.9448372072448395,0.0878595115075207,,,,
tdc_hia_hou,classification,2,stratified_scaffold_group,30,cat_80_d6,boosting,347,231,0.7268692386480027,0.4271092999842949,0.7268692386480027,0.9363288810771392,0.0875912425552335,,,,
tdc_hia_hou,classification,2,stratified_scaffold_group,31,cat_100_d4,boosting,347,231,0.7239672243086378,0.2474353999714367,0.7239672243086378,0.9406646244420528,0.0889433163561371,,,,
tdc_hia_hou,classification,2,stratified_scaffold_group,32,cat_60_d8,boosting,347,231,0.7354045749402527,0.8793632999877445,0.7354045749402527,0.929858245863972,0.086766374612028,,,,
tdc_hia_hou,classification,3,stratified_scaffold_group,1,logreg_l2_c0.1,linear,398,180,0.8827537593984963,0.0027111999806948,0.8827537593984963,0.972204069780378,0.0816190520029293,,,,
tdc_hia_hou,classification,3,stratified_scaffold_group,2,logreg_l2_c1,linear,398,180,0.8900375939849624,0.0025624000118114,0.8900375939849624,0.9713963718665964,0.0675357889885359,,,,
tdc_hia_hou,classification,3,stratified_scaffold_group,3,logreg_l2_c10,linear,398,180,0.887453007518797,0.0030120000010356,0.887453007518797,0.9689844529306796,0.0694306729594311,,,,
tdc_hia_hou,classification,3,stratified_scaffold_group,4,logreg_l1_c1,linear,398,180,0.8144971804511278,0.004458799958229,0.8144971804511278,0.9530635265198882,0.0933584365138783,,,,
tdc_hia_hou,classification,3,stratified_scaffold_group,5,rf_60_sqrt,bagging,398,180,0.9022556390977444,0.1014230999862775,0.9022556390977444,0.975967705822628,0.0869228395061728,,,,
tdc_hia_hou,classification,3,stratified_scaffold_group,6,rf_90_d12,bagging,398,180,0.9224624060150376,0.1364270000485703,0.9224624060150376,0.9817927023338976,0.0848115653598928,,,,
tdc_hia_hou,classification,3,stratified_scaffold_group,7,rf_90_leaf2,bagging,398,180,0.9224624060150376,0.130068400001619,0.9224624060150376,0.9845940245839606,0.0848156773688522,,,,
tdc_hia_hou,classification,3,stratified_scaffold_group,8,rf_120_d20_leaf2,bagging,398,180,0.9262218045112782,0.1896494000102393,0.9262218045112782,0.9850870229345016,0.084325874967457,,,,
tdc_hia_hou,classification,3,stratified_scaffold_group,9,et_60_sqrt,bagging,398,180,0.93703007518797,0.0769426000188104,0.93703007518797,0.9855532851493743,0.0771466049382716,,,,
tdc_hia_hou,classification,3,stratified_scaffold_group,10,et_90_d12,bagging,398,180,0.9170582706766918,0.0936717999866232,0.9170582706766918,0.9828079020373434,0.0826862584835977,,,,
tdc_hia_hou,classification,3,stratified_scaffold_group,11,et_90_leaf2,bagging,398,180,0.925046992481203,0.0782345999614335,0.925046992481203,0.9841385513423644,0.0780766867651743,,,,
tdc_hia_hou,classification,3,stratified_scaffold_group,12,et_120_d20_leaf2,bagging,398,180,0.9330357142857144,0.1084046999458223,0.9330357142857144,0.9864893123872,0.0777824593607344,,,,
tdc_hia_hou,classification,3,stratified_scaffold_group,13,histgb_lr0.05,boosting,398,180,0.9036654135338346,0.9417925999732688,0.9036654135338346,0.9796416724907032,0.0918564453637263,,,,
tdc_hia_hou,classification,3,stratified_scaffold_group,14,histgb_lr0.1,boosting,398,180,0.8940319548872181,0.7260770999710076,0.8940319548872181,0.9759601549192072,0.0908876202705356,,,,
tdc_hia_hou,classification,3,stratified_scaffold_group,15,gb_lr0.05_d2,boosting,398,180,0.8812265037593985,0.2029672000207938,0.8812265037593985,0.9693109596090854,0.0985320496816247,,,,
tdc_hia_hou,classification,3,stratified_scaffold_group,16,gb_lr0.1_d3,boosting,398,180,0.8323543233082706,0.2880904999910854,0.8323543233082706,0.9518050445973404,0.0959121753328841,,,,
tdc_hia_hou,classification,3,stratified_scaffold_group,17,lgbm_60_l15,boosting,398,180,0.8582001879699248,0.0321930999634787,0.8582001879699248,0.9664933410660204,0.0963889536915483,,,,
tdc_hia_hou,classification,3,stratified_scaffold_group,18,lgbm_90_l31,boosting,398,180,0.8592575187969924,0.0382851000176742,0.8592575187969924,0.96674397424676,0.0918899311407302,,,,
tdc_hia_hou,classification,3,stratified_scaffold_group,19,lgbm_60_l63,boosting,398,180,0.8674812030075187,0.0312022999860346,0.8674812030075187,0.9709888330258862,0.0956928286073826,,,,
tdc_hia_hou,classification,3,stratified_scaffold_group,20,lgbm_100_leaf10,boosting,398,180,0.8782894736842105,0.1024348000064492,0.8782894736842105,0.9738888210487922,0.103327838670615,,,,
tdc_hia_hou,classification,3,stratified_scaffold_group,21,lgbm_100_leaf30,boosting,398,180,0.8120300751879699,0.0286981000099331,0.8120300751879699,0.9519897670050764,0.1089572728217645,,,,
tdc_hia_hou,classification,3,stratified_scaffold_group,22,lgbm_80_ff0.7,boosting,398,180,0.8728853383458647,0.0424926000414416,0.8728853383458647,0.9705121417656104,0.0890533394833975,,,,
tdc_hia_hou,classification,3,stratified_scaffold_group,23,lgbm_80_bag0.8,boosting,398,180,0.8822838345864661,0.0394409999717026,0.8822838345864661,0.9732349482917012,0.0913238442391035,,,,
tdc_hia_hou,classification,3,stratified_scaffold_group,24,lgbm_120_l15,boosting,398,180,0.8653665413533834,0.0489791000145487,0.8653665413533834,0.9685533722447192,0.0934342612353342,,,,
tdc_hia_hou,classification,3,stratified_scaffold_group,25,xgb_60_d3,boosting,398,180,0.8712406015037595,0.0494564999826252,0.8712406015037595,0.9682248151001804,0.1001541963424759,,,,
tdc_hia_hou,classification,3,stratified_scaffold_group,26,xgb_80_d5,boosting,398,180,0.9118890977443608,0.072688799991738,0.9118890977443608,0.9807227358687364,0.0930702606960466,,,,
tdc_hia_hou,classification,3,stratified_scaffold_group,27,xgb_100_d3,boosting,398,180,0.8855733082706766,0.0679094000370241,0.8855733082706766,0.972022869182806,0.0984503993760142,,,,
tdc_hia_hou,classification,3,stratified_scaffold_group,28,xgb_60_d6,boosting,398,180,0.9238721804511278,0.0538028999581001,0.9238721804511278,0.9841049557219614,0.0955441298561756,,,,
tdc_hia_hou,classification,3,stratified_scaffold_group,29,cat_60_d4,boosting,398,180,0.9060150375939848,0.1837975999806076,0.9060150375939848,0.9810758278257616,0.0999814539693202,,,,
tdc_hia_hou,classification,3,stratified_scaffold_group,30,cat_80_d6,boosting,398,180,0.9039003759398496,0.4899776999955065,0.9039003759398496,0.975901521429362,0.0951374322436886,,,,
tdc_hia_hou,classification,3,stratified_scaffold_group,31,cat_100_d4,boosting,398,180,0.881343984962406,0.3082242000382393,0.881343984962406,0.9759723026496088,0.1028322977109367,,,,
tdc_hia_hou,classification,3,stratified_scaffold_group,32,cat_60_d8,boosting,398,180,0.8778195488721805,1.2760233000153676,0.8778195488721805,0.9606059200095124,0.1017900956906435,,,,
tdc_pgp_broccatelli,classification,1,stratified_scaffold_group,1,logreg_l2_c0.1,linear,794,418,0.9051944971537002,0.0039464000146836,0.9051944971537002,0.9400561724546718,0.1277239161066145,,,,
tdc_pgp_broccatelli,classification,1,stratified_scaffold_group,2,logreg_l2_c1,linear,794,418,0.90457779886148,0.0078530000173486,0.90457779886148,0.940818928403708,0.1248487491502135,,,,
tdc_pgp_broccatelli,classification,1,stratified_scaffold_group,3,logreg_l2_c10,linear,794,418,0.8887333965844402,0.0081221999716945,0.8887333965844402,0.9258883787564112,0.1489729065392613,,,,
tdc_pgp_broccatelli,classification,1,stratified_scaffold_group,4,logreg_l1_c1,linear,794,418,0.901328273244782,0.0141039000009186,0.901328273244782,0.9367226241264744,0.1273724863113298,,,,
tdc_pgp_broccatelli,classification,1,stratified_scaffold_group,5,rf_60_sqrt,bagging,794,418,0.9185602466793168,0.1283797000069171,0.9185602466793168,0.9403630857665846,0.1322036150983519,,,,
tdc_pgp_broccatelli,classification,1,stratified_scaffold_group,6,rf_90_d12,bagging,794,418,0.914326375711575,0.2008713000104762,0.914326375711575,0.940419165666828,0.1405258744756276,,,,
tdc_pgp_broccatelli,classification,1,stratified_scaffold_group,7,rf_90_leaf2,bagging,794,418,0.9197343453510436,0.1722165999817662,0.9197343453510436,0.9433911043610872,0.1414538825701625,,,,
tdc_pgp_broccatelli,classification,1,stratified_scaffold_group,8,rf_120_d20_leaf2,bagging,794,418,0.9220351043643262,0.2403126999852247,0.9220351043643262,0.9465324224125814,0.1386896629011287,,,,
tdc_pgp_broccatelli,classification,1,stratified_scaffold_group,9,et_60_sqrt,bagging,794,418,0.9134962049335862,0.0786050999886356,0.9134962049335862,0.9407581012002364,0.1297614300903774,,,,
tdc_pgp_broccatelli,classification,1,stratified_scaffold_group,10,et_90_d12,bagging,794,418,0.9141129032258064,0.1127949000219814,0.9141129032258064,0.9444734864311524,0.1366710288843612,,,,
tdc_pgp_broccatelli,classification,1,stratified_scaffold_group,11,et_90_leaf2,bagging,794,418,0.9179791271347248,0.1336325000156648,0.9179791271347248,0.9465289441744312,0.1326803923753657,,,,
tdc_pgp_broccatelli,classification,1,stratified_scaffold_group,12,et_120_d20_leaf2,bagging,794,418,0.9191650853889944,0.1335024000145495,0.9191650853889944,0.9458008672131132,0.1332572413951506,,,,
tdc_pgp_broccatelli,classification,1,stratified_scaffold_group,13,histgb_lr0.05,boosting,794,418,0.9060483870967744,1.1412860000273213,0.9060483870967744,0.9369420728210704,0.1284844590793096,,,,
tdc_pgp_broccatelli,classification,1,stratified_scaffold_group,14,histgb_lr0.1,boosting,794,418,0.9086812144212524,0.9124134999583476,0.9086812144212524,0.9393836511133252,0.1261626836373383,,,,
tdc_pgp_broccatelli,classification,1,stratified_scaffold_group,15,gb_lr0.05_d2,boosting,794,418,0.8806095825426945,0.3727178000262938,0.8806095825426945,0.913068252549964,0.1522151431433589,,,,
tdc_pgp_broccatelli,classification,1,stratified_scaffold_group,16,gb_lr0.1_d3,boosting,794,418,0.8944141366223909,0.5124765000073239,0.8944141366223909,0.9292895902812116,0.1322665755530626,,,,
tdc_pgp_broccatelli,classification,1,stratified_scaffold_group,17,lgbm_60_l15,boosting,794,418,0.8937144212523718,0.07516469998518,0.8937144212523718,0.9260232288784987,0.1395327030364145,,,,
tdc_pgp_broccatelli,classification,1,stratified_scaffold_group,18,lgbm_90_l31,boosting,794,418,0.9096537001897532,0.0941575999604538,0.9096537001897532,0.9397934156623065,0.1265889595064065,,,,
tdc_pgp_broccatelli,classification,1,stratified_scaffold_group,19,lgbm_60_l63,boosting,794,418,0.9198292220113852,0.0567010000231675,0.9198292220113852,0.9483621546787336,0.1198784284307262,,,,
tdc_pgp_broccatelli,classification,1,stratified_scaffold_group,20,lgbm_100_leaf10,boosting,794,418,0.9175284629981026,0.0938207000144757,0.9175284629981026,0.942042406161658,0.1233478097300409,,,,
tdc_pgp_broccatelli,classification,1,stratified_scaffold_group,21,lgbm_100_leaf30,boosting,794,418,0.9143500948766604,0.0649292999878525,0.9143500948766604,0.941497680316394,0.1221657479517003,,,,
tdc_pgp_broccatelli,classification,1,stratified_scaffold_group,22,lgbm_80_ff0.7,boosting,794,418,0.9175284629981024,0.0835309000103734,0.9175284629981024,0.9467973025078186,0.1200234172152442,,,,
tdc_pgp_broccatelli,classification,1,stratified_scaffold_group,23,lgbm_80_bag0.8,boosting,794,418,0.9225806451612903,0.0618986000190489,0.9225806451612903,0.9478640634988912,0.1153355190517823,,,,
tdc_pgp_broccatelli,classification,1,stratified_scaffold_group,24,lgbm_120_l15,boosting,794,418,0.9077561669829222,0.0665385999600403,0.9077561669829222,0.9395892729054456,0.1267080890451863,,,,
tdc_pgp_broccatelli,classification,1,stratified_scaffold_group,25,xgb_60_d3,boosting,794,418,0.8870611954459203,0.057982099999208,0.8870611954459203,0.9239802765302156,0.143707546719019,,,,
tdc_pgp_broccatelli,classification,1,stratified_scaffold_group,26,xgb_80_d5,boosting,794,418,0.9029886148007592,0.0831019000033848,0.9029886148007592,0.9325549699285772,0.134327221100524,,,,
tdc_pgp_broccatelli,classification,1,stratified_scaffold_group,27,xgb_100_d3,boosting,794,418,0.8917931688804555,0.0908463000087067,0.8917931688804555,0.925595082739222,0.1407160694205408,,,,
tdc_pgp_broccatelli,classification,1,stratified_scaffold_group,28,xgb_60_d6,boosting,794,418,0.9098908918406072,0.0832505999715067,0.9098908918406072,0.9374021268991716,0.1264637786398952,,,,
tdc_pgp_broccatelli,classification,1,stratified_scaffold_group,29,cat_60_d4,boosting,794,418,0.8838235294117647,0.2468093000352382,0.8838235294117647,0.918497168331729,0.1483884245658968,,,,
tdc_pgp_broccatelli,classification,1,stratified_scaffold_group,30,cat_80_d6,boosting,794,418,0.8932163187855787,0.7731419000192545,0.8932163187855787,0.9267597560862552,0.140155845633176,,,,
tdc_pgp_broccatelli,classification,1,stratified_scaffold_group,31,cat_100_d4,boosting,794,418,0.8853889943074004,0.4862267000135034,0.8853889943074004,0.9230126366814738,0.1466795364895508,,,,
tdc_pgp_broccatelli,classification,1,stratified_scaffold_group,32,cat_60_d8,boosting,794,418,0.891223908918406,1.9501068000099624,0.891223908918406,0.9285777519802776,0.1403687128270939,,,,
tdc_pgp_broccatelli,classification,2,stratified_scaffold_group,1,logreg_l2_c0.1,linear,772,440,0.9094253063586204,0.0042410000460222,0.9094253063586204,0.9240403222077324,0.1226878991173395,,,,
tdc_pgp_broccatelli,classification,2,stratified_scaffold_group,2,logreg_l2_c1,linear,772,440,0.9023165464652516,0.0060853000031784,0.9023165464652516,0.9097548608401568,0.1244473121301955,,,,
tdc_pgp_broccatelli,classification,2,stratified_scaffold_group,3,logreg_l2_c10,linear,772,440,0.8885536566716951,0.0089155999594368,0.8885536566716951,0.8865747562187362,0.144062322131159,,,,
tdc_pgp_broccatelli,classification,2,stratified_scaffold_group,4,logreg_l1_c1,linear,772,440,0.8892562666611559,0.0165457000257447,0.8892562666611559,0.8967567211458543,0.1357768097922784,,,,
tdc_pgp_broccatelli,classification,2,stratified_scaffold_group,5,rf_60_sqrt,bagging,772,440,0.9176396437354054,0.1109617999754846,0.9176396437354054,0.9263545287906833,0.1270662878787878,,,,
tdc_pgp_broccatelli,classification,2,stratified_scaffold_group,6,rf_90_d12,bagging,772,440,0.9168647062470294,0.1629981000442057,0.9168647062470294,0.9281557533169114,0.1286695216213542,,,,
tdc_pgp_broccatelli,classification,2,stratified_scaffold_group,7,rf_90_leaf2,bagging,772,440,0.9178359612324606,0.1578835000400431,0.9178359612324606,0.9306360270581568,0.1271809030944972,,,,
tdc_pgp_broccatelli,classification,2,stratified_scaffold_group,8,rf_120_d20_leaf2,bagging,772,440,0.9204397511934038,0.1981199000147171,0.9204397511934038,0.9319050879006636,0.1255771300547765,,,,
tdc_pgp_broccatelli,classification,2,stratified_scaffold_group,9,et_60_sqrt,bagging,772,440,0.9252650286210246,0.0670926999882794,0.9252650286210246,0.9369953384131584,0.1181837121212121,,,,
tdc_pgp_broccatelli,classification,2,stratified_scaffold_group,10,et_90_d12,bagging,772,440,0.9218449711723252,0.0975896999589167,0.9218449711723252,0.934287611642535,0.1248883127954676,,,,
tdc_pgp_broccatelli,classification,2,stratified_scaffold_group,11,et_90_leaf2,bagging,772,440,0.9217003161744952,0.0978447000379674,0.9217003161744952,0.9333999317696676,0.1227259649197619,,,,
tdc_pgp_broccatelli,classification,2,stratified_scaffold_group,12,et_120_d20_leaf2,bagging,772,440,0.9241594511376082,0.1258030000026337,0.9241594511376082,0.9358959074167889,0.1224059023100369,,,,
tdc_pgp_broccatelli,classification,2,stratified_scaffold_group,13,histgb_lr0.05,boosting,772,440,0.9132896613006553,1.1024476999882609,0.9132896613006553,0.9273815325946893,0.1170455178776881,,,,
tdc_pgp_broccatelli,classification,2,stratified_scaffold_group,14,histgb_lr0.1,boosting,772,440,0.9021305614680416,0.8731301000225358,0.9021305614680416,0.9182156896964668,0.122372711201226,,,,
tdc_pgp_broccatelli,classification,2,stratified_scaffold_group,15,gb_lr0.05_d2,boosting,772,440,0.8794403918083942,0.3339216000167653,0.8794403918083942,0.9006178337966877,0.1446240706222006,,,,
tdc_pgp_broccatelli,classification,2,stratified_scaffold_group,16,gb_lr0.1_d3,boosting,772,440,0.8845136492322953,0.4736313999746926,0.8845136492322953,0.8919215524840369,0.1353668845052588,,,,
tdc_pgp_broccatelli,classification,2,stratified_scaffold_group,17,lgbm_60_l15,boosting,772,440,0.9044243764336344,0.0408103999798186,0.9044243764336344,0.9197065353063948,0.1249835213962201,,,,
tdc_pgp_broccatelli,classification,2,stratified_scaffold_group,18,lgbm_90_l31,boosting,772,440,0.9089086813663696,0.0949400000390596,0.9089086813663696,0.9222912262827504,0.1206227309882893,,,,
tdc_pgp_broccatelli,classification,2,stratified_scaffold_group,19,lgbm_60_l63,boosting,772,440,0.9126697113099544,0.0597718000062741,0.9126697113099544,0.9272134740118212,0.1153820075318052,,,,
tdc_pgp_broccatelli,classification,2,stratified_scaffold_group,20,lgbm_100_leaf10,boosting,772,440,0.8986175115207372,0.0947876999853178,0.8986175115207372,0.9122807811200864,0.1326316306229707,,,,
tdc_pgp_broccatelli,classification,2,stratified_scaffold_group,21,lgbm_100_leaf30,boosting,772,440,0.903070818953938,0.0695916999829933,0.903070818953938,0.9169546521039362,0.1270762983368594,,,,
tdc_pgp_broccatelli,classification,2,stratified_scaffold_group,22,lgbm_80_ff0.7,boosting,772,440,0.9101279163480812,0.0667616000282578,0.9101279163480812,0.9253307595165216,0.1173457083965948,,,,
tdc_pgp_broccatelli,classification,2,stratified_scaffold_group,23,lgbm_80_bag0.8,boosting,772,440,0.9151495112727572,0.0686509999795816,0.9151495112727572,0.9269234328959431,0.1151786540298153,,,,
tdc_pgp_broccatelli,classification,2,stratified_scaffold_group,24,lgbm_120_l15,boosting,772,440,0.9081647413775288,0.0639589999918825,0.9081647413775288,0.9230710190011392,0.1195444568077349,,,,
tdc_pgp_broccatelli,classification,2,stratified_scaffold_group,25,xgb_60_d3,boosting,772,440,0.8902998491455022,0.0549444000353105,0.8902998491455022,0.906127616273595,0.1354646712405871,,,,
tdc_pgp_broccatelli,classification,2,stratified_scaffold_group,26,xgb_80_d5,boosting,772,440,0.913207001301895,0.097379999991972,0.913207001301895,0.9249426035515658,0.1180060887323666,,,,
tdc_pgp_broccatelli,classification,2,stratified_scaffold_group,27,xgb_100_d3,boosting,772,440,0.9005806864912898,0.0980600999901071,0.9005806864912898,0.9171309049067488,0.127840289851951,,,,
tdc_pgp_broccatelli,classification,2,stratified_scaffold_group,28,xgb_60_d6,boosting,772,440,0.9117811163232832,0.0955565000185743,0.9117811163232832,0.9234490131937992,0.1182364210316169,,,,
tdc_pgp_broccatelli,classification,2,stratified_scaffold_group,29,cat_60_d4,boosting,772,440,0.897584261536236,0.3109971000230871,0.897584261536236,0.914604598693538,0.1330247098055786,,,,
tdc_pgp_broccatelli,classification,2,stratified_scaffold_group,30,cat_80_d6,boosting,772,440,0.9104378913434316,0.831661099975463,0.9104378913434316,0.9254863547238226,0.1252364087257635,,,,
tdc_pgp_broccatelli,classification,2,stratified_scaffold_group,31,cat_100_d4,boosting,772,440,0.9019032464714514,0.4348971000290476,0.9019032464714514,0.917154149799148,0.130397603911087,,,,
tdc_pgp_broccatelli,classification,2,stratified_scaffold_group,32,cat_60_d8,boosting,772,440,0.8914467566282986,1.639320999966003,0.8914467566282986,0.907269097998508,0.1361640027737328,,,,
tdc_pgp_broccatelli,classification,3,stratified_scaffold_group,1,logreg_l2_c0.1,linear,858,354,0.8790538815117466,0.0046423000167123,0.8790538815117466,0.9046218104425306,0.1360883216316966,,,,
tdc_pgp_broccatelli,classification,3,stratified_scaffold_group,2,logreg_l2_c1,linear,858,354,0.8586248723186924,0.0057978999684564,0.8586248723186924,0.8895379829735358,0.1591055487709967,,,,
tdc_pgp_broccatelli,classification,3,stratified_scaffold_group,3,logreg_l2_c10,linear,858,354,0.8395365168539325,0.0078491999884136,0.8395365168539325,0.8644238709228241,0.1754613743625576,,,,
tdc_pgp_broccatelli,classification,3,stratified_scaffold_group,4,logreg_l1_c1,linear,858,354,0.8570607763023494,0.0160246999585069,0.8570607763023494,0.8858268279414115,0.1603899890502314,,,,
tdc_pgp_broccatelli,classification,3,stratified_scaffold_group,5,rf_60_sqrt,bagging,858,354,0.9002649387129724,0.1154644999769516,0.9002649387129724,0.8932137381182725,0.1245935342121782,,,,
tdc_pgp_broccatelli,classification,3,stratified_scaffold_group,6,rf_90_d12,bagging,858,354,0.897376149131767,0.1665253000101074,0.897376149131767,0.9070334215519472,0.1292575370794609,,,,
tdc_pgp_broccatelli,classification,3,stratified_scaffold_group,7,rf_90_leaf2,bagging,858,354,0.9033133299284984,0.1746700000367127,0.9033133299284984,0.913489394477872,0.1284612698572964,,,,
tdc_pgp_broccatelli,classification,3,stratified_scaffold_group,8,rf_120_d20_leaf2,bagging,858,354,0.9045901430030644,0.2126737000071443,0.9045901430030644,0.9135416503323472,0.1282932248760205,,,,
tdc_pgp_broccatelli,classification,3,stratified_scaffold_group,9,et_60_sqrt,bagging,858,354,0.8922688968335035,0.0632166999857872,0.8922688968335035,0.9001568213801828,0.1268243879472693,,,,
tdc_pgp_broccatelli,classification,3,stratified_scaffold_group,10,et_90_d12,bagging,858,354,0.8988125638406537,0.0920378000009805,0.8988125638406537,0.9045716760294268,0.1277073760787614,,,,
tdc_pgp_broccatelli,classification,3,stratified_scaffold_group,11,et_90_leaf2,bagging,858,354,0.9016215526046988,0.0930976000381633,0.9016215526046988,0.9095722369970116,0.1254028133611139,,,,
tdc_pgp_broccatelli,classification,3,stratified_scaffold_group,12,et_120_d20_leaf2,bagging,858,354,0.8993552093973441,0.1165597999934107,0.8993552093973441,0.9117451641226252,0.1271856644713443,,,,
tdc_pgp_broccatelli,classification,3,stratified_scaffold_group,13,histgb_lr0.05,boosting,858,354,0.8876404494382022,1.3354427000158466,0.8876404494382022,0.9061095611826706,0.1306623119622855,,,,
tdc_pgp_broccatelli,classification,3,stratified_scaffold_group,14,histgb_lr0.1,boosting,858,354,0.8852145045965271,1.1668804999790154,0.8852145045965271,0.9047774143387468,0.1349736873179659,,,,
tdc_pgp_broccatelli,classification,3,stratified_scaffold_group,15,gb_lr0.05_d2,boosting,858,354,0.8707545965270684,0.4854751999955624,0.8707545965270684,0.8885214036522356,0.1465784597622574,,,,
tdc_pgp_broccatelli,classification,3,stratified_scaffold_group,16,gb_lr0.1_d3,boosting,858,354,0.8785271961184882,0.6686722000013106,0.8785271961184882,0.8982751080710386,0.1354648015964733,,,,
tdc_pgp_broccatelli,classification,3,stratified_scaffold_group,17,lgbm_60_l15,boosting,858,354,0.8850708631256384,0.0909222000045701,0.8850708631256384,0.8987152122882666,0.1314208611769085,,,,
tdc_pgp_broccatelli,classification,3,stratified_scaffold_group,18,lgbm_90_l31,boosting,858,354,0.8845441777323799,0.1677639000117778,0.8845441777323799,0.9015987717900978,0.1319749820939078,,,,
tdc_pgp_broccatelli,classification,3,stratified_scaffold_group,19,lgbm_60_l63,boosting,858,354,0.8847995403472931,0.1092970999889075,0.8847995403472931,0.9012227504519484,0.1312117870853197,,,,
tdc_pgp_broccatelli,classification,3,stratified_scaffold_group,20,lgbm_100_leaf10,boosting,858,354,0.8922848569969356,0.1287143999943509,0.8922848569969356,0.9045673176392042,0.1337905300911414,,,,
tdc_pgp_broccatelli,classification,3,stratified_scaffold_group,21,lgbm_100_leaf30,boosting,858,354,0.8850229826353422,0.0798760000034235,0.8850229826353422,0.8968457495172419,0.1328306816403944,,,,
tdc_pgp_broccatelli,classification,3,stratified_scaffold_group,22,lgbm_80_ff0.7,boosting,858,354,0.891502808988764,0.2137053000042215,0.891502808988764,0.9033101383816522,0.1307272164846879,,,,
tdc_pgp_broccatelli,classification,3,stratified_scaffold_group,23,lgbm_80_bag0.8,boosting,858,354,0.8874489274770174,0.1150065999827347,0.8874489274770174,0.90325549612537,0.1331261381835426,,,,
tdc_pgp_broccatelli,classification,3,stratified_scaffold_group,24,lgbm_120_l15,boosting,858,354,0.8846080183861083,0.1082753999507986,0.8846080183861083,0.9000096303811127,0.1314000369643345,,,,
tdc_pgp_broccatelli,classification,3,stratified_scaffold_group,25,xgb_60_d3,boosting,858,354,0.8758139683350357,0.1020448000053875,0.8758139683350357,0.8967632437679082,0.1366763265124692,,,,
tdc_pgp_broccatelli,classification,3,stratified_scaffold_group,26,xgb_80_d5,boosting,858,354,0.8782877936670072,0.1681917000096291,0.8782877936670072,0.8965746532302857,0.1321442439474336,,,,
tdc_pgp_broccatelli,classification,3,stratified_scaffold_group,27,xgb_100_d3,boosting,858,354,0.8829641215526047,0.1545408999663777,0.8829641215526047,0.9000200684377082,0.1345678307425301,,,,
tdc_pgp_broccatelli,classification,3,stratified_scaffold_group,28,xgb_60_d6,boosting,858,354,0.8886938202247191,0.1307223999756388,0.8886938202247191,0.9049212657936212,0.1299140481269272,,,,
tdc_pgp_broccatelli,classification,3,stratified_scaffold_group,29,cat_60_d4,boosting,858,354,0.8746488764044943,0.3091746999998577,0.8746488764044943,0.8945947409047829,0.1396678406502316,,,,
tdc_pgp_broccatelli,classification,3,stratified_scaffold_group,30,cat_80_d6,boosting,858,354,0.8827247191011236,0.9724120000028053,0.8827247191011236,0.9037196084740928,0.1333411376854663,,,,
tdc_pgp_broccatelli,classification,3,stratified_scaffold_group,31,cat_100_d4,boosting,858,354,0.878702757916241,0.5186932999640703,0.878702757916241,0.898210330134217,0.1373842125718571,,,,
tdc_pgp_broccatelli,classification,3,stratified_scaffold_group,32,cat_60_d8,boosting,858,354,0.8982060776302349,1.7349856999935582,0.8982060776302349,0.9117528145006056,0.1262048500770024,,,,
